topic,recv_ns
lidar,1787201874169448903
lidar,1787201874259546347
lidar,1787201874359582904
lidar,1787201874460274033
lidar,1787201874560345455
lidar,1787201874662285726
lidar,1787201874761967455
lidar,1787201874857505506
lidar,1787201874956903906
lidar,1787201875060576945
lidar,1787201875156345023
lidar,1787201875255584539
lidar,1787201875355591610
lidar,1787201875456064781
lidar,1787201875556147771
lidar,1787201875657944521
lidar,1787201875756418159
lidar,1787201876378815067
lidar,1787201876379847605
lidar,1787201876380383765
lidar,1787201876380823802
lidar,1787201876381230244
lidar,1787201876455429065
lidar,1787201876554304490
lidar,1787201876653515252
lidar,1787201876752994709
lidar,1787201876852743287
lidar,1787201876951433787
lidar,1787201877051539435
lidar,1787201877150479184
lidar,1787201877250390415
lidar,1787201877353114269
lidar,1787201877450045538
lidar,1787201877550005020
lidar,1787201877653034488
lidar,1787201877750712202
lidar,1787201877850781915
lidar,1787201877956470857
lidar,1787201878050075698
lidar,1787201878150137545
lidar,1787201878250120332
lidar,1787201878349972599
lidar,1787201878450130678
lidar,1787201878551547441
lidar,1787201878649726603
lidar,1787201878749242423
lidar,1787201878849185593
lidar,1787201878949783934
lidar,1787201879050133983
lidar,1787201879149489776
lidar,1787201879249658168
lidar,1787201879349652785
lidar,1787201879449443217
lidar,1787201879549529181
lidar,1787201879649281658
lidar,1787201879748916869
lidar,1787201879848033588
lidar,1787201879947760101
lidar,1787201880046795732
lidar,1787201880145836667
lidar,1787201880265135082
lidar,1787201880346954713
lidar,1787201880443701367
lidar,1787201880546984806
lidar,1787201880642657512
lidar,1787201880743544485
lidar,1787201880842690914
lidar,1787201880942605074
lidar,1787201881042875912
lidar,1787201881142723842
lidar,1787201881242877162
lidar,1787201881343212805
lidar,1787201881442646941
lidar,1787201881543019459
lidar,1787201881643404269
lidar,1787201881742931134
lidar,1787201881843613768
lidar,1787201881943853221
lidar,1787201882042862139
lidar,1787201882142125127
lidar,1787201882241649342
lidar,1787201882341459873
lidar,1787201882442806237
lidar,1787201882539257828
lidar,1787201882638416827
lidar,1787201882738490409
lidar,1787201882838094054
lidar,1787201882937566664
lidar,1787201883039298069
lidar,1787201883137613758
lidar,1787201883237613508
lidar,1787201883337583608
lidar,1787201883437900523
lidar,1787201883539507613
lidar,1787201883638629707
lidar,1787201883739412694
lidar,1787201883837635352
lidar,1787201883938306610
lidar,1787201884037618986
lidar,1787201884137074086
lidar,1787201884236372469
lidar,1787201884336096884
lidar,1787201884434956781
lidar,1787201884533806859
lidar,1787201884633457388
lidar,1787201884739474530
lidar,1787201884832724963
lidar,1787201884932756963
lidar,1787201885032847533
lidar,1787201885132561104
lidar,1787201885232524693
lidar,1787201885334381668
lidar,1787201885433205416
lidar,1787201885533722062
lidar,1787201885635152084
lidar,1787201885732562841
lidar,1787201885832995569
lidar,1787201885933191540
lidar,1787201886032211333
lidar,1787201886132640958
lidar,1787201886232626109
lidar,1787201886335016281
lidar,1787201886432834039
lidar,1787201886533145895
lidar,1787201886633591250
lidar,1787201886733246268
lidar,1787201886835344192
lidar,1787201886933663075
lidar,1787201887035176097
lidar,1787201887132372577
lidar,1787201887231751940
lidar,1787201887331241004
lidar,1787201887430093674
lidar,1787201887529374157
lidar,1787201887628884236
lidar,1787201887727384077
lidar,1787201887826305651
lidar,1787201887926658767
lidar,1787201888025594641
lidar,1787201888125474234
lidar,1787201888224901705
lidar,1787201888325302619
lidar,1787201888425571068
lidar,1787201888525301688
lidar,1787201888626605238
lidar,1787201888725510071
lidar,1787201888825806267
lidar,1787201888925579807
lidar,1787201889025669693
lidar,1787201889125862578
lidar,1787201889225554341
lidar,1787201889325460226
lidar,1787201889425429782
lidar,1787201889524783300
lidar,1787201889625108699
lidar,1787201889724876464
lidar,1787201889825375880
lidar,1787201889925175100
lidar,1787201890025404564
lidar,1787201890125438061
lidar,1787201890225301261
lidar,1787201890327616786
lidar,1787201890425263464
lidar,1787201890525404188
lidar,1787201890625620152
lidar,1787201890725041688
lidar,1787201890824957459
lidar,1787201890925134555
lidar,1787201891024928223
lidar,1787201891125294015
lidar,1787201891225207620
lidar,1787201891324973969
lidar,1787201891423920954
lidar,1787201891523403049
lidar,1787201891622773657
lidar,1787201891723430654
lidar,1787201891822692067
lidar,1787201891920899527
lidar,1787201892020581392
lidar,1787201892120838251
lidar,1787201892220948216
lidar,1787201892320545312
lidar,1787201892420023760
lidar,1787201892519903446
lidar,1787201892620701024
lidar,1787201892720079481
lidar,1787201892822140991
lidar,1787201892919972497
lidar,1787201893020363532
lidar,1787201893119713606
lidar,1787201893220539953
lidar,1787201893319620915
lidar,1787201893419254919
lidar,1787201893519276422
lidar,1787201893619550533
lidar,1787201893719215622
lidar,1787201893819213507
lidar,1787201893919429414
lidar,1787201894019319515
lidar,1787201894124986984
lidar,1787201894219491423
lidar,1787201894321792915
lidar,1787201894418574101
lidar,1787201894517691242
lidar,1787201894617106856
lidar,1787201894716139757
lidar,1787201894815604640
lidar,1787201894914521638
lidar,1787201895013325807
lidar,1787201895113054056
lidar,1787201895212249860
lidar,1787201895312159646
lidar,1787201895411948195
lidar,1787201895511634981
lidar,1787201895612350728
lidar,1787201895711907935
lidar,1787201895811650732
lidar,1787201895911595441
lidar,1787201896011584386
lidar,1787201896111653597
lidar,1787201896212342578
lidar,1787201896311823332
lidar,1787201896411627997
lidar,1787201896511476845
lidar,1787201896611713263
lidar,1787201896711313472
lidar,1787201896811579385
lidar,1787201896911005365
lidar,1787201897010674111
lidar,1787201897110506137
lidar,1787201897210678818
lidar,1787201897310496839
lidar,1787201897410471131
lidar,1787201897510680448
lidar,1787201897610339644
lidar,1787201897710837772
lidar,1787201897810714571
lidar,1787201897910479063
lidar,1787201898009706862
lidar,1787201898109753776
lidar,1787201898212574472
lidar,1787201898309114838
lidar,1787201898408447332
lidar,1787201898507785601
lidar,1787201898613239962
lidar,1787201898713680234
lidar,1787201898805895840
lidar,1787201898905375035
lidar,1787201899005041430
lidar,1787201899105143239
lidar,1787201899205148660
lidar,1787201899305030732
lidar,1787201899404781392
lidar,1787201899504861479
lidar,1787201899604910797
lidar,1787201899704435381
lidar,1787201899804566870
lidar,1787201899904330996
lidar,1787201900004884320
lidar,1787201900104971129
lidar,1787201900205497294
lidar,1787201900305073261
lidar,1787201900404916583
lidar,1787201900504877740
lidar,1787201900605353154
lidar,1787201900705548374
lidar,1787201900804697812
lidar,1787201900904412882
lidar,1787201901003496922
lidar,1787201901103342861
lidar,1787201901203850260
lidar,1787201901850509465
lidar,1787201901851199077
lidar,1787201901851697793
lidar,1787201901852600384
lidar,1787201901853358163
lidar,1787201901899890012
lidar,1787201902001441955
lidar,1787201902099268243
lidar,1787201902199653735
lidar,1787201902299644409
lidar,1787201902399657979
lidar,1787201902499772092
lidar,1787201902599615790
lidar,1787201902699821821
lidar,1787201902799611928
lidar,1787201902899612715
lidar,1787201902999765689
lidar,1787201903099723323
lidar,1787201903199593573
lidar,1787201903299775138
lidar,1787201903399755294
lidar,1787201903499823011
lidar,1787201903599633383
lidar,1787201903699505232
lidar,1787201903799703026
lidar,1787201903898717356
lidar,1787201903998785825
lidar,1787201904099111265
lidar,1787201904197887207
lidar,1787201904296796687
lidar,1787201904396245932
lidar,1787201904495626301
lidar,1787201904596470580
lidar,1787201904695894386
lidar,1787201904796406164
lidar,1787201904896651688
lidar,1787201904996778729
lidar,1787201905097085420
lidar,1787201905198008285
lidar,1787201905297950096
lidar,1787201905396505829
lidar,1787201905496793066
lidar,1787201905596971518
lidar,1787201905697117465
lidar,1787201905797048857
lidar,1787201905897128473
lidar,1787201905996423771
lidar,1787201906097252830
lidar,1787201906195311611
lidar,1787201906295295712
lidar,1787201906393905297
lidar,1787201906493251917
lidar,1787201906592313184
lidar,1787201906692310247
lidar,1787201906790510147
lidar,1787201906889813007
lidar,1787201906988911738
lidar,1787201907088753814
lidar,1787201907188656131
lidar,1787201907288782438
lidar,1787201907391233173
lidar,1787201907488233680
lidar,1787201907588515096
lidar,1787201907689359652
lidar,1787201907788360110
lidar,1787201907888671346
lidar,1787201907987699562
lidar,1787201908087612284
lidar,1787201908187956871
lidar,1787201908288149768
lidar,1787201908388266806
lidar,1787201908487849788
lidar,1787201908588042107
lidar,1787201908687958417
lidar,1787201908787344599
lidar,1787201908886466676
lidar,1787201908985926908
lidar,1787201909085015912
lidar,1787201909184295982
lidar,1787201909286995896
lidar,1787201909382474860
lidar,1787201909482277135
lidar,1787201909582347993
lidar,1787201909682037253
lidar,1787201909783951162
lidar,1787201909881851477
lidar,1787201909982045870
lidar,1787201910081458397
lidar,1787201910181371187
lidar,1787201910290803000
lidar,1787201910394514390
lidar,1787201910483597191
lidar,1787201910583307278
lidar,1787201910681665129
lidar,1787201910782128347
lidar,1787201910881287048
lidar,1787201910982038889
lidar,1787201911082292060
lidar,1787201911182798999
lidar,1787201911802640843
lidar,1787201911803324036
lidar,1787201911803834595
lidar,1787201911804296142
lidar,1787201911804734012
lidar,1787201911881862384
lidar,1787201911984548353
lidar,1787201912082080015
lidar,1787201912180616933
lidar,1787201912281331065
lidar,1787201912380900530
lidar,1787201912484341648
lidar,1787201912578279283
lidar,1787201912677420283
lidar,1787201912777708752
lidar,1787201912878869153
lidar,1787201912979298707
lidar,1787201913078981134
lidar,1787201913194400260
lidar,1787201913276691021
lidar,1787201913376401173
lidar,1787201913476601168
lidar,1787201913576350486
lidar,1787201913676758536
lidar,1787201913777470729
lidar,1787201913876644209
lidar,1787201913976432896
lidar,1787201914076285913
lidar,1787201914176370794
lidar,1787201914276713360
lidar,1787201914376181635
lidar,1787201914476539785
lidar,1787201914576691845
lidar,1787201914676358988
lidar,1787201914776266052
lidar,1787201914875277952
lidar,1787201914974455388
lidar,1787201915073637384
lidar,1787201915173205625
lidar,1787201915273293806
lidar,1787201915373134887
lidar,1787201915473901774
lidar,1787201915571717980
lidar,1787201915671937544
lidar,1787201915771953115
lidar,1787201915873799110
lidar,1787201915972448276
lidar,1787201916073406050
lidar,1787201916172678882
lidar,1787201916273170968
lidar,1787201916373060236
lidar,1787201916473440125
lidar,1787201916573072787
lidar,1787201916675231698
lidar,1787201916775002322
lidar,1787201916873779180
lidar,1787201916973249249
lidar,1787201917072355698
lidar,1787201917171790504
lidar,1787201917271228075
lidar,1787201917370723208
lidar,1787201917469903673
lidar,1787201917569006798
lidar,1787201918138396328
lidar,1787201918138715647
lidar,1787201918138876050
lidar,1787201918139010489
lidar,1787201918139219384
lidar,1787201918166645839
lidar,1787201918266154236
lidar,1787201918366825510
lidar,1787201918466912727
lidar,1787201918567207298
lidar,1787201918666955165
lidar,1787201918766555770
lidar,1787201918866525129
lidar,1787201918966265578
lidar,1787201919065635785
lidar,1787201919165124741
lidar,1787201919264383461
lidar,1787201919365710703
lidar,1787201919463209831
lidar,1787201919562494821
lidar,1787201919662512119
lidar,1787201920222709429
lidar,1787201920223524643
lidar,1787201920224097165
lidar,1787201920224649540
lidar,1787201920225121306
lidar,1787201920794824447
lidar,1787201920795508559
lidar,1787201920796009108
lidar,1787201920796459427
lidar,1787201920796888170
lidar,1787201920862629874
lidar,1787201920962875943
lidar,1787201921062804501
lidar,1787201921162984087
lidar,1787201921262936691
lidar,1787201921362344510
lidar,1787201921462689541
lidar,1787201921562257770
lidar,1787201921662308326
lidar,1787201921759891971
lidar,1787201921859097786
lidar,1787201921958565402
lidar,1787201922057400828
lidar,1787201922157012499
lidar,1787201922256421286
lidar,1787201922356298353
lidar,1787201922456182778
lidar,1787201922556308380
lidar,1787201922655881761
lidar,1787201922755922990
lidar,1787201922855916676
lidar,1787201922956156714
lidar,1787201923056069346
lidar,1787201923156179730
lidar,1787201923256269325
lidar,1787201923356593560
lidar,1787201923456211819
lidar,1787201923555903705
lidar,1787201923655977172
lidar,1787201923755896484
lidar,1787201923856021231
lidar,1787201923956149785
lidar,1787201924056267175
lidar,1787201924156110805
lidar,1787201924256485685
lidar,1787201924356163539
lidar,1787201924455414558
lidar,1787201924554944352
lidar,1787201924654402000
lidar,1787201924753621222
lidar,1787201924853348120
lidar,1787201924952467719
lidar,1787201925052345578
lidar,1787201925151875705
lidar,1787201925252637825
lidar,1787201925352015737
lidar,1787201925451605293
lidar,1787201925553391539
lidar,1787201925655191347
lidar,1787201925752379843
lidar,1787201925852225053
lidar,1787201925952779474
lidar,1787201926052719758
lidar,1787201926151977988
lidar,1787201926251965631
lidar,1787201926351087943
lidar,1787201926450609585
lidar,1787201926549990802
lidar,1787201926649786592
lidar,1787201926749055505
lidar,1787201926848892053
lidar,1787201926948995013
lidar,1787201927048649730
lidar,1787201927148456608
lidar,1787201927249302630
lidar,1787201927349483588
lidar,1787201927448929839
lidar,1787201927549214215
lidar,1787201927648539961
lidar,1787201927748352109
lidar,1787201927849067961
lidar,1787201927948696924
lidar,1787201928048656995
lidar,1787201928148860074
lidar,1787201928248709961
lidar,1787201928348773370
lidar,1787201928447702795
lidar,1787201928551558805
lidar,1787201928646375512
lidar,1787201928745145386
lidar,1787201928845044787
lidar,1787201928944483388
lidar,1787201929043664539
lidar,1787201929143243415
lidar,1787201929242879997
lidar,1787201929342792233
lidar,1787201929444929089
lidar,1787201929542927824
lidar,1787201929642432425
lidar,1787201929742173399
lidar,1787201929842706270
lidar,1787201929942363542
lidar,1787201930042926685
lidar,1787201930142732802
lidar,1787201930242536335
lidar,1787201930342643636
lidar,1787201930442399866
lidar,1787201930542546631
lidar,1787201930642508357
lidar,1787201930743030322
lidar,1787201930842202489
lidar,1787201930941546761
lidar,1787201931041282867
lidar,1787201931140716853
lidar,1787201931239685960
lidar,1787201931339772690
lidar,1787201931438763539
lidar,1787201931538377227
lidar,1787201931637798824
lidar,1787201931738734257
lidar,1787201931837597654
lidar,1787201931937381305
lidar,1787201932040366303
lidar,1787201932137113346
lidar,1787201932236976701
lidar,1787201932337108759
lidar,1787201932437116918
lidar,1787201932537188683
lidar,1787201932637370267
lidar,1787201932737904359
lidar,1787201932839916171
lidar,1787201932937611821
lidar,1787201933037584308
lidar,1787201933137738300
lidar,1787201933237786746
lidar,1787201933337297774
lidar,1787201933438506626
lidar,1787201933536423832
lidar,1787201933636182788
lidar,1787201933734796364
lidar,1787201933834047016
lidar,1787201933933720962
lidar,1787201934032575150
lidar,1787201934132298905
lidar,1787201934231080721
lidar,1787201934330355198
lidar,1787201934429806428
lidar,1787201934529428399
lidar,1787201934629031127
lidar,1787201934729144283
lidar,1787201934828788693
lidar,1787201934928707970
lidar,1787201935028807440
lidar,1787201935129101177
lidar,1787201935228371018
lidar,1787201935329304265
lidar,1787201935429315397
lidar,1787201935528558226
lidar,1787201935628612515
lidar,1787201935728972188
lidar,1787201935828829813
lidar,1787201935928848752
lidar,1787201936028667936
lidar,1787201936127988683
lidar,1787201936226976867
lidar,1787201936326133850
lidar,1787201936425408569
lidar,1787201936524534147
lidar,1787201936623813320
lidar,1787201936722572533
lidar,1787201936822352392
lidar,1787201936920371714
lidar,1787201937022317615
lidar,1787201937119015151
lidar,1787201937218813693
lidar,1787201937318607089
lidar,1787201937418565503
lidar,1787201937519604406
lidar,1787201937618460401
lidar,1787201937718438493
lidar,1787201937818698865
lidar,1787201937918425772
lidar,1787201938017986669
lidar,1787201938117950621
lidar,1787201938217948851
lidar,1787201938317728172
lidar,1787201938417525411
lidar,1787201938517111864
lidar,1787201938617163566
lidar,1787201938717089699
lidar,1787201938816742379
lidar,1787201938916676738
lidar,1787201939016351898
lidar,1787201939116530593
lidar,1787201939216177093
lidar,1787201939316083914
lidar,1787201939415976520
lidar,1787201939515862994
lidar,1787201939615883448
lidar,1787201939715493047
lidar,1787201939815217467
lidar,1787201939915270076
lidar,1787201940015246049
lidar,1787201940115027684
lidar,1787201940215107086
lidar,1787201940315456408
lidar,1787201940414967891
lidar,1787201940514751527
lidar,1787201940613974417
lidar,1787201940713171712
lidar,1787201940812876566
lidar,1787201940913334169
lidar,1787201941011449507
lidar,1787201941110864058
lidar,1787201941210104261
lidar,1787201941309976200
lidar,1787201941409538541
lidar,1787201941509261414
lidar,1787201941608886967
lidar,1787201941708873458
lidar,1787201941809249271
lidar,1787201941908897426
lidar,1787201942008971797
lidar,1787201942109093115
lidar,1787201942209023793
lidar,1787201942309386526
lidar,1787201942409348933
lidar,1787201942509288660
lidar,1787201942609164014
lidar,1787201942709305697
lidar,1787201942809215280
lidar,1787201942908998817
lidar,1787201943009108899
lidar,1787201943108752154
lidar,1787201943209083797
lidar,1787201943308923788
lidar,1787201943409168620
lidar,1787201943508946108
lidar,1787201943609452624
lidar,1787201943708138549
lidar,1787201943807378759
lidar,1787201943906696297
lidar,1787201944006270533
lidar,1787201944105500722
lidar,1787201944204747743
lidar,1787201944304317935
lidar,1787201944403924586
lidar,1787201944503849968
lidar,1787201944603328011
lidar,1787201944703383219
lidar,1787201944804583843
lidar,1787201944903641360
lidar,1787201945003777063
lidar,1787201945103666752
lidar,1787201945203775858
lidar,1787201945304425133
lidar,1787201945403406360
lidar,1787201945503558866
lidar,1787201945603379349
lidar,1787201945703253437
lidar,1787201945803114028
lidar,1787201945903158213
lidar,1787201946003163114
lidar,1787201946103326766
lidar,1787201946203486201
lidar,1787201946302593310
lidar,1787201946402667348
lidar,1787201946502549737
lidar,1787201946601829586
lidar,1787201946700307189
lidar,1787201946799553295
lidar,1787201946898556655
lidar,1787201946999660609
lidar,1787201947096716663
lidar,1787201947196511850
lidar,1787201947296143134
lidar,1787201947395910420
lidar,1787201947496253232
lidar,1787201947596216630
lidar,1787201947696093924
lidar,1787201947796973657
lidar,1787201947896745493
lidar,1787201947997571198
lidar,1787201948097262593
lidar,1787201948197302870
lidar,1787201948296733041
lidar,1787201948396016334
lidar,1787201948495947356
lidar,1787201948594766032
lidar,1787201948696118781
lidar,1787201948793203553
lidar,1787201948892393612
lidar,1787201948991758057
lidar,1787201949090732792
lidar,1787201949190342728
lidar,1787201949290271990
lidar,1787201949390253971
lidar,1787201949490134255
lidar,1787201949589992105
lidar,1787201949689718377
lidar,1787201949790629027
lidar,1787201949890182565
lidar,1787201949989904714
lidar,1787201950089712650
lidar,1787201950189841642
lidar,1787201950289410051
lidar,1787201950390704007
lidar,1787201950489383051
lidar,1787201950588828295
lidar,1787201950688744292
lidar,1787201950788314889
lidar,1787201950887104764
lidar,1787201950986730474
lidar,1787201951085835038
lidar,1787201951185250640
lidar,1787201951284331060
lidar,1787201951384567611
lidar,1787201951484323541
lidar,1787201951584067912
lidar,1787201951683471994
lidar,1787201951785660741
lidar,1787201951883122664
lidar,1787201951983044378
lidar,1787201952083096347
lidar,1787201952183020275
lidar,1787201952282942873
lidar,1787201952383005138
lidar,1787201952484761377
lidar,1787201952582805377
lidar,1787201952682591514
lidar,1787201952782763917
lidar,1787201952882823978
lidar,1787201952996461950
lidar,1787201953083334041
lidar,1787201953183072937
lidar,1787201953282879413
lidar,1787201953383043935
lidar,1787201953482792034
lidar,1787201953582247523
lidar,1787201953682438801
lidar,1787201953782303403
lidar,1787201953882303786
lidar,1787201953982288572
lidar,1787201954082186858
lidar,1787201954182358250
lidar,1787201954282679691
lidar,1787201954382718926
lidar,1787201954482673457
lidar,1787201954582626979
lidar,1787201954682503642
lidar,1787201954782575023
lidar,1787201954882684154
lidar,1787201954982382072
lidar,1787201955081911602
lidar,1787201955182207922
lidar,1787201955282437675
lidar,1787201955382486930
lidar,1787201955482433994
lidar,1787201955581718904
lidar,1787201955681704659
lidar,1787201955781978830
lidar,1787201955882868420
lidar,1787201955983026705
lidar,1787201956081433415
lidar,1787201956181112610
lidar,1787201956280648269
lidar,1787201956379366917
lidar,1787201956478319680
lidar,1787201956577350443
lidar,1787201956676390927
lidar,1787201956775589438
lidar,1787201956874804297
lidar,1787201956974422397
lidar,1787201957074509190
lidar,1787201957173767756
lidar,1787201957273533573
lidar,1787201957374147145
lidar,1787201957473035894
lidar,1787201957572519933
lidar,1787201957673000624
lidar,1787201957772600418
lidar,1787201957872618018
lidar,1787201957972532866
lidar,1787201958072209536
lidar,1787201958171978931
lidar,1787201958271829791
lidar,1787201958372020339
lidar,1787201958472614717
lidar,1787201958573133230
lidar,1787201958673459012
lidar,1787201958774811834
lidar,1787201958875144860
lidar,1787201958975066261
lidar,1787201959075239071
lidar,1787201959175117094
lidar,1787201959275070424
lidar,1787201959375163975
lidar,1787201959575467159
lidar,1787201959674589757
lidar,1787201959774545316
lidar,1787201959875479811
lidar,1787201959974198321
lidar,1787201960074141531
lidar,1787201960173918646
lidar,1787201960273698303
lidar,1787201960373698899
lidar,1787201960473581606
lidar,1787201960574384468
lidar,1787201960673466458
lidar,1787201960773163983
lidar,1787201960873236102
lidar,1787201960973040661
lidar,1787201961073335846
lidar,1787201961172856827
lidar,1787201961273102747
lidar,1787201961373402253
lidar,1787201961472812331
lidar,1787201961572813975
lidar,1787201961672733138
lidar,1787201961772713121
lidar,1787201961872551955
lidar,1787201961972300243
lidar,1787201962072148671
lidar,1787201962172035365
lidar,1787201962272351131
lidar,1787201962371588223
lidar,1787201962471822532
lidar,1787201962572440290
lidar,1787201962672579722
lidar,1787201962772108752
lidar,1787201962872335211
lidar,1787201962972164139
lidar,1787201963072247536
lidar,1787201963172367201
lidar,1787201963273374590
lidar,1787201963371635199
lidar,1787201963471152137
lidar,1787201963570480779
lidar,1787201963669734539
lidar,1787201963769488945
lidar,1787201963868549962
lidar,1787201963967727243
lidar,1787201964067351093
lidar,1787201964166757778
lidar,1787201964267062131
lidar,1787201964368385851
lidar,1787201964467109144
lidar,1787201964567898208
lidar,1787201964666802352
lidar,1787201964766909289
lidar,1787201964866876556
lidar,1787201964966952455
lidar,1787201965066886482
lidar,1787201965167239674
lidar,1787201965266908432
lidar,1787201965367093384
lidar,1787201965467223219
lidar,1787201965566805688
lidar,1787201965666757673
lidar,1787201965766828883
lidar,1787201965865609954
lidar,1787201965964942925
lidar,1787201966064265846
lidar,1787201966164060092
lidar,1787201966263148377
lidar,1787201966362521832
lidar,1787201966461917946
lidar,1787201966560795384
lidar,1787201966659789843
lidar,1787201966759623656
lidar,1787201966859212292
lidar,1787201966959073889
lidar,1787201967058848484
lidar,1787201967158834885
lidar,1787201967258801138
lidar,1787201967358938062
lidar,1787201967459062618
lidar,1787201967559044927
lidar,1787201967658784612
lidar,1787201967758967064
lidar,1787201968382406034
lidar,1787201968382778086
lidar,1787201968383007816
lidar,1787201968383191448
lidar,1787201968383360767
lidar,1787201968459591135
lidar,1787201968562030205
lidar,1787201968660024108
lidar,1787201968759482912
lidar,1787201968858921575
lidar,1787201968958574398
lidar,1787201969057806594
lidar,1787201969157541744
lidar,1787201969256541516
lidar,1787201969355509672
lidar,1787201969454583954
lidar,1787201969553523345
lidar,1787201969652454901
lidar,1787201969752483065
lidar,1787201969851781892
lidar,1787201969951437889
lidar,1787201970052013053
lidar,1787201970151761013
lidar,1787201970251918047
lidar,1787201970351731886
lidar,1787201970451834834
lidar,1787201970551753936
lidar,1787201970653506230
lidar,1787201970752523586
lidar,1787201970852673849
lidar,1787201970952043516
lidar,1787201971052144029
lidar,1787201971151717445
lidar,1787201971252447393
lidar,1787201971352039861
lidar,1787201971451555654
lidar,1787201971551176069
lidar,1787201971650848564
lidar,1787201971751399293
lidar,1787201971851847730
lidar,1787201971951912263
lidar,1787201972050864456
lidar,1787201972151028208
lidar,1787201972250814999
lidar,1787201972350591960
lidar,1787201972449338499
lidar,1787201972548525432
lidar,1787201972647582674
lidar,1787201972747085241
lidar,1787201972846304561
lidar,1787201973498455300
lidar,1787201973498840426
lidar,1787201973499075384
lidar,1787201973499295558
lidar,1787201973499511653
lidar,1787201973544055548
lidar,1787201973643951016
lidar,1787201973744840723
lidar,1787201973844241780
lidar,1787201973943936684
lidar,1787201974043974912
lidar,1787201974143935440
lidar,1787201974243920209
lidar,1787201974343985652
lidar,1787201974443766649
lidar,1787201974544235254
lidar,1787201974643854039
lidar,1787201974743605978
lidar,1787201974843126412
lidar,1787201974942048809
lidar,1787201975041383919
lidar,1787201975140449889
lidar,1787201975239611148
lidar,1787201975339085967
lidar,1787201975438230051
lidar,1787201975538272944
lidar,1787201975637911958
lidar,1787201975738124745
lidar,1787201975837802707
lidar,1787201975938069568
lidar,1787201976037704258
lidar,1787201976139320310
lidar,1787201976237938107
lidar,1787201976337871824
lidar,1787201976438020782
lidar,1787201976538240667
lidar,1787201976638314250
lidar,1787201976737998419
lidar,1787201976838172830
lidar,1787201976938391906
lidar,1787201977037756243
lidar,1787201977137641746
lidar,1787201977236824555
lidar,1787201977336211177
lidar,1787201977435421875
lidar,1787201977535124095
lidar,1787201977634061620
lidar,1787201977733696302
lidar,1787201977833848705
lidar,1787201977933264654
lidar,1787201978033194861
lidar,1787201978133272470
lidar,1787201978233291864
lidar,1787201978333600721
lidar,1787201978433922253
lidar,1787201978533405201
lidar,1787201978633718613
lidar,1787201978733975187
lidar,1787201978834393538
lidar,1787201978934746390
lidar,1787201979034952461
lidar,1787201979135372978
lidar,1787201979235536411
lidar,1787201979335294103
lidar,1787201979434989736
lidar,1787201979534652779
lidar,1787201979633970213
lidar,1787201979732997992
lidar,1787201979832292159
lidar,1787201979931461860
lidar,1787201980031874831
lidar,1787201980133372861
lidar,1787201980231354090
lidar,1787201980331263434
lidar,1787201980431314550
lidar,1787201980531379919
lidar,1787201980631528042
lidar,1787201980731907833
lidar,1787201980831159942
lidar,1787201980930829626
lidar,1787201981030671397
lidar,1787201981130813528
lidar,1787201981230747552
lidar,1787201981330738571
lidar,1787201981431081921
lidar,1787201981530673439
lidar,1787201981630832133
lidar,1787201981732185043
lidar,1787201981830952227
lidar,1787201981930931622
lidar,1787201982031163252
lidar,1787201982131126839
lidar,1787201982231989961
lidar,1787201982331594045
lidar,1787201982431467599
lidar,1787201982531157117
lidar,1787201982631100015
lidar,1787201982730618627
lidar,1787201982830277839
lidar,1787201982929538018
lidar,1787201983029029693
lidar,1787201983127694784
lidar,1787201983226855645
lidar,1787201983326409867
lidar,1787201983425673320
lidar,1787201983524952435
lidar,1787201983624568272
lidar,1787201983724318395
lidar,1787201983824413382
lidar,1787201983924259296
lidar,1787201984024231251
lidar,1787201984126747885
lidar,1787201984224478670
lidar,1787201984325074924
lidar,1787201984424987757
lidar,1787201984524570012
lidar,1787201984624814557
lidar,1787201984724533148
lidar,1787201984824455628
lidar,1787201984924426033
lidar,1787201985023971585
lidar,1787201985124288257
lidar,1787201985224199880
lidar,1787201985323809718
lidar,1787201985424022819
lidar,1787201985523885749
lidar,1787201985623882316
lidar,1787201985723834278
lidar,1787201985824086763
lidar,1787201985923166669
lidar,1787201986022672994
lidar,1787201986122212880
lidar,1787201986221196961
lidar,1787201986321074463
lidar,1787201986420108011
lidar,1787201986518990172
lidar,1787201986617968159
lidar,1787201986717676949
lidar,1787201986817278646
lidar,1787201986916430783
lidar,1787201987016281220
lidar,1787201987117313216
lidar,1787201987215855940
lidar,1787201987315714598
lidar,1787201987415366501
lidar,1787201987515804650
lidar,1787201987615611326
lidar,1787201987716250805
lidar,1787201987816536179
lidar,1787201987916771617
lidar,1787201988017663250
lidar,1787201988116755435
lidar,1787201988217251897
lidar,1787201988330428879
lidar,1787201988416796429
lidar,1787201988516109909
lidar,1787201988615405385
lidar,1787201988714876366
lidar,1787201988814311047
lidar,1787201988913413321
lidar,1787201989012588772
lidar,1787201989111932038
lidar,1787201989211345084
lidar,1787201989311319441
lidar,1787201989411606540
lidar,1787201989510677753
lidar,1787201989610982890
lidar,1787201989719640347
lidar,1787201989811157087
lidar,1787201989911722013
lidar,1787201990010873253
lidar,1787201990111268869
lidar,1787201990211294195
lidar,1787201990311347525
lidar,1787201990410998097
lidar,1787201990512065953
lidar,1787201990610762722
lidar,1787201990710651356
lidar,1787201990810351666
lidar,1787201990910278056
lidar,1787201991009846523
lidar,1787201991109764752
lidar,1787201991209958622
lidar,1787201991309543355
lidar,1787201991409479335
lidar,1787201991510188982
lidar,1787201991609743492
lidar,1787201991710269042
lidar,1787201991809978455
lidar,1787201991910376730
lidar,1787201992011386860
lidar,1787201992110363572
lidar,1787201992210332874
lidar,1787201992309926879
lidar,1787201992409484217
lidar,1787201992508693372
lidar,1787201992608128687
lidar,1787201992707584337
lidar,1787201992807105467
lidar,1787201992906172039
lidar,1787201993005102731
lidar,1787201993104735495
lidar,1787201993204330865
lidar,1787201993304099468
lidar,1787201993404386601
lidar,1787201993504344265
lidar,1787201993604206213
lidar,1787201993703530745
lidar,1787201993803788486
lidar,1787201993904078212
lidar,1787201994003969134
lidar,1787201994103909689
lidar,1787201994204584676
lidar,1787201994304151110
lidar,1787201994403947619
lidar,1787201994505269826
lidar,1787201994607089476
lidar,1787201994703962409
lidar,1787201994804039909
lidar,1787201994903856736
lidar,1787201995004815975
lidar,1787201995103692818
lidar,1787201995203622359
lidar,1787201995303992874
lidar,1787201995403407228
lidar,1787201995504039865
lidar,1787201995603571840
lidar,1787201995703687493
lidar,1787201995803541207
lidar,1787201995903339774
lidar,1787201996004946436
lidar,1787201996102394747
lidar,1787201996201387065
lidar,1787201996300463252
lidar,1787201996400005862
lidar,1787201996499064644
lidar,1787201996598582555
lidar,1787201996697652157
lidar,1787201996797111280
lidar,1787201996896907719
lidar,1787201996996471345
lidar,1787201997097101365
lidar,1787201997196594362
lidar,1787201997296620718
lidar,1787201997396945110
lidar,1787201997496822226
lidar,1787201997597046909
lidar,1787201997697058311
lidar,1787201997796846489
lidar,1787201997897106861
lidar,1787201997997348476
lidar,1787201998097310405
lidar,1787201998197031032
lidar,1787201998297443123
lidar,1787201998397090591
lidar,1787201998498025079
lidar,1787201998596025635
lidar,1787201998695398291
lidar,1787201998794575847
lidar,1787201998893707890
lidar,1787201998993158596
lidar,1787201999092731637
lidar,1787201999191747983
lidar,1787201999292478714
lidar,1787201999391437848
lidar,1787201999491624422
lidar,1787201999591497916
lidar,1787201999691537839
lidar,1787201999794337920
lidar,1787201999891836857
lidar,1787201999991413819
lidar,1787202000091708033
lidar,1787202000191517803
lidar,1787202000291370395
lidar,1787202000391727675
lidar,1787202000492275974
lidar,1787202000591858655
lidar,1787202000692064691
lidar,1787202000791726665
lidar,1787202000897537773
lidar,1787202000991826697
lidar,1787202001091245787
lidar,1787202001191062132
lidar,1787202001290341485
lidar,1787202001389852131
lidar,1787202001488777370
lidar,1787202001588192892
lidar,1787202001687545430
lidar,1787202001787477262
lidar,1787202001887761040
lidar,1787202001989313965
lidar,1787202002088241672
lidar,1787202002187847110
lidar,1787202002288066771
lidar,1787202002388290434
lidar,1787202002488845190
lidar,1787202002588786606
lidar,1787202002688621748
lidar,1787202002788554925
lidar,1787202002887986674
lidar,1787202002987595016
lidar,1787202003086598921
lidar,1787202003185856892
lidar,1787202003285323886
lidar,1787202003384939370
lidar,1787202003484446921
lidar,1787202003584098228
lidar,1787202003684952674
lidar,1787202003783092157
lidar,1787202003882715132
lidar,1787202003982732606
lidar,1787202004082074881
lidar,1787202004182397057
lidar,1787202004282320576
lidar,1787202004382569263
lidar,1787202004482175660
lidar,1787202004582496438
lidar,1787202004682621081
lidar,1787202004782652306
lidar,1787202004882826115
lidar,1787202004983052337
lidar,1787202005082804158
lidar,1787202005182899420
lidar,1787202005282909884
lidar,1787202005382356118
lidar,1787202005481387995
lidar,1787202005580804442
lidar,1787202005679226390
lidar,1787202005778716655
lidar,1787202005877725336
lidar,1787202005977183707
lidar,1787202006076349694
lidar,1787202006175707851
lidar,1787202006275181456
lidar,1787202006374837763
lidar,1787202006474724259
lidar,1787202006575265133
lidar,1787202006674740129
lidar,1787202006774642124
lidar,1787202006874462471
lidar,1787202006974674781
lidar,1787202007074529509
lidar,1787202007174394387
lidar,1787202007274204569
lidar,1787202007373788702
lidar,1787202007473999674
lidar,1787202007576053280
lidar,1787202007673899365
lidar,1787202007774183165
lidar,1787202007874032526
lidar,1787202007974921628
lidar,1787202008074496601
lidar,1787202008175560622
lidar,1787202008274368396
lidar,1787202008374377106
lidar,1787202008474313034
lidar,1787202008574522569
lidar,1787202008674764024
lidar,1787202008787589269
lidar,1787202008874288791
lidar,1787202008973538909
lidar,1787202009073216501
lidar,1787202009172299164
lidar,1787202009271974089
lidar,1787202009371422100
lidar,1787202009470989331
lidar,1787202009570222635
lidar,1787202009670046742
lidar,1787202009771795616
lidar,1787202009869782310
lidar,1787202009969470187
lidar,1787202010069853164
lidar,1787202010172112635
lidar,1787202010269352890
lidar,1787202010369128644
lidar,1787202010469454671
lidar,1787202010569007713
lidar,1787202010669473477
lidar,1787202010769374367
lidar,1787202010877352450
lidar,1787202010969524637
lidar,1787202011081908854
lidar,1787202011169744735
lidar,1787202011269693020
lidar,1787202011369900368
lidar,1787202011469880014
lidar,1787202011569954315
lidar,1787202011672093031
lidar,1787202011770402302
lidar,1787202011870339523
lidar,1787202011969928951
lidar,1787202012069638352
lidar,1787202012169225940
lidar,1787202012268582749
lidar,1787202012367850087
lidar,1787202012466900477
lidar,1787202012566718737
lidar,1787202012665204004
lidar,1787202012764374158
lidar,1787202012864291289
lidar,1787202012964464183
lidar,1787202013065339613
lidar,1787202013163916139
lidar,1787202013264347859
lidar,1787202013364421426
lidar,1787202013464502009
lidar,1787202013564499732
lidar,1787202013664338319
lidar,1787202013764295822
lidar,1787202013864456868
lidar,1787202014426452072
lidar,1787202014426718297
lidar,1787202014426864193
lidar,1787202014426996398
lidar,1787202014427127808
lidar,1787202014464874036
lidar,1787202014564182600
lidar,1787202014663697095
lidar,1787202014762973420
lidar,1787202014862109136
lidar,1787202014961227071
lidar,1787202015060168339
lidar,1787202015159611397
lidar,1787202015259101392
lidar,1787202015359156045
lidar,1787202015461107886
lidar,1787202015558660622
lidar,1787202015661098913
lidar,1787202015758589020
lidar,1787202015858167192
lidar,1787202015957986433
lidar,1787202016057491532
lidar,1787202016157656244
lidar,1787202016257685235
lidar,1787202016357731032
lidar,1787202016457617044
lidar,1787202016557862142
lidar,1787202016664491232
lidar,1787202016769579132
lidar,1787202016859525240
lidar,1787202016959509230
lidar,1787202017057260926
lidar,1787202017156508138
lidar,1787202017256751599
lidar,1787202017355555030
lidar,1787202017454509067
lidar,1787202017553816082
lidar,1787202017653247161
lidar,1787202017752573557
lidar,1787202017852380063
lidar,1787202017952476608
lidar,1787202018052119228
lidar,1787202018152077588
lidar,1787202018251982029
lidar,1787202018352300362
lidar,1787202018452284304
lidar,1787202018552550548
lidar,1787202018656407155
lidar,1787202018751924344
lidar,1787202018851783084
lidar,1787202018952494605
lidar,1787202019052424572
lidar,1787202019151769594
lidar,1787202019251834736
lidar,1787202019352604960
lidar,1787202019454702465
lidar,1787202019552280438
lidar,1787202019652453254
lidar,1787202019752113522
lidar,1787202019852528196
lidar,1787202019952336135
lidar,1787202020052991793
lidar,1787202020152703493
lidar,1787202020253129618
lidar,1787202020352447680
lidar,1787202020452994744
lidar,1787202020551528413
lidar,1787202020651622062
lidar,1787202020750136563
lidar,1787202020849977775
lidar,1787202020948994298
lidar,1787202021047972983
lidar,1787202021147618480
lidar,1787202021247410068
lidar,1787202021347923198
lidar,1787202021463373303
lidar,1787202021551464053
lidar,1787202021648157658
lidar,1787202021748522662
lidar,1787202021861647108
lidar,1787202021948065234
lidar,1787202022049495217
lidar,1787202022148329885
lidar,1787202022248794306
lidar,1787202022348455780
lidar,1787202022450389574
lidar,1787202022549254721
lidar,1787202022649802221
lidar,1787202022751196396
lidar,1787202022848350362
lidar,1787202022947437299
lidar,1787202023046696959
lidar,1787202023145951601
lidar,1787202023245484815
lidar,1787202023345738539
lidar,1787202023444134325
lidar,1787202023543428260
lidar,1787202023642590243
lidar,1787202023741995790
lidar,1787202023842020247
lidar,1787202023942565059
lidar,1787202024042565594
lidar,1787202024141769459
lidar,1787202024241451887
lidar,1787202024341615714
lidar,1787202024441606462
lidar,1787202024550167611
lidar,1787202024640871082
lidar,1787202024741350199
lidar,1787202024840930759
lidar,1787202024940950870
lidar,1787202025040826301
lidar,1787202025141893212
lidar,1787202025241020832
lidar,1787202025342992285
lidar,1787202025441318944
lidar,1787202025541262239
lidar,1787202025641581949
lidar,1787202025741274274
lidar,1787202025841191146
lidar,1787202025940702092
lidar,1787202026040915950
lidar,1787202026140615157
lidar,1787202026240234916
lidar,1787202026339632237
lidar,1787202026439066617
lidar,1787202026538621922
lidar,1787202026637043625
lidar,1787202026736122462
lidar,1787202026835500331
lidar,1787202026935018014
lidar,1787202027034582322
lidar,1787202027134836597
lidar,1787202027236972038
lidar,1787202027334289674
lidar,1787202027433964742
lidar,1787202027533792892
lidar,1787202027633910052
lidar,1787202027733714937
lidar,1787202027833273626
lidar,1787202027933118882
lidar,1787202028032895663
lidar,1787202028132857758
lidar,1787202028233501232
lidar,1787202028333995259
lidar,1787202028434696223
lidar,1787202028535233992
lidar,1787202028635851291
lidar,1787202028736511917
lidar,1787202028836990804
lidar,1787202028937204860
lidar,1787202029037559618
lidar,1787202029137600827
lidar,1787202029243634415
lidar,1787202029337369231
lidar,1787202029437275375
lidar,1787202029537087346
lidar,1787202029636948555
lidar,1787202029736967397
lidar,1787202029836860284
lidar,1787202029936772759
lidar,1787202030036823775
lidar,1787202030136633227
lidar,1787202030235997327
lidar,1787202030335596007
lidar,1787202030434817931
lidar,1787202030534607953
lidar,1787202030633020785
lidar,1787202030732257591
lidar,1787202030831815663
lidar,1787202030930664154
lidar,1787202031030236250
lidar,1787202031130027809
lidar,1787202031230692481
lidar,1787202031329563765
lidar,1787202031429389591
lidar,1787202031529228962
lidar,1787202031629275135
lidar,1787202031729292895
lidar,1787202031828982998
lidar,1787202031929086768
lidar,1787202032029165723
lidar,1787202032128988171
lidar,1787202032229132847
lidar,1787202032328881174
lidar,1787202032429005624
lidar,1787202032528590459
lidar,1787202032628839987
lidar,1787202032728347084
lidar,1787202032828800373
lidar,1787202032928415143
lidar,1787202033032538745
lidar,1787202033128311374
lidar,1787202033228340872
lidar,1787202033328783624
lidar,1787202033427766592
lidar,1787202033527055946
lidar,1787202033627189748
lidar,1787202033725730247
lidar,1787202033825386526
lidar,1787202033924342763
lidar,1787202034023777208
lidar,1787202034123242868
lidar,1787202034222843234
lidar,1787202034321859710
lidar,1787202034420633941
lidar,1787202034519999645
lidar,1787202034619643200
lidar,1787202034719084764
lidar,1787202034818622234
lidar,1787202034918429812
lidar,1787202035019651018
lidar,1787202035118361966
lidar,1787202035219084602
lidar,1787202035318077219
lidar,1787202035418253391
lidar,1787202035517878013
lidar,1787202035617857258
lidar,1787202035717686081
lidar,1787202035818138692
lidar,1787202035917484913
lidar,1787202036017740318
lidar,1787202036117681528
lidar,1787202036217602471
lidar,1787202036317338323
lidar,1787202036417215100
lidar,1787202036516761561
lidar,1787202036616455192
lidar,1787202036715568137
lidar,1787202036814882972
lidar,1787202036914207160
lidar,1787202037013567685
lidar,1787202037112745544
lidar,1787202037212345469
lidar,1787202037312003652
lidar,1787202037411801445
lidar,1787202037511633701
lidar,1787202037611995634
lidar,1787202037711854904
lidar,1787202037811121736
lidar,1787202037910986574
lidar,1787202038011261446
lidar,1787202038111009795
lidar,1787202038211944977
lidar,1787202038312164736
lidar,1787202038411651987
lidar,1787202038511361769
lidar,1787202038611455710
lidar,1787202038712157889
lidar,1787202038812543822
lidar,1787202038911681977
lidar,1787202039013056736
lidar,1787202039111704608
lidar,1787202039211857951
lidar,1787202039312488565
lidar,1787202039412527201
lidar,1787202039511955479
lidar,1787202039612316654
lidar,1787202039712414651
lidar,1787202039812274678
lidar,1787202039912641936
lidar,1787202040011100242
lidar,1787202040110728328
lidar,1787202040209861002
lidar,1787202040309330646
lidar,1787202040408429484
lidar,1787202040507362184
lidar,1787202040607132520
lidar,1787202040706472996
lidar,1787202040806540186
lidar,1787202040906433404
lidar,1787202041006328392
lidar,1787202041106602661
lidar,1787202041206597968
lidar,1787202041307701200
lidar,1787202041407568955
lidar,1787202041507148903
lidar,1787202041607161111
lidar,1787202041706741147
lidar,1787202041806002177
lidar,1787202041905431313
lidar,1787202042004612663
lidar,1787202042104007381
lidar,1787202042203315999
lidar,1787202042302805731
lidar,1787202042401991335
lidar,1787202042501812322
lidar,1787202042602562430
lidar,1787202042701974788
lidar,1787202042802203464
lidar,1787202042904311705
lidar,1787202043001443330
lidar,1787202043101887830
lidar,1787202043203631871
lidar,1787202043301825299
lidar,1787202043401730830
lidar,1787202043501888494
lidar,1787202043601645015
lidar,1787202043701979828
lidar,1787202043801985129
lidar,1787202043901196018
lidar,1787202044001326174
lidar,1787202044101683279
lidar,1787202044202092856
lidar,1787202044302685391
lidar,1787202044401741675
lidar,1787202044501053889
lidar,1787202044600623425
lidar,1787202044699923546
lidar,1787202044799278079
lidar,1787202044898289448
lidar,1787202044997923300
lidar,1787202045098208641
lidar,1787202045196865907
lidar,1787202045296604141
lidar,1787202045396594536
lidar,1787202045496589695
lidar,1787202045596328023
lidar,1787202045696266455
lidar,1787202045796343898
lidar,1787202045896344969
lidar,1787202045995798079
lidar,1787202046095854295
lidar,1787202046195590461
lidar,1787202046298219612
lidar,1787202046395838480
lidar,1787202046495676854
lidar,1787202046596073614
lidar,1787202046695795390
lidar,1787202046795574488
lidar,1787202046898296182
lidar,1787202046995506372
lidar,1787202047095373232
lidar,1787202047195563319
lidar,1787202047295343297
lidar,1787202047395186830
lidar,1787202047495168842
lidar,1787202047595439786
lidar,1787202047695586280
lidar,1787202047795282180
lidar,1787202047894597409
lidar,1787202047994446128
lidar,1787202048093606033
lidar,1787202048192891588
lidar,1787202048292522085
lidar,1787202048391813927
lidar,1787202048490930220
lidar,1787202048590594479
lidar,1787202048690657854
lidar,1787202048790731448
lidar,1787202048890480818
lidar,1787202048990375544
lidar,1787202049090860089
lidar,1787202049190983228
lidar,1787202049290804621
lidar,1787202049390900684
lidar,1787202049490930694
lidar,1787202049591039520
lidar,1787202049690993789
lidar,1787202049791481106
lidar,1787202049891268252
lidar,1787202049991292672
lidar,1787202050091696657
lidar,1787202050191593493
lidar,1787202050292037052
lidar,1787202050390789764
lidar,1787202050490008751
lidar,1787202050589248152
lidar,1787202050688834191
lidar,1787202050789180560
lidar,1787202050887108907
lidar,1787202050985968255
lidar,1787202051085214465
lidar,1787202051184803047
lidar,1787202051283798584
lidar,1787202051383400124
lidar,1787202051482514615
lidar,1787202051581671807
lidar,1787202051681206256
lidar,1787202051781364205
lidar,1787202051881964717
lidar,1787202051981796635
lidar,1787202052081212995
lidar,1787202052181109521
lidar,1787202052281169526
lidar,1787202052381378712
lidar,1787202052481877196
lidar,1787202052581442777
lidar,1787202052681484694
lidar,1787202052781548906
lidar,1787202052882004574
lidar,1787202052984869594
lidar,1787202053082012855
lidar,1787202053181578552
lidar,1787202053281461821
lidar,1787202053381490881
lidar,1787202053481136771
lidar,1787202053582065510
lidar,1787202053681369369
lidar,1787202053781241530
lidar,1787202053880474765
lidar,1787202053980258079
lidar,1787202054079369455
lidar,1787202054179345346
lidar,1787202054278379762
lidar,1787202054378022639
lidar,1787202054477267825
lidar,1787202054578016475
lidar,1787202054676872086
lidar,1787202054777008541
lidar,1787202054877346719
lidar,1787202054976767676
lidar,1787202055076663142
lidar,1787202055177021665
lidar,1787202055276620884
lidar,1787202055377065467
lidar,1787202055476936278
lidar,1787202055576711040
lidar,1787202055676441078
lidar,1787202055776473404
lidar,1787202055876439261
lidar,1787202055976644132
lidar,1787202056076605716
lidar,1787202056177037861
lidar,1787202056277006163
lidar,1787202056376942922
lidar,1787202056476585361
lidar,1787202056576527979
lidar,1787202056675444397
lidar,1787202056774800739
lidar,1787202056874235432
lidar,1787202056973523452
lidar,1787202057073250509
lidar,1787202057172298808
lidar,1787202057271602426
lidar,1787202057370795669
lidar,1787202057469789555
lidar,1787202057570361337
lidar,1787202057668744126
lidar,1787202057767721173
lidar,1787202057867279099
lidar,1787202057967031157
lidar,1787202058067095046
lidar,1787202058166691222
lidar,1787202058266194989
lidar,1787202058366831651
lidar,1787202058466167004
lidar,1787202058566060762
lidar,1787202058666313104
lidar,1787202058765929071
lidar,1787202058866652826
lidar,1787202058965743460
lidar,1787202059065194867
lidar,1787202059165457342
lidar,1787202059265556625
lidar,1787202059365725255
lidar,1787202059465537316
lidar,1787202059565349493
lidar,1787202059665415283
lidar,1787202059765635888
lidar,1787202059865189428
lidar,1787202059964971092
lidar,1787202060064332328
lidar,1787202060163722841
lidar,1787202060263462647
lidar,1787202060362731344
lidar,1787202060461875461
lidar,1787202060561632961
lidar,1787202060662158976
lidar,1787202060762115633
lidar,1787202060861726301
lidar,1787202060961370874
lidar,1787202061061437582
lidar,1787202061161939423
lidar,1787202061262159507
lidar,1787202061362025990
lidar,1787202061462098654
lidar,1787202061562443787
lidar,1787202061662078381
lidar,1787202061762627212
lidar,1787202061862162575
lidar,1787202061961961832
lidar,1787202062063595856
lidar,1787202062162259549
lidar,1787202062262827980
lidar,1787202062362574828
lidar,1787202062463325683
lidar,1787202062562252150
lidar,1787202062661432920
lidar,1787202062760794184
lidar,1787202062859887572
lidar,1787202062959271460
lidar,1787202063058515088
lidar,1787202063157581168
lidar,1787202063257048573
lidar,1787202063357238885
lidar,1787202063456642875
lidar,1787202063556399674
lidar,1787202063656532615
lidar,1787202063756254776
lidar,1787202063856363298
lidar,1787202063956168040
lidar,1787202064056173552
lidar,1787202064156115009
lidar,1787202064256067154
lidar,1787202064355917814
lidar,1787202064455744381
lidar,1787202064555495153
lidar,1787202064656096978
lidar,1787202064755459321
lidar,1787202064855559224
lidar,1787202064955237501
lidar,1787202065055162624
lidar,1787202065155077104
lidar,1787202065255258523
lidar,1787202065355178108
lidar,1787202065455394150
lidar,1787202065555428261
lidar,1787202065655462165
lidar,1787202065755967382
lidar,1787202065855927672
lidar,1787202065955984241
lidar,1787202066056186444
lidar,1787202066156561664
lidar,1787202066256510493
lidar,1787202066356561125
lidar,1787202066456541582
lidar,1787202066555604905
lidar,1787202066658082595
lidar,1787202066754561325
lidar,1787202066853694500
lidar,1787202066952776882
lidar,1787202067052329588
lidar,1787202067152127234
lidar,1787202067252718307
lidar,1787202067352334361
lidar,1787202067451673614
lidar,1787202067551770769
lidar,1787202067651999394
lidar,1787202067752079654
lidar,1787202067851911725
lidar,1787202067951201237
lidar,1787202068051410673
lidar,1787202068151081888
lidar,1787202068251019203
lidar,1787202068350886614
lidar,1787202068450913193
lidar,1787202068550685256
lidar,1787202068651107997
lidar,1787202068750683371
lidar,1787202068850682198
lidar,1787202068950822698
lidar,1787202069050494889
lidar,1787202069150449087
lidar,1787202069249809151
lidar,1787202069349230066
lidar,1787202069448721801
lidar,1787202069548203583
lidar,1787202069647728244
lidar,1787202069746942385
lidar,1787202069846537721
lidar,1787202069945953639
lidar,1787202070045508053
lidar,1787202070682239304
lidar,1787202070682504068
lidar,1787202070682637863
lidar,1787202070682767754
lidar,1787202070682894270
lidar,1787202070744923913
lidar,1787202070845100682
lidar,1787202070945198306
lidar,1787202071045040027
lidar,1787202071145189823
lidar,1787202071245597087
lidar,1787202071345726104
lidar,1787202071445993822
lidar,1787202071545901951
lidar,1787202071645218264
lidar,1787202071744563239
lidar,1787202071844283457
lidar,1787202071943423281
lidar,1787202072042806119
lidar,1787202072142732838
lidar,1787202072242086133
lidar,1787202072340523510
lidar,1787202072439746754
lidar,1787202072540612152
lidar,1787202072639747047
lidar,1787202072739513449
lidar,1787202072839688329
lidar,1787202072939667266
lidar,1787202073039205009
lidar,1787202073139319810
lidar,1787202073239553864
lidar,1787202073342876753
lidar,1787202073442235591
lidar,1787202073540121557
lidar,1787202073639373148
lidar,1787202073738605180
lidar,1787202073838433523
lidar,1787202073937717066
lidar,1787202074037404174
lidar,1787202074136713586
lidar,1787202074235842127
lidar,1787202074335267303
lidar,1787202074434840191
lidar,1787202074534724582
lidar,1787202074634703893
lidar,1787202074734398932
lidar,1787202074834558736
lidar,1787202074934279129
lidar,1787202075034417421
lidar,1787202075134233766
lidar,1787202075234523627
lidar,1787202075334495705
lidar,1787202075434506238
lidar,1787202075534482087
lidar,1787202075635045616
lidar,1787202075734808963
lidar,1787202075835385113
lidar,1787202075935051210
lidar,1787202076036166126
lidar,1787202076135390205
lidar,1787202076235638478
lidar,1787202076336136188
lidar,1787202076435039395
lidar,1787202076534715661
lidar,1787202076633812018
lidar,1787202076732975637
lidar,1787202076832674874
lidar,1787202076931507507
lidar,1787202077031082846
lidar,1787202077130801746
lidar,1787202077230637402
lidar,1787202077330601464
lidar,1787202077430927054
lidar,1787202077531212210
lidar,1787202077632065744
lidar,1787202077731352629
lidar,1787202077831932359
lidar,1787202077931401667
lidar,1787202078030797843
lidar,1787202078130551477
lidar,1787202078232204008
lidar,1787202078329168727
lidar,1787202078428161419
lidar,1787202078527349539
lidar,1787202078626440793
lidar,1787202078726448161
lidar,1787202078825199965
lidar,1787202078924034933
lidar,1787202079023390359
lidar,1787202079123850951
lidar,1787202079223100541
lidar,1787202079323298678
lidar,1787202079423210747
lidar,1787202079523531136
lidar,1787202079623333205
lidar,1787202079723362686
lidar,1787202079823630020
lidar,1787202079923039505
lidar,1787202080022951571
lidar,1787202080123413827
lidar,1787202080222847086
lidar,1787202080323039463
lidar,1787202080422770994
lidar,1787202080522798093
lidar,1787202080622909047
lidar,1787202080722808877
lidar,1787202080822834718
lidar,1787202080922621721
lidar,1787202081022883023
lidar,1787202081121481177
lidar,1787202081220521171
lidar,1787202081319727121
lidar,1787202081418888520
lidar,1787202081517902946
lidar,1787202081617026001
lidar,1787202081716736005
lidar,1787202081816621935
lidar,1787202081918664734
lidar,1787202082015915990
lidar,1787202082115748166
lidar,1787202082215938759
lidar,1787202082316338416
lidar,1787202082416206993
lidar,1787202082516663181
lidar,1787202082616341092
lidar,1787202082716820256
lidar,1787202082817014863
lidar,1787202082917058548
lidar,1787202083017289553
lidar,1787202083117350540
lidar,1787202083216724633
lidar,1787202083317003528
lidar,1787202083416730664
lidar,1787202083515696867
lidar,1787202083615308888
lidar,1787202083714577130
lidar,1787202083813887164
lidar,1787202083913423224
lidar,1787202084013016312
lidar,1787202084112835215
lidar,1787202084213402092
lidar,1787202084312233711
lidar,1787202084411794817
lidar,1787202084511640533
lidar,1787202084611769705
lidar,1787202084711617462
lidar,1787202084812159637
lidar,1787202084911603643
lidar,1787202085011005292
lidar,1787202085111646143
lidar,1787202085211115685
lidar,1787202085310916529
lidar,1787202085411029134
lidar,1787202085515456092
lidar,1787202085610983716
lidar,1787202085710644160
lidar,1787202085810348651
lidar,1787202085913427417
lidar,1787202086009800297
lidar,1787202086109422984
lidar,1787202086209454901
lidar,1787202086309333453
lidar,1787202086409238385
lidar,1787202086508987503
lidar,1787202086608383962
lidar,1787202086710006687
lidar,1787202086808565722
lidar,1787202086908656662
lidar,1787202087008279586
lidar,1787202087108406994
lidar,1787202087208544520
lidar,1787202087308209220
lidar,1787202087408419803
lidar,1787202087508297168
lidar,1787202087608294544
lidar,1787202087708233606
lidar,1787202087808047374
lidar,1787202087907770812
lidar,1787202088008005942
lidar,1787202088108444275
lidar,1787202088208042201
lidar,1787202088308135540
lidar,1787202088408383465
lidar,1787202088507931171
lidar,1787202088607935214
lidar,1787202088707841715
lidar,1787202088808284131
lidar,1787202088908416540
lidar,1787202089008039225
lidar,1787202089107874687
lidar,1787202089207317170
lidar,1787202089306643555
lidar,1787202089406365893
lidar,1787202089505587551
lidar,1787202089604981651
lidar,1787202089705008533
lidar,1787202089804690374
lidar,1787202089906437978
lidar,1787202090004250363
lidar,1787202090104594390
lidar,1787202090204450504
lidar,1787202090304746258
lidar,1787202090404245618
lidar,1787202090504308472
lidar,1787202091166198692
lidar,1787202091166442113
lidar,1787202091166715731
lidar,1787202091166859073
lidar,1787202091166986712
lidar,1787202091204239993
lidar,1787202091304185918
lidar,1787202091403968070
lidar,1787202091504104208
lidar,1787202091604444876
lidar,1787202091704064536
lidar,1787202091803979464
lidar,1787202091903795212
lidar,1787202092004024111
lidar,1787202092104007659
lidar,1787202092204141763
lidar,1787202092303996593
lidar,1787202092404752104
lidar,1787202092503997697
lidar,1787202092603840515
lidar,1787202092703158520
lidar,1787202092802355494
lidar,1787202092901207306
lidar,1787202093000602622
lidar,1787202093099842589
lidar,1787202093199146215
lidar,1787202093298292164
lidar,1787202093397916797
lidar,1787202093497927267
lidar,1787202093597691413
lidar,1787202093697807201
lidar,1787202093797675813
lidar,1787202093900099349
lidar,1787202093997818133
lidar,1787202094097536873
lidar,1787202094197548399
lidar,1787202094297333509
lidar,1787202094397094224
lidar,1787202094497018900
lidar,1787202094597064404
lidar,1787202094697248041
lidar,1787202094797103048
lidar,1787202094896613258
lidar,1787202094996759714
lidar,1787202095096432262
lidar,1787202095196768561
lidar,1787202095296854199
lidar,1787202095396808065
lidar,1787202095496718004
lidar,1787202095596069438
lidar,1787202095695079656
lidar,1787202095794892711
lidar,1787202095893906241
lidar,1787202095993606911
lidar,1787202096092839963
lidar,1787202096191676049
lidar,1787202096290953835
lidar,1787202096390417270
lidar,1787202096491035262
lidar,1787202096589496836
lidar,1787202096689522523
lidar,1787202096789676331
lidar,1787202096889324885
lidar,1787202096989520657
lidar,1787202097089424628
lidar,1787202097189500209
lidar,1787202097289515708
lidar,1787202097389503750
lidar,1787202097489538969
lidar,1787202097589483373
lidar,1787202097689498416
lidar,1787202097791372351
lidar,1787202097889408825
lidar,1787202097989359617
lidar,1787202098088798365
lidar,1787202098189076762
lidar,1787202098288170006
lidar,1787202098387501182
lidar,1787202098486789965
lidar,1787202098585986405
lidar,1787202098685324918
lidar,1787202098785118839
lidar,1787202098884942938
lidar,1787202098984618639
lidar,1787202099084401075
lidar,1787202099183883769
lidar,1787202099283745569
lidar,1787202099383616359
lidar,1787202099483179993
lidar,1787202099583511760
lidar,1787202099683355475
lidar,1787202099783448670
lidar,1787202099883561205
lidar,1787202099983287740
lidar,1787202100083176722
lidar,1787202100183254477
lidar,1787202100283152889
lidar,1787202100383370840
lidar,1787202100483482749
lidar,1787202100583783628
lidar,1787202100684019460
lidar,1787202100785791196
lidar,1787202100884187435
lidar,1787202100984274730
lidar,1787202101083957574
lidar,1787202101184143099
lidar,1787202101284220780
lidar,1787202101384176569
lidar,1787202101484996041
lidar,1787202101584838439
lidar,1787202101684800911
lidar,1787202101785253957
lidar,1787202101883915982
lidar,1787202101983735511
lidar,1787202102082667247
lidar,1787202102181933837
lidar,1787202102281324382
lidar,1787202102380541808
lidar,1787202102480027786
lidar,1787202102579363968
lidar,1787202102679355462
lidar,1787202102779614455
lidar,1787202102879300101
lidar,1787202102978894711
lidar,1787202103079227727
lidar,1787202103178794572
lidar,1787202103278820608
lidar,1787202103378867439
lidar,1787202103479330389
lidar,1787202103579225054
lidar,1787202103679013041
lidar,1787202103779086618
lidar,1787202103879223583
lidar,1787202103979754433
lidar,1787202104081110738
lidar,1787202104179218401
lidar,1787202104279198971
lidar,1787202104379031185
lidar,1787202104478455219
lidar,1787202104577447729
lidar,1787202104677304868
lidar,1787202104776045894
lidar,1787202104875322073
lidar,1787202104975084838
lidar,1787202105073392206
lidar,1787202105188921853
lidar,1787202105272158341
lidar,1787202105371310454
lidar,1787202105471327452
lidar,1787202105570521827
lidar,1787202105670650820
lidar,1787202105770300282
lidar,1787202105870337960
lidar,1787202105970843069
lidar,1787202106069675754
lidar,1787202106169776178
lidar,1787202106269507673
lidar,1787202106369404233
lidar,1787202106469660505
lidar,1787202106569728931
lidar,1787202106669315814
lidar,1787202106769446811
lidar,1787202106869188496
lidar,1787202106968992981
lidar,1787202107068853361
lidar,1787202107168870496
lidar,1787202107268460473
lidar,1787202107368643961
lidar,1787202107468925750
lidar,1787202107568880207
lidar,1787202107668754475
lidar,1787202107768801880
lidar,1787202107869290705
lidar,1787202107969182450
lidar,1787202108069532762
lidar,1787202108169232644
lidar,1787202108269401493
lidar,1787202108369093448
lidar,1787202108468465987
lidar,1787202108567914557
lidar,1787202108667056194
lidar,1787202108766562056
lidar,1787202108865103898
lidar,1787202108964307996
lidar,1787202109063569532
lidar,1787202109163396739
lidar,1787202109262447708
lidar,1787202109362599199
lidar,1787202109464711758
lidar,1787202109562476332
lidar,1787202109661739819
lidar,1787202109761874499
lidar,1787202109861836306
lidar,1787202109962437446
lidar,1787202110062427586
lidar,1787202110161926279
lidar,1787202110261712743
lidar,1787202110361506264
lidar,1787202110461910795
lidar,1787202110561970116
lidar,1787202110661240384
lidar,1787202110761341556
lidar,1787202110861228011
lidar,1787202110961141961
lidar,1787202111610195773
lidar,1787202111610419140
lidar,1787202111610560510
lidar,1787202111610689288
lidar,1787202111610817118
lidar,1787202111660582212
lidar,1787202111760455503
lidar,1787202111860481469
lidar,1787202111959777069
lidar,1787202112059397707
lidar,1787202112158888620
lidar,1787202112257788065
lidar,1787202112357273409
lidar,1787202112457038015
lidar,1787202112556662514
lidar,1787202112656643071
lidar,1787202112756458437
lidar,1787202112856777200
lidar,1787202112956389085
lidar,1787202113056647660
lidar,1787202113156431883
lidar,1787202113256746907
lidar,1787202113356931467
lidar,1787202113458588486
lidar,1787202113556871808
lidar,1787202113657307507
lidar,1787202113757390382
lidar,1787202113857057900
lidar,1787202113963114179
lidar,1787202114056794926
lidar,1787202114156711806
lidar,1787202114256692190
lidar,1787202114357480562
lidar,1787202114456629607
lidar,1787202114556640819
lidar,1787202114656894216
lidar,1787202114756916055
lidar,1787202114857007390
lidar,1787202114957286698
lidar,1787202115057293898
lidar,1787202115157675943
lidar,1787202115257069414
lidar,1787202115356677089
lidar,1787202115455940380
lidar,1787202115555603652
lidar,1787202115655192806
lidar,1787202115755215791
lidar,1787202115853795599
lidar,1787202115952817748
lidar,1787202116052797082
lidar,1787202116151323020
lidar,1787202116251247415
lidar,1787202116350939218
lidar,1787202116450762067
lidar,1787202116550482883
lidar,1787202116650221400
lidar,1787202116749713239
lidar,1787202116850079098
lidar,1787202116949683844
lidar,1787202117049575921
lidar,1787202117149861057
lidar,1787202117249743083
lidar,1787202117349858611
lidar,1787202117452263326
lidar,1787202117549806975
lidar,1787202117649950961
lidar,1787202117749968690
lidar,1787202117849804062
lidar,1787202117949820814
lidar,1787202118049834186
lidar,1787202118149396845
lidar,1787202118248783751
lidar,1787202118348153997
lidar,1787202118447459092
lidar,1787202118546708848
lidar,1787202118645368319
lidar,1787202118744634269
lidar,1787202118844403894
lidar,1787202118944100766
lidar,1787202119043614509
lidar,1787202119143272766
lidar,1787202119242705292
lidar,1787202119342679795
lidar,1787202119443418499
lidar,1787202119542633237
lidar,1787202119642328087
lidar,1787202119743274632
lidar,1787202119843329042
lidar,1787202119942537018
lidar,1787202120042299725
lidar,1787202120142622344
lidar,1787202120243147094
lidar,1787202120344360146
lidar,1787202120442500939
lidar,1787202120542768981
lidar,1787202120643431930
lidar,1787202120743510322
lidar,1787202120843655559
lidar,1787202120943645070
lidar,1787202121044115790
lidar,1787202121144341330
lidar,1787202121244358448
lidar,1787202121343425419
lidar,1787202121445771698
lidar,1787202121543387529
lidar,1787202121642583125
lidar,1787202121740501092
lidar,1787202121840053811
lidar,1787202121939155703
lidar,1787202122038677765
lidar,1787202122138613744
lidar,1787202122238204359
lidar,1787202122337996265
lidar,1787202122437450087
lidar,1787202122537619721
lidar,1787202122637533572
lidar,1787202122737736908
lidar,1787202122838133621
lidar,1787202122937977384
lidar,1787202123037441282
lidar,1787202123137588555
lidar,1787202123237398448
lidar,1787202123337210329
lidar,1787202123437174269
lidar,1787202123537300261
lidar,1787202123637246114
lidar,1787202123736986369
lidar,1787202123836973769
lidar,1787202123937180978
lidar,1787202124037320272
lidar,1787202124137157310
lidar,1787202124237608683
lidar,1787202124337189929
lidar,1787202124437099162
lidar,1787202124537306361
lidar,1787202124636794832
lidar,1787202124737337521
lidar,1787202124836903736
lidar,1787202124936832566
lidar,1787202125037376698
lidar,1787202125137200360
lidar,1787202125237049905
lidar,1787202125337540497
lidar,1787202125439531344
lidar,1787202125537721129
lidar,1787202125637368431
lidar,1787202125736670745
lidar,1787202125836224573
lidar,1787202125935489938
lidar,1787202126034831212
lidar,1787202126133870180
lidar,1787202126233182665
lidar,1787202126332388097
lidar,1787202126441338662
lidar,1787202126531803182
lidar,1787202126631477236
lidar,1787202126731339159
lidar,1787202126831304596
lidar,1787202126931385843
lidar,1787202127032316073
lidar,1787202127132295761
lidar,1787202127231464789
lidar,1787202127331603959
lidar,1787202127431418681
lidar,1787202127532153958
lidar,1787202127632397989
lidar,1787202127731811969
lidar,1787202127831714290
lidar,1787202127931734410
lidar,1787202128031878192
lidar,1787202128132392074
lidar,1787202128230610190
lidar,1787202128331266555
lidar,1787202128429733987
lidar,1787202128528940999
lidar,1787202128628258733
lidar,1787202128728078270
lidar,1787202128827790178
lidar,1787202128927540009
lidar,1787202129027806678
lidar,1787202129127793279
lidar,1787202129228247684
lidar,1787202129327277082
lidar,1787202129427349820
lidar,1787202129527811605
lidar,1787202129627414668
lidar,1787202129727137440
lidar,1787202129827383189
lidar,1787202129927050668
lidar,1787202130026857048
lidar,1787202130127126526
lidar,1787202130225786539
lidar,1787202130325475743
lidar,1787202130424725005
lidar,1787202130524000431
lidar,1787202130623389578
lidar,1787202130722586449
lidar,1787202130822958535
lidar,1787202130921956621
lidar,1787202131021673268
lidar,1787202131121462181
lidar,1787202131221099960
lidar,1787202131321269150
lidar,1787202131421346155
lidar,1787202131520846674
lidar,1787202131620568201
lidar,1787202131720357216
lidar,1787202131820198151
lidar,1787202131920063268
lidar,1787202132020305787
lidar,1787202132120186603
lidar,1787202132221521163
lidar,1787202132320583945
lidar,1787202132421002660
lidar,1787202132520354390
lidar,1787202132620358855
lidar,1787202132720435116
lidar,1787202132819900921
lidar,1787202132919691796
lidar,1787202133019005186
lidar,1787202133119640910
lidar,1787202133218349915
lidar,1787202133317207743
lidar,1787202133417244224
lidar,1787202133516132497
lidar,1787202133614713460
lidar,1787202133713728307
lidar,1787202133812990482
lidar,1787202133912536941
lidar,1787202134011946029
lidar,1787202134112614330
lidar,1787202134212371351
lidar,1787202134311473469
lidar,1787202134411769280
lidar,1787202134512023350
lidar,1787202134611889738
lidar,1787202134711568618
lidar,1787202134811265738
lidar,1787202134911197124
lidar,1787202135010909966
lidar,1787202135111857740
lidar,1787202135210777062
lidar,1787202135310648435
lidar,1787202135410480919
lidar,1787202135510468280
lidar,1787202135610765768
lidar,1787202135710512473
lidar,1787202135810816668
lidar,1787202135910358258
lidar,1787202136010439044
lidar,1787202136110745037
lidar,1787202136210993170
lidar,1787202136310427201
lidar,1787202136409362264
lidar,1787202136508902795
lidar,1787202136608131775
lidar,1787202136707545551
lidar,1787202136806373756
lidar,1787202136908074803
lidar,1787202137004742126
lidar,1787202137104209623
lidar,1787202137203117284
lidar,1787202137302365285
lidar,1787202137402104652
lidar,1787202137501476507
lidar,1787202137601449189
lidar,1787202137700967314
lidar,1787202137800783215
lidar,1787202137900367191
lidar,1787202137999929077
lidar,1787202138100257347
lidar,1787202138200128091
lidar,1787202138300223662
lidar,1787202138399938735
lidar,1787202138500036015
lidar,1787202138599608119
lidar,1787202138699736980
lidar,1787202138799490191
lidar,1787202138899566418
lidar,1787202138999583528
lidar,1787202139099258601
lidar,1787202139199182274
lidar,1787202139298677633
lidar,1787202139398841647
lidar,1787202139497976750
lidar,1787202139598048388
lidar,1787202139698022535
lidar,1787202139798168075
lidar,1787202139898109149
lidar,1787202139997647262
lidar,1787202140097368306
lidar,1787202140197306721
lidar,1787202140297365552
lidar,1787202140397284947
lidar,1787202140497171651
lidar,1787202140597079675
lidar,1787202140697362940
lidar,1787202140800242927
lidar,1787202140897037106
lidar,1787202140996571745
lidar,1787202141096224608
lidar,1787202141196569902
lidar,1787202141296264991
lidar,1787202141396321732
lidar,1787202141496117169
lidar,1787202141596072123
lidar,1787202141695883863
lidar,1787202141796058904
lidar,1787202141896142351
lidar,1787202141995568979
lidar,1787202142095297166
lidar,1787202142195697453
lidar,1787202142295852757
lidar,1787202142395991046
lidar,1787202142495921075
lidar,1787202142595995223
lidar,1787202142695803743
lidar,1787202142795109555
lidar,1787202142894429985
lidar,1787202142994297739
lidar,1787202143093885614
lidar,1787202143192584367
lidar,1787202143291725406
lidar,1787202143391505504
lidar,1787202143490179062
lidar,1787202143589331330
lidar,1787202143688900490
lidar,1787202143788048659
lidar,1787202143887073971
lidar,1787202143986943870
lidar,1787202144086218913
lidar,1787202144185667718
lidar,1787202144285630718
lidar,1787202144385377374
lidar,1787202144485979606
lidar,1787202144588170901
lidar,1787202144685300853
lidar,1787202144785181535
lidar,1787202144885262063
lidar,1787202144984719884
lidar,1787202145084596507
lidar,1787202145184543961
lidar,1787202145284523809
lidar,1787202145384486949
lidar,1787202145484662430
lidar,1787202145584330606
lidar,1787202145684512443
lidar,1787202145784513428
lidar,1787202145884331631
lidar,1787202145984288301
lidar,1787202146084471204
lidar,1787202146184322753
lidar,1787202146284181229
lidar,1787202146383836812
lidar,1787202146484250576
lidar,1787202146583872685
lidar,1787202146683946880
lidar,1787202146784195709
lidar,1787202146884159737
lidar,1787202146984335438
lidar,1787202147084612206
lidar,1787202147184415340
lidar,1787202147284852367
lidar,1787202147384981558
lidar,1787202147484533062
lidar,1787202147584241842
lidar,1787202147683686812
lidar,1787202147783440711
lidar,1787202147882468437
lidar,1787202147981652541
lidar,1787202148080677388
lidar,1787202148179738456
lidar,1787202148279240753
lidar,1787202148378574117
lidar,1787202148479528323
lidar,1787202148577682200
lidar,1787202148677714769
lidar,1787202148777414631
lidar,1787202148877501921
lidar,1787202148977296543
lidar,1787202149077232017
lidar,1787202149176850980
lidar,1787202149277097855
lidar,1787202149376730734
lidar,1787202149476869363
lidar,1787202149577098943
lidar,1787202149676814935
lidar,1787202149777302611
lidar,1787202149877237421
lidar,1787202149976979312
lidar,1787202150076697979
lidar,1787202150176761869
lidar,1787202150276819043
lidar,1787202150376680770
lidar,1787202150476514431
lidar,1787202150576146510
lidar,1787202150675985121
lidar,1787202150776186547
lidar,1787202150875914342
lidar,1787202150975917366
lidar,1787202151075977591
lidar,1787202151176039087
lidar,1787202151276195569
lidar,1787202151376073554
lidar,1787202151475631243
lidar,1787202151576459669
lidar,1787202151675270887
lidar,1787202151775487225
lidar,1787202151876444285
lidar,1787202151975501903
lidar,1787202152075590493
lidar,1787202152174960881
lidar,1787202152274095348
lidar,1787202152373660764
lidar,1787202152473197407
lidar,1787202152571915065
lidar,1787202152670781789
lidar,1787202152769830810
lidar,1787202152869175638
lidar,1787202152968337011
lidar,1787202153068497341
lidar,1787202153168201890
lidar,1787202153267780904
lidar,1787202153368396622
lidar,1787202153468060924
lidar,1787202153568114669
lidar,1787202153667801355
lidar,1787202153767699361
lidar,1787202153867742285
lidar,1787202153967812552
lidar,1787202154067996806
lidar,1787202154168133659
lidar,1787202154267832252
lidar,1787202154368166686
lidar,1787202154467742015
lidar,1787202154567848565
lidar,1787202154667555873
lidar,1787202154767091018
lidar,1787202154866656690
lidar,1787202154965408453
lidar,1787202155065565436
lidar,1787202155164516698
lidar,1787202155263358234
lidar,1787202155363847723
lidar,1787202155466824779
lidar,1787202155567722675
lidar,1787202155660779108
lidar,1787202155760280399
lidar,1787202155860137067
lidar,1787202155960065448
lidar,1787202156059760672
lidar,1787202156160136290
lidar,1787202156262003332
lidar,1787202156359575329
lidar,1787202156459130898
lidar,1787202156558795462
lidar,1787202156659174134
lidar,1787202156758898096
lidar,1787202156858973833
lidar,1787202156958909239
lidar,1787202157058990848
lidar,1787202157162807124
lidar,1787202157266469300
lidar,1787202157359345807
lidar,1787202157466746769
lidar,1787202157559479368
lidar,1787202157660969228
lidar,1787202157759173035
lidar,1787202157858808718
lidar,1787202157957976236
lidar,1787202158057480486
lidar,1787202158156508862
lidar,1787202158255592713
lidar,1787202158355278616
lidar,1787202158457048841
lidar,1787202158553269055
lidar,1787202158652286129
lidar,1787202158752465939
lidar,1787202158852488010
lidar,1787202158951380665
lidar,1787202159051636496
lidar,1787202159151400640
lidar,1787202159251227189
lidar,1787202159351000241
lidar,1787202159450980200
lidar,1787202159550466541
lidar,1787202159650891752
lidar,1787202159750925360
lidar,1787202159850837913
lidar,1787202159950899600
lidar,1787202160050756175
lidar,1787202160152944775
lidar,1787202160250344480
lidar,1787202160350433279
lidar,1787202160450269314
lidar,1787202160550228254
lidar,1787202160650229318
lidar,1787202160750150549
lidar,1787202160850048771
lidar,1787202160949292395
lidar,1787202161048296979
lidar,1787202161147162033
lidar,1787202161246321958
lidar,1787202161345525751
lidar,1787202161444902072
lidar,1787202161544261547
lidar,1787202161643427962
lidar,1787202161742310847
lidar,1787202161841835401
lidar,1787202161940702135
lidar,1787202162040116483
lidar,1787202162139522907
lidar,1787202162239566349
lidar,1787202162339712015
lidar,1787202162439077387
lidar,1787202162539286522
lidar,1787202162639397677
lidar,1787202162738932609
lidar,1787202162838782349
lidar,1787202162938730371
lidar,1787202163039004723
lidar,1787202163138722107
lidar,1787202163238636509
lidar,1787202163338504128
lidar,1787202163438110101
lidar,1787202163537439336
lidar,1787202163636661957
lidar,1787202163737357287
lidar,1787202163835083720
lidar,1787202163934075272
lidar,1787202164033125118
lidar,1787202164132622648
lidar,1787202164232387701
lidar,1787202164331703975
lidar,1787202164431498795
lidar,1787202164531402031
lidar,1787202164631135123
lidar,1787202164731255596
lidar,1787202164831114433
lidar,1787202164931121216
lidar,1787202165031957384
lidar,1787202165131292330
lidar,1787202165231461197
lidar,1787202165331156989
lidar,1787202165431289290
lidar,1787202165531301327
lidar,1787202165631442029
lidar,1787202165731164691
lidar,1787202165831265847
lidar,1787202165931367115
lidar,1787202166031166900
lidar,1787202166131104519
lidar,1787202166230918072
lidar,1787202166330882448
lidar,1787202166431058290
lidar,1787202166530954501
lidar,1787202166631110935
lidar,1787202166730909720
lidar,1787202166831525428
lidar,1787202166930846786
lidar,1787202167030249613
lidar,1787202167129672220
lidar,1787202167228890361
lidar,1787202167328392853
lidar,1787202167427524903
lidar,1787202167526998873
lidar,1787202167628521642
lidar,1787202167725836860
lidar,1787202167825410701
lidar,1787202167925054484
lidar,1787202168024823435
lidar,1787202168124682609
lidar,1787202168224632081
lidar,1787202168324602725
lidar,1787202168424374192
lidar,1787202168525012490
lidar,1787202168624537763
lidar,1787202168724228786
lidar,1787202168824654200
lidar,1787202168924409270
lidar,1787202169024118901
lidar,1787202169123814831
lidar,1787202169223751212
lidar,1787202169323583167
lidar,1787202169423631258
lidar,1787202169523559960
lidar,1787202169623478504
lidar,1787202169723225392
lidar,1787202169823513917
lidar,1787202169923196980
lidar,1787202170023407343
lidar,1787202170123622916
lidar,1787202170223242112
lidar,1787202170323516484
lidar,1787202170423501733
lidar,1787202170523702045
lidar,1787202170623416249
lidar,1787202170723841841
lidar,1787202170823566926
lidar,1787202170923891370
lidar,1787202171023602325
lidar,1787202171123728366
lidar,1787202171223680832
lidar,1787202171323163842
lidar,1787202171422965004
lidar,1787202171521851156
lidar,1787202171622039107
lidar,1787202171720617527
lidar,1787202171820123381
lidar,1787202171921024904
lidar,1787202172018953175
lidar,1787202172118890331
lidar,1787202172219112941
lidar,1787202172319181121
lidar,1787202172419286404
lidar,1787202172526241560
lidar,1787202172618790154
lidar,1787202172718802591
lidar,1787202172818848952
lidar,1787202172919057380
lidar,1787202173019262766
lidar,1787202173119290170
lidar,1787202173219524281
lidar,1787202173319668360
lidar,1787202173418828922
lidar,1787202173518220022
lidar,1787202173617260339
lidar,1787202173717046944
lidar,1787202173815661395
lidar,1787202173914977427
lidar,1787202174014198657
lidar,1787202174113182534
lidar,1787202174212506135
lidar,1787202174312269255
lidar,1787202174412072738
lidar,1787202174511418343
lidar,1787202174611430668
lidar,1787202174711551847
lidar,1787202174811134377
lidar,1787202174910846465
lidar,1787202175010803920
lidar,1787202175110698924
lidar,1787202175210818706
lidar,1787202175310670543
lidar,1787202175411376308
lidar,1787202175513774757
lidar,1787202175612759593
lidar,1787202175713073553
lidar,1787202175812832081
lidar,1787202175912893752
lidar,1787202176013135805
lidar,1787202176113242861
lidar,1787202176212981099
lidar,1787202176313213101
lidar,1787202176413835730
lidar,1787202176512922882
lidar,1787202176612607349
lidar,1787202176712806420
lidar,1787202176811505084
lidar,1787202176910831499
lidar,1787202177009702833
lidar,1787202177109145603
lidar,1787202177207987294
lidar,1787202177307258552
lidar,1787202177408058865
lidar,1787202177505522042
lidar,1787202177605043687
lidar,1787202177703836542
lidar,1787202177803485112
lidar,1787202177902974112
lidar,1787202178003263712
lidar,1787202178101918565
lidar,1787202178201969447
lidar,1787202178302145352
lidar,1787202178402916744
lidar,1787202178501965977
lidar,1787202178601658148
lidar,1787202178701401870
lidar,1787202178802482104
lidar,1787202178901479895
lidar,1787202179002330153
lidar,1787202179101757222
lidar,1787202179201584268
lidar,1787202179302170789
lidar,1787202179404797461
lidar,1787202179501983833
lidar,1787202179602154256
lidar,1787202179702449544
lidar,1787202179802321271
lidar,1787202179902343226
lidar,1787202180002434097
lidar,1787202180102553432
lidar,1787202180202382577
lidar,1787202180302080636
lidar,1787202180401318073
lidar,1787202180500490713
lidar,1787202180600031742
lidar,1787202180699337922
lidar,1787202180798943175
lidar,1787202180898556366
lidar,1787202180997857245
lidar,1787202181097232918
lidar,1787202181197161545
lidar,1787202181297449506
lidar,1787202181397381128
lidar,1787202181497402281
lidar,1787202181597398197
lidar,1787202181697658365
lidar,1787202181797401344
lidar,1787202181897731236
lidar,1787202181998740581
lidar,1787202182097598963
lidar,1787202182197415569
lidar,1787202182296897207
lidar,1787202182396529390
lidar,1787202182496228392
lidar,1787202182595637046
lidar,1787202182694993242
lidar,1787202182794495872
lidar,1787202182893871513
lidar,1787202182992709534
lidar,1787202183092267548
lidar,1787202183193544152
lidar,1787202183291935695
lidar,1787202183391719667
lidar,1787202183492398809
lidar,1787202183591512391
lidar,1787202183691113075
lidar,1787202183791326954
lidar,1787202183891154727
lidar,1787202183991664887
lidar,1787202184091301512
lidar,1787202184191641231
lidar,1787202184296068287
lidar,1787202184391387482
lidar,1787202184491835756
lidar,1787202184591802478
lidar,1787202184691660211
lidar,1787202184791562353
lidar,1787202184891631405
lidar,1787202184990375858
lidar,1787202185089566416
lidar,1787202185188904379
lidar,1787202185287945333
lidar,1787202185387305056
lidar,1787202185486414272
lidar,1787202185585787725
lidar,1787202185684813315
lidar,1787202185784602256
lidar,1787202185884278985
lidar,1787202185983875357
lidar,1787202186083786754
lidar,1787202186686336174
lidar,1787202186686566549
lidar,1787202186686707207
lidar,1787202186686845699
lidar,1787202186686983638
lidar,1787202186784157629
lidar,1787202186883784015
lidar,1787202186983581597
lidar,1787202187085870222
lidar,1787202187190685545
lidar,1787202187284138446
lidar,1787202187383843386
lidar,1787202187483558940
lidar,1787202187583551577
lidar,1787202187683150192
lidar,1787202187783354529
lidar,1787202187883061393
lidar,1787202187983241803
lidar,1787202188083102589
lidar,1787202188183203452
lidar,1787202188283237417
lidar,1787202188383197549
lidar,1787202188482965594
lidar,1787202188582897287
lidar,1787202188682878026
lidar,1787202188782664616
lidar,1787202188883095819
lidar,1787202188982350171
lidar,1787202189082536533
lidar,1787202189181891506
lidar,1787202189284198920
lidar,1787202189382842689
lidar,1787202189482435104
lidar,1787202189582130483
lidar,1787202189682460733
lidar,1787202189782283809
lidar,1787202189884548857
lidar,1787202189982438514
lidar,1787202190082462003
lidar,1787202190182684924
lidar,1787202190284406992
lidar,1787202190381867601
lidar,1787202190481370550
lidar,1787202190580795989
lidar,1787202190679608127
lidar,1787202190778717264
lidar,1787202190887700362
lidar,1787202190977184157
lidar,1787202191078233665
lidar,1787202191176530904
lidar,1787202191276988023
lidar,1787202191376631306
lidar,1787202191476354788
lidar,1787202191576657665
lidar,1787202191676661922
lidar,1787202191777094290
lidar,1787202191876178471
lidar,1787202191976375251
lidar,1787202192076346821
lidar,1787202192176479136
lidar,1787202192276173928
lidar,1787202192376147483
lidar,1787202192476203714
lidar,1787202192575896162
lidar,1787202192675873099
lidar,1787202192775869925
lidar,1787202192876039688
lidar,1787202193502329088
lidar,1787202193502589704
lidar,1787202193502751677
lidar,1787202193502907327
lidar,1787202193503054265
lidar,1787202193574778153
lidar,1787202193674415210
lidar,1787202193774952823
lidar,1787202193872596460
lidar,1787202193971237623
lidar,1787202194070562697
lidar,1787202194169653888
lidar,1787202194269091961
lidar,1787202194368673223
lidar,1787202194468083365
lidar,1787202194568487326
lidar,1787202194668013980
lidar,1787202194768091831
lidar,1787202194867989970
lidar,1787202194969366062
lidar,1787202195067986188
lidar,1787202195167799187
lidar,1787202195268489255
lidar,1787202195368200194
lidar,1787202195468117358
lidar,1787202195568184574
lidar,1787202195667844479
lidar,1787202195767758925
lidar,1787202195867338545
lidar,1787202195966858820
lidar,1787202196066053853
lidar,1787202196165349005
lidar,1787202196264339294
lidar,1787202196364100425
lidar,1787202196463320822
lidar,1787202196563071815
lidar,1787202196662241698
lidar,1787202196761949409
lidar,1787202196861879497
lidar,1787202196961901827
lidar,1787202197061904157
lidar,1787202197163963519
lidar,1787202197261633665
lidar,1787202197361509199
lidar,1787202197462587265
lidar,1787202197564354654
lidar,1787202197661559491
lidar,1787202197761726313
lidar,1787202197861409101
lidar,1787202197961498152
lidar,1787202198061229165
lidar,1787202198160932931
lidar,1787202198260334170
lidar,1787202198359648180
lidar,1787202198459170031
lidar,1787202198558362349
lidar,1787202198660942881
lidar,1787202198758294626
lidar,1787202198856610209
lidar,1787202198956408987
lidar,1787202199055956707
lidar,1787202199155958226
lidar,1787202199256284934
lidar,1787202199356171775
lidar,1787202199456222125
lidar,1787202199555870331
lidar,1787202199655519465
lidar,1787202199755720220
lidar,1787202199855750198
lidar,1787202199955667405
lidar,1787202200055757023
lidar,1787202200155691165
lidar,1787202200255220473
lidar,1787202200355283576
lidar,1787202200455225207
lidar,1787202200555154486
lidar,1787202200655216978
lidar,1787202200755189547
lidar,1787202200891677539
lidar,1787202200955798499
lidar,1787202201056475441
lidar,1787202201155965919
lidar,1787202201255828094
lidar,1787202201355968374
lidar,1787202201455687583
lidar,1787202201556489588
lidar,1787202201654922071
lidar,1787202201754836102
lidar,1787202201853875511
lidar,1787202201953058204
lidar,1787202202053114709
lidar,1787202202152385845
lidar,1787202202252412593
lidar,1787202202352299247
lidar,1787202202452514494
lidar,1787202202553092751
lidar,1787202202653147376
lidar,1787202202752374239
lidar,1787202202854426035
lidar,1787202202952461671
lidar,1787202203052310837
lidar,1787202203152416725
lidar,1787202203252657731
lidar,1787202203352928182
lidar,1787202203452831826
lidar,1787202203552670363
lidar,1787202203653218941
lidar,1787202203753611063
lidar,1787202203853539297
lidar,1787202203953335077
lidar,1787202204053644066
lidar,1787202204153394878
lidar,1787202204253443957
lidar,1787202204352435194
lidar,1787202204451837567
lidar,1787202204552323082
lidar,1787202204650603546
lidar,1787202204749591228
lidar,1787202204849103409
lidar,1787202204948898775
lidar,1787202205048656907
lidar,1787202205148400136
lidar,1787202205248693466
lidar,1787202205348329190
lidar,1787202205448363020
lidar,1787202205548295905
lidar,1787202205648072695
lidar,1787202205747696609
lidar,1787202205848021552
lidar,1787202205947508287
lidar,1787202206047387663
lidar,1787202206147044534
lidar,1787202206246631556
lidar,1787202206346703787
lidar,1787202206446887074
lidar,1787202206547466705
lidar,1787202206647180730
lidar,1787202206747254466
lidar,1787202206847854197
lidar,1787202206946447169
lidar,1787202207047371654
lidar,1787202207146376055
lidar,1787202207246261264
lidar,1787202207346242361
lidar,1787202207446723909
lidar,1787202207546023705
lidar,1787202207646083026
lidar,1787202207745556084
lidar,1787202207845376941
lidar,1787202207945438282
lidar,1787202208045447387
lidar,1787202208145121067
lidar,1787202208244971648
lidar,1787202208862225249
lidar,1787202208862541559
lidar,1787202208862816763
lidar,1787202208862968542
lidar,1787202208863103733
lidar,1787202208944345705
lidar,1787202209044549879
lidar,1787202209144230433
lidar,1787202209244616262
lidar,1787202209344320837
lidar,1787202209443979083
lidar,1787202209544023969
lidar,1787202209644104325
lidar,1787202209744146868
lidar,1787202209844164827
lidar,1787202209944156244
lidar,1787202210047944341
lidar,1787202210143958052
lidar,1787202210244131928
lidar,1787202210343581532
lidar,1787202210443667655
lidar,1787202210543572741
lidar,1787202210643411236
lidar,1787202210743491998
lidar,1787202210843875714
lidar,1787202210944062035
lidar,1787202211043096724
lidar,1787202211143141819
lidar,1787202211243282378
lidar,1787202211343644658
lidar,1787202211443142936
lidar,1787202211542720447
lidar,1787202211643021126
lidar,1787202211742830428
lidar,1787202211842794752
lidar,1787202211942711804
lidar,1787202212043285063
lidar,1787202212142573935
lidar,1787202212242538890
lidar,1787202212342886655
lidar,1787202212443366600
lidar,1787202212543252995
lidar,1787202212643079958
lidar,1787202212742939229
lidar,1787202212842963464
lidar,1787202212942553400
lidar,1787202213042208521
lidar,1787202213141468658
lidar,1787202213240807557
lidar,1787202213340056992
lidar,1787202214014204465
lidar,1787202214014506226
lidar,1787202214014716263
lidar,1787202214014914289
lidar,1787202214015116944
lidar,1787202214038365135
lidar,1787202214138490842
lidar,1787202214238266247
lidar,1787202214337994690
lidar,1787202214438143873
lidar,1787202214538135366
lidar,1787202214638343185
lidar,1787202214738040148
lidar,1787202214838324478
lidar,1787202214938364494
lidar,1787202215040045813
lidar,1787202215138848882
lidar,1787202215239015647
lidar,1787202215339058832
lidar,1787202215438555030
lidar,1787202215537969895
lidar,1787202215637443405
lidar,1787202215736788946
lidar,1787202215835989465
lidar,1787202215935662943
lidar,1787202216035164406
lidar,1787202216134556918
lidar,1787202216233988048
lidar,1787202216334100967
lidar,1787202216433339129
lidar,1787202216532957473
lidar,1787202216632877345
lidar,1787202216732562720
lidar,1787202216833170907
lidar,1787202216932304789
lidar,1787202217033980088
lidar,1787202217132007427
lidar,1787202217232081505
lidar,1787202217331826589
lidar,1787202217431797309
lidar,1787202217531630429
lidar,1787202217631209636
lidar,1787202217731554158
lidar,1787202217831646539
lidar,1787202217932584150
lidar,1787202218032516765
lidar,1787202218132755957
lidar,1787202218233139126
lidar,1787202218333579834
lidar,1787202218433318379
lidar,1787202218533734049
lidar,1787202218633695960
lidar,1787202218735203198
lidar,1787202218834054511
lidar,1787202218933870614
lidar,1787202219033811193
lidar,1787202219136138283
lidar,1787202219233242303
lidar,1787202219332775672
lidar,1787202219431664026
lidar,1787202219531883963
lidar,1787202219630101893
lidar,1787202219729216888
lidar,1787202219859725122
lidar,1787202219927696547
lidar,1787202220027513816
lidar,1787202220126989875
lidar,1787202220226936510
lidar,1787202220326560682
lidar,1787202220427517193
lidar,1787202220526718744
lidar,1787202220627000048
lidar,1787202220726934964
lidar,1787202220826855660
lidar,1787202220927044694
lidar,1787202221026673898
lidar,1787202221126626145
lidar,1787202221226440993
lidar,1787202221326283408
lidar,1787202221426083383
lidar,1787202221527167312
lidar,1787202221625288326
lidar,1787202221725169880
lidar,1787202221825425830
lidar,1787202221925366150
lidar,1787202222025157036
lidar,1787202222125239441
lidar,1787202222224952703
lidar,1787202222325472236
lidar,1787202222424965000
lidar,1787202222524963038
lidar,1787202222624840699
lidar,1787202222725040169
lidar,1787202222825061293
lidar,1787202222925364736
lidar,1787202223027318840
lidar,1787202223125610777
lidar,1787202223225332837
lidar,1787202223325445178
lidar,1787202223424891116
lidar,1787202223524773594
lidar,1787202223624288745
lidar,1787202223724638127
lidar,1787202223824021238
lidar,1787202223923477178
lidar,1787202224023641366
lidar,1787202224123706420
lidar,1787202224223341938
lidar,1787202224323858895
lidar,1787202224423608048
lidar,1787202224523526289
lidar,1787202224623552905
lidar,1787202224723519998
lidar,1787202224823822613
lidar,1787202224923340217
lidar,1787202225022834821
lidar,1787202225122277809
lidar,1787202225221153771
lidar,1787202225321725353
lidar,1787202225419972234
lidar,1787202225519165934
lidar,1787202225618956843
lidar,1787202225718456698
lidar,1787202225818575375
lidar,1787202225918739710
lidar,1787202226018253452
lidar,1787202226118859093
lidar,1787202226218912494
lidar,1787202226318779600
lidar,1787202226418808269
lidar,1787202226518749740
lidar,1787202226618779241
lidar,1787202226719094389
lidar,1787202226818646047
lidar,1787202226918574305
lidar,1787202227020864892
lidar,1787202227117136124
lidar,1787202227216174239
lidar,1787202227315798155
lidar,1787202227414767834
lidar,1787202227514332356
lidar,1787202227613405741
lidar,1787202227712446858
lidar,1787202227811709984
lidar,1787202227910801683
lidar,1787202228010107130
lidar,1787202228109076332
lidar,1787202228208233528
lidar,1787202228307896965
lidar,1787202228407222221
lidar,1787202228507070532
lidar,1787202228606898454
lidar,1787202228706461426
lidar,1787202228806065688
lidar,1787202228906058509
lidar,1787202229006116106
lidar,1787202229106315264
lidar,1787202229206613965
lidar,1787202229306198359
lidar,1787202229405940235
lidar,1787202229505803797
lidar,1787202229605722287
lidar,1787202229705799763
lidar,1787202229805844451
lidar,1787202229906079461
lidar,1787202230005654024
lidar,1787202230105451876
lidar,1787202230205441637
lidar,1787202230305557279
lidar,1787202230405009312
lidar,1787202230504700848
lidar,1787202230605023792
lidar,1787202230707059541
lidar,1787202230804269839
lidar,1787202230903977964
lidar,1787202231003913799
lidar,1787202231103881910
lidar,1787202231203485877
lidar,1787202231303687590
lidar,1787202231403418835
lidar,1787202231503051956
lidar,1787202231602989062
lidar,1787202231703183301
lidar,1787202231802970360
lidar,1787202231903091241
lidar,1787202232002688129
lidar,1787202232102689074
lidar,1787202232203495794
lidar,1787202232302819751
lidar,1787202232402717475
lidar,1787202232502452979
lidar,1787202232602611704
lidar,1787202232702155157
lidar,1787202232802144719
lidar,1787202232902070240
lidar,1787202233001443971
lidar,1787202233101126341
lidar,1787202233200967060
lidar,1787202233301038123
lidar,1787202233400671154
lidar,1787202233500623647
lidar,1787202233600733035
lidar,1787202233700467722
lidar,1787202233800614360
lidar,1787202234430229319
lidar,1787202234430509391
lidar,1787202234430716122
lidar,1787202234430911986
lidar,1787202234431089487
lidar,1787202234499490493
lidar,1787202234599652280
lidar,1787202234701027204
lidar,1787202234811230718
lidar,1787202234899362225
lidar,1787202234999381370
lidar,1787202235100110430
lidar,1787202235199087153
lidar,1787202235297824401
lidar,1787202235397171522
lidar,1787202235496436032
lidar,1787202235595648235
lidar,1787202235694858079
lidar,1787202235794040930
lidar,1787202235893276453
lidar,1787202235992570261
lidar,1787202236091935429
lidar,1787202236190705494
lidar,1787202236290315804
lidar,1787202236389914565
lidar,1787202236489458854
lidar,1787202236589147634
lidar,1787202236689301036
lidar,1787202236789397247
lidar,1787202236889398684
lidar,1787202236989543092
lidar,1787202237089966970
lidar,1787202237189735231
lidar,1787202237290005768
lidar,1787202237390301680
lidar,1787202237490353652
lidar,1787202237590433745
lidar,1787202237690603142
lidar,1787202237790085980
lidar,1787202237889861763
lidar,1787202237988685084
lidar,1787202238088260568
lidar,1787202238187453732
lidar,1787202238286555652
lidar,1787202238387386899
lidar,1787202238484399303
lidar,1787202238583630111
lidar,1787202238683125677
lidar,1787202238783370330
lidar,1787202238883317800
lidar,1787202238982395085
lidar,1787202239082253729
lidar,1787202239182121733
lidar,1787202239281879873
lidar,1787202239381528666
lidar,1787202239481127903
lidar,1787202239581067974
lidar,1787202239681271513
lidar,1787202239781025888
lidar,1787202239880874542
lidar,1787202239980804859
lidar,1787202240080687816
lidar,1787202240180285335
lidar,1787202240280246933
lidar,1787202240380213189
lidar,1787202240480281573
lidar,1787202240579773104
lidar,1787202240680200168
lidar,1787202240779435494
lidar,1787202240879234988
lidar,1787202240978814428
lidar,1787202241078896279
lidar,1787202241178258163
lidar,1787202241278586121
lidar,1787202241378510349
lidar,1787202241478376520
lidar,1787202241578560581
lidar,1787202241678267768
lidar,1787202241778382699
lidar,1787202241877947218
lidar,1787202241978324563
lidar,1787202242077939049
lidar,1787202242177600811
lidar,1787202242278729247
lidar,1787202242380443718
lidar,1787202242477986081
lidar,1787202242578896941
lidar,1787202242678168979
lidar,1787202242777619819
lidar,1787202242877689539
lidar,1787202242977311822
lidar,1787202243077131556
lidar,1787202243177251697
lidar,1787202243277153067
lidar,1787202243377332265
lidar,1787202243477118624
lidar,1787202243577390769
lidar,1787202243677225657
lidar,1787202243777109759
lidar,1787202243877189585
lidar,1787202243977022605
lidar,1787202244076750614
lidar,1787202244176705961
lidar,1787202244276615704
lidar,1787202244376521622
lidar,1787202244475807269
lidar,1787202244575168530
lidar,1787202244674530668
lidar,1787202244773622768
lidar,1787202244872756557
lidar,1787202244971997561
lidar,1787202245071090561
lidar,1787202245170691522
lidar,1787202245270495105
lidar,1787202245370448513
lidar,1787202245470252350
lidar,1787202245569919936
lidar,1787202245669445776
lidar,1787202245771169285
lidar,1787202245869135554
lidar,1787202245969199040
lidar,1787202246070855438
lidar,1787202246169765639
lidar,1787202246268859326
lidar,1787202246368725551
lidar,1787202246468804298
lidar,1787202246568540229
lidar,1787202246668010828
lidar,1787202246767790098
lidar,1787202246868001991
lidar,1787202246967648542
lidar,1787202247067754957
lidar,1787202247168178827
lidar,1787202247267870166
lidar,1787202247367838014
lidar,1787202247468801580
lidar,1787202247567678870
lidar,1787202247667515569
lidar,1787202247767650771
lidar,1787202247869736772
lidar,1787202247966403653
lidar,1787202248065875726
lidar,1787202248165336032
lidar,1787202248264486552
lidar,1787202248363762142
lidar,1787202248462891343
lidar,1787202248562118155
lidar,1787202248661030166
lidar,1787202248760408335
lidar,1787202248860057034
lidar,1787202248959997362
lidar,1787202249059893997
lidar,1787202249160345801
lidar,1787202249259983254
lidar,1787202249360270731
lidar,1787202249459891449
lidar,1787202249559959563
lidar,1787202249660896442
lidar,1787202249760316260
lidar,1787202249860226652
lidar,1787202249960336617
lidar,1787202250060977961
lidar,1787202250163120126
lidar,1787202250260176073
lidar,1787202250360112819
lidar,1787202250459209207
lidar,1787202250558676901
lidar,1787202250657812450
lidar,1787202250757024763
lidar,1787202250856314528
lidar,1787202250955592364
lidar,1787202251054846336
lidar,1787202251154522004
lidar,1787202251254258503
lidar,1787202251353598747
lidar,1787202251453898899
lidar,1787202251553184021
lidar,1787202251652983979
lidar,1787202251752856426
lidar,1787202251852960170
lidar,1787202251952407229
lidar,1787202252052613116
lidar,1787202252152398971
lidar,1787202252252217102
lidar,1787202252351746318
lidar,1787202252451845539
lidar,1787202252552345588
lidar,1787202252652756391
lidar,1787202252753148347
lidar,1787202252854383513
lidar,1787202252954294654
lidar,1787202253054151278
lidar,1787202253154151089
lidar,1787202253254358663
lidar,1787202253354293991
lidar,1787202253454250813
lidar,1787202253554143106
lidar,1787202253654824473
lidar,1787202253754546144
lidar,1787202253854312394
lidar,1787202253954263064
lidar,1787202254054743526
lidar,1787202254153858887
lidar,1787202254253720500
lidar,1787202254354298709
lidar,1787202254453770593
lidar,1787202254553551297
lidar,1787202254653649553
lidar,1787202254754255654
lidar,1787202254854084960
lidar,1787202254953917041
lidar,1787202255052651021
lidar,1787202255151993641
lidar,1787202255251581919
lidar,1787202255350893521
lidar,1787202255450030782
lidar,1787202255549772367
lidar,1787202255649454785
lidar,1787202255749402667
lidar,1787202255849489812
lidar,1787202255949321894
lidar,1787202256049195675
lidar,1787202256148722161
lidar,1787202256248640210
lidar,1787202256348573038
lidar,1787202256448654111
lidar,1787202256548603831
lidar,1787202256648188909
lidar,1787202256748161540
lidar,1787202256847993057
lidar,1787202256948030437
lidar,1787202257048251795
lidar,1787202257148192035
lidar,1787202257248192620
lidar,1787202257348374816
lidar,1787202257448521201
lidar,1787202257548325373
lidar,1787202257647688474
lidar,1787202257747049022
lidar,1787202257846185041
lidar,1787202257946016355
lidar,1787202258044561343
lidar,1787202258144139549
lidar,1787202258242966617
lidar,1787202258342325596
lidar,1787202258441504155
lidar,1787202258540380861
lidar,1787202258640048480
lidar,1787202258739427948
lidar,1787202258839150464
lidar,1787202258938806013
lidar,1787202259039077519
lidar,1787202259138536313
lidar,1787202259238434488
lidar,1787202259338017189
lidar,1787202259438034106
lidar,1787202259538259862
lidar,1787202259638150755
lidar,1787202259738195734
lidar,1787202259838315079
lidar,1787202259938127071
lidar,1787202260038611158
lidar,1787202260138565372
lidar,1787202260238724193
lidar,1787202260338381778
lidar,1787202260438600770
lidar,1787202260538815642
lidar,1787202260638438308
lidar,1787202260737504335
lidar,1787202260837168651
lidar,1787202260936806822
lidar,1787202261036246950
lidar,1787202261135294181
lidar,1787202261234746090
lidar,1787202261334742578
lidar,1787202261434101126
lidar,1787202261533766932
lidar,1787202261633841445
lidar,1787202261734770792
lidar,1787202261833920963
lidar,1787202261933543806
lidar,1787202262033264549
lidar,1787202262133324377
lidar,1787202262233873293
lidar,1787202262333303370
lidar,1787202262433457770
lidar,1787202262533412772
lidar,1787202262633596563
lidar,1787202262733402000
lidar,1787202262833277142
lidar,1787202262933423683
lidar,1787202263032966816
lidar,1787202263132306844
lidar,1787202263232383073
lidar,1787202263332337531
lidar,1787202263432045204
lidar,1787202263532076380
lidar,1787202263631897669
lidar,1787202263731788184
lidar,1787202263832065281
lidar,1787202263931731745
lidar,1787202264031727083
lidar,1787202264131820255
lidar,1787202264231178625
lidar,1787202264330540715
lidar,1787202264429303546
lidar,1787202264528548407
lidar,1787202264628304396
lidar,1787202264727719136
lidar,1787202264826828305
lidar,1787202264925888141
lidar,1787202265025300849
lidar,1787202265125289277
lidar,1787202265225179538
lidar,1787202265324923009
lidar,1787202265424934067
lidar,1787202265524480926
lidar,1787202265625945061
lidar,1787202265724624160
lidar,1787202265824203048
lidar,1787202265924344844
lidar,1787202266024268897
lidar,1787202266124796161
lidar,1787202266224738708
lidar,1787202266324431070
lidar,1787202266424364918
lidar,1787202266524301539
lidar,1787202266624650802
lidar,1787202266724230750
lidar,1787202266824732912
lidar,1787202266924463693
lidar,1787202267024488360
lidar,1787202267124437738
lidar,1787202267224441481
lidar,1787202267323640195
lidar,1787202267423014604
lidar,1787202267522040271
lidar,1787202267621620215
lidar,1787202267720441554
lidar,1787202267820069166
lidar,1787202267919601875
lidar,1787202268019221789
lidar,1787202268119039748
lidar,1787202268218928033
lidar,1787202268318639725
lidar,1787202268418267692
lidar,1787202268518289708
lidar,1787202268618086465
lidar,1787202268718041807
lidar,1787202268818016105
lidar,1787202268917621255
lidar,1787202269017946577
lidar,1787202269117239879
lidar,1787202269217217285
lidar,1787202269317272306
lidar,1787202269416955028
lidar,1787202269518043815
lidar,1787202269619540095
lidar,1787202270270462094
lidar,1787202270271148562
lidar,1787202270271714312
lidar,1787202270272255687
lidar,1787202270272805546
lidar,1787202270316606898
lidar,1787202270416384707
lidar,1787202270516142226
lidar,1787202270616227202
lidar,1787202270715999388
lidar,1787202270816667708
lidar,1787202270916567705
lidar,1787202271016415144
lidar,1787202271116360828
lidar,1787202271215999652
lidar,1787202271315965050
lidar,1787202271415819120
lidar,1787202271515753221
lidar,1787202271615582275
lidar,1787202271715445640
lidar,1787202271815993521
lidar,1787202271915913800
lidar,1787202272016030883
lidar,1787202272115686252
lidar,1787202272215284603
lidar,1787202272315101476
lidar,1787202272414260279
lidar,1787202272513523931
lidar,1787202272613032892
lidar,1787202272712726746
lidar,1787202272811531340
lidar,1787202272911086112
lidar,1787202273010455505
lidar,1787202273109458919
lidar,1787202273208996169
lidar,1787202273308527586
lidar,1787202273408422951
lidar,1787202273510871123
lidar,1787202273607723213
lidar,1787202273707938753
lidar,1787202273807612703
lidar,1787202273907516457
lidar,1787202274007204966
lidar,1787202274107342081
lidar,1787202274207265732
lidar,1787202274307747713
lidar,1787202274408472657
lidar,1787202274507660669
lidar,1787202274607670663
lidar,1787202274707851705
lidar,1787202274807795341
lidar,1787202274907876917
lidar,1787202275007537482
lidar,1787202275108058169
lidar,1787202275207414369
lidar,1787202275306818998
lidar,1787202275407114210
lidar,1787202275506640247
lidar,1787202275606620393
lidar,1787202275707053317
lidar,1787202275806585582
lidar,1787202275906599046
lidar,1787202276006238220
lidar,1787202276105880455
lidar,1787202276205606004
lidar,1787202276305403188
lidar,1787202276405290912
lidar,1787202276505380285
lidar,1787202276605071070
lidar,1787202276704973843
lidar,1787202276804880002
lidar,1787202276904614390
lidar,1787202277004402256
lidar,1787202277104479803
lidar,1787202277204027164
lidar,1787202277304181560
lidar,1787202277404161769
lidar,1787202277504309596
lidar,1787202277606283073
lidar,1787202277703465750
lidar,1787202277803838802
lidar,1787202277904792816
lidar,1787202278004890827
lidar,1787202278105445724
lidar,1787202278205976228
lidar,1787202278306317807
lidar,1787202278406726051
lidar,1787202278506895460
lidar,1787202278607165788
lidar,1787202278706888829
lidar,1787202278806712219
lidar,1787202278907229976
lidar,1787202279007038750
lidar,1787202279106844051
lidar,1787202279206870556
lidar,1787202279306520678
lidar,1787202279406319861
lidar,1787202279506494369
lidar,1787202279606528753
lidar,1787202279706339672
lidar,1787202279806195726
lidar,1787202279906527341
lidar,1787202280006315456
lidar,1787202280106563679
lidar,1787202280206513389
lidar,1787202280306506910
lidar,1787202280406143836
lidar,1787202280506238978
lidar,1787202280606054955
lidar,1787202280705636980
lidar,1787202280805509633
lidar,1787202280904845037
lidar,1787202281004133526
lidar,1787202281103566977
lidar,1787202281202800544
lidar,1787202281301790969
lidar,1787202281401503536
lidar,1787202281501098592
lidar,1787202281601159678
lidar,1787202281703689325
lidar,1787202281800822714
lidar,1787202281900773028
lidar,1787202282000439116
lidar,1787202282100395991
lidar,1787202282201152922
lidar,1787202282300832425
lidar,1787202282400838916
lidar,1787202282501231623
lidar,1787202282601466456
lidar,1787202282701223135
lidar,1787202282801694457
lidar,1787202282901569819
lidar,1787202283001282869
lidar,1787202283100753617
lidar,1787202283200047126
lidar,1787202283300039127
lidar,1787202283398928829
lidar,1787202283498223144
lidar,1787202283597439741
lidar,1787202283696925542
lidar,1787202283795749374
lidar,1787202283894641522
lidar,1787202283994391244
lidar,1787202284093377487
lidar,1787202284193324733
lidar,1787202284293525550
lidar,1787202284393004490
lidar,1787202284492458153
lidar,1787202284592441960
lidar,1787202284692295870
lidar,1787202284792913320
lidar,1787202284892990474
lidar,1787202284992285142
lidar,1787202285092202469
lidar,1787202285191973309
lidar,1787202285291910038
lidar,1787202285391930089
lidar,1787202285492028919
lidar,1787202285594236205
lidar,1787202285692010712
lidar,1787202285792301510
lidar,1787202285892224289
lidar,1787202285992224362
lidar,1787202286091986109
lidar,1787202286192190639
lidar,1787202286292154131
lidar,1787202286391950492
lidar,1787202286491841178
lidar,1787202286592191481
lidar,1787202286691521966
lidar,1787202286791405329
lidar,1787202286890827695
lidar,1787202286990005960
lidar,1787202287089041862
lidar,1787202287188131845
lidar,1787202287287733312
lidar,1787202287387278671
lidar,1787202287486683916
lidar,1787202287585557996
lidar,1787202287685010323
lidar,1787202287784132733
lidar,1787202287883501987
lidar,1787202287983073350
lidar,1787202288083274643
lidar,1787202288182680226
lidar,1787202288282507609
lidar,1787202288382616504
lidar,1787202288482424900
lidar,1787202288582539557
lidar,1787202288683790249
lidar,1787202288783633544
lidar,1787202288882426530
lidar,1787202288983293574
lidar,1787202289082159978
lidar,1787202289183396603
lidar,1787202289281883272
lidar,1787202289382910686
lidar,1787202289481872469
lidar,1787202289581920794
lidar,1787202289682407003
lidar,1787202289783693082
lidar,1787202289885439059
lidar,1787202289981973324
lidar,1787202290082854843
lidar,1787202290182446418
lidar,1787202290281417516
lidar,1787202290380582598
lidar,1787202290480584638
lidar,1787202290579705832
lidar,1787202290678710223
lidar,1787202290777400676
lidar,1787202290876741198
lidar,1787202290976004409
lidar,1787202291075442022
lidar,1787202291175120069
lidar,1787202291275165925
lidar,1787202291375049358
lidar,1787202291474586857
lidar,1787202291574273403
lidar,1787202291674318157
lidar,1787202291773968909
lidar,1787202291875537651
lidar,1787202291973954761
lidar,1787202292074508337
lidar,1787202292174738135
lidar,1787202292273811279
lidar,1787202292373879785
lidar,1787202292474053550
lidar,1787202292573716606
lidar,1787202292673625248
lidar,1787202292773630563
lidar,1787202292873532561
lidar,1787202292973483725
lidar,1787202293073468387
lidar,1787202293173480409
lidar,1787202293274199732
lidar,1787202293373141478
lidar,1787202293473249598
lidar,1787202293573708457
lidar,1787202293672808402
lidar,1787202293774435176
lidar,1787202293873103274
lidar,1787202293972993487
lidar,1787202294073397555
lidar,1787202294173092966
lidar,1787202294273570676
lidar,1787202294372928748
lidar,1787202294472928386
lidar,1787202294572810003
lidar,1787202294673588073
lidar,1787202294773028113
lidar,1787202294873056988
lidar,1787202294973112055
lidar,1787202295073014437
lidar,1787202295173201072
lidar,1787202295273385163
lidar,1787202295373465314
lidar,1787202295472805045
lidar,1787202295572988709
lidar,1787202295673103242
lidar,1787202295772971891
lidar,1787202295872917293
lidar,1787202295972138849
lidar,1787202296071980693
lidar,1787202296170694656
lidar,1787202296269392857
lidar,1787202296368813380
lidar,1787202296468204468
lidar,1787202296567106600
lidar,1787202296666084348
lidar,1787202296765526791
lidar,1787202296864645515
lidar,1787202296966708274
lidar,1787202297064405292
lidar,1787202297165334781
lidar,1787202297263704199
lidar,1787202297363656427
lidar,1787202297463623758
lidar,1787202297563845294
lidar,1787202297663275821
lidar,1787202297763016370
lidar,1787202297863118366
lidar,1787202297962829782
lidar,1787202298062177258
lidar,1787202298162025454
lidar,1787202298261706022
lidar,1787202298361438635
lidar,1787202298461315309
lidar,1787202298561489574
lidar,1787202298661969577
lidar,1787202298762085121
lidar,1787202298862884954
lidar,1787202298963246301
lidar,1787202299063398863
lidar,1787202299164002405
lidar,1787202299265375807
lidar,1787202299363902199
lidar,1787202299463828343
lidar,1787202299563983341
lidar,1787202299663720520
lidar,1787202299763617438
lidar,1787202299863976718
lidar,1787202299963643751
lidar,1787202300063686434
lidar,1787202300164805956
lidar,1787202300263429887
lidar,1787202300363416745
lidar,1787202300463854815
lidar,1787202300563051240
lidar,1787202300662570159
lidar,1787202300762096982
lidar,1787202300861603393
lidar,1787202300960600713
lidar,1787202301059874059
lidar,1787202301159096601
lidar,1787202301261313276
lidar,1787202301358635940
lidar,1787202301457873118
lidar,1787202301558021602
lidar,1787202301657898735
lidar,1787202301757683891
lidar,1787202301857395555
lidar,1787202301957142615
lidar,1787202302056617631
lidar,1787202302156914842
lidar,1787202302256836608
lidar,1787202302356666019
lidar,1787202302456890091
lidar,1787202302556541518
lidar,1787202302656819992
lidar,1787202302759696336
lidar,1787202302856490446
lidar,1787202302956296158
lidar,1787202303056159652
lidar,1787202303156363434
lidar,1787202303256471226
lidar,1787202303359952924
lidar,1787202303455999253
lidar,1787202303559196668
lidar,1787202303660738761
lidar,1787202304282269677
lidar,1787202304282592651
lidar,1787202304282785559
lidar,1787202304282976661
lidar,1787202304283148115
lidar,1787202304355638207
lidar,1787202304462093696
lidar,1787202304555474994
lidar,1787202304655088215
lidar,1787202304754982885
lidar,1787202304855179378
lidar,1787202304954841916
lidar,1787202305055297035
lidar,1787202305154554071
lidar,1787202305255145011
lidar,1787202305357139526
lidar,1787202305454650325
lidar,1787202305554234827
lidar,1787202305654202153
lidar,1787202305754689446
lidar,1787202305853865821
lidar,1787202305953869370
lidar,1787202306053795286
lidar,1787202306153701449
lidar,1787202306253589085
lidar,1787202306353278082
lidar,1787202306451689899
lidar,1787202306551036260
lidar,1787202306650542278
lidar,1787202306748973329
lidar,1787202306848328027
lidar,1787202306947873801
lidar,1787202307047894719
lidar,1787202307147609909
lidar,1787202307249588671
lidar,1787202307356501944
lidar,1787202307447336612
lidar,1787202307547075741
lidar,1787202307647015781
lidar,1787202307747629309
lidar,1787202307847306656
lidar,1787202307947347823
lidar,1787202308047060049
lidar,1787202308147112502
lidar,1787202308247288400
lidar,1787202308347273983
lidar,1787202308446791172
lidar,1787202308546611234
lidar,1787202308646606624
lidar,1787202308746599812
lidar,1787202308846406641
lidar,1787202308946020952
lidar,1787202309045691174
lidar,1787202309146499219
lidar,1787202309259933930
lidar,1787202309345786716
lidar,1787202309445808094
lidar,1787202309545901177
lidar,1787202309645996890
lidar,1787202309745491738
lidar,1787202309845659180
lidar,1787202309945570518
lidar,1787202310045767186
lidar,1787202310145718036
lidar,1787202310245478726
lidar,1787202310345829189
lidar,1787202310445371431
lidar,1787202310545627263
lidar,1787202310645431966
lidar,1787202310746029983
lidar,1787202310845584274
lidar,1787202310946059419
lidar,1787202311045523646
lidar,1787202311145184879
lidar,1787202311244441253
lidar,1787202311344343631
lidar,1787202311442855539
lidar,1787202311541666154
lidar,1787202311640575415
lidar,1787202311739957696
lidar,1787202311839062586
lidar,1787202311938075893
lidar,1787202312037366449
lidar,1787202312136586613
lidar,1787202312236811102
lidar,1787202312336548685
lidar,1787202312436171673
lidar,1787202312535988686
lidar,1787202312636003111
lidar,1787202312736113945
lidar,1787202312836019996
lidar,1787202312936094679
lidar,1787202313037499255
lidar,1787202313135664222
lidar,1787202313235350951
lidar,1787202313335366412
lidar,1787202313434921017
lidar,1787202313535025752
lidar,1787202313634310970
lidar,1787202313734067478
lidar,1787202313834088895
lidar,1787202313933976820
lidar,1787202314034262565
lidar,1787202314133862559
lidar,1787202314233928739
lidar,1787202314333865379
lidar,1787202314434047488
lidar,1787202314533949883
lidar,1787202314634310052
lidar,1787202314734455086
lidar,1787202314835144260
lidar,1787202314934669071
lidar,1787202315034334246
lidar,1787202315133476370
lidar,1787202315233110698
lidar,1787202315332169783
lidar,1787202315431488180
lidar,1787202315531225276
lidar,1787202315631348141
lidar,1787202315729426485
lidar,1787202315829355613
lidar,1787202315928942923
lidar,1787202316028840109
lidar,1787202316129104924
lidar,1787202316228680528
lidar,1787202316328895496
lidar,1787202316428311607
lidar,1787202316527957425
lidar,1787202316628349247
lidar,1787202316728537343
lidar,1787202316828677989
lidar,1787202316928827297
lidar,1787202317031461669
lidar,1787202317128281749
lidar,1787202317228205501
lidar,1787202317328276042
lidar,1787202317428167229
lidar,1787202317528315283
lidar,1787202317627988863
lidar,1787202317728221943
lidar,1787202317828022793
lidar,1787202317927648780
lidar,1787202318027589772
lidar,1787202318127330169
lidar,1787202318227175300
lidar,1787202318327011381
lidar,1787202318426927064
lidar,1787202318526528961
lidar,1787202318626405725
lidar,1787202318726510563
lidar,1787202318825986366
lidar,1787202318925985987
lidar,1787202319025779640
lidar,1787202319125689010
lidar,1787202319225644423
lidar,1787202319325825821
lidar,1787202319425450625
lidar,1787202319525573739
lidar,1787202319625156990
lidar,1787202319725216726
lidar,1787202319825171057
lidar,1787202319925158041
lidar,1787202320025380556
lidar,1787202320125397266
lidar,1787202320224958514
lidar,1787202320324689716
lidar,1787202320424441285
lidar,1787202320524211733
lidar,1787202320624153330
lidar,1787202320723974690
lidar,1787202320824094986
lidar,1787202321434287536
lidar,1787202321434566277
lidar,1787202321434791561
lidar,1787202321434994465
lidar,1787202321435190223
lidar,1787202321522514155
lidar,1787202321622571694
lidar,1787202321723133506
lidar,1787202321822598462
lidar,1787202321922338334
lidar,1787202322022476792
lidar,1787202322122494904
lidar,1787202322222015639
lidar,1787202322322565395
lidar,1787202322421957290
lidar,1787202322521664311
lidar,1787202322621304821
lidar,1787202322721294825
lidar,1787202322822098559
lidar,1787202322920890285
lidar,1787202323020736523
lidar,1787202323120797515
lidar,1787202323220508963
lidar,1787202323320325939
lidar,1787202323420467710
lidar,1787202323519506015
lidar,1787202323619079724
lidar,1787202323719899602
lidar,1787202323819929154
lidar,1787202323920150742
lidar,1787202324021414598
lidar,1787202324121580308
lidar,1787202324222751850
lidar,1787202324322463243
lidar,1787202324421967477
lidar,1787202324522004029
lidar,1787202324621871132
lidar,1787202324722324826
lidar,1787202324821811830
lidar,1787202324921776636
lidar,1787202325021700215
lidar,1787202325122308960
lidar,1787202325223312691
lidar,1787202325321054204
lidar,1787202325421291768
lidar,1787202325519913817
lidar,1787202325619380554
lidar,1787202325718777750
lidar,1787202325818335449
lidar,1787202325918234400
lidar,1787202326554434176
lidar,1787202326554901763
lidar,1787202326555246597
lidar,1787202326555566736
lidar,1787202326555880911
lidar,1787202326617924765
lidar,1787202326717920839
lidar,1787202326818030220
lidar,1787202326917493540
lidar,1787202327017328029
lidar,1787202327117199795
lidar,1787202327217011430
lidar,1787202327316945376
lidar,1787202327416744201
lidar,1787202327516708729
lidar,1787202327616789825
lidar,1787202327716820261
lidar,1787202327816550254
lidar,1787202327925964179
lidar,1787202328016222050
lidar,1787202328116264483
lidar,1787202328215957860
lidar,1787202328316035695
lidar,1787202328415953609
lidar,1787202328515691375
lidar,1787202328615445138
lidar,1787202328715322055
lidar,1787202328815015319
lidar,1787202328914807552
lidar,1787202329014687885
lidar,1787202329114971559
lidar,1787202329216840947
lidar,1787202329314661834
lidar,1787202329414361067
lidar,1787202329514599576
lidar,1787202329614278445
lidar,1787202329714176008
lidar,1787202329814174302
lidar,1787202329913584935
lidar,1787202330013183248
lidar,1787202330113562863
lidar,1787202330213353886
lidar,1787202330312773022
lidar,1787202330412966219
lidar,1787202330512494680
lidar,1787202330612925458
lidar,1787202330713041897
lidar,1787202330812610449
lidar,1787202330912542380
lidar,1787202331012370430
lidar,1787202331112346422
lidar,1787202331674129083
lidar,1787202331674340750
lidar,1787202331674476488
lidar,1787202331674604806
lidar,1787202331674730248
lidar,1787202331711418728
lidar,1787202331811402020
lidar,1787202331912194282
lidar,1787202332011590445
lidar,1787202332111741053
lidar,1787202332211770316
lidar,1787202332311663064
lidar,1787202332411050134
lidar,1787202332510430580
lidar,1787202332609671212
lidar,1787202332709045936
lidar,1787202332808209338
lidar,1787202332907329943
lidar,1787202333006410923
lidar,1787202333108276067
lidar,1787202333205165532
lidar,1787202333305482087
lidar,1787202333405233592
lidar,1787202333506829619
lidar,1787202333604935338
lidar,1787202333704734300
lidar,1787202333804474426
lidar,1787202333904391299
lidar,1787202334004367403
lidar,1787202334104219793
lidar,1787202334204423628
lidar,1787202334305848129
lidar,1787202334404228201
lidar,1787202334504099120
lidar,1787202334603950277
lidar,1787202334704003724
lidar,1787202334803726076
lidar,1787202334903708422
lidar,1787202335003488459
lidar,1787202335113361921
lidar,1787202335203249704
lidar,1787202335303474575
lidar,1787202335403732731
lidar,1787202335503733173
lidar,1787202335603298006
lidar,1787202335703386222
lidar,1787202335803197975
lidar,1787202335903310841
lidar,1787202336002984450
lidar,1787202336102239482
lidar,1787202336204130297
lidar,1787202336302296909
lidar,1787202336402572671
lidar,1787202336502330564
lidar,1787202336601547369
lidar,1787202336701842175
lidar,1787202336801914636
lidar,1787202336901618061
lidar,1787202337001443502
lidar,1787202337101847139
lidar,1787202337200999434
lidar,1787202337300704164
lidar,1787202337400755058
lidar,1787202337502673298
lidar,1787202337600085399
lidar,1787202337700448578
lidar,1787202337799923840
lidar,1787202337899876518
lidar,1787202337999876065
lidar,1787202338099765508
lidar,1787202338200831040
lidar,1787202338299584296
lidar,1787202338399278893
lidar,1787202338499812241
lidar,1787202338598709874
lidar,1787202338699054871
lidar,1787202338799329397
lidar,1787202338898715366
lidar,1787202338998515308
lidar,1787202339098373099
lidar,1787202339198707859
lidar,1787202339298444938
lidar,1787202339398640323
lidar,1787202339498618034
lidar,1787202339598585555
lidar,1787202339698718570
lidar,1787202339798572012
lidar,1787202339898336363
lidar,1787202339999756413
lidar,1787202340097953414
lidar,1787202340198784568
lidar,1787202340298435452
lidar,1787202340400700909
lidar,1787202340496407115
lidar,1787202340596143630
lidar,1787202340694694400
lidar,1787202340794085794
lidar,1787202340894169708
lidar,1787202340993035899
lidar,1787202341095343643
lidar,1787202341192859348
lidar,1787202341292764277
lidar,1787202341394602593
lidar,1787202341492160400
lidar,1787202341592501279
lidar,1787202341692735947
lidar,1787202341791842428
lidar,1787202341892140932
lidar,1787202341992213902
lidar,1787202342092012896
lidar,1787202342191741612
lidar,1787202342291995976
lidar,1787202342391862341
lidar,1787202342491347400
lidar,1787202342591696924
lidar,1787202342691523581
lidar,1787202342792861285
lidar,1787202342893131178
lidar,1787202342991818397
lidar,1787202343091496854
lidar,1787202343191325733
lidar,1787202343290629951
lidar,1787202343389853550
lidar,1787202343488807830
lidar,1787202343587809066
lidar,1787202343688558245
lidar,1787202343786517474
lidar,1787202343885808170
lidar,1787202343988408774
lidar,1787202344087582417
lidar,1787202344187393431
lidar,1787202344285526255
lidar,1787202344384865944
lidar,1787202344485056430
lidar,1787202344585012918
lidar,1787202344684990418
lidar,1787202344785080080
lidar,1787202344884870480
lidar,1787202344987537859
lidar,1787202345085097285
lidar,1787202345185158530
lidar,1787202345285312785
lidar,1787202345387879131
lidar,1787202345486945740
lidar,1787202345585567706
lidar,1787202345684925123
lidar,1787202345784767772
lidar,1787202345884680678
lidar,1787202345984655895
lidar,1787202346083924830
lidar,1787202346183351520
lidar,1787202346283564455
lidar,1787202346381634633
lidar,1787202346482098126
lidar,1787202346580045169
lidar,1787202346679851580
lidar,1787202346779682213
lidar,1787202346879803543
lidar,1787202346979399682
lidar,1787202347079398681
lidar,1787202347179065355
lidar,1787202347278823079
lidar,1787202347379409613
lidar,1787202347479203995
lidar,1787202347581403416
lidar,1787202347678405365
lidar,1787202347777910834
lidar,1787202347879667550
lidar,1787202347980565431
lidar,1787202348083604480
lidar,1787202348180406148
lidar,1787202348277547457
lidar,1787202348377608792
lidar,1787202348477359550
lidar,1787202348577049066
lidar,1787202348676674206
lidar,1787202348776476576
lidar,1787202348878134206
lidar,1787202348975887015
lidar,1787202349075938860
lidar,1787202349176117691
lidar,1787202349276082076
lidar,1787202349376396183
lidar,1787202349476504390
lidar,1787202349576329618
lidar,1787202349676160336
lidar,1787202349775936601
lidar,1787202349875909751
lidar,1787202349975692874
lidar,1787202350075606818
lidar,1787202350175798317
lidar,1787202350275524512
lidar,1787202350375209258
lidar,1787202350475415997
lidar,1787202350574843230
lidar,1787202350674877242
lidar,1787202350774587220
lidar,1787202350874570410
lidar,1787202350974419258
lidar,1787202351074378672
lidar,1787202351174110235
lidar,1787202351274148967
lidar,1787202351375358265
lidar,1787202351474192252
lidar,1787202351574112197
lidar,1787202351675879657
lidar,1787202351774263127
lidar,1787202351875070510
lidar,1787202351974509668
lidar,1787202352074063124
lidar,1787202352174438761
lidar,1787202352274353632
lidar,1787202352374258508
lidar,1787202352473824392
lidar,1787202352573600171
lidar,1787202352672787745
lidar,1787202352771625400
lidar,1787202352872677596
lidar,1787202352970305938
lidar,1787202353069168472
lidar,1787202353169243846
lidar,1787202353268780348
lidar,1787202353368603795
lidar,1787202353468758615
lidar,1787202353569026399
lidar,1787202353668912935
lidar,1787202353769753222
lidar,1787202353869050981
lidar,1787202353968868260
lidar,1787202354068890521
lidar,1787202354168574140
lidar,1787202354268683353
lidar,1787202354368433844
lidar,1787202354468340149
lidar,1787202354568296157
lidar,1787202354668456332
lidar,1787202354768108750
lidar,1787202354868324725
lidar,1787202354967866899
lidar,1787202355067427787
lidar,1787202355167558468
lidar,1787202355267464865
lidar,1787202355366869953
lidar,1787202355467025323
lidar,1787202355567537703
lidar,1787202355664223578
lidar,1787202355764467227
lidar,1787202355865943803
lidar,1787202355966112688
lidar,1787202356066628564
lidar,1787202356165822920
lidar,1787202356263957475
lidar,1787202356364296082
lidar,1787202356464014782
lidar,1787202356563835879
lidar,1787202356664042411
lidar,1787202356763978772
lidar,1787202356865216129
lidar,1787202356964150416
lidar,1787202357063792258
lidar,1787202357163628970
lidar,1787202357263852701
lidar,1787202357364349766
lidar,1787202357463438025
lidar,1787202357563538284
lidar,1787202357664366361
lidar,1787202357770988782
lidar,1787202357864080712
lidar,1787202357962830267
lidar,1787202358062609844
lidar,1787202358162437691
lidar,1787202358262484974
lidar,1787202358362107399
lidar,1787202358461876756
lidar,1787202358562448926
lidar,1787202358662074219
lidar,1787202358761700320
lidar,1787202358861470781
lidar,1787202358961454492
lidar,1787202359061493894
lidar,1787202359162416567
lidar,1787202359261668504
lidar,1787202359361765174
lidar,1787202359461528034
lidar,1787202359560940577
lidar,1787202359660486656
lidar,1787202359759413685
lidar,1787202359858796383
lidar,1787202359958083895
lidar,1787202360057061821
lidar,1787202360157024436
lidar,1787202360256149943
lidar,1787202360356266983
lidar,1787202360455072280
lidar,1787202360555271498
lidar,1787202360654863409
lidar,1787202360756602051
lidar,1787202360854047772
lidar,1787202360953884436
lidar,1787202361053993057
lidar,1787202361154456391
lidar,1787202361253810731
lidar,1787202361353974783
lidar,1787202361454328804
lidar,1787202361554883527
lidar,1787202361655222167
lidar,1787202361758753156
lidar,1787202361855775966
lidar,1787202361956041044
lidar,1787202362056450175
lidar,1787202362156385380
lidar,1787202362255930605
lidar,1787202362355514551
lidar,1787202362455541432
lidar,1787202362555230771
lidar,1787202362654932030
lidar,1787202362754994543
lidar,1787202362855189279
lidar,1787202362954842642
lidar,1787202363055023201
lidar,1787202363154942088
lidar,1787202363255034191
lidar,1787202363354378775
lidar,1787202363453998129
lidar,1787202363555065558
lidar,1787202363653024346
lidar,1787202363751949956
lidar,1787202363851332118
lidar,1787202363950589637
lidar,1787202364049986480
lidar,1787202364149639487
lidar,1787202364249480252
lidar,1787202364349402542
lidar,1787202364449379195
lidar,1787202364549103725
lidar,1787202364648831154
lidar,1787202364750069740
lidar,1787202364848935225
lidar,1787202364948205925
lidar,1787202365048166455
lidar,1787202365148352036
lidar,1787202365247965636
lidar,1787202365347882416
lidar,1787202365447634056
lidar,1787202365548425284
lidar,1787202365648482739
lidar,1787202365749189331
lidar,1787202365849837853
lidar,1787202365950228915
lidar,1787202366050360724
lidar,1787202366150909257
lidar,1787202366251101854
lidar,1787202366351243049
lidar,1787202366451551752
lidar,1787202366551455710
lidar,1787202366651551295
lidar,1787202366751285716
lidar,1787202366851537973
lidar,1787202367482219208
lidar,1787202367482585200
lidar,1787202367482821060
lidar,1787202367483033241
lidar,1787202367483227141
lidar,1787202367576591825
lidar,1787202367646941131
lidar,1787202367746465450
lidar,1787202367847302799
lidar,1787202367948024431
lidar,1787202368045214860
lidar,1787202368145265553
lidar,1787202368245150867
lidar,1787202368345317961
lidar,1787202368445207733
lidar,1787202368545071643
lidar,1787202368644948431
lidar,1787202368744666282
lidar,1787202368846499029
lidar,1787202368944603489
lidar,1787202369044519452
lidar,1787202369144244449
lidar,1787202369243986290
lidar,1787202369346796466
lidar,1787202369444159250
lidar,1787202369544289630
lidar,1787202369643442680
lidar,1787202369744389825
lidar,1787202369843163786
lidar,1787202369944232755
lidar,1787202370042359683
lidar,1787202370142121800
lidar,1787202370241880413
lidar,1787202370341696472
lidar,1787202370442026174
lidar,1787202370544952177
lidar,1787202370647184862
lidar,1787202370743375054
lidar,1787202370844172313
lidar,1787202370944417395
lidar,1787202371044700815
lidar,1787202371145196827
lidar,1787202371244827872
lidar,1787202371345050217
lidar,1787202371444912227
lidar,1787202371545063455
lidar,1787202371645062560
lidar,1787202371745087015
lidar,1787202371845187491
lidar,1787202371945394895
lidar,1787202372046607690
lidar,1787202372148911894
lidar,1787202372249592602
lidar,1787202372343096855
lidar,1787202372442299041
lidar,1787202372541358698
lidar,1787202372641547929
lidar,1787202372740148330
lidar,1787202372839804523
lidar,1787202372942214962
lidar,1787202373039915942
lidar,1787202373139320046
lidar,1787202373239029033
lidar,1787202373339513440
lidar,1787202373438662680
lidar,1787202373538449107
lidar,1787202373638460497
lidar,1787202373738351614
lidar,1787202373838054593
lidar,1787202373938062037
lidar,1787202374037803510
lidar,1787202374137711685
lidar,1787202374238462001
lidar,1787202374342656338
lidar,1787202374438027261
lidar,1787202374537615695
lidar,1787202374637566142
lidar,1787202374737195333
lidar,1787202374837081535
lidar,1787202374936780703
lidar,1787202375036789311
lidar,1787202375136835991
lidar,1787202375236741838
lidar,1787202375336399895
lidar,1787202375436103538
lidar,1787202375537134524
lidar,1787202375635618021
lidar,1787202375735708600
lidar,1787202375835301368
lidar,1787202375937159819
lidar,1787202376040359168
lidar,1787202376137089793
lidar,1787202376235981781
lidar,1787202376334913964
lidar,1787202376440226149
lidar,1787202376534537614
lidar,1787202376634305081
lidar,1787202376734497711
lidar,1787202376834220997
lidar,1787202376935819048
lidar,1787202377034071207
lidar,1787202377134262285
lidar,1787202377234194987
lidar,1787202377333549134
lidar,1787202377433478649
lidar,1787202377533259445
lidar,1787202377633589061
lidar,1787202377733227939
lidar,1787202377832800001
lidar,1787202377932609084
lidar,1787202378032511910
lidar,1787202378132731341
lidar,1787202378232006634
lidar,1787202378332245049
lidar,1787202378431886127
lidar,1787202378535928862
lidar,1787202378632754000
lidar,1787202378733770123
lidar,1787202378834178633
lidar,1787202378934603831
lidar,1787202379034819524
lidar,1787202379135749221
lidar,1787202379235523821
lidar,1787202379335966950
lidar,1787202379435478971
lidar,1787202379535579008
lidar,1787202379635484002
lidar,1787202379735698584
lidar,1787202379835810907
lidar,1787202379934539900
lidar,1787202380034397203
lidar,1787202380135370700
lidar,1787202380233768499
lidar,1787202380334024433
lidar,1787202380443160793
lidar,1787202380534352513
lidar,1787202380633616988
lidar,1787202380733316170
lidar,1787202380834769735
lidar,1787202380932771054
lidar,1787202381033553857
lidar,1787202381135639219
lidar,1787202381232804306
lidar,1787202381332492157
lidar,1787202381432925706
lidar,1787202381532498847
lidar,1787202381632696395
lidar,1787202381732581128
lidar,1787202381832612912
lidar,1787202381934324010
lidar,1787202382033279945
lidar,1787202382131128240
lidar,1787202382230771439
lidar,1787202382842291205
lidar,1787202382842504113
lidar,1787202382842639516
lidar,1787202382842764752
lidar,1787202382842900276
lidar,1787202382924505350
lidar,1787202383024053232
lidar,1787202383124427422
lidar,1787202383224146518
lidar,1787202383323795136
lidar,1787202383424274655
lidar,1787202383523831805
lidar,1787202383626380509
lidar,1787202383724340871
lidar,1787202383824352314
lidar,1787202383924577434
lidar,1787202384023956804
lidar,1787202384124551361
lidar,1787202384224478551
lidar,1787202384328045791
lidar,1787202384423863246
lidar,1787202384525030554
lidar,1787202384623738498
lidar,1787202384723846095
lidar,1787202384823685282
lidar,1787202384923988743
lidar,1787202385025539149
lidar,1787202385123791903
lidar,1787202385223266561
lidar,1787202385323769286
lidar,1787202385423899860
lidar,1787202385522973923
lidar,1787202385622672324
lidar,1787202385722467445
lidar,1787202385822625719
lidar,1787202385922207134
lidar,1787202386021942375
lidar,1787202386121815379
lidar,1787202386224303663
lidar,1787202386325750305
lidar,1787202386421832413
lidar,1787202386520834429
lidar,1787202386622382260
lidar,1787202386721186213
lidar,1787202386860176933
lidar,1787202386926145041
lidar,1787202387054851354
lidar,1787202387121329847
lidar,1787202387220423661
lidar,1787202387335997433
lidar,1787202387420174518
lidar,1787202387551531308
lidar,1787202387620328174
lidar,1787202387721056399
lidar,1787202387854594315
lidar,1787202387920239415
lidar,1787202388020307179
lidar,1787202388140859191
lidar,1787202388221111896
lidar,1787202388346017803
lidar,1787202388419921819
lidar,1787202388550568235
lidar,1787202388620084350
lidar,1787202388755382457
lidar,1787202388821397054
lidar,1787202388919526774
lidar,1787202389026142638
lidar,1787202389122843093
lidar,1787202389230613322
lidar,1787202389319840367
lidar,1787202389419364404
lidar,1787202389518933202
lidar,1787202389618643935
lidar,1787202389717741995
lidar,1787202389817145070
lidar,1787202389916882602
lidar,1787202390015534020
lidar,1787202390114745894
lidar,1787202390214978253
lidar,1787202390315044922
lidar,1787202390414225619
lidar,1787202390513964543
lidar,1787202390613989665
lidar,1787202390713933636
lidar,1787202390814047604
lidar,1787202390914146713
lidar,1787202391014289728
lidar,1787202391114204014
lidar,1787202391214561429
lidar,1787202391314685372
lidar,1787202391414577079
lidar,1787202391514885021
lidar,1787202391614589696
lidar,1787202391714419066
lidar,1787202391814247276
lidar,1787202391914431352
lidar,1787202392014304962
lidar,1787202392114245689
lidar,1787202392213822224
lidar,1787202392314067711
lidar,1787202392413374235
lidar,1787202392512612867
lidar,1787202392611918231
lidar,1787202392711400179
lidar,1787202392810017996
lidar,1787202392910432199
lidar,1787202393008522961
lidar,1787202393107491807
lidar,1787202393207010216
lidar,1787202393307173270
lidar,1787202393406083124
lidar,1787202393505840445
lidar,1787202393605585661
lidar,1787202393705768350
lidar,1787202393805673416
lidar,1787202393905763571
lidar,1787202394005537425
lidar,1787202394105540700
lidar,1787202394205710098
lidar,1787202394306015730
lidar,1787202394405692948
lidar,1787202394505863442
lidar,1787202394605778067
lidar,1787202394705719178
lidar,1787202394805460351
lidar,1787202394905658126
lidar,1787202395004844433
lidar,1787202395104075780
lidar,1787202395203728487
lidar,1787202395303455790
lidar,1787202395402924770
lidar,1787202395502234734
lidar,1787202395600331952
lidar,1787202395701036892
lidar,1787202395803899553
lidar,1787202395902263086
lidar,1787202396001950950
lidar,1787202396100182023
lidar,1787202396200674705
lidar,1787202396300738017
lidar,1787202396400492321
lidar,1787202396501009917
lidar,1787202396600690578
lidar,1787202396700536272
lidar,1787202396801988277
lidar,1787202396900029804
lidar,1787202397000109317
lidar,1787202397099792789
lidar,1787202397201368883
lidar,1787202397299337183
lidar,1787202397399028064
lidar,1787202397499644051
lidar,1787202397599310177
lidar,1787202397698985983
lidar,1787202397799091607
lidar,1787202397898702585
lidar,1787202397997993608
lidar,1787202398097006147
lidar,1787202398196582700
lidar,1787202398295819645
lidar,1787202398395014274
lidar,1787202398494579149
lidar,1787202398594351052
lidar,1787202398695503874
lidar,1787202398793187633
lidar,1787202398893360168
lidar,1787202398993232697
lidar,1787202399093548346
lidar,1787202399193745460
lidar,1787202399293021495
lidar,1787202399392922315
lidar,1787202399493083414
lidar,1787202399592957088
lidar,1787202399692901813
lidar,1787202399793046164
lidar,1787202399892867838
lidar,1787202399992599856
lidar,1787202400092768255
lidar,1787202400192773708
lidar,1787202400292362080
lidar,1787202400392507276
lidar,1787202400492267609
lidar,1787202400592195457
lidar,1787202400693084129
lidar,1787202400795425769
lidar,1787202400892454632
lidar,1787202400992070016
lidar,1787202401091552778
lidar,1787202401191026589
lidar,1787202401290635049
lidar,1787202401389913758
lidar,1787202401489111536
lidar,1787202401588604292
lidar,1787202401687520240
lidar,1787202401787135549
lidar,1787202401886670222
lidar,1787202401986760568
lidar,1787202402086946565
lidar,1787202402186336749
lidar,1787202402286805468
lidar,1787202402386414778
lidar,1787202402486520440
lidar,1787202402586153123
lidar,1787202402685906069
lidar,1787202402785619433
lidar,1787202402885433824
lidar,1787202402985289098
lidar,1787202403085656907
lidar,1787202403185446410
lidar,1787202403285539223
lidar,1787202403385136626
lidar,1787202403485332224
lidar,1787202403585110699
lidar,1787202403685336770
lidar,1787202403785214435
lidar,1787202403885336348
lidar,1787202403985342790
lidar,1787202404084979941
lidar,1787202404185285794
lidar,1787202404285255038
lidar,1787202404385368153
lidar,1787202404485517966
lidar,1787202404585359655
lidar,1787202404686637493
lidar,1787202404785213919
lidar,1787202404884614433
lidar,1787202404984293788
lidar,1787202405096147932
lidar,1787202405204531311
lidar,1787202405281920153
lidar,1787202405381301269
lidar,1787202405480955268
lidar,1787202405580983295
lidar,1787202405680834740
lidar,1787202405796977983
lidar,1787202405881320693
lidar,1787202405981128178
lidar,1787202406586190004
lidar,1787202406586434558
lidar,1787202406586580036
lidar,1787202406586715936
lidar,1787202406586902719
lidar,1787202406685633534
lidar,1787202406779324780
lidar,1787202406878600135
lidar,1787202406977738438
lidar,1787202407076676936
lidar,1787202407175882547
lidar,1787202407806484629
lidar,1787202407806835211
lidar,1787202407807062349
lidar,1787202407807233151
lidar,1787202407807419642
lidar,1787202407874195132
lidar,1787202407974381558
lidar,1787202408074091352
lidar,1787202408174010202
lidar,1787202408274918395
lidar,1787202408376110610
lidar,1787202408475444129
lidar,1787202408573724445
lidar,1787202408673711492
lidar,1787202408773850687
lidar,1787202408873938678
lidar,1787202408975062569
lidar,1787202409073241403
lidar,1787202409173732547
lidar,1787202409275024795
lidar,1787202409381096950
lidar,1787202409472758273
lidar,1787202409572957100
lidar,1787202409672900596
lidar,1787202409773033685
lidar,1787202409872637465
lidar,1787202409972386660
lidar,1787202410072304451
lidar,1787202410172463241
lidar,1787202410272912273
lidar,1787202410372482639
lidar,1787202410474091812
lidar,1787202410583094407
lidar,1787202410672177019
lidar,1787202410772180717
lidar,1787202410872989581
lidar,1787202410971330777
lidar,1787202411070564705
lidar,1787202411170186475
lidar,1787202411269501673
lidar,1787202411368868630
lidar,1787202411467952930
lidar,1787202411567119211
lidar,1787202411666532828
lidar,1787202411766657127
lidar,1787202411866278980
lidar,1787202411966236483
lidar,1787202412602373294
lidar,1787202412602614561
lidar,1787202412602757801
lidar,1787202412602886785
lidar,1787202412603010896
lidar,1787202412666327521
lidar,1787202412766155622
lidar,1787202412868267903
lidar,1787202412966416038
lidar,1787202413065191418
lidar,1787202413164984316
lidar,1787202413264165087
lidar,1787202413377960451
lidar,1787202413465936502
lidar,1787202413563440276
lidar,1787202413663478150
lidar,1787202413763713018
lidar,1787202413864513175
lidar,1787202414426275763
lidar,1787202414426550508
lidar,1787202414426701845
lidar,1787202414426835531
lidar,1787202414426968410
lidar,1787202414463954791
lidar,1787202415463682199
lidar,1787202415485779679
lidar,1787202415486074694
lidar,1787202415486218902
lidar,1787202415486347593
lidar,1787202415486471469
lidar,1787202415560877028
lidar,1787202415662281875
lidar,1787202415758757490
lidar,1787202415867154393
lidar,1787202415957081528
lidar,1787202416057064317
lidar,1787202416156761175
lidar,1787202416257910213
lidar,1787202416369561563
lidar,1787202416456942091
lidar,1787202416556951399
lidar,1787202416656675788
lidar,1787202416756306966
lidar,1787202416856507854
lidar,1787202416955898177
lidar,1787202417056245052
lidar,1787202417155905415
lidar,1787202417256169259
lidar,1787202417356300079
lidar,1787202417982245883
lidar,1787202417982701962
lidar,1787202417982992777
lidar,1787202417983212770
lidar,1787202417983411132
lidar,1787202418056676815
lidar,1787202418155766442
lidar,1787202418259049353
lidar,1787202418354352479
lidar,1787202418453786897
lidar,1787202418552899849
lidar,1787202418663048547
lidar,1787202418751433688
lidar,1787202418849944691
lidar,1787202418948937630
lidar,1787202419048494491
lidar,1787202419148021394
lidar,1787202419248211661
lidar,1787202419348327773
lidar,1787202419447807891
lidar,1787202419547925578
lidar,1787202419647997043
lidar,1787202419747592779
lidar,1787202419847270726
lidar,1787202419948586676
lidar,1787202420048150746
lidar,1787202420149007198
lidar,1787202420251021399
lidar,1787202420347109219
lidar,1787202420447270451
lidar,1787202420547321151
lidar,1787202420647269715
lidar,1787202420747339354
lidar,1787202420847192590
lidar,1787202420947641164
lidar,1787202421047803827
lidar,1787202421147920928
lidar,1787202421248198691
lidar,1787202421348220472
lidar,1787202421447633772
lidar,1787202421546955889
lidar,1787202421646239019
lidar,1787202421745396636
lidar,1787202421844940328
lidar,1787202421944133283
lidar,1787202422043186045
lidar,1787202422142787230
lidar,1787202422242212342
lidar,1787202422342044740
lidar,1787202422442015966
lidar,1787202422542039947
lidar,1787202422641933741
lidar,1787202422741947606
lidar,1787202422841788836
lidar,1787202422941502273
lidar,1787202423041321200
lidar,1787202423141103363
lidar,1787202423241215347
lidar,1787202423340904182
lidar,1787202423440740452
lidar,1787202423540845276
lidar,1787202423640344145
lidar,1787202423740631817
lidar,1787202423840340577
lidar,1787202423940290649
lidar,1787202424040580318
lidar,1787202424142960920
lidar,1787202424240489037
lidar,1787202424340468545
lidar,1787202424440269251
lidar,1787202424541268079
lidar,1787202424640259470
lidar,1787202424739764057
lidar,1787202424838882314
lidar,1787202424938077582
lidar,1787202425037080120
lidar,1787202425136100081
lidar,1787202425235624358
lidar,1787202425335598526
lidar,1787202425433930043
lidar,1787202425533576663
lidar,1787202425632760346
lidar,1787202425732294132
lidar,1787202425832210401
lidar,1787202425932245972
lidar,1787202426032322161
lidar,1787202426132372463
lidar,1787202426232382131
lidar,1787202426332354416
lidar,1787202426432018634
lidar,1787202426533324376
lidar,1787202426632360496
lidar,1787202426732249166
lidar,1787202426832385688
lidar,1787202426932776223
lidar,1787202427032622003
lidar,1787202427132777750
lidar,1787202427232754947
lidar,1787202427333131912
lidar,1787202427432229080
lidar,1787202427534613750
lidar,1787202427632095774
lidar,1787202427731671263
lidar,1787202427831577008
lidar,1787202427931489920
lidar,1787202428034290217
lidar,1787202428131298514
lidar,1787202428231242315
lidar,1787202428331080834
lidar,1787202428431206159
lidar,1787202428531101162
lidar,1787202428631061371
lidar,1787202428731196427
lidar,1787202428830951962
lidar,1787202428930651451
lidar,1787202429030920134
lidar,1787202429130851697
lidar,1787202429231298778
lidar,1787202429332404477
lidar,1787202429430721072
lidar,1787202429530040361
lidar,1787202429629534286
lidar,1787202429729091622
lidar,1787202429827779616
lidar,1787202429926903686
lidar,1787202430025861070
lidar,1787202430125152645
lidar,1787202430224056939
lidar,1787202430324012675
lidar,1787202430423285987
lidar,1787202430522863472
lidar,1787202430622888254
lidar,1787202430722887132
lidar,1787202430822707047
lidar,1787202430922542416
lidar,1787202431022509598
lidar,1787202431122596195
lidar,1787202431222279538
lidar,1787202431322887295
lidar,1787202431422194284
lidar,1787202431522152547
lidar,1787202431621757184
lidar,1787202431722189046
lidar,1787202431822846845
lidar,1787202431921990857
lidar,1787202432022179755
lidar,1787202432122283455
lidar,1787202432222231442
lidar,1787202432321701736
lidar,1787202432421275058
lidar,1787202432520198903
lidar,1787202432619089829
lidar,1787202432718829869
lidar,1787202432818178810
lidar,1787202432916961943
lidar,1787202433017589871
lidar,1787202433116723175
lidar,1787202433216251637
lidar,1787202433316579289
lidar,1787202433415971827
lidar,1787202434046364639
lidar,1787202434046652719
lidar,1787202434046828770
lidar,1787202434046981053
lidar,1787202434047134118
lidar,1787202434115437025
lidar,1787202434215281426
lidar,1787202434315418161
lidar,1787202434417959426
lidar,1787202434514844054
lidar,1787202434615039920
lidar,1787202434715091241
lidar,1787202434814859404
lidar,1787202434920660120
lidar,1787202435015313127
lidar,1787202435114540722
lidar,1787202435214492974
lidar,1787202435314378059
lidar,1787202435414294354
lidar,1787202435514286535
lidar,1787202435614199217
lidar,1787202435714340724
lidar,1787202435816312433
lidar,1787202435914632254
lidar,1787202436013272685
lidar,1787202436112968735
lidar,1787202436212211450
lidar,1787202436311012537
lidar,1787202436411141618
lidar,1787202436510056146
lidar,1787202436609194685
lidar,1787202436708417332
lidar,1787202436807966056
lidar,1787202436907706797
lidar,1787202437007342573
lidar,1787202437107751608
lidar,1787202437207325138
lidar,1787202437307143678
lidar,1787202437406971745
lidar,1787202437506702671
lidar,1787202437606902708
lidar,1787202437706971287
lidar,1787202437806753814
lidar,1787202437906800355
lidar,1787202438006711084
lidar,1787202438107034551
lidar,1787202438206879980
lidar,1787202438309241742
lidar,1787202438406683427
lidar,1787202438506944263
lidar,1787202438606734197
lidar,1787202438806886707
lidar,1787202438906132014
lidar,1787202439005396649
lidar,1787202439105358209
lidar,1787202439205473476
lidar,1787202439305531648
lidar,1787202439405440764
lidar,1787202439505513181
lidar,1787202439605841608
lidar,1787202439707615611
lidar,1787202439805866098
lidar,1787202439905808221
lidar,1787202440005813677
lidar,1787202440105959118
lidar,1787202440206113848
lidar,1787202440306311075
lidar,1787202440421099951
lidar,1787202440506386348
lidar,1787202440605867379
lidar,1787202440705506660
lidar,1787202440804694390
lidar,1787202440903682062
lidar,1787202441002757192
lidar,1787202441101981614
lidar,1787202441201081559
lidar,1787202441300182382
lidar,1787202441399651758
lidar,1787202441499356309
lidar,1787202441599418354
lidar,1787202441698955429
lidar,1787202441798535220
lidar,1787202441898866441
lidar,1787202441998833368
lidar,1787202442098365554
lidar,1787202442198827319
lidar,1787202442298763655
lidar,1787202442398802916
lidar,1787202442498523740
lidar,1787202442598189188
lidar,1787202442698152453
lidar,1787202442798043528
lidar,1787202442898016838
lidar,1787202442997333959
lidar,1787202443097391385
lidar,1787202443197055996
lidar,1787202443297099297
lidar,1787202443397596502
lidar,1787202443496890998
lidar,1787202443599003482
lidar,1787202443696907785
lidar,1787202443796968445
lidar,1787202443897694426
lidar,1787202443997314243
lidar,1787202444096782504
lidar,1787202444196794377
lidar,1787202444296689154
lidar,1787202444396424713
lidar,1787202444496286558
lidar,1787202444596107121
lidar,1787202444696045275
lidar,1787202444796158563
lidar,1787202444895916930
lidar,1787202444995796294
lidar,1787202445095342285
lidar,1787202445195645221
lidar,1787202445295478054
lidar,1787202445395104631
lidar,1787202445495374325
lidar,1787202445595216616
lidar,1787202445695015974
lidar,1787202445794957235
lidar,1787202445894931704
lidar,1787202445995232495
lidar,1787202446094528160
lidar,1787202446194890246
lidar,1787202446294551929
lidar,1787202446394331111
lidar,1787202446494034462
lidar,1787202446594307079
lidar,1787202446693834178
lidar,1787202446794174416
lidar,1787202446893538974
lidar,1787202446993584978
lidar,1787202447093248111
lidar,1787202447193004145
lidar,1787202447293935331
lidar,1787202447393448764
lidar,1787202447493101405
lidar,1787202447593361383
lidar,1787202447695003744
lidar,1787202447793649689
lidar,1787202447893114994
lidar,1787202447993037035
lidar,1787202448092626983
lidar,1787202448192075841
lidar,1787202448292007025
lidar,1787202448391614492
lidar,1787202448491289781
lidar,1787202448591277283
lidar,1787202448690967201
lidar,1787202448791006103
lidar,1787202448890688800
lidar,1787202448990662476
lidar,1787202449091037032
lidar,1787202449190250026
lidar,1787202449290592520
lidar,1787202449393341183
lidar,1787202449490898709
lidar,1787202449592850442
lidar,1787202449690911352
lidar,1787202449791039419
lidar,1787202449890944109
lidar,1787202449990595770
lidar,1787202450090997874
lidar,1787202450190159766
lidar,1787202450290049512
lidar,1787202450390087659
lidar,1787202450489934797
lidar,1787202450589856870
lidar,1787202450689522389
lidar,1787202450789862753
lidar,1787202450889581283
lidar,1787202450989442789
lidar,1787202451089375195
lidar,1787202451189117975
lidar,1787202451289047109
lidar,1787202451388340784
lidar,1787202451488074789
lidar,1787202451587436179
lidar,1787202451688730168
lidar,1787202451785555804
lidar,1787202451884620560
lidar,1787202451983728967
lidar,1787202452083486632
lidar,1787202452182743946
lidar,1787202452282411740
lidar,1787202452381959851
lidar,1787202452481730909
lidar,1787202452581819147
lidar,1787202452681620452
lidar,1787202452781609222
lidar,1787202452881383713
lidar,1787202452981123709
lidar,1787202453080773374
lidar,1787202453180845951
lidar,1787202453281984400
lidar,1787202453381988193
lidar,1787202453482217973
lidar,1787202453582162383
lidar,1787202453682557902
lidar,1787202453782682463
lidar,1787202453882763438
lidar,1787202453982620221
lidar,1787202454082457560
lidar,1787202454182808671
lidar,1787202454282715620
lidar,1787202454382687846
lidar,1787202454482256972
lidar,1787202454581593348
lidar,1787202454681178035
lidar,1787202454780294189
lidar,1787202454879833247
lidar,1787202454979294350
lidar,1787202455078056544
lidar,1787202455177397020
lidar,1787202455276818917
lidar,1787202455377155963
lidar,1787202455477451554
lidar,1787202455576751581
lidar,1787202455676962236
lidar,1787202455776909633
lidar,1787202455876926082
lidar,1787202455977309923
lidar,1787202456077287197
lidar,1787202456177425425
lidar,1787202456277731954
lidar,1787202456377007592
lidar,1787202456476937995
lidar,1787202456575888777
lidar,1787202456674562907
lidar,1787202456774224894
lidar,1787202456873238471
lidar,1787202456972400339
lidar,1787202457071573573
lidar,1787202457171614631
lidar,1787202457271890763
lidar,1787202457370780320
lidar,1787202457470785238
lidar,1787202457570897951
lidar,1787202457670817555
lidar,1787202457770484670
lidar,1787202457870460594
lidar,1787202457970222394
lidar,1787202458069946071
lidar,1787202458170551552
lidar,1787202458270313807
lidar,1787202458369974708
lidar,1787202458470163715
lidar,1787202458570473512
lidar,1787202458670164625
lidar,1787202458770069234
lidar,1787202458870168602
lidar,1787202458969823471
lidar,1787202459069563436
lidar,1787202459169531458
lidar,1787202459269498246
lidar,1787202459369374277
lidar,1787202459471078265
lidar,1787202459569447337
lidar,1787202459669099186
lidar,1787202459769627582
lidar,1787202459869434346
lidar,1787202459969060575
lidar,1787202460069646364
lidar,1787202460169513031
lidar,1787202460269264103
lidar,1787202460368586083
lidar,1787202460467944432
lidar,1787202460567366055
lidar,1787202460666831726
lidar,1787202460767141988
lidar,1787202460865376732
lidar,1787202460964624174
lidar,1787202461068105356
lidar,1787202461214957614
lidar,1787202461263447331
lidar,1787202461363855763
lidar,1787202461463245068
lidar,1787202461562995103
lidar,1787202461663295916
lidar,1787202461763318240
lidar,1787202461863161423
lidar,1787202461964085934
lidar,1787202462062704442
lidar,1787202462162852933
lidar,1787202462262289904
lidar,1787202462363653085
lidar,1787202462463366675
lidar,1787202462563366287
lidar,1787202462670702823
lidar,1787202462761453754
lidar,1787202462860961012
lidar,1787202462960324833
lidar,1787202463059737322
lidar,1787202463158799712
lidar,1787202463260007437
lidar,1787202463357858711
lidar,1787202463457558661
lidar,1787202463557838838
lidar,1787202463657824112
lidar,1787202463757959495
lidar,1787202463857676439
lidar,1787202463958290449
lidar,1787202464057684053
lidar,1787202464157633697
lidar,1787202464257800667
lidar,1787202464357920007
lidar,1787202464457833430
lidar,1787202464558202626
lidar,1787202464658345899
lidar,1787202464758388211
lidar,1787202464858322120
lidar,1787202464957715437
lidar,1787202465057355493
lidar,1787202465156510379
lidar,1787202465255504520
lidar,1787202465354916678
lidar,1787202465454324028
lidar,1787202465553253975
lidar,1787202465651970424
lidar,1787202465752398455
lidar,1787202465854527356
lidar,1787202465951725370
lidar,1787202466051427733
lidar,1787202466151723461
lidar,1787202466251197597
lidar,1787202466350976226
lidar,1787202466450805837
lidar,1787202466550695643
lidar,1787202466651011715
lidar,1787202466750935893
lidar,1787202466850930461
lidar,1787202466951028264
lidar,1787202467050912763
lidar,1787202467151121902
lidar,1787202467249858526
lidar,1787202467349206420
lidar,1787202467449124489
lidar,1787202467547606445
lidar,1787202467646758789
lidar,1787202467746242678
lidar,1787202467845873670
lidar,1787202467945458455
lidar,1787202468045800313
lidar,1787202468145773078
lidar,1787202468245469206
lidar,1787202468345663181
lidar,1787202468445884858
lidar,1787202468545659754
lidar,1787202468645351623
lidar,1787202468745576590
lidar,1787202468845604909
lidar,1787202468945655572
lidar,1787202469045802460
lidar,1787202469146152628
lidar,1787202469245732270
lidar,1787202469345681103
lidar,1787202469445684352
lidar,1787202469545694022
lidar,1787202469645671946
lidar,1787202469750440425
lidar,1787202469845391848
lidar,1787202469945245503
lidar,1787202470045369488
lidar,1787202470145161681
lidar,1787202470245242910
lidar,1787202470345267566
lidar,1787202470444891432
lidar,1787202470544650972
lidar,1787202470644730304
lidar,1787202470744575942
lidar,1787202470844660523
lidar,1787202470944741301
lidar,1787202471044367039
lidar,1787202471144877560
lidar,1787202471244053925
lidar,1787202471344078912
lidar,1787202471444009949
lidar,1787202471544430032
lidar,1787202471643641670
lidar,1787202471743581423
lidar,1787202471843355727
lidar,1787202471943574617
lidar,1787202472043363165
lidar,1787202472143294008
lidar,1787202472243358174
lidar,1787202472343315348
lidar,1787202472443347806
lidar,1787202472543113126
lidar,1787202472643156605
lidar,1787202472741986043
lidar,1787202472842124478
lidar,1787202472941018998
lidar,1787202473040457552
lidar,1787202473139930073
lidar,1787202473238811890
lidar,1787202473337977466
lidar,1787202473437320119
lidar,1787202473537299350
lidar,1787202473636878335
lidar,1787202473736326819
lidar,1787202473836157642
lidar,1787202473936158095
lidar,1787202474035951867
lidar,1787202474135813606
lidar,1787202474236184698
lidar,1787202474335929313
lidar,1787202474436197599
lidar,1787202474970283053
lidar,1787202474970627148
lidar,1787202474970842098
lidar,1787202474971029594
lidar,1787202474971214306
lidar,1787202475036142726
lidar,1787202475135132507
lidar,1787202475235424810
lidar,1787202475335032441
lidar,1787202475435214819
lidar,1787202475535221487
lidar,1787202475634991252
lidar,1787202475734875828
lidar,1787202475834752548
lidar,1787202475934996501
lidar,1787202476033923960
lidar,1787202476133637163
lidar,1787202476233499559
lidar,1787202476333352036
lidar,1787202476433031199
lidar,1787202476532867652
lidar,1787202476632578506
lidar,1787202476732535874
lidar,1787202476833253879
lidar,1787202476932550892
lidar,1787202477032716161
lidar,1787202477132593366
lidar,1787202477232364389
lidar,1787202477332260004
lidar,1787202477431592492
lidar,1787202477531617135
lidar,1787202477631203295
lidar,1787202477731081184
lidar,1787202477830843369
lidar,1787202477930962471
lidar,1787202478030573914
lidar,1787202478130544238
lidar,1787202478230560656
lidar,1787202478330311798
lidar,1787202478430065425
lidar,1787202478530186214
lidar,1787202478630316962
lidar,1787202478730224943
lidar,1787202478830067326
lidar,1787202478929609936
lidar,1787202479030130816
lidar,1787202479132169972
lidar,1787202479229808013
lidar,1787202479330377276
lidar,1787202479429583774
lidar,1787202479529623713
lidar,1787202479629625916
lidar,1787202479729943644
lidar,1787202479829800705
lidar,1787202479929555663
lidar,1787202480029612656
lidar,1787202480129232277
lidar,1787202480229443016
lidar,1787202480328756852
lidar,1787202480428342104
lidar,1787202480527697170
lidar,1787202480626831121
lidar,1787202480726503074
lidar,1787202480826439113
lidar,1787202480924675514
lidar,1787202481024534147
lidar,1787202481123677710
lidar,1787202481223867352
lidar,1787202481324300846
lidar,1787202481423533100
lidar,1787202481523359942
lidar,1787202481624035245
lidar,1787202481723118942
lidar,1787202481823233907
lidar,1787202481923052771
lidar,1787202482022923333
lidar,1787202482123187838
lidar,1787202482223313023
lidar,1787202482323443970
lidar,1787202482423047884
lidar,1787202482523042453
lidar,1787202482623119562
lidar,1787202482722961310
lidar,1787202482823019392
lidar,1787202482922874018
lidar,1787202483024228457
lidar,1787202483126341486
lidar,1787202483220207013
lidar,1787202483319440544
lidar,1787202483419012288
lidar,1787202483518498925
lidar,1787202483618014101
lidar,1787202483719344259
lidar,1787202483818462173
lidar,1787202483918772389
lidar,1787202484019199352
lidar,1787202484118905944
lidar,1787202484218758208
lidar,1787202484318886983
lidar,1787202484418881873
lidar,1787202484519257428
lidar,1787202484618831481
lidar,1787202484719140501
lidar,1787202484818852821
lidar,1787202484918480593
lidar,1787202485018932614
lidar,1787202485118667819
lidar,1787202485218555842
lidar,1787202485318443127
lidar,1787202485417548593
lidar,1787202485517236979
lidar,1787202485618189561
lidar,1787202485716013709
lidar,1787202485815062468
lidar,1787202485914170412
lidar,1787202486013319075
lidar,1787202486112361962
lidar,1787202486212071657
lidar,1787202486312103896
lidar,1787202486411539112
lidar,1787202486511187373
lidar,1787202486610862892
lidar,1787202486711445600
lidar,1787202486812101459
lidar,1787202486910921693
lidar,1787202487011705828
lidar,1787202487110840061
lidar,1787202487211420238
lidar,1787202487311240877
lidar,1787202487411590047
lidar,1787202487511211849
lidar,1787202487611012287
lidar,1787202487711025070
lidar,1787202487810765772
lidar,1787202487910446419
lidar,1787202488009633855
lidar,1787202488108705165
lidar,1787202488207984235
lidar,1787202488308088490
lidar,1787202488406967655
lidar,1787202488505745896
lidar,1787202488604701103
lidar,1787202488704184545
lidar,1787202488804559826
lidar,1787202488903120543
lidar,1787202489002936800
lidar,1787202489102609712
lidar,1787202489202204342
lidar,1787202489303146530
lidar,1787202489402000685
lidar,1787202489501594745
lidar,1787202489601578596
lidar,1787202489701283856
lidar,1787202489810298371
lidar,1787202489901171898
lidar,1787202490000963132
lidar,1787202490100739503
lidar,1787202490200887979
lidar,1787202490301050127
lidar,1787202490401127803
lidar,1787202490501357470
lidar,1787202490601588972
lidar,1787202490703368758
lidar,1787202490801777627
lidar,1787202490901861712
lidar,1787202491001650545
lidar,1787202491101235271
lidar,1787202491200576892
lidar,1787202491300227560
lidar,1787202491399411105
lidar,1787202491498499281
lidar,1787202491597737366
lidar,1787202491696780433
lidar,1787202491796724649
lidar,1787202491895332353
lidar,1787202491994692466
lidar,1787202492094700456
lidar,1787202492194555637
lidar,1787202492293740119
lidar,1787202492393575575
lidar,1787202492494602841
lidar,1787202492595061467
lidar,1787202492693394376
lidar,1787202492793040909
lidar,1787202492892947142
lidar,1787202492992904279
lidar,1787202493092608443
lidar,1787202493192422993
lidar,1787202493292569123
lidar,1787202493393173031
lidar,1787202493492671162
lidar,1787202493592183792
lidar,1787202493692221774
lidar,1787202493792141163
lidar,1787202493892225183
lidar,1787202493991743236
lidar,1787202494091569248
lidar,1787202494191482293
lidar,1787202494291659781
lidar,1787202494390823996
lidar,1787202494492319853
lidar,1787202494590622818
lidar,1787202494690139932
lidar,1787202494790194329
lidar,1787202494890002584
lidar,1787202495450346435
lidar,1787202495450729760
lidar,1787202495450931162
lidar,1787202495451068823
lidar,1787202495451280478
lidar,1787202495489581821
lidar,1787202495589337305
lidar,1787202495689432507
lidar,1787202495789422269
lidar,1787202495889219215
lidar,1787202495988928644
lidar,1787202496088719222
lidar,1787202496188141475
lidar,1787202496288918917
lidar,1787202496388078238
lidar,1787202496487897928
lidar,1787202496587660492
lidar,1787202496687525953
lidar,1787202496787724686
lidar,1787202496887230060
lidar,1787202496987145297
lidar,1787202497087230825
lidar,1787202497187087731
lidar,1787202497287011929
lidar,1787202497386687310
lidar,1787202497486594040
lidar,1787202497586683453
lidar,1787202497686637923
lidar,1787202497787004179
lidar,1787202497886613461
lidar,1787202497986486464
lidar,1787202498086408419
lidar,1787202498186493515
lidar,1787202498286279689
lidar,1787202498386179274
lidar,1787202498485908038
lidar,1787202498588404793
lidar,1787202498685997661
lidar,1787202498786709535
lidar,1787202498885967129
lidar,1787202498985545426
lidar,1787202499085291126
lidar,1787202499185163700
lidar,1787202499285040307
lidar,1787202499386803189
lidar,1787202499485151325
lidar,1787202499584932737
lidar,1787202499684764887
lidar,1787202499784725993
lidar,1787202499884484388
lidar,1787202499984645176
lidar,1787202500084281431
lidar,1787202500183485821
lidar,1787202500283149654
lidar,1787202500383284816
lidar,1787202500483123309
lidar,1787202500582679054
lidar,1787202500682668116
lidar,1787202500782478104
lidar,1787202500882505651
lidar,1787202500982683203
lidar,1787202501082424542
lidar,1787202501182589566
lidar,1787202501282059264
lidar,1787202501382261650
lidar,1787202501482083481
lidar,1787202501582044332
lidar,1787202501681541337
lidar,1787202501781344739
lidar,1787202501881143623
lidar,1787202501981489580
lidar,1787202502080938355
lidar,1787202502180883692
lidar,1787202502284332281
lidar,1787202502380798972
lidar,1787202502480520424
lidar,1787202502581910570
lidar,1787202502680282411
lidar,1787202502779951936
lidar,1787202502878837916
lidar,1787202502978307869
lidar,1787202503077342632
lidar,1787202503176565331
lidar,1787202503275599921
lidar,1787202503374581334
lidar,1787202503473871287
lidar,1787202503573045360
lidar,1787202503672855566
lidar,1787202503773116958
lidar,1787202503872833140
lidar,1787202503972913765
lidar,1787202504072898655
lidar,1787202504172694825
lidar,1787202504272662904
lidar,1787202504372702181
lidar,1787202504472656764
lidar,1787202504572708141
lidar,1787202504673403731
lidar,1787202504773020227
lidar,1787202504873043249
lidar,1787202504972991760
lidar,1787202505072654736
lidar,1787202505690176520
lidar,1787202505690504045
lidar,1787202505690729796
lidar,1787202505690942703
lidar,1787202505691139350
lidar,1787202505771624711
lidar,1787202505871633326
lidar,1787202505971434515
lidar,1787202506071832384
lidar,1787202506171217426
lidar,1787202506271015738
lidar,1787202506371337041
lidar,1787202506473358290
lidar,1787202506570870650
lidar,1787202506670679603
lidar,1787202506770469856
lidar,1787202506869876722
lidar,1787202506969272518
lidar,1787202507068417277
lidar,1787202507167573058
lidar,1787202507266849560
lidar,1787202507365814200
lidar,1787202507464822711
lidar,1787202507564801293
lidar,1787202507663388397
lidar,1787202507763234768
lidar,1787202507862967761
lidar,1787202507964452405
lidar,1787202508062581907
lidar,1787202508162653633
lidar,1787202508262560688
lidar,1787202508361893059
lidar,1787202508461823647
lidar,1787202508561949222
lidar,1787202508661624439
lidar,1787202508761356934
lidar,1787202508863042327
lidar,1787202508961231290
lidar,1787202509061001141
lidar,1787202509160637858
lidar,1787202509260477798
lidar,1787202509360762437
lidar,1787202509460693744
lidar,1787202509560523847
lidar,1787202509660472783
lidar,1787202509760137701
lidar,1787202509859989664
lidar,1787202509959798030
lidar,1787202510059649507
lidar,1787202510159699426
lidar,1787202510261651181
lidar,1787202510358819906
lidar,1787202510458673901
lidar,1787202510558844191
lidar,1787202510658761156
lidar,1787202510758777655
lidar,1787202510858707900
lidar,1787202510958526157
lidar,1787202511058002936
lidar,1787202511158206268
lidar,1787202511258415098
lidar,1787202511358210822
lidar,1787202511458221750
lidar,1787202511558128528
lidar,1787202511658001286
lidar,1787202511758106152
lidar,1787202511858211917
lidar,1787202511957915677
lidar,1787202512058106635
lidar,1787202512157712828
lidar,1787202512257480515
lidar,1787202512357214741
lidar,1787202512457219463
lidar,1787202512557138701
lidar,1787202512656933811
lidar,1787202512756910815
lidar,1787202512856912264
lidar,1787202512956694830
lidar,1787202513056617366
lidar,1787202513156302127
lidar,1787202513255965376
lidar,1787202513356044675
lidar,1787202513455668701
lidar,1787202513555677611
lidar,1787202513655531024
lidar,1787202513755582921
lidar,1787202513855194681
lidar,1787202513954969175
lidar,1787202514054943856
lidar,1787202514155337631
lidar,1787202514255662050
lidar,1787202514354651864
lidar,1787202514454683305
lidar,1787202514554642221
lidar,1787202514654554597
lidar,1787202514754324525
lidar,1787202514853942155
lidar,1787202514953962911
lidar,1787202515054278988
lidar,1787202515154356282
lidar,1787202515253983503
lidar,1787202515353851264
lidar,1787202515453608746
lidar,1787202515553604135
lidar,1787202515653321212
lidar,1787202515752882342
lidar,1787202515852003807
lidar,1787202515951417046
lidar,1787202516050491300
lidar,1787202516150054716
lidar,1787202516248744537
lidar,1787202516348100283
lidar,1787202516447219202
lidar,1787202516546889230
lidar,1787202516646675188
lidar,1787202516746571138
lidar,1787202516846579434
lidar,1787202516946334782
lidar,1787202517046347585
lidar,1787202517145919542
lidar,1787202517245939626
lidar,1787202517346279651
lidar,1787202517446060918
lidar,1787202517546204067
lidar,1787202517645832713
lidar,1787202517746034209
lidar,1787202517846206267
lidar,1787202517946071255
lidar,1787202518046196269
lidar,1787202518146982839
lidar,1787202518246043521
lidar,1787202518345801905
lidar,1787202518445446836
lidar,1787202518545535982
lidar,1787202518645548145
lidar,1787202518745947825
lidar,1787202518845585677
lidar,1787202518945758307
lidar,1787202519045381695
lidar,1787202519145030234
lidar,1787202519245117797
lidar,1787202519343785376
lidar,1787202519443031011
lidar,1787202520058333000
lidar,1787202520058623519
lidar,1787202520058793924
lidar,1787202520058946207
lidar,1787202520059084444
lidar,1787202520140634001
lidar,1787202520239279843
lidar,1787202520339478845
lidar,1787202520439305035
lidar,1787202520540219921
lidar,1787202520638610382
lidar,1787202520738304473
lidar,1787202520838271930
lidar,1787202520938092766
lidar,1787202521037848997
lidar,1787202521137861102
lidar,1787202521237790858
lidar,1787202521337802447
lidar,1787202521437316307
lidar,1787202521537329849
lidar,1787202521637447746
lidar,1787202521737468892
lidar,1787202521837634268
lidar,1787202521937230922
lidar,1787202522038159453
lidar,1787202522136917515
lidar,1787202522237116048
lidar,1787202522336731807
lidar,1787202522436287865
lidar,1787202522535851343
lidar,1787202522635841749
lidar,1787202522736043913
lidar,1787202522835989641
lidar,1787202522935913895
lidar,1787202523035791775
lidar,1787202523135676675
lidar,1787202523235898053
lidar,1787202523335809522
lidar,1787202523435187022
lidar,1787202523535154349
lidar,1787202523635021729
lidar,1787202523734678167
lidar,1787202523836628091
lidar,1787202523935645743
lidar,1787202524035093975
lidar,1787202524135329276
lidar,1787202524234573057
lidar,1787202524334541984
lidar,1787202524434234085
lidar,1787202524534508675
lidar,1787202524634495302
lidar,1787202524735359677
lidar,1787202524834523269
lidar,1787202524934409701
lidar,1787202525034663620
lidar,1787202525133968159
lidar,1787202525233609241
lidar,1787202525333433757
lidar,1787202525432961158
lidar,1787202525533122590
lidar,1787202525661239894
lidar,1787202525732934287
lidar,1787202525832711825
lidar,1787202525932352716
lidar,1787202526032536782
lidar,1787202526134242730
lidar,1787202526232244800
lidar,1787202526331850153
lidar,1787202526431756245
lidar,1787202526531734046
lidar,1787202526631707918
lidar,1787202526735005023
lidar,1787202526831826670
lidar,1787202526931491329
lidar,1787202527031390667
lidar,1787202527131675777
lidar,1787202527231643195
lidar,1787202527331219627
lidar,1787202527431308579
lidar,1787202527531285850
lidar,1787202527630953452
lidar,1787202527730712927
lidar,1787202527830388832
lidar,1787202527929397990
lidar,1787202528028778642
lidar,1787202528128012889
lidar,1787202528227490373
lidar,1787202528327148851
lidar,1787202528426704253
lidar,1787202528525680641
lidar,1787202528629055487
lidar,1787202528723701092
lidar,1787202528823668445
lidar,1787202528923238187
lidar,1787202529023493610
lidar,1787202529123160449
lidar,1787202529222693635
lidar,1787202529322909117
lidar,1787202529425401238
lidar,1787202529522469834
lidar,1787202529622402774
lidar,1787202529722407359
lidar,1787202529822780578
lidar,1787202529923361344
lidar,1787202530022289314
lidar,1787202530121966386
lidar,1787202530222004089
lidar,1787202530321964022
lidar,1787202530447803816
lidar,1787202530521720633
lidar,1787202530621822065
lidar,1787202530721586348
lidar,1787202530821703761
lidar,1787202530928374907
lidar,1787202531030946905
lidar,1787202531121989928
lidar,1787202531220880533
lidar,1787202531322323176
lidar,1787202531421061397
lidar,1787202531520880470
lidar,1787202531620730034
lidar,1787202531720776574
lidar,1787202531820333158
lidar,1787202531919691864
lidar,1787202532019130986
lidar,1787202532118121131
lidar,1787202532217172794
lidar,1787202532316480135
lidar,1787202532415325474
lidar,1787202532514508974
lidar,1787202532613912658
lidar,1787202532713103105
lidar,1787202532813076787
lidar,1787202532912682415
lidar,1787202533012371722
lidar,1787202533112305601
lidar,1787202533211908610
lidar,1787202533312149706
lidar,1787202533418329941
lidar,1787202533511949356
lidar,1787202533615198387
lidar,1787202533711793405
lidar,1787202533814217799
lidar,1787202533916345580
lidar,1787202534012086503
lidar,1787202534113592655
lidar,1787202534212835069
lidar,1787202534311822725
lidar,1787202534436970048
lidar,1787202535038313549
lidar,1787202535038619999
lidar,1787202535038818630
lidar,1787202535039006690
lidar,1787202535039189960
lidar,1787202535107528380
lidar,1787202535206570511
lidar,1787202535305695132
lidar,1787202535405265440
lidar,1787202535507152082
lidar,1787202535605257887
lidar,1787202535709400802
lidar,1787202535804238709
lidar,1787202535904160048
lidar,1787202536004325525
lidar,1787202536104889341
lidar,1787202536204114335
lidar,1787202536305329896
lidar,1787202536403636880
lidar,1787202536503934599
lidar,1787202536603718386
lidar,1787202536703635788
lidar,1787202536804231446
lidar,1787202536903711229
lidar,1787202537005556417
lidar,1787202537105198906
lidar,1787202537205733676
lidar,1787202537305381597
lidar,1787202537404394101
lidar,1787202537504279853
lidar,1787202537605240258
lidar,1787202537705551070
lidar,1787202537804650118
lidar,1787202537910161510
lidar,1787202538008314112
lidar,1787202538106112223
lidar,1787202538203485579
lidar,1787202538305442867
lidar,1787202538404801252
lidar,1787202538504924253
lidar,1787202538602938080
lidar,1787202538704719877
lidar,1787202538803790421
lidar,1787202538904591512
lidar,1787202539004413494
lidar,1787202539102909850
lidar,1787202539201459911
lidar,1787202539300171206
lidar,1787202539399576677
lidar,1787202539501399950
lidar,1787202539598958093
lidar,1787202539700061084
lidar,1787202539801831148
lidar,1787202539898243517
lidar,1787202539998200905
lidar,1787202540098213529
lidar,1787202540198058766
lidar,1787202540297795278
lidar,1787202540399764679
lidar,1787202540498964567
lidar,1787202540598409846
lidar,1787202540698984298
lidar,1787202540799602716
lidar,1787202540899899600
lidar,1787202541566218629
lidar,1787202541566442504
lidar,1787202541566586714
lidar,1787202541566716992
lidar,1787202541566845858
lidar,1787202541602961009
lidar,1787202541701220872
lidar,1787202541801491954
lidar,1787202541903427497
lidar,1787202542000563937
lidar,1787202542100070325
lidar,1787202542199322608
lidar,1787202542299131979
lidar,1787202542398543794
lidar,1787202542500495174
lidar,1787202542603790879
lidar,1787202542703744726
lidar,1787202542799127535
lidar,1787202542898419247
lidar,1787202542998175424
lidar,1787202543098582760
lidar,1787202543208842386
lidar,1787202543318671785
lidar,1787202543398212269
lidar,1787202543497981983
lidar,1787202543597860197
lidar,1787202543697419013
lidar,1787202543797282636
lidar,1787202543897421413
lidar,1787202543997512068
lidar,1787202544097197859
lidar,1787202544197188504
lidar,1787202544297053988
lidar,1787202544396871349
lidar,1787202544496533148
lidar,1787202544597318945
lidar,1787202544696232059
lidar,1787202544796125322
lidar,1787202544895948207
lidar,1787202544996089380
lidar,1787202545095848782
lidar,1787202545199091108
lidar,1787202545296120343
lidar,1787202545396137925
lidar,1787202545495883596
lidar,1787202545595103775
lidar,1787202545694793132
lidar,1787202545795140678
lidar,1787202545894124849
lidar,1787202545995556677
lidar,1787202546095924135
lidar,1787202546194489193
lidar,1787202546294720698
lidar,1787202546395041446
lidar,1787202546495239597
lidar,1787202546598130433
lidar,1787202546694836161
lidar,1787202546794483457
lidar,1787202546894264826
lidar,1787202546994131335
lidar,1787202547095150573
lidar,1787202547195887838
lidar,1787202547297543333
lidar,1787202547394515764
lidar,1787202547493383366
lidar,1787202547593158255
lidar,1787202547694129396
lidar,1787202547795648172
lidar,1787202547892792957
lidar,1787202547992622323
lidar,1787202548093887272
lidar,1787202548191951680
lidar,1787202548292094911
lidar,1787202548391533052
lidar,1787202548491301317
lidar,1787202548593239140
lidar,1787202548692923906
lidar,1787202548790622688
lidar,1787202548890481345
lidar,1787202548990430036
lidar,1787202549089960368
lidar,1787202549190136402
lidar,1787202549289658319
lidar,1787202549389620948
lidar,1787202549490783082
lidar,1787202549588871249
lidar,1787202549688977581
lidar,1787202549789454009
lidar,1787202549894843433
lidar,1787202549988593051
lidar,1787202550091134291
lidar,1787202550188255088
lidar,1787202550288281760
lidar,1787202550387815013
lidar,1787202550487690107
lidar,1787202550587448627
lidar,1787202550687393205
lidar,1787202550786930515
lidar,1787202550886806494
lidar,1787202550986788991
lidar,1787202551086071946
lidar,1787202551186550436
lidar,1787202551301208866
lidar,1787202551388029061
lidar,1787202551488073895
lidar,1787202552126402384
lidar,1787202552126617631
lidar,1787202552126765449
lidar,1787202552126895172
lidar,1787202552127023389
lidar,1787202552188667763
lidar,1787202552288620182
lidar,1787202552388156540
lidar,1787202552488184410
lidar,1787202552588150081
lidar,1787202552687830205
lidar,1787202552787623410
lidar,1787202552887379364
lidar,1787202552987139624
lidar,1787202553087076707
lidar,1787202553187128476
lidar,1787202553287056705
lidar,1787202553386908395
lidar,1787202553486805187
lidar,1787202553587228304
lidar,1787202553687511059
lidar,1787202553787544280
lidar,1787202553886946404
lidar,1787202553987306215
lidar,1787202554089496951
lidar,1787202554187190340
lidar,1787202554287212559
lidar,1787202554387576739
lidar,1787202554487098826
lidar,1787202554586872637
lidar,1787202554686449621
lidar,1787202554785666538
lidar,1787202554884785207
lidar,1787202554984179491
lidar,1787202555083904740
lidar,1787202555182715677
lidar,1787202555282468759
lidar,1787202555381334311
lidar,1787202555480434522
lidar,1787202555579880240
lidar,1787202555679285391
lidar,1787202555779249237
lidar,1787202555879018951
lidar,1787202555978979647
lidar,1787202556078873579
lidar,1787202556179081882
lidar,1787202556279095464
lidar,1787202556378977420
lidar,1787202556479147852
lidar,1787202556579135833
lidar,1787202556678793210
lidar,1787202556778806192
lidar,1787202556878502714
lidar,1787202556979526545
lidar,1787202557077925197
lidar,1787202557178077166
lidar,1787202557277865733
lidar,1787202557378049329
lidar,1787202557477634386
lidar,1787202557577585411
lidar,1787202557677535279
lidar,1787202557777164846
lidar,1787202557878402451
lidar,1787202557977058444
lidar,1787202558076682465
lidar,1787202558176488251
lidar,1787202558276355984
lidar,1787202558376454398
lidar,1787202558476148330
lidar,1787202558576368329
lidar,1787202558676690954
lidar,1787202558776199490
lidar,1787202558876314554
lidar,1787202558976012962
lidar,1787202559076241877
lidar,1787202559175848609
lidar,1787202559275470316
lidar,1787202559375698100
lidar,1787202559475230739
lidar,1787202559575383902
lidar,1787202559675184265
lidar,1787202559775399295
lidar,1787202559875476452
lidar,1787202559975447530
lidar,1787202560075379460
lidar,1787202560174393880
lidar,1787202560274442487
lidar,1787202560373908315
lidar,1787202560473726790
lidar,1787202560573889734
lidar,1787202560673077683
lidar,1787202560772967789
lidar,1787202560873447747
lidar,1787202560973554141
lidar,1787202561073153460
lidar,1787202561172738019
lidar,1787202561272745150
lidar,1787202561373352215
lidar,1787202561473380511
lidar,1787202561574227369
lidar,1787202561674473822
lidar,1787202561774943872
lidar,1787202561875282912
lidar,1787202561975128208
lidar,1787202562076800539
lidar,1787202562174944977
lidar,1787202562274636248
lidar,1787202562374704873
lidar,1787202562474495738
lidar,1787202562574172479
lidar,1787202562674113587
lidar,1787202562773490243
lidar,1787202562872608739
lidar,1787202562972938285
lidar,1787202563071024926
lidar,1787202563170048239
lidar,1787202563269291797
lidar,1787202563369009236
lidar,1787202563468626399
lidar,1787202563567892532
lidar,1787202563667542261
lidar,1787202563767131338
lidar,1787202563867234334
lidar,1787202563966407588
lidar,1787202564066646809
lidar,1787202564166491926
lidar,1787202564266261013
lidar,1787202564365788895
lidar,1787202564465856849
lidar,1787202564566449229
lidar,1787202564669456954
lidar,1787202564765691526
lidar,1787202564865843801
lidar,1787202564965587060
lidar,1787202565065631072
lidar,1787202565165947694
lidar,1787202565266041917
lidar,1787202565365671504
lidar,1787202565465602346
lidar,1787202565565760283
lidar,1787202565665700027
lidar,1787202565765909706
lidar,1787202565865809734
lidar,1787202565968347287
lidar,1787202566065347205
lidar,1787202566165000499
lidar,1787202566264721351
lidar,1787202566364983437
lidar,1787202566464961403
lidar,1787202566564407699
lidar,1787202567162313843
lidar,1787202567162610569
lidar,1787202567162797803
lidar,1787202567162963420
lidar,1787202567163125749
lidar,1787202567164051326
lidar,1787202567264036517
lidar,1787202567364135091
lidar,1787202567464753843
lidar,1787202567567696269
lidar,1787202567664164381
lidar,1787202567763835346
lidar,1787202567863197100
lidar,1787202567962301026
lidar,1787202568061238624
lidar,1787202568160294797
lidar,1787202568259321112
lidar,1787202568358755144
lidar,1787202568458067016
lidar,1787202568557387905
lidar,1787202568657382277
lidar,1787202568756788670
lidar,1787202568856680369
lidar,1787202568959260774
lidar,1787202569056343344
lidar,1787202569157074863
lidar,1787202569256018772
lidar,1787202569355894273
lidar,1787202569455770635
lidar,1787202569555627277
lidar,1787202569655438309
lidar,1787202569757039358
lidar,1787202569855188607
lidar,1787202569954803849
lidar,1787202570055125023
lidar,1787202570154810891
lidar,1787202570255423856
lidar,1787202570355393175
lidar,1787202570456168859
lidar,1787202570556634508
lidar,1787202570657370578
lidar,1787202570757806465
lidar,1787202570857992722
lidar,1787202570958171693
lidar,1787202571057654004
lidar,1787202571157694353
lidar,1787202571257376800
lidar,1787202571357462784
lidar,1787202571457291837
lidar,1787202571557253032
lidar,1787202571657154225
lidar,1787202571756927825
lidar,1787202571857046499
lidar,1787202571956722054
lidar,1787202572056301031
lidar,1787202572156148432
lidar,1787202572255598497
lidar,1787202572355529587
lidar,1787202572455452359
lidar,1787202572555264451
lidar,1787202572655128677
lidar,1787202572754996671
lidar,1787202572854989194
lidar,1787202572955482521
lidar,1787202573055335701
lidar,1787202573156970404
lidar,1787202573254681245
lidar,1787202573354207195
lidar,1787202573454453226
lidar,1787202573554770023
lidar,1787202573653926244
lidar,1787202573754174974
lidar,1787202573854081722
lidar,1787202573955389813
lidar,1787202574053917582
lidar,1787202574153818743
lidar,1787202574253257377
lidar,1787202574353028099
lidar,1787202574452694350
lidar,1787202574552844236
lidar,1787202574652424579
lidar,1787202574752299123
lidar,1787202574852017695
lidar,1787202574951987653
lidar,1787202575051732306
lidar,1787202575151547807
lidar,1787202575251295402
lidar,1787202575351278730
lidar,1787202575451197080
lidar,1787202575550969245
lidar,1787202575651016484
lidar,1787202575750875324
lidar,1787202575851552042
lidar,1787202575951540036
lidar,1787202576051209965
lidar,1787202576150976874
lidar,1787202576251557610
lidar,1787202576351364548
lidar,1787202576451564517
lidar,1787202576552152079
lidar,1787202576651797126
lidar,1787202576751264363
lidar,1787202576850428692
lidar,1787202577402432056
lidar,1787202577402912193
lidar,1787202577403205777
lidar,1787202577403467046
lidar,1787202577403735933
lidar,1787202577445915704
lidar,1787202577545883192
lidar,1787202577645448372
lidar,1787202577745542734
lidar,1787202577846710452
lidar,1787202577945266812
lidar,1787202578045408625
lidar,1787202578144865944
lidar,1787202578244719763
lidar,1787202578344566906
lidar,1787202578444928975
lidar,1787202578544488371
lidar,1787202578643815536
lidar,1787202578743875480
lidar,1787202578844036860
lidar,1787202578943703377
lidar,1787202579043774314
lidar,1787202579143623597
lidar,1787202579243327789
lidar,1787202579343629660
lidar,1787202579443297727
lidar,1787202579543156936
lidar,1787202579643109072
lidar,1787202579742868523
lidar,1787202579842762415
lidar,1787202579942501842
lidar,1787202580042704210
lidar,1787202580142526124
lidar,1787202580242663639
lidar,1787202580342761611
lidar,1787202580442434426
lidar,1787202580542256427
lidar,1787202580642133491
lidar,1787202580741933497
lidar,1787202580841360442
lidar,1787202580941191359
lidar,1787202581041257879
lidar,1787202581141248811
lidar,1787202581241259292
lidar,1787202581341122721
lidar,1787202581441307495
lidar,1787202581541306832
lidar,1787202581640847035
lidar,1787202581740738351
lidar,1787202581840731929
lidar,1787202581942708544
lidar,1787202582039949520
lidar,1787202582139257728
lidar,1787202582238519902
lidar,1787202582337657417
lidar,1787202582436729143
lidar,1787202582536553470
lidar,1787202582636210074
lidar,1787202582736194074
lidar,1787202582835691296
lidar,1787202582935722853
lidar,1787202583034934236
lidar,1787202583134555136
lidar,1787202583234239441
lidar,1787202583333881198
lidar,1787202583433936304
lidar,1787202583533481019
lidar,1787202583633358626
lidar,1787202583733559854
lidar,1787202583834058710
lidar,1787202583935003480
lidar,1787202584034803164
lidar,1787202584134965350
lidar,1787202584235582844
lidar,1787202584336219725
lidar,1787202584436295594
lidar,1787202584537079454
lidar,1787202584636534306
lidar,1787202584736431625
lidar,1787202584836164197
lidar,1787202584935922173
lidar,1787202585036026483
lidar,1787202585135743097
lidar,1787202585235935994
lidar,1787202585335629831
lidar,1787202585435333235
lidar,1787202585535511168
lidar,1787202585635120935
lidar,1787202585735061659
lidar,1787202585834434400
lidar,1787202585936226806
lidar,1787202586034241797
lidar,1787202586135023862
lidar,1787202586234942975
lidar,1787202586334552197
lidar,1787202586433930330
lidar,1787202586533433057
lidar,1787202586633162906
lidar,1787202586733063147
lidar,1787202586832676089
lidar,1787202586932348783
lidar,1787202587032212368
lidar,1787202587132169701
lidar,1787202587232085144
lidar,1787202587331896122
lidar,1787202587431395691
lidar,1787202587531356505
lidar,1787202587631417542
lidar,1787202587730917027
lidar,1787202587830699989
lidar,1787202587930642914
lidar,1787202588030679073
lidar,1787202588130371687
lidar,1787202588230349017
lidar,1787202588330408429
lidar,1787202588429899245
lidar,1787202588529672025
lidar,1787202588629403305
lidar,1787202588729102479
lidar,1787202588829074244
lidar,1787202588928744704
lidar,1787202589028856355
lidar,1787202589128620260
lidar,1787202589228509973
lidar,1787202589328451704
lidar,1787202589428939192
lidar,1787202589529525928
lidar,1787202589629634869
lidar,1787202589729814095
lidar,1787202589829909913
lidar,1787202589929849139
lidar,1787202590031988877
lidar,1787202590129433630
lidar,1787202590228971691
lidar,1787202590328835056
lidar,1787202590428266390
lidar,1787202590528014958
lidar,1787202590627866676
lidar,1787202590727506469
lidar,1787202590827493027
lidar,1787202590927385042
lidar,1787202591028026614
lidar,1787202591128238433
lidar,1787202591228111082
lidar,1787202591328834352
lidar,1787202591429208119
lidar,1787202591529841077
lidar,1787202591630371777
lidar,1787202591730362866
lidar,1787202591830961401
lidar,1787202591930634446
lidar,1787202592031045838
lidar,1787202592130941549
lidar,1787202592766243350
lidar,1787202592766593616
lidar,1787202592766790545
lidar,1787202592766976212
lidar,1787202592767149640
lidar,1787202592828240042
lidar,1787202592927415981
lidar,1787202593026504718
lidar,1787202593125722387
lidar,1787202593224865637
lidar,1787202593323920997
lidar,1787202593423528296
lidar,1787202593523093104
lidar,1787202593623565996
lidar,1787202593722923278
lidar,1787202593823035456
lidar,1787202593924780557
lidar,1787202594022324175
lidar,1787202594122563968
lidar,1787202594222270360
lidar,1787202594322193532
lidar,1787202594421988166
lidar,1787202594522536754
lidar,1787202594621936037
lidar,1787202594722233108
lidar,1787202594822577916
lidar,1787202594922085279
lidar,1787202595021444447
lidar,1787202595120406063
lidar,1787202595219646658
lidar,1787202595318640491
lidar,1787202595417826928
lidar,1787202595519720951
lidar,1787202595616732020
lidar,1787202595716117614
lidar,1787202595815841691
lidar,1787202595915958691
lidar,1787202596016124317
lidar,1787202596115709655
lidar,1787202596215781628
lidar,1787202596315606831
lidar,1787202596415808790
lidar,1787202596516303508
lidar,1787202596615706686
lidar,1787202596715480188
lidar,1787202596815679781
lidar,1787202596915649365
lidar,1787202597015591641
lidar,1787202597117255382
lidar,1787202597215581653
lidar,1787202597315737844
lidar,1787202597415433709
lidar,1787202597515434932
lidar,1787202597615120404
lidar,1787202597713635529
lidar,1787202597815558353
lidar,1787202597911837319
lidar,1787202598011126759
lidar,1787202598110349293
lidar,1787202598210023658
lidar,1787202598309071217
lidar,1787202598409098020
lidar,1787202598508792079
lidar,1787202598608514961
lidar,1787202598708175253
lidar,1787202598808304061
lidar,1787202598908108194
lidar,1787202599007801420
lidar,1787202599108441393
lidar,1787202599209043465
lidar,1787202599309500938
lidar,1787202599410447845
lidar,1787202599510571517
lidar,1787202599611133919
lidar,1787202599711748508
lidar,1787202599812298959
lidar,1787202599912639719
lidar,1787202600012765658
lidar,1787202600112733753
lidar,1787202600212598259
lidar,1787202600313670477
lidar,1787202600412764537
lidar,1787202600512729979
lidar,1787202600612580003
lidar,1787202600712077065
lidar,1787202600811717456
lidar,1787202600910734176
lidar,1787202601010245125
lidar,1787202601108999103
lidar,1787202601208563263
lidar,1787202601307457170
lidar,1787202601406557412
lidar,1787202601505898534
lidar,1787202601605903668
lidar,1787202601706641892
lidar,1787202601805225709
lidar,1787202601905351203
lidar,1787202602005234257
lidar,1787202602105228809
lidar,1787202602204766347
lidar,1787202602304222981
lidar,1787202602404213745
lidar,1787202602503944934
lidar,1787202602604047669
lidar,1787202602703649527
lidar,1787202602804078977
lidar,1787202602903542972
lidar,1787202603003296793
lidar,1787202603103864970
lidar,1787202603203034687
lidar,1787202603303253313
lidar,1787202603403059946
lidar,1787202603502638693
lidar,1787202603602695896
lidar,1787202603702440351
lidar,1787202603802214053
lidar,1787202603902386564
lidar,1787202604002237140
lidar,1787202604105416640
lidar,1787202604202068806
lidar,1787202604302291509
lidar,1787202604401900210
lidar,1787202604501745599
lidar,1787202604601735990
lidar,1787202604702153026
lidar,1787202604801654917
lidar,1787202604901833326
lidar,1787202605001800354
lidar,1787202605101539699
lidar,1787202605201118273
lidar,1787202605301195090
lidar,1787202605400723526
lidar,1787202605500621635
lidar,1787202605600383477
lidar,1787202605699972009
lidar,1787202605802079474
lidar,1787202605899676180
lidar,1787202605999419720
lidar,1787202606099245865
lidar,1787202606199277691
lidar,1787202606298964301
lidar,1787202606398557501
lidar,1787202606498604211
lidar,1787202606598278214
lidar,1787202606697909275
lidar,1787202606798133114
lidar,1787202606897576220
lidar,1787202606997660108
lidar,1787202607097310976
lidar,1787202607197313409
lidar,1787202607297636870
lidar,1787202607397226916
lidar,1787202607497230625
lidar,1787202608154232042
lidar,1787202608154596424
lidar,1787202608154849912
lidar,1787202608155098046
lidar,1787202608155336718
lidar,1787202608201073170
lidar,1787202608300779992
lidar,1787202608400948855
lidar,1787202608501096003
lidar,1787202608600969067
lidar,1787202608701098370
lidar,1787202608800523793
lidar,1787202608899908829
lidar,1787202608998969014
lidar,1787202609098043214
lidar,1787202609197461911
lidar,1787202609296632845
lidar,1787202609395881447
lidar,1787202609495081993
lidar,1787202609594016809
lidar,1787202609693509103
lidar,1787202609795749507
lidar,1787202609893240698
lidar,1787202609992931975
lidar,1787202610092806179
lidar,1787202610193091804
lidar,1787202610293352668
lidar,1787202610393451901
lidar,1787202610493404431
lidar,1787202610593393144
lidar,1787202610693247331
lidar,1787202610793019841
lidar,1787202610893154694
lidar,1787202610992815605
lidar,1787202611092596751
lidar,1787202611192829044
lidar,1787202611292453798
lidar,1787202611392100323
lidar,1787202611492250927
lidar,1787202611592015650
lidar,1787202611691951275
lidar,1787202611791988344
lidar,1787202611891640636
lidar,1787202611991342511
lidar,1787202612091321478
lidar,1787202612191490856
lidar,1787202612291879714
lidar,1787202612391924175
lidar,1787202612491509336
lidar,1787202612591232855
lidar,1787202612690878285
lidar,1787202612790708142
lidar,1787202612890402894
lidar,1787202612990527949
lidar,1787202613090419627
lidar,1787202613190345448
lidar,1787202613289844657
lidar,1787202613389345895
lidar,1787202613489038355
lidar,1787202613589142280
lidar,1787202613689033012
lidar,1787202613789363361
lidar,1787202613891421529
lidar,1787202613988594278
lidar,1787202614089437872
lidar,1787202614188369814
lidar,1787202614288160159
lidar,1787202614387702453
lidar,1787202614488066412
lidar,1787202614587976589
lidar,1787202614687905257
lidar,1787202614787764202
lidar,1787202614887434027
lidar,1787202614987197482
lidar,1787202615087100807
lidar,1787202615186635712
lidar,1787202615286981667
lidar,1787202615386457643
lidar,1787202615486075010
lidar,1787202615585966127
lidar,1787202615686169663
lidar,1787202615785628223
lidar,1787202615885523789
lidar,1787202615985654465
lidar,1787202616085492821
lidar,1787202616184904905
lidar,1787202616284909631
lidar,1787202616385270301
lidar,1787202616484563948
lidar,1787202616584428970
lidar,1787202616684081417
lidar,1787202616784179527
lidar,1787202616884304886
lidar,1787202616984217068
lidar,1787202617085270194
lidar,1787202617184851675
lidar,1787202617284928479
lidar,1787202617385853202
lidar,1787202617485907553
lidar,1787202617586001938
lidar,1787202617686087200
lidar,1787202617785636357
lidar,1787202617885874097
lidar,1787202617987910704
lidar,1787202618085511219
lidar,1787202618186170715
lidar,1787202618285205578
lidar,1787202618385183598
lidar,1787202618484851648
lidar,1787202618585162193
lidar,1787202618684967615
lidar,1787202618784586478
lidar,1787202618884352430
lidar,1787202618984347427
lidar,1787202619085231335
lidar,1787202619184530664
lidar,1787202619285155577
lidar,1787202619384215279
lidar,1787202619483908828
lidar,1787202619584022777
lidar,1787202619683845102
lidar,1787202619783329814
lidar,1787202619883168265
lidar,1787202619983138995
lidar,1787202620082986015
lidar,1787202620182752826
lidar,1787202620282548745
lidar,1787202620382191704
lidar,1787202620481965176
lidar,1787202620581890749
lidar,1787202620681393235
lidar,1787202620781309189
lidar,1787202620881934185
lidar,1787202620983516436
lidar,1787202621088080405
lidar,1787202621183876013
lidar,1787202621282471683
lidar,1787202621381515055
lidar,1787202621481744161
lidar,1787202621581800433
lidar,1787202621681630147
lidar,1787202621781155442
lidar,1787202621881320470
lidar,1787202621981696154
lidar,1787202622083638722
lidar,1787202622180730078
lidar,1787202622280524411
lidar,1787202622380533627
lidar,1787202622480353460
lidar,1787202622580199790
lidar,1787202622680184050
lidar,1787202622779892057
lidar,1787202622880216825
lidar,1787202622980381492
lidar,1787202623080404050
lidar,1787202623180018076
lidar,1787202623280053368
lidar,1787202623379863441
lidar,1787202623479542537
lidar,1787202623579742513
lidar,1787202623679365228
lidar,1787202623778889545
lidar,1787202623878638852
lidar,1787202623978538558
lidar,1787202624078486658
lidar,1787202624178039061
lidar,1787202624278133016
lidar,1787202624377709205
lidar,1787202624477667686
lidar,1787202624577793033
lidar,1787202624677135268
lidar,1787202624776509449
lidar,1787202624876866152
lidar,1787202624977320009
lidar,1787202625077034150
lidar,1787202625176676517
lidar,1787202625276286424
lidar,1787202625376565566
lidar,1787202625475669033
lidar,1787202625576084041
lidar,1787202625675222314
lidar,1787202625775625272
lidar,1787202625875819871
lidar,1787202625976376394
lidar,1787202626077469091
lidar,1787202626179703035
lidar,1787202626277891768
lidar,1787202626378556494
lidar,1787202626478944563
lidar,1787202626579464006
lidar,1787202626679648105
lidar,1787202626779550127
lidar,1787202626879629438
lidar,1787202626979250498
lidar,1787202627079900156
lidar,1787202627179635348
lidar,1787202627279215095
lidar,1787202627378984868
lidar,1787202627478876436
lidar,1787202627578661800
lidar,1787202627678376811
lidar,1787202627778377581
lidar,1787202627878424777
lidar,1787202627978221321
lidar,1787202628078201641
lidar,1787202628178120420
lidar,1787202628277581202
lidar,1787202628377324657
lidar,1787202628477282423
lidar,1787202628576982294
lidar,1787202628676785444
lidar,1787202628776479863
lidar,1787202628876477591
lidar,1787202628976462187
lidar,1787202629076688439
lidar,1787202629176859126
lidar,1787202629277474588
lidar,1787202629378095184
lidar,1787202629478495183
lidar,1787202629579125292
lidar,1787202629679699074
lidar,1787202629780306862
lidar,1787202629879914338
lidar,1787202629979577256
lidar,1787202630079382952
lidar,1787202630179474968
lidar,1787202630279180802
lidar,1787202630379212418
lidar,1787202630480632035
lidar,1787202630578534006
lidar,1787202630678568061
lidar,1787202630778301662
lidar,1787202630878176898
lidar,1787202630977954035
lidar,1787202631077949431
lidar,1787202631177607158
lidar,1787202631277379959
lidar,1787202631377220324
lidar,1787202631476779307
lidar,1787202631576685620
lidar,1787202631676526174
lidar,1787202631776437567
lidar,1787202631876579387
lidar,1787202631976087518
lidar,1787202632075547956
lidar,1787202632175870478
lidar,1787202632275052474
lidar,1787202632375310657
lidar,1787202632475946779
lidar,1787202632575893228
lidar,1787202632675941116
lidar,1787202632776383020
lidar,1787202632876822336
lidar,1787202632977251532
lidar,1787202633078054131
lidar,1787202633190838159
lidar,1787202633278793205
lidar,1787202633377951688
lidar,1787202633478100179
lidar,1787202633577715592
lidar,1787202633677706741
lidar,1787202633777356937
lidar,1787202633877456779
lidar,1787202633977327726
lidar,1787202634077387797
lidar,1787202634176681113
lidar,1787202634276790268
lidar,1787202634376732147
lidar,1787202634476452942
lidar,1787202634576700364
lidar,1787202634679009954
lidar,1787202634775995414
lidar,1787202634876406190
lidar,1787202634976179716
lidar,1787202635076252366
lidar,1787202635177375513
lidar,1787202635275751779
lidar,1787202635375710710
lidar,1787202635475479602
lidar,1787202635575206819
lidar,1787202635674910122
lidar,1787202635775226822
lidar,1787202635875125549
lidar,1787202635974412306
lidar,1787202636074297390
lidar,1787202636174491316
lidar,1787202636273842372
lidar,1787202636373731405
lidar,1787202636473668775
lidar,1787202636573656742
lidar,1787202636673826691
lidar,1787202636773663479
lidar,1787202636874041772
lidar,1787202636973817497
lidar,1787202637073519687
lidar,1787202637173479670
lidar,1787202637273396576
lidar,1787202637373574670
lidar,1787202637473411697
lidar,1787202637573494928
lidar,1787202637674177926
lidar,1787202637772959022
lidar,1787202637872693789
lidar,1787202637972786209
lidar,1787202638072832916
lidar,1787202638172505870
lidar,1787202638272641114
lidar,1787202638372661405
lidar,1787202638472527575
lidar,1787202638572850881
lidar,1787202638672702716
lidar,1787202638774888557
lidar,1787202638872159841
lidar,1787202638971684018
lidar,1787202639071368583
lidar,1787202639171217033
lidar,1787202639271181809
lidar,1787202639370851232
lidar,1787202639470574688
lidar,1787202639570395365
lidar,1787202639671433966
lidar,1787202639769851884
lidar,1787202639869517126
lidar,1787202639969973800
lidar,1787202640069582066
lidar,1787202640169348195
lidar,1787202640268922895
lidar,1787202640368529838
lidar,1787202640468597009
lidar,1787202640568246339
lidar,1787202640668223855
lidar,1787202640768670030
lidar,1787202640868124248
lidar,1787202640968152011
lidar,1787202641068130652
lidar,1787202641168102448
lidar,1787202641268133595
lidar,1787202641367906720
lidar,1787202641467844017
lidar,1787202641567721591
lidar,1787202641667610569
lidar,1787202641767790255
lidar,1787202641868130926
lidar,1787202641967730288
lidar,1787202642067703095
lidar,1787202642167464659
lidar,1787202642267053401
lidar,1787202642367384230
lidar,1787202642468227116
lidar,1787202642568652172
lidar,1787202642671541024
lidar,1787202642768788081
lidar,1787202642866486335
lidar,1787202642966020951
lidar,1787202643065686832
lidar,1787202643174111683
lidar,1787202643265684259
lidar,1787202643365701581
lidar,1787202643465947832
lidar,1787202643565380878
lidar,1787202643664592626
lidar,1787202643764739276
lidar,1787202643864521222
lidar,1787202643964137294
lidar,1787202644064515553
lidar,1787202644163830766
lidar,1787202644264259982
lidar,1787202644363290641
lidar,1787202644463271248
lidar,1787202644563184921
lidar,1787202644662718591
lidar,1787202644762376969
lidar,1787202644862218460
lidar,1787202644962033063
lidar,1787202645062065562
lidar,1787202645162726189
lidar,1787202645263413767
lidar,1787202645364222460
lidar,1787202645464688811
lidar,1787202645568221285
lidar,1787202645665818542
lidar,1787202645766536638
lidar,1787202645867113107
lidar,1787202645966957428
lidar,1787202646067121776
lidar,1787202646166197452
lidar,1787202646265958759
lidar,1787202646365817147
lidar,1787202646465620014
lidar,1787202646565496353
lidar,1787202646665228654
lidar,1787202646766036217
lidar,1787202646865141713
lidar,1787202646967177624
lidar,1787202647064806159
lidar,1787202647164431956
lidar,1787202647264291255
lidar,1787202647364079924
lidar,1787202647463563954
lidar,1787202647563436824
lidar,1787202647662934089
lidar,1787202647762524191
lidar,1787202647863033007
lidar,1787202647963044393
lidar,1787202648063202578
lidar,1787202648163591113
lidar,1787202648264012840
lidar,1787202648364316347
lidar,1787202648465286128
lidar,1787202648569088872
lidar,1787202648665876666
lidar,1787202648766026001
lidar,1787202648866067024
lidar,1787202648966125899
lidar,1787202649066156282
lidar,1787202649166224975
lidar,1787202649265971710
lidar,1787202649365893416
lidar,1787202649465908408
lidar,1787202649565635082
lidar,1787202649666051038
lidar,1787202649765880582
lidar,1787202649866112600
lidar,1787202649966164603
lidar,1787202650065810234
lidar,1787202650165777402
lidar,1787202650264011336
lidar,1787202650362977798
lidar,1787202650462071226
lidar,1787202650560831275
lidar,1787202650659565729
lidar,1787202650758471512
lidar,1787202650858368176
lidar,1787202650957364964
lidar,1787202651056946863
lidar,1787202651156853796
lidar,1787202651256747805
lidar,1787202651356430677
lidar,1787202651456401655
lidar,1787202651555924652
lidar,1787202651656075874
lidar,1787202651755895529
lidar,1787202651855711384
lidar,1787202651955967642
lidar,1787202652055524770
lidar,1787202652155206976
lidar,1787202652255487357
lidar,1787202652355406254
lidar,1787202652455203934
lidar,1787202652555735106
lidar,1787202652656256768
lidar,1787202652756738529
lidar,1787202652857438581
lidar,1787202652958060547
lidar,1787202653058195950
lidar,1787202653158059585
lidar,1787202653258362179
lidar,1787202653357860584
lidar,1787202653457605337
lidar,1787202653557381470
lidar,1787202653669722259
lidar,1787202653757741358
lidar,1787202653857518468
lidar,1787202653957265246
lidar,1787202654057244709
lidar,1787202654157068117
lidar,1787202654257063228
lidar,1787202654359061364
lidar,1787202654456489727
lidar,1787202654556642452
lidar,1787202654656178413
lidar,1787202654756058894
lidar,1787202654856239160
lidar,1787202654956830966
lidar,1787202655056827067
lidar,1787202655155812569
lidar,1787202655255510251
lidar,1787202655355359609
lidar,1787202655455013306
lidar,1787202655554798377
lidar,1787202655655285247
lidar,1787202655754763845
lidar,1787202655854579141
lidar,1787202655954215491
lidar,1787202656053889425
lidar,1787202656153691131
lidar,1787202656253950796
lidar,1787202656353580115
lidar,1787202656453647490
lidar,1787202656553900559
lidar,1787202656654385926
lidar,1787202656755399605
lidar,1787202656857530476
lidar,1787202656955860758
lidar,1787202657056994485
lidar,1787202657156220694
lidar,1787202657255880949
lidar,1787202657356801123
lidar,1787202657455551255
lidar,1787202657556106575
lidar,1787202657655584314
lidar,1787202657756067905
lidar,1787202657856453253
lidar,1787202657958347529
lidar,1787202658055127075
lidar,1787202658155935457
lidar,1787202658255217138
lidar,1787202658356996662
lidar,1787202658456318952
lidar,1787202658554599828
lidar,1787202658654280998
lidar,1787202659322259272
lidar,1787202659322716535
lidar,1787202659323039644
lidar,1787202659323229869
lidar,1787202659323408956
lidar,1787202659353268293
lidar,1787202659453268793
lidar,1787202659553456114
lidar,1787202659652811370
lidar,1787202659752766356
lidar,1787202659852799134
lidar,1787202659952550666
lidar,1787202660052691227
lidar,1787202660152365734
lidar,1787202660252208525
lidar,1787202660352098361
lidar,1787202660452133814
lidar,1787202660552072141
lidar,1787202660651669761
lidar,1787202660751362413
lidar,1787202660850972108
lidar,1787202660950082105
lidar,1787202661049166484
lidar,1787202661147995749
lidar,1787202661246983663
lidar,1787202661346606163
lidar,1787202661446206301
lidar,1787202661545637591
lidar,1787202661646484115
lidar,1787202661745311809
lidar,1787202661844915944
lidar,1787202661944608911
lidar,1787202662047749863
lidar,1787202662145393994
lidar,1787202662245265484
lidar,1787202662345048013
lidar,1787202662444402790
lidar,1787202662544593830
lidar,1787202662644068870
lidar,1787202662743768626
lidar,1787202662843709047
lidar,1787202662943669336
lidar,1787202663044135798
lidar,1787202663143371714
lidar,1787202663242969548
lidar,1787202663343082349
lidar,1787202663442776506
lidar,1787202663542684771
lidar,1787202663642619161
lidar,1787202663742627362
lidar,1787202663842234723
lidar,1787202664414322080
lidar,1787202664414781841
lidar,1787202664415103445
lidar,1787202664415465896
lidar,1787202664415687240
lidar,1787202664440797977
lidar,1787202664540253381
lidar,1787202664640019814
lidar,1787202664739906098
lidar,1787202664840140456
lidar,1787202664939312380
lidar,1787202665039243797
lidar,1787202665139000529
lidar,1787202665239744049
lidar,1787202665338718682
lidar,1787202665438971911
lidar,1787202665538911882
lidar,1787202665639413164
lidar,1787202665739965782
lidar,1787202665840467400
lidar,1787202665941450719
lidar,1787202666041509983
lidar,1787202666142075114
lidar,1787202666241702216
lidar,1787202666341834597
lidar,1787202666441493307
lidar,1787202666542521334
lidar,1787202666641290859
lidar,1787202666741179734
lidar,1787202666840997892
lidar,1787202666940971320
lidar,1787202667040937105
lidar,1787202667140965590
lidar,1787202667242604647
lidar,1787202667340796986
lidar,1787202667440608151
lidar,1787202667540615021
lidar,1787202667640221527
lidar,1787202667740106386
lidar,1787202667839897969
lidar,1787202667939730788
lidar,1787202668039605910
lidar,1787202668139264598
lidar,1787202668239568281
lidar,1787202668339068069
lidar,1787202668438922114
lidar,1787202668538946465
lidar,1787202668638522690
lidar,1787202668738397383
lidar,1787202668838789820
lidar,1787202668938095758
lidar,1787202669038016570
lidar,1787202669137566432
lidar,1787202669237416480
lidar,1787202669337146820
lidar,1787202669437063742
lidar,1787202669536965821
lidar,1787202669636799708
lidar,1787202669736990524
lidar,1787202669836895548
lidar,1787202669936638556
lidar,1787202670036577909
lidar,1787202670136281665
lidar,1787202670236715249
lidar,1787202670336144043
lidar,1787202670435949961
lidar,1787202670535781448
lidar,1787202670635692908
lidar,1787202670735620616
lidar,1787202670835585658
lidar,1787202670935288448
lidar,1787202671035390130
lidar,1787202671135347443
lidar,1787202671236265816
lidar,1787202671335479481
lidar,1787202671435294747
lidar,1787202671535551169
lidar,1787202671634644469
lidar,1787202671734440846
lidar,1787202671834217757
lidar,1787202671934134086
lidar,1787202672033878487
lidar,1787202672133908997
lidar,1787202672233948926
lidar,1787202672333837467
lidar,1787202672433650555
lidar,1787202672533526246
lidar,1787202672633218930
lidar,1787202672733143793
lidar,1787202672833206260
lidar,1787202672933184752
lidar,1787202673032809896
lidar,1787202673132606522
lidar,1787202673232420665
lidar,1787202673332422057
lidar,1787202673431998482
lidar,1787202673531760135
lidar,1787202673631506283
lidar,1787202673731889185
lidar,1787202673831340545
lidar,1787202673931773146
lidar,1787202674031951894
lidar,1787202674132468061
lidar,1787202674232619912
lidar,1787202674333792065
lidar,1787202674433931372
lidar,1787202674533863374
lidar,1787202674634262988
lidar,1787202674733622522
lidar,1787202674833345758
lidar,1787202674932790182
lidar,1787202675032746438
lidar,1787202675132536730
lidar,1787202675232215983
lidar,1787202675332206514
lidar,1787202675434436247
lidar,1787202675531488462
lidar,1787202675631813127
lidar,1787202675731608971
lidar,1787202675831224005
lidar,1787202675931065760
lidar,1787202676030592635
lidar,1787202676130455324
lidar,1787202676230214282
lidar,1787202676330079737
lidar,1787202676429829245
lidar,1787202676530017780
lidar,1787202676629466349
lidar,1787202676729501928
lidar,1787202676829384648
lidar,1787202676930154142
lidar,1787202677029060808
lidar,1787202677129150195
lidar,1787202677228687770
lidar,1787202677329027201
lidar,1787202677429034749
lidar,1787202677529152813
lidar,1787202677629536375
lidar,1787202677730003340
lidar,1787202677830984783
lidar,1787202677930611974
lidar,1787202678030793287
lidar,1787202678130446554
lidar,1787202678230455770
lidar,1787202678330624468
lidar,1787202678430328858
lidar,1787202678530149091
lidar,1787202678630071087
lidar,1787202678730153427
lidar,1787202678830427527
lidar,1787202678930079628
lidar,1787202679030263098
lidar,1787202679130133060
lidar,1787202679770217516
lidar,1787202679770488421
lidar,1787202679770661578
lidar,1787202679770821209
lidar,1787202679770988066
lidar,1787202679828477890
lidar,1787202679928726450
lidar,1787202680028336606
lidar,1787202680128413273
lidar,1787202680228155239
lidar,1787202680327850555
lidar,1787202680427458800
lidar,1787202680527584622
lidar,1787202680627256015
lidar,1787202680727165650
lidar,1787202680827028467
lidar,1787202680927043408
lidar,1787202681027230111
lidar,1787202681127330402
lidar,1787202681227486121
lidar,1787202681327663095
lidar,1787202681427974029
lidar,1787202681527806906
lidar,1787202681627824611
lidar,1787202681727806247
lidar,1787202681828524153
lidar,1787202681928252691
lidar,1787202682027683898
lidar,1787202682126962442
lidar,1787202682226739428
lidar,1787202682325631442
lidar,1787202682424844217
lidar,1787202682524031845
lidar,1787202682623171341
lidar,1787202682722304575
lidar,1787202682821694670
lidar,1787202682921870430
lidar,1787202683020562443
lidar,1787202683120358832
lidar,1787202683220045927
lidar,1787202683321765063
lidar,1787202683422122588
lidar,1787202683519676782
lidar,1787202683619402812
lidar,1787202683719016914
lidar,1787202683818849906
lidar,1787202683918337109
lidar,1787202684018412020
lidar,1787202684118501853
lidar,1787202684218797889
lidar,1787202684319457042
lidar,1787202684890291974
lidar,1787202684890538144
lidar,1787202684890702497
lidar,1787202684890875924
lidar,1787202684891031481
lidar,1787202684921338333
lidar,1787202685021135744
lidar,1787202685121117087
lidar,1787202685220993716
lidar,1787202685320636314
lidar,1787202685420407659
lidar,1787202685519845460
lidar,1787202685619507551
lidar,1787202685718338124
lidar,1787202685817283000
lidar,1787202685916725672
lidar,1787202686016425174
lidar,1787202686115301367
lidar,1787202686215216082
lidar,1787202686317468000
lidar,1787202686415843342
lidar,1787202686515546880
lidar,1787202686615614159
lidar,1787202686715339566
lidar,1787202686815133132
lidar,1787202686914588954
lidar,1787202687014320933
lidar,1787202687114019019
lidar,1787202687213232109
lidar,1787202687313253053
lidar,1787202687415693572
lidar,1787202687512985279
lidar,1787202687613196966
lidar,1787202687713690714
lidar,1787202687813429283
lidar,1787202687913892536
lidar,1787202688013425585
lidar,1787202688113027735
lidar,1787202688212953339
lidar,1787202688313061199
lidar,1787202688412991593
lidar,1787202688512862127
lidar,1787202688612558271
lidar,1787202688712553903
lidar,1787202688812247733
lidar,1787202688912014462
lidar,1787202689012228702
lidar,1787202689111839336
lidar,1787202689212121798
lidar,1787202689311960950
lidar,1787202689411790231
lidar,1787202689511402252
lidar,1787202689611194728
lidar,1787202689710876520
lidar,1787202689810677422
lidar,1787202689909736780
lidar,1787202690008894872
lidar,1787202690107860909
lidar,1787202690206860633
lidar,1787202690306171427
lidar,1787202690405581068
lidar,1787202690504282770
lidar,1787202690604186840
lidar,1787202690704107422
lidar,1787202690804135218
lidar,1787202690904067271
lidar,1787202691003849849
lidar,1787202691104152189
lidar,1787202691204358265
lidar,1787202691306591940
lidar,1787202691403644347
lidar,1787202691503786090
lidar,1787202691603763207
lidar,1787202691703737888
lidar,1787202691803609042
lidar,1787202691902815657
lidar,1787202692002114554
lidar,1787202692101169396
lidar,1787202692200530703
lidar,1787202692299876776
lidar,1787202692398761559
lidar,1787202692498221376
lidar,1787202692597244267
lidar,1787202692697027194
lidar,1787202692796575377
lidar,1787202692896165880
lidar,1787202692995931814
lidar,1787202693096042598
lidar,1787202693195435878
lidar,1787202693295701888
lidar,1787202693395489013
lidar,1787202693495550158
lidar,1787202693595224142
lidar,1787202693694679485
lidar,1787202693794675267
lidar,1787202693894268125
lidar,1787202693994297862
lidar,1787202694094798886
lidar,1787202694193852427
lidar,1787202694293653103
lidar,1787202694393733486
lidar,1787202694493323555
lidar,1787202694594245497
lidar,1787202694693919540
lidar,1787202694793289510
lidar,1787202694893458468
lidar,1787202694993317009
lidar,1787202695095719591
lidar,1787202695193409611
lidar,1787202695293580201
lidar,1787202695392789995
lidar,1787202695492942352
lidar,1787202695592706993
lidar,1787202695692606234
lidar,1787202695792335132
lidar,1787202695892228365
lidar,1787202695992015084
lidar,1787202696092114334
lidar,1787202696191742118
lidar,1787202696292132930
lidar,1787202696392039488
lidar,1787202696491836531
lidar,1787202696591419652
lidar,1787202696690992636
lidar,1787202696790918720
lidar,1787202696890763120
lidar,1787202696990593309
lidar,1787202697090614266
lidar,1787202697190305477
lidar,1787202697290008384
lidar,1787202697389639333
lidar,1787202697489467200
lidar,1787202697589049182
lidar,1787202697688638853
lidar,1787202697788597564
lidar,1787202697888421202
lidar,1787202697987712150
lidar,1787202698087704342
lidar,1787202698187764918
lidar,1787202698288335158
lidar,1787202698388698408
lidar,1787202698489327175
lidar,1787202698589683780
lidar,1787202698690358735
lidar,1787202698791019845
lidar,1787202698891517364
lidar,1787202698991813250
lidar,1787202699091910272
lidar,1787202699192032597
lidar,1787202699294060566
lidar,1787202699391681555
lidar,1787202699491829932
lidar,1787202699591675806
lidar,1787202699691663603
lidar,1787202699791796038
lidar,1787202699891490910
lidar,1787202699991289913
lidar,1787202700090940690
lidar,1787202700190822054
lidar,1787202700290548598
lidar,1787202700390932211
lidar,1787202700490378112
lidar,1787202700590453724
lidar,1787202700690095027
lidar,1787202700790093432
lidar,1787202700889741968
lidar,1787202700989566527
lidar,1787202701089161484
lidar,1787202701188918440
lidar,1787202701288810208
lidar,1787202701388701141
lidar,1787202701488121032
lidar,1787202701588512570
lidar,1787202701688360273
lidar,1787202701787940695
lidar,1787202701889193868
lidar,1787202701987788801
lidar,1787202702087433397
lidar,1787202702187301284
lidar,1787202702287479988
lidar,1787202702390117558
lidar,1787202702490048875
lidar,1787202702586650853
lidar,1787202702687054098
lidar,1787202702787205786
lidar,1787202702886144891
lidar,1787202702986457879
lidar,1787202703086295756
lidar,1787202703186274783
lidar,1787202703287705176
lidar,1787202703385897994
lidar,1787202703486126427
lidar,1787202703586086782
lidar,1787202703686264404
lidar,1787202703786428606
lidar,1787202703886905226
lidar,1787202703987756131
lidar,1787202704088154706
lidar,1787202704189180065
lidar,1787202704289163726
lidar,1787202704389093827
lidar,1787202704489145808
lidar,1787202704589171805
lidar,1787202704689066801
lidar,1787202704789143854
lidar,1787202705338277047
lidar,1787202705338639106
lidar,1787202705338909765
lidar,1787202705339159166
lidar,1787202705339413095
lidar,1787202705388792330
lidar,1787202705488267541
lidar,1787202705587990354
lidar,1787202705687988688
lidar,1787202705787827271
lidar,1787202705888231287
lidar,1787202705987941504
lidar,1787202706087647109
lidar,1787202706187464756
lidar,1787202706287328159
lidar,1787202706387361020
lidar,1787202706486930618
lidar,1787202706589120132
lidar,1787202706688507481
lidar,1787202706786085874
lidar,1787202706886059838
lidar,1787202706985644683
lidar,1787202707086457094
lidar,1787202707185740608
lidar,1787202707285390431
lidar,1787202707385044243
lidar,1787202707486103951
lidar,1787202707584348701
lidar,1787202707684193597
lidar,1787202707783855818
lidar,1787202707883989691
lidar,1787202707983787686
lidar,1787202708083499088
lidar,1787202708183228630
lidar,1787202708284155896
lidar,1787202708383524206
lidar,1787202708484005337
lidar,1787202708584458523
lidar,1787202708685252050
lidar,1787202708785859841
lidar,1787202708886364549
lidar,1787202708986487497
lidar,1787202709086841503
lidar,1787202709186986664
lidar,1787202709287122286
lidar,1787202709387263185
lidar,1787202709487028597
lidar,1787202709586875487
lidar,1787202709686901984
lidar,1787202709786498115
lidar,1787202709886386230
lidar,1787202709986121656
lidar,1787202710086158776
lidar,1787202710186163240
lidar,1787202710285629762
lidar,1787202710385458305
lidar,1787202710485125140
lidar,1787202710584614070
lidar,1787202710684525845
lidar,1787202710784422218
lidar,1787202710884338115
lidar,1787202710984422298
lidar,1787202711084240347
lidar,1787202711184067841
lidar,1787202711284019895
lidar,1787202711383604789
lidar,1787202711483973397
lidar,1787202711584785351
lidar,1787202711684532351
lidar,1787202711783212762
lidar,1787202711883062706
lidar,1787202711982969141
lidar,1787202712083182152
lidar,1787202712183533448
lidar,1787202712283153502
lidar,1787202712383376389
lidar,1787202712483187577
lidar,1787202712583081973
lidar,1787202712682801105
lidar,1787202712782564083
lidar,1787202712882524837
lidar,1787202712982390914
lidar,1787202713082154984
lidar,1787202713181996272
lidar,1787202713282190485
lidar,1787202713381990512
lidar,1787202713482197774
lidar,1787202713581847836
lidar,1787202713681531337
lidar,1787202713781354679
lidar,1787202713880124906
lidar,1787202713979297220
lidar,1787202714078565519
lidar,1787202714177852084
lidar,1787202714277753699
lidar,1787202714377708530
lidar,1787202714477391218
lidar,1787202714576913902
lidar,1787202714676626604
lidar,1787202714776620884
lidar,1787202714876767324
lidar,1787202714976562752
lidar,1787202715078775828
lidar,1787202715176284938
lidar,1787202715276045987
lidar,1787202715376426732
lidar,1787202715476115869
lidar,1787202715576047429
lidar,1787202715679094211
lidar,1787202715775797377
lidar,1787202715875581192
lidar,1787202715975235541
lidar,1787202716075046302
lidar,1787202716175099588
lidar,1787202716275776047
lidar,1787202716375696168
lidar,1787202716475809895
lidar,1787202716576096659
lidar,1787202716676793221
lidar,1787202716777510122
lidar,1787202716878358892
lidar,1787202716978812456
lidar,1787202717078983969
lidar,1787202717178899418
lidar,1787202717278960816
lidar,1787202717378894390
lidar,1787202717478620695
lidar,1787202717578531645
lidar,1787202717678393414
lidar,1787202717778277642
lidar,1787202717878069203
lidar,1787202717978212113
lidar,1787202718078372494
lidar,1787202718178323330
lidar,1787202718277945511
lidar,1787202718377614973
lidar,1787202718477259377
lidar,1787202718577072532
lidar,1787202718676641078
lidar,1787202718776740668
lidar,1787202718876797392
lidar,1787202718976499053
lidar,1787202719076386756
lidar,1787202719176327556
lidar,1787202719276026968
lidar,1787202719375900331
lidar,1787202719476172364
lidar,1787202719575179132
lidar,1787202719674988688
lidar,1787202719775019307
lidar,1787202719876606358
lidar,1787202719974694530
lidar,1787202720074639414
lidar,1787202720174030181
lidar,1787202720274009611
lidar,1787202720373937982
lidar,1787202720473920876
lidar,1787202720573643090
lidar,1787202720674049775
lidar,1787202720773755709
lidar,1787202720873278302
lidar,1787202720973144019
lidar,1787202721073094795
lidar,1787202721172134097
lidar,1787202721272240129
lidar,1787202721372225186
lidar,1787202721471900368
lidar,1787202721571588133
lidar,1787202721671484721
lidar,1787202721771758125
lidar,1787202721871458354
lidar,1787202721971601661
lidar,1787202722071328742
lidar,1787202722170648231
lidar,1787202722270480436
lidar,1787202722370279955
lidar,1787202722470728967
lidar,1787202722571340069
lidar,1787202722672173977
lidar,1787202722772004639
lidar,1787202722872697598
lidar,1787202722972065077
lidar,1787202723072069390
lidar,1787202723171641837
lidar,1787202723271404851
lidar,1787202723371634163
lidar,1787202723470751281
lidar,1787202723571358519
lidar,1787202723672938752
lidar,1787202723770544380
lidar,1787202723870617922
lidar,1787202723972774496
lidar,1787202724070390176
lidar,1787202724170572810
lidar,1787202724270164956
lidar,1787202724369801664
lidar,1787202724469422168
lidar,1787202724569421963
lidar,1787202724669150026
lidar,1787202724768640558
lidar,1787202724868516457
lidar,1787202724968225340
lidar,1787202725067973901
lidar,1787202725167972756
lidar,1787202725268744230
lidar,1787202725367383601
lidar,1787202725467193658
lidar,1787202725567793972
lidar,1787202725666975895
lidar,1787202725766986863
lidar,1787202725867172841
lidar,1787202725967401516
lidar,1787202726068024706
lidar,1787202726168764092
lidar,1787202726269081152
lidar,1787202726369742490
lidar,1787202726470106422
lidar,1787202726570334146
lidar,1787202726672913950
lidar,1787202726770500035
lidar,1787202726870632503
lidar,1787202726970855645
lidar,1787202727070710453
lidar,1787202727170437449
lidar,1787202727270027775
lidar,1787202727369938838
lidar,1787202727469488681
lidar,1787202727569536529
lidar,1787202727669113678
lidar,1787202727769634078
lidar,1787202727869004262
lidar,1787202727968728528
lidar,1787202728069063050
lidar,1787202728170949055
lidar,1787202728268282216
lidar,1787202728368731050
lidar,1787202728468617263
lidar,1787202728568718961
lidar,1787202728668381497
lidar,1787202728768714044
lidar,1787202728868308628
lidar,1787202728967780311
lidar,1787202729067480884
lidar,1787202729167269999
lidar,1787202729267133849
lidar,1787202729366882672
lidar,1787202729466308361
lidar,1787202729569903866
lidar,1787202729666158090
lidar,1787202729766067113
lidar,1787202729865613907
lidar,1787202729965720889
lidar,1787202730066033709
lidar,1787202730165372118
lidar,1787202730265652883
lidar,1787202730365833088
lidar,1787202730466234012
lidar,1787202730566886457
lidar,1787202730667458093
lidar,1787202730767697099
lidar,1787202730868525397
lidar,1787202730967307958
lidar,1787202731067581468
lidar,1787202731167818710
lidar,1787202731268218090
lidar,1787202731367565213
lidar,1787202731469496556
lidar,1787202731568252837
lidar,1787202731666638113
lidar,1787202731766142131
lidar,1787202731866136444
lidar,1787202731965601209
lidar,1787202732065630234
lidar,1787202732165709473
lidar,1787202732267102216
lidar,1787202732364370501
lidar,1787202732464825337
lidar,1787202732563920907
lidar,1787202732663638999
lidar,1787202732763656138
lidar,1787202732863822820
lidar,1787202732963064206
lidar,1787202733062823988
lidar,1787202733162369169
lidar,1787202733262093532
lidar,1787202733361805545
lidar,1787202733461594565
lidar,1787202733561641530
lidar,1787202733661822717
lidar,1787202733762733722
lidar,1787202733863194371
lidar,1787202733963445573
lidar,1787202734064090106
lidar,1787202734163843060
lidar,1787202734263970922
lidar,1787202734363578656
lidar,1787202734463078187
lidar,1787202734562839676
lidar,1787202734662507874
lidar,1787202734762234034
lidar,1787202734862220632
lidar,1787202734961419543
lidar,1787202735061125879
lidar,1787202735161112707
lidar,1787202735260780573
lidar,1787202735361417565
lidar,1787202735460061170
lidar,1787202735560476220
lidar,1787202735660345173
lidar,1787202735760917251
lidar,1787202735861178946
lidar,1787202735961115814
lidar,1787202736063159387
lidar,1787202736162138289
lidar,1787202736262514185
lidar,1787202736363279630
lidar,1787202736465493926
lidar,1787202736563099152
lidar,1787202736663185499
lidar,1787202736762900555
lidar,1787202736862628271
lidar,1787202736962620488
lidar,1787202737062409356
lidar,1787202737162155360
lidar,1787202737262266758
lidar,1787202737361989526
lidar,1787202737461808516
lidar,1787202737561458667
lidar,1787202737661111912
lidar,1787202737760937345
lidar,1787202737860789208
lidar,1787202737960397764
lidar,1787202738060378275
lidar,1787202738159831041
lidar,1787202738259634048
lidar,1787202738359545061
lidar,1787202738459447680
lidar,1787202738559129933
lidar,1787202738658986115
lidar,1787202738758709634
lidar,1787202738858330491
lidar,1787202738958313160
lidar,1787202739057879345
lidar,1787202739158260111
lidar,1787202739257170824
lidar,1787202739357084806
lidar,1787202739457234138
lidar,1787202739557494861
lidar,1787202739658316230
lidar,1787202739758378669
lidar,1787202739858963112
lidar,1787202739959415707
lidar,1787202740060209136
lidar,1787202740160344862
lidar,1787202740260682787
lidar,1787202740360813984
lidar,1787202740460392082
lidar,1787202740561614376
lidar,1787202740660127481
lidar,1787202740760242606
lidar,1787202740859227447
lidar,1787202740958961286
lidar,1787202741058833403
lidar,1787202741158516710
lidar,1787202741258368842
lidar,1787202741358251810
lidar,1787202741458521147
lidar,1787202741557996715
lidar,1787202741657838602
lidar,1787202741758277472
lidar,1787202741857789680
lidar,1787202741957111924
lidar,1787202742059081579
lidar,1787202742157913905
lidar,1787202742258588968
lidar,1787202742358886060
lidar,1787202742459788557
lidar,1787202742560262643
lidar,1787202742660679203
lidar,1787202742760477788
lidar,1787202742860526077
lidar,1787202742960301355
lidar,1787202743060162217
lidar,1787202743160416233
lidar,1787202743260162409
lidar,1787202743360004673
lidar,1787202743459889340
lidar,1787202743559529575
lidar,1787202743659476258
lidar,1787202743758900026
lidar,1787202743858943651
lidar,1787202743958659987
lidar,1787202744058287349
lidar,1787202744157560543
lidar,1787202744257346928
lidar,1787202744356855288
lidar,1787202744456710477
lidar,1787202744556905641
lidar,1787202744657672689
lidar,1787202744756358932
lidar,1787202744856346632
lidar,1787202744955906562
lidar,1787202745055830439
lidar,1787202745155636460
lidar,1787202745255396991
lidar,1787202745355198833
lidar,1787202745454880996
lidar,1787202745554851999
lidar,1787202745654875697
lidar,1787202745755175462
lidar,1787202745855349342
lidar,1787202745955878022
lidar,1787202746056278195
lidar,1787202746156172445
lidar,1787202746256261455
lidar,1787202746356650853
lidar,1787202746456696703
lidar,1787202746556200849
lidar,1787202746656201086
lidar,1787202746755767545
lidar,1787202746855408479
lidar,1787202746955741520
lidar,1787202747054866062
lidar,1787202747154893222
lidar,1787202747254723319
lidar,1787202747354685920
lidar,1787202747454360048
lidar,1787202747554100122
lidar,1787202747653886158
lidar,1787202747753633940
lidar,1787202747853361041
lidar,1787202747953587366
lidar,1787202748053177800
lidar,1787202748153164691
lidar,1787202748252785859
lidar,1787202748352835094
lidar,1787202748452742202
lidar,1787202748552281069
lidar,1787202748652350038
lidar,1787202748753635380
lidar,1787202748852023155
lidar,1787202748951786816
lidar,1787202749051511420
lidar,1787202749151296541
lidar,1787202749251074069
lidar,1787202749350907851
lidar,1787202749450766665
lidar,1787202749550658476
lidar,1787202749650473002
lidar,1787202749750766632
lidar,1787202749850386506
lidar,1787202749949991833
lidar,1787202750050073983
lidar,1787202750149939761
lidar,1787202750249602872
lidar,1787202750349876919
lidar,1787202750452421671
lidar,1787202750549463193
lidar,1787202750649350992
lidar,1787202750750171078
lidar,1787202750871661418
lidar,1787202750949132012
lidar,1787202751049346242
lidar,1787202751149219171
lidar,1787202751249287208
lidar,1787202751348852177
lidar,1787202751448738634
lidar,1787202751548761435
lidar,1787202751648614451
lidar,1787202751748495525
lidar,1787202751848360696
lidar,1787202751948554983
lidar,1787202752048548705
lidar,1787202752148241572
lidar,1787202752247228317
lidar,1787202752346673028
lidar,1787202752445479623
lidar,1787202752544485804
lidar,1787202752644825262
lidar,1787202752742595902
lidar,1787202752841780792
lidar,1787202752941319130
lidar,1787202753041157677
lidar,1787202753141022770
lidar,1787202753241150653
lidar,1787202753340808432
lidar,1787202753440277933
lidar,1787202753541099437
lidar,1787202753640004519
lidar,1787202753739687841
lidar,1787202753840066990
lidar,1787202753939332934
lidar,1787202754039416990
lidar,1787202754138940876
lidar,1787202754239413249
lidar,1787202754339936063
lidar,1787202754440178675
lidar,1787202754540447939
lidar,1787202754640630484
lidar,1787202754740500550
lidar,1787202754840958008
lidar,1787202754940358826
lidar,1787202755040477300
lidar,1787202755140339995
lidar,1787202755240112916
lidar,1787202755340314713
lidar,1787202755440563079
lidar,1787202755540598279
lidar,1787202755640669517
lidar,1787202755740699624
lidar,1787202755840681353
lidar,1787202755940530675
lidar,1787202756040591067
lidar,1787202756140150804
lidar,1787202756240154880
lidar,1787202756339566161
lidar,1787202756440054392
lidar,1787202756539802111
lidar,1787202756639691944
lidar,1787202756740945907
lidar,1787202756839801719
lidar,1787202756939562531
lidar,1787202757039407731
lidar,1787202757139661077
lidar,1787202757239776474
lidar,1787202757339878277
lidar,1787202757440249988
lidar,1787202757539673873
lidar,1787202757639434680
lidar,1787202757738735775
lidar,1787202757838073438
lidar,1787202757937455660
lidar,1787202758036795175
lidar,1787202758135670173
lidar,1787202758235395366
lidar,1787202758333808245
lidar,1787202758433110497
lidar,1787202758532430840
lidar,1787202758632129705
lidar,1787202758731894560
lidar,1787202758831799661
lidar,1787202758931659582
lidar,1787202759031147662
lidar,1787202759131626880
lidar,1787202759231205353
lidar,1787202759331306011
lidar,1787202759431058034
lidar,1787202759530925788
lidar,1787202759632173035
lidar,1787202759730600400
lidar,1787202759830587767
lidar,1787202759930955875
lidar,1787202760030371552
lidar,1787202760130450561
lidar,1787202760230263094
lidar,1787202760330221852
lidar,1787202760430299413
lidar,1787202760530316799
lidar,1787202760632346809
lidar,1787202760729607070
lidar,1787202760829505551
lidar,1787202760929341602
lidar,1787202761029519643
lidar,1787202761129439859
lidar,1787202761229225822
lidar,1787202761328765242
lidar,1787202761428974624
lidar,1787202761528213933
lidar,1787202761628213303
lidar,1787202761728022220
lidar,1787202761827892944
lidar,1787202761927738161
lidar,1787202762027291490
lidar,1787202762127401724
lidar,1787202762227150429
lidar,1787202762327167185
lidar,1787202762427072870
lidar,1787202762526973830
lidar,1787202762626906425
lidar,1787202762726834725
lidar,1787202762827270168
lidar,1787202762927469905
lidar,1787202763027945480
lidar,1787202763128496985
lidar,1787202763228607190
lidar,1787202763329358735
lidar,1787202763428768598
lidar,1787202763529142168
lidar,1787202763629016002
lidar,1787202763728804175
lidar,1787202763828915486
lidar,1787202763928835045
lidar,1787202764028982348
lidar,1787202764128572535
lidar,1787202764228726004
lidar,1787202764328574282
lidar,1787202764428084369
lidar,1787202764527775492
lidar,1787202764627380144
lidar,1787202764728154465
lidar,1787202764826413237
lidar,1787202764925290039
lidar,1787202765024230424
lidar,1787202765123947559
lidar,1787202765223619229
lidar,1787202765323460440
lidar,1787202765422995879
lidar,1787202765523094405
lidar,1787202765623036105
lidar,1787202765723050910
lidar,1787202765822848892
lidar,1787202765922936986
lidar,1787202766022552839
lidar,1787202766122499263
lidar,1787202766236634654
lidar,1787202766322736794
lidar,1787202766422438437
lidar,1787202766522698899
lidar,1787202766622184734
lidar,1787202766722186097
lidar,1787202766821985942
lidar,1787202766921786167
lidar,1787202767021858415
lidar,1787202767122061026
lidar,1787202767222019195
lidar,1787202767322102723
lidar,1787202767421957134
lidar,1787202767521412505
lidar,1787202767621328374
lidar,1787202767724768515
lidar,1787202767822244132
lidar,1787202767920361456
lidar,1787202768019936937
lidar,1787202768119876866
lidar,1787202768219420332
lidar,1787202768319408740
lidar,1787202768419303497
lidar,1787202768518961505
lidar,1787202768619407762
lidar,1787202768718658719
lidar,1787202768818256885
lidar,1787202768918059529
lidar,1787202769018163753
lidar,1787202769117710605
lidar,1787202769217833946
lidar,1787202769317187176
lidar,1787202769417302714
lidar,1787202769517132431
lidar,1787202769617337227
lidar,1787202769717397932
lidar,1787202769817269170
lidar,1787202769917252936
lidar,1787202770018131817
lidar,1787202770116678852
lidar,1787202770216298463
lidar,1787202770316468969
lidar,1787202770415933194
lidar,1787202770515692775
lidar,1787202770616052489
lidar,1787202770716810255
lidar,1787202770816655025
lidar,1787202770917070218
lidar,1787202771016907268
lidar,1787202771117470112
lidar,1787202771218295045
lidar,1787202771318535874
lidar,1787202771418618490
lidar,1787202771518825220
lidar,1787202771618722538
lidar,1787202771719266993
lidar,1787202771819618524
lidar,1787202771918850186
lidar,1787202772018170070
lidar,1787202772117918382
lidar,1787202772217578148
lidar,1787202772317443471
lidar,1787202772417508331
lidar,1787202772517207823
lidar,1787202772617166018
lidar,1787202772716742231
lidar,1787202772818098148
lidar,1787202772916705872
lidar,1787202773016336552
lidar,1787202773116001647
lidar,1787202773215941873
lidar,1787202773315437152
lidar,1787202773415466622
lidar,1787202773517023656
lidar,1787202773616795476
lidar,1787202773716014008
lidar,1787202773816575415
lidar,1787202773917037241
lidar,1787202774017594508
lidar,1787202774118414827
lidar,1787202774218497818
lidar,1787202774318989177
lidar,1787202774418934216
lidar,1787202774518783902
lidar,1787202774618673256
lidar,1787202774718427486
lidar,1787202774818250686
lidar,1787202774918086801
lidar,1787202775017664830
lidar,1787202775117446852
lidar,1787202775217558573
lidar,1787202775317429960
lidar,1787202775416905346
lidar,1787202775517084610
lidar,1787202775617068613
lidar,1787202775716848586
lidar,1787202775816500797
lidar,1787202775917784955
lidar,1787202776016102111
lidar,1787202776117410900
lidar,1787202776215578099
lidar,1787202776315746410
lidar,1787202776414459392
lidar,1787202776515685717
lidar,1787202776613885698
lidar,1787202776714304036
lidar,1787202776814985330
lidar,1787202776915308511
lidar,1787202777016348691
lidar,1787202777118853742
lidar,1787202777216604290
lidar,1787202777317009579
lidar,1787202777416337242
lidar,1787202777516282921
lidar,1787202777616461866
lidar,1787202777715746098
lidar,1787202777815714715
lidar,1787202777916633372
lidar,1787202778015776881
lidar,1787202778115820396
lidar,1787202778215894637
lidar,1787202778315657417
lidar,1787202778415187842
lidar,1787202778514950324
lidar,1787202778614778949
lidar,1787202778714333237
lidar,1787202778814244620
lidar,1787202778914337500
lidar,1787202779013879441
lidar,1787202779113598655
lidar,1787202779213553504
lidar,1787202779313440109
lidar,1787202779413171039
lidar,1787202779512947819
lidar,1787202779613170680
lidar,1787202779712868387
lidar,1787202779812720030
lidar,1787202779912100809
lidar,1787202780011947937
lidar,1787202780111587411
lidar,1787202780211586022
lidar,1787202780311032689
lidar,1787202780411016738
lidar,1787202780511336568
lidar,1787202780611674652
lidar,1787202780711998351
lidar,1787202780812975594
lidar,1787202780913193947
lidar,1787202781013484702
lidar,1787202781113955099
lidar,1787202781214695432
lidar,1787202781314061080
lidar,1787202781413621966
lidar,1787202781513197187
lidar,1787202781612882287
lidar,1787202781712907136
lidar,1787202781813051564
lidar,1787202781912454343
lidar,1787202782011719944
lidar,1787202782111191195
lidar,1787202782209870999
lidar,1787202782309254332
lidar,1787202782408285921
lidar,1787202782507469322
lidar,1787202782607281581
lidar,1787202782707058496
lidar,1787202782807003965
lidar,1787202782906439750
lidar,1787202783006601100
lidar,1787202783106368752
lidar,1787202783205815295
lidar,1787202783305900318
lidar,1787202783405861771
lidar,1787202783505255709
lidar,1787202783605452733
lidar,1787202783705516956
lidar,1787202783805897240
lidar,1787202783906073149
lidar,1787202784006510931
lidar,1787202784107409649
lidar,1787202784207971977
lidar,1787202784308303354
lidar,1787202784408718586
lidar,1787202784508811487
lidar,1787202784608821115
lidar,1787202784708467129
lidar,1787202784808174056
lidar,1787202784907871342
lidar,1787202785007856577
lidar,1787202785107957122
lidar,1787202785208375170
lidar,1787202785307106736
lidar,1787202785406769086
lidar,1787202785506466045
lidar,1787202785606568878
lidar,1787202785706623623
lidar,1787202785806241074
lidar,1787202785906256010
lidar,1787202786006203593
lidar,1787202786106549363
lidar,1787202786207193736
lidar,1787202786307865274
lidar,1787202786408457671
lidar,1787202786508574555
lidar,1787202786608791323
lidar,1787202786708712097
lidar,1787202786808929755
lidar,1787202786908567593
lidar,1787202787008447216
lidar,1787202787108737808
lidar,1787202787208631387
lidar,1787202787308958685
lidar,1787202787408829905
lidar,1787202787508878240
lidar,1787202787608822279
lidar,1787202787708781929
lidar,1787202787808463066
lidar,1787202787908214016
lidar,1787202788007851003
lidar,1787202788107572672
lidar,1787202788207601434
lidar,1787202788307648494
lidar,1787202788407618327
lidar,1787202788507698228
lidar,1787202788607171653
lidar,1787202788707274278
lidar,1787202788806819190
lidar,1787202788906820779
lidar,1787202789006765178
lidar,1787202789106376328
lidar,1787202789206397207
lidar,1787202789306342100
lidar,1787202789406903215
lidar,1787202789505970726
lidar,1787202789604988720
lidar,1787202789705016112
lidar,1787202789804644710
lidar,1787202789904474180
lidar,1787202790004284416
lidar,1787202790104158643
lidar,1787202790204307511
lidar,1787202790304219970
lidar,1787202790403986461
lidar,1787202790503635393
lidar,1787202790603487347
lidar,1787202790703376453
lidar,1787202790803124454
lidar,1787202790903211983
lidar,1787202791002813576
lidar,1787202791102758935
lidar,1787202791202606671
lidar,1787202791302411656
lidar,1787202791402177431
lidar,1787202791501863905
lidar,1787202791601805249
lidar,1787202791701792208
lidar,1787202791801548655
lidar,1787202791901586617
lidar,1787202792001337377
lidar,1787202792101333359
lidar,1787202792201169858
lidar,1787202792301574629
lidar,1787202792401603091
lidar,1787202792501531074
lidar,1787202792601396293
lidar,1787202792701554073
lidar,1787202792801537248
lidar,1787202792901678383
lidar,1787202793001676346
lidar,1787202793101404160
lidar,1787202793200976092
lidar,1787202793300565728
lidar,1787202793400536245
lidar,1787202793498999993
lidar,1787202793598157712
lidar,1787202793697094197
lidar,1787202793796086743
lidar,1787202793895523401
lidar,1787202793994311536
lidar,1787202794093002269
lidar,1787202794192756861
lidar,1787202794292191378
lidar,1787202794392164394
lidar,1787202794492133690
lidar,1787202794592418325
lidar,1787202794691584731
lidar,1787202794791493454
lidar,1787202794891305855
lidar,1787202794991013022
lidar,1787202795090956558
lidar,1787202795203577730
lidar,1787202795290056349
lidar,1787202795389928457
lidar,1787202795490083037
lidar,1787202795589864672
lidar,1787202795689563220
lidar,1787202795789707022
lidar,1787202795889429481
lidar,1787202795989012355
lidar,1787202796091205373
lidar,1787202796189112427
lidar,1787202796289359421
lidar,1787202796393800672
lidar,1787202796488576280
lidar,1787202796588531225
lidar,1787202796689162491
lidar,1787202796787860948
lidar,1787202796891178382
lidar,1787202796987226093
lidar,1787202797087853266
lidar,1787202797189326059
lidar,1787202797287313897
lidar,1787202797387749469
lidar,1787202797487371758
lidar,1787202797600202796
lidar,1787202797686910906
lidar,1787202797786768339
lidar,1787202797889015292
lidar,1787202797986491406
lidar,1787202798086340003
lidar,1787202798186146590
lidar,1787202798286210180
lidar,1787202798385936055
lidar,1787202798485558039
lidar,1787202798585214144
lidar,1787202798685307109
lidar,1787202798785116367
lidar,1787202798885071829
lidar,1787202798986486479
lidar,1787202799084949051
lidar,1787202799184232681
lidar,1787202799284122304
lidar,1787202799384086726
lidar,1787202799486151535
lidar,1787202799583352669
lidar,1787202799683150431
lidar,1787202799785091443
lidar,1787202799882693247
lidar,1787202799996087187
lidar,1787202800082474743
lidar,1787202800182061828
lidar,1787202800282856640
lidar,1787202800382452211
lidar,1787202800482586101
lidar,1787202800583474083
lidar,1787202800686228775
lidar,1787202800785101727
lidar,1787202800887618648
lidar,1787202800984446582
lidar,1787202801094230290
lidar,1787202801188368056
lidar,1787202801291678296
lidar,1787202801384357623
lidar,1787202801495870702
lidar,1787202801584139329
lidar,1787202801686886622
lidar,1787202801788089195
lidar,1787202801883656353
lidar,1787202801988288023
lidar,1787202802085307516
lidar,1787202802183756287
lidar,1787202802283549246
lidar,1787202802385771331
lidar,1787202802483527456
lidar,1787202802585063858
lidar,1787202802683986524
lidar,1787202802786026349
lidar,1787202802882204116
lidar,1787202802981605550
lidar,1787202803083826029
lidar,1787202803181310627
lidar,1787202803280813733
lidar,1787202803380672750
lidar,1787202803480703664
lidar,1787202803580145924
lidar,1787202803682487600
lidar,1787202803779896997
lidar,1787202803879677733
lidar,1787202803979359063
lidar,1787202804079214784
lidar,1787202804179384057
lidar,1787202804279460966
lidar,1787202804379668506
lidar,1787202804486617287
lidar,1787202804579866545
lidar,1787202804684266716
lidar,1787202804780968280
lidar,1787202804879717534
lidar,1787202804979684235
lidar,1787202805079516608
lidar,1787202805179287279
lidar,1787202805279265745
lidar,1787202805381373435
lidar,1787202805478816771
lidar,1787202805579086561
lidar,1787202805679072948
lidar,1787202805778765996
lidar,1787202805878320170
lidar,1787202805978051277
lidar,1787202806078032778
lidar,1787202806183161348
lidar,1787202806277047753
lidar,1787202806388300933
lidar,1787202806476990339
lidar,1787202807102483649
lidar,1787202807103033320
lidar,1787202807103460143
lidar,1787202807103891184
lidar,1787202807104312821
lidar,1787202807182244283
lidar,1787202807274931665
lidar,1787202807386673436
lidar,1787202807482361635
lidar,1787202807575336884
lidar,1787202807676177912
lidar,1787202807778011914
lidar,1787202807885382120
lidar,1787202807976531038
lidar,1787202808077970325
lidar,1787202808176642713
lidar,1787202808276563199
lidar,1787202808376290558
lidar,1787202808476396893
lidar,1787202808575954185
lidar,1787202808675694969
lidar,1787202808776428561
lidar,1787202808876096100
lidar,1787202808975324026
lidar,1787202809086544989
lidar,1787202809175454526
lidar,1787202809275200118
lidar,1787202809375225232
lidar,1787202809477450080
lidar,1787202809580415887
lidar,1787202809675352569
lidar,1787202809786767845
lidar,1787202809873808115
lidar,1787202809973386092
lidar,1787202810072676405
lidar,1787202810171917435
lidar,1787202810271518704
lidar,1787202810370731885
lidar,1787202810470149974
lidar,1787202810571769909
lidar,1787202810669414151
lidar,1787202810769687407
lidar,1787202810869428945
lidar,1787202810969324243
lidar,1787202811069426826
lidar,1787202811168887682
lidar,1787202811268881991
lidar,1787202811368913887
lidar,1787202811468915330
lidar,1787202811568965725
lidar,1787202811668538607
lidar,1787202811768520850
lidar,1787202811877618873
lidar,1787202811968817812
lidar,1787202812068635213
lidar,1787202812168699399
lidar,1787202812268565936
lidar,1787202812368758555
lidar,1787202812468585089
lidar,1787202812568780503
lidar,1787202812668204391
lidar,1787202812767936797
lidar,1787202812867469552
lidar,1787202812967628686
lidar,1787202813067050046
lidar,1787202813167504254
lidar,1787202813267212407
lidar,1787202813368606882
lidar,1787202813466873344
lidar,1787202813568150843
lidar,1787202813667180406
lidar,1787202813766923100
lidar,1787202813865973969
lidar,1787202813965525152
lidar,1787202814065417684
lidar,1787202814165860759
lidar,1787202814265423772
lidar,1787202814366832490
lidar,1787202814466585227
lidar,1787202814567671359
lidar,1787202814667165187
lidar,1787202814767417141
lidar,1787202814867161170
lidar,1787202814967044944
lidar,1787202815066720851
lidar,1787202815167419456
lidar,1787202815265990911
lidar,1787202815366670831
lidar,1787202815465879621
lidar,1787202815565681917
lidar,1787202815665664719
lidar,1787202815764956490
lidar,1787202815864751981
lidar,1787202815964789426
lidar,1787202816064637145
lidar,1787202816164556992
lidar,1787202816264083197
lidar,1787202816364476082
lidar,1787202816463901550
lidar,1787202816563726644
lidar,1787202816663698355
lidar,1787202816763204764
lidar,1787202816863278760
lidar,1787202816962870270
lidar,1787202817062761758
lidar,1787202817162549324
lidar,1787202817262388669
lidar,1787202817362268912
lidar,1787202817475183155
lidar,1787202817562096481
lidar,1787202817661612580
lidar,1787202817761122454
lidar,1787202817861641861
lidar,1787202817961582520
lidar,1787202818062324167
lidar,1787202818162631689
lidar,1787202818263230570
lidar,1787202818363928010
lidar,1787202818463476614
lidar,1787202818563165614
lidar,1787202818662999044
lidar,1787202818762976198
lidar,1787202818862934933
lidar,1787202818963112983
lidar,1787202819063401649
lidar,1787202819162534530
lidar,1787202819262082608
lidar,1787202819361763493
lidar,1787202819461167003
lidar,1787202820062390257
lidar,1787202820062814017
lidar,1787202820063142088
lidar,1787202820063414070
lidar,1787202820063611401
lidar,1787202820160236086
lidar,1787202820798357329
lidar,1787202820798738380
lidar,1787202820798964687
lidar,1787202820799142228
lidar,1787202820799330624
lidar,1787202820858510691
lidar,1787202820958741126
lidar,1787202821058762973
lidar,1787202821158272547
lidar,1787202821258391754
lidar,1787202821358402802
lidar,1787202821458323355
lidar,1787202821560426771
lidar,1787202821657263976
lidar,1787202821757132392
lidar,1787202821856942868
lidar,1787202821957374247
lidar,1787202822058068279
lidar,1787202822158504411
lidar,1787202822258835849
lidar,1787202822363409850
lidar,1787202822459014025
lidar,1787202822566707478
lidar,1787202822658988257
lidar,1787202822758721393
lidar,1787202822858677937
lidar,1787202822958557831
lidar,1787202823058269689
lidar,1787202823158237245
lidar,1787202823258143813
lidar,1787202823358098239
lidar,1787202823457882197
lidar,1787202823557882618
lidar,1787202823657641454
lidar,1787202823757637850
lidar,1787202823857313205
lidar,1787202823957434323
lidar,1787202824057421327
lidar,1787202824157007614
lidar,1787202824257251769
lidar,1787202824356955034
lidar,1787202824457002540
lidar,1787202824556433672
lidar,1787202824656320696
lidar,1787202824756910875
lidar,1787202824856479468
lidar,1787202824955723837
lidar,1787202825055112572
lidar,1787202825155470827
lidar,1787202825255846042
lidar,1787202825356312272
lidar,1787202825456676467
lidar,1787202825557242413
lidar,1787202825657862027
lidar,1787202825759101409
lidar,1787202825861257906
lidar,1787202825958338438
lidar,1787202826058148730
lidar,1787202826158481094
lidar,1787202826257923555
lidar,1787202826357665885
lidar,1787202826457681846
lidar,1787202826557796843
lidar,1787202826656981050
lidar,1787202826756794371
lidar,1787202826856892453
lidar,1787202826956971662
lidar,1787202827056407429
lidar,1787202827156004208
lidar,1787202827255593422
lidar,1787202827355372377
lidar,1787202827455032449
lidar,1787202827555056267
lidar,1787202827654485613
lidar,1787202827754408668
lidar,1787202827854711523
lidar,1787202827954615783
lidar,1787202828054027652
lidar,1787202828153888926
lidar,1787202828253475542
lidar,1787202828353459440
lidar,1787202828452971675
lidar,1787202828552976853
lidar,1787202828652672512
lidar,1787202828752489423
lidar,1787202828852772875
lidar,1787202828952358317
lidar,1787202829052508478
lidar,1787202829152817165
lidar,1787202829253297195
lidar,1787202829353370441
lidar,1787202829453898623
lidar,1787202829554286677
lidar,1787202829653957048
lidar,1787202829753557003
lidar,1787202829855399510
lidar,1787202829953499335
lidar,1787202830053373222
lidar,1787202830153084027
lidar,1787202830253070444
lidar,1787202830352770062
lidar,1787202830452933310
lidar,1787202830552420303
lidar,1787202830652360319
lidar,1787202830752124601
lidar,1787202830851913429
lidar,1787202830951687236
lidar,1787202831051529509
lidar,1787202831151478240
lidar,1787202831251402232
lidar,1787202831351251745
lidar,1787202831450965477
lidar,1787202831550480550
lidar,1787202831650493297
lidar,1787202831750203530
lidar,1787202831850239838
lidar,1787202831949674808
lidar,1787202832049673958
lidar,1787202832149466402
lidar,1787202832248997085
lidar,1787202832349019332
lidar,1787202832448540516
lidar,1787202832548473341
lidar,1787202832647996772
lidar,1787202832747847323
lidar,1787202832847787730
lidar,1787202832947515526
lidar,1787202833047611224
lidar,1787202833146982313
lidar,1787202833247002999
lidar,1787202833347423734
lidar,1787202833447510299
lidar,1787202833547065365
lidar,1787202833646321904
lidar,1787202833746462611
lidar,1787202833845915527
lidar,1787202833945944551
lidar,1787202834046105614
lidar,1787202834146387527
lidar,1787202834246989531
lidar,1787202834347195267
lidar,1787202834447565833
lidar,1787202834548159632
lidar,1787202834648398099
lidar,1787202834748229055
lidar,1787202834848210832
lidar,1787202834948302389
lidar,1787202835048581842
lidar,1787202835148011347
lidar,1787202835247751128
lidar,1787202835347656357
lidar,1787202835447448346
lidar,1787202835547678455
lidar,1787202835647311075
lidar,1787202835747055222
lidar,1787202835847027211
lidar,1787202835946819132
lidar,1787202836046945467
lidar,1787202836146698667
lidar,1787202836246147052
lidar,1787202836346235308
lidar,1787202836446271256
lidar,1787202836545511407
lidar,1787202836645528723
lidar,1787202836745429982
lidar,1787202836845804916
lidar,1787202836945093473
lidar,1787202837045634956
lidar,1787202837145165771
lidar,1787202837245144211
lidar,1787202837344826377
lidar,1787202837444710003
lidar,1787202837544419231
lidar,1787202837645041174
lidar,1787202837743803045
lidar,1787202837843475995
lidar,1787202837944884206
lidar,1787202838043157498
lidar,1787202838142895858
lidar,1787202838242932794
lidar,1787202838342815822
lidar,1787202838442808205
lidar,1787202838542658336
lidar,1787202838642374234
lidar,1787202838742253282
lidar,1787202838842672066
lidar,1787202838942272684
lidar,1787202839041901356
lidar,1787202839141624198
lidar,1787202839241161500
lidar,1787202839341422143
lidar,1787202839441076027
lidar,1787202839541290884
lidar,1787202839641224443
lidar,1787202839740707122
lidar,1787202839840485118
lidar,1787202839940301469
lidar,1787202840040273269
lidar,1787202840139916407
lidar,1787202840239679629
lidar,1787202840339318684
lidar,1787202840439174092
lidar,1787202840539063822
lidar,1787202840638974072
lidar,1787202840738815486
lidar,1787202840838753511
lidar,1787202840938656323
lidar,1787202841038659071
lidar,1787202841138779664
lidar,1787202841238465150
lidar,1787202841338164691
lidar,1787202841437674392
lidar,1787202841537619111
lidar,1787202841637110345
lidar,1787202841737261126
lidar,1787202841837125156
lidar,1787202841938611997
lidar,1787202842036887498
lidar,1787202842136484006
lidar,1787202842237058628
lidar,1787202842337388312
lidar,1787202842437853321
lidar,1787202842538873815
lidar,1787202842638622907
lidar,1787202842739049044
lidar,1787202842839000565
lidar,1787202842938628906
lidar,1787202843038753035
lidar,1787202843138797372
lidar,1787202843238574945
lidar,1787202843338447922
lidar,1787202843438199062
lidar,1787202843537994797
lidar,1787202843637485456
lidar,1787202843737459165
lidar,1787202843837224068
lidar,1787202843936998623
lidar,1787202844037005569
lidar,1787202844136831036
lidar,1787202844236216384
lidar,1787202844336027574
lidar,1787202844435799277
lidar,1787202844535909503
lidar,1787202844635590599
lidar,1787202844738056962
lidar,1787202844835289233
lidar,1787202844935775362
lidar,1787202845036116696
lidar,1787202845136556156
lidar,1787202845243532892
lidar,1787202845338241022
lidar,1787202845434830826
lidar,1787202845538647060
lidar,1787202845634421953
lidar,1787202845734404701
lidar,1787202845834155178
lidar,1787202845934075137
lidar,1787202846036315247
lidar,1787202846133652864
lidar,1787202846233999473
lidar,1787202846335195277
lidar,1787202846435461130
lidar,1787202846535709833
lidar,1787202846637094347
lidar,1787202846736890028
lidar,1787202846836507368
lidar,1787202846936968617
lidar,1787202847037247603
lidar,1787202847135748574
lidar,1787202847235658620
lidar,1787202847336266301
lidar,1787202847435410526
lidar,1787202847536125517
lidar,1787202847635591657
lidar,1787202847736011152
lidar,1787202847835622123
lidar,1787202847935431481
lidar,1787202848035194816
lidar,1787202848135139391
lidar,1787202848235595028
lidar,1787202848334909368
lidar,1787202848434398915
lidar,1787202848533738483
lidar,1787202848632974843
lidar,1787202848732405016
lidar,1787202848831766105
lidar,1787202848930835585
lidar,1787202849030873398
lidar,1787202849130576650
lidar,1787202849230116014
lidar,1787202849330183407
lidar,1787202849429726680
lidar,1787202849529472610
lidar,1787202849629102457
lidar,1787202849729186087
lidar,1787202849829081494
lidar,1787202849928773655
lidar,1787202850028548785
lidar,1787202850130901314
lidar,1787202850228289016
lidar,1787202850328164568
lidar,1787202850428461138
lidar,1787202850528667999
lidar,1787202850628999817
lidar,1787202850729277343
lidar,1787202850829743303
lidar,1787202850930184527
lidar,1787202851030718147
lidar,1787202851130851644
lidar,1787202851230973241
lidar,1787202851331968309
lidar,1787202851431126235
lidar,1787202851530911134
lidar,1787202851630756475
lidar,1787202851730701111
lidar,1787202851830341497
lidar,1787202851930015439
lidar,1787202852029895863
lidar,1787202852129633936
lidar,1787202852229871475
lidar,1787202852329381779
lidar,1787202852428862870
lidar,1787202852528661178
lidar,1787202852628878811
lidar,1787202852728392636
lidar,1787202852828478892
lidar,1787202852928144707
lidar,1787202853028059206
lidar,1787202853127495719
lidar,1787202853226910676
lidar,1787202853327173455
lidar,1787202853426867359
lidar,1787202853527236698
lidar,1787202853627794359
lidar,1787202853727931001
lidar,1787202853829135856
lidar,1787202853929583068
lidar,1787202854030245443
lidar,1787202854130058604
lidar,1787202854229852406
lidar,1787202854329930753
lidar,1787202854431385800
lidar,1787202854529559578
lidar,1787202854629604081
lidar,1787202854729066651
lidar,1787202854828903205
lidar,1787202854929164838
lidar,1787202855028637348
lidar,1787202855128456731
lidar,1787202855228239699
lidar,1787202855328474540
lidar,1787202855428404001
lidar,1787202855527756715
lidar,1787202855627674632
lidar,1787202855727352354
lidar,1787202855827621340
lidar,1787202855926878123
lidar,1787202856026567627
lidar,1787202856126187145
lidar,1787202856226593156
lidar,1787202856326518649
lidar,1787202856426101521
lidar,1787202856525533494
lidar,1787202856625997448
lidar,1787202856725369986
lidar,1787202856825627311
lidar,1787202856925525764
lidar,1787202857024899819
lidar,1787202857124747217
lidar,1787202857224306956
lidar,1787202857324006079
lidar,1787202857423832155
lidar,1787202857523393729
lidar,1787202857623343988
lidar,1787202857723406347
lidar,1787202857824051139
lidar,1787202857924387802
lidar,1787202858024720096
lidar,1787202858125038952
lidar,1787202858225376222
lidar,1787202858326759567
lidar,1787202858426351101
lidar,1787202858527450807
lidar,1787202858629375923
lidar,1787202858726527037
lidar,1787202858826515325
lidar,1787202858926594742
lidar,1787202859027005792
lidar,1787202859125927790
lidar,1787202859225282828
lidar,1787202859324950156
lidar,1787202859425124424
lidar,1787202859524872414
lidar,1787202859625006658
lidar,1787202859724578049
lidar,1787202859824942532
lidar,1787202859924294865
lidar,1787202860023899871
lidar,1787202860124144021
lidar,1787202860223972370
lidar,1787202860323818885
lidar,1787202860423604558
lidar,1787202860534877267
lidar,1787202860623458201
lidar,1787202860723073776
lidar,1787202860822361104
lidar,1787202860921924101
lidar,1787202861020617244
lidar,1787202861119273361
lidar,1787202861218824322
lidar,1787202861318419074
lidar,1787202861417688892
lidar,1787202861517661226
lidar,1787202861618141812
lidar,1787202861717008276
lidar,1787202861817431664
lidar,1787202861917343249
lidar,1787202862017009670
lidar,1787202862116540381
lidar,1787202862216731783
lidar,1787202862316316712
lidar,1787202862418663857
lidar,1787202862515914146
lidar,1787202862615802408
lidar,1787202862715502935
lidar,1787202862815281094
lidar,1787202862914832954
lidar,1787202863014894037
lidar,1787202863115483989
lidar,1787202863215757476
lidar,1787202863316761586
lidar,1787202863416652243
lidar,1787202863517180660
lidar,1787202863619792870
lidar,1787202863718157958
lidar,1787202863817968874
lidar,1787202863918672093
lidar,1787202864018582468
lidar,1787202864118015836
lidar,1787202864218534291
lidar,1787202864317539145
lidar,1787202864417259370
lidar,1787202864517344023
lidar,1787202864616217722
lidar,1787202864716184572
lidar,1787202864816254578
lidar,1787202864916248686
lidar,1787202865016556110
lidar,1787202865116275402
lidar,1787202865216367213
lidar,1787202865316229046
lidar,1787202865415970281
lidar,1787202865515710373
lidar,1787202865615730616
lidar,1787202865715800885
lidar,1787202865815430748
lidar,1787202865915204346
lidar,1787202866015028032
lidar,1787202866116379828
lidar,1787202866214756844
lidar,1787202866314612388
lidar,1787202866414491663
lidar,1787202866514678403
lidar,1787202866616618538
lidar,1787202866713857790
lidar,1787202866813501357
lidar,1787202866913346224
lidar,1787202867013342212
lidar,1787202867112928933
lidar,1787202867212564332
lidar,1787202867312476699
lidar,1787202867411877685
lidar,1787202867511689807
lidar,1787202867611473134
lidar,1787202867711619381
lidar,1787202867810988486
lidar,1787202867910846557
lidar,1787202868011097052
lidar,1787202868111290481
lidar,1787202868211462075
lidar,1787202868311787101
lidar,1787202868412286852
lidar,1787202868513018834
lidar,1787202869146357279
lidar,1787202869146779061
lidar,1787202869147090659
lidar,1787202869147463963
lidar,1787202869147741845
lidar,1787202869212622901
lidar,1787202869312727839
lidar,1787202869412587304
lidar,1787202869512546629
lidar,1787202869612420316
lidar,1787202869711851362
lidar,1787202869811293132
lidar,1787202869910414819
lidar,1787202870009298388
lidar,1787202870108551711
lidar,1787202870207446781
lidar,1787202870306826790
lidar,1787202870406063413
lidar,1787202870508289159
lidar,1787202870605679352
lidar,1787202870704981012
lidar,1787202870804999466
lidar,1787202870905082135
lidar,1787202871004835723
lidar,1787202871104448558
lidar,1787202871204374306
lidar,1787202871304380249
lidar,1787202871404313265
lidar,1787202871504147011
lidar,1787202871603657257
lidar,1787202871703256112
lidar,1787202871803365916
lidar,1787202871903191563
lidar,1787202872003508102
lidar,1787202872103029825
lidar,1787202872202588252
lidar,1787202872302573395
lidar,1787202872402618861
lidar,1787202872502605458
lidar,1787202872602498151
lidar,1787202872702552301
lidar,1787202872802977887
lidar,1787202872902404460
lidar,1787202873002332549
lidar,1787202873102375813
lidar,1787202873202202602
lidar,1787202873301941306
lidar,1787202873401566358
lidar,1787202873501869830
lidar,1787202873601378222
lidar,1787202873701235597
lidar,1787202873801188046
lidar,1787202873900699983
lidar,1787202873999918254
lidar,1787202874099098924
lidar,1787202874198449807
lidar,1787202874297566153
lidar,1787202874399217153
lidar,1787202874495177262
lidar,1787202874594138916
lidar,1787202874693298134
lidar,1787202874792865436
lidar,1787202874892654505
lidar,1787202874992183399
lidar,1787202875092149448
lidar,1787202875192238711
lidar,1787202875292077610
lidar,1787202875391480826
lidar,1787202875491104460
lidar,1787202875591235108
lidar,1787202875691109915
lidar,1787202875791030977
lidar,1787202875891032657
lidar,1787202875990524398
lidar,1787202876090408105
lidar,1787202876190073977
lidar,1787202876290011969
lidar,1787202876389707286
lidar,1787202876489704571
lidar,1787202876589971843
lidar,1787202876690145129
lidar,1787202876791120669
lidar,1787202876891184400
lidar,1787202876992608797
lidar,1787202877091874318
lidar,1787202877192207029
lidar,1787202877292010145
lidar,1787202877391896205
lidar,1787202877491909116
lidar,1787202877591749887
lidar,1787202877691451739
lidar,1787202877791529086
lidar,1787202877891871179
lidar,1787202877991468235
lidar,1787202878091437770
lidar,1787202878191169907
lidar,1787202878290822995
lidar,1787202878393658275
lidar,1787202878490561031
lidar,1787202878590523679
lidar,1787202878690316037
lidar,1787202878790033899
lidar,1787202878889861493
lidar,1787202878989376139
lidar,1787202879089850958
lidar,1787202879189189674
lidar,1787202879289171540
lidar,1787202879388867268
lidar,1787202879488410518
lidar,1787202879588104598
lidar,1787202879687966986
lidar,1787202879788037051
lidar,1787202879887693045
lidar,1787202879987062776
lidar,1787202880087559913
lidar,1787202880186738500
lidar,1787202880286763037
lidar,1787202880387552030
lidar,1787202880487462807
lidar,1787202880587539518
lidar,1787202880688103498
lidar,1787202880788760210
lidar,1787202880889070816
lidar,1787202880989805466
lidar,1787202881090739684
lidar,1787202881192631340
lidar,1787202881290260783
lidar,1787202881390946177
lidar,1787202881493433754
lidar,1787202881591624239
lidar,1787202881695344423
lidar,1787202881790123918
lidar,1787202881889816779
lidar,1787202881989773560
lidar,1787202882089353743
lidar,1787202882189411581
lidar,1787202882288946012
lidar,1787202882389226428
lidar,1787202882489320177
lidar,1787202882591593723
lidar,1787202882688921319
lidar,1787202882788614140
lidar,1787202882888644171
lidar,1787202882988602286
lidar,1787202883088645372
lidar,1787202883188347582
lidar,1787202883288336566
lidar,1787202883388744727
lidar,1787202883488400893
lidar,1787202883588670321
lidar,1787202883689824726
lidar,1787202883788929508
lidar,1787202883888858065
lidar,1787202883990151533
lidar,1787202884088949317
lidar,1787202884189421980
lidar,1787202884288563435
lidar,1787202884388093433
lidar,1787202884487505937
lidar,1787202884587849118
lidar,1787202884687299895
lidar,1787202884787387520
lidar,1787202884887262525
lidar,1787202884986893034
lidar,1787202885086726538
lidar,1787202885186505065
lidar,1787202885288748631
lidar,1787202885386628649
lidar,1787202885485695571
lidar,1787202885586659580
lidar,1787202885685397498
lidar,1787202885785414512
lidar,1787202885884877581
lidar,1787202885984493451
lidar,1787202886084304153
lidar,1787202886184115893
lidar,1787202886284002255
lidar,1787202886383684056
lidar,1787202886483679353
lidar,1787202886585347613
lidar,1787202886683239432
lidar,1787202886783369560
lidar,1787202886883208146
lidar,1787202886983070205
lidar,1787202887082762395
lidar,1787202887182423585
lidar,1787202887282379588
lidar,1787202887382391714
lidar,1787202887481961806
lidar,1787202887583996976
lidar,1787202887686047411
lidar,1787202887781741735
lidar,1787202887881653531
lidar,1787202887981955693
lidar,1787202888081619912
lidar,1787202888181379413
lidar,1787202888281260967
lidar,1787202888381029531
lidar,1787202888480751967
lidar,1787202888580998888
lidar,1787202888681589501
lidar,1787202888780159453
lidar,1787202888880331408
lidar,1787202888980012805
lidar,1787202889080019657
lidar,1787202889181065736
lidar,1787202889281777497
lidar,1787202889379078436
lidar,1787202889479012774
lidar,1787202889578483468
lidar,1787202889679506386
lidar,1787202889777832947
lidar,1787202889877838026
lidar,1787202889977787713
lidar,1787202890078381785
lidar,1787202890179437865
lidar,1787202890279511152
lidar,1787202890380968056
lidar,1787202890481706793
lidar,1787202890582224168
lidar,1787202890682820501
lidar,1787202890783940911
lidar,1787202890882657174
lidar,1787202890983035550
lidar,1787202891083273318
lidar,1787202891183520615
lidar,1787202891283060962
lidar,1787202891383017987
lidar,1787202891483149619
lidar,1787202891583151318
lidar,1787202891682918503
lidar,1787202891782736062
lidar,1787202891882972225
lidar,1787202891982557976
lidar,1787202892082609236
lidar,1787202892182462163
lidar,1787202892282326788
lidar,1787202892382215289
lidar,1787202892481691643
lidar,1787202892581181079
lidar,1787202892680183758
lidar,1787202892779687280
lidar,1787202892878800990
lidar,1787202892978244772
lidar,1787202893077171740
lidar,1787202893177355554
lidar,1787202893276850063
lidar,1787202893379034524
lidar,1787202893476302674
lidar,1787202893576189008
lidar,1787202893677880846
lidar,1787202893776049982
lidar,1787202893875560047
lidar,1787202893975502781
lidar,1787202894075093876
lidar,1787202894174948560
lidar,1787202894275041358
lidar,1787202894375050114
lidar,1787202894474548197
lidar,1787202894576616058
lidar,1787202894679073919
lidar,1787202894777445378
lidar,1787202894874885308
lidar,1787202894974471792
lidar,1787202895074351693
lidar,1787202895174080528
lidar,1787202895275767914
lidar,1787202895373719027
lidar,1787202895473701478
lidar,1787202895573149061
lidar,1787202895672864551
lidar,1787202895772693576
lidar,1787202895872998163
lidar,1787202895972902591
lidar,1787202896072987381
lidar,1787202896172982299
lidar,1787202896273149841
lidar,1787202896372632159
lidar,1787202896472450464
lidar,1787202896574833683
lidar,1787202896673014035
lidar,1787202896772765189
lidar,1787202896871886352
lidar,1787202896971746232
lidar,1787202897071533769
lidar,1787202897172184745
lidar,1787202897271842503
lidar,1787202897372165657
lidar,1787202897474656727
lidar,1787202897577601199
lidar,1787202897671168940
lidar,1787202897770869063
lidar,1787202897870950573
lidar,1787202897970663971
lidar,1787202898070414230
lidar,1787202898169863094
lidar,1787202898269735798
lidar,1787202898370867241
lidar,1787202898471343180
lidar,1787202898569549741
lidar,1787202898671085275
lidar,1787202898772193901
lidar,1787202898869292905
lidar,1787202898968790435
lidar,1787202899068842917
lidar,1787202899170113434
lidar,1787202899274144396
lidar,1787202899369333875
lidar,1787202899468719127
lidar,1787202899567734092
lidar,1787202899668876150
lidar,1787202899767304917
lidar,1787202899870955652
lidar,1787202899968271714
lidar,1787202900071402460
lidar,1787202900170613325
lidar,1787202900272082688
lidar,1787202900369364298
lidar,1787202900469742337
lidar,1787202900573627976
lidar,1787202900671121223
lidar,1787202900771554071
lidar,1787202900872341001
lidar,1787202900972685156
lidar,1787202901072426683
lidar,1787202901173840426
lidar,1787202901272203530
lidar,1787202901373508972
lidar,1787202901472845510
lidar,1787202901571760123
lidar,1787202901674589961
lidar,1787202901774057158
lidar,1787202901871116196
lidar,1787202901973610400
lidar,1787202902074046285
lidar,1787202902173681462
lidar,1787202902274268864
lidar,1787202902370408039
lidar,1787202902469741990
lidar,1787202902569506907
lidar,1787202902669273823
lidar,1787202902772417063
lidar,1787202902869097029
lidar,1787202902969798639
lidar,1787202903068722318
lidar,1787202903169100067
lidar,1787202903269018774
lidar,1787202903369708103
lidar,1787202903471339071
lidar,1787202903570387644
lidar,1787202903671016353
lidar,1787202903771305698
lidar,1787202903871806888
lidar,1787202903973039567
lidar,1787202904072094390
lidar,1787202904172385535
lidar,1787202904272428060
lidar,1787202904373439062
lidar,1787202904471979665
lidar,1787202904571898003
lidar,1787202904670799461
lidar,1787202904769640469
lidar,1787202904869347343
lidar,1787202904969245170
lidar,1787202905068056377
lidar,1787202905166567838
lidar,1787202905265450306
lidar,1787202905364886263
lidar,1787202905464681356
lidar,1787202905564595979
lidar,1787202905665621424
lidar,1787202905764431431
lidar,1787202905864526002
lidar,1787202905966437645
lidar,1787202906064384057
lidar,1787202906164157829
lidar,1787202906264240319
lidar,1787202906364122390
lidar,1787202906464122360
lidar,1787202906563809627
lidar,1787202906663675209
lidar,1787202906763368155
lidar,1787202906863034454
lidar,1787202906963160995
lidar,1787202907062479654
lidar,1787202907162549460
lidar,1787202907262220632
lidar,1787202907361873400
lidar,1787202907461605252
lidar,1787202907561937797
lidar,1787202907661495160
lidar,1787202907761595705
lidar,1787202907861283674
lidar,1787202907963179966
lidar,1787202908061581806
lidar,1787202908160685141
lidar,1787202908260449226
lidar,1787202908360299047
lidar,1787202908460068013
lidar,1787202908560132320
lidar,1787202908660390055
lidar,1787202908760803930
lidar,1787202908861596225
lidar,1787202908961682815
lidar,1787202909062248917
lidar,1787202909162565483
lidar,1787202909263506730
lidar,1787202909363067369
lidar,1787202909463256027
lidar,1787202909568105206
lidar,1787202909663008682
lidar,1787202909762973362
lidar,1787202909864554368
lidar,1787202909962517761
lidar,1787202910062272056
lidar,1787202910162225586
lidar,1787202910261983289
lidar,1787202910361817989
lidar,1787202910462099201
lidar,1787202910561935253
lidar,1787202910661423504
lidar,1787202910761919604
lidar,1787202910861699122
lidar,1787202910961653016
lidar,1787202911061625104
lidar,1787202911161651229
lidar,1787202911263956059
lidar,1787202911361372418
lidar,1787202911460884928
lidar,1787202911560958264
lidar,1787202911660743553
lidar,1787202911760259016
lidar,1787202911860558628
lidar,1787202911960011135
lidar,1787202912060267128
lidar,1787202912160146138
lidar,1787202912259856340
lidar,1787202912359931553
lidar,1787202912460549197
lidar,1787202912559275456
lidar,1787202912659395370
lidar,1787202912759584607
lidar,1787202912859133853
lidar,1787202912959075837
lidar,1787202913059068808
lidar,1787202913160194316
lidar,1787202913258337338
lidar,1787202913358350664
lidar,1787202913458137222
lidar,1787202913560092958
lidar,1787202913658547688
lidar,1787202913757393060
lidar,1787202913860304464
lidar,1787202913956244649
lidar,1787202914056855042
lidar,1787202914155942225
lidar,1787202914255636087
lidar,1787202914356020664
lidar,1787202914456174254
lidar,1787202914556936434
lidar,1787202914657401508
lidar,1787202914757022190
lidar,1787202914857764026
lidar,1787202914958287353
lidar,1787202915058181320
lidar,1787202915158251398
lidar,1787202915258263419
lidar,1787202915360034048
lidar,1787202915458173580
lidar,1787202915558490904
lidar,1787202915658139377
lidar,1787202915757690733
lidar,1787202915858361848
lidar,1787202915957297237
lidar,1787202916057350654
lidar,1787202916156632888
lidar,1787202916257024177
lidar,1787202916357517255
lidar,1787202916456597324
lidar,1787202916556790938
lidar,1787202916658373320
lidar,1787202916756855783
lidar,1787202916857493873
lidar,1787202916956807466
lidar,1787202917056553412
lidar,1787202917156613246
lidar,1787202917256747123
lidar,1787202917356817734
lidar,1787202917456900222
lidar,1787202917556349248
lidar,1787202917656123079
lidar,1787202917756067002
lidar,1787202917855947767
lidar,1787202917955542391
lidar,1787202918057925400
lidar,1787202918155513714
lidar,1787202918255138395
lidar,1787202918357789880
lidar,1787202918455159989
lidar,1787202918554813429
lidar,1787202918654766923
lidar,1787202918754695408
lidar,1787202918854490710
lidar,1787202918954120090
lidar,1787202919054394964
lidar,1787202919154009921
lidar,1787202919253684622
lidar,1787202919354217052
lidar,1787202919456269700
lidar,1787202919553806267
lidar,1787202919653546132
lidar,1787202919753320165
lidar,1787202919853310566
lidar,1787202919953135620
lidar,1787202920053487327
lidar,1787202920153458943
lidar,1787202920253317881
lidar,1787202920352949357
lidar,1787202920452916771
lidar,1787202920553000716
lidar,1787202920653167148
lidar,1787202920752667385
lidar,1787202920852343905
lidar,1787202920952305194
lidar,1787202921052306033
lidar,1787202921151963497
lidar,1787202921251782037
lidar,1787202921351895559
lidar,1787202921451549776
lidar,1787202921551344460
lidar,1787202921650887113
lidar,1787202921750693022
lidar,1787202921850198736
lidar,1787202921950445291
lidar,1787202922050586457
lidar,1787202922150978587
lidar,1787202922249065374
lidar,1787202922350612794
lidar,1787202922449876673
lidar,1787202922549511009
lidar,1787202922648739844
lidar,1787202922748457778
lidar,1787202922848254793
lidar,1787202922948273571
lidar,1787202923048294906
lidar,1787202923148368504
lidar,1787202923248350785
lidar,1787202923348335321
lidar,1787202923449826028
lidar,1787202923547327576
lidar,1787202923647380110
lidar,1787202923746932893
lidar,1787202923846946962
lidar,1787202923946997880
lidar,1787202924046935472
lidar,1787202924146335508
lidar,1787202924246044508
lidar,1787202924345702654
lidar,1787202924445500228
lidar,1787202924545367152
lidar,1787202924645548725
lidar,1787202924745309849
lidar,1787202924845139586
lidar,1787202924944996038
lidar,1787202925044930390
lidar,1787202925144559991
lidar,1787202925243965544
lidar,1787202925343657398
lidar,1787202925443649273
lidar,1787202925543232181
lidar,1787202925643571726
lidar,1787202925743608673
lidar,1787202925843638545
lidar,1787202925943796758
lidar,1787202926044357915
lidar,1787202926147453364
lidar,1787202926245091224
lidar,1787202926345628426
lidar,1787202926445878721
lidar,1787202926546226305
lidar,1787202926646079245
lidar,1787202926747821821
lidar,1787202926846857207
lidar,1787202926946142589
lidar,1787202927046237775
lidar,1787202927145744605
lidar,1787202927246804138
lidar,1787202927348290358
lidar,1787202927445534166
lidar,1787202927545781977
lidar,1787202927647712728
lidar,1787202927744736506
lidar,1787202927844599861
lidar,1787202927944065779
lidar,1787202928043889996
lidar,1787202928143776132
lidar,1787202928244127083
lidar,1787202928343380823
lidar,1787202928443478868
lidar,1787202928543154260
lidar,1787202928642876263
lidar,1787202928742488066
lidar,1787202928842513046
lidar,1787202928942562896
lidar,1787202929042485807
lidar,1787202929142203330
lidar,1787202929241905372
lidar,1787202929341854954
lidar,1787202929441946886
lidar,1787202929541804113
lidar,1787202929641287806
lidar,1787202929741316805
lidar,1787202929843091093
lidar,1787202929941360240
lidar,1787202930042503027
lidar,1787202930141304452
lidar,1787202930242851582
lidar,1787202930342956854
lidar,1787202930441736410
lidar,1787202930540917597
lidar,1787202930640708159
lidar,1787202930740765331
lidar,1787202930841042599
lidar,1787202930940977816
lidar,1787202931040728719
lidar,1787202931140935580
lidar,1787202931240429629
lidar,1787202931341962844
lidar,1787202931442038141
lidar,1787202931540346179
lidar,1787202931641737815
lidar,1787202931739885471
lidar,1787202931839780660
lidar,1787202931939754481
lidar,1787202932039726249
lidar,1787202932140700731
lidar,1787202932239487103
lidar,1787202932338935095
lidar,1787202932438790391
lidar,1787202932538597126
lidar,1787202932638364356
lidar,1787202932737950058
lidar,1787202932838011915
lidar,1787202932937277541
lidar,1787202933037146806
lidar,1787202933136866047
lidar,1787202933237764231
lidar,1787202933339981016
lidar,1787202933437081727
lidar,1787202933536719268
lidar,1787202933637140800
lidar,1787202933738205433
lidar,1787202933838457735
lidar,1787202933938589816
lidar,1787202934042430940
lidar,1787202934139728904
lidar,1787202934240198358
lidar,1787202934340623688
lidar,1787202934441463255
lidar,1787202934543509192
lidar,1787202934640322434
lidar,1787202934741364989
lidar,1787202934842394675
lidar,1787202934941170931
lidar,1787202935040373981
lidar,1787202935139302509
lidar,1787202935238843399
lidar,1787202935339217157
lidar,1787202935438089198
lidar,1787202935537843165
lidar,1787202935637596087
lidar,1787202935737873404
lidar,1787202935840216597
lidar,1787202935939064931
lidar,1787202936037194222
lidar,1787202936137724078
lidar,1787202936237996779
lidar,1787202936336494422
lidar,1787202936436163528
lidar,1787202936536467567
lidar,1787202936639994967
lidar,1787202936736818209
lidar,1787202936836213019
lidar,1787202936936189985
lidar,1787202937036109920
lidar,1787202937135612836
lidar,1787202937235579174
lidar,1787202937337775238
lidar,1787202937436405040
lidar,1787202937537548966
lidar,1787202937637809574
lidar,1787202937735738144
lidar,1787202937837251767
lidar,1787202937936631786
lidar,1787202938033695017
lidar,1787202938137185602
lidar,1787202938233576394
lidar,1787202938333228994
lidar,1787202938435157472
lidar,1787202938533006136
lidar,1787202938633688626
lidar,1787202938735693741
lidar,1787202938838294335
lidar,1787202938936007076
lidar,1787202939033155260
lidar,1787202939132263294
lidar,1787202939231961860
lidar,1787202939332193178
lidar,1787202939432000551
lidar,1787202939535253923
lidar,1787202939636025209
lidar,1787202939731677802
lidar,1787202939836462805
lidar,1787202939937326116
lidar,1787202940038410999
lidar,1787202940133791690
lidar,1787202940234204617
lidar,1787202940337470659
lidar,1787202940436130052
lidar,1787202940536971257
lidar,1787202940634410661
lidar,1787202940734686939
lidar,1787202940834332469
lidar,1787202940934403998
lidar,1787202941036047499
lidar,1787202941135575601
lidar,1787202941238507311
lidar,1787202941336250081
lidar,1787202941436333104
lidar,1787202941534406472
lidar,1787202941636905355
lidar,1787202941737558869
lidar,1787202941837982475
lidar,1787202941934986568
lidar,1787202942032620878
lidar,1787202942132492055
lidar,1787202942232277937
lidar,1787202942332131064
lidar,1787202942434217671
lidar,1787202942531769650
lidar,1787202942637979852
lidar,1787202942731308345
lidar,1787202942832874888
lidar,1787202942935390264
lidar,1787202943033304657
lidar,1787202943133671756
lidar,1787202943229855755
lidar,1787202943329819737
lidar,1787202943429467795
lidar,1787202943529272131
lidar,1787202943629073883
lidar,1787202943728856850
lidar,1787202943828966898
lidar,1787202943930989563
lidar,1787202944028690188
lidar,1787202944128787824
lidar,1787202944228512638
lidar,1787202944328032639
lidar,1787202944427912115
lidar,1787202944527842454
lidar,1787202944627320458
lidar,1787202944726937083
lidar,1787202944830129396
lidar,1787202944927367249
lidar,1787202945026978566
lidar,1787202945126504835
lidar,1787202945226169691
lidar,1787202945325783395
lidar,1787202945425529774
lidar,1787202945525710032
lidar,1787202945626515526
lidar,1787202945726666553
lidar,1787202945827742098
lidar,1787202945928306256
lidar,1787202946027709908
lidar,1787202946128075473
lidar,1787202946228578523
lidar,1787202946328563022
lidar,1787202946428409024
lidar,1787202946528626567
lidar,1787202946628053567
lidar,1787202946727982083
lidar,1787202946827154494
lidar,1787202946926379948
lidar,1787202947026304797
lidar,1787202947125192156
lidar,1787202947224295605
lidar,1787202947323295710
lidar,1787202947422873073
lidar,1787202947522781687
lidar,1787202947622354176
lidar,1787202947722345645
lidar,1787202947822210626
lidar,1787202947923819975
lidar,1787202948021703026
lidar,1787202948121643515
lidar,1787202948220694086
lidar,1787202948321196717
lidar,1787202948420581322
lidar,1787202948520256604
lidar,1787202948620756310
lidar,1787202948720057133
lidar,1787202948820030281
lidar,1787202948921615556
lidar,1787202949019679234
lidar,1787202949119482253
lidar,1787202949218910493
lidar,1787202949319026363
lidar,1787202949419289142
lidar,1787202949519751789
lidar,1787202949619657325
lidar,1787202949720345291
lidar,1787202949821275503
lidar,1787202949921606058
lidar,1787202950021745121
lidar,1787202950121893045
lidar,1787202950223457720
lidar,1787202950321589266
lidar,1787202950421642905
lidar,1787202950521358486
lidar,1787202950621424865
lidar,1787202950720700080
lidar,1787202950820187192
lidar,1787202950919911306
lidar,1787202951020009909
lidar,1787202951121487155
lidar,1787202951219688828
lidar,1787202951319835091
lidar,1787202951419345926
lidar,1787202951519434914
lidar,1787202951619194184
lidar,1787202951719108646
lidar,1787202951818963305
lidar,1787202951918787837
lidar,1787202952019513922
lidar,1787202952118376629
lidar,1787202952219818778
lidar,1787202952317881731
lidar,1787202952417834663
lidar,1787202952517145659
lidar,1787202952617470048
lidar,1787202952717629808
lidar,1787202952817293718
lidar,1787202952916762964
lidar,1787202953016400592
lidar,1787202953116342674
lidar,1787202953217404422
lidar,1787202953317615429
lidar,1787202953418124051
lidar,1787202953518322582
lidar,1787202953618914103
lidar,1787202953719603184
lidar,1787202953820437042
lidar,1787202953920733490
lidar,1787202954022910438
lidar,1787202954121201296
lidar,1787202954221431465
lidar,1787202954321807785
lidar,1787202954421370627
lidar,1787202954520736402
lidar,1787202954620594694
lidar,1787202954720371011
lidar,1787202954819991713
lidar,1787202954919900044
lidar,1787202955019815480
lidar,1787202955119682491
lidar,1787202955219685256
lidar,1787202955319493638
lidar,1787202955419443079
lidar,1787202955519401118
lidar,1787202955619259038
lidar,1787202955719045422
lidar,1787202955818672420
lidar,1787202955920010651
lidar,1787202956018516142
lidar,1787202956118513659
lidar,1787202956219572715
lidar,1787202956320288235
lidar,1787202956418356099
lidar,1787202956518168825
lidar,1787202956618383532
lidar,1787202956717950209
lidar,1787202956817864267
lidar,1787202956917367559
lidar,1787202957017813878
lidar,1787202957117304425
lidar,1787202957217273016
lidar,1787202957316822294
lidar,1787202957416328962
lidar,1787202957516583894
lidar,1787202957617564974
lidar,1787202957716151114
lidar,1787202957815946948
lidar,1787202957915877492
lidar,1787202958015513488
lidar,1787202958115504691
lidar,1787202958216153671
lidar,1787202958316090335
lidar,1787202958416134863
lidar,1787202958516913889
lidar,1787202958617034895
lidar,1787202958717441657
lidar,1787202958817433431
lidar,1787202958917248749
lidar,1787202959017030519
lidar,1787202959117223853
lidar,1787202959217108741
lidar,1787202959317406965
lidar,1787202959416960152
lidar,1787202959516266640
lidar,1787202959616191326
lidar,1787202959715961666
lidar,1787202959815601521
lidar,1787202959915232243
lidar,1787202960015192016
lidar,1787202960114894024
lidar,1787202960214331876
lidar,1787202960314212850
lidar,1787202960417083271
lidar,1787202960513691972
lidar,1787202960613605392
lidar,1787202960713501505
lidar,1787202960813557157
lidar,1787202960913189885
lidar,1787202961013394915
lidar,1787202961113287205
lidar,1787202961213296012
lidar,1787202961313452185
lidar,1787202961413427017
lidar,1787202961513526868
lidar,1787202961613767918
lidar,1787202961713320860
lidar,1787202961813238577
lidar,1787202961913099396
lidar,1787202962012816542
lidar,1787202962112678457
lidar,1787202962212318152
lidar,1787202962311409095
lidar,1787202962410608863
lidar,1787202962510118036
lidar,1787202962608990800
lidar,1787202962708038873
lidar,1787202962807105673
lidar,1787202962906443319
lidar,1787202963006237149
lidar,1787202963106027271
lidar,1787202963206184306
lidar,1787202963305991167
lidar,1787202963405661641
lidar,1787202963505439751
lidar,1787202963605082507
lidar,1787202963705227875
lidar,1787202963804837914
lidar,1787202963904571156
lidar,1787202964004837197
lidar,1787202964104429469
lidar,1787202964205263101
lidar,1787202964304718121
lidar,1787202964404631947
lidar,1787202964504193136
lidar,1787202964604241870
lidar,1787202964704203193
lidar,1787202964804318700
lidar,1787202964904291936
lidar,1787202965004465593
lidar,1787202965104933426
lidar,1787202965204684357
lidar,1787202965304112817
lidar,1787202965946322962
lidar,1787202965946602961
lidar,1787202965946785645
lidar,1787202965946961074
lidar,1787202965947135866
lidar,1787202966003142896
lidar,1787202966102777835
lidar,1787202966201857859
lidar,1787202966300925587
lidar,1787202966399888727
lidar,1787202966499392655
lidar,1787202966599126891
lidar,1787202966698433981
lidar,1787202966798625465
lidar,1787202966898622031
lidar,1787202966998861722
lidar,1787202967099299292
lidar,1787202967198406636
lidar,1787202967300058067
lidar,1787202967397722121
lidar,1787202967497867732
lidar,1787202967597709777
lidar,1787202967697719981
lidar,1787202967797225552
lidar,1787202967897215240
lidar,1787202967996947726
lidar,1787202968096860350
lidar,1787202968199952228
lidar,1787202968296372592
lidar,1787202968396520174
lidar,1787202968496114771
lidar,1787202968596269524
lidar,1787202968697089770
lidar,1787202968796415226
lidar,1787202968896681065
lidar,1787202968996252390
lidar,1787202969095793209
lidar,1787202969195818861
lidar,1787202969295160005
lidar,1787202969395123913
lidar,1787202969494821217
lidar,1787202969594988260
lidar,1787202969695079968
lidar,1787202969795434482
lidar,1787202969895470376
lidar,1787202969995395489
lidar,1787202970095353670
lidar,1787202970195159616
lidar,1787202970295284056
lidar,1787202970395221163
lidar,1787202970495062757
lidar,1787202970594773478
lidar,1787202970694587075
lidar,1787202970794395907
lidar,1787202970894150850
lidar,1787202970993574197
lidar,1787202971093506606
lidar,1787202971193402985
lidar,1787202971293300351
lidar,1787202971392918536
lidar,1787202971492894785
lidar,1787202971592708116
lidar,1787202971692513738
lidar,1787202971792317700
lidar,1787202971892095700
lidar,1787202971992158545
lidar,1787202972092120836
lidar,1787202972192574125
lidar,1787202972291655471
lidar,1787202972391103148
lidar,1787202972491336742
lidar,1787202972591453503
lidar,1787202972691118859
lidar,1787202972791013190
lidar,1787202972891260216
lidar,1787202972990879424
lidar,1787202973090761807
lidar,1787202973190651624
lidar,1787202973290591867
lidar,1787202973390312178
lidar,1787202973490124383
lidar,1787202973591930747
lidar,1787202973691609022
lidar,1787202973790492644
lidar,1787202973890520674
lidar,1787202973990542592
lidar,1787202974090395734
lidar,1787202974190506974
lidar,1787202974290690633
lidar,1787202974389942215
lidar,1787202974490040178
lidar,1787202974589909490
lidar,1787202974689296852
lidar,1787202974789178986
lidar,1787202974889603649
lidar,1787202974989066291
lidar,1787202975088589879
lidar,1787202975188257544
lidar,1787202975288412382
lidar,1787202975387617675
lidar,1787202975487297453
lidar,1787202975587488657
lidar,1787202975687024416
lidar,1787202975787765493
lidar,1787202975887351489
lidar,1787202975987050995
lidar,1787202976087312329
lidar,1787202976187170699
lidar,1787202976288918765
lidar,1787202976387129441
lidar,1787202976486613500
lidar,1787202976586237160
lidar,1787202976686205810
lidar,1787202976786122810
lidar,1787202976885682516
lidar,1787202976985982240
lidar,1787202977085366365
lidar,1787202977185330390
lidar,1787202977285932449
lidar,1787202977387055721
lidar,1787202977487213936
lidar,1787202977587920762
lidar,1787202977688066861
lidar,1787202977788645001
lidar,1787202977889532904
lidar,1787202977988737741
lidar,1787202978088676905
lidar,1787202978188487941
lidar,1787202978288431714
lidar,1787202978388332508
lidar,1787202978487931761
lidar,1787202978587695632
lidar,1787202978687446480
lidar,1787202978787480367
lidar,1787202978887765523
lidar,1787202978988171254
lidar,1787202979088140109
lidar,1787202979188008862
lidar,1787202979287516276
lidar,1787202979387260958
lidar,1787202979487286398
lidar,1787202979587495275
lidar,1787202979687518486
lidar,1787202979786731807
lidar,1787202979886452251
lidar,1787202979986286060
lidar,1787202980086387305
lidar,1787202980187492147
lidar,1787202980285987447
lidar,1787202980385881873
lidar,1787202980487114408
lidar,1787202980585693343
lidar,1787202980685424577
lidar,1787202980785131133
lidar,1787202980885255844
lidar,1787202980985038582
lidar,1787202981084783697
lidar,1787202981184494592
lidar,1787202981284108673
lidar,1787202981384154385
lidar,1787202981484028902
lidar,1787202981584076209
lidar,1787202981684197755
lidar,1787202981786412722
lidar,1787202981884057525
lidar,1787202981984340792
lidar,1787202982084310518
lidar,1787202982183748660
lidar,1787202982283598906
lidar,1787202982383116272
lidar,1787202982482954687
lidar,1787202982582181148
lidar,1787202982681311203
lidar,1787202982780621290
lidar,1787202982879661604
lidar,1787202982979245503
lidar,1787202983078213831
lidar,1787202983176892750
lidar,1787202983276113191
lidar,1787202983375899057
lidar,1787202983475542730
lidar,1787202983575418762
lidar,1787202983674954911
lidar,1787202983774742593
lidar,1787202983874704857
lidar,1787202983974341870
lidar,1787202984074139181
lidar,1787202984174228211
lidar,1787202984275923095
lidar,1787202984374050092
lidar,1787202984473023181
lidar,1787202984576117784
lidar,1787202984674709383
lidar,1787202984772931632
lidar,1787202984872779689
lidar,1787202984972478358
lidar,1787202985072957384
lidar,1787202985172414006
lidar,1787202985271838433
lidar,1787202985372937213
lidar,1787202985471914141
lidar,1787202985572896290
lidar,1787202985671686229
lidar,1787202985771536033
lidar,1787202985871490425
lidar,1787202985970904145
lidar,1787202986071494153
lidar,1787202986170661511
lidar,1787202986270417141
lidar,1787202986370381255
lidar,1787202986470302762
lidar,1787202986569672967
lidar,1787202986670894199
lidar,1787202986770019939
lidar,1787202986871195474
lidar,1787202986972698991
lidar,1787202987074795166
lidar,1787202987171579865
lidar,1787202987272920753
lidar,1787202987373380372
lidar,1787202987473244209
lidar,1787202987576381665
lidar,1787202987671857124
lidar,1787202987771226034
lidar,1787202987871103769
lidar,1787202987970877539
lidar,1787202988070399784
lidar,1787202988170010024
lidar,1787202988269710688
lidar,1787202988371851590
lidar,1787202988469642059
lidar,1787202988569988841
lidar,1787202988669825850
lidar,1787202988769755568
lidar,1787202988869775467
lidar,1787202988970008331
lidar,1787202989069872533
lidar,1787202989170391598
lidar,1787202989269903428
lidar,1787202989370026706
lidar,1787202989469896295
lidar,1787202989570333126
lidar,1787202989670024683
lidar,1787202989769342266
lidar,1787202989868838662
lidar,1787202989968397879
lidar,1787202990068277633
lidar,1787202990166675627
lidar,1787202990265911146
lidar,1787202990365166030
lidar,1787202990464426566
lidar,1787202990563614877
lidar,1787202990663998611
lidar,1787202990762963762
lidar,1787202990862793641
lidar,1787202990962502451
lidar,1787202991062154387
lidar,1787202991162499461
lidar,1787202991262011234
lidar,1787202991367792379
lidar,1787202991460935268
lidar,1787202991560433967
lidar,1787202991660227391
lidar,1787202991759983258
lidar,1787202991860050337
lidar,1787202991960463576
lidar,1787202992060823338
lidar,1787202992161288352
lidar,1787202992263109425
lidar,1787202992362413500
lidar,1787202992462554801
lidar,1787202992562671584
lidar,1787202992663016205
lidar,1787202992764111614
lidar,1787202992862778061
lidar,1787202992964829180
lidar,1787202993062638595
lidar,1787202993162569552
lidar,1787202993262250341
lidar,1787202993361998443
lidar,1787202993462421595
lidar,1787202993562018109
lidar,1787202993664464489
lidar,1787202993761617194
lidar,1787202993862057926
lidar,1787202993961448772
lidar,1787202994062018845
lidar,1787202994161084403
lidar,1787202994260986207
lidar,1787202994361199985
lidar,1787202994460507465
lidar,1787202994560996919
lidar,1787202994664318864
lidar,1787202994760820662
lidar,1787202994860115017
lidar,1787202994959626044
lidar,1787202995061720987
lidar,1787202995159304139
lidar,1787202995259105400
lidar,1787202995359690556
lidar,1787202995458944750
lidar,1787202995558856877
lidar,1787202995658828987
lidar,1787202995758507896
lidar,1787202995858639498
lidar,1787202995958956142
lidar,1787202996058427710
lidar,1787202996158376785
lidar,1787202996258677705
lidar,1787202996359240398
lidar,1787202996458278039
lidar,1787202996558181393
lidar,1787202996657876310
lidar,1787202996758077674
lidar,1787202996857468701
lidar,1787202996956982630
lidar,1787202997057573112
lidar,1787202997158236959
lidar,1787202997258588004
lidar,1787202997358605613
lidar,1787202997458489174
lidar,1787202997558801724
lidar,1787202997659136413
lidar,1787202997759224927
lidar,1787202997859021646
lidar,1787202997958668200
lidar,1787202998058720279
lidar,1787202998158921129
lidar,1787202998258014009
lidar,1787202998358197219
lidar,1787202998458241766
lidar,1787202998558203428
lidar,1787202998657953908
lidar,1787202998757366835
lidar,1787202998858072866
lidar,1787202998957429714
lidar,1787202999056773260
lidar,1787202999156394281
lidar,1787202999255728383
lidar,1787202999356849300
lidar,1787202999455588835
lidar,1787202999555815086
lidar,1787202999656447599
lidar,1787202999754870751
lidar,1787202999854742739
lidar,1787202999954975019
lidar,1787203000054773941
lidar,1787203000154445825
lidar,1787203000254544646
lidar,1787203000354678660
lidar,1787203000455219826
lidar,1787203000554309537
lidar,1787203000654504478
lidar,1787203000753811415
lidar,1787203000853471528
lidar,1787203000953414366
lidar,1787203001053431024
lidar,1787203001153259417
lidar,1787203001253025092
lidar,1787203001353132816
lidar,1787203001453065741
lidar,1787203001553091526
lidar,1787203001652995622
lidar,1787203001753139646
lidar,1787203001853095970
lidar,1787203001952641494
lidar,1787203002052502527
lidar,1787203002152308783
lidar,1787203002252460028
lidar,1787203002351917728
lidar,1787203002451426373
lidar,1787203002551379195
lidar,1787203002651998806
lidar,1787203002752080098
lidar,1787203002852559084
lidar,1787203002953033594
lidar,1787203003053865106
lidar,1787203003153768085
lidar,1787203003254066933
lidar,1787203003354235220
lidar,1787203003454021599
lidar,1787203003553713682
lidar,1787203003653632278
lidar,1787203003753494248
lidar,1787203003853336671
lidar,1787203003953192537
lidar,1787203004053388957
lidar,1787203004153207595
lidar,1787203004253088709
lidar,1787203004352857662
lidar,1787203004452897322
lidar,1787203004552334945
lidar,1787203004653594755
lidar,1787203004751876385
lidar,1787203004852061777
lidar,1787203004951404940
lidar,1787203005051286129
lidar,1787203005150983012
lidar,1787203005250557500
lidar,1787203005350261664
lidar,1787203005451407418
lidar,1787203005550035087
lidar,1787203005649576325
lidar,1787203005749091249
lidar,1787203005848992830
lidar,1787203005948989648
lidar,1787203006048793686
lidar,1787203006148717152
lidar,1787203006248460477
lidar,1787203006348306842
lidar,1787203006448452220
lidar,1787203006549096765
lidar,1787203006649560110
lidar,1787203006750042674
lidar,1787203006850369999
lidar,1787203006950927974
lidar,1787203007051297784
lidar,1787203007151314812
lidar,1787203007251468211
lidar,1787203007351707236
lidar,1787203007452102462
lidar,1787203007551385864
lidar,1787203007651242189
lidar,1787203007752069276
lidar,1787203007851018322
lidar,1787203007950744876
lidar,1787203008050431398
lidar,1787203008150191283
lidar,1787203008249809933
lidar,1787203008349763570
lidar,1787203008449940638
lidar,1787203008549526091
lidar,1787203008649675422
lidar,1787203008749667507
lidar,1787203008848954068
lidar,1787203008948747335
lidar,1787203009048465081
lidar,1787203009148781028
lidar,1787203009248123875
lidar,1787203009348175731
lidar,1787203009448123009
lidar,1787203009547892572
lidar,1787203009647483347
lidar,1787203009747453968
lidar,1787203009847854327
lidar,1787203009948157947
lidar,1787203010048216063
lidar,1787203010147151172
lidar,1787203010247609227
lidar,1787203010347120166
lidar,1787203010446412158
lidar,1787203010546290321
lidar,1787203010646168675
lidar,1787203010746023321
lidar,1787203010845630807
lidar,1787203010945782425
lidar,1787203011045580763
lidar,1787203011145664280
lidar,1787203011245785650
lidar,1787203011345689162
lidar,1787203011445777782
lidar,1787203011546239892
lidar,1787203011645908708
lidar,1787203011745871232
lidar,1787203011845021522
lidar,1787203011944599361
lidar,1787203012045632714
lidar,1787203012144602136
lidar,1787203012244259909
lidar,1787203012343906958
lidar,1787203012443686479
lidar,1787203012543477395
lidar,1787203012643272343
lidar,1787203012743543212
lidar,1787203012845941971
lidar,1787203012943457947
lidar,1787203013043560259
lidar,1787203013143255174
lidar,1787203013243432971
lidar,1787203013343215147
lidar,1787203013442917399
lidar,1787203013543204006
lidar,1787203013643178570
lidar,1787203013743181391
lidar,1787203013842973552
lidar,1787203013942691583
lidar,1787203014043072838
lidar,1787203014142149887
lidar,1787203014242065810
lidar,1787203014341505092
lidar,1787203014441413620
lidar,1787203014541196903
lidar,1787203014640951459
lidar,1787203014743127409
lidar,1787203014840583985
lidar,1787203014940383116
lidar,1787203015040331379
lidar,1787203015139608144
lidar,1787203015239316972
lidar,1787203015339100115
lidar,1787203015438887023
lidar,1787203015538711784
lidar,1787203015638255887
lidar,1787203015738433716
lidar,1787203015838111806
lidar,1787203015938086328
lidar,1787203016037949101
lidar,1787203016137871980
lidar,1787203016237408641
lidar,1787203016337523552
lidar,1787203016437205560
lidar,1787203016538117633
lidar,1787203016637470177
lidar,1787203016738758915
lidar,1787203016839401935
lidar,1787203016936493770
lidar,1787203017036520691
lidar,1787203017136333934
lidar,1787203017236465844
lidar,1787203017336530518
lidar,1787203017436634648
lidar,1787203017536739907
lidar,1787203017636479803
lidar,1787203017737530912
lidar,1787203017836511416
lidar,1787203017936423133
lidar,1787203018036452809
lidar,1787203018136086983
lidar,1787203018235593598
lidar,1787203018335434420
lidar,1787203018435216606
lidar,1787203018534924216
lidar,1787203018634715606
lidar,1787203018734716872
lidar,1787203018834319695
lidar,1787203018934055269
lidar,1787203019033786299
lidar,1787203019133432196
lidar,1787203019233102882
lidar,1787203019333050979
lidar,1787203019433002834
lidar,1787203019532943839
lidar,1787203019632939068
lidar,1787203019733123115
lidar,1787203019832615363
lidar,1787203019932510386
lidar,1787203020033080904
lidar,1787203020132791398
lidar,1787203020232453817
lidar,1787203020332824668
lidar,1787203020432752941
lidar,1787203020532335340
lidar,1787203020631872108
lidar,1787203020731853499
lidar,1787203020832995515
lidar,1787203020931412071
lidar,1787203021031045219
lidar,1787203021131168050
lidar,1787203021230765145
lidar,1787203021330416284
lidar,1787203021429985172
lidar,1787203021530225425
lidar,1787203021630473956
lidar,1787203021730180014
lidar,1787203021830116604
lidar,1787203021930013321
lidar,1787203022029708950
lidar,1787203022129534148
lidar,1787203022229312780
lidar,1787203022329014644
lidar,1787203022428814166
lidar,1787203022529238702
lidar,1787203022628701002
lidar,1787203022728294027
lidar,1787203022828066928
lidar,1787203022927866903
lidar,1787203023027779686
lidar,1787203023128353631
lidar,1787203023228009559
lidar,1787203023327446804
lidar,1787203023427333638
lidar,1787203023527375954
lidar,1787203023627475078
lidar,1787203023728270526
lidar,1787203023827493374
lidar,1787203023927891020
lidar,1787203024027430689
lidar,1787203024126811855
lidar,1787203024226253173
lidar,1787203024325638711
lidar,1787203024425184432
lidar,1787203024525053544
lidar,1787203024624663256
lidar,1787203024724418329
lidar,1787203024826732131
lidar,1787203024924053552
lidar,1787203025023780154
lidar,1787203025124059429
lidar,1787203025223891100
lidar,1787203025323801197
lidar,1787203025423758939
lidar,1787203025523845087
lidar,1787203025624112335
lidar,1787203025724254519
lidar,1787203025824332079
lidar,1787203025924794360
lidar,1787203026024192845
lidar,1787203026123823508
lidar,1787203026223496939
lidar,1787203026323048162
lidar,1787203026422881287
lidar,1787203026522693247
lidar,1787203026622922529
lidar,1787203026722690784
lidar,1787203026822510886
lidar,1787203026922365997
lidar,1787203027022213119
lidar,1787203027122056390
lidar,1787203027222763459
lidar,1787203027321151061
lidar,1787203027421069490
lidar,1787203027520611648
lidar,1787203027620498322
lidar,1787203027720399565
lidar,1787203027819773910
lidar,1787203027920500488
lidar,1787203028020602553
lidar,1787203028121242638
lidar,1787203028222105555
lidar,1787203028321538524
lidar,1787203028422296375
lidar,1787203028523087335
lidar,1787203028623071685
lidar,1787203028722970651
lidar,1787203028823003529
lidar,1787203028923100914
lidar,1787203029025024767
lidar,1787203029122849602
lidar,1787203029222433739
lidar,1787203029322325937
lidar,1787203029422047459
lidar,1787203029522312268
lidar,1787203029621668120
lidar,1787203029721996328
lidar,1787203029821843372
lidar,1787203029921448710
lidar,1787203030021484206
lidar,1787203030121506829
lidar,1787203030221773308
lidar,1787203030321463997
lidar,1787203030420666560
lidar,1787203030520498393
lidar,1787203030620350354
lidar,1787203030720305731
lidar,1787203030820532960
lidar,1787203030922377481
lidar,1787203031020385802
lidar,1787203031120457956
lidar,1787203031220342948
lidar,1787203031320032245
lidar,1787203031420091332
lidar,1787203031519980474
lidar,1787203031620445129
lidar,1787203031720465348
lidar,1787203031819837475
lidar,1787203031919636135
lidar,1787203032019154335
lidar,1787203032119330924
lidar,1787203032219100324
lidar,1787203032319261669
lidar,1787203032418980873
lidar,1787203032518787981
lidar,1787203032618931598
lidar,1787203032718972390
lidar,1787203032818820603
lidar,1787203032918205563
lidar,1787203033018755082
lidar,1787203033120648253
lidar,1787203033218190726
lidar,1787203033318039476
lidar,1787203033417826570
lidar,1787203033517900351
lidar,1787203033618147945
lidar,1787203033718215040
lidar,1787203033817358797
lidar,1787203033916948563
lidar,1787203034016959056
lidar,1787203034117467839
lidar,1787203034216541399
lidar,1787203034316779693
lidar,1787203034416323989
lidar,1787203034515917348
lidar,1787203034615848644
lidar,1787203034715317010
lidar,1787203034815535174
lidar,1787203034914906354
lidar,1787203035014584186
lidar,1787203035114475123
lidar,1787203035214344140
lidar,1787203035314584748
lidar,1787203035413956136
lidar,1787203035513765289
lidar,1787203035613814384
lidar,1787203035715190683
lidar,1787203035813532125
lidar,1787203035914391763
lidar,1787203036016829182
lidar,1787203036120255942
lidar,1787203036216306659
lidar,1787203036313402785
lidar,1787203036412718625
lidar,1787203036512596512
lidar,1787203036612381504
lidar,1787203036712169351
lidar,1787203036816276651
lidar,1787203036911761373
lidar,1787203037012404220
lidar,1787203037111285155
lidar,1787203037211703293
lidar,1787203037310741757
lidar,1787203037410652296
lidar,1787203037510642620
lidar,1787203037610390123
lidar,1787203037710550681
lidar,1787203037811120109
lidar,1787203037911319742
lidar,1787203038011557272
lidar,1787203038112650131
lidar,1787203038212824670
lidar,1787203038315481417
lidar,1787203038413189095
lidar,1787203038513128698
lidar,1787203038613085441
lidar,1787203038713444562
lidar,1787203038812830469
lidar,1787203038912557461
lidar,1787203039012324531
lidar,1787203039112414634
lidar,1787203039212400089
lidar,1787203039313393594
lidar,1787203039411635295
lidar,1787203039998295293
lidar,1787203039998587091
lidar,1787203039998758651
lidar,1787203039998917484
lidar,1787203039999072935
lidar,1787203040006389272
lidar,1787203040105078482
lidar,1787203040734369875
lidar,1787203040734693508
lidar,1787203040734907555
lidar,1787203040735149762
lidar,1787203040735361946
lidar,1787203040801562392
lidar,1787203040911601012
lidar,1787203041001115383
lidar,1787203041100648813
lidar,1787203041200937742
lidar,1787203041300337681
lidar,1787203041400659395
lidar,1787203041500509672
lidar,1787203041601055196
lidar,1787203041701437366
lidar,1787203041802146439
lidar,1787203041902948809
lidar,1787203042003325351
lidar,1787203042103658127
lidar,1787203042203678944
lidar,1787203042303821456
lidar,1787203042403691686
lidar,1787203042503833055
lidar,1787203042603549256
lidar,1787203042703262282
lidar,1787203042803001314
lidar,1787203042903265962
lidar,1787203043002573010
lidar,1787203043102249842
lidar,1787203043202266651
lidar,1787203043301983165
lidar,1787203043402081967
lidar,1787203043501336387
lidar,1787203043601356149
lidar,1787203043701009429
lidar,1787203043801149246
lidar,1787203043900773745
lidar,1787203044000727256
lidar,1787203044101064837
lidar,1787203044201143877
lidar,1787203044301687575
lidar,1787203044402039711
lidar,1787203044504398411
lidar,1787203044603213978
lidar,1787203044703524374
lidar,1787203044803932650
lidar,1787203044903999543
lidar,1787203045003596201
lidar,1787203045103448498
lidar,1787203045204461505
lidar,1787203045303063614
lidar,1787203045402855612
lidar,1787203045503582638
lidar,1787203045607340200
lidar,1787203045702314211
lidar,1787203045802037188
lidar,1787203045901935322
lidar,1787203046005071401
lidar,1787203046101528002
lidar,1787203046201338419
lidar,1787203046301535342
lidar,1787203046401042002
lidar,1787203046501314852
lidar,1787203046600832848
lidar,1787203046700849316
lidar,1787203046801249695
lidar,1787203046901009639
lidar,1787203047000935675
lidar,1787203047100694319
lidar,1787203047203642042
lidar,1787203047300541076
lidar,1787203047400408822
lidar,1787203047500375890
lidar,1787203047600066213
lidar,1787203047700169095
lidar,1787203047800039109
lidar,1787203047899830583
lidar,1787203047999619692
lidar,1787203048099510327
lidar,1787203048199666335
lidar,1787203048299669280
lidar,1787203048401659268
lidar,1787203048499976066
lidar,1787203048599746467
lidar,1787203048699470729
lidar,1787203048799206046
lidar,1787203048898547023
lidar,1787203048998392894
lidar,1787203049098233657
lidar,1787203049198641497
lidar,1787203049300234085
lidar,1787203049397073482
lidar,1787203049497131169
lidar,1787203049597411021
lidar,1787203049697475791
lidar,1787203049796856377
lidar,1787203049896815196
lidar,1787203049996461869
lidar,1787203050096819437
lidar,1787203050196256729
lidar,1787203050296043055
lidar,1787203050395579624
lidar,1787203050495992537
lidar,1787203050595204617
lidar,1787203050694800220
lidar,1787203050794559278
lidar,1787203050894560174
lidar,1787203050994283234
lidar,1787203051094113775
lidar,1787203051193980680
lidar,1787203051294268165
lidar,1787203051396689915
lidar,1787203051495373805
lidar,1787203051595671172
lidar,1787203051696444077
lidar,1787203051796693114
lidar,1787203051896583262
lidar,1787203051997083790
lidar,1787203052096083628
lidar,1787203052195486325
lidar,1787203052295142122
lidar,1787203052394943190
lidar,1787203052494899460
lidar,1787203052594782598
lidar,1787203052694700696
lidar,1787203052794890599
lidar,1787203052894951001
lidar,1787203052994535166
lidar,1787203053094545487
lidar,1787203053194224930
lidar,1787203053294387060
lidar,1787203053396398885
lidar,1787203053493541968
lidar,1787203053593862449
lidar,1787203053693143991
lidar,1787203053793192025
lidar,1787203053892860759
lidar,1787203053992792662
lidar,1787203054092479454
lidar,1787203054192046614
lidar,1787203054291991373
lidar,1787203054391974357
lidar,1787203054491205939
lidar,1787203054591169735
lidar,1787203054691121338
lidar,1787203054790939567
lidar,1787203054891293495
lidar,1787203054990471819
lidar,1787203055090130932
lidar,1787203055189694908
lidar,1787203055289552865
lidar,1787203055389356069
lidar,1787203055489159112
lidar,1787203055589414801
lidar,1787203055689811164
lidar,1787203055790632648
lidar,1787203055890968935
lidar,1787203055991500107
lidar,1787203056093051914
lidar,1787203056192285288
lidar,1787203056292181367
lidar,1787203056394048224
lidar,1787203056492296771
lidar,1787203056599934213
lidar,1787203056693046714
lidar,1787203056791695551
lidar,1787203056892017521
lidar,1787203056991417367
lidar,1787203057091494450
lidar,1787203057191296011
lidar,1787203057290984781
lidar,1787203057390627759
lidar,1787203057492484110
lidar,1787203057590779810
lidar,1787203057690380298
lidar,1787203057790467565
lidar,1787203057890012983
lidar,1787203057990015195
lidar,1787203058089907028
lidar,1787203058190111519
lidar,1787203058289694850
lidar,1787203058389594051
lidar,1787203058489243804
lidar,1787203058589179269
lidar,1787203058688957024
lidar,1787203058788719191
lidar,1787203058888470879
lidar,1787203058988469228
lidar,1787203059088017961
lidar,1787203059187430095
lidar,1787203059287408998
lidar,1787203059387629264
lidar,1787203059487705219
lidar,1787203059588174758
lidar,1787203059688493619
lidar,1787203059789168587
lidar,1787203059889140464
lidar,1787203059989792286
lidar,1787203060089937119
lidar,1787203060189910586
lidar,1787203060291927169
lidar,1787203060390056127
lidar,1787203060490021354
lidar,1787203060590549568
lidar,1787203060690796339
lidar,1787203060791908172
lidar,1787203060889923103
lidar,1787203060989665952
lidar,1787203061089675802
lidar,1787203061189526449
lidar,1787203061289180812
lidar,1787203061388888734
lidar,1787203061489215392
lidar,1787203061589544366
lidar,1787203061690875312
lidar,1787203061789957977
lidar,1787203061889985148
lidar,1787203061989895772
lidar,1787203062089891634
lidar,1787203062189497824
lidar,1787203062289418446
lidar,1787203062388613441
lidar,1787203062488679339
lidar,1787203062587340487
lidar,1787203062686590763
lidar,1787203062785543886
lidar,1787203062885017106
lidar,1787203062984473675
lidar,1787203063084160184
lidar,1787203063183998507
lidar,1787203063283784400
lidar,1787203063383521872
lidar,1787203063483431065
lidar,1787203063583052298
lidar,1787203063682810790
lidar,1787203063782786401
lidar,1787203063883197181
lidar,1787203063983562465
lidar,1787203064083705692
lidar,1787203064184427562
lidar,1787203064285508835
lidar,1787203064387160301
lidar,1787203064485382353
lidar,1787203064585448682
lidar,1787203064685256149
lidar,1787203064785187395
lidar,1787203064885132956
lidar,1787203064984823636
lidar,1787203065084876025
lidar,1787203065184248098
lidar,1787203065283739354
lidar,1787203065383544874
lidar,1787203065483259068
lidar,1787203065582994524
lidar,1787203065684659159
lidar,1787203065782584257
lidar,1787203065882040239
lidar,1787203065981444385
lidar,1787203066081480480
lidar,1787203066181407645
lidar,1787203066280847728
lidar,1787203066381351959
lidar,1787203066481372152
lidar,1787203066582220822
lidar,1787203066682277600
lidar,1787203066782802508
lidar,1787203066883189749
lidar,1787203066983910007
lidar,1787203067084437358
lidar,1787203067184600936
lidar,1787203067284523073
lidar,1787203067384594231
lidar,1787203067484297777
lidar,1787203067584298626
lidar,1787203067684142236
lidar,1787203067784148241
lidar,1787203067883806559
lidar,1787203067984016037
lidar,1787203068084097622
lidar,1787203068183660252
lidar,1787203068283209826
lidar,1787203068383167658
lidar,1787203068482747579
lidar,1787203068582896194
lidar,1787203068682417923
lidar,1787203068782347803
lidar,1787203068882191247
lidar,1787203068981549052
lidar,1787203069080663322
lidar,1787203069180179350
lidar,1787203069279189011
lidar,1787203069378338569
lidar,1787203069478289060
lidar,1787203069578601842
lidar,1787203069678291797
lidar,1787203069776836829
lidar,1787203069876515035
lidar,1787203069976544069
lidar,1787203070076483907
lidar,1787203070176681659
lidar,1787203070276359544
lidar,1787203070376699061
lidar,1787203070476901252
lidar,1787203070575855379
lidar,1787203070675733867
lidar,1787203070775559963
lidar,1787203070875250641
lidar,1787203070974985491
lidar,1787203071074749590
lidar,1787203071174752386
lidar,1787203071274082393
lidar,1787203071374236109
lidar,1787203071473846915
lidar,1787203071577317186
lidar,1787203071674471184
lidar,1787203071774906386
lidar,1787203071875553754
lidar,1787203071976067310
lidar,1787203072077915686
lidar,1787203072177439513
lidar,1787203072277152818
lidar,1787203072377276082
lidar,1787203072477593458
lidar,1787203072578287266
lidar,1787203072677128099
lidar,1787203072777143198
lidar,1787203072876845086
lidar,1787203072976989876
lidar,1787203073076404773
lidar,1787203073176485022
lidar,1787203073276627013
lidar,1787203073377097441
lidar,1787203073476500593
lidar,1787203073576296630
lidar,1787203073676360085
lidar,1787203073776089232
lidar,1787203073876633965
lidar,1787203073975989169
lidar,1787203074074697625
lidar,1787203074173737402
lidar,1787203074272828354
lidar,1787203074371964614
lidar,1787203074471037604
lidar,1787203074569995254
lidar,1787203074669540668
lidar,1787203074768349935
lidar,1787203074868167414
lidar,1787203074969539969
lidar,1787203075067492201
lidar,1787203075167048817
lidar,1787203075266868308
lidar,1787203075366408658
lidar,1787203075466335649
lidar,1787203075566207677
lidar,1787203075665744450
lidar,1787203075765433068
lidar,1787203075865436852
lidar,1787203075965521239
lidar,1787203076065946069
lidar,1787203076166084604
lidar,1787203076267716461
lidar,1787203076367143491
lidar,1787203076467808372
lidar,1787203076568273021
lidar,1787203076667816300
lidar,1787203076767584381
lidar,1787203076867028562
lidar,1787203076967160973
lidar,1787203077066930868
lidar,1787203077166353319
lidar,1787203077265934418
lidar,1787203077365893917
lidar,1787203077465531456
lidar,1787203077565656304
lidar,1787203077665486164
lidar,1787203077767954453
lidar,1787203077865005026
lidar,1787203077964675768
lidar,1787203078064294611
lidar,1787203078164434688
lidar,1787203078264482853
lidar,1787203078364719908
lidar,1787203078465083401
lidar,1787203078565767729
lidar,1787203078666118248
lidar,1787203078766766856
lidar,1787203078868029848
lidar,1787203078967209140
lidar,1787203079067402844
lidar,1787203079168217421
lidar,1787203079267333186
lidar,1787203079368393919
lidar,1787203079467611615
lidar,1787203079567019004
lidar,1787203079666939193
lidar,1787203079767433038
lidar,1787203079867399289
lidar,1787203079966955964
lidar,1787203080067184964
lidar,1787203080166277058
lidar,1787203080266023601
lidar,1787203080364885667
lidar,1787203080464108198
lidar,1787203080563544767
lidar,1787203080661956540
lidar,1787203080764067948
lidar,1787203080860794481
lidar,1787203080960127434
lidar,1787203081060157797
lidar,1787203081159955724
lidar,1787203081259513732
lidar,1787203081359944828
lidar,1787203081459404611
lidar,1787203081558983598
lidar,1787203081659142987
lidar,1787203081758462822
lidar,1787203081857931503
lidar,1787203081957617892
lidar,1787203082057933512
lidar,1787203082157893054
lidar,1787203082257132252
lidar,1787203082357629400
lidar,1787203082457799047
lidar,1787203082558159154
lidar,1787203082658343747
lidar,1787203082758858116
lidar,1787203082859547628
lidar,1787203082959969820
lidar,1787203083060432871
lidar,1787203083160705349
lidar,1787203083260476401
lidar,1787203083360691371
lidar,1787203083460536253
lidar,1787203083560524326
lidar,1787203083660493901
lidar,1787203083760617871
lidar,1787203083860333925
lidar,1787203083959993572
lidar,1787203084060178198
lidar,1787203084160048136
lidar,1787203084259786475
lidar,1787203084359509174
lidar,1787203084459299676
lidar,1787203084558820060
lidar,1787203084658153391
lidar,1787203084758096269
lidar,1787203084857720750
lidar,1787203084955727922
lidar,1787203085054463906
lidar,1787203085153131007
lidar,1787203085252330458
lidar,1787203085351841034
lidar,1787203085451394065
lidar,1787203085551338401
lidar,1787203085652754156
lidar,1787203085751243029
lidar,1787203085851356946
lidar,1787203085951458677
lidar,1787203086051097838
lidar,1787203086150853573
lidar,1787203086250734420
lidar,1787203086350431567
lidar,1787203086449878955
lidar,1787203086549239460
lidar,1787203086649192344
lidar,1787203086748831051
lidar,1787203086848683899
lidar,1787203086948442320
lidar,1787203087050029390
lidar,1787203087148469260
lidar,1787203087248764032
lidar,1787203087349424756
lidar,1787203087449544755
lidar,1787203087549506612
lidar,1787203087649972704
lidar,1787203087750093280
lidar,1787203087849911168
lidar,1787203087949593813
lidar,1787203088049974309
lidar,1787203088149832107
lidar,1787203088249549874
lidar,1787203088350547305
lidar,1787203088451883583
lidar,1787203088549192544
lidar,1787203088649605515
lidar,1787203088748795357
