topic,recv_ns
lidar,1787204118991166582
lidar,1787204119091750756
lidar,1787204119192656960
lidar,1787204119292368722
lidar,1787204119392590945
lidar,1787204119492433139
lidar,1787204119592285821
esp32,1787204119602575491
lidar,1787204119692042693
esp32,1787204119721434001
lidar,1787204119791600765
esp32,1787204119801222912
lidar,1787204119891404453
esp32,1787204119901155442
lidar,1787204119990887379
esp32,1787204120001326648
lidar,1787204120090687902
esp32,1787204120101347679
lidar,1787204120190711977
esp32,1787204120201591578
lidar,1787204120289941450
esp32,1787204120301189294
lidar,1787204120389602402
esp32,1787204120402024527
lidar,1787204120489172496
esp32,1787204120502380144
lidar,1787204120589034025
esp32,1787204120602348384
lidar,1787204120688396530
esp32,1787204120702420248
lidar,1787204120788167016
esp32,1787204120801762788
lidar,1787204120888080088
esp32,1787204120902334854
lidar,1787204120988313730
esp32,1787204121002444143
lidar,1787204121088600378
esp32,1787204121101890600
lidar,1787204121188737347
esp32,1787204121201807819
lidar,1787204121289137122
esp32,1787204121302519420
lidar,1787204121388940712
esp32,1787204121402323142
lidar,1787204121489217782
esp32,1787204121502561457
lidar,1787204121589358838
esp32,1787204121602335258
lidar,1787204121689155153
esp32,1787204121702626996
lidar,1787204121788860697
esp32,1787204121802653142
lidar,1787204121888618619
esp32,1787204121902412831
lidar,1787204121988214580
esp32,1787204122002316550
lidar,1787204122087750050
esp32,1787204122101949692
lidar,1787204122187295177
esp32,1787204122202564495
lidar,1787204122286758866
esp32,1787204122302401712
lidar,1787204122386446171
esp32,1787204122402275959
lidar,1787204122486029552
esp32,1787204122502320327
lidar,1787204122585811923
esp32,1787204122622836310
lidar,1787204122685809954
esp32,1787204122702486221
lidar,1787204122785498885
esp32,1787204122802387145
lidar,1787204122885646898
esp32,1787204122901914065
lidar,1787204122986114705
esp32,1787204123002052714
lidar,1787204123086190829
esp32,1787204123101864281
lidar,1787204123186427870
esp32,1787204123202174491
lidar,1787204123287042134
esp32,1787204123302229614
lidar,1787204123387192460
esp32,1787204123402217442
lidar,1787204123487774178
esp32,1787204123502413686
lidar,1787204123587962073
esp32,1787204123602492232
lidar,1787204123687683483
esp32,1787204123702319441
lidar,1787204123787942564
esp32,1787204123802418198
lidar,1787204123887559865
esp32,1787204123902452866
lidar,1787204123987597235
esp32,1787204124002033871
lidar,1787204124086968865
esp32,1787204124102048992
lidar,1787204124186640033
esp32,1787204124202236646
lidar,1787204124286316321
esp32,1787204124301971486
lidar,1787204124385658304
esp32,1787204124402526618
lidar,1787204124485232654
esp32,1787204124502426340
lidar,1787204124585000414
esp32,1787204124601852861
lidar,1787204124684458795
esp32,1787204124701938242
lidar,1787204124784065804
esp32,1787204124802382104
lidar,1787204124883812506
esp32,1787204124902128577
lidar,1787204124983709142
esp32,1787204125002317644
lidar,1787204125083513844
esp32,1787204125101921416
lidar,1787204125183289151
esp32,1787204125202429415
lidar,1787204125283787696
esp32,1787204125302341482
lidar,1787204125383644697
esp32,1787204125402505300
lidar,1787204125484069430
esp32,1787204125502388316
lidar,1787204125584432932
esp32,1787204125602372432
lidar,1787204125684560248
esp32,1787204125701981893
lidar,1787204125784911602
esp32,1787204125801918483
lidar,1787204125885050630
esp32,1787204125902429523
lidar,1787204125985213119
esp32,1787204126002409786
lidar,1787204126085564610
esp32,1787204126101925555
lidar,1787204126185526168
esp32,1787204126202388117
lidar,1787204126284893735
esp32,1787204126302352364
lidar,1787204126384559143
esp32,1787204126402243950
lidar,1787204126484759311
esp32,1787204126501794529
lidar,1787204126584062156
esp32,1787204126602510316
lidar,1787204126683684886
esp32,1787204126702197105
lidar,1787204126783207845
esp32,1787204126802308718
lidar,1787204126882481575
esp32,1787204126902377227
lidar,1787204126982372696
esp32,1787204127002474695
lidar,1787204127082055437
esp32,1787204127102509200
lidar,1787204127181439872
esp32,1787204127202364020
lidar,1787204127281505701
esp32,1787204127302466964
lidar,1787204127381882132
esp32,1787204127402296917
lidar,1787204127482352646
esp32,1787204127502570807
lidar,1787204127582120546
esp32,1787204127602286988
lidar,1787204127682566662
esp32,1787204127702133458
lidar,1787204127782308534
esp32,1787204127802300831
lidar,1787204127883164902
esp32,1787204127902481632
lidar,1787204127984259488
esp32,1787204128002542110
lidar,1787204128083941789
esp32,1787204128102202778
lidar,1787204128183979282
esp32,1787204128202211171
lidar,1787204128284016686
esp32,1787204128302305901
lidar,1787204128383947234
esp32,1787204128422771296
lidar,1787204128483410165
esp32,1787204128502415689
lidar,1787204128582975187
esp32,1787204128602447860
lidar,1787204128682942294
esp32,1787204128702532987
lidar,1787204128782535544
esp32,1787204128802478343
lidar,1787204128882167313
esp32,1787204128902470914
lidar,1787204128981922876
esp32,1787204129002509368
lidar,1787204129081970392
esp32,1787204129101942134
lidar,1787204129181631815
esp32,1787204129202394779
lidar,1787204129281483735
esp32,1787204129302531491
lidar,1787204129380929887
esp32,1787204129402207092
lidar,1787204129480763076
esp32,1787204129502621968
lidar,1787204129580620071
esp32,1787204129601918181
lidar,1787204129680569145
esp32,1787204129702513939
lidar,1787204129781170129
esp32,1787204129802420215
lidar,1787204129881127962
esp32,1787204129902445284
lidar,1787204129981040119
esp32,1787204130001308494
lidar,1787204130081305246
esp32,1787204130101276723
lidar,1787204130181359968
esp32,1787204130201411067
lidar,1787204130281592891
esp32,1787204130301512151
lidar,1787204130382287691
esp32,1787204130402305214
lidar,1787204130481857315
esp32,1787204130522828712
lidar,1787204130581446646
esp32,1787204130601765105
lidar,1787204130680889742
esp32,1787204130702371678
lidar,1787204130780794899
esp32,1787204130802112233
lidar,1787204130880476505
esp32,1787204130901856486
lidar,1787204130980574010
esp32,1787204131002678255
lidar,1787204131080049063
esp32,1787204131101995603
lidar,1787204131179582056
esp32,1787204131201877225
lidar,1787204131279556905
esp32,1787204131301920375
lidar,1787204131379173465
esp32,1787204131402014037
lidar,1787204131479107883
esp32,1787204131502533621
lidar,1787204131579260409
esp32,1787204131602243519
lidar,1787204131679601880
esp32,1787204131702054957
lidar,1787204131780076126
esp32,1787204131802166083
lidar,1787204131880126917
esp32,1787204131902069855
lidar,1787204131980516407
esp32,1787204132002177342
lidar,1787204132080808271
esp32,1787204132101892107
lidar,1787204132181016883
esp32,1787204132202102546
lidar,1787204132281184168
esp32,1787204132302094986
lidar,1787204132381444953
esp32,1787204132401894033
lidar,1787204132481457294
esp32,1787204132501972528
lidar,1787204132580979665
esp32,1787204132601238976
lidar,1787204132680784212
esp32,1787204132702201754
lidar,1787204132780455171
esp32,1787204132802333087
lidar,1787204132880268213
esp32,1787204132902421765
lidar,1787204132979789000
esp32,1787204133001897326
lidar,1787204133079225264
esp32,1787204133101769527
lidar,1787204133178686973
esp32,1787204133202414825
lidar,1787204133278371139
esp32,1787204133302401137
lidar,1787204133378074054
esp32,1787204133402274841
lidar,1787204133477458970
esp32,1787204133502370265
lidar,1787204133577178820
esp32,1787204133602300623
lidar,1787204133676707338
esp32,1787204133702189525
lidar,1787204133776331491
esp32,1787204133802347912
lidar,1787204133876266570
esp32,1787204133902263900
lidar,1787204133976453015
esp32,1787204134002393064
lidar,1787204134076480187
esp32,1787204134102365141
lidar,1787204134176756271
esp32,1787204134202375174
lidar,1787204134276767498
esp32,1787204134302737931
lidar,1787204134376930451
esp32,1787204134402389205
lidar,1787204134477556022
esp32,1787204134502387450
lidar,1787204134577622628
esp32,1787204134601984610
lidar,1787204134677865261
esp32,1787204134702228912
lidar,1787204134777523715
esp32,1787204134802057419
lidar,1787204134877618188
esp32,1787204134902265203
lidar,1787204134977073816
esp32,1787204135002003290
lidar,1787204135076392146
esp32,1787204135102057043
lidar,1787204135176258348
esp32,1787204135201938883
lidar,1787204135275881076
esp32,1787204135302114135
lidar,1787204135375310993
esp32,1787204135402196440
lidar,1787204135474914257
esp32,1787204135502535621
lidar,1787204135574376207
esp32,1787204135602234986
lidar,1787204135673912512
esp32,1787204135702714037
lidar,1787204135773393989
esp32,1787204135802372118
lidar,1787204135873173980
esp32,1787204135902315371
lidar,1787204135973021307
esp32,1787204136002621921
lidar,1787204136072724097
esp32,1787204136101884512
lidar,1787204136172548769
esp32,1787204136202532051
lidar,1787204136272733461
esp32,1787204136302262674
lidar,1787204136373095514
esp32,1787204136402529330
lidar,1787204136473331382
esp32,1787204136502286110
lidar,1787204136573510150
esp32,1787204136602303651
lidar,1787204136673845219
esp32,1787204136702510026
lidar,1787204136774081685
esp32,1787204136802573848
lidar,1787204136873786825
esp32,1787204136902143625
lidar,1787204136974343232
esp32,1787204137002459041
lidar,1787204137074715059
esp32,1787204137101891093
lidar,1787204137174732501
esp32,1787204137201937142
lidar,1787204137275030169
esp32,1787204137302162491
lidar,1787204137375052268
esp32,1787204137401897359
lidar,1787204137474905282
esp32,1787204137502399989
lidar,1787204137575113344
esp32,1787204137602207512
lidar,1787204137674806747
esp32,1787204137702212574
lidar,1787204137774248042
esp32,1787204137802213103
lidar,1787204137873637603
esp32,1787204137902302664
lidar,1787204137973310310
esp32,1787204138002057232
lidar,1787204138072558343
esp32,1787204138102012944
lidar,1787204138172372871
esp32,1787204138202600812
lidar,1787204138271740778
esp32,1787204138302427255
lidar,1787204138371516466
esp32,1787204138402488767
lidar,1787204138471327962
esp32,1787204138502313546
lidar,1787204138571310888
esp32,1787204138602076305
lidar,1787204138671036880
esp32,1787204138702512387
lidar,1787204138771644409
esp32,1787204138802428380
lidar,1787204138872259091
esp32,1787204138902408688
lidar,1787204138972239715
esp32,1787204139002308243
lidar,1787204139072462744
esp32,1787204139101882741
lidar,1787204139173152985
esp32,1787204139202267317
lidar,1787204139273243586
esp32,1787204139302106251
lidar,1787204139373651410
esp32,1787204139402301332
lidar,1787204139474170196
esp32,1787204139502324501
lidar,1787204139574331267
esp32,1787204139602384595
lidar,1787204139674788195
esp32,1787204139702354987
lidar,1787204139775361095
esp32,1787204139801831743
lidar,1787204139875367513
esp32,1787204139902346989
lidar,1787204139975264012
esp32,1787204140001290356
lidar,1787204140074418906
esp32,1787204140101269177
lidar,1787204140174236906
esp32,1787204140201440088
lidar,1787204140273740769
esp32,1787204140301418929
lidar,1787204140373848204
esp32,1787204140402038193
lidar,1787204140473430719
esp32,1787204140502421150
lidar,1787204140573127733
esp32,1787204140602505173
lidar,1787204140673006696
esp32,1787204140701998511
lidar,1787204140772655766
esp32,1787204140802184721
lidar,1787204140872445314
esp32,1787204140922673210
lidar,1787204140972185849
esp32,1787204141002245101
lidar,1787204141071825339
esp32,1787204141101918377
lidar,1787204141171236514
esp32,1787204141202433002
lidar,1787204141270542301
esp32,1787204141302049322
lidar,1787204141370398222
esp32,1787204141401981976
lidar,1787204141470541634
esp32,1787204141502485219
lidar,1787204141570326240
esp32,1787204141602469508
lidar,1787204141670500551
esp32,1787204141702193425
lidar,1787204141770805318
esp32,1787204141802301076
lidar,1787204141870918467
esp32,1787204141901889106
lidar,1787204141971389681
esp32,1787204142002196995
lidar,1787204142071566376
esp32,1787204142101946379
lidar,1787204142172030442
esp32,1787204142202042602
lidar,1787204142272392504
esp32,1787204142302409074
lidar,1787204142372233844
esp32,1787204142402446351
lidar,1787204142472044458
esp32,1787204142502348100
lidar,1787204142571970588
esp32,1787204142602278342
lidar,1787204142671701283
esp32,1787204142701962826
lidar,1787204142771243070
esp32,1787204142802326131
lidar,1787204142870723206
esp32,1787204142902347901
lidar,1787204142970726210
esp32,1787204143002371517
lidar,1787204143070817828
esp32,1787204143102024728
lidar,1787204143170406089
esp32,1787204143202449295
lidar,1787204143269474735
esp32,1787204143302531212
lidar,1787204143368974745
esp32,1787204143402320005
lidar,1787204143468789869
esp32,1787204143502258424
lidar,1787204143569370415
esp32,1787204143601662715
lidar,1787204143668520407
esp32,1787204143701362463
lidar,1787204143769469742
esp32,1787204143802228222
lidar,1787204143869418511
esp32,1787204143902524838
lidar,1787204143969602848
esp32,1787204144002064009
lidar,1787204144069896106
esp32,1787204144101779445
lidar,1787204144170063550
esp32,1787204144201987330
lidar,1787204144270293108
esp32,1787204144301875225
lidar,1787204144370185246
esp32,1787204144402214943
lidar,1787204144470478022
esp32,1787204144502309660
lidar,1787204144569855600
esp32,1787204144602472013
lidar,1787204144669371812
esp32,1787204144702318368
lidar,1787204144768614715
esp32,1787204144802422774
lidar,1787204144867827814
esp32,1787204144901562328
lidar,1787204144967708371
esp32,1787204145002289464
lidar,1787204145067347146
esp32,1787204145101965139
lidar,1787204145166881163
esp32,1787204145201969396
lidar,1787204145266463502
esp32,1787204145302280413
lidar,1787204145365677535
esp32,1787204145402362804
lidar,1787204145464929831
esp32,1787204145502195115
lidar,1787204145564166269
esp32,1787204145602355233
lidar,1787204145664002259
esp32,1787204145701916265
lidar,1787204145764278938
esp32,1787204145801787855
lidar,1787204145864736712
esp32,1787204145902354522
lidar,1787204145964991912
esp32,1787204146001900389
lidar,1787204146065416394
esp32,1787204146101809132
lidar,1787204146165542025
esp32,1787204146202325287
lidar,1787204146265451418
esp32,1787204146301950724
lidar,1787204146365956530
esp32,1787204146402713937
lidar,1787204146465990647
esp32,1787204146502089510
lidar,1787204146565572133
esp32,1787204146602021854
lidar,1787204146665272097
esp32,1787204146701857159
lidar,1787204146764906105
esp32,1787204146801913259
lidar,1787204146864873496
esp32,1787204146901909026
lidar,1787204146964728918
esp32,1787204147001972210
lidar,1787204147063977356
esp32,1787204147102159030
lidar,1787204147163526827
esp32,1787204147202275563
lidar,1787204147263443801
esp32,1787204147302210851
lidar,1787204147363222330
esp32,1787204147402412717
lidar,1787204147463386973
esp32,1787204147502423008
lidar,1787204147563170723
esp32,1787204147602383965
lidar,1787204147663552919
esp32,1787204147702150944
lidar,1787204147763594497
esp32,1787204147802593542
lidar,1787204147863792834
esp32,1787204147902342863
lidar,1787204147963808138
esp32,1787204148002219540
lidar,1787204148064489484
esp32,1787204148101932557
lidar,1787204148164400350
esp32,1787204148202174718
lidar,1787204148264425897
esp32,1787204148302214962
lidar,1787204148364373083
esp32,1787204148402303343
lidar,1787204148464829127
esp32,1787204148502407431
lidar,1787204148564456079
esp32,1787204148602355485
lidar,1787204148664995504
esp32,1787204148702459421
lidar,1787204148765047366
esp32,1787204148802143582
lidar,1787204148864969353
esp32,1787204148902467477
lidar,1787204148964655329
esp32,1787204149002346162
lidar,1787204149064502657
esp32,1787204149101637315
lidar,1787204149164169500
esp32,1787204149202289233
lidar,1787204149263566820
esp32,1787204149302537045
lidar,1787204149363049334
esp32,1787204149401944081
lidar,1787204149462665800
esp32,1787204149501850536
lidar,1787204149562568862
esp32,1787204149601912090
lidar,1787204149662388248
esp32,1787204149702267172
lidar,1787204149761830968
esp32,1787204149802560526
lidar,1787204149861579910
esp32,1787204149902615400
lidar,1787204149961247031
esp32,1787204150001325217
lidar,1787204150060597696
esp32,1787204150101379187
lidar,1787204150160302079
esp32,1787204150201293807
lidar,1787204150260213251
esp32,1787204150301436817
lidar,1787204150361091936
esp32,1787204150402490077
lidar,1787204150461394258
esp32,1787204150502311403
lidar,1787204150561338774
esp32,1787204150602085529
lidar,1787204150661917506
esp32,1787204150702382617
lidar,1787204150762422221
esp32,1787204150802248665
lidar,1787204150863164327
esp32,1787204150902032030
lidar,1787204150963581391
esp32,1787204151002270247
lidar,1787204151063419565
esp32,1787204151102047500
lidar,1787204151163320307
esp32,1787204151202277952
lidar,1787204151263295320
esp32,1787204151302546683
lidar,1787204151362655636
esp32,1787204151402438098
lidar,1787204151462020024
esp32,1787204151502205796
lidar,1787204151561526732
esp32,1787204151602213824
lidar,1787204151661504484
esp32,1787204151702339350
lidar,1787204151761326159
esp32,1787204151802376315
lidar,1787204151861255059
esp32,1787204151902476617
lidar,1787204151961046719
esp32,1787204152002321705
lidar,1787204152060831111
esp32,1787204152101924128
lidar,1787204152160575054
esp32,1787204152202577728
lidar,1787204152260762291
esp32,1787204152302631845
lidar,1787204152360594079
esp32,1787204152402601317
lidar,1787204152460709798
esp32,1787204152501927418
lidar,1787204152560819255
esp32,1787204152602426557
lidar,1787204152661565407
esp32,1787204152702244438
lidar,1787204152761558279
esp32,1787204152802346734
lidar,1787204152862277478
esp32,1787204152901256242
lidar,1787204152961819311
esp32,1787204153002306315
lidar,1787204153061669966
esp32,1787204153122615052
lidar,1787204153161110906
esp32,1787204153202351485
lidar,1787204153261053359
esp32,1787204153302500668
lidar,1787204153360061119
esp32,1787204153402103560
lidar,1787204153459649888
esp32,1787204153501992609
lidar,1787204153559095807
esp32,1787204153602367862
lidar,1787204153658707132
esp32,1787204153702241696
lidar,1787204153758030351
esp32,1787204153802348652
lidar,1787204153857741396
esp32,1787204153902585179
lidar,1787204153957720537
esp32,1787204154002232729
lidar,1787204154058181926
esp32,1787204154101930907
lidar,1787204154158261449
esp32,1787204154202152234
lidar,1787204154258732554
esp32,1787204154302068956
lidar,1787204154358678474
esp32,1787204154402384750
lidar,1787204154459008168
esp32,1787204154502352173
lidar,1787204154559166516
esp32,1787204154602372934
lidar,1787204154659759775
esp32,1787204154702289874
lidar,1787204154759751103
esp32,1787204154802417451
lidar,1787204154859998588
esp32,1787204154902232159
lidar,1787204154959464374
esp32,1787204155002323682
lidar,1787204155059008194
esp32,1787204155102043727
lidar,1787204155158689329
esp32,1787204155202324169
lidar,1787204155258853481
esp32,1787204155302306851
lidar,1787204155358652401
esp32,1787204155402237667
lidar,1787204155457943832
esp32,1787204155502383711
lidar,1787204155557732140
esp32,1787204155602424801
lidar,1787204155657659406
esp32,1787204155702422177
lidar,1787204155757286759
esp32,1787204155802448145
lidar,1787204155856841891
esp32,1787204155902390127
lidar,1787204155956555068
esp32,1787204156002382883
lidar,1787204156056665751
esp32,1787204156101821475
lidar,1787204156156252191
esp32,1787204156202254442
lidar,1787204156256734728
esp32,1787204156302500597
lidar,1787204156357243181
esp32,1787204156422808503
lidar,1787204156457477218
esp32,1787204156502427210
lidar,1787204156557722564
esp32,1787204156602243333
lidar,1787204156658261705
esp32,1787204156702510179
lidar,1787204156758404099
esp32,1787204156802121840
lidar,1787204156858865825
esp32,1787204156902257783
lidar,1787204156957967046
esp32,1787204157002320273
lidar,1787204157058106531
esp32,1787204157101908786
lidar,1787204157157611184
esp32,1787204157201918467
lidar,1787204157257131089
esp32,1787204157302314491
lidar,1787204157356677644
esp32,1787204157402202390
lidar,1787204157456693388
esp32,1787204157502348507
lidar,1787204157556053335
esp32,1787204157602302609
lidar,1787204157655721743
esp32,1787204157702174747
lidar,1787204157755850970
esp32,1787204157801974165
lidar,1787204157856045885
esp32,1787204157901813965
lidar,1787204157955883105
esp32,1787204158001791624
lidar,1787204158056134644
esp32,1787204158101792684
lidar,1787204158156111783
esp32,1787204158201745650
lidar,1787204158256288498
esp32,1787204158302166363
lidar,1787204158356736581
esp32,1787204158402330876
lidar,1787204158456992125
esp32,1787204158502199410
lidar,1787204158557385127
esp32,1787204158601951863
lidar,1787204158657431776
esp32,1787204158702453570
lidar,1787204158757557415
esp32,1787204158802080273
lidar,1787204158857486304
esp32,1787204158902330284
lidar,1787204158957089344
esp32,1787204159002190024
lidar,1787204159057039381
esp32,1787204159102006053
lidar,1787204159156255730
esp32,1787204159202312460
lidar,1787204159255867014
esp32,1787204159302086910
lidar,1787204159355312530
esp32,1787204159401881936
lidar,1787204159454851886
esp32,1787204159502359893
lidar,1787204159554570566
esp32,1787204159602196138
lidar,1787204159653834029
esp32,1787204159702062139
lidar,1787204159753415341
esp32,1787204159802022090
lidar,1787204159852984968
esp32,1787204159902052203
lidar,1787204159952754992
esp32,1787204160001302705
lidar,1787204160051491749
esp32,1787204160101513392
lidar,1787204160151628238
esp32,1787204160201377285
lidar,1787204160251291708
esp32,1787204160301226017
lidar,1787204160351822148
esp32,1787204160401886205
lidar,1787204160452052501
esp32,1787204160502003673
lidar,1787204160551863606
esp32,1787204160601893649
lidar,1787204160651965294
esp32,1787204160702051409
lidar,1787204160752265579
esp32,1787204160802086341
lidar,1787204160853045692
esp32,1787204160902119794
lidar,1787204160953146326
esp32,1787204161002115756
lidar,1787204161053377229
esp32,1787204161102342528
lidar,1787204161153422620
esp32,1787204161202257598
lidar,1787204161253003972
esp32,1787204161302113560
lidar,1787204161352674785
esp32,1787204161402394269
lidar,1787204161451880086
esp32,1787204161502381902
lidar,1787204161551404590
esp32,1787204161602461644
lidar,1787204161650802500
esp32,1787204161702433286
lidar,1787204161750057456
esp32,1787204161802452238
lidar,1787204161849523393
esp32,1787204161902306379
lidar,1787204161949056855
esp32,1787204162002448674
lidar,1787204162048977761
esp32,1787204162101954809
lidar,1787204162148608119
esp32,1787204162202056807
lidar,1787204162248691484
esp32,1787204162302314269
lidar,1787204162349527323
esp32,1787204162402222587
lidar,1787204162449209258
esp32,1787204162502275319
lidar,1787204162549835021
esp32,1787204162602540042
lidar,1787204162649819938
esp32,1787204162702407840
lidar,1787204162750376810
esp32,1787204162802352445
lidar,1787204162850869597
esp32,1787204162902482460
lidar,1787204162950800340
esp32,1787204163002310767
lidar,1787204163050295538
esp32,1787204163101895340
lidar,1787204163150160598
esp32,1787204163202116656
lidar,1787204163249949962
esp32,1787204163302520092
lidar,1787204163349966422
esp32,1787204163402456725
lidar,1787204163449548504
esp32,1787204163502343341
lidar,1787204163549199182
esp32,1787204163601876006
lidar,1787204163648689198
esp32,1787204163702204787
lidar,1787204163747980674
esp32,1787204163802348566
lidar,1787204163847710327
esp32,1787204163902067867
lidar,1787204163947412519
esp32,1787204164002287655
lidar,1787204164047433289
esp32,1787204164101901198
lidar,1787204164147874873
esp32,1787204164202134589
lidar,1787204164247763239
esp32,1787204164302077616
lidar,1787204164348299038
esp32,1787204164402314918
lidar,1787204164448460218
esp32,1787204164502094519
lidar,1787204164548902217
esp32,1787204164602100484
lidar,1787204164649122200
esp32,1787204164702297251
lidar,1787204164749238476
esp32,1787204164802039947
lidar,1787204164850116618
esp32,1787204164902080295
lidar,1787204164949412948
esp32,1787204165022675619
lidar,1787204165049251966
esp32,1787204165102077652
lidar,1787204165148955533
esp32,1787204165202479253
lidar,1787204165248704292
esp32,1787204165302364668
lidar,1787204165348342710
esp32,1787204165401870317
lidar,1787204165447700175
esp32,1787204165501964947
lidar,1787204165547066918
esp32,1787204165601955239
lidar,1787204165647094616
esp32,1787204165702158551
lidar,1787204165746474019
esp32,1787204165802391869
lidar,1787204165845832283
esp32,1787204165902300612
lidar,1787204165945237423
esp32,1787204166002016781
lidar,1787204166045222372
esp32,1787204166102093543
lidar,1787204166144798036
esp32,1787204166202399810
lidar,1787204166244775514
esp32,1787204166302553148
lidar,1787204166345195948
esp32,1787204166402367226
lidar,1787204166445588408
esp32,1787204166502307855
lidar,1787204166546188991
esp32,1787204166602249802
lidar,1787204166646134476
esp32,1787204166702261272
lidar,1787204166746498215
esp32,1787204166802377082
lidar,1787204166847001674
esp32,1787204166902197999
lidar,1787204166947529527
esp32,1787204167001946463
lidar,1787204167047597308
esp32,1787204167101788379
lidar,1787204167147673437
esp32,1787204167222754486
lidar,1787204167247266988
esp32,1787204167302468774
lidar,1787204167346914517
esp32,1787204167402394301
lidar,1787204167446925336
esp32,1787204167502356233
lidar,1787204167546267277
esp32,1787204167601818029
lidar,1787204167646169345
esp32,1787204167701926853
lidar,1787204167745953757
esp32,1787204167802462019
lidar,1787204167845365888
esp32,1787204167902033139
lidar,1787204167944892108
esp32,1787204168002402326
lidar,1787204168044533461
esp32,1787204168101972111
lidar,1787204168144295450
esp32,1787204168201958288
lidar,1787204168243852017
esp32,1787204168322749212
lidar,1787204168343656249
esp32,1787204168402329456
lidar,1787204168443742525
esp32,1787204168502169372
lidar,1787204168543666456
esp32,1787204168622732112
lidar,1787204168643852663
esp32,1787204168702176097
lidar,1787204168743515215
esp32,1787204168802567849
lidar,1787204168843793358
esp32,1787204168902533289
lidar,1787204168943563655
esp32,1787204169001892645
lidar,1787204169043946458
esp32,1787204169102086210
lidar,1787204169143855895
esp32,1787204169202529002
lidar,1787204169244060377
esp32,1787204169302196279
lidar,1787204169344448673
esp32,1787204169402316678
lidar,1787204169444318228
esp32,1787204169501941137
lidar,1787204169544776598
esp32,1787204169602005979
lidar,1787204169644727962
esp32,1787204169702470667
lidar,1787204169744642748
esp32,1787204169802614207
lidar,1787204169844458648
esp32,1787204169902610766
lidar,1787204169943811343
esp32,1787204170001383142
lidar,1787204170043004774
esp32,1787204170101537505
lidar,1787204170142593173
esp32,1787204170201299925
lidar,1787204170242275501
esp32,1787204170301288712
lidar,1787204170342015344
esp32,1787204170402230634
lidar,1787204170441671534
esp32,1787204170502318892
lidar,1787204170541243807
esp32,1787204170602421393
lidar,1787204170640965740
esp32,1787204170702267556
lidar,1787204170740730927
esp32,1787204170822593345
lidar,1787204170840295629
esp32,1787204170902383037
lidar,1787204170940769573
esp32,1787204171002572591
lidar,1787204171040360852
esp32,1787204171102128719
lidar,1787204171140063691
esp32,1787204171202431317
lidar,1787204171241056905
esp32,1787204171302188308
lidar,1787204171341434206
esp32,1787204171402370932
lidar,1787204171441608326
esp32,1787204171502371000
lidar,1787204171542110649
esp32,1787204171601972098
lidar,1787204171642072262
esp32,1787204171701966355
lidar,1787204171741825339
esp32,1787204171801933623
lidar,1787204171841841926
esp32,1787204171901871226
lidar,1787204171941678673
esp32,1787204172001862485
lidar,1787204172041308148
esp32,1787204172102167679
lidar,1787204172141293817
esp32,1787204172202281641
lidar,1787204172240370589
esp32,1787204172301310422
lidar,1787204172339661390
esp32,1787204172401566148
lidar,1787204172439198246
esp32,1787204172502414576
lidar,1787204172539272123
esp32,1787204172601930478
lidar,1787204172638443824
esp32,1787204172702457408
lidar,1787204172738414276
esp32,1787204172802360833
lidar,1787204172838573360
esp32,1787204172902550962
lidar,1787204172938824397
esp32,1787204173002443433
lidar,1787204173039142356
esp32,1787204173101968371
lidar,1787204173139410110
esp32,1787204173202039502
lidar,1787204173239939865
esp32,1787204173302056952
lidar,1787204173340212570
lidar,1787204173440701223
esp32,1787204173441992574
esp32,1787204173502041231
lidar,1787204173540945050
esp32,1787204173601926515
lidar,1787204173640804660
esp32,1787204173702372663
lidar,1787204173740808715
esp32,1787204173802088326
lidar,1787204173840846141
esp32,1787204173901952642
lidar,1787204173940423341
esp32,1787204174002340792
lidar,1787204174040089510
esp32,1787204174101999930
lidar,1787204174139932016
esp32,1787204174202284299
lidar,1787204174239193544
esp32,1787204174302228246
lidar,1787204174338285273
esp32,1787204174402030968
lidar,1787204174437640102
esp32,1787204174502036927
lidar,1787204174537582364
esp32,1787204174601415009
lidar,1787204174637309389
esp32,1787204174702152759
lidar,1787204174736982784
esp32,1787204174802060927
lidar,1787204174836837262
esp32,1787204174902077094
lidar,1787204174937179010
esp32,1787204175002222539
lidar,1787204175037151158
esp32,1787204175102131179
lidar,1787204175137071746
esp32,1787204175201707334
lidar,1787204175237516192
esp32,1787204175302209427
lidar,1787204175337793098
esp32,1787204175402376231
lidar,1787204175438057678
esp32,1787204175502103364
lidar,1787204175538445835
esp32,1787204175602231658
lidar,1787204175638684386
esp32,1787204175702329735
lidar,1787204175738654048
esp32,1787204175802290621
lidar,1787204175838783039
esp32,1787204175902243138
lidar,1787204175938838466
esp32,1787204176002484819
lidar,1787204176038734785
esp32,1787204176102866883
lidar,1787204176138702620
esp32,1787204176202473941
lidar,1787204176238399096
esp32,1787204176302435963
lidar,1787204176338286869
esp32,1787204176401893715
lidar,1787204176437423326
esp32,1787204176502336289
lidar,1787204176537168358
esp32,1787204176601362622
lidar,1787204176636423583
esp32,1787204176702253024
lidar,1787204176735958012
esp32,1787204176802429729
lidar,1787204176835215137
esp32,1787204176902537473
lidar,1787204176934505611
esp32,1787204177002507743
lidar,1787204177034562161
esp32,1787204177102574338
lidar,1787204177134109378
esp32,1787204177202303311
lidar,1787204177233062347
esp32,1787204177302316069
lidar,1787204177332650810
esp32,1787204177402438673
lidar,1787204177432889636
esp32,1787204177502374805
lidar,1787204177533247431
esp32,1787204177601964591
lidar,1787204177633884769
esp32,1787204177702464359
lidar,1787204177733978903
esp32,1787204177802432644
lidar,1787204177834365879
esp32,1787204177902444441
lidar,1787204177934930154
esp32,1787204178002201718
lidar,1787204178035311140
esp32,1787204178102440066
lidar,1787204178135579481
esp32,1787204178202314935
lidar,1787204178235523835
esp32,1787204178302306342
lidar,1787204178335160801
esp32,1787204178402309269
lidar,1787204178434821006
esp32,1787204178502203695
lidar,1787204178534289576
esp32,1787204178602177885
lidar,1787204178633945390
esp32,1787204178702217397
lidar,1787204178733917877
esp32,1787204178801985470
lidar,1787204178833205886
esp32,1787204178902331966
lidar,1787204178932275772
esp32,1787204179002264853
lidar,1787204179031919180
esp32,1787204179102589256
lidar,1787204179132028061
esp32,1787204179202407022
lidar,1787204179231901609
esp32,1787204179302050066
lidar,1787204179332246197
esp32,1787204179402298117
lidar,1787204179432611784
esp32,1787204179522795014
lidar,1787204179532620672
esp32,1787204179622240476
lidar,1787204179633128276
esp32,1787204179722576297
lidar,1787204179733013205
esp32,1787204179802408486
lidar,1787204179833375646
esp32,1787204179922753934
lidar,1787204179933168417
esp32,1787204180001359706
lidar,1787204180033176621
esp32,1787204180101353727
lidar,1787204180133076996
esp32,1787204180201486700
lidar,1787204180232553376
esp32,1787204180301197832
lidar,1787204180332819966
esp32,1787204180402511875
lidar,1787204180432203861
esp32,1787204180502455363
lidar,1787204180531887021
esp32,1787204180602475721
lidar,1787204180631479781
esp32,1787204180702485551
lidar,1787204180730931869
esp32,1787204180802550407
lidar,1787204180830931216
esp32,1787204180902550793
lidar,1787204180930316421
esp32,1787204181002492072
lidar,1787204181029963502
esp32,1787204181102554314
lidar,1787204181130280855
esp32,1787204181202507203
lidar,1787204181229936380
esp32,1787204181301216344
lidar,1787204181330557983
esp32,1787204181402353051
lidar,1787204181430465865
esp32,1787204181502225314
lidar,1787204181530858972
esp32,1787204181602410241
lidar,1787204181631440852
esp32,1787204181702456865
lidar,1787204181731759388
esp32,1787204181802112348
lidar,1787204181831883438
esp32,1787204181902066867
lidar,1787204181932356657
esp32,1787204182002345115
lidar,1787204182031759644
esp32,1787204182102415896
lidar,1787204182131709186
esp32,1787204182202331707
lidar,1787204182231408688
esp32,1787204182302291296
lidar,1787204182331087499
esp32,1787204182402523979
lidar,1787204182430950671
esp32,1787204182502136494
lidar,1787204182530684359
esp32,1787204182602180285
lidar,1787204182630393538
esp32,1787204182702248437
lidar,1787204182730121246
esp32,1787204182822750421
lidar,1787204182829744160
esp32,1787204182902581755
lidar,1787204182930251696
esp32,1787204183002342147
lidar,1787204183030448942
esp32,1787204183102594133
lidar,1787204183130721895
esp32,1787204183202329134
lidar,1787204183230862030
esp32,1787204183321572990
lidar,1787204183330922526
esp32,1787204183402209953
lidar,1787204183431029365
lidar,1787204183530774405
esp32,1787204183542117440
esp32,1787204183602093770
lidar,1787204183630145691
esp32,1787204183702211404
lidar,1787204183730015653
esp32,1787204183822699436
lidar,1787204183829425733
esp32,1787204183902368208
lidar,1787204183929291295
esp32,1787204184002043455
lidar,1787204184028772445
esp32,1787204184102407833
lidar,1787204184128057757
esp32,1787204184202327328
lidar,1787204184227840353
esp32,1787204184302300555
lidar,1787204184327224136
esp32,1787204184402361064
lidar,1787204184427571413
esp32,1787204184502385992
lidar,1787204184527663335
esp32,1787204184602239315
lidar,1787204184627840961
esp32,1787204184702013786
lidar,1787204184727802928
esp32,1787204184802220226
lidar,1787204184828160452
esp32,1787204184901980618
lidar,1787204184928127042
esp32,1787204185002202743
lidar,1787204185028127236
esp32,1787204185102492109
lidar,1787204185128708240
esp32,1787204185222692764
lidar,1787204185228209142
esp32,1787204185302306731
lidar,1787204185328030674
esp32,1787204185402297261
lidar,1787204185427973196
esp32,1787204185502330592
lidar,1787204185527456043
esp32,1787204185602468156
lidar,1787204185627042306
esp32,1787204185702287656
lidar,1787204185726286585
esp32,1787204185802258023
lidar,1787204185825888879
esp32,1787204185902175306
lidar,1787204185925485915
esp32,1787204186001850598
lidar,1787204186024904828
esp32,1787204186102271329
lidar,1787204186124636470
esp32,1787204186201938258
lidar,1787204186224371776
esp32,1787204186301836437
lidar,1787204186324694955
esp32,1787204186402175293
lidar,1787204186424653266
esp32,1787204186502375247
lidar,1787204186525098100
esp32,1787204186602490189
lidar,1787204186625059095
esp32,1787204186702388243
lidar,1787204186725738279
esp32,1787204186802400578
lidar,1787204186825781866
esp32,1787204186902121989
lidar,1787204186926050368
esp32,1787204187002272170
lidar,1787204187026208099
esp32,1787204187102383671
lidar,1787204187126488604
esp32,1787204187202464418
lidar,1787204187226548562
esp32,1787204187302264614
lidar,1787204187326457684
esp32,1787204187402076938
lidar,1787204187426669209
esp32,1787204187501948656
lidar,1787204187527084106
esp32,1787204187601359484
lidar,1787204187627155416
esp32,1787204187702313605
lidar,1787204187729208504
esp32,1787204187802036272
lidar,1787204187826889779
esp32,1787204187902315556
lidar,1787204187926523123
esp32,1787204188002200018
lidar,1787204188025789153
esp32,1787204188102504050
lidar,1787204188125570894
esp32,1787204188222615895
lidar,1787204188224862017
esp32,1787204188302389658
lidar,1787204188325033173
esp32,1787204188402238771
lidar,1787204188424357724
esp32,1787204188502159583
lidar,1787204188523759057
esp32,1787204188621894323
lidar,1787204188623359590
esp32,1787204188702290474
lidar,1787204188723646227
esp32,1787204188802083229
lidar,1787204188823911759
esp32,1787204188902178948
lidar,1787204188923788679
esp32,1787204189002036037
lidar,1787204189024347701
esp32,1787204189101934056
lidar,1787204189124772738
esp32,1787204189201926336
lidar,1787204189225057667
esp32,1787204189302060659
lidar,1787204189325194011
esp32,1787204189402009980
lidar,1787204189425132588
esp32,1787204189501620202
lidar,1787204189525275828
esp32,1787204189601866241
lidar,1787204189625691228
esp32,1787204189701938608
lidar,1787204189725656247
esp32,1787204189801930044
lidar,1787204189826038611
esp32,1787204189902051068
lidar,1787204189925120512
esp32,1787204190001224532
lidar,1787204190024693962
esp32,1787204190101233587
lidar,1787204190124285266
esp32,1787204190201273478
lidar,1787204190223933415
esp32,1787204190301388718
lidar,1787204190323662295
esp32,1787204190402629804
lidar,1787204190423661728
esp32,1787204190502594022
lidar,1787204190523358125
esp32,1787204190602278949
lidar,1787204190623019513
esp32,1787204190702326269
lidar,1787204190722999122
esp32,1787204190802288988
lidar,1787204190822584705
esp32,1787204190902029017
lidar,1787204190921802348
esp32,1787204191002067544
lidar,1787204191020960314
esp32,1787204191102278385
lidar,1787204191120666477
esp32,1787204191202163353
lidar,1787204191220132341
esp32,1787204191302302159
lidar,1787204191319841038
esp32,1787204191402064835
lidar,1787204191419769952
esp32,1787204191501852338
lidar,1787204191520421347
esp32,1787204191602470609
lidar,1787204191620360699
lidar,1787204191721038723
esp32,1787204191722151985
esp32,1787204191802346037
lidar,1787204191820939156
esp32,1787204191902067956
lidar,1787204191921431908
esp32,1787204192002148695
lidar,1787204192021264011
esp32,1787204192102316256
lidar,1787204192121340950
esp32,1787204192202315594
lidar,1787204192221295910
esp32,1787204192302365876
lidar,1787204192321109804
esp32,1787204192402240647
lidar,1787204192421155815
lidar,1787204192520797205
esp32,1787204192522704199
esp32,1787204192602276964
lidar,1787204192620128615
lidar,1787204192720173298
esp32,1787204192722441385
esp32,1787204192802322413
lidar,1787204192819947479
esp32,1787204192902124728
lidar,1787204192919098919
esp32,1787204193002405522
lidar,1787204193019050773
esp32,1787204193102337612
lidar,1787204193118505589
esp32,1787204193202042229
lidar,1787204193218353013
esp32,1787204193302404935
lidar,1787204193317441667
esp32,1787204193402268929
lidar,1787204193416904058
esp32,1787204193501947736
lidar,1787204193516522764
esp32,1787204193602420904
lidar,1787204193616489043
esp32,1787204193702460220
lidar,1787204193716334016
esp32,1787204193802448761
lidar,1787204193816653688
esp32,1787204193902512953
lidar,1787204193916778698
lidar,1787204194016822514
esp32,1787204194022401160
esp32,1787204194102520964
lidar,1787204194117088726
esp32,1787204194202321557
lidar,1787204194217131533
esp32,1787204194302429882
lidar,1787204194317786723
esp32,1787204194402280853
lidar,1787204194417965088
lidar,1787204194518234844
esp32,1787204194522509766
esp32,1787204194602371011
lidar,1787204194618350088
lidar,1787204194718211325
esp32,1787204194722261632
esp32,1787204194802463218
lidar,1787204194817599267
esp32,1787204194902478916
lidar,1787204194917165734
esp32,1787204195002388972
lidar,1787204195016818113
esp32,1787204195102422839
lidar,1787204195116520309
esp32,1787204195202414494
lidar,1787204195215904541
esp32,1787204195302232330
lidar,1787204195315732835
esp32,1787204195402450294
lidar,1787204195415147562
esp32,1787204195501720990
lidar,1787204195514444228
esp32,1787204195602298486
lidar,1787204195613982031
esp32,1787204195702531659
lidar,1787204195713561613
esp32,1787204195802404467
lidar,1787204195813184756
esp32,1787204195902045246
lidar,1787204195912717124
esp32,1787204196002334199
lidar,1787204196012558518
esp32,1787204196102246628
lidar,1787204196112800985
esp32,1787204196202094551
lidar,1787204196213092544
esp32,1787204196302529813
lidar,1787204196312790200
lidar,1787204196413566567
esp32,1787204196422242537
esp32,1787204196502171496
lidar,1787204196513578589
esp32,1787204196602451152
lidar,1787204196613940617
lidar,1787204196714670785
esp32,1787204196722416958
esp32,1787204196802145160
lidar,1787204196814567189
lidar,1787204196914980023
esp32,1787204196922681757
esp32,1787204197002360904
lidar,1787204197014643844
esp32,1787204197102274258
lidar,1787204197114346888
esp32,1787204197202357190
lidar,1787204197214411316
esp32,1787204197302113154
lidar,1787204197314461410
esp32,1787204197401809952
lidar,1787204197413743910
esp32,1787204197501918170
lidar,1787204197512967402
esp32,1787204197601834757
lidar,1787204197612712606
esp32,1787204197702494025
lidar,1787204197712353149
esp32,1787204197802389863
lidar,1787204197811553085
esp32,1787204197901946902
lidar,1787204197911925241
esp32,1787204198002250377
lidar,1787204198011087895
esp32,1787204198102273071
lidar,1787204198111195446
esp32,1787204198202199216
lidar,1787204198211167007
esp32,1787204198302137598
lidar,1787204198311786632
lidar,1787204198412056535
esp32,1787204198422243499
esp32,1787204198502507881
lidar,1787204198511739292
esp32,1787204198602481746
lidar,1787204198612285129
esp32,1787204198702268590
lidar,1787204198712210649
esp32,1787204198802368142
lidar,1787204198811958780
esp32,1787204198902299273
lidar,1787204198911788674
esp32,1787204199002416034
lidar,1787204199011483718
esp32,1787204199102179563
lidar,1787204199111201198
esp32,1787204199202649930
lidar,1787204199210921462
esp32,1787204199302504211
lidar,1787204199310702547
esp32,1787204199402575079
lidar,1787204199410057212
lidar,1787204199510144153
esp32,1787204199522516018
esp32,1787204199602498090
lidar,1787204199609470372
esp32,1787204199702490990
lidar,1787204199709221124
esp32,1787204199802320417
lidar,1787204199808844790
esp32,1787204199902482457
lidar,1787204199908439604
esp32,1787204200001206974
lidar,1787204200008162998
esp32,1787204200101261138
lidar,1787204200107611842
esp32,1787204200201390671
lidar,1787204200207470927
esp32,1787204200301220319
lidar,1787204200307425780
esp32,1787204200402176559
lidar,1787204200407892957
esp32,1787204200501963037
lidar,1787204200508116411
esp32,1787204200602009728
lidar,1787204200608270423
esp32,1787204200702176056
lidar,1787204200708379852
esp32,1787204200802500097
lidar,1787204200808661544
esp32,1787204200902074291
lidar,1787204200908930364
lidar,1787204201009384257
esp32,1787204201022476240
esp32,1787204201102097236
lidar,1787204201109509631
lidar,1787204201209608086
esp32,1787204201222307625
esp32,1787204201302028670
lidar,1787204201309370459
lidar,1787204201409292455
esp32,1787204201422228645
esp32,1787204201502076607
lidar,1787204201508780840
esp32,1787204201602189856
lidar,1787204201608324511
esp32,1787204201702026176
lidar,1787204201708179983
esp32,1787204201802075486
lidar,1787204201807868740
lidar,1787204201907418402
esp32,1787204201922399913
lidar,1787204202007053099
esp32,1787204202022314214
esp32,1787204202102046585
lidar,1787204202106384073
esp32,1787204202202154217
lidar,1787204202205446723
esp32,1787204202302051130
lidar,1787204202305644278
esp32,1787204202402016367
lidar,1787204202405168811
esp32,1787204202502213954
lidar,1787204202504914547
esp32,1787204202602012631
lidar,1787204202604438047
esp32,1787204202701960251
lidar,1787204202703901289
esp32,1787204202801979376
lidar,1787204202803569928
esp32,1787204202901882418
lidar,1787204202903791122
esp32,1787204203001828618
lidar,1787204203003788034
esp32,1787204203101932168
lidar,1787204203104101641
esp32,1787204203201931171
lidar,1787204203204220481
esp32,1787204203301914964
lidar,1787204203304490721
esp32,1787204203401968902
lidar,1787204203404778627
esp32,1787204203501954423
lidar,1787204203505205279
esp32,1787204203602005402
lidar,1787204203605162370
esp32,1787204203702181618
lidar,1787204203705270507
lidar,1787204203805290814
esp32,1787204203822702676
esp32,1787204203902483612
lidar,1787204203905243859
esp32,1787204204002417457
lidar,1787204204004705563
esp32,1787204204102433117
lidar,1787204204104792878
esp32,1787204204202161977
lidar,1787204204204509327
esp32,1787204204301967027
lidar,1787204204303783240
esp32,1787204204401888832
lidar,1787204204403681769
lidar,1787204204503666953
esp32,1787204204522417934
esp32,1787204204602009526
lidar,1787204204602943795
esp32,1787204204702350692
lidar,1787204204703454945
esp32,1787204204802164134
lidar,1787204204803113735
lidar,1787204204901672321
esp32,1787204204902520943
lidar,1787204205001724558
esp32,1787204205022343064
lidar,1787204205101889239
esp32,1787204205102664146
lidar,1787204205202421945
esp32,1787204205222832497
lidar,1787204205302676509
esp32,1787204205322365430
lidar,1787204205402499161
esp32,1787204205422287031
lidar,1787204205503000582
esp32,1787204205522420286
lidar,1787204205603037846
esp32,1787204205622458693
esp32,1787204205702348553
lidar,1787204205703192585
lidar,1787204205803312866
esp32,1787204205822376809
esp32,1787204205902700269
lidar,1787204205903819073
esp32,1787204206001877901
lidar,1787204206002899664
esp32,1787204206102115259
lidar,1787204206103147995
lidar,1787204206201853375
esp32,1787204206202930091
lidar,1787204206301613020
esp32,1787204206302427202
lidar,1787204206401403642
esp32,1787204206402215290
lidar,1787204206501002862
esp32,1787204206501986545
lidar,1787204206600655748
esp32,1787204206602145056
lidar,1787204206700195676
esp32,1787204206702027260
lidar,1787204206799873161
esp32,1787204206801909905
lidar,1787204206899957847
esp32,1787204206901994945
lidar,1787204207000160035
esp32,1787204207001912536
lidar,1787204207100694076
esp32,1787204207102022137
lidar,1787204207200729642
esp32,1787204207202158219
lidar,1787204207300794118
esp32,1787204207302112053
lidar,1787204207400830143
esp32,1787204207402184188
lidar,1787204207500895998
esp32,1787204207502306225
lidar,1787204207601171427
esp32,1787204207602255897
lidar,1787204207701361056
esp32,1787204207702295320
lidar,1787204207801459141
esp32,1787204207802370362
lidar,1787204207901305412
esp32,1787204207902247280
lidar,1787204208001218123
esp32,1787204208002119869
lidar,1787204208100787475
esp32,1787204208102022083
lidar,1787204208200718336
esp32,1787204208202349887
lidar,1787204208299968386
esp32,1787204208301976369
lidar,1787204208399626456
esp32,1787204208401983947
lidar,1787204208499023707
esp32,1787204208501906903
lidar,1787204208598391410
esp32,1787204208601816658
lidar,1787204208698018136
esp32,1787204208701866878
lidar,1787204208797384699
esp32,1787204208801897777
lidar,1787204208897388398
esp32,1787204208901892043
lidar,1787204208997227516
esp32,1787204209001853096
lidar,1787204209097730594
esp32,1787204209101923271
lidar,1787204209198160887
esp32,1787204209201964537
lidar,1787204209298255068
esp32,1787204209301795083
lidar,1787204209398418892
esp32,1787204209401878043
lidar,1787204209498661354
esp32,1787204209522811007
lidar,1787204209599206945
esp32,1787204209601851306
lidar,1787204209698909014
esp32,1787204209701785015
lidar,1787204209798602283
esp32,1787204209801917572
lidar,1787204209898345744
esp32,1787204209901822562
lidar,1787204209997128152
esp32,1787204210001282792
lidar,1787204210096998106
esp32,1787204210101267418
lidar,1787204210196559272
esp32,1787204210201134582
lidar,1787204210296152741
esp32,1787204210301210181
lidar,1787204210396423762
esp32,1787204210401713713
lidar,1787204210495917417
esp32,1787204210501940543
lidar,1787204210595399767
esp32,1787204210601889616
lidar,1787204210694927335
esp32,1787204210701890308
lidar,1787204210794308136
esp32,1787204210801860620
lidar,1787204210894006090
esp32,1787204210901861715
lidar,1787204210994128742
esp32,1787204211001808128
lidar,1787204211094712985
esp32,1787204211101905400
lidar,1787204211194732100
esp32,1787204211202011446
lidar,1787204211294843153
esp32,1787204211301740925
lidar,1787204211395060920
esp32,1787204211402325514
lidar,1787204211495193925
esp32,1787204211501969784
lidar,1787204211595447715
esp32,1787204211602100603
lidar,1787204211695493570
esp32,1787204211701876225
lidar,1787204211796227369
esp32,1787204211801669058
lidar,1787204211896443431
esp32,1787204211901732606
lidar,1787204211996629132
esp32,1787204212001674670
lidar,1787204212096421248
esp32,1787204212101670240
lidar,1787204212196299961
esp32,1787204212222551380
lidar,1787204212296179207
esp32,1787204212322531743
lidar,1787204212395778602
esp32,1787204212401729870
lidar,1787204212495596373
esp32,1787204212501788885
lidar,1787204212595656418
esp32,1787204212601910647
lidar,1787204212695155048
esp32,1787204212701981773
lidar,1787204212794426075
esp32,1787204212802277734
lidar,1787204212894238896
esp32,1787204212901940984
lidar,1787204212993714829
esp32,1787204213022869603
lidar,1787204213093455339
esp32,1787204213122394607
lidar,1787204213192979976
esp32,1787204213201818781
lidar,1787204213292677399
esp32,1787204213301774075
lidar,1787204213392191936
esp32,1787204213422526703
lidar,1787204213492224392
esp32,1787204213502373635
lidar,1787204213592148436
esp32,1787204213602354058
lidar,1787204213692392772
esp32,1787204213701668389
lidar,1787204213792958751
esp32,1787204213822559625
lidar,1787204213892909641
esp32,1787204213901866738
lidar,1787204213992515862
esp32,1787204214022656421
lidar,1787204214092832257
esp32,1787204214101811839
lidar,1787204214193390481
esp32,1787204214222477376
lidar,1787204214294095716
esp32,1787204214301767128
lidar,1787204214393720157
esp32,1787204214401619114
lidar,1787204214493663230
esp32,1787204214522766312
lidar,1787204214593746106
esp32,1787204214601612419
lidar,1787204214693046457
esp32,1787204214701841105
lidar,1787204214792559678
esp32,1787204214801777800
lidar,1787204214892174477
esp32,1787204214901921684
lidar,1787204214991899114
esp32,1787204215002300389
lidar,1787204215091678018
esp32,1787204215101766484
lidar,1787204215191275910
esp32,1787204215202290927
lidar,1787204215291229727
esp32,1787204215301728892
lidar,1787204215390943476
esp32,1787204215402412002
lidar,1787204215490672392
esp32,1787204215502389700
lidar,1787204215590497365
esp32,1787204215601863399
lidar,1787204215689880785
esp32,1787204215702249420
lidar,1787204215789871096
esp32,1787204215802292620
lidar,1787204215889861452
esp32,1787204215902200205
lidar,1787204215989782055
esp32,1787204216001849059
lidar,1787204216090427953
esp32,1787204216101855067
lidar,1787204216190142454
esp32,1787204216201802158
lidar,1787204216290463309
esp32,1787204216301782188
lidar,1787204216390346937
esp32,1787204216402277032
lidar,1787204216490053330
esp32,1787204216501832109
lidar,1787204216589943777
esp32,1787204216622630124
lidar,1787204216690019781
esp32,1787204216702036051
lidar,1787204216789183285
esp32,1787204216802118070
lidar,1787204216888323598
esp32,1787204216901929724
lidar,1787204216988229054
esp32,1787204217002505823
lidar,1787204217087736407
esp32,1787204217101860137
lidar,1787204217187113941
esp32,1787204217202032511
lidar,1787204217286608875
esp32,1787204217301947541
lidar,1787204217386554205
esp32,1787204217402003751
lidar,1787204217486703879
esp32,1787204217501910322
lidar,1787204217586994764
esp32,1787204217602264843
lidar,1787204217687409639
esp32,1787204217702131120
lidar,1787204217787414047
esp32,1787204217802143096
lidar,1787204217887978094
esp32,1787204217902109624
lidar,1787204217988340668
esp32,1787204218001862583
lidar,1787204218088544066
esp32,1787204218122427203
lidar,1787204218188701069
esp32,1787204218202292408
lidar,1787204218288608941
esp32,1787204218322515155
lidar,1787204218388117753
esp32,1787204218402362377
lidar,1787204218487827048
esp32,1787204218502317572
lidar,1787204218587422249
esp32,1787204218602178705
lidar,1787204218687051613
esp32,1787204218702252881
lidar,1787204218786573631
esp32,1787204218802230697
lidar,1787204218886530271
esp32,1787204218902201346
lidar,1787204218985905441
esp32,1787204219002346992
lidar,1787204219084978143
esp32,1787204219102288871
lidar,1787204219184259624
esp32,1787204219201917304
lidar,1787204219284105874
esp32,1787204219301662658
lidar,1787204219383830450
esp32,1787204219401625118
lidar,1787204219483491137
esp32,1787204219501829198
lidar,1787204219583445446
esp32,1787204219602009051
lidar,1787204219683030275
esp32,1787204219702312934
lidar,1787204219783615951
esp32,1787204219801273931
lidar,1787204219883702331
esp32,1787204219902073318
lidar,1787204219983755968
esp32,1787204220001469337
lidar,1787204220083838498
esp32,1787204220121546782
lidar,1787204220184460850
esp32,1787204220221527082
lidar,1787204220284176836
esp32,1787204220321636421
lidar,1787204220385089138
esp32,1787204220422471904
lidar,1787204220485269009
esp32,1787204220522489569
lidar,1787204220585459254
esp32,1787204220622532928
lidar,1787204220685323510
esp32,1787204220722494656
lidar,1787204220784318510
esp32,1787204220822618605
lidar,1787204220883960499
esp32,1787204220922616991
lidar,1787204220983063903
esp32,1787204221002458729
lidar,1787204221082495151
esp32,1787204221102605914
lidar,1787204221182309368
esp32,1787204221202489830
lidar,1787204221282010713
esp32,1787204221302952496
lidar,1787204221381987335
esp32,1787204221402385040
lidar,1787204221482190798
esp32,1787204221502429345
lidar,1787204221582632966
esp32,1787204221602485993
lidar,1787204221682637118
esp32,1787204221702394559
lidar,1787204221783317892
esp32,1787204221802363266
lidar,1787204221883463122
esp32,1787204221902403912
lidar,1787204221983787634
esp32,1787204222022744499
lidar,1787204222084012255
esp32,1787204222122333689
lidar,1787204222183271969
esp32,1787204222222408132
lidar,1787204222283148302
esp32,1787204222322411894
lidar,1787204222382683098
esp32,1787204222422310471
lidar,1787204222482343063
esp32,1787204222522580924
lidar,1787204222581700873
esp32,1787204222622499095
lidar,1787204222681024149
esp32,1787204222722490982
lidar,1787204222781123676
esp32,1787204222802358909
lidar,1787204222880633735
esp32,1787204222902260258
lidar,1787204222979599873
esp32,1787204223002412164
lidar,1787204223080019284
esp32,1787204223102478508
lidar,1787204223179344786
esp32,1787204223201928411
lidar,1787204223278802985
esp32,1787204223302370667
lidar,1787204223379156481
esp32,1787204223402353358
lidar,1787204223479124771
esp32,1787204223502318519
lidar,1787204223579410740
esp32,1787204223602419453
lidar,1787204223679147341
esp32,1787204223702077653
lidar,1787204223779666372
esp32,1787204223802510823
lidar,1787204223879930969
esp32,1787204223902263442
lidar,1787204223979769133
esp32,1787204224022670151
lidar,1787204224079557640
esp32,1787204224122407297
lidar,1787204224179200256
esp32,1787204224222422670
lidar,1787204224278819318
esp32,1787204224322685576
lidar,1787204224378404289
esp32,1787204224422810660
lidar,1787204224477866810
esp32,1787204224522740071
lidar,1787204224577857586
esp32,1787204224601841801
lidar,1787204224677466673
esp32,1787204224702149695
lidar,1787204224777263373
esp32,1787204224802470580
lidar,1787204224877164911
esp32,1787204224902128980
lidar,1787204224976606884
esp32,1787204225022759029
lidar,1787204225076639330
esp32,1787204225122513281
lidar,1787204225176863126
esp32,1787204225202491482
lidar,1787204225277101441
esp32,1787204225301840229
lidar,1787204225377264518
esp32,1787204225422759136
lidar,1787204225477828049
esp32,1787204225502369659
lidar,1787204225577944875
esp32,1787204225602402766
lidar,1787204225677904178
esp32,1787204225722772961
lidar,1787204225777991273
esp32,1787204225822810777
lidar,1787204225878072027
esp32,1787204225922602547
lidar,1787204225978686734
esp32,1787204226022785220
lidar,1787204226078581027
esp32,1787204226122736288
lidar,1787204226178408192
esp32,1787204226222569854
lidar,1787204226278123780
esp32,1787204226322757391
lidar,1787204226377589240
esp32,1787204226422549656
lidar,1787204226477304334
esp32,1787204226502224318
lidar,1787204226576851548
esp32,1787204226622604566
lidar,1787204226676685763
esp32,1787204226701979772
lidar,1787204226776173088
esp32,1787204226822728810
lidar,1787204226875950897
esp32,1787204226902061268
lidar,1787204226975661408
esp32,1787204227001919804
lidar,1787204227075408246
esp32,1787204227102525731
lidar,1787204227174896439
esp32,1787204227202422468
lidar,1787204227274668551
esp32,1787204227301888245
lidar,1787204227374848065
esp32,1787204227401851905
lidar,1787204227475223303
esp32,1787204227522979688
lidar,1787204227575741386
esp32,1787204227622476023
lidar,1787204227675958927
esp32,1787204227702302076
lidar,1787204227776293416
esp32,1787204227802292440
lidar,1787204227876784838
esp32,1787204227901850293
lidar,1787204227976732382
esp32,1787204228022699816
lidar,1787204228076525816
esp32,1787204228102392455
lidar,1787204228176140697
esp32,1787204228202002823
lidar,1787204228275775690
esp32,1787204228302105662
lidar,1787204228375339342
esp32,1787204228402051560
lidar,1787204228475244683
esp32,1787204228501926243
lidar,1787204228574550973
esp32,1787204228601987219
lidar,1787204228674358874
esp32,1787204228702385871
lidar,1787204228773905296
esp32,1787204228822535616
lidar,1787204228873264557
esp32,1787204228902395795
lidar,1787204228973155397
esp32,1787204229002463629
lidar,1787204229072918266
esp32,1787204229122399778
lidar,1787204229172366174
esp32,1787204229202102420
lidar,1787204229272140355
esp32,1787204229302270278
lidar,1787204229371915782
esp32,1787204229422404792
lidar,1787204229471786525
esp32,1787204229522607516
lidar,1787204229572334295
esp32,1787204229622130564
lidar,1787204229672326225
esp32,1787204229722745184
lidar,1787204229772277308
esp32,1787204229821900868
lidar,1787204229872930047
esp32,1787204229921616859
lidar,1787204229972642862
esp32,1787204230021700532
lidar,1787204230072913364
esp32,1787204230121758147
lidar,1787204230172620259
esp32,1787204230201281957
lidar,1787204230272802123
esp32,1787204230301287826
lidar,1787204230373514790
esp32,1787204230402003393
lidar,1787204230473771249
esp32,1787204230501883249
lidar,1787204230574071344
esp32,1787204230601706846
lidar,1787204230674622946
esp32,1787204230701855382
lidar,1787204230774431746
esp32,1787204230801693545
lidar,1787204230873780203
esp32,1787204230922563818
lidar,1787204230973205155
esp32,1787204231001839202
lidar,1787204231072922830
esp32,1787204231122460271
lidar,1787204231172540949
esp32,1787204231222161035
lidar,1787204231271924587
esp32,1787204231322617663
lidar,1787204231371600695
esp32,1787204231422719190
lidar,1787204231471366785
esp32,1787204231522044232
lidar,1787204231570619323
esp32,1787204231621802018
lidar,1787204231670120440
esp32,1787204231722621268
lidar,1787204231769811590
esp32,1787204231822335078
lidar,1787204231870247085
esp32,1787204231922607043
lidar,1787204231969808153
esp32,1787204232022686821
lidar,1787204232070314083
esp32,1787204232102328291
lidar,1787204232170458406
esp32,1787204232201788379
lidar,1787204232270625097
esp32,1787204232301336170
lidar,1787204232370420865
esp32,1787204232401542102
lidar,1787204232470610762
esp32,1787204232501318649
lidar,1787204232571280078
esp32,1787204232601878782
lidar,1787204232672037848
esp32,1787204232702343004
lidar,1787204232771963400
esp32,1787204232802208806
lidar,1787204232872289443
esp32,1787204232902336397
lidar,1787204232971965948
esp32,1787204233001737414
lidar,1787204233071520297
esp32,1787204233122448157
lidar,1787204233171172167
esp32,1787204233222206001
lidar,1787204233270563036
esp32,1787204233322396422
lidar,1787204233370537986
esp32,1787204233422647492
lidar,1787204233470258800
esp32,1787204233522451666
lidar,1787204233570043115
esp32,1787204233622523600
lidar,1787204233669584378
esp32,1787204233722456837
lidar,1787204233769139069
esp32,1787204233822736421
lidar,1787204233868578269
esp32,1787204233901974064
lidar,1787204233967786353
esp32,1787204234001932882
lidar,1787204234067604531
esp32,1787204234122559562
lidar,1787204234167505828
esp32,1787204234202320779
lidar,1787204234267636665
esp32,1787204234302414704
lidar,1787204234367917594
esp32,1787204234401914090
lidar,1787204234467302911
esp32,1787204234501900475
lidar,1787204234567871180
esp32,1787204234602304009
lidar,1787204234668400656
esp32,1787204234702336637
lidar,1787204234768666024
esp32,1787204234822278131
lidar,1787204234869224831
esp32,1787204234922417166
lidar,1787204234969189598
esp32,1787204235022750922
lidar,1787204235069243706
esp32,1787204235122564792
lidar,1787204235169176208
esp32,1787204235222509365
lidar,1787204235269031897
esp32,1787204235322897590
lidar,1787204235368681216
esp32,1787204235422328719
lidar,1787204235468283610
esp32,1787204235522474914
lidar,1787204235567903953
esp32,1787204235622734752
lidar,1787204235667291440
esp32,1787204235702893424
lidar,1787204235767247574
esp32,1787204235802466865
lidar,1787204235866458668
esp32,1787204235902452765
lidar,1787204235966344439
esp32,1787204236022633676
lidar,1787204236066420629
esp32,1787204236102312453
lidar,1787204236166332654
esp32,1787204236202617590
lidar,1787204236266086021
esp32,1787204236302411860
lidar,1787204236365658606
esp32,1787204236402568158
lidar,1787204236465470844
esp32,1787204236502003051
lidar,1787204236565958700
esp32,1787204236602238710
lidar,1787204236666249274
esp32,1787204236702027301
lidar,1787204236766461876
esp32,1787204236802290664
lidar,1787204236866557155
esp32,1787204236922493974
lidar,1787204236967092138
esp32,1787204237002161422
lidar,1787204237067723714
esp32,1787204237102355046
lidar,1787204237167641377
esp32,1787204237202203215
lidar,1787204237267078800
esp32,1787204237302271894
lidar,1787204237367188141
esp32,1787204237402276279
lidar,1787204237466408813
esp32,1787204237502197489
lidar,1787204237566321383
esp32,1787204237602277368
lidar,1787204237665965061
esp32,1787204237701703466
lidar,1787204237766009576
esp32,1787204237802411458
lidar,1787204237865114383
esp32,1787204237902413678
lidar,1787204237964711009
esp32,1787204238002271159
lidar,1787204238064312573
esp32,1787204238102308508
lidar,1787204238164109673
esp32,1787204238222712808
lidar,1787204238263373124
esp32,1787204238302288927
lidar,1787204238363403011
esp32,1787204238402283512
lidar,1787204238463351792
esp32,1787204238522747693
lidar,1787204238563362358
esp32,1787204238622798237
lidar,1787204238663332186
esp32,1787204238722671001
lidar,1787204238763979064
esp32,1787204238822572364
lidar,1787204238864118184
esp32,1787204238922491992
lidar,1787204238964286650
esp32,1787204239022569870
lidar,1787204239064663766
esp32,1787204239122415604
lidar,1787204239165079950
esp32,1787204239222679318
lidar,1787204239265316127
esp32,1787204239322409408
lidar,1787204239365618027
esp32,1787204239422370298
lidar,1787204239465630525
esp32,1787204239522615374
lidar,1787204239565929147
esp32,1787204239622526590
lidar,1787204239665548462
esp32,1787204239701714368
lidar,1787204239765512323
esp32,1787204239802291633
lidar,1787204239864924430
esp32,1787204239902228679
lidar,1787204239964571337
esp32,1787204240001291440
lidar,1787204240063725830
esp32,1787204240121459205
lidar,1787204240163140927
esp32,1787204240201312599
lidar,1787204240262480792
esp32,1787204240321893244
lidar,1787204240362083395
esp32,1787204240422612623
lidar,1787204240461623988
esp32,1787204240502096738
lidar,1787204240561357477
esp32,1787204240622429902
lidar,1787204240661211909
esp32,1787204240722563450
lidar,1787204240761129629
esp32,1787204240822546114
lidar,1787204240861228964
esp32,1787204240922622234
lidar,1787204240961419147
esp32,1787204241022719328
lidar,1787204241061830371
esp32,1787204241122388780
lidar,1787204241161673508
esp32,1787204241222693148
lidar,1787204241261994967
esp32,1787204241302249177
lidar,1787204241362340922
esp32,1787204241401968129
lidar,1787204241462613698
esp32,1787204241502259221
lidar,1787204241563119853
esp32,1787204241602128530
lidar,1787204241662803900
esp32,1787204241702110681
lidar,1787204241762676496
esp32,1787204241802196593
lidar,1787204241862360135
esp32,1787204241902085967
lidar,1787204241962146209
esp32,1787204242002013215
lidar,1787204242061640121
esp32,1787204242102232846
lidar,1787204242161398440
esp32,1787204242222835880
lidar,1787204242261009197
esp32,1787204242322619827
lidar,1787204242360668149
esp32,1787204242422356577
lidar,1787204242460060161
esp32,1787204242522794814
lidar,1787204242560218628
esp32,1787204242622586597
lidar,1787204242659838524
esp32,1787204242722405378
lidar,1787204242759562824
esp32,1787204242822728316
lidar,1787204242859297395
esp32,1787204242922681290
lidar,1787204242958887688
esp32,1787204243022824267
lidar,1787204243058534715
esp32,1787204243102129115
lidar,1787204243158513962
esp32,1787204243202351285
lidar,1787204243258772560
esp32,1787204243302039775
lidar,1787204243359163086
esp32,1787204243402166194
lidar,1787204243459150225
esp32,1787204243502135183
lidar,1787204243559354009
esp32,1787204243602287655
lidar,1787204243659567036
esp32,1787204243722681773
lidar,1787204243759961920
esp32,1787204243802277877
lidar,1787204243860553055
esp32,1787204243922593595
lidar,1787204243960898643
esp32,1787204244022691038
lidar,1787204244061102401
esp32,1787204244122415200
lidar,1787204244160864864
esp32,1787204244222620177
lidar,1787204244260565008
esp32,1787204244322564097
lidar,1787204244360275757
esp32,1787204244422616554
lidar,1787204244460034761
esp32,1787204244522549326
lidar,1787204244559133246
esp32,1787204244622691221
lidar,1787204244659293566
esp32,1787204244722052593
lidar,1787204244758636379
esp32,1787204244822571612
lidar,1787204244858621409
esp32,1787204244902507116
lidar,1787204244958062143
esp32,1787204245001938552
lidar,1787204245057623992
esp32,1787204245102144704
lidar,1787204245157023306
esp32,1787204245202476319
lidar,1787204245256554309
esp32,1787204245302345076
lidar,1787204245356428942
esp32,1787204245402027865
lidar,1787204245456181411
esp32,1787204245501927106
lidar,1787204245556789111
esp32,1787204245602321929
lidar,1787204245656655528
esp32,1787204245722627693
lidar,1787204245756898801
esp32,1787204245802330865
lidar,1787204245856915230
esp32,1787204245902481116
lidar,1787204245956971469
esp32,1787204246002212014
lidar,1787204246057040132
esp32,1787204246102173196
lidar,1787204246156714427
esp32,1787204246222525362
lidar,1787204246257149444
esp32,1787204246302194596
lidar,1787204246357315562
esp32,1787204246422434658
lidar,1787204246457193701
esp32,1787204246502370477
lidar,1787204246557090380
esp32,1787204246602438559
lidar,1787204246656696258
esp32,1787204246702540739
lidar,1787204246756334451
esp32,1787204246802410579
lidar,1787204246856142308
esp32,1787204246902318232
lidar,1787204246956014652
esp32,1787204247002466419
lidar,1787204247055386791
esp32,1787204247102634967
lidar,1787204247154907277
esp32,1787204247202439452
lidar,1787204247254716286
esp32,1787204247302048233
lidar,1787204247354380360
esp32,1787204247402138712
lidar,1787204247454341249
esp32,1787204247502465219
lidar,1787204247554476507
esp32,1787204247602646863
lidar,1787204247654627009
esp32,1787204247722866105
lidar,1787204247754786930
esp32,1787204247822757719
lidar,1787204247855120709
esp32,1787204247922155051
lidar,1787204247955599911
esp32,1787204248022859155
lidar,1787204248055656864
esp32,1787204248122434313
lidar,1787204248156379516
esp32,1787204248222821304
lidar,1787204248257149768
esp32,1787204248322776264
lidar,1787204248357817151
esp32,1787204248422559445
lidar,1787204248457573836
esp32,1787204248522669045
lidar,1787204248558095938
esp32,1787204248601948763
lidar,1787204248657622441
esp32,1787204248701846651
lidar,1787204248757163128
esp32,1787204248802176167
lidar,1787204248856977970
esp32,1787204248922602586
lidar,1787204248957191272
esp32,1787204249022787391
lidar,1787204249056408387
esp32,1787204249122484612
lidar,1787204249156128742
esp32,1787204249222719400
lidar,1787204249256005974
esp32,1787204249302571204
lidar,1787204249355350841
esp32,1787204249401999007
lidar,1787204249454897735
esp32,1787204249522717830
lidar,1787204249554511138
esp32,1787204249622706362
lidar,1787204249654121083
esp32,1787204249722287705
lidar,1787204249754168930
esp32,1787204249822624065
lidar,1787204249854175530
esp32,1787204249922782862
lidar,1787204249953484119
esp32,1787204250021596297
lidar,1787204250052745006
esp32,1787204250121640022
lidar,1787204250152608455
esp32,1787204250221508275
lidar,1787204250252057956
esp32,1787204250322619726
lidar,1787204250352701116
esp32,1787204250402346424
lidar,1787204250452752960
esp32,1787204250502125761
lidar,1787204250552562903
esp32,1787204250602264735
lidar,1787204250653431843
esp32,1787204250722703999
lidar,1787204250753645425
esp32,1787204250802226052
lidar,1787204250854069820
esp32,1787204250902219402
lidar,1787204250954344713
esp32,1787204251002509641
lidar,1787204251054816971
esp32,1787204251102164392
lidar,1787204251154797589
esp32,1787204251222620633
lidar,1787204251254263456
esp32,1787204251322666814
lidar,1787204251354382210
esp32,1787204251422530760
lidar,1787204251454040184
esp32,1787204251522540043
lidar,1787204251553841079
esp32,1787204251622464988
lidar,1787204251653303845
esp32,1787204251722052476
lidar,1787204251753444012
esp32,1787204251822649355
lidar,1787204251852778560
esp32,1787204251922470492
lidar,1787204251952537251
esp32,1787204252022533216
lidar,1787204252052336359
esp32,1787204252122479106
lidar,1787204252151597789
esp32,1787204252222517351
lidar,1787204252251539458
esp32,1787204252302294661
lidar,1787204252351127104
esp32,1787204252422545214
lidar,1787204252450666913
esp32,1787204252522642291
lidar,1787204252550694856
esp32,1787204252602471664
lidar,1787204252650605713
esp32,1787204252702416161
lidar,1787204252750670229
esp32,1787204252802446677
lidar,1787204252851099326
esp32,1787204252901842877
lidar,1787204252951042212
esp32,1787204253002281218
lidar,1787204253051002520
esp32,1787204253121745411
lidar,1787204253151509508
esp32,1787204253222626167
lidar,1787204253252037355
esp32,1787204253322792802
lidar,1787204253352109944
esp32,1787204253422512272
lidar,1787204253452304714
esp32,1787204253522826408
lidar,1787204253553040076
esp32,1787204253622719054
lidar,1787204253652941776
esp32,1787204253722643416
lidar,1787204253752766722
esp32,1787204253822525012
lidar,1787204253852656124
esp32,1787204253922284277
lidar,1787204253952435063
esp32,1787204254022591636
lidar,1787204254052209826
esp32,1787204254102547272
lidar,1787204254151796360
esp32,1787204254201210874
lidar,1787204254251290210
esp32,1787204254302263210
lidar,1787204254351023104
esp32,1787204254401910694
lidar,1787204254450563527
esp32,1787204254502167222
lidar,1787204254550557756
esp32,1787204254602363895
lidar,1787204254650008838
esp32,1787204254702356465
lidar,1787204254750049485
esp32,1787204254822524522
lidar,1787204254850404177
esp32,1787204254922679356
lidar,1787204254950829826
esp32,1787204255022883208
lidar,1787204255051128891
esp32,1787204255122597928
lidar,1787204255151554084
esp32,1787204255222787319
lidar,1787204255252018888
esp32,1787204255322791190
lidar,1787204255352397646
esp32,1787204255402237239
lidar,1787204255452418778
esp32,1787204255502448026
lidar,1787204255552771728
esp32,1787204255602417306
lidar,1787204255652372462
esp32,1787204255702481106
lidar,1787204255751931646
esp32,1787204255802446744
lidar,1787204255851553999
esp32,1787204255902308787
lidar,1787204255950960844
esp32,1787204256002328889
lidar,1787204256050566574
esp32,1787204256102390951
lidar,1787204256150083935
esp32,1787204256202374027
lidar,1787204256249287383
esp32,1787204256302254912
lidar,1787204256349117980
esp32,1787204256402042786
lidar,1787204256448934755
esp32,1787204256522963890
lidar,1787204256549003288
esp32,1787204256602043155
lidar,1787204256648739555
esp32,1787204256722920043
lidar,1787204256749099135
esp32,1787204256822715055
lidar,1787204256849544858
esp32,1787204256922710067
lidar,1787204256950176141
esp32,1787204257022751633
lidar,1787204257050470974
esp32,1787204257122408398
lidar,1787204257150225971
esp32,1787204257222703566
lidar,1787204257250125197
esp32,1787204257322616685
lidar,1787204257350467284
esp32,1787204257422412054
lidar,1787204257450780193
esp32,1787204257522518944
lidar,1787204257550353867
esp32,1787204257622603684
lidar,1787204257650654109
esp32,1787204257722080823
lidar,1787204257750328594
esp32,1787204257801919798
lidar,1787204257850227031
esp32,1787204257901950683
lidar,1787204257949617926
esp32,1787204258002087412
lidar,1787204258049663794
esp32,1787204258101992528
lidar,1787204258149086988
esp32,1787204258222438554
lidar,1787204258248493910
esp32,1787204258302390376
lidar,1787204258348205266
esp32,1787204258402322750
lidar,1787204258447498218
esp32,1787204258502282220
lidar,1787204258547335435
esp32,1787204258602388745
lidar,1787204258646576486
esp32,1787204258722725821
lidar,1787204258746560891
esp32,1787204258822613645
lidar,1787204258846066369
esp32,1787204258922706178
lidar,1787204258945141730
esp32,1787204259022597972
lidar,1787204259044527266
esp32,1787204259122320542
lidar,1787204259145128202
esp32,1787204259222666485
lidar,1787204259245266614
esp32,1787204259322480905
lidar,1787204259345869755
esp32,1787204259422353171
lidar,1787204259445471835
esp32,1787204259522335339
lidar,1787204259545979482
esp32,1787204259602530693
lidar,1787204259646050209
esp32,1787204259722443071
lidar,1787204259745782674
esp32,1787204259802414044
lidar,1787204259845539699
esp32,1787204259902223533
lidar,1787204259945395614
esp32,1787204260001375691
lidar,1787204260044636242
esp32,1787204260101261632
lidar,1787204260144419509
esp32,1787204260201382347
lidar,1787204260243953473
esp32,1787204260322142238
lidar,1787204260343839102
esp32,1787204260422458300
lidar,1787204260443862288
esp32,1787204260522567160
lidar,1787204260543299915
esp32,1787204260622499923
lidar,1787204260643568572
esp32,1787204260722440743
lidar,1787204260743482353
esp32,1787204260822444216
lidar,1787204260843944679
esp32,1787204260922468162
lidar,1787204260943487026
esp32,1787204261022842670
lidar,1787204261044299341
esp32,1787204261122536395
lidar,1787204261144628245
esp32,1787204261222675537
lidar,1787204261244797430
esp32,1787204261322693535
lidar,1787204261345233971
esp32,1787204261422699900
lidar,1787204261445085565
esp32,1787204261502241284
lidar,1787204261545679146
esp32,1787204261601970907
lidar,1787204261645735848
esp32,1787204261702074416
lidar,1787204261745979812
esp32,1787204261802051571
lidar,1787204261845961099
esp32,1787204261902151775
lidar,1787204261945385637
esp32,1787204262002420836
lidar,1787204262045405856
esp32,1787204262102211961
lidar,1787204262145436482
esp32,1787204262202219818
lidar,1787204262244923011
esp32,1787204262301214577
lidar,1787204262344486705
esp32,1787204262422681348
lidar,1787204262444013831
esp32,1787204262522632199
lidar,1787204262544543573
esp32,1787204262622756959
lidar,1787204262643879908
esp32,1787204262722596623
lidar,1787204262743501875
esp32,1787204262822645806
lidar,1787204262843258372
esp32,1787204262922695434
lidar,1787204262943049495
esp32,1787204263022654285
lidar,1787204263042431468
esp32,1787204263122267848
lidar,1787204263142389940
esp32,1787204263222611463
lidar,1787204263242558695
esp32,1787204263322589704
lidar,1787204263342907941
esp32,1787204263402677735
lidar,1787204263443196118
esp32,1787204263522781575
lidar,1787204263543713347
esp32,1787204263602047937
lidar,1787204263643958333
esp32,1787204263722704309
lidar,1787204263744547086
esp32,1787204263822574197
lidar,1787204263845294392
esp32,1787204263922610958
lidar,1787204263946168405
esp32,1787204264022644291
lidar,1787204264046271053
esp32,1787204264122503016
lidar,1787204264146186062
esp32,1787204264222418851
lidar,1787204264245959232
esp32,1787204264321702573
lidar,1787204264345561424
esp32,1787204264422428090
lidar,1787204264445524031
esp32,1787204264522666271
lidar,1787204264545296019
esp32,1787204264602336100
lidar,1787204264645158485
esp32,1787204264702065070
lidar,1787204264744299639
esp32,1787204264802207373
lidar,1787204264844154531
esp32,1787204264902474230
lidar,1787204264943693325
esp32,1787204265022763935
lidar,1787204265042987352
esp32,1787204265102076238
lidar,1787204265143007199
esp32,1787204265222463194
lidar,1787204265243082611
esp32,1787204265302447031
lidar,1787204265343067749
esp32,1787204265402348742
lidar,1787204265443662992
esp32,1787204265502279378
lidar,1787204265543584273
esp32,1787204265602131445
lidar,1787204265643947310
esp32,1787204265702237898
lidar,1787204265743723616
esp32,1787204265802224977
lidar,1787204265844605579
esp32,1787204265922427662
lidar,1787204265944761880
esp32,1787204266022624502
lidar,1787204266045294252
esp32,1787204266122419679
lidar,1787204266145330223
esp32,1787204266222138860
lidar,1787204266245269010
esp32,1787204266322491491
lidar,1787204266345064815
esp32,1787204266422538634
lidar,1787204266444818963
esp32,1787204266522362422
lidar,1787204266544763204
esp32,1787204266622629765
lidar,1787204266644680040
esp32,1787204266722492280
lidar,1787204266743819962
esp32,1787204266822574714
lidar,1787204266843719116
esp32,1787204266922526337
lidar,1787204266943312600
esp32,1787204267022752850
lidar,1787204267042983650
esp32,1787204267102417585
lidar,1787204267143089397
esp32,1787204267202426927
lidar,1787204267242735134
esp32,1787204267302472753
lidar,1787204267342737171
esp32,1787204267402458450
lidar,1787204267442709393
esp32,1787204267502233523
lidar,1787204267542834417
esp32,1787204267601913047
lidar,1787204267642815682
esp32,1787204267702557332
lidar,1787204267743243737
esp32,1787204267822718971
lidar,1787204267843946256
esp32,1787204267922763893
lidar,1787204267944485303
esp32,1787204268022714996
lidar,1787204268043865624
esp32,1787204268122394012
lidar,1787204268143795106
esp32,1787204268222568951
lidar,1787204268243496492
esp32,1787204268322778266
lidar,1787204268343596686
esp32,1787204268422477531
lidar,1787204268443186464
esp32,1787204268522828175
lidar,1787204268543568455
esp32,1787204268622519621
lidar,1787204268643669471
esp32,1787204268722786746
lidar,1787204268742715124
esp32,1787204268822823963
lidar,1787204268842585797
esp32,1787204268902297268
lidar,1787204268942008036
esp32,1787204269002479371
lidar,1787204269041666870
esp32,1787204269102299979
lidar,1787204269141378644
esp32,1787204269222803174
lidar,1787204269240893534
esp32,1787204269322738896
lidar,1787204269340202579
esp32,1787204269402086198
lidar,1787204269439978232
esp32,1787204269522857918
lidar,1787204269540155944
lidar,1787204269640591386
esp32,1787204269641990219
esp32,1787204269722745017
lidar,1787204269741102843
esp32,1787204269822776492
lidar,1787204269841821404
esp32,1787204269922587787
lidar,1787204269941815825
esp32,1787204270021583079
lidar,1787204270041971643
esp32,1787204270121701895
lidar,1787204270142501840
esp32,1787204270221681554
lidar,1787204270242342212
esp32,1787204270322111009
lidar,1787204270342547388
esp32,1787204270422150136
lidar,1787204270442468223
esp32,1787204270523038445
lidar,1787204270542784611
esp32,1787204270602009675
lidar,1787204270642413945
esp32,1787204270701964380
lidar,1787204270741821160
esp32,1787204270802063467
lidar,1787204270841700946
esp32,1787204270902129490
lidar,1787204270941422580
esp32,1787204271002027168
lidar,1787204271040764245
esp32,1787204271102076743
lidar,1787204271140513497
esp32,1787204271202049705
lidar,1787204271240181544
esp32,1787204271322403215
lidar,1787204271339557343
esp32,1787204271422708819
lidar,1787204271439255665
esp32,1787204271522676912
lidar,1787204271539608343
esp32,1787204271622574546
lidar,1787204271639808517
esp32,1787204271722696867
lidar,1787204271739969940
esp32,1787204271822244121
lidar,1787204271840109748
esp32,1787204271922524686
lidar,1787204271940549511
esp32,1787204272022406715
lidar,1787204272040146842
esp32,1787204272122879877
lidar,1787204272141286511
esp32,1787204272222662270
lidar,1787204272241493201
esp32,1787204272322434561
lidar,1787204272342051410
esp32,1787204272422559882
lidar,1787204272441297425
esp32,1787204272502951165
lidar,1787204272542297993
esp32,1787204272602317577
lidar,1787204272641397312
esp32,1787204272702423621
lidar,1787204272741564116
esp32,1787204272802473845
lidar,1787204272840948623
esp32,1787204272902443277
lidar,1787204272940855779
esp32,1787204273022735058
lidar,1787204273040535992
esp32,1787204273123057155
lidar,1787204273140034936
esp32,1787204273222419440
lidar,1787204273240044621
esp32,1787204273322594573
lidar,1787204273340055969
esp32,1787204273422410924
lidar,1787204273439570448
esp32,1787204273522421655
lidar,1787204273539098599
esp32,1787204273622726575
lidar,1787204273638574007
esp32,1787204273722403331
lidar,1787204273738402865
esp32,1787204273822431223
lidar,1787204273838212742
esp32,1787204273902325890
lidar,1787204273938403382
esp32,1787204274002257698
lidar,1787204274038443399
esp32,1787204274101920908
lidar,1787204274138634070
esp32,1787204274202327164
lidar,1787204274238703975
esp32,1787204274301653612
lidar,1787204274338973603
esp32,1787204274401875289
lidar,1787204274439662581
esp32,1787204274502292251
lidar,1787204274540206150
esp32,1787204274602301159
lidar,1787204274640703247
esp32,1787204274702296854
lidar,1787204274741269651
esp32,1787204274802330870
lidar,1787204274841411579
esp32,1787204274902251565
lidar,1787204274941441180
esp32,1787204275022877275
lidar,1787204275041491880
esp32,1787204275122436435
lidar,1787204275140765274
esp32,1787204275222750988
lidar,1787204275240751527
esp32,1787204275322478650
lidar,1787204275340483244
esp32,1787204275422407633
lidar,1787204275439842062
esp32,1787204275522965899
lidar,1787204275540089477
esp32,1787204275622563500
lidar,1787204275640161626
esp32,1787204275722708954
lidar,1787204275739111327
esp32,1787204275822634622
lidar,1787204275838747747
esp32,1787204275922655264
lidar,1787204275938390647
esp32,1787204276022602432
lidar,1787204276038386030
esp32,1787204276102197980
lidar,1787204276138026901
esp32,1787204276202649433
lidar,1787204276237558190
esp32,1787204276322699698
lidar,1787204276337223084
esp32,1787204276401861454
lidar,1787204276437047043
esp32,1787204276502137480
lidar,1787204276536083097
esp32,1787204276602264842
lidar,1787204276635939609
esp32,1787204276701931973
lidar,1787204276736094498
esp32,1787204276801942911
lidar,1787204276836227800
esp32,1787204276922655929
lidar,1787204276936046630
esp32,1787204277022813980
lidar,1787204277036358471
esp32,1787204277122374039
lidar,1787204277136643762
esp32,1787204277222761249
lidar,1787204277237228579
esp32,1787204277322715531
lidar,1787204277337544829
esp32,1787204277422511949
lidar,1787204277437534669
esp32,1787204277521911806
lidar,1787204277537812299
esp32,1787204277622618600
lidar,1787204277637475832
esp32,1787204277722535698
lidar,1787204277737382381
esp32,1787204277822409962
lidar,1787204277837515746
esp32,1787204277922645630
lidar,1787204277937450363
esp32,1787204278022845650
lidar,1787204278037125471
esp32,1787204278122308995
lidar,1787204278136714535
esp32,1787204278202082774
lidar,1787204278236684662
esp32,1787204278322625662
lidar,1787204278336681316
esp32,1787204278402374996
lidar,1787204278436127070
esp32,1787204278502329098
lidar,1787204278535565021
esp32,1787204278602317687
lidar,1787204278635879815
esp32,1787204278702160196
lidar,1787204278735203736
esp32,1787204278822712636
lidar,1787204278834721754
esp32,1787204278922503081
lidar,1787204278934161636
esp32,1787204279022788862
lidar,1787204279034105918
esp32,1787204279122502231
lidar,1787204279133839759
esp32,1787204279222665037
lidar,1787204279233403517
esp32,1787204279322746449
lidar,1787204279332977066
esp32,1787204279422505071
lidar,1787204279432644046
esp32,1787204279522462859
lidar,1787204279532484233
esp32,1787204279622651538
lidar,1787204279631561218
esp32,1787204279722608989
lidar,1787204279731471432
esp32,1787204279822431376
lidar,1787204279831225760
esp32,1787204279922407298
lidar,1787204279931241535
esp32,1787204280021615907
lidar,1787204280031337398
esp32,1787204280101340562
lidar,1787204280131725759
esp32,1787204280201274069
lidar,1787204280231417918
esp32,1787204280301279820
lidar,1787204280332420629
esp32,1787204280402048248
lidar,1787204280432997340
esp32,1787204280502531172
lidar,1787204280533138240
esp32,1787204280622453524
lidar,1787204280633366559
esp32,1787204280722685480
lidar,1787204280733128722
esp32,1787204280821806695
lidar,1787204280832741615
esp32,1787204280922504807
lidar,1787204280933025918
esp32,1787204281022417973
lidar,1787204281032374607
esp32,1787204281122555758
lidar,1787204281132515673
esp32,1787204281222469979
lidar,1787204281232046087
esp32,1787204281322802699
lidar,1787204281331447889
esp32,1787204281422587969
lidar,1787204281431288539
esp32,1787204281522873940
lidar,1787204281530832072
esp32,1787204281622746552
lidar,1787204281630962932
esp32,1787204281722819324
lidar,1787204281731128482
esp32,1787204281822764768
lidar,1787204281831658949
esp32,1787204281922687505
lidar,1787204281931997763
esp32,1787204282022638371
lidar,1787204282032509536
esp32,1787204282122731904
lidar,1787204282132993910
esp32,1787204282222716448
lidar,1787204282232958663
esp32,1787204282322717028
lidar,1787204282333248862
esp32,1787204282402286431
lidar,1787204282432911172
esp32,1787204282522758501
lidar,1787204282532722267
esp32,1787204282622496440
lidar,1787204282632575805
esp32,1787204282722774002
lidar,1787204282732271760
esp32,1787204282822561544
lidar,1787204282831650249
esp32,1787204282922649740
lidar,1787204282931447865
esp32,1787204283022837908
lidar,1787204283030670630
esp32,1787204283102610786
lidar,1787204283130143092
esp32,1787204283202094353
lidar,1787204283230011528
esp32,1787204283302131859
lidar,1787204283330149422
esp32,1787204283402124370
lidar,1787204283429955020
esp32,1787204283501945367
lidar,1787204283530075506
esp32,1787204283602444593
lidar,1787204283630276319
esp32,1787204283702450025
lidar,1787204283730488754
esp32,1787204283801824804
lidar,1787204283830777278
esp32,1787204283901233077
lidar,1787204283930421861
esp32,1787204284002449905
lidar,1787204284031077529
esp32,1787204284102196461
lidar,1787204284131102319
esp32,1787204284202200191
lidar,1787204284230919459
esp32,1787204284302069846
lidar,1787204284330213798
esp32,1787204284422739807
lidar,1787204284430403383
esp32,1787204284522796908
lidar,1787204284529928520
esp32,1787204284622395411
lidar,1787204284629714283
esp32,1787204284722810513
lidar,1787204284729248613
lidar,1787204284829148023
esp32,1787204284842430280
esp32,1787204284922840083
lidar,1787204284928713175
esp32,1787204285022797314
lidar,1787204285028053167
esp32,1787204285122834498
lidar,1787204285127883420
esp32,1787204285222717408
lidar,1787204285227833069
esp32,1787204285322726105
lidar,1787204285327140799
esp32,1787204285422696382
lidar,1787204285426854435
esp32,1787204285522830456
lidar,1787204285526463063
esp32,1787204285622772701
lidar,1787204285626560487
esp32,1787204285722679908
lidar,1787204285726601341
esp32,1787204285802374892
lidar,1787204285827004317
esp32,1787204285902357420
lidar,1787204285927638269
esp32,1787204286002351290
lidar,1787204286027732562
esp32,1787204286102404303
lidar,1787204286128046408
esp32,1787204286202140434
lidar,1787204286228816884
esp32,1787204286322708260
lidar,1787204286329120906
esp32,1787204286422619977
lidar,1787204286428800719
esp32,1787204286522507642
lidar,1787204286529066272
esp32,1787204286621526296
lidar,1787204286627879038
esp32,1787204286722366123
lidar,1787204286727810417
esp32,1787204286822572057
lidar,1787204286827408586
esp32,1787204286922542072
lidar,1787204286927004142
esp32,1787204287022690916
lidar,1787204287026478373
esp32,1787204287122672500
lidar,1787204287125996113
esp32,1787204287222443789
lidar,1787204287225435580
esp32,1787204287322516324
lidar,1787204287325323893
esp32,1787204287422660940
lidar,1787204287425613053
esp32,1787204287522920261
lidar,1787204287525775209
esp32,1787204287602307764
lidar,1787204287625912777
esp32,1787204287702258774
lidar,1787204287726193148
esp32,1787204287802344783
lidar,1787204287826394812
esp32,1787204287902213892
lidar,1787204287926649514
esp32,1787204288002322447
lidar,1787204288026638158
esp32,1787204288122742886
lidar,1787204288126609268
esp32,1787204288222597592
lidar,1787204288226566779
esp32,1787204288322832185
lidar,1787204288326585706
esp32,1787204288422482859
lidar,1787204288426134373
esp32,1787204288522476780
lidar,1787204288525545394
esp32,1787204288622626653
lidar,1787204288625150798
esp32,1787204288722558240
lidar,1787204288724612526
esp32,1787204288822629343
lidar,1787204288824207147
esp32,1787204288922523990
lidar,1787204288923605362
esp32,1787204289022697088
lidar,1787204289023824241
esp32,1787204289122675960
lidar,1787204289123901745
esp32,1787204289222674005
lidar,1787204289223670250
esp32,1787204289322589258
lidar,1787204289323750947
esp32,1787204289422623440
lidar,1787204289424405006
esp32,1787204289502380375
lidar,1787204289524785531
esp32,1787204289602352934
lidar,1787204289625633627
esp32,1787204289702481546
lidar,1787204289726053580
esp32,1787204289802278339
lidar,1787204289826537508
esp32,1787204289922601065
lidar,1787204289926069723
esp32,1787204290021540017
lidar,1787204290025515708
esp32,1787204290121430495
lidar,1787204290125271847
esp32,1787204290221658626
lidar,1787204290225150885
esp32,1787204290322540985
lidar,1787204290325008295
esp32,1787204290422659619
lidar,1787204290424555648
esp32,1787204290522731978
lidar,1787204290524349305
esp32,1787204290622793303
lidar,1787204290623924185
esp32,1787204290722552998
lidar,1787204290723604171
esp32,1787204290822748963
lidar,1787204290823876981
esp32,1787204290922717624
lidar,1787204290923851942
esp32,1787204291022763157
lidar,1787204291024013866
esp32,1787204291122585702
lidar,1787204291123861923
esp32,1787204291222540757
lidar,1787204291223488978
esp32,1787204291322661399
lidar,1787204291323475235
esp32,1787204291422495607
lidar,1787204291423264379
esp32,1787204291522738797
lidar,1787204291523552555
esp32,1787204291622692870
lidar,1787204291624228580
esp32,1787204291722649996
lidar,1787204291724377082
esp32,1787204291822522648
lidar,1787204291824905444
esp32,1787204291922714294
lidar,1787204291925211869
esp32,1787204292022776675
lidar,1787204292025043997
esp32,1787204292122918470
lidar,1787204292125262211
esp32,1787204292222502100
lidar,1787204292224812433
esp32,1787204292321650017
lidar,1787204292324261965
esp32,1787204292422780392
lidar,1787204292424068033
esp32,1787204292522881301
lidar,1787204292524284551
esp32,1787204292622779482
lidar,1787204292623978118
esp32,1787204292721590007
lidar,1787204292723361643
esp32,1787204292822596001
lidar,1787204292823731349
esp32,1787204292921998871
lidar,1787204292922854579
esp32,1787204293022710068
lidar,1787204293023388598
esp32,1787204293122616651
lidar,1787204293123311206
lidar,1787204293222393487
esp32,1787204293223407822
lidar,1787204293322151189
esp32,1787204293323202413
lidar,1787204293421681526
esp32,1787204293422968127
lidar,1787204293521519703
esp32,1787204293522947682
lidar,1787204293621812521
esp32,1787204293622733606
lidar,1787204293722129585
esp32,1787204293723103132
esp32,1787204293822562113
lidar,1787204293823350193
esp32,1787204293922293328
lidar,1787204293923142870
esp32,1787204294022791329
lidar,1787204294023812051
esp32,1787204294122506948
lidar,1787204294123693920
esp32,1787204294222498785
lidar,1787204294223604586
esp32,1787204294322637400
lidar,1787204294323723587
esp32,1787204294422224456
lidar,1787204294423304741
lidar,1787204294522115176
esp32,1787204294523192682
lidar,1787204294621972991
esp32,1787204294623171094
lidar,1787204294721732854
esp32,1787204294722774800
lidar,1787204294821187173
esp32,1787204294821984870
lidar,1787204294920796307
esp32,1787204294922344364
lidar,1787204295020341280
esp32,1787204295022451605
lidar,1787204295119782793
esp32,1787204295122185379
lidar,1787204295219230224
esp32,1787204295222159125
lidar,1787204295318818494
esp32,1787204295322112542
lidar,1787204295418802367
esp32,1787204295422254502
lidar,1787204295519067347
esp32,1787204295522428331
lidar,1787204295619168876
esp32,1787204295622140559
lidar,1787204295719596004
esp32,1787204295722331802
lidar,1787204295819729581
esp32,1787204295822372133
lidar,1787204295920182404
esp32,1787204295922543266
lidar,1787204296021030158
esp32,1787204296023005182
lidar,1787204296121044140
esp32,1787204296122228118
lidar,1787204296221199820
esp32,1787204296222323899
lidar,1787204296321102307
esp32,1787204296322356125
lidar,1787204296421144334
esp32,1787204296422431731
lidar,1787204296520874569
esp32,1787204296522769474
lidar,1787204296620568237
esp32,1787204296622251150
lidar,1787204296720193663
esp32,1787204296722256131
lidar,1787204296819866257
esp32,1787204296822193982
lidar,1787204296919562293
esp32,1787204296922307556
lidar,1787204297018566539
esp32,1787204297022566849
lidar,1787204297118569337
esp32,1787204297122308783
lidar,1787204297218519804
esp32,1787204297222170783
lidar,1787204297318338088
esp32,1787204297322212328
lidar,1787204297418444238
esp32,1787204297422373541
lidar,1787204297518570931
esp32,1787204297522619231
lidar,1787204297618545304
esp32,1787204297621480442
lidar,1787204297718929344
esp32,1787204297722355341
lidar,1787204297819341412
esp32,1787204297822313534
lidar,1787204297919688896
esp32,1787204297922526306
lidar,1787204298019823038
esp32,1787204298022148548
lidar,1787204298119957125
esp32,1787204298122349606
lidar,1787204298219292967
esp32,1787204298221969272
lidar,1787204298319585788
esp32,1787204298322209481
lidar,1787204298419212849
esp32,1787204298422396303
lidar,1787204298518586269
esp32,1787204298522720564
lidar,1787204298618565026
esp32,1787204298622229120
lidar,1787204298718342812
esp32,1787204298722262259
lidar,1787204298818519930
esp32,1787204298822215247
lidar,1787204298918236854
esp32,1787204298922377490
lidar,1787204299017881409
esp32,1787204299022311684
lidar,1787204299117477937
esp32,1787204299122359215
lidar,1787204299217335683
esp32,1787204299222352526
lidar,1787204299317079848
esp32,1787204299322227820
lidar,1787204299416610407
esp32,1787204299421979384
lidar,1787204299516997756
esp32,1787204299522461002
lidar,1787204299617335494
esp32,1787204299622388432
lidar,1787204299717312412
esp32,1787204299722364114
lidar,1787204299818025024
esp32,1787204299822306660
lidar,1787204299918530415
esp32,1787204299922363348
lidar,1787204300018508185
esp32,1787204300021573765
lidar,1787204300118786798
esp32,1787204300121660871
lidar,1787204300218822960
esp32,1787204300221507194
lidar,1787204300319654007
esp32,1787204300321839926
lidar,1787204300419678669
esp32,1787204300422402604
lidar,1787204300519426533
esp32,1787204300522427307
lidar,1787204300619356004
esp32,1787204300622182463
lidar,1787204300718499277
esp32,1787204300721504056
lidar,1787204300818441586
esp32,1787204300822040929
lidar,1787204300917992212
esp32,1787204300922368779
lidar,1787204301017258045
esp32,1787204301022220889
lidar,1787204301117166155
esp32,1787204301122440315
lidar,1787204301216663412
esp32,1787204301222376013
lidar,1787204301316228272
esp32,1787204301322342677
lidar,1787204301416198682
esp32,1787204301422379954
lidar,1787204301516227897
esp32,1787204301522486239
lidar,1787204301616487179
esp32,1787204301622293686
lidar,1787204301716723714
esp32,1787204301722421935
lidar,1787204301817033988
esp32,1787204301822401950
lidar,1787204301917694479
esp32,1787204301922313315
lidar,1787204302017677606
esp32,1787204302022474948
lidar,1787204302118305443
esp32,1787204302122375949
lidar,1787204302218536687
esp32,1787204302222241344
lidar,1787204302318392182
esp32,1787204302322426534
lidar,1787204302417682959
esp32,1787204302422249299
lidar,1787204302517606880
esp32,1787204302522410514
lidar,1787204302617552080
esp32,1787204302622231962
lidar,1787204302717048049
esp32,1787204302722161625
lidar,1787204302816904917
esp32,1787204302822427897
lidar,1787204302916467122
esp32,1787204302922310748
lidar,1787204303015934362
esp32,1787204303022473911
lidar,1787204303115500971
esp32,1787204303122161100
lidar,1787204303214865540
esp32,1787204303222238902
lidar,1787204303314518598
esp32,1787204303322261938
lidar,1787204303414212399
esp32,1787204303422325240
lidar,1787204303513996650
esp32,1787204303522369455
lidar,1787204303613276413
esp32,1787204303622080804
lidar,1787204303713361838
esp32,1787204303722333412
lidar,1787204303812907842
esp32,1787204303822170869
lidar,1787204303912717451
esp32,1787204303922218142
lidar,1787204304012504239
esp32,1787204304022358300
lidar,1787204304113181949
esp32,1787204304122298050
lidar,1787204304213059595
esp32,1787204304222376952
lidar,1787204304313350172
esp32,1787204304322067511
lidar,1787204304413179812
esp32,1787204304422010668
lidar,1787204304513559170
esp32,1787204304522502979
lidar,1787204304614162491
esp32,1787204304622167586
lidar,1787204304714435623
esp32,1787204304722340856
lidar,1787204304814646083
esp32,1787204304822314505
lidar,1787204304915403067
esp32,1787204304922277693
lidar,1787204305016048634
esp32,1787204305022469172
lidar,1787204305115827058
esp32,1787204305122085526
lidar,1787204305215932457
esp32,1787204305222238248
lidar,1787204305315362354
esp32,1787204305322239515
lidar,1787204305415003303
esp32,1787204305422194957
lidar,1787204305514502284
esp32,1787204305522350991
lidar,1787204305613678804
esp32,1787204305622314189
lidar,1787204305712998303
esp32,1787204305722174658
lidar,1787204305812934516
esp32,1787204305822380400
lidar,1787204305912604477
esp32,1787204305922056553
lidar,1787204306012443505
esp32,1787204306022082273
lidar,1787204306112386130
esp32,1787204306122293240
lidar,1787204306212232946
esp32,1787204306222319633
lidar,1787204306312012764
esp32,1787204306322065930
lidar,1787204306411482417
esp32,1787204306422070685
lidar,1787204306511003345
esp32,1787204306522126359
lidar,1787204306610390466
esp32,1787204306622016667
lidar,1787204306710969228
esp32,1787204306722717956
lidar,1787204306810941447
esp32,1787204306822695226
lidar,1787204306911336052
esp32,1787204306922410491
lidar,1787204307011479674
esp32,1787204307022372563
lidar,1787204307111825818
esp32,1787204307122014506
lidar,1787204307212016417
esp32,1787204307222298462
lidar,1787204307311905280
esp32,1787204307322020424
lidar,1787204307411944689
esp32,1787204307422224289
lidar,1787204307512043399
esp32,1787204307522256060
lidar,1787204307611703822
esp32,1787204307622177775
lidar,1787204307711134792
esp32,1787204307722678354
lidar,1787204307810872423
esp32,1787204307822383644
lidar,1787204307910339189
esp32,1787204307922632709
lidar,1787204308010040545
esp32,1787204308022425585
lidar,1787204308109826137
esp32,1787204308122184977
lidar,1787204308209487729
esp32,1787204308222383589
lidar,1787204308308989696
esp32,1787204308322215289
lidar,1787204308408781735
esp32,1787204308422701436
lidar,1787204308508695394
esp32,1787204308522440621
lidar,1787204308608957829
esp32,1787204308622318034
lidar,1787204308709136515
esp32,1787204308722551187
lidar,1787204308809448381
esp32,1787204308822020805
lidar,1787204308909924756
esp32,1787204308922459920
lidar,1787204309010423700
esp32,1787204309022279063
lidar,1787204309110907419
esp32,1787204309122351428
lidar,1787204309210815199
esp32,1787204309222587362
lidar,1787204309310438162
esp32,1787204309322071263
lidar,1787204309410550232
esp32,1787204309422264197
lidar,1787204309510220363
esp32,1787204309522468118
lidar,1787204309609703905
esp32,1787204309622238679
lidar,1787204309709696269
esp32,1787204309722422242
lidar,1787204309809300525
esp32,1787204309822048137
lidar,1787204309908625266
esp32,1787204309922297116
lidar,1787204310008150477
esp32,1787204310021451941
lidar,1787204310107782206
esp32,1787204310121564683
lidar,1787204310207357028
esp32,1787204310221582977
lidar,1787204310307680126
esp32,1787204310321885962
lidar,1787204310407471855
esp32,1787204310422460404
lidar,1787204310507277790
esp32,1787204310522319359
lidar,1787204310607073673
esp32,1787204310622526447
lidar,1787204310706837034
esp32,1787204310722392748
lidar,1787204310806509582
esp32,1787204310822044400
lidar,1787204310906005987
esp32,1787204310922599280
lidar,1787204311005668348
esp32,1787204311022747047
lidar,1787204311105800901
esp32,1787204311122351697
lidar,1787204311205734453
esp32,1787204311222027881
lidar,1787204311306388514
esp32,1787204311322151365
lidar,1787204311406641398
esp32,1787204311422442802
lidar,1787204311507056793
esp32,1787204311522488966
lidar,1787204311607138778
esp32,1787204311622591158
lidar,1787204311707387934
esp32,1787204311722764608
lidar,1787204311807737237
esp32,1787204311822463925
lidar,1787204311908088652
esp32,1787204311921957922
lidar,1787204312008156914
esp32,1787204312022494292
lidar,1787204312108344561
esp32,1787204312121922900
lidar,1787204312207671370
esp32,1787204312221852317
lidar,1787204312307203617
esp32,1787204312322530540
lidar,1787204312406810903
esp32,1787204312421994605
lidar,1787204312506192200
esp32,1787204312522624437
lidar,1787204312605622493
esp32,1787204312622564182
lidar,1787204312705411843
esp32,1787204312722552133
lidar,1787204312805128557
esp32,1787204312822482607
lidar,1787204312904623966
esp32,1787204312922263464
lidar,1787204313003839333
esp32,1787204313022595013
lidar,1787204313104336887
esp32,1787204313122245155
lidar,1787204313203888796
esp32,1787204313222323224
lidar,1787204313303740869
esp32,1787204313322201738
lidar,1787204313403426837
esp32,1787204313422784194
lidar,1787204313502743623
esp32,1787204313522463383
lidar,1787204313602768682
esp32,1787204313622623818
lidar,1787204313702939106
esp32,1787204313722215718
lidar,1787204313802989844
esp32,1787204313822607317
lidar,1787204313903459522
esp32,1787204313922662785
lidar,1787204314003884249
esp32,1787204314022496149
lidar,1787204314104456817
esp32,1787204314122414964
lidar,1787204314204836695
esp32,1787204314222300333
lidar,1787204314305447187
esp32,1787204314322323804
lidar,1787204314405777689
esp32,1787204314422285585
lidar,1787204314505478009
esp32,1787204314522333800
lidar,1787204314605153870
esp32,1787204314622272209
lidar,1787204314705075329
esp32,1787204314722377335
lidar,1787204314804628962
esp32,1787204314822446301
lidar,1787204314904232885
esp32,1787204314922280966
lidar,1787204315003922239
esp32,1787204315022429923
lidar,1787204315103707107
esp32,1787204315122500855
lidar,1787204315203418113
esp32,1787204315222254650
lidar,1787204315303296710
esp32,1787204315322302578
lidar,1787204315402711809
esp32,1787204315422455895
lidar,1787204315502312783
esp32,1787204315522571821
lidar,1787204315601936429
esp32,1787204315622540363
lidar,1787204315701599208
esp32,1787204315722175813
lidar,1787204315801479761
esp32,1787204315822250647
lidar,1787204315900490814
esp32,1787204315922191112
lidar,1787204316000435731
esp32,1787204316022726341
lidar,1787204316100228042
esp32,1787204316122647475
lidar,1787204316200184540
esp32,1787204316222761587
lidar,1787204316301103767
esp32,1787204316322792269
lidar,1787204316400739730
esp32,1787204316422728747
lidar,1787204316501244604
esp32,1787204316522883880
lidar,1787204316601450857
esp32,1787204316622799132
lidar,1787204316701291175
esp32,1787204316722636856
lidar,1787204316802227561
esp32,1787204316822247091
lidar,1787204316902158956
esp32,1787204316922077101
lidar,1787204317002205140
esp32,1787204317022670724
lidar,1787204317102197739
esp32,1787204317122137230
lidar,1787204317202189263
esp32,1787204317222334628
lidar,1787204317301771532
esp32,1787204317322067873
lidar,1787204317401457086
esp32,1787204317422613765
lidar,1787204317501263326
esp32,1787204317522516203
lidar,1787204317600998971
esp32,1787204317622552853
lidar,1787204317700591733
esp32,1787204317722539170
lidar,1787204317800220335
esp32,1787204317822117869
lidar,1787204317899985220
esp32,1787204317922140501
lidar,1787204317999532756
esp32,1787204318022168051
lidar,1787204318098812007
esp32,1787204318121846905
lidar,1787204318198890700
esp32,1787204318222547676
lidar,1787204318298270030
esp32,1787204318322544276
lidar,1787204318398057077
esp32,1787204318421946413
lidar,1787204318498191474
esp32,1787204318522002359
lidar,1787204318598459859
esp32,1787204318622449857
lidar,1787204318698616026
esp32,1787204318722571717
lidar,1787204318799098702
esp32,1787204318822475243
lidar,1787204318899796739
esp32,1787204318922719984
lidar,1787204318999925860
esp32,1787204319022630457
lidar,1787204319100225528
esp32,1787204319122542251
lidar,1787204319200469117
esp32,1787204319222417491
lidar,1787204319300647836
esp32,1787204319322438752
lidar,1787204319400478959
esp32,1787204319422428632
lidar,1787204319500581698
esp32,1787204319522627660
lidar,1787204319599688856
esp32,1787204319622119890
lidar,1787204319699292022
esp32,1787204319722615829
lidar,1787204319799155112
esp32,1787204319822435451
lidar,1787204319898585171
esp32,1787204319922702425
lidar,1787204319998106551
esp32,1787204320021469591
lidar,1787204320097421709
esp32,1787204320121451843
lidar,1787204320197359392
esp32,1787204320222085819
lidar,1787204320296920819
esp32,1787204320321659844
lidar,1787204320397044764
esp32,1787204320422619781
lidar,1787204320496863615
esp32,1787204320522592792
lidar,1787204320596537322
esp32,1787204320622761244
lidar,1787204320696027580
esp32,1787204320722651981
lidar,1787204320796225161
esp32,1787204320822418545
lidar,1787204320895772221
esp32,1787204320922627495
lidar,1787204320996353467
esp32,1787204321022886066
lidar,1787204321096093820
esp32,1787204321122556195
lidar,1787204321196731405
esp32,1787204321222737997
lidar,1787204321296826745
esp32,1787204321322715442
lidar,1787204321397424896
esp32,1787204321422764087
lidar,1787204321497483052
esp32,1787204321522722914
lidar,1787204321597542396
esp32,1787204321622536986
lidar,1787204321697585216
esp32,1787204321722587583
lidar,1787204321797350419
esp32,1787204321822704805
lidar,1787204321897273076
esp32,1787204321922508156
lidar,1787204321996594790
esp32,1787204322022821661
lidar,1787204322096856172
esp32,1787204322122692876
lidar,1787204322196613482
esp32,1787204322222679005
lidar,1787204322296060054
esp32,1787204322322541463
lidar,1787204322395761483
esp32,1787204322422645225
lidar,1787204322495616242
esp32,1787204322522846057
lidar,1787204322595011212
esp32,1787204322622554630
lidar,1787204322694595444
esp32,1787204322722518473
lidar,1787204322794349417
esp32,1787204322822579670
lidar,1787204322893530153
esp32,1787204322922572835
lidar,1787204322993449785
esp32,1787204323022557483
lidar,1787204323093076820
esp32,1787204323122429467
lidar,1787204323193112513
esp32,1787204323222472006
lidar,1787204323293210969
esp32,1787204323322480415
lidar,1787204323393417372
esp32,1787204323422568977
lidar,1787204323493374545
esp32,1787204323522494755
lidar,1787204323593866629
esp32,1787204323622568143
lidar,1787204323693860872
esp32,1787204323722489325
lidar,1787204323794332651
esp32,1787204323822565070
lidar,1787204323894275951
esp32,1787204323922548296
lidar,1787204323994165096
esp32,1787204324022668760
lidar,1787204324094010403
esp32,1787204324122537696
lidar,1787204324193379969
esp32,1787204324222588278
lidar,1787204324292984306
esp32,1787204324322386531
lidar,1787204324392198421
esp32,1787204324422422876
lidar,1787204324491678826
esp32,1787204324522487877
lidar,1787204324591427047
esp32,1787204324622460273
lidar,1787204324690909071
esp32,1787204324722515820
lidar,1787204324790604925
esp32,1787204324822537572
lidar,1787204324890410857
esp32,1787204324922508155
lidar,1787204324990107529
esp32,1787204325022513115
lidar,1787204325090181517
esp32,1787204325122058734
lidar,1787204325190519939
esp32,1787204325222582648
lidar,1787204325290945851
esp32,1787204325342232481
lidar,1787204325390945998
esp32,1787204325422476508
lidar,1787204325491257055
esp32,1787204325522607358
lidar,1787204325591277662
esp32,1787204325622541165
lidar,1787204325691568702
esp32,1787204325722574323
lidar,1787204325791944111
esp32,1787204325822427307
lidar,1787204325891687066
esp32,1787204325922439334
lidar,1787204325991260826
esp32,1787204326022052570
lidar,1787204326090874377
esp32,1787204326122026426
lidar,1787204326190409770
esp32,1787204326222564435
lidar,1787204326290296373
esp32,1787204326322500363
lidar,1787204326389773504
esp32,1787204326422531012
lidar,1787204326489292695
esp32,1787204326522633570
lidar,1787204326588721906
esp32,1787204326622024249
lidar,1787204326688638161
esp32,1787204326722519467
lidar,1787204326788716827
esp32,1787204326822568128
lidar,1787204326888372334
esp32,1787204326922358475
lidar,1787204326988552176
esp32,1787204327022921822
lidar,1787204327088810505
esp32,1787204327122131452
lidar,1787204327188644962
esp32,1787204327222264919
lidar,1787204327288930065
esp32,1787204327322452137
lidar,1787204327389261276
esp32,1787204327422525561
lidar,1787204327489227614
esp32,1787204327522264829
lidar,1787204327589492867
esp32,1787204327622401922
lidar,1787204327690083390
esp32,1787204327722543012
lidar,1787204327790294866
esp32,1787204327822564566
lidar,1787204327890059092
esp32,1787204327922834534
lidar,1787204327989687709
esp32,1787204328022526994
lidar,1787204328089241466
esp32,1787204328122604534
lidar,1787204328188636580
esp32,1787204328222543049
lidar,1787204328288433202
esp32,1787204328322612107
lidar,1787204328387836243
esp32,1787204328422481196
lidar,1787204328487675433
esp32,1787204328522512011
lidar,1787204328587509914
esp32,1787204328621742277
lidar,1787204328686793606
esp32,1787204328722317692
lidar,1787204328787252487
esp32,1787204328822574294
lidar,1787204328887318323
esp32,1787204328922375636
lidar,1787204328987922154
esp32,1787204329022736785
lidar,1787204329088344230
esp32,1787204329122450679
lidar,1787204329188760686
esp32,1787204329222419852
lidar,1787204329288806702
esp32,1787204329322823581
lidar,1787204329389014942
esp32,1787204329422528992
lidar,1787204329488773893
esp32,1787204329522633787
lidar,1787204329588609580
esp32,1787204329622617661
lidar,1787204329688020092
esp32,1787204329722564937
lidar,1787204329787984197
esp32,1787204329822789240
lidar,1787204329887262712
esp32,1787204329922667842
lidar,1787204329986544511
esp32,1787204330021460375
lidar,1787204330086156510
esp32,1787204330121530212
lidar,1787204330185569389
esp32,1787204330221515251
lidar,1787204330285384863
esp32,1787204330321807976
lidar,1787204330385810268
esp32,1787204330422630218
lidar,1787204330485610557
esp32,1787204330522711108
lidar,1787204330585336713
esp32,1787204330622580624
lidar,1787204330685028323
esp32,1787204330722669075
lidar,1787204330784414465
esp32,1787204330822844296
lidar,1787204330884114080
esp32,1787204330922810747
lidar,1787204330984003736
esp32,1787204331022837919
lidar,1787204331084185794
esp32,1787204331122689405
lidar,1787204331184558885
esp32,1787204331222593362
lidar,1787204331284739375
esp32,1787204331322928831
lidar,1787204331385068015
esp32,1787204331422666032
lidar,1787204331485637817
esp32,1787204331522934211
lidar,1787204331585616084
esp32,1787204331622690376
lidar,1787204331686267126
esp32,1787204331722769098
lidar,1787204331786308810
esp32,1787204331822842629
lidar,1787204331886457085
esp32,1787204331922698043
lidar,1787204331986160953
esp32,1787204332022736495
lidar,1787204332085992978
esp32,1787204332122783717
lidar,1787204332185663172
esp32,1787204332222694459
lidar,1787204332285199506
esp32,1787204332322647939
lidar,1787204332385067299
esp32,1787204332422784064
lidar,1787204332484673690
esp32,1787204332522828558
lidar,1787204332584749736
esp32,1787204332622662086
lidar,1787204332684192154
esp32,1787204332722810733
lidar,1787204332783661935
esp32,1787204332822596553
lidar,1787204332883761344
esp32,1787204332922680636
lidar,1787204332983459566
esp32,1787204333022888745
lidar,1787204333083441136
esp32,1787204333122536397
lidar,1787204333183071709
esp32,1787204333222740556
lidar,1787204333282929363
esp32,1787204333322734932
lidar,1787204333383262824
esp32,1787204333422607117
lidar,1787204333482882455
esp32,1787204333522582009
lidar,1787204333583374692
esp32,1787204333622669838
lidar,1787204333683176415
esp32,1787204333722633296
lidar,1787204333783782672
esp32,1787204333822808510
lidar,1787204333884292551
esp32,1787204333922651397
lidar,1787204333983983714
esp32,1787204334022633069
lidar,1787204334084891668
esp32,1787204334122749993
lidar,1787204334184738420
esp32,1787204334222803595
lidar,1787204334284552809
esp32,1787204334322803125
lidar,1787204334384366473
esp32,1787204334422666960
lidar,1787204334483883331
esp32,1787204334522610942
lidar,1787204334583303604
esp32,1787204334622769823
lidar,1787204334683043909
esp32,1787204334722562545
lidar,1787204334782772070
esp32,1787204334822398006
lidar,1787204334882631565
esp32,1787204334922639916
lidar,1787204334982654198
esp32,1787204335022756814
lidar,1787204335082274726
esp32,1787204335122502398
lidar,1787204335182058787
esp32,1787204335222526810
lidar,1787204335281561469
esp32,1787204335322585189
lidar,1787204335381805013
esp32,1787204335422543430
lidar,1787204335481325677
esp32,1787204335522611380
lidar,1787204335581252042
esp32,1787204335622508159
lidar,1787204335681455826
esp32,1787204335722531164
lidar,1787204335781875651
esp32,1787204335822519966
lidar,1787204335882355331
esp32,1787204335922666979
lidar,1787204335982381344
esp32,1787204336022738014
lidar,1787204336082981722
esp32,1787204336122539818
lidar,1787204336182969271
esp32,1787204336222553021
lidar,1787204336283223746
esp32,1787204336322684564
lidar,1787204336382797473
esp32,1787204336422637993
lidar,1787204336482697690
esp32,1787204336522606045
lidar,1787204336582549734
esp32,1787204336622757467
lidar,1787204336682077546
esp32,1787204336722676949
lidar,1787204336781811787
esp32,1787204336822390501
lidar,1787204336881734801
esp32,1787204336922468337
lidar,1787204336980594300
esp32,1787204337022721992
lidar,1787204337080439780
esp32,1787204337122463824
lidar,1787204337179833494
esp32,1787204337222631567
lidar,1787204337280038499
esp32,1787204337322633181
lidar,1787204337379822868
esp32,1787204337422683982
lidar,1787204337480502842
esp32,1787204337522880094
lidar,1787204337580839338
esp32,1787204337622703406
lidar,1787204337680920712
esp32,1787204337722709459
lidar,1787204337780835620
esp32,1787204337821712839
lidar,1787204337881418511
esp32,1787204337922517027
lidar,1787204337981395605
esp32,1787204338022664094
lidar,1787204338081236125
esp32,1787204338122487596
lidar,1787204338180838731
esp32,1787204338222216717
lidar,1787204338280469747
esp32,1787204338322030678
lidar,1787204338380064139
esp32,1787204338422584039
lidar,1787204338479762339
esp32,1787204338522397453
lidar,1787204338579408385
esp32,1787204338621926800
lidar,1787204338678755931
esp32,1787204338722295902
lidar,1787204338778629400
esp32,1787204338822566452
lidar,1787204338878161283
esp32,1787204338922698628
lidar,1787204338977650795
esp32,1787204339022024627
lidar,1787204339077626446
esp32,1787204339122543702
lidar,1787204339177663263
esp32,1787204339222577612
lidar,1787204339277668815
esp32,1787204339321929204
lidar,1787204339377429195
esp32,1787204339422692778
lidar,1787204339477865538
esp32,1787204339522462997
lidar,1787204339578098012
esp32,1787204339621998907
lidar,1787204339678387171
esp32,1787204339722583752
lidar,1787204339778421733
esp32,1787204339822359814
lidar,1787204339878456265
esp32,1787204339922569427
lidar,1787204339977638379
esp32,1787204340021510592
lidar,1787204340077561223
esp32,1787204340121527233
lidar,1787204340177117222
esp32,1787204340221721933
lidar,1787204340276210694
esp32,1787204340321857876
lidar,1787204340376526780
esp32,1787204340422711876
lidar,1787204340476379542
esp32,1787204340542175017
lidar,1787204340575514413
esp32,1787204340621930767
lidar,1787204340675214289
esp32,1787204340722700210
lidar,1787204340775233598
esp32,1787204340822397380
lidar,1787204340875171893
esp32,1787204340922561300
lidar,1787204340975202509
esp32,1787204341022186222
lidar,1787204341075899631
esp32,1787204341122503658
lidar,1787204341176257060
esp32,1787204341222504591
lidar,1787204341276334485
esp32,1787204341322544135
lidar,1787204341376578228
esp32,1787204341422668286
lidar,1787204341477025035
esp32,1787204341523027908
lidar,1787204341577261809
esp32,1787204341622437950
lidar,1787204341676886435
esp32,1787204341722431995
lidar,1787204341776449884
esp32,1787204341822259265
lidar,1787204341876046022
esp32,1787204341922768980
lidar,1787204341975207745
esp32,1787204342022627087
lidar,1787204342074812967
esp32,1787204342122686065
lidar,1787204342174468396
esp32,1787204342222599525
lidar,1787204342274143267
esp32,1787204342322297435
lidar,1787204342373531114
esp32,1787204342422552864
lidar,1787204342473458402
esp32,1787204342522600182
lidar,1787204342573241896
esp32,1787204342622643657
lidar,1787204342673443495
esp32,1787204342722618985
lidar,1787204342773324814
esp32,1787204342822747988
lidar,1787204342873443714
esp32,1787204342922533406
lidar,1787204342973558985
esp32,1787204343022023100
lidar,1787204343074075879
esp32,1787204343122420077
lidar,1787204343174478949
esp32,1787204343222633080
lidar,1787204343274779565
esp32,1787204343322684714
lidar,1787204343374327177
esp32,1787204343422444063
lidar,1787204343475102778
esp32,1787204343522740304
lidar,1787204343575455694
esp32,1787204343622540566
lidar,1787204343675596865
esp32,1787204343722553753
lidar,1787204343775485901
esp32,1787204343822557951
lidar,1787204343875285292
esp32,1787204343922537417
lidar,1787204343975099890
esp32,1787204344022727759
lidar,1787204344074411458
esp32,1787204344122651687
lidar,1787204344174071677
esp32,1787204344222815174
lidar,1787204344273252848
esp32,1787204344322835820
lidar,1787204344373191396
esp32,1787204344422692249
lidar,1787204344472850811
esp32,1787204344522815001
lidar,1787204344572202529
esp32,1787204344622668570
lidar,1787204344671852041
esp32,1787204344722515867
lidar,1787204344771628470
esp32,1787204344822601056
lidar,1787204344871433285
esp32,1787204344923028400
lidar,1787204344971048521
esp32,1787204345022660541
lidar,1787204345070940171
esp32,1787204345122696334
lidar,1787204345171126185
esp32,1787204345222446059
lidar,1787204345271323649
esp32,1787204345322508565
lidar,1787204345371644956
esp32,1787204345422260559
lidar,1787204345472104020
esp32,1787204345522884637
lidar,1787204345572482000
esp32,1787204345622779658
lidar,1787204345672807729
esp32,1787204345722651681
lidar,1787204345773313041
esp32,1787204345822777930
lidar,1787204345873091312
esp32,1787204345922550562
lidar,1787204345973026127
esp32,1787204346022906199
lidar,1787204346072946569
esp32,1787204346122607845
lidar,1787204346172938892
esp32,1787204346222717030
lidar,1787204346272421464
esp32,1787204346322444458
lidar,1787204346372046256
esp32,1787204346422636292
lidar,1787204346471327358
esp32,1787204346522782754
lidar,1787204346570843925
esp32,1787204346622639635
lidar,1787204346670579040
esp32,1787204346722684368
lidar,1787204346770411559
esp32,1787204346822726076
lidar,1787204346870020833
esp32,1787204346922516827
lidar,1787204346970210369
esp32,1787204347022608542
lidar,1787204347070588073
esp32,1787204347122761139
lidar,1787204347170816316
esp32,1787204347222515073
lidar,1787204347270698663
esp32,1787204347322505798
lidar,1787204347371158540
esp32,1787204347422083329
lidar,1787204347471145855
esp32,1787204347522824516
lidar,1787204347571571718
esp32,1787204347622649012
lidar,1787204347671785027
esp32,1787204347722722013
lidar,1787204347771763715
esp32,1787204347822746938
lidar,1787204347872099931
esp32,1787204347922660173
lidar,1787204347971472585
esp32,1787204348022660381
lidar,1787204348071900508
esp32,1787204348122651269
lidar,1787204348171050916
esp32,1787204348222473251
lidar,1787204348270716060
esp32,1787204348322520581
lidar,1787204348370710524
esp32,1787204348422608359
lidar,1787204348469983332
esp32,1787204348522606406
lidar,1787204348569459151
esp32,1787204348622458603
lidar,1787204348668870499
esp32,1787204348722550105
lidar,1787204348768713143
esp32,1787204348822630564
lidar,1787204348867916321
esp32,1787204348922736037
lidar,1787204348967810836
esp32,1787204349021898924
lidar,1787204349067033256
esp32,1787204349122884285
lidar,1787204349167162276
esp32,1787204349222622239
lidar,1787204349267440166
esp32,1787204349322634049
lidar,1787204349367854720
esp32,1787204349422502809
lidar,1787204349468237733
esp32,1787204349522926823
lidar,1787204349568745001
esp32,1787204349622899155
lidar,1787204349669020979
esp32,1787204349722575598
lidar,1787204349769414766
esp32,1787204349822778149
lidar,1787204349869271441
esp32,1787204349922438174
lidar,1787204349969041860
esp32,1787204350021606581
lidar,1787204350068613850
esp32,1787204350121686719
lidar,1787204350168028336
esp32,1787204350221394616
lidar,1787204350267587103
esp32,1787204350322038412
lidar,1787204350367884056
esp32,1787204350422581245
lidar,1787204350467517868
esp32,1787204350522905706
lidar,1787204350567071353
esp32,1787204350622561393
lidar,1787204350666771289
esp32,1787204350722824921
lidar,1787204350766528932
esp32,1787204350822556034
lidar,1787204350866112818
esp32,1787204350922607140
lidar,1787204350966854907
esp32,1787204351022753362
lidar,1787204351067142927
esp32,1787204351122530078
lidar,1787204351167359743
esp32,1787204351222498885
lidar,1787204351267697470
esp32,1787204351322610687
lidar,1787204351367932713
esp32,1787204351422594910
lidar,1787204351468001714
esp32,1787204351522522403
lidar,1787204351568993927
esp32,1787204351622513620
lidar,1787204351669192270
esp32,1787204351722648967
lidar,1787204351768895574
esp32,1787204351822765316
lidar,1787204351868815459
esp32,1787204351922654810
lidar,1787204351968754961
esp32,1787204352022759035
lidar,1787204352068520199
esp32,1787204352122574070
lidar,1787204352168106799
esp32,1787204352222789830
lidar,1787204352267534520
esp32,1787204352321692458
lidar,1787204352366697747
esp32,1787204352421564899
lidar,1787204352466727697
esp32,1787204352522778756
lidar,1787204352566165040
esp32,1787204352622501123
lidar,1787204352666413388
esp32,1787204352722589947
lidar,1787204352765813541
esp32,1787204352822485959
lidar,1787204352865265073
esp32,1787204352922467324
lidar,1787204352965009821
esp32,1787204353022632712
lidar,1787204353064497428
esp32,1787204353122498513
lidar,1787204353164585553
esp32,1787204353222466597
lidar,1787204353264730905
esp32,1787204353322517077
lidar,1787204353364771467
esp32,1787204353422267774
lidar,1787204353465433730
esp32,1787204353522418592
lidar,1787204353565639939
esp32,1787204353622647739
lidar,1787204353665940446
esp32,1787204353722594064
lidar,1787204353766169359
esp32,1787204353822588569
lidar,1787204353866455898
esp32,1787204353922381920
lidar,1787204353966498623
esp32,1787204354022728787
lidar,1787204354066385833
esp32,1787204354122631298
lidar,1787204354166107505
esp32,1787204354222781361
lidar,1787204354265769860
esp32,1787204354322742734
lidar,1787204354365462237
esp32,1787204354422448637
lidar,1787204354465093900
esp32,1787204354522698277
lidar,1787204354564382588
esp32,1787204354622571854
lidar,1787204354663819518
esp32,1787204354722556293
lidar,1787204354763713935
esp32,1787204354822511463
lidar,1787204354863477283
esp32,1787204354922576915
lidar,1787204354962806122
esp32,1787204355022568748
lidar,1787204355062829171
esp32,1787204355122342234
lidar,1787204355163087989
esp32,1787204355222419264
lidar,1787204355263198443
esp32,1787204355322464695
lidar,1787204355363462535
esp32,1787204355422576529
lidar,1787204355464019644
esp32,1787204355522480634
lidar,1787204355564674433
esp32,1787204355622616670
lidar,1787204355664615315
esp32,1787204355722176802
lidar,1787204355765426101
esp32,1787204355822606494
lidar,1787204355865999413
esp32,1787204355922436985
lidar,1787204355965858401
esp32,1787204356022582324
lidar,1787204356065706818
esp32,1787204356122406891
lidar,1787204356165495735
esp32,1787204356222377232
lidar,1787204356265153410
esp32,1787204356322531411
lidar,1787204356364894501
esp32,1787204356422672728
lidar,1787204356464439266
esp32,1787204356522609347
lidar,1787204356563997278
esp32,1787204356622565109
lidar,1787204356663300344
esp32,1787204356722627523
lidar,1787204356762795922
esp32,1787204356822666342
lidar,1787204356862479868
esp32,1787204356922687834
lidar,1787204356962108839
esp32,1787204357022915992
lidar,1787204357061671015
esp32,1787204357122596764
lidar,1787204357161468080
esp32,1787204357222717035
lidar,1787204357260781126
esp32,1787204357322709534
lidar,1787204357360644403
esp32,1787204357422765145
lidar,1787204357461071469
esp32,1787204357522816920
lidar,1787204357561449059
esp32,1787204357622688075
lidar,1787204357661613135
esp32,1787204357722674170
lidar,1787204357761778537
esp32,1787204357822804554
lidar,1787204357862176026
esp32,1787204357922680433
lidar,1787204357962485179
esp32,1787204358022931666
lidar,1787204358063241106
esp32,1787204358122876650
lidar,1787204358163663342
esp32,1787204358222591969
lidar,1787204358263799310
esp32,1787204358322945811
lidar,1787204358363627890
esp32,1787204358422999638
lidar,1787204358463865774
esp32,1787204358522761428
lidar,1787204358563078993
esp32,1787204358622902624
lidar,1787204358662664456
esp32,1787204358722524605
lidar,1787204358762436708
esp32,1787204358823011181
lidar,1787204358862363703
esp32,1787204358922739565
lidar,1787204358962352863
esp32,1787204359022832708
lidar,1787204359062127453
esp32,1787204359122692267
lidar,1787204359161719698
esp32,1787204359222671652
lidar,1787204359261422863
esp32,1787204359322732943
lidar,1787204359361162604
esp32,1787204359422634599
lidar,1787204359460749411
esp32,1787204359522846110
lidar,1787204359560105897
esp32,1787204359622751984
lidar,1787204359659644611
esp32,1787204359722682650
lidar,1787204359758809644
esp32,1787204359822802019
lidar,1787204359858610962
esp32,1787204359922534856
lidar,1787204359958060314
esp32,1787204360021688017
lidar,1787204360057255608
esp32,1787204360121529546
lidar,1787204360157395489
esp32,1787204360221650026
lidar,1787204360257275812
esp32,1787204360321738681
lidar,1787204360358026990
esp32,1787204360422418076
lidar,1787204360458292937
esp32,1787204360522813835
lidar,1787204360558969073
esp32,1787204360622577538
lidar,1787204360658835737
esp32,1787204360722691437
lidar,1787204360758964442
esp32,1787204360842480255
lidar,1787204360859294611
esp32,1787204360922586703
lidar,1787204360959730200
esp32,1787204361022849062
lidar,1787204361059525405
esp32,1787204361122715944
lidar,1787204361159255665
esp32,1787204361222661365
lidar,1787204361258902828
esp32,1787204361322805418
lidar,1787204361358406487
esp32,1787204361422778656
lidar,1787204361458362982
esp32,1787204361522873038
lidar,1787204361557980912
esp32,1787204361622477405
lidar,1787204361658026741
esp32,1787204361722688147
lidar,1787204361757606055
esp32,1787204361822836142
lidar,1787204361857545186
esp32,1787204361922762292
lidar,1787204361957206152
esp32,1787204362021596010
lidar,1787204362056745930
esp32,1787204362122723451
lidar,1787204362155903410
esp32,1787204362222777725
lidar,1787204362255755645
esp32,1787204362322782412
lidar,1787204362355636848
esp32,1787204362422715704
lidar,1787204362455917621
esp32,1787204362522937989
lidar,1787204362555726993
esp32,1787204362622721621
lidar,1787204362656213545
esp32,1787204362722594750
lidar,1787204362755900841
esp32,1787204362822764676
lidar,1787204362856577657
esp32,1787204362922672129
lidar,1787204362956621501
esp32,1787204363022811260
lidar,1787204363056837607
esp32,1787204363122713859
lidar,1787204363157141645
esp32,1787204363222477109
lidar,1787204363257472477
esp32,1787204363322580035
lidar,1787204363358242623
esp32,1787204363422898533
lidar,1787204363458379996
esp32,1787204363522602771
lidar,1787204363558172654
esp32,1787204363621628906
lidar,1787204363658147481
esp32,1787204363722737166
lidar,1787204363757732646
esp32,1787204363823051284
lidar,1787204363857196928
esp32,1787204363922709808
lidar,1787204363957013019
esp32,1787204364022901507
lidar,1787204364056761231
esp32,1787204364122805245
lidar,1787204364156472017
esp32,1787204364222702106
lidar,1787204364256259606
esp32,1787204364322681505
lidar,1787204364355710727
esp32,1787204364422895650
lidar,1787204364455217176
esp32,1787204364522804306
lidar,1787204364554347114
esp32,1787204364622727926
lidar,1787204364654282263
esp32,1787204364722568509
lidar,1787204364754516947
esp32,1787204364822838527
lidar,1787204364855020649
esp32,1787204364922580956
lidar,1787204364954618879
esp32,1787204365022894143
lidar,1787204365055316024
esp32,1787204365122809852
lidar,1787204365155351373
esp32,1787204365222623876
lidar,1787204365255915939
esp32,1787204365322723726
lidar,1787204365355992674
esp32,1787204365422828643
lidar,1787204365456038703
esp32,1787204365522781059
lidar,1787204365556402300
esp32,1787204365622797186
lidar,1787204365656568661
esp32,1787204365722687592
lidar,1787204365756084028
esp32,1787204365822704099
lidar,1787204365856018021
esp32,1787204365922784168
lidar,1787204365955567806
esp32,1787204366022794559
lidar,1787204366055351488
esp32,1787204366122675773
lidar,1787204366154629118
esp32,1787204366222745036
lidar,1787204366254670468
esp32,1787204366322617900
lidar,1787204366354193491
esp32,1787204366422720013
lidar,1787204366454015889
esp32,1787204366522928821
lidar,1787204366554074913
esp32,1787204366622852874
lidar,1787204366653729343
esp32,1787204366722822878
lidar,1787204366753261590
esp32,1787204366822855995
lidar,1787204366852822546
esp32,1787204366921592973
lidar,1787204366952002142
esp32,1787204367022137638
lidar,1787204367051898556
esp32,1787204367122560848
lidar,1787204367152543700
esp32,1787204367222763011
lidar,1787204367252831873
esp32,1787204367323034549
lidar,1787204367353072281
esp32,1787204367422860813
lidar,1787204367453442182
esp32,1787204367522329651
lidar,1787204367553603025
esp32,1787204367622836527
lidar,1787204367653863665
esp32,1787204367722550640
lidar,1787204367753890487
esp32,1787204367822092749
lidar,1787204367853441054
esp32,1787204367922269193
lidar,1787204367953922394
esp32,1787204368022297937
lidar,1787204368054404068
esp32,1787204368122663641
lidar,1787204368154091543
esp32,1787204368222898562
lidar,1787204368253678893
esp32,1787204368322365591
lidar,1787204368353084478
esp32,1787204368422805758
lidar,1787204368453298964
esp32,1787204368523038791
lidar,1787204368553216803
esp32,1787204368622907788
lidar,1787204368652578276
esp32,1787204368722693694
lidar,1787204368752094719
esp32,1787204368822197857
lidar,1787204368851964029
esp32,1787204368922421950
lidar,1787204368951226725
esp32,1787204369022345302
lidar,1787204369051102447
esp32,1787204369122453476
lidar,1787204369150933344
esp32,1787204369222446599
lidar,1787204369250707379
esp32,1787204369322352899
lidar,1787204369350402718
esp32,1787204369422539485
lidar,1787204369451116302
esp32,1787204369522489255
lidar,1787204369550998333
esp32,1787204369622617978
lidar,1787204369651452997
esp32,1787204369722156475
lidar,1787204369751500296
esp32,1787204369822474603
lidar,1787204369852055781
esp32,1787204369922528945
lidar,1787204369952543463
esp32,1787204370021574039
lidar,1787204370051986412
esp32,1787204370121514577
lidar,1787204370151718662
esp32,1787204370221557560
lidar,1787204370251589098
esp32,1787204370321913507
lidar,1787204370351627560
esp32,1787204370422591003
lidar,1787204370450885466
esp32,1787204370522647879
lidar,1787204370551236955
esp32,1787204370622853164
lidar,1787204370650776048
esp32,1787204370722467881
lidar,1787204370750392487
esp32,1787204370822550072
lidar,1787204370850107458
esp32,1787204370922447754
lidar,1787204370949795575
esp32,1787204371022858000
lidar,1787204371049402129
esp32,1787204371122568132
lidar,1787204371149711349
esp32,1787204371222654319
lidar,1787204371249441322
esp32,1787204371322498756
lidar,1787204371348919195
esp32,1787204371422739729
lidar,1787204371448364139
esp32,1787204371522749058
lidar,1787204371548186055
esp32,1787204371622749085
lidar,1787204371647647301
esp32,1787204371721627008
lidar,1787204371748018574
esp32,1787204371822669339
lidar,1787204371848538016
esp32,1787204371922581447
lidar,1787204371948494845
esp32,1787204372022774519
lidar,1787204372048648019
esp32,1787204372122722714
lidar,1787204372149225202
esp32,1787204372222620536
lidar,1787204372249467623
esp32,1787204372322745123
lidar,1787204372349523361
esp32,1787204372422724336
lidar,1787204372449833346
esp32,1787204372522705908
lidar,1787204372549276188
esp32,1787204372622734595
lidar,1787204372649447337
esp32,1787204372722568874
lidar,1787204372749315344
esp32,1787204372822730400
lidar,1787204372848887406
esp32,1787204372922610892
lidar,1787204372948281706
esp32,1787204373022871979
lidar,1787204373048121453
esp32,1787204373122632137
lidar,1787204373147741427
esp32,1787204373222642502
lidar,1787204373247202365
esp32,1787204373322732684
lidar,1787204373346686929
esp32,1787204373422490467
lidar,1787204373446270708
esp32,1787204373522843239
lidar,1787204373546129412
esp32,1787204373622695710
lidar,1787204373645830033
esp32,1787204373722583898
lidar,1787204373745886930
esp32,1787204373822829784
lidar,1787204373846008151
esp32,1787204373922610102
lidar,1787204373946431371
esp32,1787204374022720475
lidar,1787204374046968350
esp32,1787204374122731115
lidar,1787204374147499432
esp32,1787204374222576170
lidar,1787204374247747890
esp32,1787204374322755170
lidar,1787204374348297443
esp32,1787204374422532589
lidar,1787204374448297276
esp32,1787204374522819169
lidar,1787204374548270062
esp32,1787204374622722982
lidar,1787204374647866921
esp32,1787204374722537841
lidar,1787204374747680920
esp32,1787204374822624512
lidar,1787204374847076098
esp32,1787204374921968404
lidar,1787204374946561081
esp32,1787204375022777649
lidar,1787204375046022435
esp32,1787204375122519526
lidar,1787204375146067941
esp32,1787204375222766800
lidar,1787204375245424025
esp32,1787204375322737181
lidar,1787204375345212983
esp32,1787204375422774990
lidar,1787204375444765096
esp32,1787204375522647941
lidar,1787204375543927463
esp32,1787204375622788377
lidar,1787204375643414701
esp32,1787204375722668889
lidar,1787204375743352317
esp32,1787204375822699852
lidar,1787204375843608649
esp32,1787204375922598164
lidar,1787204375943529598
esp32,1787204376042413717
lidar,1787204376043653869
esp32,1787204376122762818
lidar,1787204376144110150
esp32,1787204376222650068
lidar,1787204376244510095
esp32,1787204376322756998
lidar,1787204376344937535
esp32,1787204376422736944
lidar,1787204376444687173
esp32,1787204376522623676
lidar,1787204376544887979
esp32,1787204376622612601
lidar,1787204376644998000
esp32,1787204376722750058
lidar,1787204376744467186
esp32,1787204376822669094
lidar,1787204376844677209
esp32,1787204376922623539
lidar,1787204376944394567
esp32,1787204377022940460
lidar,1787204377043628430
esp32,1787204377122737616
lidar,1787204377143677279
esp32,1787204377222433961
lidar,1787204377243067453
esp32,1787204377322693694
lidar,1787204377342928695
esp32,1787204377422587214
lidar,1787204377442798010
esp32,1787204377522826879
lidar,1787204377542284535
esp32,1787204377622396128
lidar,1787204377641988747
esp32,1787204377722624283
lidar,1787204377742584478
esp32,1787204377822402740
lidar,1787204377842794310
esp32,1787204377922550752
lidar,1787204377943286669
esp32,1787204378022639902
lidar,1787204378043790460
esp32,1787204378122646333
lidar,1787204378143490919
esp32,1787204378222731626
lidar,1787204378243852726
esp32,1787204378322852944
lidar,1787204378343902266
esp32,1787204378422819648
lidar,1787204378444234559
esp32,1787204378522909197
lidar,1787204378544370590
esp32,1787204378622779999
lidar,1787204378644118861
esp32,1787204378722907676
lidar,1787204378744271437
esp32,1787204378822759345
lidar,1787204378843710758
esp32,1787204378922459440
lidar,1787204378943390328
esp32,1787204379022855980
lidar,1787204379043538694
esp32,1787204379122629058
lidar,1787204379142788746
esp32,1787204379222752062
lidar,1787204379242604517
esp32,1787204379322957209
lidar,1787204379341879406
esp32,1787204379422770836
lidar,1787204379441255124
esp32,1787204379522865253
lidar,1787204379541598541
esp32,1787204379622741270
lidar,1787204379640500300
esp32,1787204379722760679
lidar,1787204379740502478
esp32,1787204379822000247
lidar,1787204379840104879
esp32,1787204379922567596
lidar,1787204379939886422
esp32,1787204380021638723
lidar,1787204380039466811
esp32,1787204380121641156
lidar,1787204380139739745
esp32,1787204380221568066
lidar,1787204380240005943
esp32,1787204380322302299
lidar,1787204380341018617
esp32,1787204380422751558
lidar,1787204380440951453
esp32,1787204380522899759
lidar,1787204380541519511
esp32,1787204380622116856
lidar,1787204380641961208
esp32,1787204380722780461
lidar,1787204380742070766
esp32,1787204380822825835
lidar,1787204380842071058
esp32,1787204380922581674
lidar,1787204380942139126
esp32,1787204381022161191
lidar,1787204381042149115
esp32,1787204381122621803
lidar,1787204381141640745
esp32,1787204381222680932
lidar,1787204381241703126
esp32,1787204381322565642
lidar,1787204381341431275
esp32,1787204381422593196
lidar,1787204381441134732
esp32,1787204381522831226
lidar,1787204381540904316
esp32,1787204381622698794
lidar,1787204381640391944
esp32,1787204381722639553
lidar,1787204381740185752
esp32,1787204381822746325
lidar,1787204381839659942
esp32,1787204381921428631
lidar,1787204381939261853
esp32,1787204382022289506
lidar,1787204382039047424
esp32,1787204382122647639
lidar,1787204382138815265
esp32,1787204382222752142
lidar,1787204382238412262
esp32,1787204382322755789
lidar,1787204382338066765
esp32,1787204382422569331
lidar,1787204382437674107
esp32,1787204382522745952
lidar,1787204382538115212
esp32,1787204382622486720
lidar,1787204382638413989
esp32,1787204382722400546
lidar,1787204382738556043
esp32,1787204382822492440
lidar,1787204382838766471
esp32,1787204382922292506
lidar,1787204382938880580
esp32,1787204383022659163
lidar,1787204383040060745
esp32,1787204383122451218
lidar,1787204383140129344
esp32,1787204383222535673
lidar,1787204383240802043
esp32,1787204383322525998
lidar,1787204383340578179
esp32,1787204383422646566
lidar,1787204383440643751
esp32,1787204383522720512
lidar,1787204383540509745
esp32,1787204383622669302
lidar,1787204383639961803
esp32,1787204383722518034
lidar,1787204383739686874
esp32,1787204383822504727
lidar,1787204383839213489
esp32,1787204383922407385
lidar,1787204383938899071
esp32,1787204384022461334
lidar,1787204384039060435
esp32,1787204384122505444
lidar,1787204384138239314
esp32,1787204384222503947
lidar,1787204384238333950
esp32,1787204384322496216
lidar,1787204384337793397
esp32,1787204384422571223
lidar,1787204384437239614
esp32,1787204384522733623
lidar,1787204384537023307
esp32,1787204384622464268
lidar,1787204384637111999
esp32,1787204384722617886
lidar,1787204384737036479
esp32,1787204384822653733
lidar,1787204384837067204
esp32,1787204384922299083
lidar,1787204384937425326
esp32,1787204385022863706
lidar,1787204385037494813
esp32,1787204385122695590
lidar,1787204385137931361
esp32,1787204385222772843
lidar,1787204385237877111
esp32,1787204385322765444
lidar,1787204385338015487
esp32,1787204385422588705
lidar,1787204385438110084
esp32,1787204385523000738
lidar,1787204385538342063
esp32,1787204385622743378
lidar,1787204385638854301
esp32,1787204385722896541
lidar,1787204385738856587
esp32,1787204385822773899
lidar,1787204385839196491
esp32,1787204385922579300
lidar,1787204385938599572
esp32,1787204386022599207
lidar,1787204386038140119
esp32,1787204386122584061
lidar,1787204386137965926
esp32,1787204386222641426
lidar,1787204386237786127
esp32,1787204386322692024
lidar,1787204386337219653
esp32,1787204386422737285
lidar,1787204386437031583
esp32,1787204386522895193
lidar,1787204386536757966
esp32,1787204386622756121
lidar,1787204386636348034
esp32,1787204386722644298
lidar,1787204386735979542
esp32,1787204386822690723
lidar,1787204386835817582
esp32,1787204386922661467
lidar,1787204386934579214
esp32,1787204387022748908
lidar,1787204387034550099
esp32,1787204387122715088
lidar,1787204387134169271
esp32,1787204387222808788
lidar,1787204387234238132
esp32,1787204387322820532
lidar,1787204387334481916
esp32,1787204387422650766
lidar,1787204387434680950
esp32,1787204387522848803
lidar,1787204387534652792
esp32,1787204387622777248
lidar,1787204387634974879
esp32,1787204387722825599
lidar,1787204387735354929
esp32,1787204387822730007
lidar,1787204387835943458
esp32,1787204387921464096
lidar,1787204387935451247
esp32,1787204388022843313
lidar,1787204388036485136
esp32,1787204388122680624
lidar,1787204388136785640
esp32,1787204388222583770
lidar,1787204388236172256
esp32,1787204388322733534
lidar,1787204388336479370
esp32,1787204388422709755
lidar,1787204388436321404
esp32,1787204388522842541
lidar,1787204388535806180
esp32,1787204388622623023
lidar,1787204388635746689
esp32,1787204388722752403
lidar,1787204388734903516
esp32,1787204388822730393
lidar,1787204388834909631
esp32,1787204388922348769
lidar,1787204388934619969
esp32,1787204389022723033
lidar,1787204389034152122
esp32,1787204389122695691
lidar,1787204389134038831
esp32,1787204389222621960
lidar,1787204389234105658
esp32,1787204389322667912
lidar,1787204389333793369
esp32,1787204389422555831
lidar,1787204389432892780
esp32,1787204389522632791
lidar,1787204389532047100
esp32,1787204389622710629
lidar,1787204389631560037
esp32,1787204389722782628
lidar,1787204389731211802
esp32,1787204389822762580
lidar,1787204389831257296
esp32,1787204389922509718
lidar,1787204389931515577
esp32,1787204390021506033
lidar,1787204390031655085
esp32,1787204390121688034
lidar,1787204390132094265
esp32,1787204390221635223
lidar,1787204390232050792
esp32,1787204390322472218
lidar,1787204390332874448
esp32,1787204390422615820
lidar,1787204390434161982
esp32,1787204390522621634
lidar,1787204390533771655
esp32,1787204390622664077
lidar,1787204390634509113
esp32,1787204390722472071
lidar,1787204390734576503
esp32,1787204390822720827
lidar,1787204390833980302
esp32,1787204390922760799
lidar,1787204390933413476
esp32,1787204391022926389
lidar,1787204391033857007
esp32,1787204391122653929
lidar,1787204391132925921
esp32,1787204391222492674
lidar,1787204391232804561
esp32,1787204391322603533
lidar,1787204391332111972
esp32,1787204391422773665
lidar,1787204391432169373
esp32,1787204391522526038
lidar,1787204391532201892
esp32,1787204391622697204
lidar,1787204391631918070
esp32,1787204391722652885
lidar,1787204391732346525
esp32,1787204391822935128
lidar,1787204391831159477
esp32,1787204391922807043
lidar,1787204391930959987
esp32,1787204392022774313
lidar,1787204392030750815
esp32,1787204392122699735
lidar,1787204392130633344
esp32,1787204392222546655
lidar,1787204392229701204
esp32,1787204392322623203
lidar,1787204392329249126
esp32,1787204392422672966
lidar,1787204392428941848
esp32,1787204392522747743
lidar,1787204392529248184
esp32,1787204392622832035
lidar,1787204392628250940
esp32,1787204392722681502
lidar,1787204392728477550
esp32,1787204392823110115
lidar,1787204392828557410
esp32,1787204392923151277
lidar,1787204392928801018
esp32,1787204393023157122
lidar,1787204393029072221
esp32,1787204393123072378
lidar,1787204393129727335
esp32,1787204393223304226
lidar,1787204393229810552
esp32,1787204393322777581
lidar,1787204393330049607
esp32,1787204393423158483
lidar,1787204393430240907
esp32,1787204393523169590
lidar,1787204393529536880
esp32,1787204393622843506
lidar,1787204393629374597
esp32,1787204393723082181
lidar,1787204393729275414
esp32,1787204393822873614
lidar,1787204393829179012
esp32,1787204393922842555
lidar,1787204393928803637
esp32,1787204394022658986
lidar,1787204394028493722
esp32,1787204394122487276
lidar,1787204394128477606
esp32,1787204394222732314
lidar,1787204394228186161
esp32,1787204394322798650
lidar,1787204394327827577
esp32,1787204394422799556
lidar,1787204394427655747
esp32,1787204394522756171
lidar,1787204394527732103
esp32,1787204394622726628
lidar,1787204394626960527
esp32,1787204394722254417
lidar,1787204394726738364
esp32,1787204394822796818
lidar,1787204394826290309
esp32,1787204394922808125
lidar,1787204394926079553
esp32,1787204395022971601
lidar,1787204395025765057
esp32,1787204395122653641
lidar,1787204395125695235
esp32,1787204395222778376
lidar,1787204395225962921
esp32,1787204395322690814
lidar,1787204395326146204
esp32,1787204395421717611
lidar,1787204395426331082
esp32,1787204395522784137
lidar,1787204395526828918
esp32,1787204395622799640
lidar,1787204395627145472
esp32,1787204395722890076
lidar,1787204395727360985
esp32,1787204395822741419
lidar,1787204395827427644
esp32,1787204395922683325
lidar,1787204395927367928
esp32,1787204396022412209
lidar,1787204396027006340
esp32,1787204396122553101
lidar,1787204396126935621
esp32,1787204396222542693
lidar,1787204396226454988
esp32,1787204396322769474
lidar,1787204396326171341
esp32,1787204396422335647
lidar,1787204396425831949
esp32,1787204396522521066
lidar,1787204396525604328
esp32,1787204396622501468
lidar,1787204396625319706
esp32,1787204396722282498
lidar,1787204396725083409
esp32,1787204396822497866
lidar,1787204396824922019
esp32,1787204396922601958
lidar,1787204396924537232
esp32,1787204397022429219
lidar,1787204397024709245
esp32,1787204397122340376
lidar,1787204397124961431
esp32,1787204397222324660
lidar,1787204397225321236
esp32,1787204397322374901
lidar,1787204397325795226
esp32,1787204397422514251
lidar,1787204397426338106
esp32,1787204397522538135
lidar,1787204397526563412
esp32,1787204397622340026
lidar,1787204397626867229
esp32,1787204397722388897
lidar,1787204397727109606
esp32,1787204397822577422
lidar,1787204397826762913
esp32,1787204397922453984
lidar,1787204397926524399
esp32,1787204398022555386
lidar,1787204398026275914
esp32,1787204398122559765
lidar,1787204398126355343
esp32,1787204398222652448
lidar,1787204398225822157
esp32,1787204398322275815
lidar,1787204398325481787
esp32,1787204398422558652
lidar,1787204398424861732
esp32,1787204398522467478
lidar,1787204398524685327
esp32,1787204398622475936
lidar,1787204398624466601
esp32,1787204398722807695
lidar,1787204398723827880
esp32,1787204398822547990
lidar,1787204398823985595
esp32,1787204398922687824
lidar,1787204398923571025
esp32,1787204399022661030
lidar,1787204399023454004
esp32,1787204399122756826
lidar,1787204399123270123
lidar,1787204399222466549
esp32,1787204399223306674
esp32,1787204399322742426
lidar,1787204399323229777
lidar,1787204399422123296
esp32,1787204399423128945
lidar,1787204399522043292
esp32,1787204399523064633
lidar,1787204399622125678
esp32,1787204399623092942
lidar,1787204399722142505
esp32,1787204399723350417
lidar,1787204399822381450
esp32,1787204399823547440
lidar,1787204399922981441
esp32,1787204399924004212
esp32,1787204400022056001
lidar,1787204400022814436
esp32,1787204400121796776
lidar,1787204400122809413
esp32,1787204400221503252
lidar,1787204400222907312
esp32,1787204400321824107
lidar,1787204400323525558
esp32,1787204400422854257
lidar,1787204400424346792
esp32,1787204400522805662
lidar,1787204400524118100
esp32,1787204400622686590
lidar,1787204400623890098
esp32,1787204400722827172
lidar,1787204400724131624
esp32,1787204400822818066
lidar,1787204400823588097
lidar,1787204400922498263
esp32,1787204400923593072
lidar,1787204401022015222
esp32,1787204401023088992
lidar,1787204401121892364
esp32,1787204401122918459
lidar,1787204401221489494
esp32,1787204401222660649
lidar,1787204401321369832
esp32,1787204401322616691
lidar,1787204401421502573
esp32,1787204401422751199
lidar,1787204401521334963
esp32,1787204401522646346
lidar,1787204401621264338
esp32,1787204401622679611
lidar,1787204401720782564
esp32,1787204401722512845
lidar,1787204401820595752
esp32,1787204401822594629
lidar,1787204401920286916
esp32,1787204401922372780
lidar,1787204402020305482
esp32,1787204402022610723
lidar,1787204402119659003
esp32,1787204402122169580
lidar,1787204402219452392
esp32,1787204402222243404
lidar,1787204402319305514
esp32,1787204402322585704
lidar,1787204402419164665
esp32,1787204402422242789
lidar,1787204402519046886
esp32,1787204402522293007
lidar,1787204402619867924
esp32,1787204402622139074
lidar,1787204402720144615
esp32,1787204402722550263
lidar,1787204402821301526
esp32,1787204402822654177
lidar,1787204402921475961
esp32,1787204402922720896
lidar,1787204403022371288
esp32,1787204403023305923
lidar,1787204403122492750
esp32,1787204403123718506
esp32,1787204403222666183
lidar,1787204403223782081
esp32,1787204403322611166
lidar,1787204403323603201
esp32,1787204403422354136
lidar,1787204403423668998
esp32,1787204403522704546
lidar,1787204403523584194
esp32,1787204403622701361
lidar,1787204403623647067
esp32,1787204403722674032
lidar,1787204403723708607
esp32,1787204403822741874
lidar,1787204403823773175
esp32,1787204403922841837
lidar,1787204403923938712
esp32,1787204404022835032
lidar,1787204404023831598
esp32,1787204404121480760
lidar,1787204404122799382
lidar,1787204404223225468
esp32,1787204404242314146
lidar,1787204404322737085
esp32,1787204404323763055
lidar,1787204404422477458
esp32,1787204404423497196
lidar,1787204404522320133
esp32,1787204404523299045
lidar,1787204404622035640
esp32,1787204404623147473
lidar,1787204404721911597
esp32,1787204404723038780
lidar,1787204404821610668
esp32,1787204404823044207
lidar,1787204404921589381
esp32,1787204404923112673
lidar,1787204405021150055
esp32,1787204405022902562
lidar,1787204405121255167
esp32,1787204405122880613
lidar,1787204405220451345
esp32,1787204405222669321
lidar,1787204405320170462
esp32,1787204405322559791
lidar,1787204405419819867
esp32,1787204405422237774
lidar,1787204405519727009
esp32,1787204405522390622
lidar,1787204405619371920
esp32,1787204405622348291
lidar,1787204405719328796
esp32,1787204405722215530
lidar,1787204405819208563
esp32,1787204405822245722
lidar,1787204405919723445
esp32,1787204405922254333
lidar,1787204406020281055
esp32,1787204406022667465
lidar,1787204406120995113
esp32,1787204406122672619
lidar,1787204406221695278
esp32,1787204406223202780
lidar,1787204406321970533
esp32,1787204406323226184
lidar,1787204406422530672
esp32,1787204406423595695
esp32,1787204406522799024
lidar,1787204406523893766
esp32,1787204406622560741
lidar,1787204406623592063
esp32,1787204406722853567
lidar,1787204406724005626
esp32,1787204406822761587
lidar,1787204406823869630
lidar,1787204406922922742
esp32,1787204406924161616
lidar,1787204407022610722
esp32,1787204407023511596
lidar,1787204407122192031
esp32,1787204407123201850
lidar,1787204407221894982
esp32,1787204407222976790
lidar,1787204407321688454
esp32,1787204407342405758
lidar,1787204407421867074
esp32,1787204407423016077
lidar,1787204407521636589
esp32,1787204407523320462
lidar,1787204407621728815
esp32,1787204407623154963
lidar,1787204407721325298
esp32,1787204407722984940
lidar,1787204407821189395
esp32,1787204407822798850
lidar,1787204407921037025
esp32,1787204407922525989
lidar,1787204408020583072
esp32,1787204408022662948
lidar,1787204408120131772
esp32,1787204408122449571
lidar,1787204408219958134
esp32,1787204408222402926
lidar,1787204408319541582
esp32,1787204408322191689
lidar,1787204408419944169
esp32,1787204408422358976
lidar,1787204408520199437
esp32,1787204408522647400
lidar,1787204408620232076
esp32,1787204408622570818
lidar,1787204408720745886
esp32,1787204408722625524
lidar,1787204408821341322
esp32,1787204408822564727
lidar,1787204408921302105
esp32,1787204408922536683
lidar,1787204409021359352
esp32,1787204409022602335
lidar,1787204409121169893
esp32,1787204409123085163
lidar,1787204409221101649
esp32,1787204409223014953
lidar,1787204409320743902
esp32,1787204409322839199
lidar,1787204409420429722
esp32,1787204409422820777
lidar,1787204409520244226
esp32,1787204409522688884
lidar,1787204409619545578
esp32,1787204409622315104
lidar,1787204409719741269
esp32,1787204409722376075
lidar,1787204409819404843
esp32,1787204409822578978
lidar,1787204409918716669
esp32,1787204409922160757
lidar,1787204410018220836
esp32,1787204410021224216
lidar,1787204410117964671
esp32,1787204410121356412
lidar,1787204410217867389
esp32,1787204410221784931
lidar,1787204410317771635
esp32,1787204410322015563
lidar,1787204410417362288
esp32,1787204410422096717
lidar,1787204410517607301
esp32,1787204410522519837
lidar,1787204410617009524
esp32,1787204410622250115
lidar,1787204410717168901
esp32,1787204410722231604
lidar,1787204410817698591
esp32,1787204410822233010
lidar,1787204410917708970
esp32,1787204410922202581
lidar,1787204411018544125
esp32,1787204411022409688
lidar,1787204411118940418
esp32,1787204411122352010
lidar,1787204411219238708
esp32,1787204411222172428
lidar,1787204411319842557
esp32,1787204411322470649
lidar,1787204411420206093
esp32,1787204411422340838
lidar,1787204411520339354
esp32,1787204411541967865
lidar,1787204411620031876
esp32,1787204411622391136
lidar,1787204411719857112
esp32,1787204411722213715
lidar,1787204411819683346
esp32,1787204411822357254
lidar,1787204411919624441
esp32,1787204411922250709
lidar,1787204412019470524
esp32,1787204412022335631
lidar,1787204412119361485
esp32,1787204412122361161
lidar,1787204412218475656
esp32,1787204412221314137
lidar,1787204412318502125
esp32,1787204412321621078
lidar,1787204412418119818
esp32,1787204412421420028
lidar,1787204412518141634
esp32,1787204412522663645
lidar,1787204412618062232
esp32,1787204412622300566
lidar,1787204412718012629
esp32,1787204412722271200
lidar,1787204412817813354
esp32,1787204412822312809
lidar,1787204412917143191
esp32,1787204412922299889
lidar,1787204413017360407
esp32,1787204413022383970
lidar,1787204413117114425
esp32,1787204413122241438
lidar,1787204413216809573
esp32,1787204413222214932
lidar,1787204413316896611
esp32,1787204413322259347
lidar,1787204413416616709
esp32,1787204413422241360
lidar,1787204413516443226
esp32,1787204413522657707
lidar,1787204413616493463
esp32,1787204413622480416
lidar,1787204413716482821
esp32,1787204413722412260
lidar,1787204413816071397
esp32,1787204413822402955
lidar,1787204413915754606
esp32,1787204413922484176
lidar,1787204414016237361
esp32,1787204414022486288
lidar,1787204414116363760
esp32,1787204414122382098
lidar,1787204414217100922
esp32,1787204414221336508
lidar,1787204414317272849
esp32,1787204414322239180
lidar,1787204414417386577
esp32,1787204414422231597
lidar,1787204414517481091
esp32,1787204414522295281
lidar,1787204414618167058
esp32,1787204414622308543
lidar,1787204414718116329
esp32,1787204414722195154
lidar,1787204414818108322
esp32,1787204414822137699
lidar,1787204414917659239
esp32,1787204414922131260
lidar,1787204415017662562
esp32,1787204415022360169
lidar,1787204415117384420
esp32,1787204415122362478
lidar,1787204415217043113
esp32,1787204415222504432
lidar,1787204415317058142
esp32,1787204415322292224
lidar,1787204415416488775
esp32,1787204415422435527
lidar,1787204415516202699
esp32,1787204415522546560
lidar,1787204415616046527
esp32,1787204415622413666
lidar,1787204415716004525
esp32,1787204415722224464
lidar,1787204415815930420
esp32,1787204415822457749
lidar,1787204415915224079
esp32,1787204415922496574
lidar,1787204416014977473
esp32,1787204416022576375
lidar,1787204416114670346
esp32,1787204416122451947
lidar,1787204416214324909
esp32,1787204416222315323
lidar,1787204416313950346
esp32,1787204416322291749
lidar,1787204416414108110
esp32,1787204416422257627
lidar,1787204416514521795
esp32,1787204416522366536
lidar,1787204416614749931
esp32,1787204416622167347
lidar,1787204416714768218
esp32,1787204416722330432
lidar,1787204416815374589
esp32,1787204416822289548
lidar,1787204416915742090
esp32,1787204416922298055
lidar,1787204417016009464
esp32,1787204417022537042
lidar,1787204417116353836
esp32,1787204417122248440
lidar,1787204417216838782
esp32,1787204417222202208
lidar,1787204417317247455
esp32,1787204417322086094
lidar,1787204417417274624
esp32,1787204417422166639
lidar,1787204417517248298
esp32,1787204417522400777
lidar,1787204417616919355
esp32,1787204417622309727
lidar,1787204417716664411
esp32,1787204417722202428
lidar,1787204417816529012
esp32,1787204417822119527
lidar,1787204417915978983
esp32,1787204417922160484
lidar,1787204418016136907
esp32,1787204418022360083
lidar,1787204418115576413
esp32,1787204418122742785
lidar,1787204418215235754
esp32,1787204418222743386
lidar,1787204418314793988
esp32,1787204418322167841
lidar,1787204418414330489
esp32,1787204418422118008
lidar,1787204418513816557
esp32,1787204418522338415
lidar,1787204418613703272
esp32,1787204418622182609
lidar,1787204418713024966
esp32,1787204418722122447
lidar,1787204418813110047
esp32,1787204418822154047
lidar,1787204418912713483
esp32,1787204418922365119
lidar,1787204419012693366
esp32,1787204419022292179
lidar,1787204419112915006
esp32,1787204419122120237
lidar,1787204419213321391
esp32,1787204419222598265
lidar,1787204419313865104
esp32,1787204419322224555
lidar,1787204419414543325
esp32,1787204419422260757
lidar,1787204419514675597
esp32,1787204419522251992
lidar,1787204419615174177
lidar,1787204419715648331
esp32,1787204419722220891
lidar,1787204419815995635
esp32,1787204419822136448
lidar,1787204419916138416
esp32,1787204419922135713
lidar,1787204420015292782
esp32,1787204420041429113
lidar,1787204420115026788
esp32,1787204420141604198
lidar,1787204420214840367
esp32,1787204420221450198
lidar,1787204420314315235
esp32,1787204420321410733
lidar,1787204420414873580
esp32,1787204420422413546
lidar,1787204420514431113
esp32,1787204420522492054
lidar,1787204420614132390
esp32,1787204420622282393
lidar,1787204420713720673
esp32,1787204420722642359
lidar,1787204420813338422
esp32,1787204420822414449
lidar,1787204420912817915
esp32,1787204420922275453
lidar,1787204421012486295
esp32,1787204421022521020
lidar,1787204421112023766
esp32,1787204421122423961
lidar,1787204421212053167
esp32,1787204421222394623
lidar,1787204421312332228
esp32,1787204421322402048
lidar,1787204421412640698
esp32,1787204421422359818
lidar,1787204421513104352
esp32,1787204421541851729
lidar,1787204421613435333
esp32,1787204421622279182
lidar,1787204421714074528
esp32,1787204421741948133
lidar,1787204421814045988
esp32,1787204421842297598
lidar,1787204421914634778
esp32,1787204421922328481
lidar,1787204422014621175
esp32,1787204422022207274
lidar,1787204422115212097
esp32,1787204422122290317
lidar,1787204422215688404
esp32,1787204422242416890
lidar,1787204422315850513
esp32,1787204422322295736
lidar,1787204422415774728
esp32,1787204422422151232
lidar,1787204422515568055
esp32,1787204422522224997
lidar,1787204422615789324
esp32,1787204422622225471
lidar,1787204422715436192
esp32,1787204422722509519
lidar,1787204422815336272
esp32,1787204422822246583
lidar,1787204422914791399
esp32,1787204422922590934
lidar,1787204423014606884
esp32,1787204423022556173
lidar,1787204423114177394
esp32,1787204423122245496
lidar,1787204423213967083
esp32,1787204423222374298
lidar,1787204423313714788
esp32,1787204423322252551
lidar,1787204423413013585
esp32,1787204423422408895
lidar,1787204423512938064
esp32,1787204423522406186
lidar,1787204423612710951
esp32,1787204423622613154
lidar,1787204423711708210
esp32,1787204423722010221
lidar,1787204423811912220
esp32,1787204423822518807
lidar,1787204423911245421
esp32,1787204423922182315
lidar,1787204424011408116
esp32,1787204424022346210
lidar,1787204424110806465
esp32,1787204424122174601
lidar,1787204424210528486
esp32,1787204424222617878
lidar,1787204424310416880
esp32,1787204424322217848
lidar,1787204424410548664
esp32,1787204424422185981
lidar,1787204424510705979
esp32,1787204424542439783
lidar,1787204424611068648
esp32,1787204424621976659
lidar,1787204424711187021
esp32,1787204424722553072
lidar,1787204424811480525
esp32,1787204424822328046
lidar,1787204424911768321
esp32,1787204424922409124
lidar,1787204425011946516
esp32,1787204425022599909
lidar,1787204425112412682
esp32,1787204425142450982
lidar,1787204425212678157
esp32,1787204425222650698
lidar,1787204425312337243
esp32,1787204425322341320
lidar,1787204425412138512
esp32,1787204425442534375
lidar,1787204425511813086
esp32,1787204425542551377
lidar,1787204425611074222
esp32,1787204425642508272
lidar,1787204425710876894
esp32,1787204425722513516
lidar,1787204425810548686
esp32,1787204425822587564
lidar,1787204425910335702
esp32,1787204425922225236
lidar,1787204426010152239
esp32,1787204426022535308
lidar,1787204426109953118
esp32,1787204426122090764
lidar,1787204426209793385
esp32,1787204426222424074
lidar,1787204426310292261
esp32,1787204426322713956
lidar,1787204426410293786
esp32,1787204426442390356
lidar,1787204426510758531
esp32,1787204426522651751
lidar,1787204426611380076
esp32,1787204426622060866
lidar,1787204426711729340
esp32,1787204426722523648
lidar,1787204426812298251
esp32,1787204426842384956
lidar,1787204426912562441
esp32,1787204426922688631
lidar,1787204427012483106
esp32,1787204427022391467
lidar,1787204427112338931
esp32,1787204427122147390
lidar,1787204427212453021
esp32,1787204427222725256
lidar,1787204427312536702
esp32,1787204427322393228
lidar,1787204427412366969
esp32,1787204427442414792
lidar,1787204427512023885
esp32,1787204427542481403
lidar,1787204427611603730
esp32,1787204427642402140
lidar,1787204427711601610
esp32,1787204427742361664
lidar,1787204427811197339
esp32,1787204427822275933
lidar,1787204427910870846
esp32,1787204427942445768
lidar,1787204428010488395
esp32,1787204428022594938
lidar,1787204428109957634
esp32,1787204428122462835
lidar,1787204428209824745
esp32,1787204428222208855
lidar,1787204428309335131
esp32,1787204428322514222
lidar,1787204428408559013
esp32,1787204428421506822
lidar,1787204428508495020
esp32,1787204428522919734
lidar,1787204428608405765
esp32,1787204428622975104
lidar,1787204428708162475
esp32,1787204428722840228
lidar,1787204428808641301
esp32,1787204428823087170
lidar,1787204428908526758
esp32,1787204428922540016
lidar,1787204429008700565
esp32,1787204429041992258
lidar,1787204429108855801
esp32,1787204429122346212
lidar,1787204429209235459
esp32,1787204429222682051
lidar,1787204429309871775
esp32,1787204429342190769
lidar,1787204429410030159
esp32,1787204429422172911
lidar,1787204429510403870
esp32,1787204429542193798
lidar,1787204429610058243
esp32,1787204429622429236
lidar,1787204429709724305
esp32,1787204429722444624
lidar,1787204429809584443
esp32,1787204429822875543
lidar,1787204429909429276
esp32,1787204429922322771
lidar,1787204430008923788
esp32,1787204430021942753
lidar,1787204430108583265
esp32,1787204430121445872
lidar,1787204430208371199
esp32,1787204430221518748
lidar,1787204430307697881
esp32,1787204430322059367
lidar,1787204430407899973
esp32,1787204430422409221
lidar,1787204430507738754
esp32,1787204430522781568
lidar,1787204430607585353
esp32,1787204430622827908
lidar,1787204430707388805
esp32,1787204430742316651
lidar,1787204430807245462
esp32,1787204430842273050
lidar,1787204430906723784
esp32,1787204430922419379
lidar,1787204431006154706
esp32,1787204431042305874
lidar,1787204431106025264
esp32,1787204431142500403
lidar,1787204431205728404
esp32,1787204431242406407
lidar,1787204431305481863
esp32,1787204431322335231
lidar,1787204431405299204
esp32,1787204431422943980
lidar,1787204431505317209
esp32,1787204431523215237
lidar,1787204431605253631
esp32,1787204431623283498
lidar,1787204431704923889
esp32,1787204431723145710
lidar,1787204431804887353
esp32,1787204431822265919
lidar,1787204431904316036
esp32,1787204431922952105
lidar,1787204432003687118
esp32,1787204432022722459
lidar,1787204432103400367
esp32,1787204432123048557
lidar,1787204432203198586
esp32,1787204432242326490
lidar,1787204432303723211
esp32,1787204432322422553
lidar,1787204432404196944
esp32,1787204432442513935
lidar,1787204432504581900
esp32,1787204432523118246
lidar,1787204432605073513
esp32,1787204432622504624
lidar,1787204432705541152
esp32,1787204432722926272
lidar,1787204432805587595
esp32,1787204432823234659
lidar,1787204432905909018
esp32,1787204432923194796
lidar,1787204433006140358
esp32,1787204433023003846
lidar,1787204433106226987
esp32,1787204433122178715
lidar,1787204433206043783
esp32,1787204433222630491
lidar,1787204433305440729
esp32,1787204433322636948
lidar,1787204433405170820
esp32,1787204433422405744
lidar,1787204433504872181
esp32,1787204433522421925
lidar,1787204433604715997
esp32,1787204433622228051
lidar,1787204433704167382
esp32,1787204433722720846
lidar,1787204433803790180
esp32,1787204433822305360
lidar,1787204433903452783
esp32,1787204433922244100
lidar,1787204434003210579
esp32,1787204434022116153
lidar,1787204434103346510
esp32,1787204434122157379
lidar,1787204434203084109
esp32,1787204434242377766
lidar,1787204434302997275
esp32,1787204434321998170
lidar,1787204434402540344
esp32,1787204434422894420
lidar,1787204434502342823
esp32,1787204434542448682
lidar,1787204434602986312
esp32,1787204434642389984
lidar,1787204434703387424
esp32,1787204434742475194
lidar,1787204434803308258
esp32,1787204434842380183
lidar,1787204434903754242
esp32,1787204434922679185
lidar,1787204435003664879
esp32,1787204435042266193
lidar,1787204435103921350
esp32,1787204435122201200
lidar,1787204435204104968
esp32,1787204435222544686
lidar,1787204435304005930
esp32,1787204435322239757
lidar,1787204435403854326
esp32,1787204435422654851
lidar,1787204435503574690
esp32,1787204435522615450
lidar,1787204435602940100
esp32,1787204435622637048
lidar,1787204435702244736
esp32,1787204435722621158
lidar,1787204435801946087
esp32,1787204435822149747
lidar,1787204435901485043
esp32,1787204435922456196
lidar,1787204436001013844
esp32,1787204436022614248
lidar,1787204436100688366
esp32,1787204436122545729
lidar,1787204436199820586
esp32,1787204436242426542
lidar,1787204436299650641
esp32,1787204436322143268
lidar,1787204436399568666
esp32,1787204436442389116
lidar,1787204436500180950
esp32,1787204436542329595
lidar,1787204436600247202
esp32,1787204436642407254
lidar,1787204436700164655
esp32,1787204436742463368
lidar,1787204436800526261
esp32,1787204436822628054
lidar,1787204436901020919
esp32,1787204436942291542
lidar,1787204437000858248
esp32,1787204437022864993
lidar,1787204437101037122
esp32,1787204437122530255
lidar,1787204437201250314
esp32,1787204437242440990
lidar,1787204437301144630
esp32,1787204437322552433
lidar,1787204437401061205
esp32,1787204437422562966
lidar,1787204437501048764
esp32,1787204437522720414
lidar,1787204437600590974
esp32,1787204437622859273
lidar,1787204437700503802
esp32,1787204437722772613
lidar,1787204437799816559
esp32,1787204437842366663
lidar,1787204437899293380
esp32,1787204437922649446
lidar,1787204437998845335
esp32,1787204438022530364
lidar,1787204438098771291
esp32,1787204438122647151
lidar,1787204438198207713
esp32,1787204438242184095
lidar,1787204438297787496
esp32,1787204438342370392
lidar,1787204438397440403
esp32,1787204438442421227
lidar,1787204438496978540
esp32,1787204438542080220
lidar,1787204438597135144
esp32,1787204438642446065
lidar,1787204438697452518
esp32,1787204438722573669
lidar,1787204438797644053
esp32,1787204438822054407
lidar,1787204438898002049
esp32,1787204438922898949
lidar,1787204438998339247
esp32,1787204439022939282
lidar,1787204439098938778
esp32,1787204439122128493
lidar,1787204439199168765
esp32,1787204439242538244
lidar,1787204439299230700
esp32,1787204439322113071
lidar,1787204439399235415
esp32,1787204439422703657
lidar,1787204439498699532
esp32,1787204439522785665
lidar,1787204439598506620
esp32,1787204439622675903
lidar,1787204439697863333
esp32,1787204439742583996
lidar,1787204439797913226
esp32,1787204439822810128
lidar,1787204439897477542
esp32,1787204439922114978
lidar,1787204439996545856
esp32,1787204440021802925
lidar,1787204440096466452
esp32,1787204440121845202
lidar,1787204440195799936
esp32,1787204440241600827
lidar,1787204440295557128
esp32,1787204440342467677
lidar,1787204440396451087
esp32,1787204440442494174
lidar,1787204440496108833
esp32,1787204440523240917
lidar,1787204440596177571
esp32,1787204440622280978
lidar,1787204440696696502
esp32,1787204440742494195
lidar,1787204440797008311
esp32,1787204440822510679
lidar,1787204440897507327
esp32,1787204440922520676
lidar,1787204440997842724
esp32,1787204441022187382
lidar,1787204441098209022
esp32,1787204441142210786
lidar,1787204441198611734
esp32,1787204441222386339
lidar,1787204441298843912
esp32,1787204441322001355
lidar,1787204441398800791
esp32,1787204441422531318
lidar,1787204441498723285
esp32,1787204441522658152
lidar,1787204441598501193
esp32,1787204441622571737
lidar,1787204441697944270
esp32,1787204441722773801
lidar,1787204441797882358
esp32,1787204441822791867
lidar,1787204441897715355
esp32,1787204441922710376
lidar,1787204441997543161
esp32,1787204442022884634
lidar,1787204442097369602
esp32,1787204442122816835
lidar,1787204442197221232
esp32,1787204442222488630
lidar,1787204442296688450
esp32,1787204442322770453
lidar,1787204442396575813
esp32,1787204442423032620
lidar,1787204442496356147
esp32,1787204442523071815
lidar,1787204442595851569
esp32,1787204442622324671
lidar,1787204442695383411
esp32,1787204442723017530
lidar,1787204442795055419
esp32,1787204442822870062
lidar,1787204442894689044
esp32,1787204442922821014
lidar,1787204442994446890
esp32,1787204443022917856
lidar,1787204443094481016
esp32,1787204443122772196
lidar,1787204443193850149
esp32,1787204443222866778
lidar,1787204443293480907
esp32,1787204443322684605
lidar,1787204443393243429
esp32,1787204443422448086
lidar,1787204443493052554
esp32,1787204443542292367
lidar,1787204443592787337
esp32,1787204443642261094
lidar,1787204443692798254
esp32,1787204443742236156
lidar,1787204443792818345
esp32,1787204443842189589
lidar,1787204443893237629
esp32,1787204443942212631
lidar,1787204443993976058
esp32,1787204444041874406
lidar,1787204444093927019
esp32,1787204444142238070
lidar,1787204444194474358
esp32,1787204444222663016
lidar,1787204444294639328
esp32,1787204444322646825
lidar,1787204444394432397
esp32,1787204444422104287
lidar,1787204444494136471
esp32,1787204444522916492
lidar,1787204444593901887
esp32,1787204444621419503
lidar,1787204444693922214
esp32,1787204444722777273
lidar,1787204444793088185
esp32,1787204444822813034
lidar,1787204444893051472
esp32,1787204444922628090
lidar,1787204444992828686
esp32,1787204445042383150
lidar,1787204445092676903
esp32,1787204445122588081
lidar,1787204445192832112
esp32,1787204445242427393
lidar,1787204445292683645
esp32,1787204445322912790
lidar,1787204445392692763
esp32,1787204445422479224
lidar,1787204445492001958
esp32,1787204445542525078
lidar,1787204445591734425
esp32,1787204445623167182
lidar,1787204445691065630
esp32,1787204445742523061
lidar,1787204445790844251
esp32,1787204445842375736
lidar,1787204445890316936
esp32,1787204445942509989
lidar,1787204445990466507
esp32,1787204446022813322
lidar,1787204446090850720
esp32,1787204446122771344
lidar,1787204446190721234
esp32,1787204446222691989
lidar,1787204446291319284
esp32,1787204446322990370
lidar,1787204446391208069
esp32,1787204446422598052
lidar,1787204446491592451
esp32,1787204446523092377
lidar,1787204446592173188
esp32,1787204446622870742
lidar,1787204446692379687
esp32,1787204446722796136
lidar,1787204446792582991
esp32,1787204446822830256
lidar,1787204446892316491
esp32,1787204446942400886
lidar,1787204446992413848
esp32,1787204447042442433
lidar,1787204447092579085
esp32,1787204447122792478
lidar,1787204447192429259
esp32,1787204447222636428
lidar,1787204447292057665
esp32,1787204447342561265
lidar,1787204447391633539
esp32,1787204447422952089
lidar,1787204447491369302
esp32,1787204447542401927
lidar,1787204447590936997
esp32,1787204447642463926
lidar,1787204447690889460
esp32,1787204447742276223
lidar,1787204447790566982
esp32,1787204447842487054
lidar,1787204447890184545
esp32,1787204447922492264
lidar,1787204447989415814
esp32,1787204448022690486
lidar,1787204448089032068
esp32,1787204448122760566
lidar,1787204448188888092
esp32,1787204448222614815
lidar,1787204448288489791
esp32,1787204448322597390
lidar,1787204448388039402
esp32,1787204448422779512
lidar,1787204448487552289
esp32,1787204448522715016
lidar,1787204448587551679
esp32,1787204448622673430
lidar,1787204448687431307
esp32,1787204448722844456
lidar,1787204448787843220
esp32,1787204448822620218
lidar,1787204448887540385
esp32,1787204448922647257
lidar,1787204448987732399
esp32,1787204449023064553
lidar,1787204449088051694
esp32,1787204449142511331
lidar,1787204449188027617
esp32,1787204449242231646
lidar,1787204449288174249
esp32,1787204449342544337
lidar,1787204449388652049
esp32,1787204449442415241
lidar,1787204449488740363
esp32,1787204449542518622
lidar,1787204449589165081
esp32,1787204449642505059
lidar,1787204449689270089
esp32,1787204449742385971
lidar,1787204449789298928
esp32,1787204449822763505
lidar,1787204449888873293
esp32,1787204449923276127
lidar,1787204449987997231
esp32,1787204450021558059
lidar,1787204450087984371
esp32,1787204450121400423
lidar,1787204450187373439
esp32,1787204450221446462
lidar,1787204450288238528
esp32,1787204450322208560
lidar,1787204450387848995
esp32,1787204450422657508
lidar,1787204450487417382
esp32,1787204450523149135
lidar,1787204450586890840
esp32,1787204450622236195
lidar,1787204450686368920
esp32,1787204450722529283
lidar,1787204450785962035
esp32,1787204450822648772
lidar,1787204450885717516
esp32,1787204450922585597
lidar,1787204450985735746
esp32,1787204451022552751
lidar,1787204451085334086
esp32,1787204451122796757
lidar,1787204451185365388
esp32,1787204451222863383
lidar,1787204451285488128
esp32,1787204451342388080
lidar,1787204451385827181
esp32,1787204451422669210
lidar,1787204451486004771
esp32,1787204451542406208
lidar,1787204451586306116
esp32,1787204451622411279
lidar,1787204451686665108
esp32,1787204451722779338
lidar,1787204451787004434
esp32,1787204451822873279
lidar,1787204451887378307
esp32,1787204451922546036
lidar,1787204451987493103
esp32,1787204452041945378
lidar,1787204452087816291
esp32,1787204452142479712
lidar,1787204452187864769
esp32,1787204452222564132
lidar,1787204452287637277
esp32,1787204452322456570
lidar,1787204452387215285
esp32,1787204452422535637
lidar,1787204452486855532
esp32,1787204452522627201
lidar,1787204452586251698
esp32,1787204452622629724
lidar,1787204452685845038
esp32,1787204452742411891
lidar,1787204452785414197
esp32,1787204452842266929
lidar,1787204452885124396
esp32,1787204452942399020
lidar,1787204452984963165
esp32,1787204453042251213
lidar,1787204453084764198
esp32,1787204453142385372
lidar,1787204453184281086
esp32,1787204453242308541
lidar,1787204453284749931
esp32,1787204453342359218
lidar,1787204453384935473
esp32,1787204453422427718
lidar,1787204453485204121
esp32,1787204453542386134
lidar,1787204453585909006
esp32,1787204453622408583
lidar,1787204453685776128
esp32,1787204453742485920
lidar,1787204453786161212
esp32,1787204453822567284
lidar,1787204453886709482
esp32,1787204453922475843
lidar,1787204453987254025
esp32,1787204454022697866
lidar,1787204454087339909
esp32,1787204454122674747
lidar,1787204454187305389
esp32,1787204454222790594
lidar,1787204454287860705
esp32,1787204454322617337
lidar,1787204454386740040
esp32,1787204454422523793
lidar,1787204454486427425
esp32,1787204454522495879
lidar,1787204454586409943
esp32,1787204454622678321
lidar,1787204454685530909
esp32,1787204454741846478
lidar,1787204454785367226
esp32,1787204454842396505
lidar,1787204454884671242
esp32,1787204454942396307
lidar,1787204454984534416
esp32,1787204455042317356
lidar,1787204455084004345
esp32,1787204455142408205
lidar,1787204455183687218
esp32,1787204455241869952
lidar,1787204455283536143
esp32,1787204455322457690
lidar,1787204455383818724
esp32,1787204455422376990
lidar,1787204455483884264
esp32,1787204455522616244
lidar,1787204455584096534
esp32,1787204455622745915
lidar,1787204455684339673
esp32,1787204455742283028
lidar,1787204455784249101
esp32,1787204455822573736
lidar,1787204455884500878
esp32,1787204455922475404
lidar,1787204455984597812
esp32,1787204456022713079
lidar,1787204456084941703
esp32,1787204456122521329
lidar,1787204456184985656
esp32,1787204456222567890
lidar,1787204456285091313
esp32,1787204456342364139
lidar,1787204456384652605
esp32,1787204456442123836
lidar,1787204456484416660
esp32,1787204456542116476
lidar,1787204456584123222
esp32,1787204456642334408
lidar,1787204456683762353
esp32,1787204456742112452
lidar,1787204456783052472
esp32,1787204456842120008
lidar,1787204456883395123
esp32,1787204456922868902
lidar,1787204456982976226
esp32,1787204457022662387
lidar,1787204457082703209
esp32,1787204457122723351
lidar,1787204457182166675
esp32,1787204457222721773
lidar,1787204457282069125
esp32,1787204457323099186
lidar,1787204457381786924
esp32,1787204457422635691
lidar,1787204457481493835
esp32,1787204457522573865
lidar,1787204457581841885
esp32,1787204457622668485
lidar,1787204457681704934
esp32,1787204457742280814
lidar,1787204457782310438
esp32,1787204457842281794
lidar,1787204457882289427
esp32,1787204457922907367
lidar,1787204457982712123
esp32,1787204458041530656
lidar,1787204458083095854
esp32,1787204458122687749
lidar,1787204458183372560
esp32,1787204458242287573
lidar,1787204458282936824
esp32,1787204458342335119
lidar,1787204458383151769
esp32,1787204458442339467
lidar,1787204458482378224
esp32,1787204458542533914
lidar,1787204458582325853
esp32,1787204458642477120
lidar,1787204458681527178
esp32,1787204458742004361
lidar,1787204458781521536
esp32,1787204458842613410
lidar,1787204458881331874
esp32,1787204458922740795
lidar,1787204458981073898
esp32,1787204459022779746
lidar,1787204459080596448
esp32,1787204459122492481
lidar,1787204459180423205
esp32,1787204459222758291
lidar,1787204459279988655
esp32,1787204459323023431
lidar,1787204459379712074
esp32,1787204459442379160
lidar,1787204459479553048
esp32,1787204459522787754
lidar,1787204459579438215
esp32,1787204459622562137
lidar,1787204459680038756
esp32,1787204459722842900
lidar,1787204459780218675
esp32,1787204459822769517
lidar,1787204459880380580
esp32,1787204459942456715
lidar,1787204459980944080
esp32,1787204460021682840
lidar,1787204460080982269
esp32,1787204460141431097
lidar,1787204460181293733
esp32,1787204460221568308
lidar,1787204460281191978
esp32,1787204460321585267
lidar,1787204460381724843
esp32,1787204460422589410
lidar,1787204460481470887
esp32,1787204460523105795
lidar,1787204460581309539
esp32,1787204460622663988
lidar,1787204460680864479
esp32,1787204460722855313
lidar,1787204460780629190
esp32,1787204460822555257
lidar,1787204460880583138
esp32,1787204460923224806
lidar,1787204460980321303
esp32,1787204461022963562
lidar,1787204461080146103
esp32,1787204461123158434
lidar,1787204461179552786
esp32,1787204461222956560
lidar,1787204461279130214
esp32,1787204461322516700
lidar,1787204461378559783
esp32,1787204461422650884
lidar,1787204461478188965
esp32,1787204461522764234
lidar,1787204461577803091
esp32,1787204461622670748
lidar,1787204461677273224
esp32,1787204461742459952
lidar,1787204461777267452
esp32,1787204461842504087
lidar,1787204461876976214
esp32,1787204461942446546
lidar,1787204461976937162
esp32,1787204462042357400
lidar,1787204462076929455
esp32,1787204462142561625
lidar,1787204462176813123
esp32,1787204462242469180
lidar,1787204462277122873
esp32,1787204462342479746
lidar,1787204462377779272
esp32,1787204462442455407
lidar,1787204462478301654
esp32,1787204462522697210
lidar,1787204462578283719
esp32,1787204462622826621
lidar,1787204462679210172
esp32,1787204462722793154
lidar,1787204462779174899
esp32,1787204462822493330
lidar,1787204462879081841
esp32,1787204462922750101
lidar,1787204462979215784
esp32,1787204463022998394
lidar,1787204463079396128
esp32,1787204463122728066
lidar,1787204463178870978
esp32,1787204463222703987
lidar,1787204463278589470
esp32,1787204463322788642
lidar,1787204463378471968
esp32,1787204463422736273
lidar,1787204463478099434
esp32,1787204463542310030
lidar,1787204463577607974
esp32,1787204463622628949
lidar,1787204463677261049
esp32,1787204463742313714
lidar,1787204463776880625
esp32,1787204463842392395
lidar,1787204463876274993
esp32,1787204463942300575
lidar,1787204463976118637
esp32,1787204464042277609
lidar,1787204464075988392
esp32,1787204464142297469
lidar,1787204464175674402
esp32,1787204464242337738
lidar,1787204464275502670
esp32,1787204464322620393
lidar,1787204464375598277
esp32,1787204464422522387
lidar,1787204464474625135
esp32,1787204464522848175
lidar,1787204464574875247
esp32,1787204464622733458
lidar,1787204464674975283
esp32,1787204464722884985
lidar,1787204464774721552
esp32,1787204464842405102
lidar,1787204464875089864
esp32,1787204464922296672
lidar,1787204464975375903
esp32,1787204465022758543
lidar,1787204465075768780
esp32,1787204465122832445
lidar,1787204465176273940
esp32,1787204465242596330
lidar,1787204465276956981
esp32,1787204465342412310
lidar,1787204465377333049
esp32,1787204465442276971
lidar,1787204465477868532
esp32,1787204465542422929
lidar,1787204465577997378
esp32,1787204465642522959
lidar,1787204465677975878
esp32,1787204465742325678
lidar,1787204465777015848
esp32,1787204465842496244
lidar,1787204465876811475
esp32,1787204465942393220
lidar,1787204465976329408
esp32,1787204466042775848
lidar,1787204466075521949
esp32,1787204466142327728
lidar,1787204466175506706
esp32,1787204466222583427
lidar,1787204466274943616
esp32,1787204466342335363
lidar,1787204466374889607
esp32,1787204466422714111
lidar,1787204466474617507
esp32,1787204466542412375
lidar,1787204466574022037
esp32,1787204466622031429
lidar,1787204466673634747
esp32,1787204466722496196
lidar,1787204466773506987
esp32,1787204466822664750
lidar,1787204466873409262
esp32,1787204466921535704
lidar,1787204466973033751
esp32,1787204467022628464
lidar,1787204467072834284
esp32,1787204467122318123
lidar,1787204467173146107
esp32,1787204467242441378
lidar,1787204467273408169
esp32,1787204467342446482
lidar,1787204467373376757
esp32,1787204467442543383
lidar,1787204467473633511
esp32,1787204467542253657
lidar,1787204467574447450
esp32,1787204467642422098
lidar,1787204467674872420
esp32,1787204467742454754
lidar,1787204467775179758
esp32,1787204467842451902
lidar,1787204467875042622
esp32,1787204467941926840
lidar,1787204467975076349
esp32,1787204468022543226
lidar,1787204468074435670
esp32,1787204468122565820
lidar,1787204468173855689
esp32,1787204468222646487
lidar,1787204468273618112
esp32,1787204468322274066
lidar,1787204468373140228
esp32,1787204468442231263
lidar,1787204468472705191
esp32,1787204468522719485
lidar,1787204468572363788
esp32,1787204468622554058
lidar,1787204468672085751
esp32,1787204468722450389
lidar,1787204468771795997
esp32,1787204468842381972
lidar,1787204468871641368
esp32,1787204468922323374
lidar,1787204468971362817
esp32,1787204469022591250
lidar,1787204469071111230
esp32,1787204469142378304
lidar,1787204469171333889
esp32,1787204469222508498
lidar,1787204469271457600
esp32,1787204469322361454
lidar,1787204469371735069
esp32,1787204469422545318
lidar,1787204469471927142
esp32,1787204469522628471
lidar,1787204469572208157
esp32,1787204469622427246
lidar,1787204469672654785
esp32,1787204469722757611
lidar,1787204469772789676
esp32,1787204469822593208
lidar,1787204469872427839
esp32,1787204469922631839
lidar,1787204469972122643
esp32,1787204470021446126
lidar,1787204470071569509
esp32,1787204470121673788
lidar,1787204470171363986
esp32,1787204470241549003
lidar,1787204470270976987
esp32,1787204470342440437
lidar,1787204470371052522
esp32,1787204470442460369
lidar,1787204470470733833
esp32,1787204470542046243
lidar,1787204470569974476
esp32,1787204470642387956
lidar,1787204470670210790
esp32,1787204470742180044
lidar,1787204470769681064
esp32,1787204470842607703
lidar,1787204470869547376
esp32,1787204470942585415
lidar,1787204470969337347
esp32,1787204471042525576
lidar,1787204471069449125
esp32,1787204471142471767
lidar,1787204471169192590
esp32,1787204471242495842
lidar,1787204471269788515
esp32,1787204471342408323
lidar,1787204471370106237
esp32,1787204471442398202
lidar,1787204471470538417
esp32,1787204471542376201
lidar,1787204471570753664
esp32,1787204471622811421
lidar,1787204471671118367
esp32,1787204471722759825
lidar,1787204471771395430
esp32,1787204471822822288
lidar,1787204471871636328
esp32,1787204471922886193
lidar,1787204471971645228
esp32,1787204472022879533
lidar,1787204472071195606
esp32,1787204472122868749
lidar,1787204472170800276
esp32,1787204472222600372
lidar,1787204472270418074
esp32,1787204472321517919
lidar,1787204472370265692
esp32,1787204472422589619
lidar,1787204472470396740
esp32,1787204472522738296
lidar,1787204472569881455
esp32,1787204472623003948
lidar,1787204472669661765
esp32,1787204472742422157
lidar,1787204472769349870
esp32,1787204472823432589
lidar,1787204472869109074
esp32,1787204472942393546
lidar,1787204472968296215
esp32,1787204473042368797
lidar,1787204473068055053
esp32,1787204473142330934
lidar,1787204473167373134
esp32,1787204473242276221
lidar,1787204473266889728
esp32,1787204473342525042
lidar,1787204473366316130
esp32,1787204473442514334
lidar,1787204473465668975
esp32,1787204473522771349
lidar,1787204473565978206
esp32,1787204473622766453
lidar,1787204473665255568
esp32,1787204473722532675
lidar,1787204473765228963
esp32,1787204473823086009
lidar,1787204473865255606
esp32,1787204473922588217
lidar,1787204473965432480
esp32,1787204474022826201
lidar,1787204474065827206
esp32,1787204474122672968
lidar,1787204474166133489
esp32,1787204474223054834
lidar,1787204474266497617
esp32,1787204474322735425
lidar,1787204474366515850
esp32,1787204474442418039
lidar,1787204474467304142
esp32,1787204474542476247
lidar,1787204474567647674
esp32,1787204474642279615
lidar,1787204474668001325
esp32,1787204474742455579
lidar,1787204474767923695
esp32,1787204474842449068
lidar,1787204474867827107
esp32,1787204474942488483
lidar,1787204474967267889
esp32,1787204475042128676
lidar,1787204475067003932
esp32,1787204475142280233
lidar,1787204475166365992
esp32,1787204475242577446
lidar,1787204475266442659
esp32,1787204475322513468
lidar,1787204475366358039
esp32,1787204475422660431
lidar,1787204475465687850
esp32,1787204475522914204
lidar,1787204475565483390
esp32,1787204475622878758
lidar,1787204475665218302
esp32,1787204475722658116
lidar,1787204475764869799
esp32,1787204475822737124
lidar,1787204475864512561
esp32,1787204475922738733
lidar,1787204475964076751
esp32,1787204476023136272
lidar,1787204476063848034
esp32,1787204476122713869
lidar,1787204476163486671
esp32,1787204476242555460
lidar,1787204476262850396
esp32,1787204476342589452
lidar,1787204476362734750
esp32,1787204476442446893
lidar,1787204476462258529
esp32,1787204476542445171
lidar,1787204476562277688
esp32,1787204476642665534
lidar,1787204476662174191
esp32,1787204476742382814
lidar,1787204476762274361
esp32,1787204476842353633
lidar,1787204476863003933
esp32,1787204476942387457
lidar,1787204476963511951
esp32,1787204477041794134
lidar,1787204477063296533
esp32,1787204477142590518
lidar,1787204477163810487
esp32,1787204477222371752
lidar,1787204477264264269
esp32,1787204477322522914
lidar,1787204477363737491
esp32,1787204477462462615
lidar,1787204477463360434
esp32,1787204477542460785
lidar,1787204477562858709
esp32,1787204477642505801
lidar,1787204477662897050
esp32,1787204477722520736
lidar,1787204477762392411
esp32,1787204477822576998
lidar,1787204477861970933
esp32,1787204477922538596
lidar,1787204477961738252
esp32,1787204478021854333
lidar,1787204478060934995
esp32,1787204478142441818
lidar,1787204478161605795
esp32,1787204478242453543
lidar,1787204478261943373
esp32,1787204478322684545
lidar,1787204478362427347
esp32,1787204478442395734
lidar,1787204478462377787
esp32,1787204478522468815
lidar,1787204478562578437
esp32,1787204478622718729
lidar,1787204478662997244
esp32,1787204478722747296
lidar,1787204478763063223
esp32,1787204478822726775
lidar,1787204478863545391
esp32,1787204478922657514
lidar,1787204478963623471
esp32,1787204479022825058
lidar,1787204479063820961
esp32,1787204479142527784
lidar,1787204479162664294
esp32,1787204479222454405
lidar,1787204479262666765
esp32,1787204479342281718
lidar,1787204479362535388
esp32,1787204479422405422
lidar,1787204479462018433
esp32,1787204479522707530
lidar,1787204479561442808
esp32,1787204479622524974
lidar,1787204479661101255
esp32,1787204479742496339
lidar,1787204479760131283
esp32,1787204479822782025
lidar,1787204479860043007
esp32,1787204479942479791
lidar,1787204479959837261
esp32,1787204480041640384
lidar,1787204480059222856
esp32,1787204480141566830
lidar,1787204480159260547
esp32,1787204480241562513
lidar,1787204480259282938
esp32,1787204480342413236
lidar,1787204480360685119
esp32,1787204480442428601
lidar,1787204480460485212
esp32,1787204480542463070
lidar,1787204480560863163
esp32,1787204480642362444
lidar,1787204480661039469
esp32,1787204480742349944
lidar,1787204480761289474
esp32,1787204480822187815
lidar,1787204480861097322
esp32,1787204480922716345
lidar,1787204480960827550
esp32,1787204481022893891
lidar,1787204481060439674
esp32,1787204481122677548
lidar,1787204481159605309
esp32,1787204481222539235
lidar,1787204481259426587
esp32,1787204481322452407
lidar,1787204481358939958
esp32,1787204481422617883
lidar,1787204481458769499
esp32,1787204481522751361
lidar,1787204481558520004
esp32,1787204481622469655
lidar,1787204481658601138
esp32,1787204481742471754
lidar,1787204481758970700
esp32,1787204481842439680
lidar,1787204481859514620
esp32,1787204481942459962
lidar,1787204481959971632
esp32,1787204482042470464
lidar,1787204482060853446
esp32,1787204482142453161
lidar,1787204482161082608
esp32,1787204482242485430
lidar,1787204482261813998
esp32,1787204482342443234
lidar,1787204482361207383
esp32,1787204482442427332
lidar,1787204482461367854
esp32,1787204482542257514
lidar,1787204482561300490
esp32,1787204482622310012
lidar,1787204482660879314
esp32,1787204482722385248
lidar,1787204482760296763
esp32,1787204482822464354
lidar,1787204482860003678
esp32,1787204482922562368
lidar,1787204482959501392
esp32,1787204483022566537
lidar,1787204483059236957
esp32,1787204483122129170
lidar,1787204483158714577
esp32,1787204483222467486
lidar,1787204483258788822
esp32,1787204483322909506
lidar,1787204483358949939
esp32,1787204483442189282
lidar,1787204483459174844
esp32,1787204483542419069
lidar,1787204483559207007
esp32,1787204483642581310
lidar,1787204483659480092
esp32,1787204483742580526
lidar,1787204483759970851
esp32,1787204483842106961
lidar,1787204483860270960
esp32,1787204483942591016
lidar,1787204483960660596
esp32,1787204484042006902
lidar,1787204484061052223
esp32,1787204484142408140
lidar,1787204484160719526
esp32,1787204484242442514
lidar,1787204484260108379
esp32,1787204484342306791
lidar,1787204484360593116
esp32,1787204484441921235
lidar,1787204484459873212
esp32,1787204484542349042
lidar,1787204484559628555
esp32,1787204484622440281
lidar,1787204484659337968
esp32,1787204484722620060
lidar,1787204484758559796
esp32,1787204484822622749
lidar,1787204484858021127
esp32,1787204484922703288
lidar,1787204484957513947
esp32,1787204485022866449
lidar,1787204485057106596
esp32,1787204485122602637
lidar,1787204485157026083
esp32,1787204485222643235
lidar,1787204485256735016
esp32,1787204485342120829
lidar,1787204485356281872
esp32,1787204485442532287
lidar,1787204485456197794
esp32,1787204485542418603
lidar,1787204485556372240
esp32,1787204485642499757
lidar,1787204485656531208
esp32,1787204485742608168
lidar,1787204485756774515
esp32,1787204485842355245
lidar,1787204485857194193
esp32,1787204485942282887
lidar,1787204485957128839
esp32,1787204486042263496
lidar,1787204486057270755
esp32,1787204486142325659
lidar,1787204486157719810
esp32,1787204486242294722
lidar,1787204486258009321
esp32,1787204486342324080
lidar,1787204486358096495
esp32,1787204486422803361
lidar,1787204486458077372
esp32,1787204486522905527
lidar,1787204486557943192
esp32,1787204486622816094
lidar,1787204486657095567
esp32,1787204486722697056
lidar,1787204486757039726
esp32,1787204486822652061
lidar,1787204486856823156
esp32,1787204486922751399
lidar,1787204486956074749
esp32,1787204487042416398
lidar,1787204487056179793
esp32,1787204487142451384
lidar,1787204487155446026
esp32,1787204487222686568
lidar,1787204487255671938
esp32,1787204487342467923
lidar,1787204487355631877
esp32,1787204487442542320
lidar,1787204487455682911
esp32,1787204487522666626
lidar,1787204487555324610
esp32,1787204487642492415
lidar,1787204487655468116
esp32,1787204487742455765
lidar,1787204487755778066
esp32,1787204487842521711
lidar,1787204487856070374
esp32,1787204487922857701
lidar,1787204487956398356
esp32,1787204488022711298
lidar,1787204488056659025
esp32,1787204488122619730
lidar,1787204488156792250
esp32,1787204488222621660
lidar,1787204488257550447
esp32,1787204488322487416
lidar,1787204488356629754
esp32,1787204488422327092
lidar,1787204488456445463
esp32,1787204488522783341
lidar,1787204488556187231
esp32,1787204488622676583
lidar,1787204488656021675
esp32,1787204488722452640
lidar,1787204488755796896
esp32,1787204488822876204
lidar,1787204488855684486
esp32,1787204488922820900
lidar,1787204488955469460
esp32,1787204489042329371
lidar,1787204489055152420
esp32,1787204489142454968
lidar,1787204489155058116
esp32,1787204489242277499
lidar,1787204489254968893
esp32,1787204489342348249
lidar,1787204489354304852
esp32,1787204489442376503
lidar,1787204489454309083
esp32,1787204489542590244
lidar,1787204489554240361
esp32,1787204489642458976
lidar,1787204489654590927
esp32,1787204489742595494
lidar,1787204489754703346
esp32,1787204489842703556
lidar,1787204489854965632
esp32,1787204489922902755
lidar,1787204489955119050
esp32,1787204490021704290
lidar,1787204490055264231
esp32,1787204490121553842
lidar,1787204490155553877
esp32,1787204490221564496
lidar,1787204490255746539
esp32,1787204490342139437
lidar,1787204490356392737
esp32,1787204490422857564
lidar,1787204490456529388
esp32,1787204490522834439
lidar,1787204490556323589
esp32,1787204490622760324
lidar,1787204490656274270
esp32,1787204490742670514
lidar,1787204490755302438
esp32,1787204490842703740
lidar,1787204490855843059
esp32,1787204490942607476
lidar,1787204490955454420
esp32,1787204491042538702
lidar,1787204491055243140
esp32,1787204491142602294
lidar,1787204491154666554
esp32,1787204491242511286
lidar,1787204491254249446
esp32,1787204491342308060
lidar,1787204491353696520
esp32,1787204491442296040
lidar,1787204491453648944
esp32,1787204491542290470
lidar,1787204491553223565
esp32,1787204491642400593
lidar,1787204491652463254
esp32,1787204491742432278
lidar,1787204491751955616
esp32,1787204491842311021
lidar,1787204491851999782
esp32,1787204491942501397
lidar,1787204491951416168
esp32,1787204492022875694
lidar,1787204492052009099
esp32,1787204492142522859
lidar,1787204492152088133
esp32,1787204492222629579
lidar,1787204492252441470
esp32,1787204492322651588
lidar,1787204492352691928
esp32,1787204492422501963
lidar,1787204492453421540
esp32,1787204492522458066
lidar,1787204492553204783
esp32,1787204492642459789
lidar,1787204492653835212
esp32,1787204492742476681
lidar,1787204492753477062
esp32,1787204492842415116
lidar,1787204492852918700
esp32,1787204492942311143
lidar,1787204492953108811
esp32,1787204493042507580
lidar,1787204493052872611
esp32,1787204493142228640
lidar,1787204493152359072
esp32,1787204493242551898
lidar,1787204493251561164
esp32,1787204493342387825
lidar,1787204493351701733
esp32,1787204493442548638
lidar,1787204493451220084
esp32,1787204493542395710
lidar,1787204493551090264
esp32,1787204493622542267
lidar,1787204493650593726
esp32,1787204493722722054
lidar,1787204493750579451
esp32,1787204493822754394
lidar,1787204493850132259
esp32,1787204493922541630
lidar,1787204493949591761
esp32,1787204494023009977
lidar,1787204494049742873
esp32,1787204494122785331
lidar,1787204494149996777
esp32,1787204494222619903
lidar,1787204494250251587
esp32,1787204494342500160
lidar,1787204494350390106
esp32,1787204494442519567
lidar,1787204494450603481
esp32,1787204494542489582
lidar,1787204494550907393
esp32,1787204494642620464
lidar,1787204494651045528
esp32,1787204494742594914
lidar,1787204494751593984
esp32,1787204494842490290
lidar,1787204494851581212
esp32,1787204494942427956
lidar,1787204494951809626
esp32,1787204495042462833
lidar,1787204495051795848
esp32,1787204495142391046
lidar,1787204495151470231
esp32,1787204495242405808
lidar,1787204495250943428
esp32,1787204495342509824
lidar,1787204495350871460
esp32,1787204495422890920
lidar,1787204495450441616
esp32,1787204495522256203
lidar,1787204495550362041
esp32,1787204495642498269
lidar,1787204495649373892
esp32,1787204495722787226
lidar,1787204495749272817
esp32,1787204495822631617
lidar,1787204495848532177
esp32,1787204495922820197
lidar,1787204495948330551
esp32,1787204496022984461
lidar,1787204496047995071
esp32,1787204496142430058
lidar,1787204496147783054
esp32,1787204496242483767
lidar,1787204496248023151
esp32,1787204496342348135
lidar,1787204496348124613
esp32,1787204496442462136
lidar,1787204496448510929
esp32,1787204496542510053
lidar,1787204496548369051
esp32,1787204496622314674
lidar,1787204496648972810
esp32,1787204496742544542
lidar,1787204496749045912
esp32,1787204496822748705
lidar,1787204496849359922
esp32,1787204496922731103
lidar,1787204496949736999
esp32,1787204497022890771
lidar,1787204497049451567
esp32,1787204497122814725
lidar,1787204497149296875
esp32,1787204497222770974
lidar,1787204497248686052
esp32,1787204497321788978
lidar,1787204497348322774
esp32,1787204497422515420
lidar,1787204497447519363
esp32,1787204497522657122
lidar,1787204497547214273
esp32,1787204497622397161
lidar,1787204497646822476
esp32,1787204497722535236
lidar,1787204497746568457
esp32,1787204497822517041
lidar,1787204497846556425
esp32,1787204497922428887
lidar,1787204497946409924
esp32,1787204498022943755
lidar,1787204498045863699
esp32,1787204498142319154
lidar,1787204498145414605
esp32,1787204498242424128
lidar,1787204498244862228
esp32,1787204498342350907
lidar,1787204498344446684
esp32,1787204498442370692
lidar,1787204498443783538
esp32,1787204498542335344
lidar,1787204498543789035
esp32,1787204498642351802
lidar,1787204498643820956
esp32,1787204498742458659
lidar,1787204498743883465
esp32,1787204498842435566
lidar,1787204498844191326
esp32,1787204498942457376
lidar,1787204498944081168
esp32,1787204499042363801
lidar,1787204499044224059
esp32,1787204499142033475
lidar,1787204499144405689
esp32,1787204499242502727
lidar,1787204499244577617
esp32,1787204499322566595
lidar,1787204499344751044
esp32,1787204499442340043
lidar,1787204499444611424
esp32,1787204499522642221
lidar,1787204499544790259
esp32,1787204499622884536
lidar,1787204499644370923
esp32,1787204499742339565
lidar,1787204499743380083
esp32,1787204499822808159
lidar,1787204499843290569
esp32,1787204499942479471
lidar,1787204499943540761
esp32,1787204500041556244
lidar,1787204500042277530
esp32,1787204500141593843
lidar,1787204500142545873
esp32,1787204500241355752
lidar,1787204500242628447
esp32,1787204500342229147
lidar,1787204500343300629
esp32,1787204500442192238
lidar,1787204500443276003
esp32,1787204500542386056
lidar,1787204500543860261
esp32,1787204500642228524
lidar,1787204500643881697
esp32,1787204500742489441
lidar,1787204500744549337
esp32,1787204500842188931
lidar,1787204500845026645
esp32,1787204500942331185
lidar,1787204500945323600
esp32,1787204501022817689
lidar,1787204501045568540
esp32,1787204501122616272
lidar,1787204501145455434
esp32,1787204501222664385
lidar,1787204501244747273
esp32,1787204501322423745
lidar,1787204501344318417
esp32,1787204501422535831
lidar,1787204501443719511
esp32,1787204501522997850
lidar,1787204501543763252
esp32,1787204501622871726
lidar,1787204501643100633
esp32,1787204501742358748
lidar,1787204501743133395
esp32,1787204501842328189
lidar,1787204501843160428
esp32,1787204501942387513
lidar,1787204501943156648
lidar,1787204502042363982
esp32,1787204502043314973
esp32,1787204502142567057
lidar,1787204502143607498
esp32,1787204502242439227
lidar,1787204502243063101
lidar,1787204502342216126
esp32,1787204502343088298
lidar,1787204502441860192
esp32,1787204502442769500
lidar,1787204502541651926
esp32,1787204502542656288
lidar,1787204502641308446
esp32,1787204502642221167
esp32,1787204502722569440
lidar,1787204502740641272
lidar,1787204502840494329
esp32,1787204502841974225
esp32,1787204502922611958
lidar,1787204502940192630
esp32,1787204503022777042
lidar,1787204503040098207
esp32,1787204503122645348
lidar,1787204503139751252
lidar,1787204503239751838
esp32,1787204503241947020
lidar,1787204503340050226
esp32,1787204503341956328
lidar,1787204503440029399
esp32,1787204503442163994
lidar,1787204503540480847
esp32,1787204503542061977
lidar,1787204503640850696
esp32,1787204503642122961
lidar,1787204503741147775
esp32,1787204503742284021
lidar,1787204503841372884
esp32,1787204503842322852
lidar,1787204503941610602
esp32,1787204503942590865
lidar,1787204504041373439
esp32,1787204504042338592
lidar,1787204504141037476
esp32,1787204504142099989
lidar,1787204504240516394
esp32,1787204504242095483
lidar,1787204504340150744
esp32,1787204504341949638
lidar,1787204504439898387
esp32,1787204504441976468
lidar,1787204504539381340
esp32,1787204504542037613
esp32,1787204504622779997
lidar,1787204504638482631
lidar,1787204504738441723
esp32,1787204504742043746
esp32,1787204504822679360
lidar,1787204504838096439
lidar,1787204504938050827
esp32,1787204504942021536
esp32,1787204505022975605
lidar,1787204505037251666
lidar,1787204505137434677
esp32,1787204505142035524
lidar,1787204505237165802
esp32,1787204505241953906
lidar,1787204505336964984
esp32,1787204505342192859
lidar,1787204505436473249
esp32,1787204505442088067
lidar,1787204505536774843
esp32,1787204505542043743
lidar,1787204505637057287
esp32,1787204505642071297
esp32,1787204505722521683
lidar,1787204505737381837
esp32,1787204505822243481
lidar,1787204505837342333
esp32,1787204505922743513
lidar,1787204505937310029
esp32,1787204506022836202
lidar,1787204506037563360
esp32,1787204506122563884
lidar,1787204506138043653
esp32,1787204506223032649
lidar,1787204506238303182
esp32,1787204506322811709
lidar,1787204506338423245
esp32,1787204506422723607
lidar,1787204506437857797
esp32,1787204506522814555
lidar,1787204506538065612
esp32,1787204506622575911
lidar,1787204506637683822
esp32,1787204506722693607
lidar,1787204506737734843
esp32,1787204506823018713
lidar,1787204506837094784
esp32,1787204506922514215
lidar,1787204506937211628
lidar,1787204507037144060
esp32,1787204507041965366
lidar,1787204507136951262
esp32,1787204507141963643
lidar,1787204507236760855
esp32,1787204507242065443
lidar,1787204507336282292
esp32,1787204507342159777
lidar,1787204507435795217
esp32,1787204507441520574
lidar,1787204507535726916
esp32,1787204507542204405
lidar,1787204507635391192
esp32,1787204507642265514
lidar,1787204507735217183
esp32,1787204507742246873
lidar,1787204507835419500
esp32,1787204507842206087
lidar,1787204507935558667
esp32,1787204507942329798
lidar,1787204508035647319
esp32,1787204508042194194
esp32,1787204508122193932
lidar,1787204508136099890
esp32,1787204508222706989
lidar,1787204508236366172
esp32,1787204508322689813
lidar,1787204508336569937
esp32,1787204508422758931
lidar,1787204508437028449
esp32,1787204508522677473
lidar,1787204508538090341
esp32,1787204508622705092
lidar,1787204508638013352
lidar,1787204508738073452
esp32,1787204508742073543
lidar,1787204508837970250
esp32,1787204508842156047
lidar,1787204508937574064
esp32,1787204508942214053
lidar,1787204509037254517
esp32,1787204509042060710
lidar,1787204509137195675
esp32,1787204509142110838
lidar,1787204509236692420
esp32,1787204509242072213
lidar,1787204509336618199
esp32,1787204509342101877
lidar,1787204509435970432
esp32,1787204509442159492
lidar,1787204509535586169
esp32,1787204509542142884
lidar,1787204509635029690
esp32,1787204509642188481
lidar,1787204509734528671
esp32,1787204509742200607
lidar,1787204509834716144
esp32,1787204509842155887
lidar,1787204509935047091
esp32,1787204509942157836
esp32,1787204510021717456
lidar,1787204510034590626
esp32,1787204510121708197
lidar,1787204510134913390
esp32,1787204510221882213
lidar,1787204510235216556
lidar,1787204510336055672
esp32,1787204510342186245
esp32,1787204510422871181
lidar,1787204510436871270
esp32,1787204510522991535
lidar,1787204510537089896
lidar,1787204510637209974
esp32,1787204510641880819
lidar,1787204510737152886
esp32,1787204510742148127
lidar,1787204510836976326
esp32,1787204510842139140
lidar,1787204510936739148
esp32,1787204510942129145
lidar,1787204511036570651
esp32,1787204511042177749
lidar,1787204511135856580
esp32,1787204511141809799
lidar,1787204511235660116
esp32,1787204511242130748
lidar,1787204511335375071
esp32,1787204511342111669
lidar,1787204511434356844
esp32,1787204511441874560
lidar,1787204511534156964
esp32,1787204511542122055
lidar,1787204511633833659
esp32,1787204511642075551
lidar,1787204511733566868
esp32,1787204511742100580
esp32,1787204511822882662
lidar,1787204511832947717
esp32,1787204511922526017
lidar,1787204511932910243
esp32,1787204512022501332
lidar,1787204512032481795
esp32,1787204512122485497
lidar,1787204512132703883
esp32,1787204512222570993
lidar,1787204512232620237
lidar,1787204512333048804
esp32,1787204512342166958
esp32,1787204512422703157
lidar,1787204512433623439
lidar,1787204512533411532
esp32,1787204512541733572
lidar,1787204512633954942
esp32,1787204512641982568
lidar,1787204512734552332
esp32,1787204512742044107
lidar,1787204512834827691
esp32,1787204512842001782
lidar,1787204512934703064
esp32,1787204512941890313
lidar,1787204513033806315
esp32,1787204513042063112
lidar,1787204513133721525
esp32,1787204513141821242
lidar,1787204513233356426
esp32,1787204513241964951
lidar,1787204513332879538
esp32,1787204513342123140
lidar,1787204513432348353
esp32,1787204513442154948
lidar,1787204513532298879
esp32,1787204513541836543
esp32,1787204513622654278
lidar,1787204513631894475
esp32,1787204513722649459
lidar,1787204513731663974
esp32,1787204513822816381
lidar,1787204513831610854
esp32,1787204513922566896
lidar,1787204513931800859
esp32,1787204514022691240
lidar,1787204514031814546
esp32,1787204514122469950
lidar,1787204514132422844
lidar,1787204514232778896
esp32,1787204514241945672
lidar,1787204514333322505
esp32,1787204514342044918
lidar,1787204514433344554
esp32,1787204514442013278
lidar,1787204514533792542
esp32,1787204514542047430
lidar,1787204514633326078
esp32,1787204514642106681
lidar,1787204514733101848
esp32,1787204514742077258
lidar,1787204514833075407
esp32,1787204514842050581
lidar,1787204514932696970
esp32,1787204514942014843
esp32,1787204515022806488
lidar,1787204515032808708
esp32,1787204515122429740
lidar,1787204515131720058
esp32,1787204515222681186
lidar,1787204515231590879
esp32,1787204515322591039
lidar,1787204515330877676
esp32,1787204515422699652
lidar,1787204515431026179
esp32,1787204515522603257
lidar,1787204515530359091
esp32,1787204515622689710
lidar,1787204515629876725
esp32,1787204515722731065
lidar,1787204515729740197
lidar,1787204515829782797
esp32,1787204515842011077
lidar,1787204515929918712
esp32,1787204515942145849
lidar,1787204516030119699
esp32,1787204516042344287
lidar,1787204516130176063
esp32,1787204516141962910
lidar,1787204516230399277
esp32,1787204516242441613
lidar,1787204516330707086
esp32,1787204516342181589
lidar,1787204516431291507
esp32,1787204516442147884
lidar,1787204516530937060
esp32,1787204516542102451
lidar,1787204516630773269
esp32,1787204516642116218
lidar,1787204516729954974
esp32,1787204516741546240
lidar,1787204516830485111
esp32,1787204516842313430
lidar,1787204516929635868
esp32,1787204516942235052
lidar,1787204517029084485
esp32,1787204517042679315
lidar,1787204517128218990
esp32,1787204517142007585
lidar,1787204517228284443
esp32,1787204517242468103
lidar,1787204517327974871
esp32,1787204517342477216
lidar,1787204517427961268
esp32,1787204517442584594
lidar,1787204517527843393
esp32,1787204517542532951
lidar,1787204517628252132
esp32,1787204517642296621
lidar,1787204517728416848
esp32,1787204517742093521
lidar,1787204517829014362
esp32,1787204517842150376
lidar,1787204517929197932
esp32,1787204517942027653
lidar,1787204518029584747
esp32,1787204518042123661
lidar,1787204518129928728
esp32,1787204518141804003
lidar,1787204518230369019
esp32,1787204518242001660
lidar,1787204518330278480
esp32,1787204518342116146
lidar,1787204518430056250
esp32,1787204518442315251
lidar,1787204518529795675
esp32,1787204518542134844
lidar,1787204518629717836
esp32,1787204518642357756
lidar,1787204518728685802
esp32,1787204518741628520
lidar,1787204518828912864
esp32,1787204518842001271
esp32,1787204518923127293
lidar,1787204518928264659
esp32,1787204519023080131
lidar,1787204519028246493
esp32,1787204519122709846
lidar,1787204519127558676
esp32,1787204519222649945
lidar,1787204519227524318
esp32,1787204519322788417
lidar,1787204519327162002
esp32,1787204519422844272
lidar,1787204519426631519
lidar,1787204519526533347
esp32,1787204519542470378
lidar,1787204519625942939
esp32,1787204519642380306
lidar,1787204519725871542
esp32,1787204519742346852
lidar,1787204519825355908
esp32,1787204519841603906
lidar,1787204519925681416
esp32,1787204519942469172
lidar,1787204520025595387
esp32,1787204520041482247
lidar,1787204520125559813
esp32,1787204520141492398
lidar,1787204520226084311
esp32,1787204520241394092
lidar,1787204520326787905
esp32,1787204520342307166
lidar,1787204520427671602
esp32,1787204520442306646
lidar,1787204520528021364
esp32,1787204520542426285
lidar,1787204520628692684
esp32,1787204520642548281
lidar,1787204520728379053
esp32,1787204520742328467
esp32,1787204520822641026
lidar,1787204520828084103
esp32,1787204520922515609
lidar,1787204520927565092
esp32,1787204521022749441
lidar,1787204521027456347
lidar,1787204521126903368
esp32,1787204521142393762
lidar,1787204521226485552
esp32,1787204521242365987
lidar,1787204521325780079
esp32,1787204521341938420
lidar,1787204521426092966
esp32,1787204521442418580
lidar,1787204521525805688
esp32,1787204521542372581
lidar,1787204521624685782
esp32,1787204521641623577
lidar,1787204521724296107
esp32,1787204521742527545
lidar,1787204521824184152
esp32,1787204521842441153
lidar,1787204521924051691
esp32,1787204521942403821
lidar,1787204522023546250
esp32,1787204522042335587
lidar,1787204522123427199
esp32,1787204522142348617
lidar,1787204522223446761
esp32,1787204522242472346
lidar,1787204522323887229
esp32,1787204522342256973
lidar,1787204522423535188
esp32,1787204522442421581
lidar,1787204522523647715
esp32,1787204522542362052
esp32,1787204522622676813
lidar,1787204522623692815
esp32,1787204522722382674
lidar,1787204522724046664
esp32,1787204522822761355
lidar,1787204522824320013
esp32,1787204522922615124
lidar,1787204522924812574
lidar,1787204523025443908
esp32,1787204523042478170
esp32,1787204523122998649
lidar,1787204523125247587
lidar,1787204523225365969
esp32,1787204523242321617
lidar,1787204523325566675
esp32,1787204523342062417
lidar,1787204523425197273
esp32,1787204523442033033
lidar,1787204523524926573
esp32,1787204523541971413
lidar,1787204523624680961
esp32,1787204523642266226
esp32,1787204523722846498
lidar,1787204523723997278
esp32,1787204523822706381
lidar,1787204523823778850
lidar,1787204523923318040
esp32,1787204523942281080
esp32,1787204524022668351
lidar,1787204524023862012
esp32,1787204524122658086
lidar,1787204524123890600
esp32,1787204524222495610
lidar,1787204524223772659
esp32,1787204524322370763
lidar,1787204524323600320
esp32,1787204524422244673
lidar,1787204524423428288
esp32,1787204524522588944
lidar,1787204524523796983
esp32,1787204524622185328
lidar,1787204524624570358
lidar,1787204524725449724
esp32,1787204524742440634
lidar,1787204524825598878
esp32,1787204524842339808
lidar,1787204524925456206
esp32,1787204524942311232
lidar,1787204525025149131
esp32,1787204525042324069
lidar,1787204525125004347
esp32,1787204525142017481
lidar,1787204525225035302
esp32,1787204525242335479
lidar,1787204525324484858
esp32,1787204525342404259
lidar,1787204525423821560
esp32,1787204525442352136
lidar,1787204525523732012
esp32,1787204525542289355
lidar,1787204525623269525
esp32,1787204525642399745
lidar,1787204525722886279
esp32,1787204525742332586
lidar,1787204525822878517
esp32,1787204525842291265
lidar,1787204525922643771
esp32,1787204525942281040
lidar,1787204526022149996
esp32,1787204526042333420
lidar,1787204526121886878
esp32,1787204526142058543
lidar,1787204526221509989
esp32,1787204526222456400
lidar,1787204526321644044
esp32,1787204526322232025
lidar,1787204526421725092
esp32,1787204526422559388
lidar,1787204526521794452
esp32,1787204526522554383
lidar,1787204526622171937
esp32,1787204526642305419
lidar,1787204526722779010
esp32,1787204526742353249
lidar,1787204526823060218
esp32,1787204526842464991
lidar,1787204526923290295
esp32,1787204526942352805
lidar,1787204527023223682
esp32,1787204527042243378
lidar,1787204527123145335
esp32,1787204527141905527
lidar,1787204527222744795
esp32,1787204527242293223
lidar,1787204527322594519
esp32,1787204527342264665
lidar,1787204527422591379
esp32,1787204527442441030
lidar,1787204527521533997
esp32,1787204527542370046
lidar,1787204527621221709
esp32,1787204527642251347
lidar,1787204527720539350
esp32,1787204527742315832
lidar,1787204527820403333
esp32,1787204527842395361
lidar,1787204527920209210
esp32,1787204527942330305
lidar,1787204528019517351
esp32,1787204528042401037
lidar,1787204528119359134
esp32,1787204528141873538
lidar,1787204528219306200
esp32,1787204528242353382
lidar,1787204528319238052
esp32,1787204528341993650
lidar,1787204528419567328
esp32,1787204528441803274
lidar,1787204528519687146
esp32,1787204528541908634
lidar,1787204528620003970
esp32,1787204528642292644
lidar,1787204528720150578
esp32,1787204528742345065
lidar,1787204528820688767
esp32,1787204528841848301
lidar,1787204528920688079
esp32,1787204528942404088
lidar,1787204529020717118
esp32,1787204529041863202
lidar,1787204529120713321
esp32,1787204529141652583
lidar,1787204529220031840
esp32,1787204529241959493
lidar,1787204529320094017
esp32,1787204529342450874
lidar,1787204529419805428
esp32,1787204529442362771
lidar,1787204529519358269
esp32,1787204529542368280
lidar,1787204529619227660
esp32,1787204529642334693
lidar,1787204529718693319
esp32,1787204529741482945
lidar,1787204529818268124
esp32,1787204529822292776
lidar,1787204529917689530
esp32,1787204529942347502
lidar,1787204530016842724
esp32,1787204530041473051
lidar,1787204530116337526
esp32,1787204530141409461
lidar,1787204530215513078
esp32,1787204530241433490
lidar,1787204530315463822
esp32,1787204530342244298
lidar,1787204530415020917
esp32,1787204530442305015
lidar,1787204530514522226
esp32,1787204530542098717
lidar,1787204530614136744
esp32,1787204530641853603
lidar,1787204530713690703
esp32,1787204530741831142
lidar,1787204530814425811
esp32,1787204530842506161
lidar,1787204530914674012
esp32,1787204530942435264
lidar,1787204531014503719
esp32,1787204531042316092
lidar,1787204531114560938
esp32,1787204531142351441
lidar,1787204531215053039
esp32,1787204531242514470
lidar,1787204531315252583
esp32,1787204531342324824
lidar,1787204531415242814
esp32,1787204531442262939
lidar,1787204531515153644
esp32,1787204531522249419
lidar,1787204531615115284
esp32,1787204531642462072
lidar,1787204531715421713
esp32,1787204531722338527
lidar,1787204531814980290
esp32,1787204531842420596
lidar,1787204531914409250
esp32,1787204531942408088
lidar,1787204532014420830
esp32,1787204532042427419
lidar,1787204532113954853
esp32,1787204532142430633
lidar,1787204532213430534
esp32,1787204532242384246
lidar,1787204532312581328
esp32,1787204532341688828
lidar,1787204532412102115
esp32,1787204532441564132
lidar,1787204532512539652
esp32,1787204532541951995
lidar,1787204532612238755
esp32,1787204532641818945
lidar,1787204532711959448
esp32,1787204532722242036
lidar,1787204532811864401
esp32,1787204532841829869
lidar,1787204532912480201
esp32,1787204532922290132
lidar,1787204533012525363
esp32,1787204533022920622
lidar,1787204533112610322
esp32,1787204533141947322
lidar,1787204533213356763
esp32,1787204533222610958
lidar,1787204533313615899
esp32,1787204533322224981
lidar,1787204533414229460
esp32,1787204533422193420
lidar,1787204533514318628
esp32,1787204533541687244
lidar,1787204533614748190
esp32,1787204533662278267
lidar,1787204533714651089
esp32,1787204533742523370
lidar,1787204533814635614
esp32,1787204533842214551
lidar,1787204533914657722
esp32,1787204533942378123
lidar,1787204534014534269
esp32,1787204534042316453
lidar,1787204534114388102
esp32,1787204534142445191
lidar,1787204534214283177
esp32,1787204534242307963
lidar,1787204534313704060
esp32,1787204534341952922
lidar,1787204534413467012
esp32,1787204534441676820
lidar,1787204534512904979
esp32,1787204534542346732
lidar,1787204534612480627
esp32,1787204534641982313
lidar,1787204534711967028
esp32,1787204534742377930
lidar,1787204534811668349
esp32,1787204534842403369
lidar,1787204534911375082
esp32,1787204534942468144
lidar,1787204535011097601
esp32,1787204535022449161
lidar,1787204535110861097
esp32,1787204535122142223
lidar,1787204535211495164
esp32,1787204535222558073
lidar,1787204535311583295
esp32,1787204535322167561
lidar,1787204535411693871
esp32,1787204535442396028
lidar,1787204535511858559
esp32,1787204535542479474
lidar,1787204535612174103
esp32,1787204535641698511
lidar,1787204535712644960
esp32,1787204535742436980
lidar,1787204535812448929
esp32,1787204535842243596
lidar,1787204535912953881
esp32,1787204535942353798
lidar,1787204536012959283
esp32,1787204536042388273
lidar,1787204536112683749
esp32,1787204536142323123
lidar,1787204536213054882
esp32,1787204536242414397
lidar,1787204536312356117
esp32,1787204536342432921
lidar,1787204536411927700
esp32,1787204536442386455
lidar,1787204536511661602
esp32,1787204536542271509
lidar,1787204536611557251
esp32,1787204536642476947
lidar,1787204536710643238
esp32,1787204536742477499
lidar,1787204536810615983
esp32,1787204536822417521
lidar,1787204536910363229
esp32,1787204536922645067
lidar,1787204537009890718
esp32,1787204537022707737
lidar,1787204537109456991
esp32,1787204537122393316
lidar,1787204537208732517
esp32,1787204537242352389
lidar,1787204537308148212
esp32,1787204537342399083
lidar,1787204537407879901
esp32,1787204537442512044
lidar,1787204537507408407
esp32,1787204537542399221
lidar,1787204537607328025
esp32,1787204537642511891
lidar,1787204537707300714
esp32,1787204537742306391
lidar,1787204537807470496
esp32,1787204537842070727
lidar,1787204537907626209
esp32,1787204537942479146
lidar,1787204538007754554
esp32,1787204538042504580
lidar,1787204538108047599
esp32,1787204538142500575
lidar,1787204538207978425
esp32,1787204538242407252
lidar,1787204538308741234
esp32,1787204538342461138
lidar,1787204538408928258
esp32,1787204538442331967
lidar,1787204538509262726
esp32,1787204538522648494
lidar,1787204538609709607
esp32,1787204538642454016
lidar,1787204538709281041
esp32,1787204538722799386
lidar,1787204538809239827
esp32,1787204538841988937
lidar,1787204538908841179
esp32,1787204538942457806
lidar,1787204539008341536
esp32,1787204539042572965
lidar,1787204539108048472
esp32,1787204539142608651
lidar,1787204539207505349
esp32,1787204539242519007
lidar,1787204539306902669
esp32,1787204539342503443
lidar,1787204539406446865
esp32,1787204539442521948
lidar,1787204539505904302
esp32,1787204539542397005
lidar,1787204539605432497
esp32,1787204539642351842
lidar,1787204539705741884
esp32,1787204539742448411
lidar,1787204539805814050
esp32,1787204539842375677
lidar,1787204539905778883
esp32,1787204539942412339
lidar,1787204540005578652
esp32,1787204540041620346
lidar,1787204540105912408
esp32,1787204540141598997
lidar,1787204540205980541
esp32,1787204540221589077
lidar,1787204540306192076
esp32,1787204540321734610
lidar,1787204540406479591
esp32,1787204540422621687
lidar,1787204540506396050
esp32,1787204540522597264
lidar,1787204540606796523
esp32,1787204540642340150
lidar,1787204540706251055
esp32,1787204540742502340
lidar,1787204540805860816
esp32,1787204540842533104
lidar,1787204540905876652
esp32,1787204540942558517
lidar,1787204541005123411
esp32,1787204541042355465
lidar,1787204541105131283
esp32,1787204541142475810
lidar,1787204541204611783
esp32,1787204541242484176
lidar,1787204541304174436
esp32,1787204541322389286
lidar,1787204541403526470
esp32,1787204541422142202
lidar,1787204541503129159
esp32,1787204541522688228
lidar,1787204541603053741
esp32,1787204541642366476
lidar,1787204541703173019
esp32,1787204541722139669
lidar,1787204541803464088
esp32,1787204541822303501
lidar,1787204541904128383
esp32,1787204541922395489
lidar,1787204542004542069
esp32,1787204542022613859
lidar,1787204542105408278
esp32,1787204542122267548
lidar,1787204542205541561
esp32,1787204542222118201
lidar,1787204542306266207
esp32,1787204542322586293
lidar,1787204542406324408
esp32,1787204542442282204
lidar,1787204542506431518
esp32,1787204542542308264
lidar,1787204542606216778
esp32,1787204542642297138
lidar,1787204542705871265
esp32,1787204542742398393
lidar,1787204542805479309
esp32,1787204542842285516
lidar,1787204542905309298
esp32,1787204542942344217
lidar,1787204543005006782
esp32,1787204543042328137
lidar,1787204543104663334
esp32,1787204543141899350
lidar,1787204543204462909
esp32,1787204543241964783
lidar,1787204543303928145
esp32,1787204543342112728
lidar,1787204543403951008
esp32,1787204543441987540
lidar,1787204543503162346
esp32,1787204543541908834
lidar,1787204543602798189
esp32,1787204543642244900
lidar,1787204543702834204
esp32,1787204543742416636
lidar,1787204543802104048
esp32,1787204543842347894
lidar,1787204543901833453
esp32,1787204543921701369
lidar,1787204544001438051
esp32,1787204544042329254
lidar,1787204544101324606
esp32,1787204544141857395
lidar,1787204544201084297
esp32,1787204544242242469
lidar,1787204544300531173
esp32,1787204544342293186
lidar,1787204544400495906
esp32,1787204544442418512
lidar,1787204544500311370
esp32,1787204544542384348
lidar,1787204544600658314
esp32,1787204544642132778
lidar,1787204544700327956
esp32,1787204544742228442
lidar,1787204544800894269
esp32,1787204544842300857
lidar,1787204544900910470
esp32,1787204544942220950
lidar,1787204545001008673
esp32,1787204545042480563
lidar,1787204545101290193
esp32,1787204545142640681
lidar,1787204545201379004
esp32,1787204545241924216
lidar,1787204545301562877
esp32,1787204545342304269
lidar,1787204545401434870
esp32,1787204545442464376
lidar,1787204545501247892
esp32,1787204545542272977
lidar,1787204545601017352
esp32,1787204545622590863
lidar,1787204545700885803
esp32,1787204545722872354
lidar,1787204545800805057
esp32,1787204545842393249
lidar,1787204545900095222
esp32,1787204545941854344
lidar,1787204545999939556
esp32,1787204546042231064
lidar,1787204546099246352
esp32,1787204546142331698
lidar,1787204546199123754
esp32,1787204546242140392
lidar,1787204546298316413
esp32,1787204546342383627
lidar,1787204546398105408
esp32,1787204546442202619
lidar,1787204546497340567
esp32,1787204546542439865
lidar,1787204546597270536
esp32,1787204546642485244
lidar,1787204546698005022
esp32,1787204546742526181
lidar,1787204546797807703
esp32,1787204546842465451
lidar,1787204546898039738
esp32,1787204546942327349
lidar,1787204546998213159
esp32,1787204547042476812
lidar,1787204547098299617
esp32,1787204547141734069
lidar,1787204547198593105
esp32,1787204547242413282
lidar,1787204547298632014
esp32,1787204547342496705
lidar,1787204547399059991
esp32,1787204547442500800
lidar,1787204547499599182
esp32,1787204547542495818
lidar,1787204547599270105
esp32,1787204547642589950
lidar,1787204547699201973
esp32,1787204547742573601
lidar,1787204547798977650
esp32,1787204547842431601
lidar,1787204547898663445
esp32,1787204547942505103
lidar,1787204547998495127
esp32,1787204548042495902
lidar,1787204548097928953
esp32,1787204548142574581
lidar,1787204548197384009
esp32,1787204548242528484
lidar,1787204548297006995
esp32,1787204548342499290
lidar,1787204548396454935
esp32,1787204548442461488
lidar,1787204548496518440
esp32,1787204548542503026
lidar,1787204548596135845
esp32,1787204548642462517
lidar,1787204548695876218
esp32,1787204548742548439
lidar,1787204548795527104
esp32,1787204548842432722
lidar,1787204548894864938
esp32,1787204548942287732
lidar,1787204548994429176
esp32,1787204549022167775
lidar,1787204549094435456
esp32,1787204549122898175
lidar,1787204549194638725
esp32,1787204549222584342
lidar,1787204549294967239
esp32,1787204549322675539
lidar,1787204549394899437
esp32,1787204549442376096
lidar,1787204549495242360
esp32,1787204549542533470
lidar,1787204549595706141
esp32,1787204549642597372
lidar,1787204549695973954
esp32,1787204549742497582
lidar,1787204549796280665
esp32,1787204549842471914
lidar,1787204549896974769
esp32,1787204549942566096
lidar,1787204549996240296
esp32,1787204550041451150
lidar,1787204550096202954
esp32,1787204550141510766
lidar,1787204550196088636
esp32,1787204550241619185
lidar,1787204550295697205
esp32,1787204550342292667
lidar,1787204550395612851
esp32,1787204550442536844
lidar,1787204550495761692
esp32,1787204550522857474
lidar,1787204550595006057
esp32,1787204550642482354
lidar,1787204550695106909
esp32,1787204550742461982
lidar,1787204550794770905
esp32,1787204550822853861
lidar,1787204550894511907
esp32,1787204550942379641
lidar,1787204550994369483
esp32,1787204551042248776
lidar,1787204551094155760
esp32,1787204551142384660
lidar,1787204551193866206
esp32,1787204551242419104
lidar,1787204551293863895
esp32,1787204551342305810
lidar,1787204551394282812
esp32,1787204551442356190
lidar,1787204551494588947
esp32,1787204551542350705
lidar,1787204551594876845
esp32,1787204551642411099
lidar,1787204551695437536
esp32,1787204551742389520
lidar,1787204551795975245
esp32,1787204551842359640
lidar,1787204551896046573
esp32,1787204551942287366
lidar,1787204551996313987
esp32,1787204552041979192
lidar,1787204552096320317
esp32,1787204552142364840
lidar,1787204552196466466
esp32,1787204552242352810
lidar,1787204552296501683
esp32,1787204552342422613
lidar,1787204552396364492
esp32,1787204552442337398
lidar,1787204552495127136
esp32,1787204552542543143
lidar,1787204552595026536
esp32,1787204552642577208
lidar,1787204552694504016
esp32,1787204552742354600
lidar,1787204552793809431
esp32,1787204552822456513
lidar,1787204552893412152
esp32,1787204552942365924
lidar,1787204552992879137
esp32,1787204553042398185
lidar,1787204553092556116
esp32,1787204553142510256
lidar,1787204553192430942
esp32,1787204553242421071
lidar,1787204553292656497
esp32,1787204553342384614
lidar,1787204553392778697
esp32,1787204553442499020
lidar,1787204553492689999
esp32,1787204553542455553
lidar,1787204553592899849
esp32,1787204553642480877
lidar,1787204553692886243
esp32,1787204553762436314
lidar,1787204553793571019
esp32,1787204553842501778
lidar,1787204553894046693
esp32,1787204553942459707
lidar,1787204553994283948
esp32,1787204554042456272
lidar,1787204554094083702
esp32,1787204554142303069
lidar,1787204554194013320
esp32,1787204554242503529
lidar,1787204554293993310
esp32,1787204554342642727
lidar,1787204554393684210
esp32,1787204554442314585
lidar,1787204554493247995
esp32,1787204554542414845
lidar,1787204554592980679
esp32,1787204554621944128
lidar,1787204554692821874
esp32,1787204554742438602
lidar,1787204554792452461
esp32,1787204554842465135
lidar,1787204554892062287
esp32,1787204554942297647
lidar,1787204554991763150
esp32,1787204555042532238
lidar,1787204555091195044
esp32,1787204555142510684
lidar,1787204555191037559
esp32,1787204555242387312
lidar,1787204555290983241
esp32,1787204555342540343
lidar,1787204555391190088
esp32,1787204555442392762
lidar,1787204555491337090
esp32,1787204555542446651
lidar,1787204555591713090
esp32,1787204555642577926
lidar,1787204555691688584
esp32,1787204555742600188
lidar,1787204555792258829
esp32,1787204555842497094
lidar,1787204555892857616
esp32,1787204555942513743
lidar,1787204555992676699
esp32,1787204556042499984
lidar,1787204556092714978
esp32,1787204556142472911
lidar,1787204556192837197
esp32,1787204556242470036
lidar,1787204556292639988
esp32,1787204556322534304
lidar,1787204556392078825
esp32,1787204556422527522
lidar,1787204556491707414
esp32,1787204556542484120
lidar,1787204556591382260
esp32,1787204556642347613
lidar,1787204556690888666
esp32,1787204556742341279
lidar,1787204556790481218
esp32,1787204556842298589
lidar,1787204556890425726
esp32,1787204556942388493
lidar,1787204556990173756
esp32,1787204557042501922
lidar,1787204557089439401
esp32,1787204557142451049
lidar,1787204557188974104
esp32,1787204557242354139
lidar,1787204557288633532
esp32,1787204557342117414
lidar,1787204557388294113
esp32,1787204557442664442
lidar,1787204557488194903
esp32,1787204557542439800
lidar,1787204557588293552
esp32,1787204557642417195
lidar,1787204557687981049
esp32,1787204557742532164
lidar,1787204557788534234
esp32,1787204557842110204
lidar,1787204557888543730
esp32,1787204557942637079
lidar,1787204557988664066
esp32,1787204558042087028
lidar,1787204558089081002
esp32,1787204558142287346
lidar,1787204558189648591
esp32,1787204558221990227
lidar,1787204558289930454
esp32,1787204558342520689
lidar,1787204558390146941
esp32,1787204558442037876
lidar,1787204558489815915
esp32,1787204558542391666
lidar,1787204558589590631
esp32,1787204558642287765
lidar,1787204558688907186
esp32,1787204558742480743
lidar,1787204558788503664
esp32,1787204558842368987
lidar,1787204558887996303
esp32,1787204558942372121
lidar,1787204558987442926
esp32,1787204559042331950
lidar,1787204559087046256
esp32,1787204559142294051
lidar,1787204559186802571
esp32,1787204559242209813
lidar,1787204559286807775
esp32,1787204559322949029
lidar,1787204559386633816
esp32,1787204559423429741
lidar,1787204559486494613
esp32,1787204559542443124
lidar,1787204559586082396
esp32,1787204559642176746
lidar,1787204559685517054
esp32,1787204559742143101
lidar,1787204559785882659
esp32,1787204559842419713
lidar,1787204559885906435
esp32,1787204559942309089
lidar,1787204559985700066
esp32,1787204560041539167
lidar,1787204560085603713
esp32,1787204560141478254
lidar,1787204560185812340
esp32,1787204560241395329
lidar,1787204560286192973
esp32,1787204560342155794
lidar,1787204560386852849
esp32,1787204560442251762
lidar,1787204560487399181
esp32,1787204560542297672
lidar,1787204560587296480
esp32,1787204560642244144
lidar,1787204560687211850
esp32,1787204560742264711
lidar,1787204560786981824
esp32,1787204560842408721
lidar,1787204560886694023
esp32,1787204560942529542
lidar,1787204560986474564
esp32,1787204561042412952
lidar,1787204561086354003
esp32,1787204561142401760
lidar,1787204561185620372
esp32,1787204561242444994
lidar,1787204561285106815
esp32,1787204561342570594
lidar,1787204561384599444
esp32,1787204561442821588
lidar,1787204561484278582
esp32,1787204561542399522
lidar,1787204561583629056
esp32,1787204561642461344
lidar,1787204561683398634
esp32,1787204561742289795
lidar,1787204561783272356
esp32,1787204561842418416
lidar,1787204561882558241
esp32,1787204561942707962
lidar,1787204561982205279
esp32,1787204562042588017
lidar,1787204562082285570
esp32,1787204562141615130
lidar,1787204562182338110
esp32,1787204562242544293
lidar,1787204562282239645
esp32,1787204562342330087
lidar,1787204562382581205
esp32,1787204562442459722
lidar,1787204562483151521
esp32,1787204562542449956
lidar,1787204562583406579
esp32,1787204562642463448
lidar,1787204562683636041
esp32,1787204562742449024
lidar,1787204562784134153
esp32,1787204562842500935
lidar,1787204562884039771
esp32,1787204562942332532
lidar,1787204562983754994
esp32,1787204563042531178
lidar,1787204563083432376
esp32,1787204563142517418
lidar,1787204563183109227
esp32,1787204563242483348
lidar,1787204563282299200
esp32,1787204563342493362
lidar,1787204563382077214
esp32,1787204563442447879
lidar,1787204563481393905
esp32,1787204563542312261
lidar,1787204563580855846
esp32,1787204563622780287
lidar,1787204563680272143
esp32,1787204563742456973
lidar,1787204563780412262
esp32,1787204563842417512
lidar,1787204563880118233
esp32,1787204563942368585
lidar,1787204563980156944
esp32,1787204564042525150
lidar,1787204564080167598
esp32,1787204564142379715
lidar,1787204564180095548
esp32,1787204564242501650
lidar,1787204564280707078
esp32,1787204564342445445
lidar,1787204564380842690
esp32,1787204564442477432
lidar,1787204564480916871
esp32,1787204564542526379
lidar,1787204564581341571
esp32,1787204564642353510
lidar,1787204564681569929
esp32,1787204564742450596
lidar,1787204564781847680
esp32,1787204564842359464
lidar,1787204564882321414
esp32,1787204564941706859
lidar,1787204564982235753
esp32,1787204565042371458
lidar,1787204565082482348
esp32,1787204565142497119
lidar,1787204565182407347
esp32,1787204565242323883
lidar,1787204565281984762
esp32,1787204565342484048
lidar,1787204565381241327
esp32,1787204565442362883
lidar,1787204565480704550
esp32,1787204565542455779
lidar,1787204565580371699
esp32,1787204565642520684
lidar,1787204565679910413
esp32,1787204565742319786
lidar,1787204565779572732
esp32,1787204565842446453
lidar,1787204565879312436
esp32,1787204565942451517
lidar,1787204565978856958
esp32,1787204566042420742
lidar,1787204566078441856
esp32,1787204566142383131
lidar,1787204566178575154
esp32,1787204566242225642
lidar,1787204566278813295
esp32,1787204566342475040
lidar,1787204566379220652
esp32,1787204566442468286
lidar,1787204566479685126
esp32,1787204566542301407
lidar,1787204566579500180
esp32,1787204566642456974
lidar,1787204566680043176
esp32,1787204566742504033
lidar,1787204566779944396
esp32,1787204566842379854
lidar,1787204566880059195
esp32,1787204566942263171
lidar,1787204566980064951
esp32,1787204567042476760
lidar,1787204567079776328
esp32,1787204567142416026
lidar,1787204567179250546
esp32,1787204567242459058
lidar,1787204567278878273
esp32,1787204567342247823
lidar,1787204567378431303
esp32,1787204567442430062
lidar,1787204567478145039
esp32,1787204567542273127
lidar,1787204567577872207
esp32,1787204567642342601
lidar,1787204567677268794
esp32,1787204567742210951
lidar,1787204567777010629
esp32,1787204567842608352
lidar,1787204567877047366
esp32,1787204567942450175
lidar,1787204567977422252
esp32,1787204568042514014
lidar,1787204568077452668
esp32,1787204568142396516
lidar,1787204568177491699
esp32,1787204568241411323
lidar,1787204568277891146
esp32,1787204568342388319
lidar,1787204568378060452
esp32,1787204568442553507
lidar,1787204568478003184
esp32,1787204568542539133
lidar,1787204568578288564
esp32,1787204568642312180
lidar,1787204568678687973
esp32,1787204568742283233
lidar,1787204568779008471
esp32,1787204568842532858
lidar,1787204568879402875
esp32,1787204568942495581
lidar,1787204568978763885
esp32,1787204569062376680
lidar,1787204569078724655
esp32,1787204569142358897
lidar,1787204569178082281
esp32,1787204569242343625
lidar,1787204569278087009
esp32,1787204569342705764
lidar,1787204569377386797
esp32,1787204569442466284
lidar,1787204569476647820
esp32,1787204569542555041
lidar,1787204569576542443
esp32,1787204569641565522
lidar,1787204569675793377
esp32,1787204569742490307
lidar,1787204569775224095
esp32,1787204569842465741
lidar,1787204569874890610
esp32,1787204569942109716
lidar,1787204569974382410
esp32,1787204570041486667
lidar,1787204570073482199
esp32,1787204570141515153
lidar,1787204570173403435
esp32,1787204570241596078
lidar,1787204570273654519
esp32,1787204570342111720
lidar,1787204570374402405
esp32,1787204570442393275
lidar,1787204570474567810
esp32,1787204570542346899
lidar,1787204570574808584
esp32,1787204570642396220
lidar,1787204570674883291
esp32,1787204570742441243
lidar,1787204570774588720
esp32,1787204570842441664
lidar,1787204570874760228
esp32,1787204570942520233
lidar,1787204570974374957
esp32,1787204571042367191
lidar,1787204571075529132
esp32,1787204571142357749
lidar,1787204571175171990
esp32,1787204571242441421
lidar,1787204571275958029
esp32,1787204571342354377
lidar,1787204571375898573
esp32,1787204571442359486
lidar,1787204571475735506
esp32,1787204571542341881
lidar,1787204571575328836
esp32,1787204571642475826
lidar,1787204571674463961
esp32,1787204571742534015
lidar,1787204571774033016
esp32,1787204571842497485
lidar,1787204571873633417
esp32,1787204571942417567
lidar,1787204571973109260
esp32,1787204572042296284
lidar,1787204572072858546
esp32,1787204572142382550
lidar,1787204572172776903
esp32,1787204572242436557
lidar,1787204572272964861
esp32,1787204572342075112
lidar,1787204572373828215
esp32,1787204572442386399
lidar,1787204572473694707
esp32,1787204572542386941
lidar,1787204572574080811
esp32,1787204572642360902
lidar,1787204572674182726
esp32,1787204572742313692
lidar,1787204572774536017
esp32,1787204572842339151
lidar,1787204572874900085
esp32,1787204572942299633
lidar,1787204572974732959
esp32,1787204573042337919
lidar,1787204573074354064
esp32,1787204573142005368
lidar,1787204573173950288
esp32,1787204573242162708
lidar,1787204573273469694
esp32,1787204573342409745
lidar,1787204573373356604
esp32,1787204573442392595
lidar,1787204573473263115
esp32,1787204573542342653
lidar,1787204573572922238
esp32,1787204573642015871
lidar,1787204573672511420
esp32,1787204573742382091
lidar,1787204573772622799
esp32,1787204573842124598
lidar,1787204573872277605
esp32,1787204573942333637
lidar,1787204573972109244
esp32,1787204574042144010
lidar,1787204574072091748
esp32,1787204574142138733
lidar,1787204574172484743
esp32,1787204574242106333
lidar,1787204574272832137
esp32,1787204574342260097
lidar,1787204574373062744
esp32,1787204574441957705
lidar,1787204574472807889
esp32,1787204574542248778
lidar,1787204574573565884
esp32,1787204574642185621
lidar,1787204574673930669
esp32,1787204574742319486
lidar,1787204574773530098
esp32,1787204574842333440
lidar,1787204574874142891
esp32,1787204574942448620
lidar,1787204574973234330
esp32,1787204575042381122
lidar,1787204575073477181
esp32,1787204575142430130
lidar,1787204575173067223
esp32,1787204575242311407
lidar,1787204575272564124
esp32,1787204575341553250
lidar,1787204575372372699
esp32,1787204575442209168
lidar,1787204575471481017
esp32,1787204575542183073
lidar,1787204575571509046
esp32,1787204575642265222
lidar,1787204575670744333
esp32,1787204575742334885
lidar,1787204575770721290
esp32,1787204575842555097
lidar,1787204575870653193
esp32,1787204575942301053
lidar,1787204575970355512
esp32,1787204576042431139
lidar,1787204576070647381
esp32,1787204576142486194
lidar,1787204576170814366
esp32,1787204576242486946
lidar,1787204576271233954
esp32,1787204576341486321
lidar,1787204576371526997
esp32,1787204576442311248
lidar,1787204576471850672
esp32,1787204576542336256
lidar,1787204576571802899
esp32,1787204576642350681
lidar,1787204576671761467
esp32,1787204576742482551
lidar,1787204576771947403
esp32,1787204576842456543
lidar,1787204576871496675
esp32,1787204576942438473
lidar,1787204576971255666
esp32,1787204577042355215
lidar,1787204577071367202
esp32,1787204577142524185
lidar,1787204577170518572
esp32,1787204577242323054
lidar,1787204577269949876
esp32,1787204577342599651
lidar,1787204577369738158
esp32,1787204577442442013
lidar,1787204577469056803
esp32,1787204577542587403
lidar,1787204577568715845
esp32,1787204577642414481
lidar,1787204577667869014
esp32,1787204577742461750
lidar,1787204577768233686
esp32,1787204577842445112
lidar,1787204577867977787
esp32,1787204577942502805
lidar,1787204577967700449
esp32,1787204578042399571
lidar,1787204578068205365
esp32,1787204578142487658
lidar,1787204578168280360
esp32,1787204578242459665
lidar,1787204578267749642
esp32,1787204578342288192
lidar,1787204578368364018
esp32,1787204578442517150
lidar,1787204578468561315
esp32,1787204578542379060
lidar,1787204578568962040
esp32,1787204578642417340
lidar,1787204578669078822
esp32,1787204578742439331
lidar,1787204578769036733
esp32,1787204578842633998
lidar,1787204578869396815
esp32,1787204578942486608
lidar,1787204578969380487
esp32,1787204579042616728
lidar,1787204579069861267
esp32,1787204579142460903
lidar,1787204579169532570
esp32,1787204579242627858
lidar,1787204579269042209
esp32,1787204579342628281
lidar,1787204579368581051
esp32,1787204579442440335
lidar,1787204579468431670
esp32,1787204579542474989
lidar,1787204579568251686
esp32,1787204579642393227
lidar,1787204579667947219
esp32,1787204579742325202
lidar,1787204579767837508
esp32,1787204579842500447
lidar,1787204579867570563
esp32,1787204579942625200
lidar,1787204579966991848
esp32,1787204580041416779
lidar,1787204580066264733
esp32,1787204580141478874
lidar,1787204580166147030
esp32,1787204580241539457
lidar,1787204580265421261
esp32,1787204580342228113
lidar,1787204580365177536
esp32,1787204580442503128
lidar,1787204580465684484
esp32,1787204580542297785
lidar,1787204580565991855
esp32,1787204580642447743
lidar,1787204580666433288
esp32,1787204580742420607
lidar,1787204580766572863
esp32,1787204580842266657
lidar,1787204580866754614
esp32,1787204580942318846
lidar,1787204580966922100
esp32,1787204581042484457
lidar,1787204581067189640
esp32,1787204581142479833
lidar,1787204581167490611
esp32,1787204581242361576
lidar,1787204581267822460
esp32,1787204581341564376
lidar,1787204581367746701
esp32,1787204581442346764
lidar,1787204581468332625
esp32,1787204581542462385
lidar,1787204581568357548
esp32,1787204581642289662
lidar,1787204581668597154
esp32,1787204581742367405
lidar,1787204581768007372
esp32,1787204581842360893
lidar,1787204581867626147
esp32,1787204581942516784
lidar,1787204581966958675
esp32,1787204582042402801
lidar,1787204582066824190
esp32,1787204582142328038
lidar,1787204582166424428
esp32,1787204582242391343
lidar,1787204582266171845
esp32,1787204582342019491
lidar,1787204582365820256
esp32,1787204582442201341
lidar,1787204582465518797
esp32,1787204582542330165
lidar,1787204582565499931
esp32,1787204582642037988
lidar,1787204582665278767
esp32,1787204582742290703
lidar,1787204582764966746
esp32,1787204582842483041
lidar,1787204582865244354
esp32,1787204582942504322
lidar,1787204582965838046
lidar,1787204583066122083
esp32,1787204583081905990
esp32,1787204583142409619
lidar,1787204583166305499
esp32,1787204583241917669
lidar,1787204583266107053
esp32,1787204583342507758
lidar,1787204583366786550
esp32,1787204583442504532
lidar,1787204583466924237
esp32,1787204583542415579
lidar,1787204583567335949
esp32,1787204583642308468
lidar,1787204583667755966
esp32,1787204583742494854
lidar,1787204583768064540
esp32,1787204583842525121
lidar,1787204583867687671
esp32,1787204583942492450
lidar,1787204583967349812
esp32,1787204584042356715
lidar,1787204584067343479
esp32,1787204584142441106
lidar,1787204584167209729
esp32,1787204584242365983
lidar,1787204584266873260
esp32,1787204584341828235
lidar,1787204584365916894
esp32,1787204584442250267
lidar,1787204584465665954
esp32,1787204584542517874
lidar,1787204584565512892
esp32,1787204584642539855
lidar,1787204584665190345
esp32,1787204584742496412
lidar,1787204584764834654
esp32,1787204584842280640
lidar,1787204584864232253
esp32,1787204584942605867
lidar,1787204584963800190
esp32,1787204585042471353
lidar,1787204585064569396
esp32,1787204585142591864
lidar,1787204585165049319
esp32,1787204585242344922
lidar,1787204585265157941
esp32,1787204585342557040
lidar,1787204585365195602
esp32,1787204585442415263
lidar,1787204585465188524
esp32,1787204585542470532
lidar,1787204585565887476
esp32,1787204585642539176
lidar,1787204585666338999
esp32,1787204585742439300
lidar,1787204585766756631
esp32,1787204585842455707
lidar,1787204585866637664
esp32,1787204585942415942
lidar,1787204585966828930
esp32,1787204586042492281
lidar,1787204586066537926
esp32,1787204586142436478
lidar,1787204586166344992
esp32,1787204586242420454
lidar,1787204586266011098
esp32,1787204586342384534
lidar,1787204586365735987
esp32,1787204586442374670
lidar,1787204586464413611
esp32,1787204586542344124
lidar,1787204586564235785
esp32,1787204586642368078
lidar,1787204586663850237
esp32,1787204586742497814
lidar,1787204586763420913
esp32,1787204586842005132
lidar,1787204586863143511
esp32,1787204586942429886
lidar,1787204586963034273
esp32,1787204587042526346
lidar,1787204587062715205
esp32,1787204587142046338
lidar,1787204587162319835
esp32,1787204587242098486
lidar,1787204587262343222
esp32,1787204587342015035
lidar,1787204587362143673
esp32,1787204587442442152
lidar,1787204587462347089
esp32,1787204587542475863
lidar,1787204587562439619
esp32,1787204587642583107
lidar,1787204587662629863
esp32,1787204587742104158
lidar,1787204587762669080
esp32,1787204587842451400
lidar,1787204587863129399
esp32,1787204587942477659
lidar,1787204587963571243
esp32,1787204588042431291
lidar,1787204588063926853
esp32,1787204588142389027
lidar,1787204588164088298
esp32,1787204588242371153
lidar,1787204588264157068
esp32,1787204588342344831
lidar,1787204588364019500
esp32,1787204588442421883
lidar,1787204588463930156
esp32,1787204588542290614
lidar,1787204588563428144
esp32,1787204588642187404
lidar,1787204588663090889
esp32,1787204588742165595
lidar,1787204588763106861
esp32,1787204588842113094
lidar,1787204588862600955
esp32,1787204588942171793
lidar,1787204588962195945
esp32,1787204589042317318
lidar,1787204589062091712
esp32,1787204589142528518
lidar,1787204589162336274
esp32,1787204589242535959
lidar,1787204589261516869
esp32,1787204589342202726
lidar,1787204589361528907
esp32,1787204589442226065
lidar,1787204589461113246
esp32,1787204589542296646
lidar,1787204589560815977
esp32,1787204589642217657
lidar,1787204589660525778
esp32,1787204589742308258
lidar,1787204589760436964
esp32,1787204589842329298
lidar,1787204589860447875
esp32,1787204589942292412
lidar,1787204589960565608
esp32,1787204590041383192
lidar,1787204590060214783
esp32,1787204590141558434
lidar,1787204590160206263
esp32,1787204590241548567
lidar,1787204590260031874
esp32,1787204590342340980
lidar,1787204590361091083
esp32,1787204590442456876
lidar,1787204590460624843
esp32,1787204590541952434
lidar,1787204590561380884
esp32,1787204590642436171
lidar,1787204590661232254
esp32,1787204590742492773
lidar,1787204590761565060
esp32,1787204590842562731
lidar,1787204590861084324
esp32,1787204590942530695
lidar,1787204590960029471
esp32,1787204591042429820
lidar,1787204591059587358
esp32,1787204591142516122
lidar,1787204591159556339
esp32,1787204591242626739
lidar,1787204591258584491
esp32,1787204591342636922
lidar,1787204591358396799
esp32,1787204591442412148
lidar,1787204591458188275
esp32,1787204591542495290
lidar,1787204591558377221
esp32,1787204591642541487
lidar,1787204591658229561
esp32,1787204591742520001
lidar,1787204591758352090
esp32,1787204591842440708
lidar,1787204591858572080
lidar,1787204591958801758
esp32,1787204591962195479
esp32,1787204592042358343
lidar,1787204592058996256
esp32,1787204592142447896
lidar,1787204592159502287
esp32,1787204592242400497
lidar,1787204592259839455
esp32,1787204592341483502
lidar,1787204592359918540
esp32,1787204592441847016
lidar,1787204592460008107
esp32,1787204592542581638
lidar,1787204592559903547
esp32,1787204592642537260
lidar,1787204592659801529
esp32,1787204592742500069
lidar,1787204592759464582
esp32,1787204592842498630
lidar,1787204592859447374
esp32,1787204592942326507
lidar,1787204592959140038
esp32,1787204593042494677
lidar,1787204593058376631
esp32,1787204593142397583
lidar,1787204593158172057
esp32,1787204593242557199
lidar,1787204593257617506
esp32,1787204593342500024
lidar,1787204593357006044
esp32,1787204593442516436
lidar,1787204593456526347
esp32,1787204593542445072
lidar,1787204593556471410
esp32,1787204593642524636
lidar,1787204593655774064
esp32,1787204593742408504
lidar,1787204593756076747
esp32,1787204593842483547
lidar,1787204593856090996
esp32,1787204593942412123
lidar,1787204593955833291
esp32,1787204594042500720
lidar,1787204594056440535
esp32,1787204594142499041
lidar,1787204594156537904
esp32,1787204594242531606
lidar,1787204594256836202
lidar,1787204594356982484
esp32,1787204594362141730
esp32,1787204594442503999
lidar,1787204594456986274
esp32,1787204594542285222
lidar,1787204594556381243
esp32,1787204594642431143
lidar,1787204594656246218
esp32,1787204594742317911
lidar,1787204594755905012
esp32,1787204594842527015
lidar,1787204594855166028
esp32,1787204594942293405
lidar,1787204594955372874
esp32,1787204595042476309
lidar,1787204595054929055
esp32,1787204595142426603
lidar,1787204595154439406
esp32,1787204595242417740
lidar,1787204595254034588
esp32,1787204595342284183
lidar,1787204595354016845
esp32,1787204595442279351
lidar,1787204595453432246
esp32,1787204595542337037
lidar,1787204595552796836
esp32,1787204595642447669
lidar,1787204595652052565
esp32,1787204595742329765
lidar,1787204595752077763
esp32,1787204595842449100
lidar,1787204595851804665
esp32,1787204595942135965
lidar,1787204595951916964
esp32,1787204596042473813
lidar,1787204596052078135
esp32,1787204596142298428
lidar,1787204596152269094
esp32,1787204596242294408
lidar,1787204596252312847
esp32,1787204596342498488
lidar,1787204596352761204
esp32,1787204596442371553
lidar,1787204596452914377
esp32,1787204596542382665
lidar,1787204596553381851
esp32,1787204596642172329
lidar,1787204596653560304
esp32,1787204596742498307
lidar,1787204596753494836
esp32,1787204596842487332
lidar,1787204596853132518
esp32,1787204596942467393
lidar,1787204596952688559
esp32,1787204597042401951
lidar,1787204597052556781
esp32,1787204597142391743
lidar,1787204597152518037
esp32,1787204597242332215
lidar,1787204597252065739
esp32,1787204597342395401
lidar,1787204597351843133
esp32,1787204597442437129
lidar,1787204597451543205
esp32,1787204597542415243
lidar,1787204597550893341
esp32,1787204597642415132
lidar,1787204597650801766
esp32,1787204597742396320
lidar,1787204597750206698
esp32,1787204597842394826
lidar,1787204597850168878
esp32,1787204597942519826
lidar,1787204597949810060
esp32,1787204598042393505
lidar,1787204598050064695
esp32,1787204598142401796
lidar,1787204598150292469
esp32,1787204598242479234
lidar,1787204598250674102
esp32,1787204598342391711
lidar,1787204598351009862
esp32,1787204598442448759
lidar,1787204598451099425
esp32,1787204598542464242
lidar,1787204598551872954
esp32,1787204598641415621
lidar,1787204598652374712
esp32,1787204598742340288
lidar,1787204598752146528
esp32,1787204598842539094
lidar,1787204598852260549
esp32,1787204598942367411
lidar,1787204598951447560
esp32,1787204599042263663
lidar,1787204599051276261
esp32,1787204599142349612
lidar,1787204599151182626
esp32,1787204599242364364
lidar,1787204599251227905
esp32,1787204599342364774
lidar,1787204599350920226
esp32,1787204599442292113
lidar,1787204599451219631
esp32,1787204599542345443
lidar,1787204599550560558
esp32,1787204599642267963
lidar,1787204599650492170
esp32,1787204599742422247
lidar,1787204599750424182
esp32,1787204599842454232
lidar,1787204599849835779
esp32,1787204599942300716
lidar,1787204599949808504
esp32,1787204600041501055
lidar,1787204600048950352
esp32,1787204600141643828
lidar,1787204600148316763
esp32,1787204600241447632
lidar,1787204600247750048
esp32,1787204600342311283
lidar,1787204600347284544
esp32,1787204600442258752
lidar,1787204600447165247
esp32,1787204600542496857
lidar,1787204600547034158
esp32,1787204600642423935
lidar,1787204600647111258
esp32,1787204600742399972
lidar,1787204600747023463
esp32,1787204600842379883
lidar,1787204600847167099
esp32,1787204600942496732
lidar,1787204600947095447
esp32,1787204601042319073
lidar,1787204601047266937
esp32,1787204601142339313
lidar,1787204601147849459
esp32,1787204601242324823
lidar,1787204601247953120
esp32,1787204601342450121
lidar,1787204601348171579
esp32,1787204601442278345
lidar,1787204601448423225
esp32,1787204601542306814
lidar,1787204601548431800
esp32,1787204601642377453
lidar,1787204601648737126
esp32,1787204601742477377
lidar,1787204601748363107
esp32,1787204601842414534
lidar,1787204601848191479
esp32,1787204601942414291
lidar,1787204601947395927
esp32,1787204602042269708
lidar,1787204602047390320
esp32,1787204602141726091
lidar,1787204602146525596
esp32,1787204602242442713
lidar,1787204602246377076
esp32,1787204602342310863
lidar,1787204602345985605
esp32,1787204602442259512
lidar,1787204602445609420
esp32,1787204602542138284
lidar,1787204602545445833
esp32,1787204602642367106
lidar,1787204602645841084
esp32,1787204602742446542
lidar,1787204602746331629
esp32,1787204602842507792
lidar,1787204602846562111
esp32,1787204602942437333
lidar,1787204602946999618
esp32,1787204603042501990
lidar,1787204603047733258
esp32,1787204603142367886
lidar,1787204603147827962
esp32,1787204603242260752
lidar,1787204603248142002
esp32,1787204603342224330
lidar,1787204603348121116
esp32,1787204603442267472
lidar,1787204603447675973
esp32,1787204603542294702
lidar,1787204603547623116
esp32,1787204603642488336
lidar,1787204603647278020
esp32,1787204603742271587
lidar,1787204603746984378
esp32,1787204603842262588
lidar,1787204603846710272
esp32,1787204603942117993
lidar,1787204603946177303
esp32,1787204604042289548
lidar,1787204604045737162
esp32,1787204604142077154
lidar,1787204604145496522
esp32,1787204604242152773
lidar,1787204604245250262
esp32,1787204604342276424
lidar,1787204604345345935
esp32,1787204604442255902
lidar,1787204604444852733
esp32,1787204604542272232
lidar,1787204604544488330
esp32,1787204604642305122
lidar,1787204604644271028
esp32,1787204604741354073
lidar,1787204604743881657
esp32,1787204604842308590
lidar,1787204604844402063
esp32,1787204604942410128
lidar,1787204604944775778
esp32,1787204605042452085
lidar,1787204605045116643
esp32,1787204605142314024
lidar,1787204605145417549
esp32,1787204605242560133
lidar,1787204605245855817
esp32,1787204605342431709
lidar,1787204605346323814
esp32,1787204605442418365
lidar,1787204605446508223
esp32,1787204605542423614
lidar,1787204605546052848
esp32,1787204605642402739
lidar,1787204605645847963
esp32,1787204605742426505
lidar,1787204605745855400
esp32,1787204605842510996
lidar,1787204605845550408
esp32,1787204605942297842
lidar,1787204605945258170
esp32,1787204606042475638
lidar,1787204606044667127
esp32,1787204606142507187
lidar,1787204606144562389
esp32,1787204606242566463
lidar,1787204606243799637
esp32,1787204606342546369
lidar,1787204606343886506
esp32,1787204606442018846
lidar,1787204606443694050
esp32,1787204606542540860
lidar,1787204606543819769
esp32,1787204606642497642
lidar,1787204606644111597
esp32,1787204606743006808
lidar,1787204606744513689
esp32,1787204606842452497
lidar,1787204606845249082
esp32,1787204606942416795
lidar,1787204606945159979
esp32,1787204607042458786
lidar,1787204607045905037
esp32,1787204607142477870
lidar,1787204607145944873
esp32,1787204607242380621
lidar,1787204607246236062
esp32,1787204607342445731
lidar,1787204607346474649
esp32,1787204607441976590
lidar,1787204607445969057
esp32,1787204607542379071
lidar,1787204607546259435
esp32,1787204607642497697
lidar,1787204607645776357
esp32,1787204607742413122
lidar,1787204607745454774
esp32,1787204607842389122
lidar,1787204607845192863
esp32,1787204607942299464
lidar,1787204607945130703
esp32,1787204608042361935
lidar,1787204608044656451
esp32,1787204608142513935
lidar,1787204608143950303
esp32,1787204608242488018
lidar,1787204608243618446
esp32,1787204608342406625
lidar,1787204608343396883
esp32,1787204608442481032
lidar,1787204608443686150
esp32,1787204608542456575
lidar,1787204608543662546
esp32,1787204608642416109
lidar,1787204608643949590
esp32,1787204608742501949
lidar,1787204608744150807
esp32,1787204608842335026
lidar,1787204608844483321
esp32,1787204608942453534
lidar,1787204608945112038
esp32,1787204609042380720
lidar,1787204609045361002
esp32,1787204609142501429
lidar,1787204609145608829
esp32,1787204609242281442
lidar,1787204609245611623
esp32,1787204609342423103
lidar,1787204609345604217
esp32,1787204609442475175
lidar,1787204609445335046
esp32,1787204609542363433
lidar,1787204609545309395
esp32,1787204609642387263
lidar,1787204609645030032
esp32,1787204609742391428
lidar,1787204609744513594
esp32,1787204609842401965
lidar,1787204609844232001
esp32,1787204609942489187
lidar,1787204609943919989
esp32,1787204610041526694
lidar,1787204610043419322
esp32,1787204610141485510
lidar,1787204610143028901
esp32,1787204610241503380
lidar,1787204610242490142
esp32,1787204610342539155
lidar,1787204610343650681
esp32,1787204610442404344
lidar,1787204610443675235
esp32,1787204610542348054
lidar,1787204610543552410
esp32,1787204610642501815
lidar,1787204610643358345
esp32,1787204610742564442
lidar,1787204610743567425
esp32,1787204610841397563
lidar,1787204610842355921
esp32,1787204610942525296
lidar,1787204610943658459
esp32,1787204611042489884
lidar,1787204611043677237
esp32,1787204611142492410
lidar,1787204611143593136
esp32,1787204611242488998
lidar,1787204611243815872
esp32,1787204611342513011
lidar,1787204611344232013
esp32,1787204611442470505
lidar,1787204611444509327
esp32,1787204611542642002
lidar,1787204611544588904
esp32,1787204611642550254
lidar,1787204611644414591
esp32,1787204611742600673
lidar,1787204611743883513
esp32,1787204611842453197
lidar,1787204611843476039
esp32,1787204611942431285
lidar,1787204611943536141
esp32,1787204612042508208
lidar,1787204612043697420
esp32,1787204612142490251
lidar,1787204612143299343
lidar,1787204612242305223
esp32,1787204612243292871
lidar,1787204612342167289
esp32,1787204612343319075
lidar,1787204612442286397
esp32,1787204612443258424
lidar,1787204612542332848
esp32,1787204612543423637
esp32,1787204612642449584
lidar,1787204612643622220
esp32,1787204612742521254
lidar,1787204612743229896
esp32,1787204612842502298
lidar,1787204612843250219
esp32,1787204612942550624
lidar,1787204612943712325
esp32,1787204613042615408
lidar,1787204613043870093
esp32,1787204613142452592
lidar,1787204613143529227
esp32,1787204613242468597
lidar,1787204613243640942
esp32,1787204613342379974
lidar,1787204613343337430
esp32,1787204613442412711
lidar,1787204613443480326
lidar,1787204613542280029
esp32,1787204613543373856
lidar,1787204613641928861
esp32,1787204613643030120
lidar,1787204613741481076
esp32,1787204613762008852
lidar,1787204613841551462
esp32,1787204613843023948
lidar,1787204613941214944
esp32,1787204613942710357
lidar,1787204614040993386
esp32,1787204614042469311
lidar,1787204614141185647
esp32,1787204614142678715
lidar,1787204614240695404
esp32,1787204614242380311
lidar,1787204614340414920
esp32,1787204614342282739
lidar,1787204614440093481
esp32,1787204614442107883
lidar,1787204614540539653
esp32,1787204614542290949
lidar,1787204614640750278
esp32,1787204614642090881
lidar,1787204614741222959
esp32,1787204614742172896
lidar,1787204614841404870
esp32,1787204614842379881
lidar,1787204614941650632
esp32,1787204614942597003
lidar,1787204615041504408
esp32,1787204615042378030
lidar,1787204615141601949
esp32,1787204615142578927
lidar,1787204615241232446
esp32,1787204615242203159
lidar,1787204615340785566
esp32,1787204615341924614
lidar,1787204615440141493
esp32,1787204615442002764
lidar,1787204615540378200
esp32,1787204615542117407
lidar,1787204615639723367
esp32,1787204615642111200
lidar,1787204615739721427
esp32,1787204615742273478
lidar,1787204615838828159
esp32,1787204615841818448
lidar,1787204615938644276
esp32,1787204615942252846
lidar,1787204616038282167
esp32,1787204616042034301
lidar,1787204616137688497
esp32,1787204616142029364
lidar,1787204616237564762
esp32,1787204616241953330
lidar,1787204616338027326
esp32,1787204616342105581
lidar,1787204616437998233
esp32,1787204616441880205
lidar,1787204616538243869
esp32,1787204616542059635
lidar,1787204616638379094
esp32,1787204616642116509
lidar,1787204616738690164
esp32,1787204616742098131
lidar,1787204616838863230
esp32,1787204616842115759
lidar,1787204616939178608
esp32,1787204616942041146
lidar,1787204617039545047
esp32,1787204617041997921
lidar,1787204617139845923
esp32,1787204617142040537
lidar,1787204617239406967
esp32,1787204617241935420
lidar,1787204617339133529
esp32,1787204617342024844
lidar,1787204617438950957
esp32,1787204617442317648
lidar,1787204617538850375
esp32,1787204617542074078
lidar,1787204617637891695
esp32,1787204617641934186
lidar,1787204617737804940
esp32,1787204617741955357
lidar,1787204617837717495
esp32,1787204617841965574
lidar,1787204617937535259
esp32,1787204617941962446
lidar,1787204618037227959
esp32,1787204618042047383
lidar,1787204618136986969
esp32,1787204618142209811
lidar,1787204618236253741
esp32,1787204618242171118
esp32,1787204618342337578
lidar,1787204618435563743
esp32,1787204618442015445
lidar,1787204618535411478
esp32,1787204618541917612
lidar,1787204618634964132
esp32,1787204618641948350
lidar,1787204618735319372
esp32,1787204618742171185
lidar,1787204618835579227
esp32,1787204618842008428
lidar,1787204618935738186
esp32,1787204618941614610
lidar,1787204619035981222
esp32,1787204619042280342
lidar,1787204619136407013
esp32,1787204619142165778
lidar,1787204619236789936
esp32,1787204619242301422
lidar,1787204619337404994
esp32,1787204619342240550
lidar,1787204619437184641
esp32,1787204619442041312
lidar,1787204619537036937
esp32,1787204619542070527
lidar,1787204619636951992
esp32,1787204619642118962
lidar,1787204619737068533
esp32,1787204619742104832
lidar,1787204619837329020
esp32,1787204619842224195
lidar,1787204619936495065
esp32,1787204619942072086
lidar,1787204620035617249
esp32,1787204620041297848
lidar,1787204620135304587
esp32,1787204620141536911
lidar,1787204620235002212
esp32,1787204620241547552
lidar,1787204620335064680
esp32,1787204620341978918
lidar,1787204620434927419
esp32,1787204620442056317
lidar,1787204620534421719
esp32,1787204620542016448
lidar,1787204620634485322
esp32,1787204620642050131
lidar,1787204620734132672
esp32,1787204620742061505
lidar,1787204620834190493
esp32,1787204620842023745
lidar,1787204620934277672
esp32,1787204620942069673
lidar,1787204621034415062
esp32,1787204621042300172
lidar,1787204621134587761
esp32,1787204621142111228
lidar,1787204621234759873
esp32,1787204621242108830
lidar,1787204621335675687
esp32,1787204621342376644
lidar,1787204621436307008
esp32,1787204621441994852
lidar,1787204621536659199
esp32,1787204621542086292
lidar,1787204621636923192
esp32,1787204621642145731
lidar,1787204621736979691
esp32,1787204621742223353
lidar,1787204621836952372
esp32,1787204621842155918
lidar,1787204621936687698
esp32,1787204621942192233
lidar,1787204622036381392
esp32,1787204622042182640
lidar,1787204622136401345
esp32,1787204622142062969
lidar,1787204622236184421
esp32,1787204622242049176
lidar,1787204622335665871
esp32,1787204622342085414
lidar,1787204622435302161
esp32,1787204622442191995
lidar,1787204622534862050
esp32,1787204622542194448
lidar,1787204622634311790
esp32,1787204622642092303
lidar,1787204622734115526
esp32,1787204622742046533
lidar,1787204622833888205
esp32,1787204622842191112
lidar,1787204622933066229
esp32,1787204622942207210
lidar,1787204623032846536
esp32,1787204623042413820
lidar,1787204623132836593
esp32,1787204623142104588
lidar,1787204623232852516
esp32,1787204623242126473
lidar,1787204623333018198
esp32,1787204623342421075
lidar,1787204623433182874
esp32,1787204623442133355
lidar,1787204623533884949
esp32,1787204623542128445
lidar,1787204623634265464
esp32,1787204623642205440
lidar,1787204623734642034
esp32,1787204623742460415
lidar,1787204623835066926
esp32,1787204623842172296
lidar,1787204623934921230
esp32,1787204623942085275
lidar,1787204624035037147
esp32,1787204624042094886
lidar,1787204624134689891
esp32,1787204624142199760
lidar,1787204624234349911
esp32,1787204624242176599
lidar,1787204624334320273
esp32,1787204624342119785
lidar,1787204624433848400
esp32,1787204624442108409
lidar,1787204624533402359
esp32,1787204624542084186
lidar,1787204624633089359
esp32,1787204624642100363
lidar,1787204624732437785
esp32,1787204624742071428
lidar,1787204624832124664
esp32,1787204624842083167
lidar,1787204624931470125
esp32,1787204624942352548
lidar,1787204625031015324
esp32,1787204625041717591
lidar,1787204625132322269
esp32,1787204625142162465
lidar,1787204625232489256
esp32,1787204625242122237
lidar,1787204625332757140
esp32,1787204625342011085
lidar,1787204625433031588
esp32,1787204625442039221
lidar,1787204625533903837
esp32,1787204625542088778
lidar,1787204625633958918
esp32,1787204625642153418
lidar,1787204625734384119
esp32,1787204625742140641
lidar,1787204625834696902
esp32,1787204625842157414
lidar,1787204625934633079
esp32,1787204625942184883
lidar,1787204626034477062
esp32,1787204626042209821
lidar,1787204626134233157
esp32,1787204626142137831
lidar,1787204626234017703
esp32,1787204626242103683
lidar,1787204626333725150
esp32,1787204626342116666
lidar,1787204626433344548
esp32,1787204626442272962
lidar,1787204626533254929
esp32,1787204626542036816
lidar,1787204626632965998
esp32,1787204626642113702
lidar,1787204626732565016
esp32,1787204626742340123
lidar,1787204626832846000
esp32,1787204626842361814
lidar,1787204626932465976
esp32,1787204626942013877
lidar,1787204627032730944
esp32,1787204627042394903
lidar,1787204627133219499
esp32,1787204627142100051
lidar,1787204627233156083
esp32,1787204627242162464
lidar,1787204627333472426
esp32,1787204627341562735
lidar,1787204627434158313
esp32,1787204627442555123
lidar,1787204627534144015
esp32,1787204627542371715
lidar,1787204627634138814
esp32,1787204627642129903
lidar,1787204627734103360
esp32,1787204627742083516
lidar,1787204627833599253
esp32,1787204627842157374
lidar,1787204627933586251
esp32,1787204627942079770
lidar,1787204628033291939
esp32,1787204628042176150
lidar,1787204628132800735
esp32,1787204628142081805
lidar,1787204628232035420
esp32,1787204628242320416
lidar,1787204628332110712
esp32,1787204628342066840
lidar,1787204628431194219
esp32,1787204628442483571
lidar,1787204628530839978
esp32,1787204628542157590
lidar,1787204628630782021
esp32,1787204628642591126
lidar,1787204628730751189
esp32,1787204628742051080
lidar,1787204628830883451
esp32,1787204628842411043
lidar,1787204628930810742
esp32,1787204628942300622
lidar,1787204629031194200
esp32,1787204629042085973
lidar,1787204629131291060
esp32,1787204629142384197
lidar,1787204629231570446
esp32,1787204629242369048
lidar,1787204629331858920
esp32,1787204629342019115
lidar,1787204629431872656
esp32,1787204629442434511
lidar,1787204629532243994
esp32,1787204629542277596
lidar,1787204629632185269
esp32,1787204629642303520
lidar,1787204629732394359
esp32,1787204629742073164
lidar,1787204629832291294
esp32,1787204629842273482
lidar,1787204629931574007
esp32,1787204629942382472
lidar,1787204630031012149
esp32,1787204630041513336
lidar,1787204630130469495
esp32,1787204630141578804
lidar,1787204630230197287
esp32,1787204630241380135
lidar,1787204630329607435
esp32,1787204630341961003
lidar,1787204630429782923
esp32,1787204630441987963
lidar,1787204630529784768
esp32,1787204630542337541
lidar,1787204630629632809
esp32,1787204630641915936
lidar,1787204630729969214
esp32,1787204630742432814
lidar,1787204630830153125
esp32,1787204630842078838
lidar,1787204630930548827
esp32,1787204630941802771
lidar,1787204631030520636
esp32,1787204631042285024
lidar,1787204631130992787
esp32,1787204631141856527
lidar,1787204631231256513
esp32,1787204631242313413
lidar,1787204631331605826
esp32,1787204631342336117
lidar,1787204631431804544
esp32,1787204631442364874
lidar,1787204631531785510
esp32,1787204631541910087
lidar,1787204631631943667
esp32,1787204631642120457
lidar,1787204631731720421
esp32,1787204631742111090
lidar,1787204631831181396
esp32,1787204631842078849
lidar,1787204631931085636
esp32,1787204631942059225
lidar,1787204632030611960
esp32,1787204632062223708
lidar,1787204632130543389
esp32,1787204632162329227
lidar,1787204632230169477
esp32,1787204632242360183
lidar,1787204632329851163
esp32,1787204632342190022
lidar,1787204632429454102
esp32,1787204632442345338
lidar,1787204632529096832
esp32,1787204632541980433
lidar,1787204632628741903
esp32,1787204632642104684
lidar,1787204632728148780
esp32,1787204632742102565
lidar,1787204632827464744
esp32,1787204632842007332
lidar,1787204632927092238
esp32,1787204632942096759
lidar,1787204633026719099
esp32,1787204633042060478
lidar,1787204633126294594
esp32,1787204633141967994
lidar,1787204633226708007
esp32,1787204633242005140
lidar,1787204633326909735
esp32,1787204633342010137
lidar,1787204633427331085
esp32,1787204633442269398
lidar,1787204633527218450
esp32,1787204633542235737
lidar,1787204633627724169
esp32,1787204633642174555
lidar,1787204633728266086
esp32,1787204633742000161
lidar,1787204633827921119
esp32,1787204633841899175
lidar,1787204633928499768
esp32,1787204633942332286
lidar,1787204634028694616
esp32,1787204634042083590
lidar,1787204634129032066
esp32,1787204634142078678
lidar,1787204634229302885
esp32,1787204634242071940
lidar,1787204634329831863
esp32,1787204634342090978
lidar,1787204634429623579
esp32,1787204634442323062
lidar,1787204634529799137
esp32,1787204634542449982
lidar,1787204634629273034
esp32,1787204634642291795
lidar,1787204634728851033
esp32,1787204634742106570
lidar,1787204634828419415
esp32,1787204634842095524
lidar,1787204634927897927
esp32,1787204634962299059
lidar,1787204635027530273
esp32,1787204635042242897
lidar,1787204635127286121
esp32,1787204635142247808
lidar,1787204635226802806
esp32,1787204635242375700
lidar,1787204635326875566
esp32,1787204635342410094
lidar,1787204635426741681
esp32,1787204635442351822
lidar,1787204635526739604
esp32,1787204635542568790
lidar,1787204635627303698
esp32,1787204635642401226
lidar,1787204635727705963
esp32,1787204635742465508
lidar,1787204635827960406
esp32,1787204635842459650
lidar,1787204635928295604
esp32,1787204635942306935
lidar,1787204636028480550
esp32,1787204636042400488
lidar,1787204636128462886
esp32,1787204636142311062
lidar,1787204636228576025
esp32,1787204636242293876
lidar,1787204636328550041
esp32,1787204636342359177
lidar,1787204636428267905
esp32,1787204636442319010
lidar,1787204636528210401
esp32,1787204636542308452
lidar,1787204636627788882
esp32,1787204636642052591
lidar,1787204636727687680
esp32,1787204636742316445
lidar,1787204636826813093
esp32,1787204636842078243
lidar,1787204636926041069
esp32,1787204636942341408
lidar,1787204637025994029
esp32,1787204637042306078
lidar,1787204637125416442
esp32,1787204637142077382
lidar,1787204637225297166
esp32,1787204637242282571
lidar,1787204637324807986
esp32,1787204637342484580
lidar,1787204637424311698
esp32,1787204637442053980
lidar,1787204637523371541
esp32,1787204637542295281
lidar,1787204637623031087
esp32,1787204637642354151
lidar,1787204637722978911
esp32,1787204637742305194
lidar,1787204637823321601
esp32,1787204637842451142
lidar,1787204637923672759
esp32,1787204637942391579
lidar,1787204638023994782
esp32,1787204638042445152
lidar,1787204638124067340
esp32,1787204638142332231
lidar,1787204638224274659
esp32,1787204638242315682
lidar,1787204638324774747
esp32,1787204638342424933
lidar,1787204638424809496
esp32,1787204638442387078
lidar,1787204638525404612
esp32,1787204638541454832
lidar,1787204638625347875
esp32,1787204638641666142
lidar,1787204638726495464
esp32,1787204638742593515
lidar,1787204638826836600
esp32,1787204638842394686
lidar,1787204638926969787
esp32,1787204638942028666
lidar,1787204639027226010
esp32,1787204639062543024
lidar,1787204639126705349
esp32,1787204639142147655
lidar,1787204639226340647
esp32,1787204639242417089
lidar,1787204639325897421
esp32,1787204639362557614
lidar,1787204639425898841
esp32,1787204639442193294
lidar,1787204639525412758
esp32,1787204639542531383
lidar,1787204639624814494
esp32,1787204639662451243
lidar,1787204639724333935
esp32,1787204639742426646
lidar,1787204639824498413
esp32,1787204639842460197
lidar,1787204639924167766
esp32,1787204639962617648
lidar,1787204640023178480
esp32,1787204640041357067
lidar,1787204640122588642
esp32,1787204640141558471
lidar,1787204640222117436
esp32,1787204640241422767
lidar,1787204640321860205
esp32,1787204640342177098
lidar,1787204640422528853
esp32,1787204640442558619
lidar,1787204640522835619
esp32,1787204640542514443
lidar,1787204640623221065
esp32,1787204640642315158
lidar,1787204640723419234
esp32,1787204640742457628
lidar,1787204640824083452
esp32,1787204640842491039
lidar,1787204640923932441
esp32,1787204640942454859
lidar,1787204641024143068
esp32,1787204641042469508
lidar,1787204641124693416
esp32,1787204641142442393
lidar,1787204641224385564
esp32,1787204641241918287
lidar,1787204641324473168
esp32,1787204641341715377
lidar,1787204641424382078
esp32,1787204641442343486
lidar,1787204641523653599
esp32,1787204641541968827
lidar,1787204641623629438
esp32,1787204641642076197
lidar,1787204641722751070
esp32,1787204641741949262
lidar,1787204641822155000
esp32,1787204641842483156
lidar,1787204641922128300
esp32,1787204641942417563
lidar,1787204642021355013
esp32,1787204642042411676
lidar,1787204642121319533
esp32,1787204642141769217
lidar,1787204642221436858
esp32,1787204642242446731
lidar,1787204642321125327
esp32,1787204642342456977
lidar,1787204642420820172
esp32,1787204642442305379
lidar,1787204642520521490
esp32,1787204642542337590
lidar,1787204642620105973
esp32,1787204642642348338
lidar,1787204642720300389
esp32,1787204642742462542
lidar,1787204642820299140
esp32,1787204642842364702
lidar,1787204642920597275
esp32,1787204642942466353
lidar,1787204643021072368
esp32,1787204643041775733
lidar,1787204643121189783
esp32,1787204643142242506
lidar,1787204643221607635
esp32,1787204643241937494
lidar,1787204643322218147
esp32,1787204643342311381
lidar,1787204643422288739
esp32,1787204643442315568
lidar,1787204643521840061
esp32,1787204643542313967
lidar,1787204643621536371
esp32,1787204643642294068
lidar,1787204643721498117
esp32,1787204643741959935
lidar,1787204643821532423
esp32,1787204643842299802
lidar,1787204643920878527
esp32,1787204643942407388
lidar,1787204644020488782
esp32,1787204644042293852
lidar,1787204644120166457
esp32,1787204644142499950
lidar,1787204644220038803
esp32,1787204644242466619
lidar,1787204644319708120
esp32,1787204644342452544
lidar,1787204644419354243
esp32,1787204644442558501
lidar,1787204644518781573
esp32,1787204644541853521
lidar,1787204644618430311
esp32,1787204644642303097
lidar,1787204644719269670
esp32,1787204644742594444
lidar,1787204644818930270
esp32,1787204644842564111
lidar,1787204644919357812
esp32,1787204644942474103
lidar,1787204645019575149
esp32,1787204645042528419
lidar,1787204645119872361
esp32,1787204645142552757
lidar,1787204645220240534
esp32,1787204645242446152
lidar,1787204645320562504
esp32,1787204645342450105
lidar,1787204645420245411
esp32,1787204645442249770
lidar,1787204645520535636
esp32,1787204645542471743
lidar,1787204645619954151
esp32,1787204645642038137
lidar,1787204645719981108
esp32,1787204645742487258
lidar,1787204645819351520
esp32,1787204645842296148
lidar,1787204645919271663
esp32,1787204645942497147
lidar,1787204646018949679
esp32,1787204646042377336
lidar,1787204646118561760
esp32,1787204646142357136
lidar,1787204646218667329
esp32,1787204646242266557
lidar,1787204646318584028
esp32,1787204646342165004
lidar,1787204646418137347
esp32,1787204646442289484
lidar,1787204646517590488
esp32,1787204646542129847
lidar,1787204646617370746
esp32,1787204646642254426
lidar,1787204646717158483
esp32,1787204646742244690
lidar,1787204646816874357
esp32,1787204646842213979
lidar,1787204646916771616
esp32,1787204646942202029
lidar,1787204647016230437
esp32,1787204647042400468
lidar,1787204647116131116
esp32,1787204647141746177
lidar,1787204647215793765
esp32,1787204647242188610
lidar,1787204647315430873
esp32,1787204647342403182
lidar,1787204647415499101
esp32,1787204647442390559
lidar,1787204647515288840
esp32,1787204647542277138
lidar,1787204647615682872
esp32,1787204647641956883
lidar,1787204647716126958
esp32,1787204647742283982
lidar,1787204647816748251
esp32,1787204647842296086
lidar,1787204647917214271
esp32,1787204647942376875
lidar,1787204648017297391
esp32,1787204648042460995
lidar,1787204648117636256
esp32,1787204648142344876
lidar,1787204648217692248
esp32,1787204648242222045
lidar,1787204648317236436
esp32,1787204648362413185
lidar,1787204648417093818
esp32,1787204648442434335
lidar,1787204648517010252
esp32,1787204648542137275
lidar,1787204648616770518
esp32,1787204648642221252
lidar,1787204648716702667
esp32,1787204648742204056
lidar,1787204648816134154
esp32,1787204648842400860
lidar,1787204648916085817
esp32,1787204648942158396
lidar,1787204649015643791
esp32,1787204649042161683
lidar,1787204649115438867
esp32,1787204649142252251
lidar,1787204649214689504
esp32,1787204649242161601
lidar,1787204649314209590
esp32,1787204649342016703
lidar,1787204649414132313
esp32,1787204649442209173
lidar,1787204649513891167
esp32,1787204649542207819
lidar,1787204649613799851
esp32,1787204649642289839
lidar,1787204649713982416
esp32,1787204649742207749
lidar,1787204649814349814
esp32,1787204649842320158
lidar,1787204649914441640
esp32,1787204649942355431
lidar,1787204650014610721
esp32,1787204650041424882
lidar,1787204650115090170
esp32,1787204650141438788
lidar,1787204650215186318
esp32,1787204650241441880
lidar,1787204650315587733
esp32,1787204650342319923
lidar,1787204650416124211
esp32,1787204650442386202
lidar,1787204650515920489
esp32,1787204650542390026
lidar,1787204650616357123
esp32,1787204650642282367
lidar,1787204650716331598
esp32,1787204650742421088
lidar,1787204650815992340
esp32,1787204650842449355
lidar,1787204650915659059
esp32,1787204650942504212
lidar,1787204651015365388
esp32,1787204651042461896
lidar,1787204651115033457
esp32,1787204651142385098
lidar,1787204651214636870
esp32,1787204651242288554
lidar,1787204651314456478
esp32,1787204651342174921
lidar,1787204651414199857
esp32,1787204651442321344
lidar,1787204651513426594
esp32,1787204651542424724
lidar,1787204651613347471
esp32,1787204651642463302
lidar,1787204651712662714
esp32,1787204651742385543
lidar,1787204651812550502
esp32,1787204651842437699
lidar,1787204651912534169
esp32,1787204651942404609
lidar,1787204652012063912
esp32,1787204652042401472
lidar,1787204652112410969
esp32,1787204652142231475
lidar,1787204652212614852
esp32,1787204652242434297
lidar,1787204652312392597
esp32,1787204652341556776
lidar,1787204652413277037
esp32,1787204652441925807
lidar,1787204652512989333
esp32,1787204652542315166
lidar,1787204652613680106
esp32,1787204652642323085
lidar,1787204652713696876
esp32,1787204652742280629
lidar,1787204652814517584
esp32,1787204652842373333
lidar,1787204652914716342
esp32,1787204652942379297
lidar,1787204653014725502
esp32,1787204653042313115
lidar,1787204653114368294
esp32,1787204653142401239
lidar,1787204653214094731
esp32,1787204653242348218
lidar,1787204653313856255
esp32,1787204653342454652
lidar,1787204653413331432
esp32,1787204653442413651
lidar,1787204653513343269
esp32,1787204653542331099
lidar,1787204653613203697
esp32,1787204653642334946
lidar,1787204653713032305
esp32,1787204653742408621
lidar,1787204653812592537
esp32,1787204653842378092
lidar,1787204653912302400
esp32,1787204653942402319
lidar,1787204654012057580
esp32,1787204654042331199
lidar,1787204654112235546
esp32,1787204654142392951
lidar,1787204654211942347
esp32,1787204654242395399
lidar,1787204654311512466
esp32,1787204654342212264
lidar,1787204654411283355
esp32,1787204654442316301
lidar,1787204654510555555
esp32,1787204654542281442
lidar,1787204654610598248
esp32,1787204654642348837
lidar,1787204654710175780
esp32,1787204654742393374
lidar,1787204654810656245
esp32,1787204654842489170
lidar,1787204654911021156
esp32,1787204654942287676
lidar,1787204655011346374
esp32,1787204655042273153
lidar,1787204655111901373
esp32,1787204655142396648
lidar,1787204655212307347
esp32,1787204655241903435
lidar,1787204655312771675
esp32,1787204655342282958
lidar,1787204655412963024
esp32,1787204655442408483
lidar,1787204655513289169
esp32,1787204655542332672
lidar,1787204655612776504
esp32,1787204655642524980
lidar,1787204655712431407
esp32,1787204655742489450
lidar,1787204655812183926
esp32,1787204655842496610
lidar,1787204655912057481
esp32,1787204655942520016
lidar,1787204656011500722
esp32,1787204656042419580
lidar,1787204656111639074
esp32,1787204656142385144
lidar,1787204656211166116
esp32,1787204656242520856
lidar,1787204656310642894
esp32,1787204656342411519
lidar,1787204656410198760
esp32,1787204656442369484
lidar,1787204656510006653
esp32,1787204656542293836
lidar,1787204656610140290
esp32,1787204656642427314
lidar,1787204656709956617
esp32,1787204656742413810
lidar,1787204656810236376
esp32,1787204656842432554
lidar,1787204656909813566
esp32,1787204656942324977
lidar,1787204657010481630
esp32,1787204657042304041
lidar,1787204657110838314
esp32,1787204657142397993
lidar,1787204657211279665
esp32,1787204657242306902
lidar,1787204657311797778
esp32,1787204657342431985
lidar,1787204657411555865
esp32,1787204657442435754
lidar,1787204657511468156
esp32,1787204657542455336
lidar,1787204657611414281
esp32,1787204657642546731
lidar,1787204657710554479
esp32,1787204657742414740
lidar,1787204657810552477
esp32,1787204657842476040
lidar,1787204657909816459
esp32,1787204657942447146
lidar,1787204658009500920
esp32,1787204658042450554
lidar,1787204658109325858
esp32,1787204658142387212
lidar,1787204658209433342
esp32,1787204658242297555
lidar,1787204658308881494
esp32,1787204658342393586
lidar,1787204658408390700
esp32,1787204658442439128
lidar,1787204658508417312
esp32,1787204658542087372
lidar,1787204658608416039
esp32,1787204658642200122
lidar,1787204658708875112
esp32,1787204658742376623
lidar,1787204658809329850
esp32,1787204658842452797
lidar,1787204658909724244
esp32,1787204658942387163
lidar,1787204659009997990
esp32,1787204659042402469
lidar,1787204659110543168
esp32,1787204659142113372
lidar,1787204659210406146
esp32,1787204659242397347
lidar,1787204659310771824
esp32,1787204659342290172
lidar,1787204659410530768
esp32,1787204659441544048
lidar,1787204659510417060
esp32,1787204659542453902
lidar,1787204659610305283
esp32,1787204659642142994
lidar,1787204659710120530
esp32,1787204659742187840
lidar,1787204659809695039
esp32,1787204659842217511
lidar,1787204659909414706
esp32,1787204659942077365
lidar,1787204660008204025
esp32,1787204660041457207
lidar,1787204660107868653
esp32,1787204660141431561
lidar,1787204660207125470
esp32,1787204660241481360
lidar,1787204660306508922
esp32,1787204660342320422
lidar,1787204660406694158
esp32,1787204660442366130
lidar,1787204660506274638
esp32,1787204660542291540
lidar,1787204660605979019
esp32,1787204660642354242
lidar,1787204660705639202
esp32,1787204660742274410
lidar,1787204660805250736
esp32,1787204660842541082
lidar,1787204660905013449
esp32,1787204660942389265
lidar,1787204661005071619
esp32,1787204661042448661
lidar,1787204661104613258
esp32,1787204661142425407
lidar,1787204661205040073
esp32,1787204661242194256
lidar,1787204661305236483
esp32,1787204661342244722
lidar,1787204661405502641
esp32,1787204661441909152
lidar,1787204661505616906
esp32,1787204661542207702
lidar,1787204661606012316
esp32,1787204661642234870
lidar,1787204661706318472
esp32,1787204661741824790
lidar,1787204661806314281
esp32,1787204661842394239
lidar,1787204661906015855
esp32,1787204661942246300
lidar,1787204662006311641
esp32,1787204662041884720
lidar,1787204662106470191
esp32,1787204662142261348
lidar,1787204662205411014
esp32,1787204662242163304
lidar,1787204662305205135
esp32,1787204662342210903
lidar,1787204662405139977
esp32,1787204662442311814
lidar,1787204662504623915
esp32,1787204662542249865
lidar,1787204662604371141
esp32,1787204662642196879
lidar,1787204662704007550
esp32,1787204662742326014
lidar,1787204662803849124
esp32,1787204662842306322
lidar,1787204662903175803
esp32,1787204662961925383
lidar,1787204663002943744
esp32,1787204663042533200
lidar,1787204663102443525
esp32,1787204663142364535
lidar,1787204663201850424
esp32,1787204663242446901
lidar,1787204663302372534
esp32,1787204663342473219
lidar,1787204663402779426
esp32,1787204663442438100
lidar,1787204663502522099
esp32,1787204663541936365
lidar,1787204663603488721
esp32,1787204663642494708
lidar,1787204663703922569
esp32,1787204663742543391
lidar,1787204663803905247
esp32,1787204663842556021
lidar,1787204663904395918
esp32,1787204663942558258
lidar,1787204664004478794
esp32,1787204664042465024
lidar,1787204664104922265
esp32,1787204664142508212
lidar,1787204664204839316
esp32,1787204664242444486
lidar,1787204664305108001
esp32,1787204664342402619
lidar,1787204664404429096
esp32,1787204664442560293
lidar,1787204664504453243
esp32,1787204664542327024
lidar,1787204664603935723
esp32,1787204664642456059
lidar,1787204664703896164
esp32,1787204664742535911
lidar,1787204664803133924
esp32,1787204664842354815
lidar,1787204664902702498
esp32,1787204664942392315
lidar,1787204665002769766
esp32,1787204665042550706
lidar,1787204665102066375
esp32,1787204665142557661
lidar,1787204665201684204
esp32,1787204665242373193
lidar,1787204665301681536
esp32,1787204665342580854
lidar,1787204665401547104
esp32,1787204665442572832
lidar,1787204665500860434
esp32,1787204665542304383
lidar,1787204665601468882
esp32,1787204665642463249
lidar,1787204665701614174
esp32,1787204665742458293
lidar,1787204665801661516
esp32,1787204665842599273
lidar,1787204665901841727
esp32,1787204665942529861
lidar,1787204666002062834
esp32,1787204666042609172
lidar,1787204666102297131
esp32,1787204666142512745
lidar,1787204666202287235
esp32,1787204666242419053
lidar,1787204666302384087
esp32,1787204666342589086
lidar,1787204666402034977
esp32,1787204666442359338
lidar,1787204666501558457
esp32,1787204666542270390
lidar,1787204666601101077
esp32,1787204666642410005
lidar,1787204666701045479
esp32,1787204666742510573
lidar,1787204666800405155
esp32,1787204666842592300
lidar,1787204666900061174
esp32,1787204666942564274
lidar,1787204666999487915
esp32,1787204667042430308
lidar,1787204667099540254
esp32,1787204667142592462
lidar,1787204667199342745
esp32,1787204667242503189
lidar,1787204667299557688
esp32,1787204667342532076
lidar,1787204667399352445
esp32,1787204667442522252
lidar,1787204667499796361
esp32,1787204667542240180
lidar,1787204667599995314
esp32,1787204667642578551
lidar,1787204667700631756
esp32,1787204667742452667
lidar,1787204667801018023
esp32,1787204667842560924
lidar,1787204667901525574
esp32,1787204667942535902
lidar,1787204668001614113
esp32,1787204668042434484
lidar,1787204668101565272
esp32,1787204668142561778
lidar,1787204668201254824
esp32,1787204668242462039
lidar,1787204668300944763
esp32,1787204668342484480
lidar,1787204668400763552
esp32,1787204668442470397
lidar,1787204668501186953
esp32,1787204668542296359
lidar,1787204668600990179
esp32,1787204668642304752
lidar,1787204668700204279
esp32,1787204668742558317
lidar,1787204668799823317
esp32,1787204668842568689
lidar,1787204668900134181
esp32,1787204668942574005
lidar,1787204668999515976
esp32,1787204669042535867
lidar,1787204669099867571
esp32,1787204669142549667
lidar,1787204669199001514
esp32,1787204669242499874
lidar,1787204669299176069
esp32,1787204669342466364
lidar,1787204669398490854
esp32,1787204669442570001
lidar,1787204669498416235
esp32,1787204669542337175
lidar,1787204669598021847
esp32,1787204669642434498
lidar,1787204669697827749
esp32,1787204669742478585
lidar,1787204669798040786
esp32,1787204669842542826
lidar,1787204669898239238
esp32,1787204669942574191
lidar,1787204669998540930
esp32,1787204670041500997
lidar,1787204670098815893
esp32,1787204670141400178
lidar,1787204670199321269
esp32,1787204670241481620
lidar,1787204670299545683
esp32,1787204670342486232
lidar,1787204670400385302
esp32,1787204670442562137
lidar,1787204670500649403
esp32,1787204670541988555
lidar,1787204670600827022
esp32,1787204670642529128
lidar,1787204670701246820
esp32,1787204670742501799
lidar,1787204670801403529
esp32,1787204670841914864
lidar,1787204670900604314
esp32,1787204670942486553
lidar,1787204671000592203
esp32,1787204671041863466
lidar,1787204671100168722
esp32,1787204671142454658
lidar,1787204671199313736
esp32,1787204671242292970
lidar,1787204671299056419
esp32,1787204671341831089
lidar,1787204671398681466
esp32,1787204671442526077
lidar,1787204671498518285
esp32,1787204671542344108
lidar,1787204671597951431
esp32,1787204671642350504
lidar,1787204671697684220
esp32,1787204671742414257
lidar,1787204671797014134
esp32,1787204671842506889
lidar,1787204671896808105
esp32,1787204671942451356
lidar,1787204671996000307
esp32,1787204672042307809
lidar,1787204672095757194
esp32,1787204672142349482
lidar,1787204672195491750
esp32,1787204672242361998
lidar,1787204672295285582
esp32,1787204672341994141
lidar,1787204672395174884
esp32,1787204672441710850
lidar,1787204672495521718
esp32,1787204672542206654
lidar,1787204672595918004
esp32,1787204672642375773
lidar,1787204672696189427
esp32,1787204672741977416
lidar,1787204672796650516
esp32,1787204672842368737
lidar,1787204672897272433
esp32,1787204672942336037
lidar,1787204672997438116
esp32,1787204673041686147
lidar,1787204673097424072
esp32,1787204673142007433
lidar,1787204673197429186
esp32,1787204673242324507
lidar,1787204673297290056
esp32,1787204673342292652
lidar,1787204673397166315
esp32,1787204673441915790
lidar,1787204673496875715
esp32,1787204673542454937
lidar,1787204673597038441
esp32,1787204673642107372
lidar,1787204673696733982
esp32,1787204673742303884
lidar,1787204673796901904
esp32,1787204673841743006
lidar,1787204673896568690
esp32,1787204673942129859
lidar,1787204673996263740
esp32,1787204674042064810
lidar,1787204674096035023
esp32,1787204674142152741
lidar,1787204674195808482
esp32,1787204674242017098
lidar,1787204674295781636
esp32,1787204674342105392
lidar,1787204674395252605
esp32,1787204674441889958
lidar,1787204674494658433
esp32,1787204674542286941
lidar,1787204674594375607
esp32,1787204674642253487
lidar,1787204674694051497
esp32,1787204674742290635
lidar,1787204674793508027
esp32,1787204674842134423
lidar,1787204674893437827
esp32,1787204674942207173
lidar,1787204674993046321
esp32,1787204675042418340
lidar,1787204675092562308
esp32,1787204675142291200
lidar,1787204675192190994
esp32,1787204675242402817
lidar,1787204675292124167
esp32,1787204675342496801
lidar,1787204675391773000
esp32,1787204675442208240
lidar,1787204675491616433
esp32,1787204675542286201
lidar,1787204675591648439
esp32,1787204675641911039
lidar,1787204675691602289
esp32,1787204675742209960
lidar,1787204675791721153
esp32,1787204675842147440
lidar,1787204675891892404
esp32,1787204675942072328
lidar,1787204675991877307
esp32,1787204676042101356
lidar,1787204676092449911
esp32,1787204676142473443
lidar,1787204676193078128
esp32,1787204676242299998
lidar,1787204676293413462
esp32,1787204676342286290
lidar,1787204676393693140
esp32,1787204676442129626
lidar,1787204676493656879
esp32,1787204676542138585
lidar,1787204676593571934
esp32,1787204676642361806
lidar,1787204676693127525
esp32,1787204676742244748
lidar,1787204676793233733
esp32,1787204676842244057
lidar,1787204676892682967
esp32,1787204676942362640
lidar,1787204676992475478
esp32,1787204677042360572
lidar,1787204677092076018
esp32,1787204677142210903
lidar,1787204677191932825
esp32,1787204677242320562
lidar,1787204677291658127
esp32,1787204677342344460
lidar,1787204677391490612
esp32,1787204677442249132
lidar,1787204677491368534
esp32,1787204677542340226
lidar,1787204677591336999
esp32,1787204677642164298
lidar,1787204677691346118
esp32,1787204677742322979
lidar,1787204677791021699
esp32,1787204677842242692
lidar,1787204677890665301
esp32,1787204677942299306
lidar,1787204677990479852
esp32,1787204678042332475
lidar,1787204678090276919
esp32,1787204678142388466
lidar,1787204678189859944
esp32,1787204678242357961
lidar,1787204678290011871
esp32,1787204678342554984
lidar,1787204678390015133
esp32,1787204678442360538
lidar,1787204678490455608
esp32,1787204678542327004
lidar,1787204678590249621
esp32,1787204678642483223
lidar,1787204678690752995
esp32,1787204678742453503
lidar,1787204678790955899
esp32,1787204678842414196
lidar,1787204678891303270
esp32,1787204678942345657
lidar,1787204678991915611
esp32,1787204679042379326
lidar,1787204679091826411
esp32,1787204679142342997
lidar,1787204679191959760
esp32,1787204679242317014
lidar,1787204679291774486
esp32,1787204679342383992
lidar,1787204679391011706
esp32,1787204679442481564
lidar,1787204679490420598
esp32,1787204679542331186
lidar,1787204679590612241
esp32,1787204679642453891
lidar,1787204679689843650
esp32,1787204679742270378
lidar,1787204679789811459
esp32,1787204679842374783
lidar,1787204679889375800
esp32,1787204679942292701
lidar,1787204679988856432
esp32,1787204680041590443
lidar,1787204680088383571
esp32,1787204680141449118
lidar,1787204680187897901
esp32,1787204680241600978
lidar,1787204680287638164
esp32,1787204680342052994
lidar,1787204680387720723
esp32,1787204680442491846
lidar,1787204680487482880
esp32,1787204680542318325
lidar,1787204680587683212
esp32,1787204680642531109
lidar,1787204680687837952
esp32,1787204680742388215
lidar,1787204680788157245
esp32,1787204680842346439
lidar,1787204680888265773
esp32,1787204680942376325
lidar,1787204680988619861
esp32,1787204681042284563
lidar,1787204681088761369
esp32,1787204681142305537
lidar,1787204681189177961
esp32,1787204681242360074
lidar,1787204681289174211
esp32,1787204681342282316
lidar,1787204681389532060
esp32,1787204681442353273
lidar,1787204681489236564
esp32,1787204681542335281
lidar,1787204681589011538
esp32,1787204681642304821
lidar,1787204681688553924
esp32,1787204681742225835
lidar,1787204681788722836
esp32,1787204681842210529
lidar,1787204681888300474
esp32,1787204681942328613
lidar,1787204681987892807
esp32,1787204682042421623
lidar,1787204682088168934
esp32,1787204682142316729
lidar,1787204682187820327
esp32,1787204682242397505
lidar,1787204682287530250
esp32,1787204682342341511
lidar,1787204682387617689
esp32,1787204682442381755
lidar,1787204682486423150
esp32,1787204682542380799
lidar,1787204682586547361
esp32,1787204682642381589
lidar,1787204682686364664
esp32,1787204682742372185
lidar,1787204682786123014
esp32,1787204682842661388
lidar,1787204682885808758
esp32,1787204682942361141
lidar,1787204682985709013
esp32,1787204683042539112
lidar,1787204683085855266
esp32,1787204683142421687
lidar,1787204683185800631
esp32,1787204683242456672
lidar,1787204683286243329
esp32,1787204683342458361
lidar,1787204683386510259
esp32,1787204683442202869
lidar,1787204683486432578
esp32,1787204683542326019
lidar,1787204683587127760
esp32,1787204683642357110
lidar,1787204683686829953
esp32,1787204683741534541
lidar,1787204683787036752
esp32,1787204683842366554
lidar,1787204683886747114
esp32,1787204683942504681
lidar,1787204683986703274
esp32,1787204684042299740
lidar,1787204684086537469
esp32,1787204684142331987
lidar,1787204684185904678
esp32,1787204684242291321
lidar,1787204684285533480
esp32,1787204684342303037
lidar,1787204684385222303
esp32,1787204684442324167
lidar,1787204684484647922
esp32,1787204684542289775
lidar,1787204684584337329
esp32,1787204684642331758
lidar,1787204684684242075
esp32,1787204684742524388
lidar,1787204684783758615
esp32,1787204684842620741
lidar,1787204684883642981
esp32,1787204684942459673
lidar,1787204684983658673
esp32,1787204685042400227
lidar,1787204685083821655
esp32,1787204685142491574
lidar,1787204685184394165
esp32,1787204685241886063
lidar,1787204685284809492
esp32,1787204685342434809
lidar,1787204685385693360
esp32,1787204685441696080
lidar,1787204685486227758
esp32,1787204685542479458
lidar,1787204685586549523
esp32,1787204685641880754
lidar,1787204685686303390
esp32,1787204685742452304
lidar,1787204685786503358
esp32,1787204685842457787
lidar,1787204685886142068
esp32,1787204685942589618
lidar,1787204685985812708
esp32,1787204686042426527
lidar,1787204686085372328
esp32,1787204686142367837
lidar,1787204686184991957
esp32,1787204686242535881
lidar,1787204686284730665
esp32,1787204686342032657
lidar,1787204686383985342
esp32,1787204686442527748
lidar,1787204686483795584
esp32,1787204686542646358
lidar,1787204686583392097
esp32,1787204686642519290
lidar,1787204686682793853
esp32,1787204686742438941
lidar,1787204686782640854
esp32,1787204686842467720
lidar,1787204686882438826
esp32,1787204686942380586
lidar,1787204686982011528
esp32,1787204687042318531
lidar,1787204687081958305
esp32,1787204687142287232
lidar,1787204687182502169
esp32,1787204687242137679
lidar,1787204687282658429
esp32,1787204687342352456
lidar,1787204687383114175
esp32,1787204687442076045
lidar,1787204687483614956
esp32,1787204687541730463
lidar,1787204687583859170
esp32,1787204687642165626
lidar,1787204687684096175
esp32,1787204687742254943
lidar,1787204687783305257
esp32,1787204687842362614
lidar,1787204687884098630
esp32,1787204687942343466
lidar,1787204687983708498
esp32,1787204688042242205
lidar,1787204688083387593
esp32,1787204688142381412
lidar,1787204688183142289
esp32,1787204688242457224
lidar,1787204688282562931
esp32,1787204688342325128
lidar,1787204688382536804
esp32,1787204688442011115
lidar,1787204688482246958
esp32,1787204688542378575
lidar,1787204688581735388
esp32,1787204688642305870
lidar,1787204688681076181
esp32,1787204688742384989
lidar,1787204688780976408
esp32,1787204688842158010
lidar,1787204688881013811
esp32,1787204688942376085
lidar,1787204688980687924
esp32,1787204689042290740
lidar,1787204689080624728
esp32,1787204689142296692
lidar,1787204689180737880
esp32,1787204689242383999
lidar,1787204689280707380
esp32,1787204689342619961
lidar,1787204689381044718
esp32,1787204689442439229
lidar,1787204689480924824
esp32,1787204689542517744
lidar,1787204689581365659
esp32,1787204689642369274
lidar,1787204689681667498
esp32,1787204689742424010
lidar,1787204689782055226
esp32,1787204689842339292
lidar,1787204689882436220
esp32,1787204689942578525
lidar,1787204689982579964
esp32,1787204690041565636
lidar,1787204690082144950
esp32,1787204690141417301
lidar,1787204690182249268
esp32,1787204690241480077
lidar,1787204690281435553
esp32,1787204690342446019
lidar,1787204690381856390
esp32,1787204690442439955
lidar,1787204690481370413
esp32,1787204690542378302
lidar,1787204690581104669
esp32,1787204690642428777
lidar,1787204690680891540
esp32,1787204690742394526
lidar,1787204690780478884
esp32,1787204690842465032
lidar,1787204690879962252
esp32,1787204690942431276
lidar,1787204690979766570
esp32,1787204691042335126
lidar,1787204691079982606
esp32,1787204691142458158
lidar,1787204691180094104
esp32,1787204691242054295
lidar,1787204691279886876
esp32,1787204691342400706
lidar,1787204691380170025
esp32,1787204691442320988
lidar,1787204691480156542
esp32,1787204691542408644
lidar,1787204691580605177
esp32,1787204691642302334
lidar,1787204691680887171
esp32,1787204691742291451
lidar,1787204691781015257
esp32,1787204691842096133
lidar,1787204691881132089
esp32,1787204691942259216
lidar,1787204691980999056
esp32,1787204692042169021
lidar,1787204692081022706
esp32,1787204692142309220
lidar,1787204692180682446
esp32,1787204692242501969
lidar,1787204692279877423
esp32,1787204692342220307
lidar,1787204692379935919
esp32,1787204692442165337
lidar,1787204692479756460
esp32,1787204692542326042
lidar,1787204692579269269
esp32,1787204692642184114
lidar,1787204692679307167
esp32,1787204692742298397
lidar,1787204692778926658
esp32,1787204692842330575
lidar,1787204692878593219
esp32,1787204692942359982
lidar,1787204692978170064
esp32,1787204693042284140
lidar,1787204693077400559
esp32,1787204693142339841
lidar,1787204693177956706
esp32,1787204693242074076
lidar,1787204693277015863
esp32,1787204693342409960
lidar,1787204693376821466
esp32,1787204693442511196
lidar,1787204693476683081
esp32,1787204693542525066
lidar,1787204693576292192
esp32,1787204693642492051
lidar,1787204693676187354
esp32,1787204693742480417
lidar,1787204693775894805
esp32,1787204693842127462
lidar,1787204693875813990
esp32,1787204693942559815
lidar,1787204693976130383
esp32,1787204694042650061
lidar,1787204694076825628
esp32,1787204694142373694
lidar,1787204694176902286
esp32,1787204694242258177
lidar,1787204694277583959
esp32,1787204694342431514
lidar,1787204694377894134
esp32,1787204694442549638
lidar,1787204694478314578
esp32,1787204694542572470
lidar,1787204694578015997
esp32,1787204694642593580
lidar,1787204694679034970
esp32,1787204694742565753
lidar,1787204694778732961
esp32,1787204694842611603
lidar,1787204694879261678
esp32,1787204694942565916
lidar,1787204694978568949
esp32,1787204695042529283
lidar,1787204695078209471
esp32,1787204695142476583
lidar,1787204695177462971
esp32,1787204695242593013
lidar,1787204695276855102
esp32,1787204695342433428
lidar,1787204695376950964
esp32,1787204695442575986
lidar,1787204695476457455
esp32,1787204695542652668
lidar,1787204695575794338
esp32,1787204695642467430
lidar,1787204695675524254
esp32,1787204695742356217
lidar,1787204695775058923
esp32,1787204695842382964
lidar,1787204695874405688
esp32,1787204695942701207
lidar,1787204695974542779
esp32,1787204696042643228
lidar,1787204696074683740
esp32,1787204696142452087
lidar,1787204696174770373
esp32,1787204696242542563
lidar,1787204696275155790
esp32,1787204696342471359
lidar,1787204696375709149
esp32,1787204696442438100
lidar,1787204696476029475
esp32,1787204696542614167
lidar,1787204696576226647
esp32,1787204696642350086
lidar,1787204696676489658
esp32,1787204696742471526
lidar,1787204696777034223
esp32,1787204696842467990
lidar,1787204696877084347
esp32,1787204696942489629
lidar,1787204696976810130
esp32,1787204697042520923
lidar,1787204697076964815
esp32,1787204697142381088
lidar,1787204697177046767
esp32,1787204697242519230
lidar,1787204697276707242
esp32,1787204697342568514
lidar,1787204697376091327
esp32,1787204697442423436
lidar,1787204697475130880
esp32,1787204697542548085
lidar,1787204697575185567
esp32,1787204697642543064
lidar,1787204697674972129
esp32,1787204697741649512
lidar,1787204697774233205
esp32,1787204697842330700
lidar,1787204697874243083
esp32,1787204697942322572
lidar,1787204697973895415
esp32,1787204698042382243
lidar,1787204698073901889
esp32,1787204698142432746
lidar,1787204698174053546
esp32,1787204698242274555
lidar,1787204698273698287
esp32,1787204698342146358
lidar,1787204698373930619
esp32,1787204698442421308
lidar,1787204698474265911
esp32,1787204698542376594
lidar,1787204698574593670
esp32,1787204698642397263
lidar,1787204698675013359
esp32,1787204698742507778
lidar,1787204698775640193
esp32,1787204698842419713
lidar,1787204698876115798
esp32,1787204698942641839
lidar,1787204698976299978
esp32,1787204699042027565
lidar,1787204699076284304
esp32,1787204699142449590
lidar,1787204699176084122
esp32,1787204699242536172
lidar,1787204699275648081
esp32,1787204699342477540
lidar,1787204699375319144
esp32,1787204699442464536
lidar,1787204699475011099
esp32,1787204699542029928
lidar,1787204699574853926
esp32,1787204699642444948
lidar,1787204699674374958
esp32,1787204699742398375
lidar,1787204699773891933
esp32,1787204699842514680
lidar,1787204699873563294
esp32,1787204699941522779
lidar,1787204699973049486
esp32,1787204700041625829
lidar,1787204700072202266
esp32,1787204700141437122
lidar,1787204700171715521
esp32,1787204700241479964
lidar,1787204700271456682
esp32,1787204700341735258
lidar,1787204700371506049
esp32,1787204700442197137
lidar,1787204700472161072
esp32,1787204700542461520
lidar,1787204700572269350
esp32,1787204700642383572
lidar,1787204700672672978
esp32,1787204700742389574
lidar,1787204700773067162
esp32,1787204700842264174
lidar,1787204700873326126
esp32,1787204700942374870
lidar,1787204700973963925
esp32,1787204701042302451
lidar,1787204701073699018
esp32,1787204701142288172
lidar,1787204701173510100
esp32,1787204701242139353
lidar,1787204701273994113
esp32,1787204701341975953
lidar,1787204701373135288
esp32,1787204701442139570
lidar,1787204701472857286
esp32,1787204701542318134
lidar,1787204701572684127
esp32,1787204701642014154
lidar,1787204701672278630
esp32,1787204701742316140
lidar,1787204701771819913
esp32,1787204701842403055
lidar,1787204701871647636
esp32,1787204701942244182
lidar,1787204701970816996
esp32,1787204702042292841
lidar,1787204702071005199
esp32,1787204702142416534
lidar,1787204702170401588
esp32,1787204702242300050
lidar,1787204702270154239
esp32,1787204702342205581
lidar,1787204702369738427
esp32,1787204702442143486
lidar,1787204702469454351
esp32,1787204702542261648
lidar,1787204702568922056
esp32,1787204702642303252
lidar,1787204702668795505
esp32,1787204702742484602
lidar,1787204702769150808
esp32,1787204702842236261
lidar,1787204702869921016
esp32,1787204702942407952
lidar,1787204702970042321
esp32,1787204703042358667
lidar,1787204703070067520
esp32,1787204703142509751
lidar,1787204703170329830
esp32,1787204703242512265
lidar,1787204703271084700
esp32,1787204703342551459
lidar,1787204703370942493
esp32,1787204703442546940
lidar,1787204703470693020
esp32,1787204703542628951
lidar,1787204703570702323
esp32,1787204703642423830
lidar,1787204703669910758
esp32,1787204703742187258
lidar,1787204703770320703
esp32,1787204703842476727
lidar,1787204703870092497
esp32,1787204703942206489
lidar,1787204703969419763
esp32,1787204704042407741
lidar,1787204704068945432
esp32,1787204704142433584
lidar,1787204704168837661
esp32,1787204704242393233
lidar,1787204704268175527
esp32,1787204704342436534
lidar,1787204704368071721
esp32,1787204704442310717
lidar,1787204704467780702
esp32,1787204704542481205
lidar,1787204704567409725
esp32,1787204704642396355
lidar,1787204704668226447
esp32,1787204704742040726
lidar,1787204704768151831
esp32,1787204704842551134
lidar,1787204704868901917
esp32,1787204704942409599
lidar,1787204704969156694
esp32,1787204705042475538
lidar,1787204705069557960
esp32,1787204705142514279
lidar,1787204705169273846
esp32,1787204705242375683
lidar,1787204705269303486
esp32,1787204705342402954
lidar,1787204705369004505
esp32,1787204705442524723
lidar,1787204705468527043
esp32,1787204705542389118
lidar,1787204705568062081
esp32,1787204705642366889
lidar,1787204705667838144
esp32,1787204705742127725
lidar,1787204705767488589
esp32,1787204705842431686
lidar,1787204705867246680
esp32,1787204705942513359
lidar,1787204705966996358
esp32,1787204706042172671
lidar,1787204706066927066
esp32,1787204706142373307
lidar,1787204706166449949
esp32,1787204706242319581
lidar,1787204706266012477
esp32,1787204706342348966
lidar,1787204706365821521
esp32,1787204706442264689
lidar,1787204706465768138
esp32,1787204706542317796
lidar,1787204706566290729
esp32,1787204706642396509
lidar,1787204706666580475
esp32,1787204706742250109
lidar,1787204706766699845
esp32,1787204706842417705
lidar,1787204706867016309
esp32,1787204706942341689
lidar,1787204706966881690
esp32,1787204707042210144
lidar,1787204707067034686
esp32,1787204707142221186
lidar,1787204707166974113
esp32,1787204707242293461
lidar,1787204707267547428
esp32,1787204707342050727
lidar,1787204707367592420
esp32,1787204707442345154
lidar,1787204707468147683
esp32,1787204707542303710
lidar,1787204707567699415
esp32,1787204707642339646
lidar,1787204707667730611
esp32,1787204707742136852
lidar,1787204707767459452
esp32,1787204707842185506
lidar,1787204707867100592
esp32,1787204707942054884
lidar,1787204707967176043
esp32,1787204708042052181
lidar,1787204708067117375
esp32,1787204708142228945
lidar,1787204708166313574
esp32,1787204708242215026
lidar,1787204708266311271
esp32,1787204708342161194
lidar,1787204708365452532
esp32,1787204708442181704
lidar,1787204708465425364
esp32,1787204708542472323
lidar,1787204708565169383
esp32,1787204708642600624
lidar,1787204708665345130
esp32,1787204708742328604
lidar,1787204708764998367
esp32,1787204708842509387
lidar,1787204708864502356
esp32,1787204708942297877
lidar,1787204708964349689
esp32,1787204709042461367
lidar,1787204709063851602
esp32,1787204709142552402
lidar,1787204709163652955
esp32,1787204709242599726
lidar,1787204709263689700
esp32,1787204709342336907
lidar,1787204709364713322
esp32,1787204709442360370
lidar,1787204709464238169
esp32,1787204709542492458
lidar,1787204709564900289
esp32,1787204709642223770
lidar,1787204709664826439
esp32,1787204709742293623
lidar,1787204709764958472
esp32,1787204709842347880
lidar,1787204709864684625
esp32,1787204709942301010
lidar,1787204709964578560
esp32,1787204710041417771
lidar,1787204710063670087
esp32,1787204710141584918
lidar,1787204710163147634
esp32,1787204710241437746
lidar,1787204710262821046
esp32,1787204710342254781
lidar,1787204710362723951
esp32,1787204710442425732
lidar,1787204710462385164
esp32,1787204710542569209
lidar,1787204710561742124
esp32,1787204710642431312
lidar,1787204710661771823
esp32,1787204710742589501
lidar,1787204710761468207
esp32,1787204710842548959
lidar,1787204710861721647
esp32,1787204710942348149
lidar,1787204710961943768
esp32,1787204711042239709
lidar,1787204711062464890
esp32,1787204711142493082
lidar,1787204711162576786
esp32,1787204711242275842
lidar,1787204711262746229
esp32,1787204711342508945
lidar,1787204711363121802
esp32,1787204711442444847
lidar,1787204711463873543
esp32,1787204711542347270
lidar,1787204711563583818
esp32,1787204711642365317
lidar,1787204711663502671
esp32,1787204711742511792
lidar,1787204711763400388
esp32,1787204711842506606
lidar,1787204711863018554
esp32,1787204711942500068
lidar,1787204711962457008
esp32,1787204712042479168
lidar,1787204712062596421
esp32,1787204712142385334
lidar,1787204712161777901
esp32,1787204712242485745
lidar,1787204712261459680
esp32,1787204712341618577
lidar,1787204712361118403
esp32,1787204712441330135
lidar,1787204712460607248
esp32,1787204712542425801
lidar,1787204712560876321
esp32,1787204712642376258
lidar,1787204712659947888
esp32,1787204712742435715
lidar,1787204712759638086
esp32,1787204712842208101
lidar,1787204712859503475
esp32,1787204712942567799
lidar,1787204712958940670
esp32,1787204713042173978
lidar,1787204713058872519
esp32,1787204713142585160
lidar,1787204713159049030
esp32,1787204713242473309
lidar,1787204713258820872
esp32,1787204713342150598
lidar,1787204713358667789
lidar,1787204713459367247
esp32,1787204713482009537
esp32,1787204713542339258
lidar,1787204713559738376
esp32,1787204713642221594
lidar,1787204713659874413
esp32,1787204713742430338
lidar,1787204713760951078
esp32,1787204713842107590
lidar,1787204713861129470
esp32,1787204713942522079
lidar,1787204713961036233
esp32,1787204714042544289
lidar,1787204714061092516
esp32,1787204714142426519
lidar,1787204714160557124
esp32,1787204714242403594
lidar,1787204714260212454
esp32,1787204714342336474
lidar,1787204714359998378
esp32,1787204714442250913
lidar,1787204714459940567
esp32,1787204714542166873
lidar,1787204714559092748
esp32,1787204714642659125
lidar,1787204714658867421
esp32,1787204714742349088
lidar,1787204714758422004
esp32,1787204714842365880
lidar,1787204714858074666
esp32,1787204714942501095
lidar,1787204714957884840
esp32,1787204715042433468
lidar,1787204715057736651
esp32,1787204715142378014
lidar,1787204715157370186
esp32,1787204715242278186
lidar,1787204715257312520
esp32,1787204715342307450
lidar,1787204715356693238
esp32,1787204715442351631
lidar,1787204715456234251
esp32,1787204715542508617
lidar,1787204715556130913
esp32,1787204715642460733
lidar,1787204715655617876
esp32,1787204715742421766
lidar,1787204715756407964
esp32,1787204715842401180
lidar,1787204715857123600
esp32,1787204715942436681
lidar,1787204715957492956
esp32,1787204716042324308
lidar,1787204716057962303
esp32,1787204716141714929
lidar,1787204716158250975
esp32,1787204716242262093
lidar,1787204716258558333
esp32,1787204716342436076
lidar,1787204716358905566
esp32,1787204716442531140
lidar,1787204716458713124
esp32,1787204716542389926
lidar,1787204716558445135
esp32,1787204716642365315
lidar,1787204716658300613
esp32,1787204716742421234
lidar,1787204716758053497
esp32,1787204716842356600
lidar,1787204716857950952
esp32,1787204716942505911
lidar,1787204716957150195
esp32,1787204717042336204
lidar,1787204717056871164
esp32,1787204717142444634
lidar,1787204717156396978
esp32,1787204717242237617
lidar,1787204717256471023
esp32,1787204717342397210
lidar,1787204717356146559
esp32,1787204717442407038
lidar,1787204717455530817
esp32,1787204717542365040
lidar,1787204717555426371
esp32,1787204717642354418
lidar,1787204717654887037
esp32,1787204717742398336
lidar,1787204717754242099
esp32,1787204717842385748
lidar,1787204717854318561
esp32,1787204717942426047
lidar,1787204717954379670
esp32,1787204718042469186
lidar,1787204718054554388
esp32,1787204718141722796
lidar,1787204718154572422
esp32,1787204718242437172
lidar,1787204718255178854
esp32,1787204718342482605
lidar,1787204718355767873
esp32,1787204718442241707
lidar,1787204718455467576
esp32,1787204718542318462
lidar,1787204718556087143
esp32,1787204718642359349
lidar,1787204718655756542
esp32,1787204718742291249
lidar,1787204718755792988
esp32,1787204718842284170
lidar,1787204718856076260
esp32,1787204718942409050
lidar,1787204718954748992
esp32,1787204719042304813
lidar,1787204719054871833
esp32,1787204719142442123
lidar,1787204719154403266
esp32,1787204719242207511
lidar,1787204719254438092
esp32,1787204719342500987
lidar,1787204719353549063
esp32,1787204719441986899
lidar,1787204719453137625
esp32,1787204719542220456
lidar,1787204719553246601
esp32,1787204719641962554
lidar,1787204719652257514
esp32,1787204719742438437
lidar,1787204719752346778
esp32,1787204719842049435
lidar,1787204719852725261
esp32,1787204719942449263
lidar,1787204719952857579
esp32,1787204720041522360
lidar,1787204720052172734
esp32,1787204720141440657
lidar,1787204720152905239
esp32,1787204720241534943
lidar,1787204720253125023
esp32,1787204720342413268
lidar,1787204720354163109
esp32,1787204720442516465
lidar,1787204720454736353
esp32,1787204720542519985
lidar,1787204720555503721
esp32,1787204720642407509
lidar,1787204720655630742
esp32,1787204720742416519
lidar,1787204720755785557
esp32,1787204720842478849
lidar,1787204720855294324
esp32,1787204720942531689
lidar,1787204720955339024
esp32,1787204721042468184
lidar,1787204721054913752
esp32,1787204721142365362
lidar,1787204721155466817
esp32,1787204721242285661
lidar,1787204721255058165
esp32,1787204721342429470
lidar,1787204721354766656
esp32,1787204721442407416
lidar,1787204721454307535
esp32,1787204721542397423
lidar,1787204721554022113
esp32,1787204721642474085
lidar,1787204721653904876
esp32,1787204721742531336
lidar,1787204721753641100
esp32,1787204721842237828
lidar,1787204721853382884
esp32,1787204721942165141
lidar,1787204721953341113
esp32,1787204722042535063
lidar,1787204722052734547
esp32,1787204722142218744
lidar,1787204722152944487
esp32,1787204722242200837
lidar,1787204722251852383
esp32,1787204722342174494
lidar,1787204722351647095
esp32,1787204722442196342
lidar,1787204722451584766
esp32,1787204722542293610
lidar,1787204722551641173
esp32,1787204722642158642
lidar,1787204722651998876
esp32,1787204722742253044
lidar,1787204722752395669
esp32,1787204722842206887
lidar,1787204722852822831
esp32,1787204722942393437
lidar,1787204722952641985
esp32,1787204723042548389
lidar,1787204723053106296
esp32,1787204723142332407
lidar,1787204723153114971
esp32,1787204723242291864
lidar,1787204723253205600
esp32,1787204723342497741
lidar,1787204723353195602
esp32,1787204723442411970
lidar,1787204723452865408
esp32,1787204723542453250
lidar,1787204723552749508
esp32,1787204723642429771
lidar,1787204723652650100
esp32,1787204723742300570
lidar,1787204723751851877
esp32,1787204723842363326
lidar,1787204723851780792
esp32,1787204723942170553
lidar,1787204723951382073
esp32,1787204724042441494
lidar,1787204724050726667
esp32,1787204724142521195
lidar,1787204724150200205
esp32,1787204724242323465
lidar,1787204724249799393
esp32,1787204724342487971
lidar,1787204724349380323
esp32,1787204724442519714
lidar,1787204724449325033
esp32,1787204724542463948
lidar,1787204724549653872
esp32,1787204724642433807
lidar,1787204724649927929
esp32,1787204724742349579
lidar,1787204724749758235
esp32,1787204724842438595
lidar,1787204724850109204
esp32,1787204724942425946
lidar,1787204724950273341
esp32,1787204725042468565
lidar,1787204725050604225
esp32,1787204725142525099
lidar,1787204725151126083
esp32,1787204725242440559
lidar,1787204725251824251
esp32,1787204725342431004
lidar,1787204725352085539
esp32,1787204725442144279
lidar,1787204725452006684
esp32,1787204725542294941
lidar,1787204725551762317
esp32,1787204725642237604
lidar,1787204725651574796
esp32,1787204725742439903
lidar,1787204725751055964
esp32,1787204725842428171
lidar,1787204725850887615
esp32,1787204725942437033
lidar,1787204725950649207
esp32,1787204726042436757
lidar,1787204726050179927
esp32,1787204726142395781
lidar,1787204726149406151
esp32,1787204726242072191
lidar,1787204726249048996
esp32,1787204726342328291
lidar,1787204726348487748
esp32,1787204726442472893
lidar,1787204726448460868
esp32,1787204726542468100
lidar,1787204726548180970
esp32,1787204726642537144
lidar,1787204726648401840
esp32,1787204726742458525
lidar,1787204726748904275
esp32,1787204726842355541
lidar,1787204726849331134
esp32,1787204726942389048
lidar,1787204726949967220
esp32,1787204727042260023
lidar,1787204727049626068
esp32,1787204727142418092
lidar,1787204727150110622
esp32,1787204727242146537
lidar,1787204727250501204
esp32,1787204727342232214
lidar,1787204727350919906
esp32,1787204727442396226
lidar,1787204727451536298
esp32,1787204727542497121
lidar,1787204727551415633
esp32,1787204727642104420
lidar,1787204727651517915
esp32,1787204727742253468
lidar,1787204727751110083
esp32,1787204727842277137
lidar,1787204727850964644
esp32,1787204727942226892
lidar,1787204727950431437
esp32,1787204728042215799
lidar,1787204728050546197
esp32,1787204728142322075
lidar,1787204728150428737
esp32,1787204728242334656
lidar,1787204728249920178
esp32,1787204728342240677
lidar,1787204728349707213
esp32,1787204728442228434
lidar,1787204728449177739
esp32,1787204728542234901
lidar,1787204728549123575
esp32,1787204728642238372
lidar,1787204728648889195
esp32,1787204728742296224
lidar,1787204728748442134
esp32,1787204728842220227
lidar,1787204728848134481
esp32,1787204728942461069
lidar,1787204728947961554
esp32,1787204729042352073
lidar,1787204729047902998
esp32,1787204729142542444
lidar,1787204729147597805
esp32,1787204729242396753
lidar,1787204729247202004
esp32,1787204729342311068
lidar,1787204729347208806
esp32,1787204729442424853
lidar,1787204729447645678
esp32,1787204729542525686
lidar,1787204729547831465
esp32,1787204729642404554
lidar,1787204729647933868
esp32,1787204729742587940
lidar,1787204729748523495
esp32,1787204729842465452
lidar,1787204729849039780
esp32,1787204729942455278
lidar,1787204729949168019
esp32,1787204730041389648
lidar,1787204730048870074
esp32,1787204730141541209
lidar,1787204730149116924
esp32,1787204730241501852
lidar,1787204730248615655
esp32,1787204730342244708
lidar,1787204730348661978
esp32,1787204730442459916
lidar,1787204730448239578
esp32,1787204730542333465
lidar,1787204730547728357
esp32,1787204730642307940
lidar,1787204730647292238
lidar,1787204730747149058
esp32,1787204730761774390
esp32,1787204730842482011
lidar,1787204730846492968
esp32,1787204730942480900
lidar,1787204730946210867
esp32,1787204731042403555
lidar,1787204731046067269
esp32,1787204731142426147
lidar,1787204731145949554
esp32,1787204731242464326
lidar,1787204731245946903
esp32,1787204731342342642
lidar,1787204731345608508
esp32,1787204731442325113
lidar,1787204731445141307
esp32,1787204731542435485
lidar,1787204731545725654
esp32,1787204731642327290
lidar,1787204731645872818
esp32,1787204731742404387
lidar,1787204731746179828
esp32,1787204731842702319
lidar,1787204731846723919
esp32,1787204731942538465
lidar,1787204731947543123
esp32,1787204732042422812
lidar,1787204732047607189
esp32,1787204732142404069
lidar,1787204732147382162
esp32,1787204732242377788
lidar,1787204732247096171
esp32,1787204732342295300
lidar,1787204732346760866
esp32,1787204732442489531
lidar,1787204732446099703
esp32,1787204732542400102
lidar,1787204732546035332
esp32,1787204732641907734
lidar,1787204732645202596
esp32,1787204732742365955
lidar,1787204732745280457
esp32,1787204732842365918
lidar,1787204732844871154
esp32,1787204732942351480
lidar,1787204732944341865
esp32,1787204733042469478
lidar,1787204733043809986
esp32,1787204733142402068
lidar,1787204733143775648
esp32,1787204733242400949
lidar,1787204733243235808
esp32,1787204733342493222
lidar,1787204733343595685
esp32,1787204733442493924
lidar,1787204733443541072
esp32,1787204733542459079
lidar,1787204733543442619
esp32,1787204733642487259
lidar,1787204733643642757
esp32,1787204733742411016
lidar,1787204733743970277
esp32,1787204733842500425
lidar,1787204733843927176
esp32,1787204733942502527
lidar,1787204733944755152
esp32,1787204734042173822
lidar,1787204734045095611
esp32,1787204734142370874
lidar,1787204734145551280
esp32,1787204734242380616
lidar,1787204734246029890
esp32,1787204734341910054
lidar,1787204734345947827
esp32,1787204734442061474
lidar,1787204734446228268
esp32,1787204734542352781
lidar,1787204734546033431
esp32,1787204734642195003
lidar,1787204734645688415
esp32,1787204734742552137
lidar,1787204734745622132
esp32,1787204734842464418
lidar,1787204734845480089
esp32,1787204734942250638
lidar,1787204734945159707
esp32,1787204735042407717
lidar,1787204735044479011
esp32,1787204735142372542
lidar,1787204735144275074
esp32,1787204735242164557
lidar,1787204735243422013
esp32,1787204735342321122
lidar,1787204735343217379
esp32,1787204735442336959
lidar,1787204735443428883
esp32,1787204735542272432
lidar,1787204735543321606
esp32,1787204735642318900
lidar,1787204735643332731
esp32,1787204735742318389
lidar,1787204735743297500
lidar,1787204735842098343
esp32,1787204735843073461
lidar,1787204735942023457
esp32,1787204735943033009
lidar,1787204736042318060
esp32,1787204736043377522
esp32,1787204736142245076
lidar,1787204736143059558
esp32,1787204736242145829
lidar,1787204736242713083
esp32,1787204736342258037
lidar,1787204736343209486
esp32,1787204736442245154
lidar,1787204736443154155
esp32,1787204736542308211
lidar,1787204736543313649
esp32,1787204736642159655
lidar,1787204736642983720
esp32,1787204736742274193
lidar,1787204736743686708
esp32,1787204736842385320
lidar,1787204736844015845
esp32,1787204736942297614
lidar,1787204736943684387
esp32,1787204737042257376
lidar,1787204737043828389
esp32,1787204737142242537
lidar,1787204737143428463
esp32,1787204737242313076
lidar,1787204737243162671
esp32,1787204737342485038
lidar,1787204737343206075
esp32,1787204737442256870
lidar,1787204737443307259
esp32,1787204737542415909
lidar,1787204737543137768
esp32,1787204737642211123
lidar,1787204737642920976
lidar,1787204737741934082
esp32,1787204737742880650
lidar,1787204737841534869
esp32,1787204737842435464
lidar,1787204737941241086
esp32,1787204737942406849
lidar,1787204738041166367
esp32,1787204738042365081
lidar,1787204738140801760
esp32,1787204738142322705
lidar,1787204738240325569
esp32,1787204738242153779
lidar,1787204738340316106
esp32,1787204738342166312
lidar,1787204738439542184
esp32,1787204738441882609
lidar,1787204738539246521
esp32,1787204738541979715
lidar,1787204738639716214
esp32,1787204738641558720
lidar,1787204738740500517
esp32,1787204738742014816
lidar,1787204738840445111
esp32,1787204738842253118
lidar,1787204738940768183
esp32,1787204738942010713
lidar,1787204739041312412
esp32,1787204739042299851
lidar,1787204739141452928
esp32,1787204739142579562
lidar,1787204739241841170
esp32,1787204739242900535
esp32,1787204739342499580
lidar,1787204739343377878
esp32,1787204739442089939
lidar,1787204739443101905
esp32,1787204739542417335
lidar,1787204739543481432
esp32,1787204739642299084
lidar,1787204739643310149
esp32,1787204739742233020
lidar,1787204739743303249
esp32,1787204739842053608
lidar,1787204739843151112
lidar,1787204739942161424
esp32,1787204739943412351
lidar,1787204740041319526
esp32,1787204740041665046
lidar,1787204740140010464
esp32,1787204740141420609
lidar,1787204740238715855
esp32,1787204740241282997
lidar,1787204740337789738
esp32,1787204740341889616
lidar,1787204740436616726
esp32,1787204740441236948
lidar,1787204740535482268
esp32,1787204740541989988
lidar,1787204740634308669
esp32,1787204740641964539
lidar,1787204740733475842
esp32,1787204740742030448
lidar,1787204740831879108
esp32,1787204740842066691
lidar,1787204740930975559
esp32,1787204740942160508
lidar,1787204741030324783
esp32,1787204741042106764
lidar,1787204741129805060
esp32,1787204741142019391
lidar,1787204741229264658
esp32,1787204741242114534
lidar,1787204741328846085
esp32,1787204741341995248
lidar,1787204741428749541
esp32,1787204741442025346
lidar,1787204741527828156
esp32,1787204741542021716
lidar,1787204741627772976
esp32,1787204741642023521
lidar,1787204741727076176
esp32,1787204741742038507
lidar,1787204741826842168
esp32,1787204741842021195
lidar,1787204741926438990
esp32,1787204741942101726
lidar,1787204742026041909
esp32,1787204742042049873
lidar,1787204742125903794
esp32,1787204742141983984
lidar,1787204742226411950
esp32,1787204742242037980
lidar,1787204742326396142
esp32,1787204742341946610
lidar,1787204742426728703
esp32,1787204742441274198
lidar,1787204742526699569
esp32,1787204742542018944
lidar,1787204742627094306
esp32,1787204742642033809
lidar,1787204742727543112
esp32,1787204742742072913
lidar,1787204742827508865
esp32,1787204742842354897
lidar,1787204742927662078
esp32,1787204742942015813
lidar,1787204743027703341
esp32,1787204743042450241
lidar,1787204743127429046
esp32,1787204743142481650
lidar,1787204743227551142
esp32,1787204743242403589
lidar,1787204743327234804
esp32,1787204743342503644
lidar,1787204743427067109
esp32,1787204743442220611
lidar,1787204743526579043
esp32,1787204743542401445
lidar,1787204743626542444
esp32,1787204743642512128
lidar,1787204743725704473
esp32,1787204743742395987
lidar,1787204743825867414
esp32,1787204743842373175
lidar,1787204743925494138
esp32,1787204743942509802
lidar,1787204744025149581
esp32,1787204744042451771
lidar,1787204744124936109
esp32,1787204744142321703
lidar,1787204744224270861
esp32,1787204744242454130
lidar,1787204744323812007
esp32,1787204744342355069
lidar,1787204744423490266
esp32,1787204744442341907
lidar,1787204744523477662
esp32,1787204744542283970
lidar,1787204744624139017
esp32,1787204744642419135
lidar,1787204744724344135
esp32,1787204744742417264
lidar,1787204744824156601
esp32,1787204744842422075
lidar,1787204744924747991
esp32,1787204744942495967
lidar,1787204745024813492
esp32,1787204745042419187
lidar,1787204745124829666
esp32,1787204745142473681
lidar,1787204745224855237
esp32,1787204745242468780
lidar,1787204745325028043
esp32,1787204745342474811
lidar,1787204745424780684
esp32,1787204745442348746
lidar,1787204745524073716
esp32,1787204745542396937
lidar,1787204745624027160
esp32,1787204745642546411
lidar,1787204745723484069
esp32,1787204745742424382
lidar,1787204745823172604
esp32,1787204745842059840
lidar,1787204745923047791
esp32,1787204745942605259
lidar,1787204746022735277
esp32,1787204746042570769
lidar,1787204746122640429
esp32,1787204746142577945
lidar,1787204746222193467
esp32,1787204746242445095
lidar,1787204746322157926
esp32,1787204746342577831
lidar,1787204746422066177
esp32,1787204746442504589
lidar,1787204746521923550
esp32,1787204746542341611
lidar,1787204746622236347
esp32,1787204746642515166
lidar,1787204746722565264
esp32,1787204746742477633
lidar,1787204746822524889
esp32,1787204746842479104
lidar,1787204746922727583
esp32,1787204746942446268
lidar,1787204747022842030
esp32,1787204747042475800
lidar,1787204747122704798
esp32,1787204747142574989
lidar,1787204747222636977
esp32,1787204747242448416
lidar,1787204747322344963
esp32,1787204747342437542
lidar,1787204747422327687
esp32,1787204747442465206
lidar,1787204747521798045
esp32,1787204747542433409
lidar,1787204747621663501
esp32,1787204747642476819
lidar,1787204747721364571
esp32,1787204747742456281
lidar,1787204747821124432
esp32,1787204747842482660
lidar,1787204747920591380
esp32,1787204747942379918
lidar,1787204748020544873
esp32,1787204748042392036
lidar,1787204748120492370
esp32,1787204748142367248
lidar,1787204748219693516
esp32,1787204748242446275
lidar,1787204748319201960
esp32,1787204748342445634
lidar,1787204748419454851
esp32,1787204748442485901
lidar,1787204748518933129
esp32,1787204748542143618
lidar,1787204748619404067
esp32,1787204748642457643
lidar,1787204748719675352
esp32,1787204748742429124
lidar,1787204748819780749
esp32,1787204748842534907
lidar,1787204748920030443
esp32,1787204748942371341
lidar,1787204749020339727
esp32,1787204749042392632
lidar,1787204749120714067
esp32,1787204749142384825
lidar,1787204749220988024
esp32,1787204749242351130
lidar,1787204749321420762
esp32,1787204749342384145
lidar,1787204749421619027
esp32,1787204749442485652
lidar,1787204749521499887
esp32,1787204749541901187
lidar,1787204749621360558
esp32,1787204749642390356
lidar,1787204749721311835
esp32,1787204749742424487
lidar,1787204749821114118
esp32,1787204749842449489
lidar,1787204749920663901
esp32,1787204749942404149
lidar,1787204750019703392
esp32,1787204750041394513
lidar,1787204750119077261
esp32,1787204750141472368
lidar,1787204750218727900
esp32,1787204750241501819
lidar,1787204750318311944
esp32,1787204750341871657
lidar,1787204750418137497
esp32,1787204750442226531
lidar,1787204750517885979
esp32,1787204750541825128
lidar,1787204750617295705
esp32,1787204750642192081
lidar,1787204750717167998
esp32,1787204750742109421
lidar,1787204750817654144
esp32,1787204750842252833
lidar,1787204750917828594
esp32,1787204750942190862
lidar,1787204751018108046
esp32,1787204751042359109
lidar,1787204751117842198
esp32,1787204751142303307
lidar,1787204751218370278
esp32,1787204751242326193
lidar,1787204751319199179
esp32,1787204751342318589
lidar,1787204751419093870
esp32,1787204751442339308
lidar,1787204751519059700
esp32,1787204751542314143
lidar,1787204751619559373
esp32,1787204751642340169
lidar,1787204751719735569
esp32,1787204751742300009
lidar,1787204751819229111
esp32,1787204751842322111
lidar,1787204751919543748
esp32,1787204751942302864
lidar,1787204752018854247
esp32,1787204752042233088
lidar,1787204752118267561
esp32,1787204752142461595
lidar,1787204752218036677
esp32,1787204752242356934
lidar,1787204752317824689
esp32,1787204752342445215
lidar,1787204752417305719
esp32,1787204752442402130
lidar,1787204752516953771
esp32,1787204752542333077
lidar,1787204752616449724
esp32,1787204752642290990
lidar,1787204752716028127
esp32,1787204752742329353
lidar,1787204752815525930
esp32,1787204752842334429
lidar,1787204752915757588
esp32,1787204752942277366
lidar,1787204753015660280
esp32,1787204753042346114
lidar,1787204753116241952
esp32,1787204753142397307
lidar,1787204753215818030
esp32,1787204753242353267
lidar,1787204753316544315
esp32,1787204753342354080
lidar,1787204753416366517
esp32,1787204753442350816
lidar,1787204753517073720
esp32,1787204753542411858
lidar,1787204753617239475
esp32,1787204753642431643
lidar,1787204753717361547
esp32,1787204753742386903
lidar,1787204753817639241
esp32,1787204753842496061
lidar,1787204753918109134
esp32,1787204753942519411
lidar,1787204754017857085
esp32,1787204754042436597
lidar,1787204754117822640
esp32,1787204754142506958
lidar,1787204754217058401
esp32,1787204754242419861
lidar,1787204754317120791
esp32,1787204754342447991
lidar,1787204754416567223
esp32,1787204754442381940
lidar,1787204754515879711
esp32,1787204754542398089
lidar,1787204754614973660
esp32,1787204754642394104
lidar,1787204754714892811
esp32,1787204754742429389
lidar,1787204754814345753
esp32,1787204754842310161
lidar,1787204754913893058
esp32,1787204754942494081
lidar,1787204755013518885
esp32,1787204755042510049
lidar,1787204755113369371
esp32,1787204755142520654
lidar,1787204755213087119
esp32,1787204755242120788
lidar,1787204755313784092
esp32,1787204755342147956
lidar,1787204755414184206
esp32,1787204755442142023
lidar,1787204755514298028
esp32,1787204755542294615
lidar,1787204755614569799
esp32,1787204755642228647
lidar,1787204755715018450
esp32,1787204755742244774
lidar,1787204755815344123
esp32,1787204755842242657
lidar,1787204755915758744
esp32,1787204755942189569
lidar,1787204756016243826
esp32,1787204756042239967
lidar,1787204756116399448
esp32,1787204756142182914
lidar,1787204756216125623
esp32,1787204756242143452
lidar,1787204756315755851
esp32,1787204756342229358
lidar,1787204756415593561
esp32,1787204756442254297
lidar,1787204756515390537
esp32,1787204756541419060
lidar,1787204756614683446
esp32,1787204756641522247
lidar,1787204756714281682
esp32,1787204756742272046
lidar,1787204756813949640
esp32,1787204756842327970
lidar,1787204756913614370
esp32,1787204756942291328
lidar,1787204757013538216
esp32,1787204757042521579
lidar,1787204757112811287
esp32,1787204757142605682
lidar,1787204757212739031
esp32,1787204757242380468
lidar,1787204757313100783
esp32,1787204757342474121
lidar,1787204757413422481
esp32,1787204757442419600
lidar,1787204757513904375
esp32,1787204757542546697
lidar,1787204757614637298
esp32,1787204757641944180
lidar,1787204757714636547
esp32,1787204757741959088
lidar,1787204757814701622
esp32,1787204757842415279
lidar,1787204757914859869
esp32,1787204757942500358
lidar,1787204758014326080
esp32,1787204758042437513
lidar,1787204758114113033
esp32,1787204758142343852
lidar,1787204758213602851
esp32,1787204758242461135
lidar,1787204758313268052
esp32,1787204758342334171
lidar,1787204758412732321
esp32,1787204758442427521
lidar,1787204758512376192
esp32,1787204758542329445
lidar,1787204758612038387
esp32,1787204758641920876
lidar,1787204758711548709
esp32,1787204758742455225
lidar,1787204758811099305
esp32,1787204758842472185
lidar,1787204758910788093
esp32,1787204758942339476
lidar,1787204759010362165
esp32,1787204759042463567
lidar,1787204759110400044
esp32,1787204759142367846
lidar,1787204759210219940
esp32,1787204759242356154
lidar,1787204759309979449
esp32,1787204759342297840
lidar,1787204759410013004
esp32,1787204759441834839
lidar,1787204759509948032
esp32,1787204759542374109
lidar,1787204759610127377
esp32,1787204759642298368
lidar,1787204759710617599
esp32,1787204759741843589
lidar,1787204759810966337
esp32,1787204759842027071
lidar,1787204759911266073
esp32,1787204759942313401
lidar,1787204760010738748
esp32,1787204760041567205
lidar,1787204760110668011
esp32,1787204760141474050
lidar,1787204760209959097
esp32,1787204760241439218
lidar,1787204760309479104
esp32,1787204760342441377
lidar,1787204760409534479
esp32,1787204760441838616
lidar,1787204760509549935
esp32,1787204760542511018
lidar,1787204760608836140
esp32,1787204760642499971
lidar,1787204760708321665
esp32,1787204760742540333
lidar,1787204760808441233
esp32,1787204760842584766
lidar,1787204760908115689
esp32,1787204760942582628
lidar,1787204761008087018
esp32,1787204761042452759
lidar,1787204761108216359
esp32,1787204761142528130
lidar,1787204761208432381
esp32,1787204761242485176
lidar,1787204761309115952
esp32,1787204761341682040
lidar,1787204761409533724
esp32,1787204761442517195
lidar,1787204761509685021
esp32,1787204761542584002
lidar,1787204761609984959
esp32,1787204761642478688
lidar,1787204761710402138
esp32,1787204761742313849
lidar,1787204761811204521
esp32,1787204761842628655
lidar,1787204761911003797
esp32,1787204761942482826
lidar,1787204762010632767
esp32,1787204762041915416
lidar,1787204762110876436
esp32,1787204762142455634
lidar,1787204762210532651
esp32,1787204762242390701
lidar,1787204762310318273
esp32,1787204762342308787
lidar,1787204762409733725
esp32,1787204762442369041
lidar,1787204762509388681
esp32,1787204762542422344
lidar,1787204762608625061
esp32,1787204762642397261
lidar,1787204762707938163
esp32,1787204762742237087
lidar,1787204762807332427
esp32,1787204762842379712
lidar,1787204762906974918
esp32,1787204762942047200
lidar,1787204763006632889
esp32,1787204763042432878
lidar,1787204763105936141
esp32,1787204763142416603
lidar,1787204763205691462
esp32,1787204763242450012
lidar,1787204763305492475
esp32,1787204763342220802
lidar,1787204763405908408
esp32,1787204763442380472
lidar,1787204763505907223
esp32,1787204763542354044
lidar,1787204763605904694
esp32,1787204763642373531
lidar,1787204763706238350
esp32,1787204763742265499
lidar,1787204763806621141
esp32,1787204763842502572
lidar,1787204763906655732
esp32,1787204763942338151
lidar,1787204764007223041
esp32,1787204764042350028
lidar,1787204764107372322
esp32,1787204764142108274
lidar,1787204764207226416
esp32,1787204764242461667
lidar,1787204764306835860
esp32,1787204764342265662
lidar,1787204764406462617
esp32,1787204764442367404
lidar,1787204764505877734
esp32,1787204764542331132
lidar,1787204764605560360
esp32,1787204764641734531
lidar,1787204764704906795
esp32,1787204764742103420
lidar,1787204764804619790
esp32,1787204764842364833
lidar,1787204764904149499
esp32,1787204764942279859
lidar,1787204765003909742
esp32,1787204765042370125
lidar,1787204765103284468
esp32,1787204765141477396
lidar,1787204765203422171
esp32,1787204765242292993
lidar,1787204765303293927
esp32,1787204765342327603
lidar,1787204765402951296
esp32,1787204765442447199
lidar,1787204765502551493
esp32,1787204765542538169
lidar,1787204765602411001
esp32,1787204765642392962
lidar,1787204765701738146
esp32,1787204765742446164
lidar,1787204765801804776
esp32,1787204765842533624
lidar,1787204765901482411
esp32,1787204765942362366
lidar,1787204766001461038
esp32,1787204766042593014
lidar,1787204766101468217
esp32,1787204766142531308
lidar,1787204766201623339
esp32,1787204766242342688
lidar,1787204766301991483
esp32,1787204766342404982
lidar,1787204766402308586
esp32,1787204766442223214
lidar,1787204766502614155
esp32,1787204766542391803
lidar,1787204766602661841
esp32,1787204766642286776
lidar,1787204766703143504
esp32,1787204766742408451
lidar,1787204766802890162
esp32,1787204766842421946
lidar,1787204766902546413
esp32,1787204766942036321
lidar,1787204767002439230
esp32,1787204767042416198
lidar,1787204767102221322
esp32,1787204767142425277
lidar,1787204767201744381
esp32,1787204767242368249
lidar,1787204767301117067
esp32,1787204767342349993
lidar,1787204767401176560
esp32,1787204767442440844
lidar,1787204767500659717
esp32,1787204767541861939
lidar,1787204767600075986
esp32,1787204767642542624
lidar,1787204767699978555
esp32,1787204767742449339
lidar,1787204767799763443
esp32,1787204767842430075
lidar,1787204767899322795
esp32,1787204767942190639
lidar,1787204767998901124
esp32,1787204768042410015
lidar,1787204768098819431
esp32,1787204768142455070
lidar,1787204768199061308
esp32,1787204768242376834
lidar,1787204768299087865
esp32,1787204768342235404
lidar,1787204768399261524
esp32,1787204768442184399
lidar,1787204768499756997
esp32,1787204768542265678
lidar,1787204768599765005
esp32,1787204768642176521
lidar,1787204768700335200
esp32,1787204768742267527
lidar,1787204768799565772
esp32,1787204768842345386
lidar,1787204768900360592
esp32,1787204768942320684
lidar,1787204768999700311
esp32,1787204769042222815
lidar,1787204769099248211
esp32,1787204769142165382
lidar,1787204769198468864
esp32,1787204769242214805
lidar,1787204769298261258
esp32,1787204769342256622
lidar,1787204769397566133
esp32,1787204769442253976
lidar,1787204769497226684
esp32,1787204769542337133
lidar,1787204769597567597
esp32,1787204769642257302
lidar,1787204769697532564
esp32,1787204769742187590
lidar,1787204769797580815
esp32,1787204769842366536
lidar,1787204769897698395
esp32,1787204769942520172
lidar,1787204769997537472
esp32,1787204770041369201
lidar,1787204770097896494
esp32,1787204770141437243
lidar,1787204770197790063
esp32,1787204770241595978
lidar,1787204770298146369
esp32,1787204770342183311
lidar,1787204770399198087
esp32,1787204770442433633
lidar,1787204770499363430
esp32,1787204770542516353
lidar,1787204770599335149
esp32,1787204770642451568
lidar,1787204770699157455
esp32,1787204770742311344
lidar,1787204770798559497
esp32,1787204770842111209
lidar,1787204770898513909
esp32,1787204770942418406
lidar,1787204770998107306
esp32,1787204771042209798
lidar,1787204771097602879
esp32,1787204771142313960
lidar,1787204771197326806
esp32,1787204771242400605
lidar,1787204771297053318
esp32,1787204771342299444
lidar,1787204771396609164
esp32,1787204771442353369
lidar,1787204771496163682
esp32,1787204771542316858
lidar,1787204771595672636
esp32,1787204771642371565
lidar,1787204771695375020
esp32,1787204771742371054
lidar,1787204771794891708
esp32,1787204771842439857
lidar,1787204771894571388
esp32,1787204771942441919
lidar,1787204771994381334
esp32,1787204772042396075
lidar,1787204772094694760
esp32,1787204772142394203
lidar,1787204772194652705
esp32,1787204772242400340
lidar,1787204772294437822
esp32,1787204772341715340
lidar,1787204772394462210
esp32,1787204772441782065
lidar,1787204772495063838
esp32,1787204772542393529
lidar,1787204772594879655
esp32,1787204772642367683
lidar,1787204772695063198
esp32,1787204772742578974
lidar,1787204772795435340
esp32,1787204772842331795
lidar,1787204772895575123
esp32,1787204772942566252
lidar,1787204772995858989
esp32,1787204773042474745
lidar,1787204773096161290
esp32,1787204773142501553
lidar,1787204773196047915
esp32,1787204773242362326
lidar,1787204773295774402
esp32,1787204773342348827
lidar,1787204773395327330
esp32,1787204773442336135
lidar,1787204773495279845
esp32,1787204773542300863
lidar,1787204773594786859
esp32,1787204773642263303
lidar,1787204773694952824
esp32,1787204773742325837
lidar,1787204773794910889
esp32,1787204773842458198
lidar,1787204773894381482
esp32,1787204773942516089
lidar,1787204773993978941
esp32,1787204774042309602
lidar,1787204774093632521
esp32,1787204774142405431
lidar,1787204774193299634
esp32,1787204774242412671
lidar,1787204774292801910
esp32,1787204774342426745
lidar,1787204774392650819
esp32,1787204774442275296
lidar,1787204774492497818
esp32,1787204774542481975
lidar,1787204774593004307
esp32,1787204774642430865
lidar,1787204774693033776
esp32,1787204774742423486
lidar,1787204774793465901
esp32,1787204774842328600
lidar,1787204774893991577
esp32,1787204774942298977
lidar,1787204774994136516
esp32,1787204775042443054
lidar,1787204775094415687
esp32,1787204775141804691
lidar,1787204775194506905
esp32,1787204775242269800
lidar,1787204775294484065
esp32,1787204775342376903
lidar,1787204775394052926
esp32,1787204775442351977
lidar,1787204775493775715
esp32,1787204775542569185
lidar,1787204775594048029
esp32,1787204775642338878
lidar,1787204775693461228
esp32,1787204775742453613
lidar,1787204775792891234
esp32,1787204775842570831
lidar,1787204775892559053
esp32,1787204775942416083
lidar,1787204775992391238
esp32,1787204776042339007
lidar,1787204776091811232
esp32,1787204776142508289
lidar,1787204776191031825
esp32,1787204776242416525
lidar,1787204776290619911
esp32,1787204776342053044
lidar,1787204776390597256
esp32,1787204776442033028
lidar,1787204776490846192
esp32,1787204776542543401
lidar,1787204776591235229
esp32,1787204776642526726
lidar,1787204776691323703
esp32,1787204776742481702
lidar,1787204776792032281
esp32,1787204776842531233
lidar,1787204776891619854
esp32,1787204776942542344
lidar,1787204776992191054
esp32,1787204777042503005
lidar,1787204777092733130
esp32,1787204777142354091
lidar,1787204777193053331
esp32,1787204777242323352
lidar,1787204777293740608
esp32,1787204777342368267
lidar,1787204777393466273
esp32,1787204777441862262
lidar,1787204777493298229
esp32,1787204777542374650
lidar,1787204777592929899
esp32,1787204777642041857
lidar,1787204777692428529
esp32,1787204777742320961
lidar,1787204777792300909
esp32,1787204777842430847
lidar,1787204777891648852
esp32,1787204777942393109
lidar,1787204777991295171
esp32,1787204778042316779
lidar,1787204778090936795
esp32,1787204778142298161
lidar,1787204778190421569
esp32,1787204778241869699
lidar,1787204778289707871
esp32,1787204778342285711
lidar,1787204778389519766
esp32,1787204778441994081
lidar,1787204778489364117
esp32,1787204778542337229
lidar,1787204778589822511
esp32,1787204778642279905
lidar,1787204778690172757
esp32,1787204778742389019
lidar,1787204778790345343
esp32,1787204778842278934
lidar,1787204778890601168
esp32,1787204778941934479
lidar,1787204778991323225
esp32,1787204779042264838
lidar,1787204779091616579
esp32,1787204779142276652
lidar,1787204779192271851
esp32,1787204779241891091
lidar,1787204779292274587
esp32,1787204779342110947
lidar,1787204779392235027
lidar,1787204779492039195
lidar,1787204779591580387
esp32,1787204779642131928
esp32,1787204779642844911
esp32,1787204779643264293
lidar,1787204779691162279
esp32,1787204779742304167
lidar,1787204779791081277
esp32,1787204779841546817
lidar,1787204779890583706
esp32,1787204779942045220
lidar,1787204779990235803
esp32,1787204780041371189
lidar,1787204780089851384
esp32,1787204780141449469
lidar,1787204780189818437
esp32,1787204780241549304
lidar,1787204780289102784
esp32,1787204780342216268
lidar,1787204780389357577
esp32,1787204780442217188
lidar,1787204780488852500
esp32,1787204780542317227
lidar,1787204780588476474
esp32,1787204780642374620
lidar,1787204780688116949
esp32,1787204780742262287
lidar,1787204780788161398
esp32,1787204780842402869
lidar,1787204780888280743
esp32,1787204780942510191
lidar,1787204780988480727
esp32,1787204781042499375
lidar,1787204781088606147
esp32,1787204781142480142
lidar,1787204781188729708
esp32,1787204781242389256
lidar,1787204781288504691
esp32,1787204781342278619
lidar,1787204781389187095
esp32,1787204781441993713
lidar,1787204781489375437
esp32,1787204781541995452
lidar,1787204781589557648
esp32,1787204781642554071
lidar,1787204781689524793
esp32,1787204781742313746
lidar,1787204781789450411
esp32,1787204781842470896
lidar,1787204781889435166
esp32,1787204781942446638
lidar,1787204781988893188
esp32,1787204782042177084
lidar,1787204782088524631
esp32,1787204782142408605
lidar,1787204782187953040
esp32,1787204782242442337
lidar,1787204782287631685
esp32,1787204782342275136
lidar,1787204782387230423
esp32,1787204782442317334
lidar,1787204782486733139
esp32,1787204782542303487
lidar,1787204782586362172
esp32,1787204782642271288
lidar,1787204782686054807
esp32,1787204782742149424
lidar,1787204782785775849
esp32,1787204782842287048
lidar,1787204782885610913
esp32,1787204782942294021
lidar,1787204782985636975
esp32,1787204783042185373
lidar,1787204783086088780
esp32,1787204783142271472
lidar,1787204783186147274
esp32,1787204783242335183
lidar,1787204783286540648
esp32,1787204783342149581
lidar,1787204783386715851
esp32,1787204783442276943
lidar,1787204783487040739
esp32,1787204783542251733
lidar,1787204783587221698
esp32,1787204783642245856
lidar,1787204783687604032
esp32,1787204783742213488
lidar,1787204783787732401
esp32,1787204783842473323
lidar,1787204783887907660
esp32,1787204783942456419
lidar,1787204783987793815
esp32,1787204784042399522
lidar,1787204784087748689
esp32,1787204784142423604
lidar,1787204784187088652
esp32,1787204784242397451
lidar,1787204784286772315
esp32,1787204784342438486
lidar,1787204784386384404
esp32,1787204784442569178
lidar,1787204784485651534
esp32,1787204784542285232
lidar,1787204784585358042
esp32,1787204784642420237
lidar,1787204784684890903
esp32,1787204784742402544
lidar,1787204784784436696
esp32,1787204784842350413
lidar,1787204784884313437
esp32,1787204784942363455
esp32,1787204785042274570
lidar,1787204785084358712
esp32,1787204785142325398
lidar,1787204785184134422
esp32,1787204785242348172
lidar,1787204785284231859
esp32,1787204785342455301
lidar,1787204785384411218
esp32,1787204785442224120
lidar,1787204785484615269
esp32,1787204785542391801
lidar,1787204785584711492
esp32,1787204785642435665
lidar,1787204785685126706
esp32,1787204785742450170
lidar,1787204785785251827
esp32,1787204785842450903
lidar,1787204785885520703
esp32,1787204785942455439
lidar,1787204785985141472
esp32,1787204786042385124
lidar,1787204786084739924
esp32,1787204786142406308
lidar,1787204786184301180
esp32,1787204786242342249
lidar,1787204786284169361
esp32,1787204786342396980
lidar,1787204786383355465
esp32,1787204786442266220
lidar,1787204786483383888
esp32,1787204786542274211
lidar,1787204786582541719
esp32,1787204786642473420
lidar,1787204786682421725
esp32,1787204786742454883
lidar,1787204786781994326
esp32,1787204786862569644
lidar,1787204786881799837
esp32,1787204786942591444
lidar,1787204786981693079
esp32,1787204787042230158
lidar,1787204787081712480
esp32,1787204787142305777
lidar,1787204787182426167
esp32,1787204787242462156
lidar,1787204787282120874
esp32,1787204787342302061
lidar,1787204787382294532
esp32,1787204787442029498
lidar,1787204787482655071
esp32,1787204787542632680
lidar,1787204787582764796
esp32,1787204787642310771
lidar,1787204787683004877
esp32,1787204787742452735
lidar,1787204787782971529
esp32,1787204787842451576
lidar,1787204787882859052
esp32,1787204787942396175
lidar,1787204787982176324
esp32,1787204788042387703
lidar,1787204788082176296
esp32,1787204788142359186
lidar,1787204788181911433
esp32,1787204788242357303
lidar,1787204788281479623
esp32,1787204788342437237
lidar,1787204788381131293
esp32,1787204788442535616
lidar,1787204788480973465
esp32,1787204788542154479
lidar,1787204788580579367
esp32,1787204788642303706
lidar,1787204788680405030
esp32,1787204788742227514
lidar,1787204788779951072
esp32,1787204788842506376
lidar,1787204788879404363
esp32,1787204788942341792
lidar,1787204788978917426
esp32,1787204789042296271
lidar,1787204789078176827
esp32,1787204789142362585
lidar,1787204789178427651
esp32,1787204789242283144
lidar,1787204789278309480
esp32,1787204789342490123
lidar,1787204789378072650
esp32,1787204789442408475
lidar,1787204789477718804
esp32,1787204789542272853
lidar,1787204789578114837
esp32,1787204789642280815
lidar,1787204789678229101
esp32,1787204789742301488
lidar,1787204789778462003
esp32,1787204789842416962
lidar,1787204789878611781
esp32,1787204789942294735
lidar,1787204789979017420
esp32,1787204790041415395
lidar,1787204790078931456
esp32,1787204790141490081
lidar,1787204790179006966
esp32,1787204790241626218
lidar,1787204790278936411
esp32,1787204790342357381
lidar,1787204790379915365
esp32,1787204790442450316
lidar,1787204790480223672
esp32,1787204790542387035
lidar,1787204790579811579
esp32,1787204790642348606
lidar,1787204790679821976
esp32,1787204790742378753
lidar,1787204790779172627
esp32,1787204790841594820
lidar,1787204790879023627
esp32,1787204790942306125
lidar,1787204790978291232
esp32,1787204791042275346
lidar,1787204791078063209
esp32,1787204791142282018
lidar,1787204791177493304
esp32,1787204791242262576
lidar,1787204791277025777
esp32,1787204791342184099
lidar,1787204791376663865
esp32,1787204791442399791
lidar,1787204791476133914
esp32,1787204791542295537
lidar,1787204791575757131
esp32,1787204791642313788
lidar,1787204791675246738
esp32,1787204791742407273
lidar,1787204791775018948
esp32,1787204791842340519
lidar,1787204791875335745
esp32,1787204791941952369
lidar,1787204791975122986
esp32,1787204792041784576
lidar,1787204792075545198
esp32,1787204792142373703
lidar,1787204792175736750
esp32,1787204792242264402
lidar,1787204792275936628
esp32,1787204792342393127
lidar,1787204792376359360
esp32,1787204792442266578
lidar,1787204792476310836
esp32,1787204792542457696
lidar,1787204792576579404
esp32,1787204792642366385
lidar,1787204792676464899
esp32,1787204792742445018
lidar,1787204792776214085
esp32,1787204792842410499
lidar,1787204792875955326
esp32,1787204792942389204
lidar,1787204792975660682
esp32,1787204793042096167
lidar,1787204793075157956
esp32,1787204793141446207
lidar,1787204793174538504
esp32,1787204793242405340
lidar,1787204793274064098
esp32,1787204793342300839
lidar,1787204793373684428
esp32,1787204793441979747
lidar,1787204793473229842
esp32,1787204793542349473
lidar,1787204793572780896
esp32,1787204793642302445
lidar,1787204793672294402
esp32,1787204793742314396
lidar,1787204793772591991
esp32,1787204793842168308
lidar,1787204793872431191
esp32,1787204793942192507
lidar,1787204793972875726
esp32,1787204794041991983
lidar,1787204794072835015
esp32,1787204794142214669
lidar,1787204794173110642
esp32,1787204794241992120
lidar,1787204794273535345
esp32,1787204794342373165
lidar,1787204794373778590
esp32,1787204794442017867
lidar,1787204794473833339
esp32,1787204794542331388
lidar,1787204794574399277
esp32,1787204794642198364
lidar,1787204794673916209
esp32,1787204794742212642
lidar,1787204794773598319
esp32,1787204794842079504
lidar,1787204794873174668
esp32,1787204794942091538
lidar,1787204794972677190
esp32,1787204795042170096
lidar,1787204795071992368
esp32,1787204795142205247
lidar,1787204795171376578
esp32,1787204795242121150
lidar,1787204795271087994
esp32,1787204795342545504
lidar,1787204795370853234
esp32,1787204795442222802
lidar,1787204795470508316
esp32,1787204795542377239
lidar,1787204795570945688
esp32,1787204795642265982
lidar,1787204795671069926
esp32,1787204795742398414
lidar,1787204795771669092
esp32,1787204795842162069
lidar,1787204795871564555
esp32,1787204795942309454
lidar,1787204795971750263
esp32,1787204796042293012
lidar,1787204796072296322
esp32,1787204796162254115
lidar,1787204796172091246
esp32,1787204796242193544
lidar,1787204796272317967
esp32,1787204796342247016
lidar,1787204796372268346
esp32,1787204796442267726
lidar,1787204796471591739
esp32,1787204796542272004
lidar,1787204796571204143
esp32,1787204796642154393
lidar,1787204796670583460
esp32,1787204796742072187
lidar,1787204796770334953
esp32,1787204796842327431
lidar,1787204796869700820
esp32,1787204796942461204
lidar,1787204796969181108
esp32,1787204797042466281
lidar,1787204797069029635
esp32,1787204797142449459
lidar,1787204797168059104
esp32,1787204797242336645
lidar,1787204797268548177
esp32,1787204797342348432
lidar,1787204797368552020
esp32,1787204797442317498
lidar,1787204797468801024
esp32,1787204797542321456
lidar,1787204797569341137
esp32,1787204797642292245
lidar,1787204797669214378
esp32,1787204797742233792
lidar,1787204797769960291
esp32,1787204797842578848
lidar,1787204797869563889
esp32,1787204797942545602
lidar,1787204797970176546
esp32,1787204798042401053
lidar,1787204798070445693
esp32,1787204798142380705
lidar,1787204798170443236
esp32,1787204798242372006
lidar,1787204798270480547
esp32,1787204798342385816
lidar,1787204798369984320
esp32,1787204798442301386
lidar,1787204798469386943
esp32,1787204798542284681
lidar,1787204798569206519
esp32,1787204798642437220
lidar,1787204798669289512
esp32,1787204798742265726
lidar,1787204798768247104
esp32,1787204798842420034
lidar,1787204798868145387
esp32,1787204798942403860
lidar,1787204798967664163
esp32,1787204799042279867
lidar,1787204799067174860
esp32,1787204799142339847
lidar,1787204799167294080
esp32,1787204799242340157
lidar,1787204799267653957
esp32,1787204799342421502
lidar,1787204799368083964
esp32,1787204799442409852
lidar,1787204799468306992
esp32,1787204799542308609
lidar,1787204799568479535
esp32,1787204799642382042
lidar,1787204799668839229
esp32,1787204799742140453
lidar,1787204799768974939
esp32,1787204799842293137
lidar,1787204799869207356
esp32,1787204799942261376
lidar,1787204799969078870
esp32,1787204800041472238
lidar,1787204800068608920
esp32,1787204800141484197
lidar,1787204800168866936
esp32,1787204800241561696
lidar,1787204800268386121
esp32,1787204800342364443
lidar,1787204800368721476
esp32,1787204800442327026
lidar,1787204800468503924
esp32,1787204800542523814
lidar,1787204800568194058
esp32,1787204800642292794
lidar,1787204800668307324
esp32,1787204800742256167
lidar,1787204800767148947
esp32,1787204800842365109
lidar,1787204800867236335
esp32,1787204800942329014
lidar,1787204800966858169
esp32,1787204801042349573
lidar,1787204801066631044
esp32,1787204801142445229
lidar,1787204801166425181
esp32,1787204801241380459
lidar,1787204801265852727
esp32,1787204801342422734
lidar,1787204801365714517
esp32,1787204801442403555
lidar,1787204801465648760
esp32,1787204801542422904
lidar,1787204801565388525
esp32,1787204801642430944
lidar,1787204801665502829
esp32,1787204801742084317
lidar,1787204801764626744
esp32,1787204801842551889
lidar,1787204801864727459
esp32,1787204801942518259
lidar,1787204801965021409
esp32,1787204802042454351
lidar,1787204802065570221
esp32,1787204802142458308
lidar,1787204802165344228
esp32,1787204802242309762
lidar,1787204802266035335
esp32,1787204802342529479
lidar,1787204802366203986
esp32,1787204802442301334
lidar,1787204802466080224
esp32,1787204802542476034
lidar,1787204802565820628
esp32,1787204802642293950
lidar,1787204802665588925
esp32,1787204802742104825
lidar,1787204802765007912
esp32,1787204802842184383
lidar,1787204802864911474
esp32,1787204802942411107
lidar,1787204802964699355
esp32,1787204803042419804
lidar,1787204803064210517
esp32,1787204803142315130
lidar,1787204803163528085
esp32,1787204803242383276
lidar,1787204803262928868
esp32,1787204803342393357
lidar,1787204803362437098
esp32,1787204803442452805
lidar,1787204803462048173
esp32,1787204803542393590
lidar,1787204803562223793
esp32,1787204803642303363
lidar,1787204803662427163
esp32,1787204803742205538
lidar,1787204803762489836
esp32,1787204803842265030
lidar,1787204803862737904
esp32,1787204803942347519
lidar,1787204803963295966
esp32,1787204804042441200
lidar,1787204804063712959
esp32,1787204804142227536
lidar,1787204804163742109
esp32,1787204804242214549
lidar,1787204804263799989
esp32,1787204804342455792
lidar,1787204804363313311
esp32,1787204804442324094
lidar,1787204804463459300
esp32,1787204804542353627
lidar,1787204804562875194
esp32,1787204804642400014
lidar,1787204804662403489
esp32,1787204804742227651
lidar,1787204804761788473
esp32,1787204804842277730
lidar,1787204804861209526
esp32,1787204804942383926
lidar,1787204804961134859
esp32,1787204805042347469
lidar,1787204805060596305
esp32,1787204805142179923
lidar,1787204805160270589
esp32,1787204805242188343
lidar,1787204805259667621
esp32,1787204805342152151
lidar,1787204805359843310
esp32,1787204805442325605
lidar,1787204805459863185
esp32,1787204805542397756
lidar,1787204805559784203
esp32,1787204805641772003
lidar,1787204805659818421
esp32,1787204805742296197
lidar,1787204805760053996
esp32,1787204805842402473
lidar,1787204805860242074
esp32,1787204805942294058
lidar,1787204805960629690
esp32,1787204806041798154
lidar,1787204806060938479
esp32,1787204806142266857
lidar,1787204806160521969
esp32,1787204806242401769
lidar,1787204806261057221
esp32,1787204806342312766
lidar,1787204806360765115
esp32,1787204806442350546
lidar,1787204806461239643
esp32,1787204806542361053
lidar,1787204806560694787
esp32,1787204806642130874
lidar,1787204806660154301
esp32,1787204806742754016
lidar,1787204806760202872
esp32,1787204806842480718
lidar,1787204806859797896
esp32,1787204806942448673
lidar,1787204806958806548
esp32,1787204807042242526
lidar,1787204807058290839
esp32,1787204807142192143
lidar,1787204807157954752
esp32,1787204807242485596
lidar,1787204807257438863
esp32,1787204807342433774
lidar,1787204807357113412
esp32,1787204807442446681
lidar,1787204807457010443
esp32,1787204807542431601
lidar,1787204807557045953
esp32,1787204807642429496
lidar,1787204807657141153
esp32,1787204807742344374
lidar,1787204807757132438
esp32,1787204807842371068
lidar,1787204807857648177
esp32,1787204807942304989
lidar,1787204807958100759
esp32,1787204808042356776
lidar,1787204808058494114
esp32,1787204808142405454
lidar,1787204808158806207
esp32,1787204808242217517
lidar,1787204808259316004
esp32,1787204808342304215
lidar,1787204808358946247
esp32,1787204808442200302
lidar,1787204808458660560
esp32,1787204808542184627
lidar,1787204808558338957
esp32,1787204808642198169
lidar,1787204808658126861
esp32,1787204808742350889
lidar,1787204808757247598
esp32,1787204808842192794
lidar,1787204808857400039
esp32,1787204808942022187
lidar,1787204808956840428
esp32,1787204809042195152
lidar,1787204809056368805
esp32,1787204809142281054
lidar,1787204809155882590
esp32,1787204809242073552
lidar,1787204809255282445
esp32,1787204809341391067
lidar,1787204809354766983
esp32,1787204809442299708
lidar,1787204809454665361
esp32,1787204809542355125
lidar,1787204809554684097
esp32,1787204809642372436
lidar,1787204809654630952
esp32,1787204809742305794
lidar,1787204809754489945
esp32,1787204809842468813
lidar,1787204809855094293
esp32,1787204809942479335
lidar,1787204809954875786
esp32,1787204810041491876
lidar,1787204810055172645
esp32,1787204810141387103
lidar,1787204810155181538
esp32,1787204810241482907
lidar,1787204810255139053
esp32,1787204810342512513
lidar,1787204810356040150
esp32,1787204810442468640
lidar,1787204810456028510
esp32,1787204810542420377
lidar,1787204810556515470
esp32,1787204810642336582
lidar,1787204810656498052
esp32,1787204810742453311
lidar,1787204810756270046
esp32,1787204810842301395
lidar,1787204810856257555
esp32,1787204810942461401
lidar,1787204810955985264
esp32,1787204811042371119
lidar,1787204811055985376
esp32,1787204811142382432
lidar,1787204811155445612
esp32,1787204811242362396
lidar,1787204811254888926
esp32,1787204811342366781
lidar,1787204811354661154
esp32,1787204811442444026
lidar,1787204811454602651
esp32,1787204811542436335
lidar,1787204811554247336
esp32,1787204811642375737
lidar,1787204811654198395
esp32,1787204811742316907
lidar,1787204811754079588
esp32,1787204811842353672
lidar,1787204811853966743
esp32,1787204811942337313
lidar,1787204811953957772
esp32,1787204812042421324
lidar,1787204812054520526
esp32,1787204812142457398
lidar,1787204812154625943
esp32,1787204812242336879
lidar,1787204812254578694
esp32,1787204812342420467
lidar,1787204812355023006
esp32,1787204812442492093
lidar,1787204812455071920
esp32,1787204812542429941
lidar,1787204812555925464
esp32,1787204812642434876
lidar,1787204812655964135
esp32,1787204812742445151
lidar,1787204812755838804
esp32,1787204812842394237
lidar,1787204812856463299
esp32,1787204812942426853
lidar,1787204812956252612
esp32,1787204813042298699
lidar,1787204813056437404
esp32,1787204813142455183
lidar,1787204813155720862
esp32,1787204813242378491
lidar,1787204813255206241
esp32,1787204813342304044
lidar,1787204813354677207
esp32,1787204813442426660
lidar,1787204813454471089
esp32,1787204813542370317
lidar,1787204813554143866
esp32,1787204813642307211
lidar,1787204813654227382
esp32,1787204813742272379
lidar,1787204813754162407
esp32,1787204813842288088
lidar,1787204813854041583
esp32,1787204813942504906
lidar,1787204813953302680
esp32,1787204814042493499
lidar,1787204814052579665
esp32,1787204814142512276
lidar,1787204814153221342
esp32,1787204814242403151
lidar,1787204814253297104
esp32,1787204814342415810
lidar,1787204814353499731
esp32,1787204814442438312
lidar,1787204814453689945
esp32,1787204814542301144
lidar,1787204814553955389
esp32,1787204814642485893
lidar,1787204814653897195
esp32,1787204814742441787
lidar,1787204814754444632
esp32,1787204814842313915
lidar,1787204814854823417
esp32,1787204814942424013
lidar,1787204814955199051
esp32,1787204815042471457
lidar,1787204815055075333
esp32,1787204815142362932
lidar,1787204815154866520
esp32,1787204815242280374
lidar,1787204815254484292
esp32,1787204815341736716
lidar,1787204815354004867
esp32,1787204815442271737
lidar,1787204815453707448
lidar,1787204815552313119
esp32,1787204815561653290
esp32,1787204815642493429
lidar,1787204815652172907
esp32,1787204815742502630
lidar,1787204815751336435
esp32,1787204815842598288
lidar,1787204815850627738
esp32,1787204815942554310
lidar,1787204815950431311
esp32,1787204816042577338
lidar,1787204816050387751
esp32,1787204816142370743
lidar,1787204816150008879
esp32,1787204816242462176
lidar,1787204816249991945
esp32,1787204816342556111
lidar,1787204816350246651
esp32,1787204816442453593
lidar,1787204816450580441
esp32,1787204816542421045
lidar,1787204816550981561
esp32,1787204816642501865
lidar,1787204816651332229
esp32,1787204816742497438
lidar,1787204816751827583
esp32,1787204816842439151
lidar,1787204816852003094
esp32,1787204816942396234
lidar,1787204816952281186
esp32,1787204817042216884
lidar,1787204817052258904
esp32,1787204817142473357
lidar,1787204817152127599
esp32,1787204817242367473
lidar,1787204817251676201
esp32,1787204817342455257
lidar,1787204817351462853
esp32,1787204817442187756
lidar,1787204817450880635
esp32,1787204817542338497
lidar,1787204817550335621
esp32,1787204817642392472
lidar,1787204817650184449
esp32,1787204817742497987
lidar,1787204817749383335
esp32,1787204817842468662
lidar,1787204817849010160
esp32,1787204817942482450
lidar,1787204817948491199
esp32,1787204818042491128
lidar,1787204818048876287
esp32,1787204818142208870
lidar,1787204818148915357
esp32,1787204818242241448
lidar,1787204818249319520
esp32,1787204818342387732
lidar,1787204818349092197
esp32,1787204818442326208
lidar,1787204818449232968
esp32,1787204818542351369
lidar,1787204818549311174
esp32,1787204818642452964
lidar,1787204818649681168
esp32,1787204818742365828
lidar,1787204818749874523
esp32,1787204818842377515
lidar,1787204818849994582
esp32,1787204818942381152
lidar,1787204818950243223
esp32,1787204819042534256
lidar,1787204819050402470
esp32,1787204819142465928
lidar,1787204819150598559
esp32,1787204819242359795
lidar,1787204819250896284
esp32,1787204819342391945
lidar,1787204819350241960
esp32,1787204819442281518
lidar,1787204819449865426
esp32,1787204819542440669
lidar,1787204819549475151
esp32,1787204819642643053
lidar,1787204819649319373
esp32,1787204819742533043
lidar,1787204819748788283
esp32,1787204819842402735
lidar,1787204819848256408
esp32,1787204819942258144
lidar,1787204819947739107
esp32,1787204820041506220
lidar,1787204820046607392
esp32,1787204820141658387
lidar,1787204820146537208
esp32,1787204820241594973
lidar,1787204820246581046
esp32,1787204820342169551
lidar,1787204820346953590
esp32,1787204820442482506
lidar,1787204820447273428
esp32,1787204820542407028
lidar,1787204820547521592
esp32,1787204820642325019
lidar,1787204820647630224
esp32,1787204820742454811
lidar,1787204820748202663
esp32,1787204820842450986
lidar,1787204820848630226
esp32,1787204820942467207
lidar,1787204820948687446
esp32,1787204821042311623
lidar,1787204821049050338
esp32,1787204821142648647
lidar,1787204821149280421
esp32,1787204821242043288
lidar,1787204821249501047
esp32,1787204821342091273
lidar,1787204821349199916
esp32,1787204821442386104
lidar,1787204821448852785
esp32,1787204821542327952
lidar,1787204821548322629
esp32,1787204821642307567
lidar,1787204821647923541
esp32,1787204821742468699
lidar,1787204821747587173
esp32,1787204821842548986
lidar,1787204821847351176
esp32,1787204821942218556
lidar,1787204821946938006
esp32,1787204822042467670
lidar,1787204822046724426
esp32,1787204822142483227
lidar,1787204822145893649
esp32,1787204822241596934
lidar,1787204822245321860
esp32,1787204822342369505
lidar,1787204822344846196
esp32,1787204822442290347
lidar,1787204822444581291
esp32,1787204822542409244
lidar,1787204822545306927
esp32,1787204822642408018
lidar,1787204822645172505
esp32,1787204822742742673
lidar,1787204822745469431
esp32,1787204822842291279
lidar,1787204822845690848
lidar,1787204822946216934
esp32,1787204822961911716
esp32,1787204823042393832
lidar,1787204823046376147
esp32,1787204823142129270
lidar,1787204823146624966
esp32,1787204823242222428
lidar,1787204823246801303
esp32,1787204823342272788
lidar,1787204823346234375
esp32,1787204823442417916
lidar,1787204823446133140
esp32,1787204823542081725
lidar,1787204823545412981
esp32,1787204823642272665
lidar,1787204823645265634
esp32,1787204823742442412
lidar,1787204823745024341
esp32,1787204823842378199
lidar,1787204823844339094
esp32,1787204823942444760
lidar,1787204823944191548
esp32,1787204824042400452
lidar,1787204824043647042
esp32,1787204824142511758
lidar,1787204824143349686
esp32,1787204824242466902
lidar,1787204824243263309
esp32,1787204824342476841
lidar,1787204824343782792
lidar,1787204824442496607
esp32,1787204824443373846
esp32,1787204824542320191
lidar,1787204824543546072
lidar,1787204824642094669
esp32,1787204824643251164
esp32,1787204824742503216
lidar,1787204824743268746
esp32,1787204824842543058
lidar,1787204824843661254
esp32,1787204824942629299
lidar,1787204824943801238
esp32,1787204825042523242
lidar,1787204825043784702
esp32,1787204825142636129
lidar,1787204825143893726
esp32,1787204825242415282
lidar,1787204825243487813
esp32,1787204825342520764
lidar,1787204825343604079
esp32,1787204825442577136
lidar,1787204825443901847
esp32,1787204825542212451
lidar,1787204825542604515
lidar,1787204825642122639
esp32,1787204825643097435
lidar,1787204825741601605
esp32,1787204825742449827
lidar,1787204825841682298
esp32,1787204825842828486
lidar,1787204825941666334
esp32,1787204825942797316
lidar,1787204826040918383
esp32,1787204826042053269
lidar,1787204826140601254
esp32,1787204826142118700
lidar,1787204826240110590
esp32,1787204826242520982
lidar,1787204826339992669
esp32,1787204826342266434
lidar,1787204826439969759
esp32,1787204826441936842
lidar,1787204826540343504
esp32,1787204826542201421
lidar,1787204826640242962
esp32,1787204826642051795
lidar,1787204826740592346
esp32,1787204826742070807
lidar,1787204826840538861
esp32,1787204826842051178
lidar,1787204826941367795
esp32,1787204826942288050
lidar,1787204827041912866
esp32,1787204827042941459
lidar,1787204827142233773
esp32,1787204827143153111
esp32,1787204827242367848
lidar,1787204827243124482
esp32,1787204827342379129
lidar,1787204827343121483
lidar,1787204827442024206
esp32,1787204827442918815
lidar,1787204827542129971
esp32,1787204827543083819
lidar,1787204827641597083
esp32,1787204827642519752
lidar,1787204827741133350
esp32,1787204827742345280
lidar,1787204827840923086
esp32,1787204827842357280
lidar,1787204827940183785
esp32,1787204827942092141
lidar,1787204828040288652
esp32,1787204828041991921
lidar,1787204828139428332
esp32,1787204828142220843
lidar,1787204828238930151
esp32,1787204828242015375
lidar,1787204828338634041
esp32,1787204828342174663
lidar,1787204828438212903
esp32,1787204828441953578
lidar,1787204828538294157
esp32,1787204828542043307
lidar,1787204828638248416
esp32,1787204828642032215
lidar,1787204828738403171
esp32,1787204828742119069
lidar,1787204828838576926
esp32,1787204828842021266
lidar,1787204828938211272
esp32,1787204828942144343
lidar,1787204829039050911
esp32,1787204829042107629
lidar,1787204829139036592
esp32,1787204829142007039
lidar,1787204829239338606
esp32,1787204829242024212
lidar,1787204829339574821
esp32,1787204829341916822
lidar,1787204829439845822
esp32,1787204829441954556
lidar,1787204829539657838
esp32,1787204829541913538
lidar,1787204829639867473
esp32,1787204829642041137
lidar,1787204829739982876
esp32,1787204829742047678
lidar,1787204829839375179
esp32,1787204829841912589
lidar,1787204829938772402
esp32,1787204829942117526
lidar,1787204830037820171
esp32,1787204830041284479
lidar,1787204830137536850
esp32,1787204830141296440
lidar,1787204830237113637
esp32,1787204830241570145
lidar,1787204830336991576
esp32,1787204830341882925
lidar,1787204830437100345
esp32,1787204830441911983
lidar,1787204830536732890
esp32,1787204830541915484
lidar,1787204830637201756
esp32,1787204830641921918
lidar,1787204830737126800
esp32,1787204830741937125
lidar,1787204830837614052
esp32,1787204830842059201
lidar,1787204830938006670
esp32,1787204830941876036
lidar,1787204831038474949
esp32,1787204831041920816
lidar,1787204831138587536
esp32,1787204831142133477
lidar,1787204831238635596
esp32,1787204831241907329
lidar,1787204831338491095
esp32,1787204831341984754
lidar,1787204831438649824
esp32,1787204831442004498
lidar,1787204831538171497
esp32,1787204831541968130
lidar,1787204831637018830
esp32,1787204831642023684
lidar,1787204831737181389
esp32,1787204831742019245
lidar,1787204831836934755
esp32,1787204831841994885
lidar,1787204831936681937
esp32,1787204831941894500
lidar,1787204832036014835
esp32,1787204832042050720
lidar,1787204832135990575
esp32,1787204832142267628
lidar,1787204832235855797
esp32,1787204832242130059
lidar,1787204832335733080
esp32,1787204832341424840
lidar,1787204832436556185
esp32,1787204832442319955
lidar,1787204832536448855
esp32,1787204832542006889
lidar,1787204832636722628
esp32,1787204832641761607
lidar,1787204832737090204
esp32,1787204832741928875
lidar,1787204832837207779
esp32,1787204832842054985
lidar,1787204832937809033
esp32,1787204832941945036
lidar,1787204833038223332
esp32,1787204833041847716
lidar,1787204833138353937
esp32,1787204833162418798
lidar,1787204833238323058
esp32,1787204833241897334
lidar,1787204833337877567
esp32,1787204833341922896
lidar,1787204833437787368
esp32,1787204833462315820
lidar,1787204833537074558
esp32,1787204833562219699
lidar,1787204833636818899
esp32,1787204833667560042
lidar,1787204833736147409
esp32,1787204833762530215
lidar,1787204833835829312
esp32,1787204833862325150
lidar,1787204833935053447
esp32,1787204833962300438
lidar,1787204834034606653
esp32,1787204834061684072
lidar,1787204834133988962
esp32,1787204834161203927
lidar,1787204834234098296
esp32,1787204834262426871
lidar,1787204834333957474
esp32,1787204834342233602
lidar,1787204834433923497
esp32,1787204834442239439
lidar,1787204834534132266
esp32,1787204834541904902
lidar,1787204834634453866
esp32,1787204834641897864
lidar,1787204834734733509
esp32,1787204834741990647
lidar,1787204834835609207
esp32,1787204834842262548
lidar,1787204834935671723
esp32,1787204834942221836
lidar,1787204835035876415
esp32,1787204835062541433
lidar,1787204835135655117
esp32,1787204835142154687
lidar,1787204835235234561
esp32,1787204835242092617
lidar,1787204835335122027
esp32,1787204835342217067
lidar,1787204835434631255
esp32,1787204835461928873
lidar,1787204835534448676
esp32,1787204835562430166
lidar,1787204835633797090
esp32,1787204835662622738
lidar,1787204835733575276
esp32,1787204835762530989
lidar,1787204835833036137
esp32,1787204835862611935
lidar,1787204835933260143
esp32,1787204835962677113
lidar,1787204836033062982
esp32,1787204836062454107
lidar,1787204836132830446
esp32,1787204836142114361
lidar,1787204836232985934
esp32,1787204836242303622
lidar,1787204836333004279
esp32,1787204836342075924
lidar,1787204836433118774
esp32,1787204836442014799
lidar,1787204836533586936
esp32,1787204836542208800
lidar,1787204836633787572
esp32,1787204836642038130
lidar,1787204836734031463
esp32,1787204836762287840
lidar,1787204836834404610
esp32,1787204836842135203
lidar,1787204836934096656
esp32,1787204836942042204
lidar,1787204837034003985
esp32,1787204837041940324
lidar,1787204837134274142
esp32,1787204837142199753
lidar,1787204837233710578
esp32,1787204837242189109
lidar,1787204837333289779
esp32,1787204837342362571
lidar,1787204837433036549
esp32,1787204837442471309
lidar,1787204837532263554
esp32,1787204837562550416
lidar,1787204837631997482
esp32,1787204837662316545
lidar,1787204837731289283
esp32,1787204837762474858
lidar,1787204837831263340
esp32,1787204837862546871
lidar,1787204837931116231
esp32,1787204837962094874
lidar,1787204838030285410
esp32,1787204838062050187
lidar,1787204838129795396
esp32,1787204838162006921
lidar,1787204838229265806
esp32,1787204838262372259
lidar,1787204838329518153
esp32,1787204838342372953
lidar,1787204838429514555
esp32,1787204838462729755
lidar,1787204838529958249
esp32,1787204838542334852
lidar,1787204838629863664
esp32,1787204838641899634
lidar,1787204838730307218
esp32,1787204838741979604
lidar,1787204838830372048
esp32,1787204838862386061
lidar,1787204838930742629
esp32,1787204838962517656
lidar,1787204839031102679
esp32,1787204839042058505
lidar,1787204839131375761
esp32,1787204839142089794
lidar,1787204839231345866
esp32,1787204839242025458
lidar,1787204839331350107
esp32,1787204839342018419
lidar,1787204839431143962
esp32,1787204839462374302
lidar,1787204839530730877
esp32,1787204839541995396
lidar,1787204839630686884
esp32,1787204839642179978
lidar,1787204839730192378
esp32,1787204839742051152
lidar,1787204839829586881
esp32,1787204839842151120
lidar,1787204839928985156
esp32,1787204839942465919
lidar,1787204840028177146
esp32,1787204840041532106
lidar,1787204840127915135
esp32,1787204840141542687
lidar,1787204840227199424
esp32,1787204840261347323
lidar,1787204840327066604
esp32,1787204840341981304
lidar,1787204840427060407
esp32,1787204840442611247
lidar,1787204840526703255
esp32,1787204840542528196
lidar,1787204840626748488
esp32,1787204840642342713
lidar,1787204840726665633
esp32,1787204840742265731
lidar,1787204840826786199
esp32,1787204840842230775
lidar,1787204840926718440
esp32,1787204840942016666
lidar,1787204841026702645
esp32,1787204841062169453
lidar,1787204841127437702
esp32,1787204841162259766
lidar,1787204841227910135
esp32,1787204841261996655
lidar,1787204841327907642
esp32,1787204841362101889
lidar,1787204841428368573
esp32,1787204841462267281
lidar,1787204841528586941
esp32,1787204841562277864
lidar,1787204841628649130
esp32,1787204841662365298
lidar,1787204841728461100
esp32,1787204841762435658
lidar,1787204841828084893
esp32,1787204841862428281
lidar,1787204841927908254
esp32,1787204841962479769
lidar,1787204842027990688
esp32,1787204842042492201
lidar,1787204842127708910
esp32,1787204842142206377
lidar,1787204842227869540
esp32,1787204842242307195
lidar,1787204842327386951
esp32,1787204842342620681
lidar,1787204842427199644
esp32,1787204842462440631
lidar,1787204842526718552
esp32,1787204842562365729
lidar,1787204842626566721
esp32,1787204842642015325
lidar,1787204842725707531
esp32,1787204842762574903
lidar,1787204842825776740
esp32,1787204842862537770
lidar,1787204842925273161
esp32,1787204842962648263
lidar,1787204843024655310
esp32,1787204843062401269
lidar,1787204843124565006
esp32,1787204843162634364
lidar,1787204843223870416
esp32,1787204843262601061
lidar,1787204843323998328
esp32,1787204843362427671
lidar,1787204843423965337
esp32,1787204843462526871
lidar,1787204843524027687
esp32,1787204843562604350
lidar,1787204843624548605
esp32,1787204843662439288
lidar,1787204843724984092
esp32,1787204843762097987
lidar,1787204843824658354
esp32,1787204843842366984
lidar,1787204843925215385
esp32,1787204843942452500
lidar,1787204844025950500
esp32,1787204844042533904
lidar,1787204844125905285
esp32,1787204844142562012
lidar,1787204844225576829
esp32,1787204844242606108
lidar,1787204844325084501
esp32,1787204844342344317
lidar,1787204844424898622
esp32,1787204844442566287
lidar,1787204844524128672
esp32,1787204844542326400
lidar,1787204844624204495
esp32,1787204844642114953
lidar,1787204844723651299
esp32,1787204844742702761
lidar,1787204844823474892
esp32,1787204844862443166
lidar,1787204844923089558
esp32,1787204844962426375
lidar,1787204845022625588
esp32,1787204845062460159
lidar,1787204845122356550
esp32,1787204845162574915
lidar,1787204845221890308
esp32,1787204845262439795
lidar,1787204845321787357
esp32,1787204845362498310
lidar,1787204845421864869
esp32,1787204845462555727
lidar,1787204845522153000
esp32,1787204845562592746
lidar,1787204845622577760
esp32,1787204845662524518
lidar,1787204845722708053
esp32,1787204845762509599
lidar,1787204845822629874
esp32,1787204845842184731
lidar,1787204845923288243
esp32,1787204845942383879
lidar,1787204846023496530
esp32,1787204846042518184
lidar,1787204846124234324
esp32,1787204846142189398
lidar,1787204846224209142
esp32,1787204846242403334
lidar,1787204846323450654
esp32,1787204846342421969
lidar,1787204846423324279
esp32,1787204846442275026
lidar,1787204846522928312
esp32,1787204846562354984
lidar,1787204846622551049
esp32,1787204846642498514
lidar,1787204846722122589
esp32,1787204846762443257
lidar,1787204846821872217
esp32,1787204846862553308
lidar,1787204846921951782
esp32,1787204846962705335
lidar,1787204847021652270
esp32,1787204847062269617
lidar,1787204847121505043
esp32,1787204847162409159
lidar,1787204847220933761
esp32,1787204847262489062
lidar,1787204847321060980
esp32,1787204847362264544
lidar,1787204847420537491
esp32,1787204847462549688
lidar,1787204847520528941
esp32,1787204847562649175
lidar,1787204847620618944
esp32,1787204847642215991
lidar,1787204847721414719
esp32,1787204847742458900
lidar,1787204847821657822
esp32,1787204847842178437
lidar,1787204847921710960
esp32,1787204847942498274
lidar,1787204848022104080
esp32,1787204848042416595
lidar,1787204848122395116
esp32,1787204848142559256
lidar,1787204848222899422
esp32,1787204848242255381
lidar,1787204848322973395
esp32,1787204848342340363
lidar,1787204848422799564
esp32,1787204848442525431
lidar,1787204848522283808
esp32,1787204848542417144
lidar,1787204848621872580
esp32,1787204848662436421
lidar,1787204848721370111
esp32,1787204848762531056
lidar,1787204848821420421
esp32,1787204848862406335
lidar,1787204848920585606
esp32,1787204848962590123
lidar,1787204849020286347
esp32,1787204849042408113
lidar,1787204849119891711
esp32,1787204849142455131
lidar,1787204849219197625
esp32,1787204849242478641
lidar,1787204849318736694
esp32,1787204849342461290
lidar,1787204849418156109
esp32,1787204849442518798
lidar,1787204849517868082
esp32,1787204849562450048
lidar,1787204849617619207
esp32,1787204849642443037
lidar,1787204849717222656
esp32,1787204849742548402
lidar,1787204849816515738
esp32,1787204849842402624
lidar,1787204849916438678
esp32,1787204849942461010
lidar,1787204850015888159
esp32,1787204850041598545
lidar,1787204850115940390
esp32,1787204850141425861
lidar,1787204850215552177
esp32,1787204850241519700
lidar,1787204850316045473
esp32,1787204850342066348
lidar,1787204850416558887
esp32,1787204850462552908
lidar,1787204850516691188
esp32,1787204850562379588
lidar,1787204850616900808
esp32,1787204850662504681
lidar,1787204850717003581
esp32,1787204850762238497
lidar,1787204850817526097
esp32,1787204850862646674
lidar,1787204850917385990
esp32,1787204850962395115
lidar,1787204851017279202
esp32,1787204851062416209
lidar,1787204851117098920
esp32,1787204851162501483
lidar,1787204851217322477
esp32,1787204851262460097
lidar,1787204851316785362
esp32,1787204851362386430
lidar,1787204851416245612
esp32,1787204851442500237
lidar,1787204851515725613
esp32,1787204851542372006
lidar,1787204851615443862
esp32,1787204851642445541
lidar,1787204851714789644
esp32,1787204851742314842
lidar,1787204851814169559
esp32,1787204851842153195
lidar,1787204851914107769
esp32,1787204851942137131
lidar,1787204852014151757
esp32,1787204852042332777
lidar,1787204852114649239
esp32,1787204852142184570
lidar,1787204852214993133
esp32,1787204852242459633
lidar,1787204852314706128
esp32,1787204852342209713
lidar,1787204852415001614
esp32,1787204852442183100
lidar,1787204852515360368
esp32,1787204852542275113
lidar,1787204852615852461
esp32,1787204852642490839
lidar,1787204852715662156
esp32,1787204852762333169
lidar,1787204852815192896
esp32,1787204852862379920
lidar,1787204852915306154
esp32,1787204852962213004
lidar,1787204853015080162
esp32,1787204853062553419
lidar,1787204853114556475
esp32,1787204853162503623
lidar,1787204853214492233
esp32,1787204853262423406
lidar,1787204853314200042
esp32,1787204853362454100
lidar,1787204853413124923
esp32,1787204853461770932
lidar,1787204853513393731
esp32,1787204853542212705
lidar,1787204853613162727
esp32,1787204853642305587
lidar,1787204853713086316
esp32,1787204853742208512
lidar,1787204853812333959
esp32,1787204853862597790
lidar,1787204853911925998
esp32,1787204853941695185
lidar,1787204854012117609
esp32,1787204854042414982
lidar,1787204854112311323
esp32,1787204854142519407
lidar,1787204854212476499
esp32,1787204854262027724
lidar,1787204854312619695
esp32,1787204854362547554
lidar,1787204854413118701
esp32,1787204854462466866
lidar,1787204854513282188
esp32,1787204854562066066
lidar,1787204854613654912
esp32,1787204854662394206
lidar,1787204854713574971
esp32,1787204854762287591
lidar,1787204854813470456
esp32,1787204854861927757
lidar,1787204854913160492
esp32,1787204854962287385
lidar,1787204855012459106
esp32,1787204855062140489
lidar,1787204855112104762
esp32,1787204855162004456
lidar,1787204855211474842
esp32,1787204855262303635
lidar,1787204855310872625
esp32,1787204855362390543
lidar,1787204855410505018
esp32,1787204855442852870
lidar,1787204855509958801
esp32,1787204855562459615
lidar,1787204855609601177
esp32,1787204855642493237
lidar,1787204855708795762
esp32,1787204855742358495
lidar,1787204855808461825
esp32,1787204855842543792
lidar,1787204855907949572
esp32,1787204855942127747
lidar,1787204856007699831
esp32,1787204856042268016
lidar,1787204856107704588
esp32,1787204856142313075
lidar,1787204856207594605
esp32,1787204856242673409
lidar,1787204856307991286
esp32,1787204856342423263
lidar,1787204856408348490
esp32,1787204856462461085
lidar,1787204856508739741
esp32,1787204856562487104
lidar,1787204856609355420
esp32,1787204856662465052
lidar,1787204856709723171
esp32,1787204856762503841
lidar,1787204856810114248
esp32,1787204856862389185
lidar,1787204856910477325
esp32,1787204856962459042
lidar,1787204857010309078
esp32,1787204857062237975
lidar,1787204857110681677
esp32,1787204857162497762
lidar,1787204857210348283
esp32,1787204857262478548
lidar,1787204857310144081
esp32,1787204857342309227
lidar,1787204857409804640
esp32,1787204857442534605
lidar,1787204857509788928
esp32,1787204857562441584
lidar,1787204857609038259
esp32,1787204857642392952
lidar,1787204857708841150
esp32,1787204857742280197
lidar,1787204857808287486
esp32,1787204857842164504
lidar,1787204857907737308
esp32,1787204857942300318
lidar,1787204858007107459
esp32,1787204858042339585
lidar,1787204858106998173
esp32,1787204858162498818
lidar,1787204858207019443
esp32,1787204858242179830
lidar,1787204858306634415
esp32,1787204858362558750
lidar,1787204858406132607
esp32,1787204858462286815
lidar,1787204858506533210
esp32,1787204858562343199
lidar,1787204858606726013
esp32,1787204858662390926
lidar,1787204858707271158
esp32,1787204858742446127
lidar,1787204858807347863
esp32,1787204858842505871
lidar,1787204858907923668
esp32,1787204858942497907
lidar,1787204859008290073
esp32,1787204859042430044
lidar,1787204859108296209
esp32,1787204859142323530
lidar,1787204859208942905
esp32,1787204859242383758
lidar,1787204859308578328
esp32,1787204859342373106
lidar,1787204859408301049
esp32,1787204859442384315
lidar,1787204859508007027
esp32,1787204859562575611
lidar,1787204859607000285
esp32,1787204859662275467
lidar,1787204859707013358
esp32,1787204859742455833
lidar,1787204859806603340
esp32,1787204859862460478
lidar,1787204859906205817
esp32,1787204859942133110
lidar,1787204860004838864
esp32,1787204860062043673
lidar,1787204860104540163
esp32,1787204860161825106
lidar,1787204860203977070
esp32,1787204860261399086
lidar,1787204860303524110
esp32,1787204860362524007
lidar,1787204860403416154
esp32,1787204860462366570
lidar,1787204860503445346
esp32,1787204860562669738
lidar,1787204860603650325
esp32,1787204860662548197
lidar,1787204860703798169
esp32,1787204860762456113
lidar,1787204860803752831
esp32,1787204860862302388
lidar,1787204860903912800
esp32,1787204860962465746
lidar,1787204861004148447
esp32,1787204861062477760
lidar,1787204861104349072
esp32,1787204861142577619
lidar,1787204861204898840
esp32,1787204861242320195
lidar,1787204861305295715
esp32,1787204861342439537
lidar,1787204861405580596
esp32,1787204861442255854
lidar,1787204861505443383
esp32,1787204861542349826
lidar,1787204861605599626
esp32,1787204861642271921
lidar,1787204861705290995
esp32,1787204861742523989
lidar,1787204861805094059
esp32,1787204861842306072
lidar,1787204861904973962
esp32,1787204861962413304
lidar,1787204862004315401
esp32,1787204862062482076
lidar,1787204862103941470
esp32,1787204862162399162
lidar,1787204862203477359
esp32,1787204862262438060
lidar,1787204862303027729
esp32,1787204862362459341
lidar,1787204862402200998
esp32,1787204862462350620
lidar,1787204862502144916
esp32,1787204862562221289
lidar,1787204862601906812
esp32,1787204862662385293
lidar,1787204862702288191
esp32,1787204862762473514
lidar,1787204862802248287
esp32,1787204862862385462
lidar,1787204862902509914
esp32,1787204862962408959
lidar,1787204863002753008
esp32,1787204863042456073
lidar,1787204863103275123
esp32,1787204863142312150
lidar,1787204863203246465
esp32,1787204863242216626
lidar,1787204863304126936
esp32,1787204863342339566
lidar,1787204863404229827
esp32,1787204863442301546
lidar,1787204863503915444
esp32,1787204863542313195
lidar,1787204863603324196
esp32,1787204863662276015
lidar,1787204863703096392
esp32,1787204863762397139
lidar,1787204863802387535
esp32,1787204863862464085
lidar,1787204863901869682
esp32,1787204863962511902
lidar,1787204864001157575
esp32,1787204864061381489
lidar,1787204864101261559
esp32,1787204864162446705
lidar,1787204864200658897
esp32,1787204864262370197
lidar,1787204864300094089
esp32,1787204864362329167
lidar,1787204864399758690
esp32,1787204864462403254
lidar,1787204864499294238
esp32,1787204864562217202
lidar,1787204864599434946
esp32,1787204864662479094
lidar,1787204864699561152
esp32,1787204864742106133
lidar,1787204864799863765
esp32,1787204864842165638
lidar,1787204864899750943
esp32,1787204864942520247
lidar,1787204865000108457
esp32,1787204865042362041
lidar,1787204865100098618
esp32,1787204865142431583
lidar,1787204865200418272
esp32,1787204865242177535
lidar,1787204865300825313
esp32,1787204865342178507
lidar,1787204865401374913
esp32,1787204865462323487
lidar,1787204865500850565
esp32,1787204865541885765
lidar,1787204865600620550
esp32,1787204865641666349
lidar,1787204865700275605
esp32,1787204865762318146
lidar,1787204865799624652
esp32,1787204865862322675
lidar,1787204865899149816
esp32,1787204865962449897
lidar,1787204865998384444
esp32,1787204866062398038
lidar,1787204866097570572
esp32,1787204866162319541
lidar,1787204866196856152
esp32,1787204866262422308
lidar,1787204866297037418
esp32,1787204866362365028
lidar,1787204866396780736
esp32,1787204866462525948
lidar,1787204866496815473
esp32,1787204866562587450
lidar,1787204866597091600
esp32,1787204866661760923
lidar,1787204866697174841
esp32,1787204866741858968
lidar,1787204866797062703
esp32,1787204866841572625
lidar,1787204866897328103
esp32,1787204866942119225
lidar,1787204866997499647
esp32,1787204867042151081
lidar,1787204867097745932
esp32,1787204867142134233
lidar,1787204867197929748
esp32,1787204867242012702
lidar,1787204867297824323
esp32,1787204867342170527
lidar,1787204867397227484
esp32,1787204867462519362
lidar,1787204867497103612
esp32,1787204867542302840
lidar,1787204867596967752
esp32,1787204867662522857
lidar,1787204867696623159
esp32,1787204867762342502
lidar,1787204867795993115
esp32,1787204867862514630
lidar,1787204867895929261
esp32,1787204867962578544
lidar,1787204867995519025
esp32,1787204868062489183
lidar,1787204868095231502
esp32,1787204868162415529
lidar,1787204868194573296
esp32,1787204868242236276
lidar,1787204868294218690
esp32,1787204868342426339
lidar,1787204868393960494
esp32,1787204868442321707
lidar,1787204868494275911
esp32,1787204868542618864
lidar,1787204868594569679
esp32,1787204868642423311
lidar,1787204868694806260
esp32,1787204868742470006
lidar,1787204868795325682
esp32,1787204868842216784
lidar,1787204868895619807
esp32,1787204868942358449
lidar,1787204868995404265
esp32,1787204869042265372
lidar,1787204869095639401
esp32,1787204869142745733
lidar,1787204869195415654
esp32,1787204869262188088
lidar,1787204869294961034
esp32,1787204869361942201
lidar,1787204869394755759
esp32,1787204869462206591
lidar,1787204869494309331
esp32,1787204869562184485
lidar,1787204869594060463
esp32,1787204869662170810
lidar,1787204869693692559
esp32,1787204869762072344
lidar,1787204869793452508
esp32,1787204869862242330
lidar,1787204869893008535
esp32,1787204869962124511
lidar,1787204869992349184
esp32,1787204870061451505
lidar,1787204870091254549
esp32,1787204870161420848
lidar,1787204870190741126
esp32,1787204870261580344
lidar,1787204870290272616
esp32,1787204870362398544
lidar,1787204870390595808
esp32,1787204870442407950
lidar,1787204870490673958
esp32,1787204870542546752
lidar,1787204870590820229
esp32,1787204870642339337
lidar,1787204870690736969
esp32,1787204870742563920
lidar,1787204870791031920
esp32,1787204870862506715
lidar,1787204870891973970
esp32,1787204870962402141
lidar,1787204870991332932
esp32,1787204871042592323
lidar,1787204871092014970
esp32,1787204871162615414
lidar,1787204871191780631
esp32,1787204871262404695
lidar,1787204871292613534
esp32,1787204871362445418
lidar,1787204871392993887
esp32,1787204871462578639
lidar,1787204871493087628
esp32,1787204871562507069
lidar,1787204871592872935
esp32,1787204871662544108
lidar,1787204871693134588
esp32,1787204871762581372
lidar,1787204871792808107
esp32,1787204871862634271
lidar,1787204871892697656
esp32,1787204871962567523
lidar,1787204871992132115
esp32,1787204872062436433
lidar,1787204872092242559
esp32,1787204872161629679
lidar,1787204872191484057
esp32,1787204872262370640
lidar,1787204872291517361
esp32,1787204872362417584
lidar,1787204872391215357
esp32,1787204872462306999
lidar,1787204872490576052
esp32,1787204872542280854
lidar,1787204872590492357
esp32,1787204872642428909
lidar,1787204872690338937
esp32,1787204872742332441
lidar,1787204872789737231
esp32,1787204872842551253
lidar,1787204872889645620
esp32,1787204872962596536
lidar,1787204872989201084
esp32,1787204873042828986
lidar,1787204873088537460
esp32,1787204873162515214
lidar,1787204873188353155
esp32,1787204873262460799
lidar,1787204873288426632
esp32,1787204873362312344
lidar,1787204873388815704
esp32,1787204873462506185
lidar,1787204873488845137
esp32,1787204873562453369
lidar,1787204873588657044
esp32,1787204873662559986
lidar,1787204873688764447
esp32,1787204873762366060
lidar,1787204873788893406
esp32,1787204873862030148
lidar,1787204873889706738
esp32,1787204873962297550
lidar,1787204873989173257
esp32,1787204874062503812
lidar,1787204874089503136
esp32,1787204874162414304
lidar,1787204874188734505
esp32,1787204874242128021
lidar,1787204874288555114
esp32,1787204874342201553
lidar,1787204874388340312
esp32,1787204874442214047
lidar,1787204874487679053
esp32,1787204874542293920
lidar,1787204874587092175
esp32,1787204874642336687
lidar,1787204874686423259
esp32,1787204874762356266
lidar,1787204874785685162
esp32,1787204874862308314
lidar,1787204874885445449
esp32,1787204874962538241
lidar,1787204874985330337
esp32,1787204875062497786
lidar,1787204875085379903
esp32,1787204875162541034
lidar,1787204875185632504
esp32,1787204875262312613
lidar,1787204875285430921
esp32,1787204875362448378
lidar,1787204875385617984
esp32,1787204875462280078
lidar,1787204875486077517
esp32,1787204875562443761
lidar,1787204875586674106
esp32,1787204875662510568
lidar,1787204875686633213
esp32,1787204875762374636
lidar,1787204875786819641
esp32,1787204875862406400
lidar,1787204875886901900
esp32,1787204875962497872
lidar,1787204875987363287
esp32,1787204876042392791
lidar,1787204876087462831
esp32,1787204876142308095
lidar,1787204876187282107
esp32,1787204876242127343
lidar,1787204876287004678
esp32,1787204876342287728
lidar,1787204876386731708
esp32,1787204876442477137
lidar,1787204876486238992
esp32,1787204876562168932
lidar,1787204876586276140
esp32,1787204876661444809
lidar,1787204876685000170
esp32,1787204876762364546
lidar,1787204876784991661
esp32,1787204876862381370
lidar,1787204876885044454
esp32,1787204876962520243
lidar,1787204876984771293
esp32,1787204877062536211
lidar,1787204877084551420
esp32,1787204877162325189
lidar,1787204877183976532
esp32,1787204877262375947
lidar,1787204877283240328
esp32,1787204877362712956
lidar,1787204877383471384
esp32,1787204877442280583
lidar,1787204877483636246
esp32,1787204877542172301
lidar,1787204877583911551
esp32,1787204877642235370
lidar,1787204877683782838
esp32,1787204877742319245
lidar,1787204877784167155
esp32,1787204877842304130
lidar,1787204877884494713
esp32,1787204877942415212
lidar,1787204877984469039
esp32,1787204878042415032
lidar,1787204878084505894
esp32,1787204878142273014
lidar,1787204878184728310
esp32,1787204878241388198
lidar,1787204878284434278
esp32,1787204878342511986
lidar,1787204878384925115
esp32,1787204878462652347
lidar,1787204878485013612
esp32,1787204878562766444
lidar,1787204878585024647
esp32,1787204878661958454
lidar,1787204878684781784
esp32,1787204878762379266
lidar,1787204878784416564
esp32,1787204878862621273
lidar,1787204878883828379
esp32,1787204878962573595
lidar,1787204878983105203
esp32,1787204879062577275
lidar,1787204879083300464
esp32,1787204879162631213
lidar,1787204879183002320
esp32,1787204879262493266
lidar,1787204879282306964
esp32,1787204879362474422
lidar,1787204879381663738
esp32,1787204879462451775
lidar,1787204879481681227
esp32,1787204879562466671
lidar,1787204879582269241
esp32,1787204879662591009
lidar,1787204879682071169
esp32,1787204879742042972
lidar,1787204879782370113
esp32,1787204879862186487
lidar,1787204879882359287
esp32,1787204879942523374
lidar,1787204879982867108
esp32,1787204880041580639
lidar,1787204880083065951
esp32,1787204880141599199
lidar,1787204880183479965
esp32,1787204880241532585
lidar,1787204880283737334
esp32,1787204880341528160
lidar,1787204880383994753
esp32,1787204880462512053
lidar,1787204880483799111
esp32,1787204880562682591
lidar,1787204880583702637
esp32,1787204880662555233
lidar,1787204880683177252
esp32,1787204880762388892
lidar,1787204880782705181
esp32,1787204880862266647
lidar,1787204880882348459
esp32,1787204880962583159
lidar,1787204880981932436
esp32,1787204881062600464
lidar,1787204881081520938
esp32,1787204881162405273
lidar,1787204881180933366
esp32,1787204881262389299
lidar,1787204881280521894
esp32,1787204881362359255
lidar,1787204881380081772
esp32,1787204881462546863
lidar,1787204881480239159
esp32,1787204881562459104
lidar,1787204881580246013
esp32,1787204881642258243
lidar,1787204881680666149
esp32,1787204881742385659
lidar,1787204881780805822
esp32,1787204881862296769
lidar,1787204881880722915
esp32,1787204881961638267
lidar,1787204881980579365
esp32,1787204882042279559
lidar,1787204882081454485
esp32,1787204882142232435
lidar,1787204882181704138
esp32,1787204882242184537
lidar,1787204882281898249
esp32,1787204882362291540
lidar,1787204882382285660
esp32,1787204882462521079
lidar,1787204882482699894
esp32,1787204882562436323
lidar,1787204882582846239
esp32,1787204882662108966
lidar,1787204882682706683
esp32,1787204882762401481
lidar,1787204882782539868
esp32,1787204882862317921
lidar,1787204882882181043
esp32,1787204882962246789
lidar,1787204882981954565
esp32,1787204883062501621
lidar,1787204883081440078
esp32,1787204883162575281
lidar,1787204883180847257
esp32,1787204883262493664
lidar,1787204883280528191
esp32,1787204883362356629
lidar,1787204883380440914
esp32,1787204883462343105
lidar,1787204883479703889
esp32,1787204883542545519
lidar,1787204883579616862
esp32,1787204883662194962
lidar,1787204883679506612
esp32,1787204883742447666
lidar,1787204883778952848
esp32,1787204883842334694
lidar,1787204883879611640
esp32,1787204883942769075
lidar,1787204883980306407
esp32,1787204884042439186
lidar,1787204884080263332
esp32,1787204884162234801
lidar,1787204884180670087
esp32,1787204884242472506
lidar,1787204884281049196
esp32,1787204884362156672
lidar,1787204884381385055
esp32,1787204884462279779
lidar,1787204884481611942
esp32,1787204884562654379
lidar,1787204884581598728
esp32,1787204884662233389
lidar,1787204884682073714
esp32,1787204884762259340
lidar,1787204884782183013
esp32,1787204884862354669
lidar,1787204884881893023
esp32,1787204884962164610
lidar,1787204884980871615
esp32,1787204885061983092
lidar,1787204885080723447
esp32,1787204885162168660
lidar,1787204885180270192
esp32,1787204885262281632
lidar,1787204885279776324
esp32,1787204885362262810
lidar,1787204885379837350
esp32,1787204885462309388
lidar,1787204885479249946
esp32,1787204885542488937
lidar,1787204885578697731
esp32,1787204885642319229
lidar,1787204885678482641
esp32,1787204885742242538
lidar,1787204885778225653
esp32,1787204885842327324
lidar,1787204885878255978
esp32,1787204885942410576
lidar,1787204885978146242
esp32,1787204886042731641
lidar,1787204886078344250
esp32,1787204886162406506
lidar,1787204886178463153
esp32,1787204886262270106
lidar,1787204886278187403
esp32,1787204886361441998
lidar,1787204886378938139
esp32,1787204886462204394
lidar,1787204886479073155
esp32,1787204886562273578
lidar,1787204886579652526
esp32,1787204886662482141
lidar,1787204886679145066
esp32,1787204886742792356
lidar,1787204886779102647
esp32,1787204886842315703
lidar,1787204886878758815
esp32,1787204886942552129
lidar,1787204886978871697
esp32,1787204887042546048
lidar,1787204887078547291
esp32,1787204887142556016
lidar,1787204887178310018
esp32,1787204887242113597
lidar,1787204887278268242
esp32,1787204887342519764
lidar,1787204887378214860
esp32,1787204887442246590
lidar,1787204887478009710
esp32,1787204887542441818
lidar,1787204887577831786
esp32,1787204887662503553
lidar,1787204887677105344
esp32,1787204887742658226
lidar,1787204887776726976
esp32,1787204887862410721
lidar,1787204887876383550
esp32,1787204887962522022
lidar,1787204887975944288
esp32,1787204888062515388
lidar,1787204888075856693
esp32,1787204888162376606
lidar,1787204888175762294
esp32,1787204888262399610
lidar,1787204888275814885
esp32,1787204888362527251
lidar,1787204888376155067
esp32,1787204888462543208
lidar,1787204888476603619
esp32,1787204888562356387
lidar,1787204888576716197
esp32,1787204888662399226
lidar,1787204888676885089
esp32,1787204888762408691
lidar,1787204888777471369
esp32,1787204888862399023
lidar,1787204888876977967
esp32,1787204888962408636
lidar,1787204888976466702
esp32,1787204889062567959
lidar,1787204889076988922
esp32,1787204889162551414
lidar,1787204889176054089
esp32,1787204889242532787
lidar,1787204889276119627
esp32,1787204889362416424
lidar,1787204889375184908
esp32,1787204889462387310
lidar,1787204889475077436
esp32,1787204889542294913
lidar,1787204889574761861
esp32,1787204889662470505
lidar,1787204889673721210
esp32,1787204889762431270
lidar,1787204889773027299
esp32,1787204889862336855
lidar,1787204889872873104
esp32,1787204889962563586
lidar,1787204889972936205
esp32,1787204890061559174
lidar,1787204890072885036
esp32,1787204890161998368
lidar,1787204890172775511
esp32,1787204890261548228
lidar,1787204890273028578
esp32,1787204890362335142
lidar,1787204890373866701
esp32,1787204890462318129
lidar,1787204890473790950
esp32,1787204890562370001
lidar,1787204890574610323
esp32,1787204890662232699
lidar,1787204890674086339
esp32,1787204890762430298
lidar,1787204890774693946
esp32,1787204890862467758
lidar,1787204890874858284
esp32,1787204890962336884
lidar,1787204890975470417
esp32,1787204891062266165
lidar,1787204891075093152
esp32,1787204891142302091
lidar,1787204891174976376
esp32,1787204891242059540
lidar,1787204891274415769
esp32,1787204891342419471
lidar,1787204891374751433
esp32,1787204891442670459
lidar,1787204891474128152
esp32,1787204891562388329
lidar,1787204891573539217
esp32,1787204891662437825
lidar,1787204891672986659
esp32,1787204891762287657
lidar,1787204891772508074
esp32,1787204891862375505
lidar,1787204891872483678
esp32,1787204891962369399
lidar,1787204891971953828
esp32,1787204892062501377
lidar,1787204892071870576
esp32,1787204892162364718
lidar,1787204892171504919
esp32,1787204892262536817
lidar,1787204892271162144
esp32,1787204892361478050
lidar,1787204892370269789
esp32,1787204892461893919
lidar,1787204892470021894
esp32,1787204892562283393
lidar,1787204892570272818
esp32,1787204892662475939
lidar,1787204892670063434
esp32,1787204892762458181
lidar,1787204892770485607
esp32,1787204892862507416
lidar,1787204892870998091
esp32,1787204892950760946
lidar,1787204892971127843
esp32,1787204893062392165
lidar,1787204893071722374
esp32,1787204893142436081
lidar,1787204893172496259
esp32,1787204893242151852
lidar,1787204893272600630
esp32,1787204893362570487
lidar,1787204893372726079
esp32,1787204893462280239
lidar,1787204893472447489
esp32,1787204893562533313
lidar,1787204893572346269
esp32,1787204893662560731
lidar,1787204893672126505
esp32,1787204893762413829
lidar,1787204893771859589
esp32,1787204893862623288
lidar,1787204893871334906
esp32,1787204893962451257
lidar,1787204893970981524
esp32,1787204894062542702
lidar,1787204894070828544
esp32,1787204894162403115
lidar,1787204894170291652
esp32,1787204894262442716
lidar,1787204894269516576
esp32,1787204894362390211
lidar,1787204894369771260
esp32,1787204894461908781
lidar,1787204894468869298
esp32,1787204894562308636
lidar,1787204894568467131
esp32,1787204894662361470
lidar,1787204894667889950
esp32,1787204894762504483
lidar,1787204894767554556
esp32,1787204894842426358
lidar,1787204894867667644
esp32,1787204894942287786
lidar,1787204894967228711
esp32,1787204895042322972
lidar,1787204895066939947
esp32,1787204895142102172
lidar,1787204895166686356
esp32,1787204895242197254
lidar,1787204895265996868
esp32,1787204895342428902
lidar,1787204895365921282
esp32,1787204895462578190
lidar,1787204895465658395
esp32,1787204895562433215
lidar,1787204895565890025
esp32,1787204895662525737
lidar,1787204895666320780
esp32,1787204895762357374
lidar,1787204895766504263
esp32,1787204895862274575
lidar,1787204895866647677
esp32,1787204895962315241
lidar,1787204895966753424
esp32,1787204896042466044
lidar,1787204896067644150
esp32,1787204896142444329
lidar,1787204896167987686
esp32,1787204896242263470
lidar,1787204896268188407
esp32,1787204896342342340
lidar,1787204896367703968
esp32,1787204896462354004
lidar,1787204896467066613
esp32,1787204896542530470
lidar,1787204896566573273
esp32,1787204896642282130
lidar,1787204896666035415
esp32,1787204896742295982
lidar,1787204896765947274
esp32,1787204896842272925
lidar,1787204896865739313
esp32,1787204896942417539
lidar,1787204896964870509
esp32,1787204897042112837
lidar,1787204897064699697
esp32,1787204897142391626
lidar,1787204897163702748
esp32,1787204897262430471
lidar,1787204897263477133
esp32,1787204897362639561
lidar,1787204897363639364
esp32,1787204897462268018
lidar,1787204897463097503
esp32,1787204897562625841
lidar,1787204897563612659
esp32,1787204897662280703
lidar,1787204897663121461
esp32,1787204897762608589
lidar,1787204897763512563
esp32,1787204897862133914
lidar,1787204897863297815
esp32,1787204897962247328
lidar,1787204897963528277
esp32,1787204898062183911
lidar,1787204898064033220
esp32,1787204898162175133
lidar,1787204898164087488
esp32,1787204898262138574
lidar,1787204898263987690
esp32,1787204898362472604
lidar,1787204898363495756
esp32,1787204898462064381
lidar,1787204898463098093
esp32,1787204898562215630
lidar,1787204898563113103
lidar,1787204898662399414
esp32,1787204898663352067
esp32,1787204898742512199
lidar,1787204898761794779
esp32,1787204898842446987
lidar,1787204898861339866
esp32,1787204898942280961
lidar,1787204898960737710
esp32,1787204899042050345
lidar,1787204899060360984
lidar,1787204899160591644
esp32,1787204899162056428
lidar,1787204899260389470
esp32,1787204899261735521
lidar,1787204899360567587
esp32,1787204899362254076
lidar,1787204899461033732
esp32,1787204899462057090
lidar,1787204899561186941
esp32,1787204899562095031
lidar,1787204899661228601
esp32,1787204899662158839
lidar,1787204899761305684
esp32,1787204899762059299
lidar,1787204899861535542
esp32,1787204899862289143
lidar,1787204899961875959
esp32,1787204899962644832
esp32,1787204900061616615
lidar,1787204900061997965
esp32,1787204900161664839
lidar,1787204900161827798
esp32,1787204900261348230
lidar,1787204900261589084
lidar,1787204900362098243
esp32,1787204900363019400
lidar,1787204900461514593
esp32,1787204900462317777
esp32,1787204900541944310
lidar,1787204900560675091
esp32,1787204900642204449
lidar,1787204900660610780
lidar,1787204900760301666
esp32,1787204900761925540
lidar,1787204900859853795
esp32,1787204900862097129
lidar,1787204900959235875
esp32,1787204900962183829
lidar,1787204901059041281
esp32,1787204901062090934
lidar,1787204901159264295
esp32,1787204901161976873
lidar,1787204901259211342
esp32,1787204901262032038
lidar,1787204901359157914
esp32,1787204901361986504
lidar,1787204901459233454
esp32,1787204901462085081
lidar,1787204901559637025
esp32,1787204901562405798
lidar,1787204901660003087
esp32,1787204901662099177
lidar,1787204901760277659
esp32,1787204901761968763
lidar,1787204901860572611
esp32,1787204901862200637
lidar,1787204901960779895
esp32,1787204901962354044
lidar,1787204902060906051
esp32,1787204902062441558
lidar,1787204902160919907
esp32,1787204902162234332
lidar,1787204902260754205
esp32,1787204902262196949
lidar,1787204902360716678
esp32,1787204902362208841
lidar,1787204902460518084
esp32,1787204902462184309
lidar,1787204902559675460
esp32,1787204902561398898
esp32,1787204902642405437
lidar,1787204902659630497
lidar,1787204902759040817
esp32,1787204902762211641
lidar,1787204902858875119
esp32,1787204902862149113
lidar,1787204902958445786
esp32,1787204902962086618
lidar,1787204903057967970
esp32,1787204903061981887
lidar,1787204903157871603
esp32,1787204903161854995
lidar,1787204903257906789
esp32,1787204903262208876
lidar,1787204903357667333
esp32,1787204903362100662
lidar,1787204903457821100
esp32,1787204903461987357
lidar,1787204903557816600
esp32,1787204903562143363
lidar,1787204903657926668
esp32,1787204903662082733
lidar,1787204903758047747
esp32,1787204903762056201
lidar,1787204903858469629
esp32,1787204903862242242
lidar,1787204903958125802
esp32,1787204903961999506
lidar,1787204904058607602
esp32,1787204904062158752
lidar,1787204904158688673
esp32,1787204904162079993
esp32,1787204904242704019
lidar,1787204904258299670
lidar,1787204904358454943
esp32,1787204904362144998
esp32,1787204904442454769
lidar,1787204904457888778
lidar,1787204904557902987
esp32,1787204904562466808
lidar,1787204904657552335
esp32,1787204904662184918
lidar,1787204904756956330
esp32,1787204904762199529
lidar,1787204904856887945
esp32,1787204904862178453
lidar,1787204904956387259
esp32,1787204904962020799
lidar,1787204905055761868
esp32,1787204905062120170
lidar,1787204905155198367
esp32,1787204905162165243
lidar,1787204905254678178
esp32,1787204905262105398
lidar,1787204905354412379
esp32,1787204905362095149
lidar,1787204905454881854
esp32,1787204905462111560
lidar,1787204905555243312
esp32,1787204905562194140
lidar,1787204905655704230
esp32,1787204905662248242
lidar,1787204905756051249
esp32,1787204905762059299
esp32,1787204905842271865
lidar,1787204905856437200
esp32,1787204905942399138
lidar,1787204905956265934
esp32,1787204906042449550
lidar,1787204906056323796
esp32,1787204906142592694
lidar,1787204906155795130
esp32,1787204906242412479
lidar,1787204906255407415
lidar,1787204906354807407
esp32,1787204906362284100
lidar,1787204906454514748
esp32,1787204906462149885
lidar,1787204906553962740
esp32,1787204906562240312
lidar,1787204906652866120
esp32,1787204906662445712
lidar,1787204906753219889
esp32,1787204906762102783
lidar,1787204906852526010
esp32,1787204906862157653
lidar,1787204906951708800
esp32,1787204906962123570
lidar,1787204907051473158
esp32,1787204907062037715
lidar,1787204907150824751
esp32,1787204907162409033
lidar,1787204907250450389
esp32,1787204907261890783
lidar,1787204907350781017
esp32,1787204907362106264
lidar,1787204907450915919
esp32,1787204907462157717
lidar,1787204907551181254
esp32,1787204907562098225
lidar,1787204907651249748
esp32,1787204907662189501
lidar,1787204907751162338
esp32,1787204907762075374
lidar,1787204907851643197
esp32,1787204907862097918
lidar,1787204907951721126
esp32,1787204907962096477
lidar,1787204908051767999
esp32,1787204908062110528
esp32,1787204908142434465
lidar,1787204908151994467
esp32,1787204908242346234
lidar,1787204908251820979
lidar,1787204908352247841
esp32,1787204908362318683
lidar,1787204908452850238
esp32,1787204908462000555
lidar,1787204908552951709
esp32,1787204908562130975
lidar,1787204908652713602
esp32,1787204908662130835
lidar,1787204908752336525
esp32,1787204908761967520
lidar,1787204908852127776
esp32,1787204908862034393
lidar,1787204908951848486
esp32,1787204908962078205
lidar,1787204909051739977
esp32,1787204909062133362
lidar,1787204909150962930
esp32,1787204909161893885
lidar,1787204909250445653
esp32,1787204909261687686
lidar,1787204909349997828
esp32,1787204909362064752
lidar,1787204909449711871
esp32,1787204909462298807
lidar,1787204909549465833
esp32,1787204909562056123
lidar,1787204909648965587
esp32,1787204909662406706
lidar,1787204909748365818
esp32,1787204909761954224
lidar,1787204909848294886
esp32,1787204909862405331
lidar,1787204909947833087
esp32,1787204909962280109
esp32,1787204910041588916
lidar,1787204910046792605
esp32,1787204910141501476
lidar,1787204910146498494
lidar,1787204910246140833
esp32,1787204910261451867
lidar,1787204910346323769
esp32,1787204910362387372
lidar,1787204910446863751
esp32,1787204910462364946
lidar,1787204910547086471
esp32,1787204910562334391
lidar,1787204910646999509
esp32,1787204910662337421
lidar,1787204910747754037
esp32,1787204910762283990
lidar,1787204910847468811
esp32,1787204910862293220
lidar,1787204910947899108
esp32,1787204910962326736
lidar,1787204911048407078
esp32,1787204911062346359
lidar,1787204911148445364
esp32,1787204911162364098
lidar,1787204911248063672
esp32,1787204911262383345
lidar,1787204911348131178
esp32,1787204911362281851
lidar,1787204911447852496
esp32,1787204911462357050
lidar,1787204911547216798
esp32,1787204911562383331
esp32,1787204911642229096
lidar,1787204911646780135
esp32,1787204911742246982
lidar,1787204911746218533
esp32,1787204911842263802
lidar,1787204911846241169
lidar,1787204911946341369
esp32,1787204911962447854
lidar,1787204912045994530
esp32,1787204912062310389
lidar,1787204912145880253
esp32,1787204912162470249
lidar,1787204912245579900
esp32,1787204912262372403
lidar,1787204912346143981
esp32,1787204912361737931
lidar,1787204912446159430
esp32,1787204912462427645
lidar,1787204912546306963
esp32,1787204912562644865
lidar,1787204912646877491
esp32,1787204912662450490
lidar,1787204912747173766
esp32,1787204912762419296
lidar,1787204912847211006
esp32,1787204912861910313
lidar,1787204912947241651
esp32,1787204912961921307
lidar,1787204913047030642
esp32,1787204913061954678
lidar,1787204913146697745
esp32,1787204913162504033
lidar,1787204913246251836
esp32,1787204913262083955
lidar,1787204913346169505
esp32,1787204913361944506
lidar,1787204913445961150
esp32,1787204913462066260
lidar,1787204913545281247
esp32,1787204913561811631
lidar,1787204913644889237
esp32,1787204913661837585
lidar,1787204913744377151
esp32,1787204913761821068
lidar,1787204913844135223
esp32,1787204913861848702
lidar,1787204913944297388
esp32,1787204913961816054
lidar,1787204914044530260
esp32,1787204914062101232
lidar,1787204914144279020
esp32,1787204914162130908
lidar,1787204914244409860
esp32,1787204914262070717
lidar,1787204914345107446
esp32,1787204914362335453
lidar,1787204914445071460
esp32,1787204914461918752
lidar,1787204914545733762
esp32,1787204914561921986
lidar,1787204914645507194
esp32,1787204914662222984
lidar,1787204914744962157
esp32,1787204914761327121
lidar,1787204914844928157
esp32,1787204914862324571
lidar,1787204914944569153
esp32,1787204914962111716
lidar,1787204915044163199
esp32,1787204915061877929
lidar,1787204915143355293
esp32,1787204915162244903
lidar,1787204915242988119
esp32,1787204915261933740
lidar,1787204915342735342
esp32,1787204915362408043
lidar,1787204915442249484
esp32,1787204915462185406
lidar,1787204915542192523
esp32,1787204915562233461
lidar,1787204915642267426
esp32,1787204915662295031
lidar,1787204915742188359
esp32,1787204915762485649
lidar,1787204915842492639
esp32,1787204915862531533
lidar,1787204915942769917
esp32,1787204915962382271
lidar,1787204916043504222
esp32,1787204916062200469
lidar,1787204916144131859
esp32,1787204916162286138
lidar,1787204916244790626
esp32,1787204916262233036
lidar,1787204916344649513
esp32,1787204916362262882
lidar,1787204916444708245
esp32,1787204916462436555
lidar,1787204916544974807
esp32,1787204916562012716
lidar,1787204916644766718
esp32,1787204916662492502
lidar,1787204916744205746
esp32,1787204916762247097
lidar,1787204916844063382
esp32,1787204916862574411
lidar,1787204916943657656
esp32,1787204916962384142
lidar,1787204917043232909
esp32,1787204917062345644
lidar,1787204917142870049
esp32,1787204917162259558
lidar,1787204917242314166
esp32,1787204917262140024
lidar,1787204917341927057
esp32,1787204917362393518
lidar,1787204917441533721
esp32,1787204917462590131
lidar,1787204917541475839
esp32,1787204917562422411
lidar,1787204917641591634
esp32,1787204917662460648
lidar,1787204917741865490
esp32,1787204917762379364
lidar,1787204917842235397
esp32,1787204917862449972
lidar,1787204917942297153
esp32,1787204917962507529
lidar,1787204918042651789
esp32,1787204918062440533
lidar,1787204918142829476
esp32,1787204918162426623
lidar,1787204918243655040
esp32,1787204918262393624
lidar,1787204918343621913
esp32,1787204918362427959
lidar,1787204918443576166
esp32,1787204918462450682
lidar,1787204918543234228
esp32,1787204918562274082
lidar,1787204918642891221
esp32,1787204918662515829
lidar,1787204918742341307
esp32,1787204918762445556
lidar,1787204918842151600
esp32,1787204918862339757
lidar,1787204918941830289
esp32,1787204918962315226
lidar,1787204919041502412
esp32,1787204919062447523
lidar,1787204919141518646
esp32,1787204919162480667
lidar,1787204919241189398
esp32,1787204919262367428
lidar,1787204919341436995
esp32,1787204919362466199
lidar,1787204919441292103
esp32,1787204919462352254
lidar,1787204919540713184
esp32,1787204919562378957
lidar,1787204919640903760
esp32,1787204919662047666
lidar,1787204919740900437
esp32,1787204919762478518
lidar,1787204919841287201
esp32,1787204919862571943
lidar,1787204919941586199
esp32,1787204919962401934
lidar,1787204920041490021
esp32,1787204920061547707
lidar,1787204920141334466
esp32,1787204920161835294
lidar,1787204920241836007
esp32,1787204920261351690
lidar,1787204920341851280
esp32,1787204920362387674
lidar,1787204920442209294
esp32,1787204920462453923
lidar,1787204920541570373
esp32,1787204920562291384
lidar,1787204920641284132
esp32,1787204920662462715
lidar,1787204920741063108
esp32,1787204920762363981
lidar,1787204920840621278
esp32,1787204920862289333
lidar,1787204920940425463
esp32,1787204920962516602
lidar,1787204921040187742
esp32,1787204921062419631
lidar,1787204921139525924
esp32,1787204921162449076
lidar,1787204921238894463
esp32,1787204921262133590
lidar,1787204921338335303
esp32,1787204921362392251
lidar,1787204921437810975
esp32,1787204921462279249
lidar,1787204921538001070
esp32,1787204921561803987
lidar,1787204921637645669
esp32,1787204921662561541
lidar,1787204921737586004
esp32,1787204921762633058
lidar,1787204921837540431
esp32,1787204921862355828
lidar,1787204921937351755
esp32,1787204921962630359
lidar,1787204922037657748
esp32,1787204922062452199
lidar,1787204922138467235
esp32,1787204922162459992
lidar,1787204922238389579
esp32,1787204922262295450
lidar,1787204922338378801
esp32,1787204922362333521
lidar,1787204922438974958
esp32,1787204922462426035
lidar,1787204922539243337
esp32,1787204922562252933
lidar,1787204922639247206
esp32,1787204922662390491
lidar,1787204922739370880
esp32,1787204922762167476
lidar,1787204922839209072
esp32,1787204922861514996
lidar,1787204922938648136
esp32,1787204922962429178
lidar,1787204923037789244
esp32,1787204923062501104
lidar,1787204923138120398
esp32,1787204923162434177
lidar,1787204923237466279
esp32,1787204923262395720
lidar,1787204923336714848
esp32,1787204923362430119
lidar,1787204923436565837
esp32,1787204923462468618
lidar,1787204923536248976
esp32,1787204923562524427
lidar,1787204923635599997
esp32,1787204923662518131
lidar,1787204923735303808
esp32,1787204923762540968
lidar,1787204923835245328
esp32,1787204923862451169
lidar,1787204923935018532
esp32,1787204923962577826
lidar,1787204924035155365
esp32,1787204924062601304
lidar,1787204924135311746
esp32,1787204924162435889
lidar,1787204924235259317
esp32,1787204924262459676
lidar,1787204924335192467
esp32,1787204924362467335
lidar,1787204924435340449
esp32,1787204924462372931
lidar,1787204924535846969
esp32,1787204924562025492
lidar,1787204924635565511
esp32,1787204924662533402
lidar,1787204924736100465
esp32,1787204924762402735
lidar,1787204924836285168
esp32,1787204924861718172
lidar,1787204924935994296
esp32,1787204924962368682
lidar,1787204925036178315
esp32,1787204925062316939
lidar,1787204925135991662
esp32,1787204925162432798
lidar,1787204925235657686
esp32,1787204925262027465
lidar,1787204925335357212
esp32,1787204925362430913
lidar,1787204925434820214
esp32,1787204925462514545
lidar,1787204925534285011
esp32,1787204925562436911
lidar,1787204925633730374
esp32,1787204925662207411
lidar,1787204925733481288
esp32,1787204925762566679
lidar,1787204925833274941
esp32,1787204925862350893
lidar,1787204925932564217
esp32,1787204925962372546
lidar,1787204926033010155
esp32,1787204926062464914
lidar,1787204926133268039
esp32,1787204926162555785
lidar,1787204926233074851
esp32,1787204926262276632
lidar,1787204926333323541
esp32,1787204926362287927
lidar,1787204926433375545
esp32,1787204926462344815
lidar,1787204926533571257
esp32,1787204926562206568
lidar,1787204926634185219
esp32,1787204926662184195
lidar,1787204926734321216
esp32,1787204926762264685
lidar,1787204926834291109
esp32,1787204926861902983
lidar,1787204926934225211
esp32,1787204926961846365
lidar,1787204927034049843
esp32,1787204927062276807
lidar,1787204927133670408
esp32,1787204927161804772
lidar,1787204927233349090
esp32,1787204927262046627
lidar,1787204927332811781
esp32,1787204927361745247
lidar,1787204927432556968
esp32,1787204927461878661
lidar,1787204927532077763
esp32,1787204927561886165
lidar,1787204927631594891
esp32,1787204927662043649
lidar,1787204927731176210
esp32,1787204927762616096
lidar,1787204927830794894
esp32,1787204927862097368
lidar,1787204927930132332
esp32,1787204927962538679
lidar,1787204928029915210
esp32,1787204928062138677
lidar,1787204928130047597
esp32,1787204928162403807
lidar,1787204928230002842
esp32,1787204928262400176
lidar,1787204928330474196
esp32,1787204928362452001
lidar,1787204928430613107
esp32,1787204928462522354
lidar,1787204928531188703
esp32,1787204928562317875
lidar,1787204928631081168
esp32,1787204928662026805
lidar,1787204928731332059
esp32,1787204928762327266
lidar,1787204928831970927
esp32,1787204928862159870
lidar,1787204928931770639
esp32,1787204928962331220
lidar,1787204929032109783
esp32,1787204929062548665
lidar,1787204929132276469
esp32,1787204929162156208
lidar,1787204929231353954
esp32,1787204929262521794
lidar,1787204929331530202
esp32,1787204929362089480
lidar,1787204929431016897
esp32,1787204929462056314
lidar,1787204929530809865
esp32,1787204929562071256
lidar,1787204929630422601
esp32,1787204929662346075
lidar,1787204929729975003
esp32,1787204929762479999
lidar,1787204929829825038
esp32,1787204929862429793
lidar,1787204929929003465
esp32,1787204929962420933
lidar,1787204930028377328
esp32,1787204930061621318
lidar,1787204930127938307
esp32,1787204930161728188
lidar,1787204930227567902
esp32,1787204930261466217
lidar,1787204930327370804
esp32,1787204930362338515
lidar,1787204930427314026
esp32,1787204930462368402
lidar,1787204930526681189
esp32,1787204930561762453
lidar,1787204930626174014
esp32,1787204930661731403
lidar,1787204930726297104
esp32,1787204930762123010
lidar,1787204930826411912
esp32,1787204930862257272
lidar,1787204930926642243
esp32,1787204930961551116
lidar,1787204931027057664
esp32,1787204931062385081
lidar,1787204931127227255
esp32,1787204931162387043
lidar,1787204931227302373
esp32,1787204931262165703
lidar,1787204931328449900
esp32,1787204931362352459
lidar,1787204931428854285
esp32,1787204931462598192
lidar,1787204931528952401
esp32,1787204931562436443
lidar,1787204931629571197
esp32,1787204931662446628
lidar,1787204931729566723
esp32,1787204931762291506
lidar,1787204931829307610
esp32,1787204931862408251
lidar,1787204931929088866
esp32,1787204931962361059
lidar,1787204932028752234
esp32,1787204932062357739
lidar,1787204932128144835
esp32,1787204932162386087
lidar,1787204932227880379
esp32,1787204932262326455
lidar,1787204932327582043
esp32,1787204932362496675
lidar,1787204932427014747
esp32,1787204932462561989
lidar,1787204932526696265
esp32,1787204932562380593
lidar,1787204932626312128
esp32,1787204932662432542
lidar,1787204932725591779
esp32,1787204932762321028
lidar,1787204932825139252
esp32,1787204932862431753
lidar,1787204932924858934
esp32,1787204932961861493
lidar,1787204933024831712
esp32,1787204933062468441
lidar,1787204933125013678
esp32,1787204933162455468
lidar,1787204933225097161
esp32,1787204933262042107
lidar,1787204933325600195
esp32,1787204933362370958
lidar,1787204933425675564
esp32,1787204933462391261
lidar,1787204933526121999
esp32,1787204933562456859
lidar,1787204933626421825
esp32,1787204933662465778
lidar,1787204933726669993
esp32,1787204933762488951
lidar,1787204933826489474
esp32,1787204933862322806
lidar,1787204933926267612
esp32,1787204933962418297
lidar,1787204934025768916
esp32,1787204934062447970
lidar,1787204934125883073
esp32,1787204934162318960
lidar,1787204934225441613
esp32,1787204934262303603
lidar,1787204934325331160
esp32,1787204934362351363
lidar,1787204934424683658
esp32,1787204934462323338
lidar,1787204934524147042
esp32,1787204934562199056
lidar,1787204934623587182
esp32,1787204934662302526
lidar,1787204934723160331
esp32,1787204934762227796
lidar,1787204934822978614
esp32,1787204934862369575
lidar,1787204934922907625
esp32,1787204934962412462
lidar,1787204935022892979
esp32,1787204935062323037
lidar,1787204935123316757
esp32,1787204935162343730
lidar,1787204935223271961
esp32,1787204935262436091
lidar,1787204935323849041
esp32,1787204935362423987
lidar,1787204935423753676
esp32,1787204935462384317
lidar,1787204935524055211
esp32,1787204935562265057
lidar,1787204935624058195
esp32,1787204935662489634
lidar,1787204935724353988
esp32,1787204935762457915
lidar,1787204935824476748
esp32,1787204935862569788
lidar,1787204935924960685
esp32,1787204935962226180
lidar,1787204936024904902
esp32,1787204936062429753
lidar,1787204936124752747
esp32,1787204936162360984
lidar,1787204936224553606
esp32,1787204936262385240
lidar,1787204936323934321
esp32,1787204936362449070
lidar,1787204936423776578
esp32,1787204936462531474
lidar,1787204936523050787
esp32,1787204936562453407
lidar,1787204936622762549
esp32,1787204936662506120
lidar,1787204936722286131
esp32,1787204936762479654
lidar,1787204936821942472
esp32,1787204936862466425
lidar,1787204936922039680
esp32,1787204936962391181
lidar,1787204937022060384
esp32,1787204937061953998
lidar,1787204937121986482
esp32,1787204937162373177
lidar,1787204937222086014
esp32,1787204937262342474
lidar,1787204937322715442
esp32,1787204937362385761
lidar,1787204937422533498
esp32,1787204937462498528
lidar,1787204937522647513
esp32,1787204937562523516
lidar,1787204937622348431
esp32,1787204937662473015
lidar,1787204937722708419
esp32,1787204937762481536
lidar,1787204937822693403
esp32,1787204937862529567
lidar,1787204937922822707
esp32,1787204937962364413
lidar,1787204938022561190
esp32,1787204938062345358
lidar,1787204938122254228
esp32,1787204938162502659
lidar,1787204938221966381
esp32,1787204938262325608
lidar,1787204938321489938
esp32,1787204938362366036
lidar,1787204938420802293
esp32,1787204938462364811
lidar,1787204938520466787
esp32,1787204938562277391
lidar,1787204938620214327
esp32,1787204938662501902
lidar,1787204938719502109
esp32,1787204938762323944
lidar,1787204938819067757
esp32,1787204938862426675
lidar,1787204938918299151
esp32,1787204938962094727
lidar,1787204939017956011
esp32,1787204939062536158
lidar,1787204939117596347
esp32,1787204939162236931
lidar,1787204939217219437
esp32,1787204939262358693
lidar,1787204939316935776
esp32,1787204939362455490
lidar,1787204939417119961
esp32,1787204939462584454
lidar,1787204939517230054
esp32,1787204939562516587
lidar,1787204939617655330
esp32,1787204939662408278
lidar,1787204939717785181
esp32,1787204939762360406
lidar,1787204939818429794
esp32,1787204939862515049
lidar,1787204939918397136
esp32,1787204939962422733
lidar,1787204940018669924
esp32,1787204940061920060
lidar,1787204940118674484
esp32,1787204940161667912
lidar,1787204940218064657
esp32,1787204940262025814
lidar,1787204940317944577
esp32,1787204940361567833
lidar,1787204940418125368
esp32,1787204940462542753
lidar,1787204940517562473
esp32,1787204940562413062
lidar,1787204940617141052
esp32,1787204940662441442
lidar,1787204940716666030
esp32,1787204940762355215
lidar,1787204940816669799
esp32,1787204940862052105
lidar,1787204940916160169
esp32,1787204940962495727
lidar,1787204941015646110
esp32,1787204941062285797
lidar,1787204941114867521
esp32,1787204941162302524
lidar,1787204941214841153
esp32,1787204941262081889
lidar,1787204941314699630
esp32,1787204941362160109
lidar,1787204941414421653
esp32,1787204941462064043
lidar,1787204941514733082
esp32,1787204941562280513
lidar,1787204941614933365
esp32,1787204941662333705
lidar,1787204941716042872
esp32,1787204941762274425
lidar,1787204941816717039
esp32,1787204941862218884
lidar,1787204941917175962
esp32,1787204941962127929
lidar,1787204942017848451
esp32,1787204942062204583
lidar,1787204942118109891
esp32,1787204942162154679
lidar,1787204942218526223
esp32,1787204942262154588
lidar,1787204942318813485
esp32,1787204942362314063
lidar,1787204942418979590
esp32,1787204942462259939
lidar,1787204942519532605
esp32,1787204942562336827
lidar,1787204942619279252
esp32,1787204942662264210
lidar,1787204942719364952
esp32,1787204942762441329
lidar,1787204942818574584
esp32,1787204942862479044
lidar,1787204942918014930
esp32,1787204942961932288
lidar,1787204943017656676
esp32,1787204943062400598
lidar,1787204943117307089
esp32,1787204943162408913
lidar,1787204943216829729
esp32,1787204943262056401
lidar,1787204943316507954
esp32,1787204943361925850
lidar,1787204943416168086
esp32,1787204943462332047
lidar,1787204943515614561
esp32,1787204943561942653
lidar,1787204943615333995
esp32,1787204943661948685
lidar,1787204943714766293
esp32,1787204943762405255
lidar,1787204943814682864
esp32,1787204943862397136
lidar,1787204943914503382
esp32,1787204943962136409
lidar,1787204944014693968
esp32,1787204944062384184
lidar,1787204944114769804
esp32,1787204944162356792
lidar,1787204944214899980
esp32,1787204944262475456
lidar,1787204944315517444
esp32,1787204944362544164
lidar,1787204944416105624
esp32,1787204944462227791
lidar,1787204944516348282
esp32,1787204944562313441
lidar,1787204944616979513
esp32,1787204944662061549
lidar,1787204944716977604
esp32,1787204944762140129
lidar,1787204944816391573
esp32,1787204944862349556
lidar,1787204944916121171
esp32,1787204944961507660
lidar,1787204945015424336
esp32,1787204945062259459
lidar,1787204945115110385
esp32,1787204945161891348
lidar,1787204945214431463
esp32,1787204945262250790
lidar,1787204945314118129
esp32,1787204945362194710
lidar,1787204945413808228
esp32,1787204945462274345
lidar,1787204945513297457
esp32,1787204945562193517
lidar,1787204945612789090
esp32,1787204945662465398
lidar,1787204945712092870
esp32,1787204945762323062
lidar,1787204945811935276
esp32,1787204945862305511
lidar,1787204945911740338
esp32,1787204945962307215
lidar,1787204946011614880
esp32,1787204946062397273
lidar,1787204946111544718
esp32,1787204946162365088
lidar,1787204946211638868
esp32,1787204946262022064
lidar,1787204946311867677
esp32,1787204946362160572
lidar,1787204946412243000
esp32,1787204946462240681
lidar,1787204946512197294
esp32,1787204946562317630
lidar,1787204946612508365
esp32,1787204946662532902
lidar,1787204946712802348
esp32,1787204946761959539
lidar,1787204946812285313
esp32,1787204946862628661
lidar,1787204946912110245
esp32,1787204946962179897
lidar,1787204947011442225
esp32,1787204947062364824
lidar,1787204947111297885
esp32,1787204947162593834
lidar,1787204947210507777
esp32,1787204947262441691
lidar,1787204947310675171
esp32,1787204947362512822
lidar,1787204947410324408
esp32,1787204947462503171
lidar,1787204947509968640
esp32,1787204947562586811
lidar,1787204947609509104
esp32,1787204947662462654
lidar,1787204947709264909
esp32,1787204947762376113
lidar,1787204947808793991
esp32,1787204947862489498
lidar,1787204947908483905
esp32,1787204947962235440
lidar,1787204948008916738
esp32,1787204948062265989
lidar,1787204948109053093
esp32,1787204948162433645
lidar,1787204948209268613
esp32,1787204948262086460
lidar,1787204948309603630
esp32,1787204948362171875
lidar,1787204948410062850
esp32,1787204948462460597
lidar,1787204948510189567
esp32,1787204948562146535
lidar,1787204948610424007
esp32,1787204948662463661
lidar,1787204948710618651
esp32,1787204948762601119
lidar,1787204948810811143
esp32,1787204948862540576
lidar,1787204948910422654
esp32,1787204948962565777
lidar,1787204949010370401
esp32,1787204949062520349
lidar,1787204949110032818
esp32,1787204949162449203
lidar,1787204949209312010
esp32,1787204949262079510
lidar,1787204949309069497
esp32,1787204949362383055
lidar,1787204949408685621
esp32,1787204949462508577
lidar,1787204949507882407
esp32,1787204949562464775
lidar,1787204949607362593
esp32,1787204949662426670
lidar,1787204949707102520
esp32,1787204949762443580
lidar,1787204949806675223
esp32,1787204949862434997
lidar,1787204949906177570
esp32,1787204949962563992
lidar,1787204950005939711
esp32,1787204950061474486
lidar,1787204950105919520
esp32,1787204950161725111
lidar,1787204950206404894
esp32,1787204950261388509
lidar,1787204950306811191
esp32,1787204950362553294
lidar,1787204950407841433
esp32,1787204950462537798
lidar,1787204950507660811
esp32,1787204950562365160
lidar,1787204950608362359
esp32,1787204950662544921
lidar,1787204950708210316
esp32,1787204950762485354
lidar,1787204950809144860
esp32,1787204950862578105
lidar,1787204950909298796
esp32,1787204950962373815
lidar,1787204951009329670
esp32,1787204951062369574
lidar,1787204951108591953
esp32,1787204951162530155
lidar,1787204951208406536
esp32,1787204951262183868
lidar,1787204951307717628
esp32,1787204951362551259
lidar,1787204951407028408
esp32,1787204951462273852
lidar,1787204951506269105
esp32,1787204951562202847
lidar,1787204951605976211
esp32,1787204951662338585
lidar,1787204951705536842
esp32,1787204951762459147
lidar,1787204951805673198
esp32,1787204951862574396
lidar,1787204951905326199
esp32,1787204951962400738
lidar,1787204952005129090
esp32,1787204952062477907
lidar,1787204952104806072
esp32,1787204952162464574
lidar,1787204952204462945
esp32,1787204952262270907
lidar,1787204952304194778
esp32,1787204952361787627
lidar,1787204952404133047
esp32,1787204952462076206
lidar,1787204952504827301
esp32,1787204952562296900
lidar,1787204952605329693
esp32,1787204952662379537
lidar,1787204952705317638
esp32,1787204952762456621
lidar,1787204952805807995
esp32,1787204952862107466
lidar,1787204952905942465
esp32,1787204952962525172
lidar,1787204953006117721
esp32,1787204953062487055
lidar,1787204953105789988
esp32,1787204953162370824
lidar,1787204953205632591
esp32,1787204953261361503
lidar,1787204953305232886
esp32,1787204953362442371
lidar,1787204953404784163
esp32,1787204953462377227
lidar,1787204953504773466
esp32,1787204953562282128
lidar,1787204953604333267
esp32,1787204953662300667
lidar,1787204953703810529
esp32,1787204953762303085
lidar,1787204953803312183
esp32,1787204953862422849
lidar,1787204953904136311
esp32,1787204953962367527
lidar,1787204954004118987
esp32,1787204954062415166
lidar,1787204954104647847
esp32,1787204954162361460
lidar,1787204954204910639
esp32,1787204954262321159
lidar,1787204954305328176
esp32,1787204954361945921
lidar,1787204954405789477
esp32,1787204954462093135
lidar,1787204954505997255
esp32,1787204954562006332
lidar,1787204954605810644
esp32,1787204954662508830
lidar,1787204954705553686
esp32,1787204954762313354
lidar,1787204954805428140
esp32,1787204954861990131
lidar,1787204954904900473
esp32,1787204954962267559
lidar,1787204955004509414
esp32,1787204955062205524
lidar,1787204955104409960
esp32,1787204955162269490
lidar,1787204955203937810
esp32,1787204955262066911
lidar,1787204955303015899
esp32,1787204955362320877
lidar,1787204955403022919
esp32,1787204955461871429
lidar,1787204955502356931
esp32,1787204955562276576
lidar,1787204955602245060
esp32,1787204955662436944
lidar,1787204955702194028
esp32,1787204955762251037
lidar,1787204955802335017
esp32,1787204955862300437
lidar,1787204955902437137
esp32,1787204955962442317
lidar,1787204956002642262
esp32,1787204956062455301
lidar,1787204956102999488
esp32,1787204956162351493
lidar,1787204956203042498
esp32,1787204956262340459
lidar,1787204956303441317
esp32,1787204956362239866
lidar,1787204956404025630
esp32,1787204956462295446
lidar,1787204956504366887
esp32,1787204956562473531
lidar,1787204956604747801
esp32,1787204956662296566
lidar,1787204956704979984
esp32,1787204956762486429
lidar,1787204956804719138
esp32,1787204956862530205
lidar,1787204956904695504
esp32,1787204956962483148
lidar,1787204957004244930
esp32,1787204957062424134
lidar,1787204957103952925
esp32,1787204957162345141
lidar,1787204957203443103
esp32,1787204957262245190
lidar,1787204957302720609
esp32,1787204957362324621
lidar,1787204957402302966
esp32,1787204957462348741
lidar,1787204957501692072
esp32,1787204957562465952
lidar,1787204957601261415
esp32,1787204957662339000
lidar,1787204957700484919
esp32,1787204957762281545
lidar,1787204957799976669
esp32,1787204957862316768
lidar,1787204957899115898
esp32,1787204957962325008
lidar,1787204957998604922
esp32,1787204958062260719
lidar,1787204958098270064
esp32,1787204958162409769
lidar,1787204958197850912
esp32,1787204958262413329
lidar,1787204958297405462
esp32,1787204958362287472
lidar,1787204958397679806
esp32,1787204958462347745
lidar,1787204958497396160
esp32,1787204958562048881
lidar,1787204958597739493
esp32,1787204958662431775
lidar,1787204958697412389
esp32,1787204958761920017
lidar,1787204958798001926
esp32,1787204958862327964
lidar,1787204958898224563
esp32,1787204958962318706
lidar,1787204958998354729
esp32,1787204959062107887
lidar,1787204959098171726
esp32,1787204959162101842
lidar,1787204959198469715
esp32,1787204959262113108
lidar,1787204959298636754
esp32,1787204959361602380
lidar,1787204959398014770
esp32,1787204959461961525
lidar,1787204959498325320
esp32,1787204959562292202
lidar,1787204959597599263
esp32,1787204959662232378
lidar,1787204959697394103
esp32,1787204959762315047
lidar,1787204959796845527
esp32,1787204959862287578
lidar,1787204959896420226
esp32,1787204959962261435
lidar,1787204959995897764
esp32,1787204960061482543
lidar,1787204960095797702
esp32,1787204960161446583
lidar,1787204960195823937
esp32,1787204960261665987
lidar,1787204960295086952
esp32,1787204960362297800
lidar,1787204960395303182
esp32,1787204960462312421
lidar,1787204960495522225
esp32,1787204960562244632
lidar,1787204960595496442
esp32,1787204960662279363
lidar,1787204960695626713
esp32,1787204960762273871
lidar,1787204960795929259
esp32,1787204960862406788
lidar,1787204960896395154
esp32,1787204960962600884
lidar,1787204960995956917
esp32,1787204961062442124
lidar,1787204961096531713
esp32,1787204961162161067
lidar,1787204961196681091
esp32,1787204961262157818
lidar,1787204961297127211
esp32,1787204961362293685
lidar,1787204961397282717
esp32,1787204961462525126
lidar,1787204961497068075
esp32,1787204961562559466
lidar,1787204961596766046
esp32,1787204961662533229
lidar,1787204961696328728
esp32,1787204961762469790
lidar,1787204961796125468
esp32,1787204961862536412
lidar,1787204961895606324
esp32,1787204961962354781
lidar,1787204961995000859
esp32,1787204962062500961
lidar,1787204962094464938
esp32,1787204962162527550
lidar,1787204962194523946
esp32,1787204962262177896
lidar,1787204962293728839
esp32,1787204962362470652
lidar,1787204962393922769
esp32,1787204962462365089
lidar,1787204962494517131
esp32,1787204962562528443
lidar,1787204962594578832
esp32,1787204962662492722
lidar,1787204962694582596
esp32,1787204962762394460
lidar,1787204962794848421
esp32,1787204962862469835
lidar,1787204962895563467
esp32,1787204962962498510
lidar,1787204962995872535
esp32,1787204963062329767
lidar,1787204963095741960
esp32,1787204963162438293
lidar,1787204963195231178
esp32,1787204963262046065
lidar,1787204963295001914
esp32,1787204963362354045
lidar,1787204963394554971
esp32,1787204963462470868
lidar,1787204963494281095
esp32,1787204963562547144
lidar,1787204963593713338
esp32,1787204963662492121
lidar,1787204963693468495
esp32,1787204963762380741
lidar,1787204963793109164
esp32,1787204963862558725
lidar,1787204963892172348
esp32,1787204963962556588
lidar,1787204963991631978
esp32,1787204964062572423
lidar,1787204964091135022
esp32,1787204964162486928
lidar,1787204964190613469
esp32,1787204964262372347
lidar,1787204964290332362
esp32,1787204964362471626
lidar,1787204964390211902
esp32,1787204964462475123
lidar,1787204964490204663
esp32,1787204964562340545
lidar,1787204964590218051
esp32,1787204964662437507
lidar,1787204964690454493
esp32,1787204964762118308
lidar,1787204964791070290
esp32,1787204964862466853
lidar,1787204964891359651
esp32,1787204964962487463
lidar,1787204964991572472
esp32,1787204965062581592
lidar,1787204965091788840
esp32,1787204965162466694
lidar,1787204965191820219
esp32,1787204965262295761
lidar,1787204965291586851
esp32,1787204965362641613
lidar,1787204965391262858
esp32,1787204965462440520
lidar,1787204965490899631
esp32,1787204965562510678
lidar,1787204965590286159
esp32,1787204965662493993
lidar,1787204965689901426
esp32,1787204965762595950
lidar,1787204965789242208
esp32,1787204965862642902
lidar,1787204965889081962
esp32,1787204965962459583
lidar,1787204965988180172
esp32,1787204966062510901
lidar,1787204966088019164
esp32,1787204966162580721
lidar,1787204966187894156
esp32,1787204966262356933
lidar,1787204966287763355
esp32,1787204966362599565
lidar,1787204966388069203
esp32,1787204966462572689
lidar,1787204966487544574
esp32,1787204966582464244
lidar,1787204966587942603
esp32,1787204966662339995
lidar,1787204966688269668
esp32,1787204966762495687
lidar,1787204966788715052
esp32,1787204966862305399
lidar,1787204966889085935
esp32,1787204966962487684
lidar,1787204966989234154
esp32,1787204967062437033
lidar,1787204967090118701
esp32,1787204967162495545
lidar,1787204967189837743
esp32,1787204967261913828
lidar,1787204967289939358
esp32,1787204967362467215
lidar,1787204967389529354
esp32,1787204967462313427
lidar,1787204967489046600
esp32,1787204967562010863
lidar,1787204967588203101
esp32,1787204967662034261
lidar,1787204967688084911
esp32,1787204967762531872
lidar,1787204967787430455
esp32,1787204967862497331
lidar,1787204967887158015
esp32,1787204967962449348
lidar,1787204967986811948
esp32,1787204968062024209
lidar,1787204968086364086
esp32,1787204968162388354
lidar,1787204968186131195
esp32,1787204968262110733
lidar,1787204968286169175
esp32,1787204968362195902
lidar,1787204968385512059
esp32,1787204968462050372
lidar,1787204968485046179
esp32,1787204968562219854
lidar,1787204968584982516
esp32,1787204968662344285
lidar,1787204968684604909
esp32,1787204968762053295
lidar,1787204968784239886
esp32,1787204968862171513
lidar,1787204968883630797
esp32,1787204968962273008
lidar,1787204968983462613
esp32,1787204969062171125
lidar,1787204969082803674
esp32,1787204969162297164
lidar,1787204969183028285
esp32,1787204969262073335
lidar,1787204969283519311
esp32,1787204969362447687
lidar,1787204969383878913
esp32,1787204969461742874
lidar,1787204969483752163
esp32,1787204969562431442
lidar,1787204969584427875
esp32,1787204969662602950
lidar,1787204969684355567
esp32,1787204969762384960
lidar,1787204969784710039
esp32,1787204969862478841
lidar,1787204969885031122
esp32,1787204969962491329
lidar,1787204969985034135
esp32,1787204970061561621
lidar,1787204970084173372
esp32,1787204970161612544
lidar,1787204970184025543
esp32,1787204970261367867
lidar,1787204970283108291
esp32,1787204970362329586
lidar,1787204970383388440
esp32,1787204970462432623
lidar,1787204970482970658
esp32,1787204970562217051
lidar,1787204970581938022
esp32,1787204970662403031
lidar,1787204970681890239
esp32,1787204970762368176
lidar,1787204970781383863
esp32,1787204970862528878
lidar,1787204970881917484
esp32,1787204970962526429
lidar,1787204970981459560
esp32,1787204971062519179
lidar,1787204971081581085
esp32,1787204971162470099
lidar,1787204971181726355
esp32,1787204971262241538
lidar,1787204971282064765
esp32,1787204971362525325
lidar,1787204971382303211
esp32,1787204971462432450
lidar,1787204971482646065
esp32,1787204971562487451
lidar,1787204971582756346
esp32,1787204971662525015
lidar,1787204971682530899
esp32,1787204971762527634
lidar,1787204971782057092
esp32,1787204971862519159
lidar,1787204971882246129
esp32,1787204971962526039
lidar,1787204971981475536
esp32,1787204972062514062
lidar,1787204972081012121
esp32,1787204972162537376
lidar,1787204972180381981
esp32,1787204972262107231
lidar,1787204972280388047
esp32,1787204972362529583
lidar,1787204972379747839
esp32,1787204972462388863
lidar,1787204972479622542
esp32,1787204972562323973
lidar,1787204972578869314
esp32,1787204972662543101
lidar,1787204972678943118
esp32,1787204972762292380
lidar,1787204972778285071
esp32,1787204972862513777
lidar,1787204972878330039
esp32,1787204972962505609
lidar,1787204972978057715
esp32,1787204973062497488
lidar,1787204973077421476
esp32,1787204973162519555
lidar,1787204973177211246
esp32,1787204973262079040
lidar,1787204973276911484
esp32,1787204973362453717
lidar,1787204973376843679
esp32,1787204973462317696
lidar,1787204973476809816
esp32,1787204973562175658
lidar,1787204973576691624
esp32,1787204973662275413
lidar,1787204973676840193
esp32,1787204973762531792
lidar,1787204973776796271
esp32,1787204973862196477
lidar,1787204973877439535
esp32,1787204973962289943
lidar,1787204973977383379
esp32,1787204974062202182
lidar,1787204974077732913
esp32,1787204974162242880
lidar,1787204974178015470
esp32,1787204974262162440
lidar,1787204974278097410
esp32,1787204974362321516
lidar,1787204974377488076
esp32,1787204974462206792
lidar,1787204974477164742
esp32,1787204974562162177
lidar,1787204974577262620
esp32,1787204974662264788
lidar,1787204974676885520
esp32,1787204974762294898
lidar,1787204974776459260
esp32,1787204974862372232
lidar,1787204974875910166
esp32,1787204974962322213
lidar,1787204974975224318
esp32,1787204975062300740
lidar,1787204975074659421
esp32,1787204975162303232
lidar,1787204975174274306
esp32,1787204975262100631
lidar,1787204975274279733
esp32,1787204975362382599
lidar,1787204975374826219
esp32,1787204975462648370
lidar,1787204975474753152
esp32,1787204975562407383
lidar,1787204975574666421
esp32,1787204975662389600
lidar,1787204975675078852
esp32,1787204975762481287
lidar,1787204975775146037
esp32,1787204975862538799
lidar,1787204975876108113
esp32,1787204975962350364
lidar,1787204975976097098
esp32,1787204976062315327
lidar,1787204976076998912
esp32,1787204976162393458
lidar,1787204976176617849
esp32,1787204976262762996
lidar,1787204976276678536
esp32,1787204976362300270
lidar,1787204976376673174
esp32,1787204976462404393
lidar,1787204976476150549
esp32,1787204976562440611
lidar,1787204976576061149
esp32,1787204976662447784
lidar,1787204976675717928
esp32,1787204976761927935
lidar,1787204976775936754
esp32,1787204976862427024
lidar,1787204976875256792
esp32,1787204976962551275
lidar,1787204976975410676
esp32,1787204977062418582
lidar,1787204977075005727
esp32,1787204977162450322
lidar,1787204977174283238
esp32,1787204977262396796
lidar,1787204977274220743
esp32,1787204977362356267
lidar,1787204977374194857
esp32,1787204977462393260
lidar,1787204977473960091
esp32,1787204977561890729
lidar,1787204977573826947
esp32,1787204977662398219
lidar,1787204977673305035
esp32,1787204977762530597
lidar,1787204977772985321
esp32,1787204977862324510
lidar,1787204977873021150
esp32,1787204977962589603
lidar,1787204977972773834
esp32,1787204978062339105
lidar,1787204978072644022
esp32,1787204978162438746
lidar,1787204978172445240
esp32,1787204978262303589
lidar,1787204978272072450
esp32,1787204978362323117
lidar,1787204978371868139
esp32,1787204978462423965
lidar,1787204978471509519
esp32,1787204978562267510
lidar,1787204978571378232
esp32,1787204978662312038
lidar,1787204978670760243
esp32,1787204978762305913
lidar,1787204978770870482
esp32,1787204978862399661
lidar,1787204978871179311
esp32,1787204978962508969
lidar,1787204978971513033
esp32,1787204979062322589
lidar,1787204979071462265
esp32,1787204979162397486
lidar,1787204979172360294
esp32,1787204979262050973
lidar,1787204979272545115
esp32,1787204979362389597
lidar,1787204979372657995
esp32,1787204979462425440
lidar,1787204979472934543
esp32,1787204979562471584
lidar,1787204979573093299
esp32,1787204979662462657
lidar,1787204979673681266
esp32,1787204979762351008
lidar,1787204979773599154
esp32,1787204979862462924
lidar,1787204979873283044
esp32,1787204979962341919
lidar,1787204979972964597
esp32,1787204980061762367
lidar,1787204980072266515
esp32,1787204980161670142
lidar,1787204980172025932
esp32,1787204980261389244
lidar,1787204980270996050
esp32,1787204980362330856
lidar,1787204980370567998
esp32,1787204980462287929
lidar,1787204980470295039
esp32,1787204980562320189
lidar,1787204980570306118
esp32,1787204980662260556
lidar,1787204980670090404
esp32,1787204980762020320
lidar,1787204980770091884
esp32,1787204980862335486
lidar,1787204980870484593
esp32,1787204980961984578
lidar,1787204980970804273
esp32,1787204981062463470
lidar,1787204981071114635
esp32,1787204981162381529
lidar,1787204981171480648
esp32,1787204981261938157
lidar,1787204981271691709
esp32,1787204981362304586
lidar,1787204981372151938
esp32,1787204981462116239
lidar,1787204981471853139
esp32,1787204981562389851
lidar,1787204981571679120
esp32,1787204981662302693
lidar,1787204981671309998
esp32,1787204981762126621
lidar,1787204981770692300
esp32,1787204981862299096
lidar,1787204981870306268
esp32,1787204981962251927
lidar,1787204981969660285
esp32,1787204982061914600
lidar,1787204982069130467
esp32,1787204982162216668
lidar,1787204982168875424
esp32,1787204982262114069
lidar,1787204982268625321
esp32,1787204982362201876
lidar,1787204982368940436
esp32,1787204982462296604
lidar,1787204982468329796
esp32,1787204982562496684
lidar,1787204982567963726
esp32,1787204982662234248
lidar,1787204982668072584
esp32,1787204982762259713
lidar,1787204982768007092
esp32,1787204982862198901
lidar,1787204982868351094
esp32,1787204982962461258
lidar,1787204982968394597
esp32,1787204983062229930
lidar,1787204983068659711
esp32,1787204983162261059
lidar,1787204983168961475
esp32,1787204983261956215
lidar,1787204983269202923
esp32,1787204983362222293
lidar,1787204983369504478
esp32,1787204983462402037
lidar,1787204983469790909
esp32,1787204983562437199
lidar,1787204983569737101
esp32,1787204983662239514
lidar,1787204983669347241
esp32,1787204983762393257
lidar,1787204983769086173
esp32,1787204983862383233
lidar,1787204983868724383
esp32,1787204983962378815
lidar,1787204983968736215
esp32,1787204984062380995
lidar,1787204984068587157
esp32,1787204984162516625
lidar,1787204984167492470
esp32,1787204984261814630
lidar,1787204984267370214
esp32,1787204984362460394
lidar,1787204984367063516
esp32,1787204984462438753
lidar,1787204984466366075
esp32,1787204984562819825
lidar,1787204984565961284
esp32,1787204984662513782
lidar,1787204984665467436
esp32,1787204984762506839
lidar,1787204984764802765
esp32,1787204984862534485
lidar,1787204984864102542
esp32,1787204984962533183
lidar,1787204984963614865
esp32,1787204985061874443
lidar,1787204985063480297
esp32,1787204985162446525
lidar,1787204985163705007
esp32,1787204985261985509
lidar,1787204985263437811
esp32,1787204985362076613
lidar,1787204985363582002
esp32,1787204985462042767
lidar,1787204985463721586
esp32,1787204985562437510
lidar,1787204985564403406
esp32,1787204985662027529
lidar,1787204985664337172
esp32,1787204985762480033
lidar,1787204985764759144
esp32,1787204985862513755
lidar,1787204985865035694
esp32,1787204985962476014
lidar,1787204985965267306
esp32,1787204986062529109
lidar,1787204986065327260
esp32,1787204986162447857
lidar,1787204986165185608
esp32,1787204986262116968
lidar,1787204986264632035
esp32,1787204986362447319
lidar,1787204986364600439
esp32,1787204986462434041
lidar,1787204986464323796
esp32,1787204986562663940
lidar,1787204986563647367
esp32,1787204986662418987
lidar,1787204986663246938
esp32,1787204986762435821
lidar,1787204986763443683
lidar,1787204986862571690
esp32,1787204986863642961
lidar,1787204986962097688
esp32,1787204986963047855
lidar,1787204987061897243
esp32,1787204987063086604
lidar,1787204987161703216
esp32,1787204987162905107
lidar,1787204987261961176
esp32,1787204987263079390
esp32,1787204987362224231
lidar,1787204987363182457
esp32,1787204987462179619
lidar,1787204987463107372
esp32,1787204987562416384
lidar,1787204987563406688
esp32,1787204987662513015
lidar,1787204987663551308
esp32,1787204987762492470
lidar,1787204987763419498
esp32,1787204987862324684
lidar,1787204987863640618
esp32,1787204987962214661
lidar,1787204987963897943
esp32,1787204988062157743
lidar,1787204988064041465
esp32,1787204988161977461
lidar,1787204988163858092
esp32,1787204988262117769
lidar,1787204988263486926
esp32,1787204988362324405
lidar,1787204988363335299
esp32,1787204988462140976
lidar,1787204988463086369
esp32,1787204988562126367
lidar,1787204988563264262
lidar,1787204988662193147
esp32,1787204988663339601
lidar,1787204988761526326
esp32,1787204988762210473
lidar,1787204988861170393
esp32,1787204988862089287
lidar,1787204988960617459
esp32,1787204988962039599
lidar,1787204989060551223
esp32,1787204989061986970
lidar,1787204989160464202
esp32,1787204989161778199
lidar,1787204989260075815
esp32,1787204989261927811
lidar,1787204989360104206
esp32,1787204989361906473
lidar,1787204989460552452
esp32,1787204989461985961
lidar,1787204989560654603
esp32,1787204989562344929
lidar,1787204989660842115
esp32,1787204989662139860
lidar,1787204989761334669
esp32,1787204989762737230
lidar,1787204989861707047
esp32,1787204989862669924
lidar,1787204989962271933
esp32,1787204989963346440
esp32,1787204990061435577
lidar,1787204990062011658
esp32,1787204990161659522
lidar,1787204990162072143
esp32,1787204990261561425
lidar,1787204990261877566
lidar,1787204990361967429
esp32,1787204990362947383
lidar,1787204990461707241
esp32,1787204990462799084
lidar,1787204990561218043
esp32,1787204990562431348
lidar,1787204990660531187
esp32,1787204990662044372
lidar,1787204990759890297
esp32,1787204990762139859
lidar,1787204990859530408
esp32,1787204990862120739
lidar,1787204990958929391
esp32,1787204990962129560
lidar,1787204991058585200
esp32,1787204991062240723
lidar,1787204991158262614
esp32,1787204991162125244
lidar,1787204991257884157
esp32,1787204991261983910
lidar,1787204991358140383
esp32,1787204991362158611
lidar,1787204991458063335
esp32,1787204991462130350
lidar,1787204991558525329
esp32,1787204991562311892
lidar,1787204991658524540
esp32,1787204991662229467
lidar,1787204991758633315
esp32,1787204991762269222
lidar,1787204991859159742
esp32,1787204991862200730
lidar,1787204991959834860
esp32,1787204991962214541
lidar,1787204992059678762
esp32,1787204992062166024
lidar,1787204992159588234
esp32,1787204992162118829
lidar,1787204992259092777
esp32,1787204992262010879
lidar,1787204992358755969
esp32,1787204992362264669
lidar,1787204992458476685
esp32,1787204992462353127
lidar,1787204992558032621
esp32,1787204992562112996
lidar,1787204992657392898
esp32,1787204992662214799
lidar,1787204992756867521
esp32,1787204992762210997
lidar,1787204992857026522
esp32,1787204992862220286
lidar,1787204992956458586
esp32,1787204992962129790
lidar,1787204993056075142
esp32,1787204993062047083
lidar,1787204993156389763
esp32,1787204993162080308
lidar,1787204993256692618
esp32,1787204993262116477
lidar,1787204993356966256
esp32,1787204993362106326
lidar,1787204993457279119
esp32,1787204993462195662
lidar,1787204993557473929
esp32,1787204993562071034
lidar,1787204993657886453
esp32,1787204993662090636
lidar,1787204993757530147
esp32,1787204993761725942
lidar,1787204993857930305
esp32,1787204993862191135
lidar,1787204993957834451
esp32,1787204993962131656
lidar,1787204994057331309
esp32,1787204994062088522
lidar,1787204994157359833
esp32,1787204994162042292
lidar,1787204994257099664
esp32,1787204994262002898
lidar,1787204994356722726
esp32,1787204994362123089
lidar,1787204994456201195
esp32,1787204994462182104
lidar,1787204994555482132
esp32,1787204994562199487
lidar,1787204994655203746
esp32,1787204994661917058
lidar,1787204994754534284
esp32,1787204994762375260
lidar,1787204994854456964
esp32,1787204994862211831
lidar,1787204994953602099
esp32,1787204994961971177
lidar,1787204995053300071
esp32,1787204995061897331
lidar,1787204995153075442
esp32,1787204995161840853
lidar,1787204995253229027
esp32,1787204995261849991
lidar,1787204995353432320
esp32,1787204995361616357
lidar,1787204995453855904
esp32,1787204995461937154
lidar,1787204995553633467
esp32,1787204995562126086
lidar,1787204995653987961
esp32,1787204995662059194
lidar,1787204995753906679
esp32,1787204995761846438
lidar,1787204995854454627
esp32,1787204995862007922
lidar,1787204995954649071
esp32,1787204995962133855
lidar,1787204996054925056
esp32,1787204996061973628
lidar,1787204996154620835
esp32,1787204996161967057
lidar,1787204996254473293
esp32,1787204996262025424
lidar,1787204996354294657
esp32,1787204996362080212
lidar,1787204996453891617
esp32,1787204996462081887
lidar,1787204996553468398
esp32,1787204996562049601
lidar,1787204996652932266
esp32,1787204996662105296
lidar,1787204996752985263
esp32,1787204996762071864
lidar,1787204996852393186
esp32,1787204996862082509
lidar,1787204996951942444
esp32,1787204996962121894
lidar,1787204997051227966
esp32,1787204997062211661
lidar,1787204997151076343
esp32,1787204997162288233
lidar,1787204997251049748
esp32,1787204997261821155
lidar,1787204997351565983
esp32,1787204997361909399
lidar,1787204997451659267
esp32,1787204997462052825
lidar,1787204997552079256
esp32,1787204997562062786
lidar,1787204997652098594
esp32,1787204997662008639
lidar,1787204997752554741
esp32,1787204997761959597
lidar,1787204997853011714
esp32,1787204997862208903
lidar,1787204997953212812
esp32,1787204997962195809
lidar,1787204998053611471
esp32,1787204998062206048
lidar,1787204998153144911
esp32,1787204998162194443
lidar,1787204998253009259
esp32,1787204998262012808
lidar,1787204998353026443
esp32,1787204998362174860
lidar,1787204998452010748
esp32,1787204998461918251
lidar,1787204998551882390
esp32,1787204998561842489
lidar,1787204998651286126
esp32,1787204998662139795
lidar,1787204998751002568
esp32,1787204998762191194
lidar,1787204998850792171
esp32,1787204998862547839
lidar,1787204998949884709
esp32,1787204998961963334
lidar,1787204999049574906
esp32,1787204999062512053
lidar,1787204999149484302
esp32,1787204999162508702
lidar,1787204999249187562
esp32,1787204999262025153
lidar,1787204999349781441
esp32,1787204999362124269
lidar,1787204999449645236
esp32,1787204999462481873
lidar,1787204999550313988
esp32,1787204999562435976
lidar,1787204999650363355
esp32,1787204999662551943
lidar,1787204999750614907
esp32,1787204999761997636
lidar,1787204999850572371
esp32,1787204999861618128
lidar,1787204999950450163
esp32,1787204999962334394
lidar,1787205000050712042
esp32,1787205000061689560
lidar,1787205000150849163
esp32,1787205000161553532
lidar,1787205000250904677
esp32,1787205000261649990
lidar,1787205000350944161
esp32,1787205000362121510
lidar,1787205000451097234
esp32,1787205000461740587
lidar,1787205000551196280
esp32,1787205000562010786
lidar,1787205000650715327
esp32,1787205000662158538
lidar,1787205000750430446
esp32,1787205000762121365
lidar,1787205000849999531
esp32,1787205000862036555
lidar,1787205000948990644
esp32,1787205000961776104
lidar,1787205001049207044
esp32,1787205001061929681
lidar,1787205001148608288
esp32,1787205001161884549
lidar,1787205001248284507
esp32,1787205001262032959
lidar,1787205001347844419
esp32,1787205001361970447
lidar,1787205001447475516
esp32,1787205001462366492
lidar,1787205001548075201
esp32,1787205001561895466
lidar,1787205001648077998
esp32,1787205001662364234
lidar,1787205001748407202
esp32,1787205001762410654
lidar,1787205001848579207
esp32,1787205001862359806
lidar,1787205001948773498
esp32,1787205001962323784
lidar,1787205002049480525
esp32,1787205002062027381
lidar,1787205002149355124
esp32,1787205002161718500
lidar,1787205002249506347
esp32,1787205002261667118
lidar,1787205002349765054
esp32,1787205002361902649
lidar,1787205002449694225
esp32,1787205002461876851
lidar,1787205002549108516
esp32,1787205002561981560
lidar,1787205002648800911
esp32,1787205002662320512
lidar,1787205002747988361
esp32,1787205002761857695
lidar,1787205002848132226
esp32,1787205002861877310
lidar,1787205002947510386
esp32,1787205002961803045
lidar,1787205003047193834
esp32,1787205003061921724
lidar,1787205003146695649
esp32,1787205003161921421
lidar,1787205003246380872
esp32,1787205003261930721
lidar,1787205003346410519
esp32,1787205003361777550
lidar,1787205003445891874
esp32,1787205003461974297
lidar,1787205003545708362
esp32,1787205003561874253
lidar,1787205003645134056
esp32,1787205003662046115
lidar,1787205003745223399
esp32,1787205003761946638
lidar,1787205003844982753
esp32,1787205003862276875
lidar,1787205003945174106
esp32,1787205003961850438
lidar,1787205004045298787
esp32,1787205004061947001
lidar,1787205004145663519
esp32,1787205004161840334
lidar,1787205004245944094
esp32,1787205004261895310
lidar,1787205004346148750
esp32,1787205004361842984
lidar,1787205004446571472
esp32,1787205004462309182
lidar,1787205004546891179
esp32,1787205004561854512
lidar,1787205004646791881
esp32,1787205004662112609
lidar,1787205004746933643
esp32,1787205004762291063
lidar,1787205004846650350
esp32,1787205004862368496
lidar,1787205004946380625
esp32,1787205004962484682
lidar,1787205005045739947
esp32,1787205005062361930
lidar,1787205005145732995
esp32,1787205005162101879
lidar,1787205005244857323
esp32,1787205005262416877
lidar,1787205005344800091
esp32,1787205005362462241
lidar,1787205005444119301
esp32,1787205005462405519
lidar,1787205005543353574
esp32,1787205005562266542
lidar,1787205005643140509
esp32,1787205005662275928
lidar,1787205005742943018
esp32,1787205005762446257
lidar,1787205005842397790
esp32,1787205005862339548
lidar,1787205005941778893
esp32,1787205005962117584
lidar,1787205006042041657
esp32,1787205006062326462
lidar,1787205006142231263
esp32,1787205006162224907
lidar,1787205006242639446
esp32,1787205006262574856
lidar,1787205006342556797
esp32,1787205006362355270
lidar,1787205006442667936
esp32,1787205006462396402
lidar,1787205006543151485
esp32,1787205006561802699
lidar,1787205006643401817
esp32,1787205006662480801
lidar,1787205006743644651
esp32,1787205006762426891
lidar,1787205006843509622
esp32,1787205006862311895
lidar,1787205006943181247
esp32,1787205006962498704
lidar,1787205007042823331
esp32,1787205007062225674
lidar,1787205007142436325
esp32,1787205007162377686
lidar,1787205007241965418
esp32,1787205007262642031
lidar,1787205007341685256
esp32,1787205007362292414
lidar,1787205007441562897
esp32,1787205007462479529
lidar,1787205007540825519
esp32,1787205007562547818
lidar,1787205007640677200
esp32,1787205007662553518
lidar,1787205007740053453
esp32,1787205007762303643
lidar,1787205007839745217
esp32,1787205007862044413
lidar,1787205007939460647
esp32,1787205007962140839
lidar,1787205008039014830
esp32,1787205008062063037
lidar,1787205008139164659
esp32,1787205008162373847
lidar,1787205008239337672
esp32,1787205008262725227
lidar,1787205008339317471
esp32,1787205008362389549
lidar,1787205008439229265
esp32,1787205008462445033
lidar,1787205008539408225
esp32,1787205008561978090
lidar,1787205008639351107
esp32,1787205008662046088
lidar,1787205008739427803
esp32,1787205008762378582
lidar,1787205008839578169
esp32,1787205008861819627
lidar,1787205008939884381
esp32,1787205008961904138
lidar,1787205009040151793
esp32,1787205009061843502
lidar,1787205009140656202
esp32,1787205009162347627
lidar,1787205009241164191
esp32,1787205009262495587
lidar,1787205009340994406
esp32,1787205009361971211
lidar,1787205009441117363
esp32,1787205009462375224
lidar,1787205009540414850
esp32,1787205009562222231
lidar,1787205009640195868
esp32,1787205009662295162
lidar,1787205009739384725
esp32,1787205009761908087
lidar,1787205009839169846
esp32,1787205009862176919
lidar,1787205009938659028
esp32,1787205009962192151
lidar,1787205010038464566
esp32,1787205010061588937
lidar,1787205010137620087
esp32,1787205010161714341
lidar,1787205010237186638
esp32,1787205010261550381
lidar,1787205010336929349
esp32,1787205010362275397
lidar,1787205010437037155
esp32,1787205010461998980
lidar,1787205010537006915
esp32,1787205010562300173
lidar,1787205010637445423
esp32,1787205010661930869
lidar,1787205010737699796
esp32,1787205010762197596
lidar,1787205010838568438
esp32,1787205010862446484
lidar,1787205010938998442
esp32,1787205010961942369
lidar,1787205011039103245
esp32,1787205011062040642
lidar,1787205011139288297
esp32,1787205011162411041
lidar,1787205011239177899
esp32,1787205011262324725
lidar,1787205011338874039
esp32,1787205011362432833
lidar,1787205011439126141
esp32,1787205011462541855
lidar,1787205011538460837
esp32,1787205011562295472
lidar,1787205011638422029
esp32,1787205011662481814
lidar,1787205011737617489
esp32,1787205011762316011
lidar,1787205011837149964
esp32,1787205011862392218
lidar,1787205011936963946
esp32,1787205011962533298
lidar,1787205012036363583
esp32,1787205012062005344
lidar,1787205012136227200
esp32,1787205012162393819
lidar,1787205012235605645
esp32,1787205012262671331
lidar,1787205012334912576
esp32,1787205012361512377
lidar,1787205012435331887
esp32,1787205012462533411
lidar,1787205012535790666
esp32,1787205012562480952
lidar,1787205012635957450
esp32,1787205012662339696
lidar,1787205012736341994
esp32,1787205012762274469
lidar,1787205012837039717
esp32,1787205012862441576
lidar,1787205012937053388
esp32,1787205012962406630
lidar,1787205013037265400
esp32,1787205013062101507
lidar,1787205013137485591
esp32,1787205013162526483
lidar,1787205013237474682
esp32,1787205013262480236
lidar,1787205013337345132
esp32,1787205013362258302
lidar,1787205013437217159
esp32,1787205013462310722
lidar,1787205013537234459
esp32,1787205013562442074
lidar,1787205013636263696
esp32,1787205013662303526
lidar,1787205013736240032
esp32,1787205013762100343
lidar,1787205013835567349
esp32,1787205013862377420
lidar,1787205013935342739
esp32,1787205013962445631
lidar,1787205014034916879
esp32,1787205014061964519
lidar,1787205014134154129
esp32,1787205014162513202
lidar,1787205014233871619
esp32,1787205014262553755
lidar,1787205014333442425
esp32,1787205014362339235
lidar,1787205014432962748
esp32,1787205014462320312
lidar,1787205014532947277
esp32,1787205014562202183
lidar,1787205014632989842
esp32,1787205014662320364
lidar,1787205014733182525
esp32,1787205014761935540
lidar,1787205014833486040
esp32,1787205014862379217
lidar,1787205014933734348
esp32,1787205014962504798
lidar,1787205015034149593
esp32,1787205015062286098
lidar,1787205015134594367
esp32,1787205015162425361
lidar,1787205015234761894
esp32,1787205015262290629
lidar,1787205015335447758
esp32,1787205015362501139
lidar,1787205015435126386
esp32,1787205015462408264
lidar,1787205015535099139
esp32,1787205015562314421
lidar,1787205015635157309
esp32,1787205015662512690
lidar,1787205015734607665
esp32,1787205015762406868
lidar,1787205015834287954
esp32,1787205015861841166
lidar,1787205015934056935
esp32,1787205015962353990
lidar,1787205016033598456
esp32,1787205016061396659
lidar,1787205016133064842
esp32,1787205016162330649
lidar,1787205016232886800
esp32,1787205016262453776
lidar,1787205016332629607
esp32,1787205016362503988
lidar,1787205016432271977
esp32,1787205016462287854
lidar,1787205016532178455
esp32,1787205016562318009
lidar,1787205016632190323
esp32,1787205016662038509
lidar,1787205016732188236
esp32,1787205016762025405
lidar,1787205016832241119
esp32,1787205016862510438
lidar,1787205016932255381
esp32,1787205016961960657
lidar,1787205017032942636
esp32,1787205017062175772
lidar,1787205017133043723
esp32,1787205017162108735
lidar,1787205017233569538
esp32,1787205017261932137
lidar,1787205017333271751
esp32,1787205017362261105
lidar,1787205017433219510
esp32,1787205017462155818
lidar,1787205017532888865
esp32,1787205017562381134
lidar,1787205017632511047
esp32,1787205017662270604
lidar,1787205017732148868
esp32,1787205017762307351
lidar,1787205017832086161
esp32,1787205017862218134
lidar,1787205017931453568
esp32,1787205017962394346
lidar,1787205018031035786
esp32,1787205018062452444
lidar,1787205018130425191
esp32,1787205018162199457
lidar,1787205018229860727
esp32,1787205018262277382
lidar,1787205018329863711
esp32,1787205018362299329
lidar,1787205018429813087
esp32,1787205018462303192
lidar,1787205018529652782
esp32,1787205018562248120
lidar,1787205018629835983
esp32,1787205018662358175
lidar,1787205018730243923
esp32,1787205018762315165
lidar,1787205018830263501
esp32,1787205018862023888
lidar,1787205018930592852
esp32,1787205018962367305
lidar,1787205019031030324
esp32,1787205019062439044
lidar,1787205019131623662
esp32,1787205019162370174
lidar,1787205019231318840
esp32,1787205019262376670
lidar,1787205019331496671
esp32,1787205019362382336
lidar,1787205019431251144
esp32,1787205019462286971
lidar,1787205019531189694
esp32,1787205019562465963
lidar,1787205019630878852
esp32,1787205019662493472
lidar,1787205019730315807
esp32,1787205019762312979
lidar,1787205019829905937
esp32,1787205019862531580
lidar,1787205019929418186
esp32,1787205019962494227
lidar,1787205020028511046
esp32,1787205020061881184
lidar,1787205020128221687
esp32,1787205020161576276
lidar,1787205020227840245
esp32,1787205020261430781
lidar,1787205020328033966
esp32,1787205020362365822
lidar,1787205020428242104
esp32,1787205020462496275
lidar,1787205020528669270
esp32,1787205020562764856
lidar,1787205020628983731
esp32,1787205020662500947
lidar,1787205020729597929
esp32,1787205020762621992
lidar,1787205020829626137
esp32,1787205020862606937
lidar,1787205020929895814
esp32,1787205020962586513
lidar,1787205021030134934
esp32,1787205021062505463
lidar,1787205021130246152
esp32,1787205021162312577
lidar,1787205021230426409
esp32,1787205021262321769
lidar,1787205021330327028
esp32,1787205021362320983
lidar,1787205021430067660
esp32,1787205021462508004
lidar,1787205021530057532
esp32,1787205021562500515
lidar,1787205021629443027
esp32,1787205021662492143
lidar,1787205021728883235
esp32,1787205021762348040
lidar,1787205021829502301
esp32,1787205021862508403
lidar,1787205021928004858
esp32,1787205021962515462
lidar,1787205022027211112
esp32,1787205022062335430
lidar,1787205022126853855
esp32,1787205022162265406
lidar,1787205022226633530
esp32,1787205022262462349
lidar,1787205022326071511
esp32,1787205022362492346
lidar,1787205022426602677
esp32,1787205022462296645
lidar,1787205022526800242
esp32,1787205022562274981
lidar,1787205022626766272
esp32,1787205022662453717
lidar,1787205022726905483
esp32,1787205022762429383
lidar,1787205022827201330
esp32,1787205022862371290
lidar,1787205022927374849
esp32,1787205022961925319
lidar,1787205023027831668
esp32,1787205023062396125
lidar,1787205023127904707
esp32,1787205023161997571
lidar,1787205023228324327
esp32,1787205023262323166
lidar,1787205023328255560
esp32,1787205023362189002
lidar,1787205023428247086
esp32,1787205023462373191
lidar,1787205023527642662
esp32,1787205023562225298
lidar,1787205023627443515
esp32,1787205023662261519
lidar,1787205023727419212
esp32,1787205023762301155
lidar,1787205023827249726
esp32,1787205023862407187
lidar,1787205023926664595
esp32,1787205023962538946
lidar,1787205024026474171
esp32,1787205024062296159
lidar,1787205024125967883
esp32,1787205024161499640
lidar,1787205024225940800
esp32,1787205024262422334
lidar,1787205024325517232
esp32,1787205024362486099
lidar,1787205024425271452
esp32,1787205024462498675
lidar,1787205024525451546
esp32,1787205024562193443
lidar,1787205024625701603
esp32,1787205024662386506
lidar,1787205024726007399
esp32,1787205024761960185
lidar,1787205024826204859
esp32,1787205024862643624
lidar,1787205024926176264
esp32,1787205024962484519
lidar,1787205025026422358
esp32,1787205025062473664
lidar,1787205025125954242
esp32,1787205025162492558
lidar,1787205025225684570
esp32,1787205025262487304
lidar,1787205025325348267
esp32,1787205025362399420
lidar,1787205025424687758
esp32,1787205025462288062
lidar,1787205025524649199
esp32,1787205025562305489
lidar,1787205025624508676
esp32,1787205025662447622
lidar,1787205025723859318
esp32,1787205025762291979
lidar,1787205025823789135
esp32,1787205025862399140
lidar,1787205025923064312
esp32,1787205025962534544
lidar,1787205026022637121
esp32,1787205026062492244
lidar,1787205026122722687
esp32,1787205026162477036
lidar,1787205026222560913
esp32,1787205026262357233
lidar,1787205026322729249
esp32,1787205026362314479
lidar,1787205026422757055
esp32,1787205026462218241
lidar,1787205026522921015
esp32,1787205026561687002
lidar,1787205026622905405
esp32,1787205026662405811
lidar,1787205026723061732
esp32,1787205026762333076
lidar,1787205026823155041
esp32,1787205026862541204
lidar,1787205026922830807
esp32,1787205026962439975
lidar,1787205027023266841
esp32,1787205027062423075
lidar,1787205027123152919
esp32,1787205027162408709
lidar,1787205027223097778
esp32,1787205027262399472
lidar,1787205027323069699
esp32,1787205027362282167
lidar,1787205027422454789
esp32,1787205027462365527
lidar,1787205027522056155
esp32,1787205027562389845
lidar,1787205027621457568
esp32,1787205027662441861
lidar,1787205027720978178
esp32,1787205027762378898
lidar,1787205027820733733
esp32,1787205027862268029
lidar,1787205027920204257
esp32,1787205027962476841
lidar,1787205028019725441
esp32,1787205028062181458
lidar,1787205028119938877
esp32,1787205028162442771
lidar,1787205028219560160
esp32,1787205028262435681
lidar,1787205028320226243
esp32,1787205028362570650
lidar,1787205028420603322
esp32,1787205028462429171
lidar,1787205028521096570
esp32,1787205028562531723
lidar,1787205028621067171
esp32,1787205028662508903
lidar,1787205028721518110
esp32,1787205028762315379
lidar,1787205028821499351
esp32,1787205028862301603
lidar,1787205028921708568
esp32,1787205028962566902
lidar,1787205029021908963
esp32,1787205029062527865
lidar,1787205029121872859
esp32,1787205029162417984
lidar,1787205029221925731
esp32,1787205029262370567
lidar,1787205029321553372
esp32,1787205029362532285
lidar,1787205029420892968
esp32,1787205029462443004
lidar,1787205029520222189
esp32,1787205029562531113
lidar,1787205029619942091
esp32,1787205029662484009
lidar,1787205029719115746
esp32,1787205029762365555
lidar,1787205029818824153
esp32,1787205029862456275
lidar,1787205029918095126
esp32,1787205029962419840
lidar,1787205030017192754
esp32,1787205030061669381
lidar,1787205030116783247
esp32,1787205030161593075
lidar,1787205030215997051
esp32,1787205030261570632
lidar,1787205030315810787
esp32,1787205030362340231
lidar,1787205030416289216
esp32,1787205030462510197
lidar,1787205030516626389
esp32,1787205030562320718
lidar,1787205030617040241
esp32,1787205030662423967
lidar,1787205030716649230
esp32,1787205030762347701
lidar,1787205030817026078
esp32,1787205030862418720
lidar,1787205030917264362
esp32,1787205030962327349
lidar,1787205031017561504
esp32,1787205031062310925
lidar,1787205031117768857
esp32,1787205031162305925
lidar,1787205031217724426
esp32,1787205031261941201
lidar,1787205031318456677
esp32,1787205031362330016
lidar,1787205031418218084
esp32,1787205031462331810
lidar,1787205031518232816
esp32,1787205031562355043
lidar,1787205031617808177
esp32,1787205031662524162
lidar,1787205031717903270
esp32,1787205031762269241
lidar,1787205031817381419
esp32,1787205031862433003
lidar,1787205031917212115
esp32,1787205031962295270
lidar,1787205032017054966
esp32,1787205032062286540
lidar,1787205032116416281
esp32,1787205032161933074
lidar,1787205032216145463
esp32,1787205032261678378
lidar,1787205032315993009
esp32,1787205032362128845
lidar,1787205032415535612
esp32,1787205032462512290
lidar,1787205032515413559
esp32,1787205032561902257
lidar,1787205032615678524
esp32,1787205032662285418
lidar,1787205032715510723
esp32,1787205032762224283
lidar,1787205032815403763
esp32,1787205032862265033
lidar,1787205032915790553
esp32,1787205032962297102
lidar,1787205033015989510
esp32,1787205033062287518
lidar,1787205033116339889
esp32,1787205033162398660
lidar,1787205033216425226
esp32,1787205033262433438
lidar,1787205033316792307
esp32,1787205033362397749
lidar,1787205033416928697
esp32,1787205033462340826
lidar,1787205033517172089
esp32,1787205033562277274
lidar,1787205033617155516
esp32,1787205033662266793
lidar,1787205033717007027
esp32,1787205033762516817
lidar,1787205033816881459
esp32,1787205033862390692
lidar,1787205033916380701
esp32,1787205033962583894
lidar,1787205034015840710
esp32,1787205034062388632
lidar,1787205034115617778
esp32,1787205034162335485
lidar,1787205034215053382
esp32,1787205034262129241
lidar,1787205034315318311
esp32,1787205034362260733
lidar,1787205034414710455
esp32,1787205034462343346
lidar,1787205034514538272
esp32,1787205034562527136
lidar,1787205034614586758
esp32,1787205034662286828
lidar,1787205034713911892
esp32,1787205034762282444
lidar,1787205034813640663
esp32,1787205034862469736
lidar,1787205034913805232
esp32,1787205034962391034
lidar,1787205035014002827
esp32,1787205035062534438
lidar,1787205035114033187
esp32,1787205035162416602
lidar,1787205035214504328
esp32,1787205035261510087
lidar,1787205035315001566
esp32,1787205035362524885
lidar,1787205035415516766
esp32,1787205035462532438
lidar,1787205035515568224
esp32,1787205035562524523
lidar,1787205035615759773
esp32,1787205035662527681
lidar,1787205035716242293
esp32,1787205035762494358
lidar,1787205035816482674
esp32,1787205035862311310
lidar,1787205035916176741
esp32,1787205035962372939
lidar,1787205036016268107
esp32,1787205036062479005
lidar,1787205036115989225
esp32,1787205036162484711
lidar,1787205036215311718
esp32,1787205036262095854
lidar,1787205036314540189
esp32,1787205036362363976
lidar,1787205036414416025
esp32,1787205036462461237
lidar,1787205036514127637
esp32,1787205036562048857
lidar,1787205036613701765
esp32,1787205036662433204
lidar,1787205036713524450
esp32,1787205036762324472
lidar,1787205036813227530
esp32,1787205036862441773
lidar,1787205036912594243
esp32,1787205036962282141
lidar,1787205037012219687
esp32,1787205037062335028
lidar,1787205037111770208
esp32,1787205037162362321
lidar,1787205037211080770
esp32,1787205037262454523
lidar,1787205037311044309
esp32,1787205037362423418
lidar,1787205037411001348
esp32,1787205037462322145
lidar,1787205037511197499
esp32,1787205037562298035
lidar,1787205037611876191
esp32,1787205037662213316
lidar,1787205037712185139
esp32,1787205037762478650
lidar,1787205037812281785
esp32,1787205037862253271
lidar,1787205037912901740
esp32,1787205037962282638
lidar,1787205038013555213
esp32,1787205038062301412
lidar,1787205038113887674
esp32,1787205038162211194
lidar,1787205038214472453
esp32,1787205038262424606
lidar,1787205038314069541
esp32,1787205038362276224
lidar,1787205038415111414
esp32,1787205038462296541
lidar,1787205038514642452
esp32,1787205038562279000
lidar,1787205038614423079
esp32,1787205038662307771
lidar,1787205038713531663
esp32,1787205038762251478
lidar,1787205038813827791
esp32,1787205038862447638
lidar,1787205038913034937
esp32,1787205038962351937
lidar,1787205039013326982
esp32,1787205039062666704
lidar,1787205039112317990
esp32,1787205039162412668
lidar,1787205039212109976
esp32,1787205039262567486
lidar,1787205039311433545
esp32,1787205039362422415
lidar,1787205039411264683
esp32,1787205039462474437
lidar,1787205039510300581
esp32,1787205039562403185
lidar,1787205039610790644
esp32,1787205039662645060
lidar,1787205039710461411
esp32,1787205039762534702
lidar,1787205039810272503
esp32,1787205039862545243
lidar,1787205039910621799
esp32,1787205039962481456
lidar,1787205040009831044
esp32,1787205040061635571
lidar,1787205040110441826
esp32,1787205040161892805
lidar,1787205040210630423
esp32,1787205040261432504
lidar,1787205040310792135
esp32,1787205040361910008
lidar,1787205040412222495
esp32,1787205040462536649
lidar,1787205040512038582
esp32,1787205040562640489
lidar,1787205040612167067
esp32,1787205040662305554
lidar,1787205040711663103
esp32,1787205040762431695
lidar,1787205040811621276
esp32,1787205040862513899
lidar,1787205040911212027
esp32,1787205040962557475
lidar,1787205041010618376
esp32,1787205041062615446
lidar,1787205041110309213
esp32,1787205041162404789
lidar,1787205041209803188
esp32,1787205041262526018
lidar,1787205041309430217
esp32,1787205041362471519
lidar,1787205041408903232
esp32,1787205041462586439
lidar,1787205041508419697
esp32,1787205041562502230
lidar,1787205041608056810
esp32,1787205041662544044
lidar,1787205041707913935
esp32,1787205041762534106
lidar,1787205041808277835
esp32,1787205041862421356
lidar,1787205041908744326
esp32,1787205041962431407
lidar,1787205042008841099
esp32,1787205042062319219
lidar,1787205042109056554
esp32,1787205042162386250
lidar,1787205042208854029
esp32,1787205042262283707
lidar,1787205042309223488
esp32,1787205042362196756
lidar,1787205042409303373
esp32,1787205042462466020
lidar,1787205042509440382
esp32,1787205042562217312
lidar,1787205042609257316
esp32,1787205042662473803
lidar,1787205042709385749
esp32,1787205042762431708
lidar,1787205042809123481
esp32,1787205042862507463
lidar,1787205042908625856
esp32,1787205042962427041
lidar,1787205043007877918
esp32,1787205043062331247
lidar,1787205043107934997
esp32,1787205043162569009
lidar,1787205043207083297
esp32,1787205043262483052
lidar,1787205043306635517
esp32,1787205043362375650
lidar,1787205043406349495
esp32,1787205043462321346
lidar,1787205043506094983
esp32,1787205043562260443
lidar,1787205043605456645
esp32,1787205043662392401
lidar,1787205043705315766
esp32,1787205043762281526
lidar,1787205043805452321
esp32,1787205043862596446
lidar,1787205043905641173
esp32,1787205043962595154
lidar,1787205044005810731
esp32,1787205044062359647
lidar,1787205044105669157
esp32,1787205044162441710
lidar,1787205044205780051
esp32,1787205044262525708
lidar,1787205044305960163
esp32,1787205044362394848
lidar,1787205044406205694
esp32,1787205044462436976
lidar,1787205044506899481
esp32,1787205044562630209
lidar,1787205044607308968
esp32,1787205044661922529
lidar,1787205044707428210
esp32,1787205044762490436
lidar,1787205044807229551
esp32,1787205044862426002
lidar,1787205044907090187
esp32,1787205044962431092
lidar,1787205045006635283
esp32,1787205045062512682
lidar,1787205045105928302
esp32,1787205045162426242
lidar,1787205045205716175
esp32,1787205045262538601
lidar,1787205045305522068
esp32,1787205045362492698
lidar,1787205045404915952
esp32,1787205045462321788
lidar,1787205045504564476
esp32,1787205045562532796
lidar,1787205045603997653
esp32,1787205045662377071
lidar,1787205045703420483
esp32,1787205045762496383
lidar,1787205045803243481
esp32,1787205045862469749
lidar,1787205045902589748
esp32,1787205045962334401
lidar,1787205046002795162
esp32,1787205046062535014
lidar,1787205046103174338
esp32,1787205046162439268
lidar,1787205046203240718
esp32,1787205046262317711
lidar,1787205046303582154
esp32,1787205046362354111
lidar,1787205046404011563
esp32,1787205046462352968
lidar,1787205046504294556
esp32,1787205046562695386
lidar,1787205046604794189
esp32,1787205046662328732
lidar,1787205046704846735
esp32,1787205046762347419
lidar,1787205046804616367
esp32,1787205046862332593
lidar,1787205046904416312
esp32,1787205046962098260
lidar,1787205047004258574
esp32,1787205047062298477
lidar,1787205047103976229
esp32,1787205047162438517
lidar,1787205047203325612
esp32,1787205047262311997
lidar,1787205047303219194
esp32,1787205047362383974
lidar,1787205047402388697
esp32,1787205047462188033
lidar,1787205047502374891
esp32,1787205047562264284
lidar,1787205047601824378
esp32,1787205047662131804
lidar,1787205047701808910
esp32,1787205047762163064
lidar,1787205047801702689
esp32,1787205047862277343
lidar,1787205047901767360
esp32,1787205047962417943
lidar,1787205048002039337
esp32,1787205048062465149
lidar,1787205048102029783
esp32,1787205048162280900
lidar,1787205048202565970
esp32,1787205048262402598
lidar,1787205048303089520
esp32,1787205048362375622
lidar,1787205048403005065
esp32,1787205048461349344
lidar,1787205048503208869
esp32,1787205048562619468
lidar,1787205048603946078
esp32,1787205048662270379
lidar,1787205048703940597
esp32,1787205048762307420
lidar,1787205048803476995
esp32,1787205048862367759
lidar,1787205048903304097
esp32,1787205048962445329
lidar,1787205049002687000
esp32,1787205049062341385
lidar,1787205049102357749
esp32,1787205049162397007
lidar,1787205049202012083
esp32,1787205049262271336
lidar,1787205049301574665
esp32,1787205049362451855
lidar,1787205049401177717
esp32,1787205049462379508
lidar,1787205049500626718
esp32,1787205049562046576
lidar,1787205049600113563
esp32,1787205049662311812
lidar,1787205049699792445
esp32,1787205049762319052
lidar,1787205049799627667
esp32,1787205049862266021
lidar,1787205049899687318
esp32,1787205049962417229
lidar,1787205049999754710
esp32,1787205050061660857
lidar,1787205050099411861
esp32,1787205050161833785
lidar,1787205050199899550
esp32,1787205050261379496
lidar,1787205050299801111
esp32,1787205050362190464
lidar,1787205050400707034
esp32,1787205050462209543
lidar,1787205050500421172
esp32,1787205050562208004
lidar,1787205050601122657
esp32,1787205050662399485
lidar,1787205050701808823
esp32,1787205050762032115
lidar,1787205050802276341
esp32,1787205050862124168
lidar,1787205050902256917
esp32,1787205050962125153
lidar,1787205051002055248
esp32,1787205051062245223
lidar,1787205051102293540
esp32,1787205051162215897
lidar,1787205051201551165
esp32,1787205051262146285
lidar,1787205051301453676
esp32,1787205051362301872
lidar,1787205051401184534
esp32,1787205051462255770
lidar,1787205051500426419
esp32,1787205051562218449
lidar,1787205051600510725
esp32,1787205051662165100
lidar,1787205051699741387
esp32,1787205051761307421
lidar,1787205051799396842
esp32,1787205051862484996
lidar,1787205051898932246
esp32,1787205051962470334
lidar,1787205051998324062
esp32,1787205052062525854
lidar,1787205052097958131
esp32,1787205052162333345
lidar,1787205052197468608
esp32,1787205052262375300
lidar,1787205052297247302
esp32,1787205052362464993
lidar,1787205052396842566
esp32,1787205052462332392
lidar,1787205052496920213
esp32,1787205052562631057
lidar,1787205052597070955
esp32,1787205052662551519
lidar,1787205052697165685
esp32,1787205052762477781
lidar,1787205052797542154
esp32,1787205052862266762
lidar,1787205052897831031
esp32,1787205052962373966
lidar,1787205052997885510
esp32,1787205053062166533
lidar,1787205053098825040
esp32,1787205053162318487
lidar,1787205053198731772
esp32,1787205053262252189
lidar,1787205053298838803
esp32,1787205053362495511
lidar,1787205053399119450
esp32,1787205053462391490
lidar,1787205053498753364
esp32,1787205053562183221
lidar,1787205053598511223
esp32,1787205053662077161
lidar,1787205053698358679
esp32,1787205053762251941
lidar,1787205053798052911
esp32,1787205053862267668
lidar,1787205053897646219
esp32,1787205053962200098
lidar,1787205053997522064
esp32,1787205054061689014
lidar,1787205054096666338
esp32,1787205054162475958
lidar,1787205054196673911
esp32,1787205054262353795
lidar,1787205054296372921
esp32,1787205054362457031
lidar,1787205054395566165
esp32,1787205054462435811
lidar,1787205054495171519
esp32,1787205054561626230
lidar,1787205054594803914
esp32,1787205054662478324
lidar,1787205054694613614
esp32,1787205054762404470
lidar,1787205054794574015
esp32,1787205054862444421
lidar,1787205054894964520
esp32,1787205054962448061
lidar,1787205054994897095
esp32,1787205055062540434
lidar,1787205055095191040
esp32,1787205055162689346
lidar,1787205055195874470
esp32,1787205055262546305
lidar,1787205055295926531
esp32,1787205055362558337
lidar,1787205055396091334
esp32,1787205055462540242
lidar,1787205055496218367
esp32,1787205055562544720
lidar,1787205055596167995
esp32,1787205055662583698
lidar,1787205055696594976
esp32,1787205055762597269
lidar,1787205055796260832
esp32,1787205055862591099
lidar,1787205055896241618
esp32,1787205055962594021
lidar,1787205055995875570
esp32,1787205056062358097
lidar,1787205056095412236
esp32,1787205056162579895
lidar,1787205056195036052
esp32,1787205056262469550
lidar,1787205056294997053
esp32,1787205056362498110
lidar,1787205056393948619
esp32,1787205056462327309
lidar,1787205056494042409
esp32,1787205056562240065
lidar,1787205056593383408
esp32,1787205056662387946
lidar,1787205056693311771
esp32,1787205056762429530
lidar,1787205056793668439
esp32,1787205056862526804
lidar,1787205056893930181
esp32,1787205056962615043
lidar,1787205056994105750
esp32,1787205057062475520
lidar,1787205057094177412
esp32,1787205057162594911
lidar,1787205057194009199
esp32,1787205057262546035
lidar,1787205057294789580
esp32,1787205057362581934
lidar,1787205057394911445
esp32,1787205057462529729
lidar,1787205057495608585
esp32,1787205057562469017
lidar,1787205057595163009
esp32,1787205057662601211
lidar,1787205057695521166
esp32,1787205057761548523
lidar,1787205057794812655
esp32,1787205057862336958
lidar,1787205057895082002
esp32,1787205057962421377
lidar,1787205057994818005
esp32,1787205058062325270
lidar,1787205058094622502
esp32,1787205058162470348
lidar,1787205058194113763
esp32,1787205058262379247
lidar,1787205058293884408
esp32,1787205058362442594
lidar,1787205058393701294
esp32,1787205058462242446
lidar,1787205058493492790
esp32,1787205058562197388
lidar,1787205058593295117
esp32,1787205058662345506
lidar,1787205058692910813
esp32,1787205058762465923
lidar,1787205058792622919
esp32,1787205058862460253
lidar,1787205058892307818
esp32,1787205058962497260
lidar,1787205058992099783
esp32,1787205059062385119
lidar,1787205059092036045
esp32,1787205059162462132
lidar,1787205059191755893
esp32,1787205059262082750
lidar,1787205059291685378
esp32,1787205059362492445
lidar,1787205059391643567
esp32,1787205059462080439
lidar,1787205059491835602
esp32,1787205059562482184
lidar,1787205059592240508
esp32,1787205059662312812
lidar,1787205059692790353
esp32,1787205059762311433
lidar,1787205059792843486
esp32,1787205059862421280
lidar,1787205059893250784
esp32,1787205059962285047
lidar,1787205059992769856
esp32,1787205060061548961
lidar,1787205060093012471
esp32,1787205060161737481
lidar,1787205060192512754
esp32,1787205060261398157
lidar,1787205060292017465
esp32,1787205060361963871
lidar,1787205060392255826
esp32,1787205060462374250
lidar,1787205060491757072
esp32,1787205060562320453
lidar,1787205060591726575
esp32,1787205060662176858
lidar,1787205060691560585
esp32,1787205060762445773
lidar,1787205060791261755
esp32,1787205060862467037
lidar,1787205060890728427
esp32,1787205060962550542
lidar,1787205060990424594
esp32,1787205061062385551
lidar,1787205061090578126
esp32,1787205061162421684
lidar,1787205061190651606
esp32,1787205061262459314
lidar,1787205061290871325
esp32,1787205061362383125
lidar,1787205061390908804
esp32,1787205061462518660
lidar,1787205061491463771
esp32,1787205061562536744
lidar,1787205061591710471
esp32,1787205061662520848
lidar,1787205061691979276
esp32,1787205061762517091
lidar,1787205061792330033
esp32,1787205061862205002
lidar,1787205061892670769
esp32,1787205061962422701
lidar,1787205061992675644
esp32,1787205062062505408
lidar,1787205062092968525
esp32,1787205062162581056
lidar,1787205062192356576
esp32,1787205062262515499
lidar,1787205062292688898
esp32,1787205062362678873
lidar,1787205062392052799
esp32,1787205062462529544
lidar,1787205062492231583
esp32,1787205062562355901
lidar,1787205062592014609
esp32,1787205062661446591
lidar,1787205062691559319
esp32,1787205062762426808
lidar,1787205062791580372
esp32,1787205062862357661
lidar,1787205062890970616
esp32,1787205062962488714
lidar,1787205062990875635
esp32,1787205063062488568
lidar,1787205063090685259
esp32,1787205063162389577
lidar,1787205063190311977
esp32,1787205063262502956
lidar,1787205063289640938
esp32,1787205063362462325
lidar,1787205063389525968
esp32,1787205063462472461
lidar,1787205063489096943
esp32,1787205063562348854
lidar,1787205063588616840
esp32,1787205063662453236
lidar,1787205063688123520
esp32,1787205063762434016
lidar,1787205063788078707
esp32,1787205063862172702
lidar,1787205063888183127
esp32,1787205063962433993
lidar,1787205063987842767
esp32,1787205064062087680
lidar,1787205064087511308
esp32,1787205064162074834
lidar,1787205064187285175
esp32,1787205064262168484
lidar,1787205064286568472
esp32,1787205064362080061
lidar,1787205064386313501
esp32,1787205064462412047
lidar,1787205064486336957
esp32,1787205064562144237
lidar,1787205064586517226
esp32,1787205064682350205
lidar,1787205064686369925
esp32,1787205064762152506
lidar,1787205064787002521
esp32,1787205064862252011
lidar,1787205064887168520
esp32,1787205064961964699
lidar,1787205064987235309
esp32,1787205065062258020
lidar,1787205065086633564
esp32,1787205065162194665
lidar,1787205065187168869
esp32,1787205065262321581
lidar,1787205065287090712
esp32,1787205065362194108
lidar,1787205065387217068
esp32,1787205065462427428
lidar,1787205065487068805
esp32,1787205065562486084
lidar,1787205065587021299
esp32,1787205065662263542
lidar,1787205065686099872
esp32,1787205065762411054
lidar,1787205065785850567
esp32,1787205065862341464
lidar,1787205065885785428
esp32,1787205065962503187
lidar,1787205065985205630
esp32,1787205066062566920
lidar,1787205066084955790
esp32,1787205066162508185
lidar,1787205066184722327
esp32,1787205066262450184
lidar,1787205066284509247
esp32,1787205066362464450
lidar,1787205066384232855
esp32,1787205066462474597
lidar,1787205066483686674
esp32,1787205066562382370
lidar,1787205066583050105
esp32,1787205066662357950
lidar,1787205066683045275
esp32,1787205066761883888
lidar,1787205066783371555
esp32,1787205066862451864
lidar,1787205066883645664
esp32,1787205066962383956
lidar,1787205066983666799
esp32,1787205067062504372
lidar,1787205067083792369
esp32,1787205067162494442
lidar,1787205067184177440
esp32,1787205067262461999
lidar,1787205067284853682
esp32,1787205067362487748
lidar,1787205067385134263
esp32,1787205067462377569
lidar,1787205067485055083
esp32,1787205067562603821
lidar,1787205067585461440
esp32,1787205067662385354
lidar,1787205067685567475
esp32,1787205067762547080
lidar,1787205067785018911
esp32,1787205067862462928
lidar,1787205067885022444
esp32,1787205067962588932
lidar,1787205067984687514
esp32,1787205068062318802
lidar,1787205068084622624
esp32,1787205068162032894
lidar,1787205068184538071
esp32,1787205068262625682
lidar,1787205068283628096
esp32,1787205068362444005
lidar,1787205068383656744
esp32,1787205068462332349
lidar,1787205068483271036
esp32,1787205068562534994
lidar,1787205068582833272
esp32,1787205068662345849
lidar,1787205068682284345
esp32,1787205068762047779
lidar,1787205068782144899
esp32,1787205068862393111
lidar,1787205068881651269
esp32,1787205068962461382
lidar,1787205068981609713
esp32,1787205069062301460
lidar,1787205069081805962
esp32,1787205069162325914
lidar,1787205069181926275
esp32,1787205069262323536
lidar,1787205069281840038
esp32,1787205069362330571
lidar,1787205069382651097
esp32,1787205069462442077
lidar,1787205069482569620
esp32,1787205069562450135
lidar,1787205069582775872
esp32,1787205069662386688
lidar,1787205069683278147
esp32,1787205069762475227
lidar,1787205069783366563
esp32,1787205069862348467
lidar,1787205069884054639
esp32,1787205069962447645
lidar,1787205069984243252
esp32,1787205070061761503
lidar,1787205070083944844
esp32,1787205070161514215
lidar,1787205070183903776
esp32,1787205070261472755
lidar,1787205070283560365
esp32,1787205070362406438
lidar,1787205070384192768
esp32,1787205070462331760
lidar,1787205070484045801
esp32,1787205070562378497
lidar,1787205070583380442
esp32,1787205070662458516
lidar,1787205070683045695
esp32,1787205070762484668
lidar,1787205070782265136
esp32,1787205070862429820
lidar,1787205070882083459
esp32,1787205070962367882
lidar,1787205070981811499
esp32,1787205071062471217
lidar,1787205071081414624
esp32,1787205071162347524
lidar,1787205071180152987
esp32,1787205071262475896
lidar,1787205071279775320
esp32,1787205071362507141
lidar,1787205071379571260
esp32,1787205071462391339
lidar,1787205071478787065
esp32,1787205071562268266
lidar,1787205071578681930
esp32,1787205071662310333
lidar,1787205071678402431
esp32,1787205071762462106
lidar,1787205071778609220
esp32,1787205071862421827
lidar,1787205071878667508
esp32,1787205071962493522
lidar,1787205071979045392
esp32,1787205072062348967
lidar,1787205072079826646
esp32,1787205072162476871
lidar,1787205072179517902
esp32,1787205072262479016
lidar,1787205072279313070
esp32,1787205072361540994
lidar,1787205072379724889
esp32,1787205072461725259
lidar,1787205072479839601
esp32,1787205072562261915
lidar,1787205072580236313
esp32,1787205072662226359
lidar,1787205072679683086
esp32,1787205072762338757
lidar,1787205072779883846
esp32,1787205072862322751
lidar,1787205072879581212
esp32,1787205072962541700
lidar,1787205072979224466
esp32,1787205073062524995
lidar,1787205073078488440
esp32,1787205073162397231
lidar,1787205073178449717
esp32,1787205073262446490
lidar,1787205073277314642
esp32,1787205073362319902
lidar,1787205073377303315
esp32,1787205073462260115
lidar,1787205073476600721
esp32,1787205073562450474
lidar,1787205073576603859
esp32,1787205073662538006
lidar,1787205073676023131
esp32,1787205073762479292
lidar,1787205073775156043
esp32,1787205073862450387
lidar,1787205073875283077
esp32,1787205073962490310
lidar,1787205073975536898
esp32,1787205074062400909
lidar,1787205074075320620
esp32,1787205074162351533
lidar,1787205074175942126
esp32,1787205074262441624
lidar,1787205074276080813
esp32,1787205074362463573
lidar,1787205074377067867
esp32,1787205074462399783
lidar,1787205074477161421
esp32,1787205074562276779
lidar,1787205074577959087
esp32,1787205074662544692
lidar,1787205074677480220
esp32,1787205074762421000
lidar,1787205074777433710
esp32,1787205074862279690
esp32,1787205074962350995
lidar,1787205074977511311
esp32,1787205075062380245
lidar,1787205075076592165
esp32,1787205075162391105
lidar,1787205075176724373
esp32,1787205075262491258
lidar,1787205075275872730
esp32,1787205075362500232
lidar,1787205075375973073
esp32,1787205075462446054
lidar,1787205075475431758
esp32,1787205075562437730
lidar,1787205075574192661
esp32,1787205075662482339
lidar,1787205075673714494
esp32,1787205075762438204
lidar,1787205075773564149
esp32,1787205075862452373
lidar,1787205075873299768
esp32,1787205075962487251
lidar,1787205075972931069
esp32,1787205076062337229
lidar,1787205076073107933
esp32,1787205076161941762
lidar,1787205076173077793
esp32,1787205076262304542
lidar,1787205076273548788
esp32,1787205076362384628
lidar,1787205076373480586
esp32,1787205076462481071
lidar,1787205076473793683
esp32,1787205076562126548
lidar,1787205076574330397
esp32,1787205076662494519
lidar,1787205076674941391
esp32,1787205076762276371
lidar,1787205076774983630
esp32,1787205076862264626
lidar,1787205076874918430
esp32,1787205076962004424
lidar,1787205076974763952
esp32,1787205077062012051
lidar,1787205077073961627
esp32,1787205077161671205
lidar,1787205077173677568
esp32,1787205077262232210
lidar,1787205077273300678
esp32,1787205077362284132
lidar,1787205077372573799
esp32,1787205077462358636
lidar,1787205077472178002
esp32,1787205077562298911
lidar,1787205077571695321
esp32,1787205077662329021
lidar,1787205077671119097
esp32,1787205077762185703
lidar,1787205077770584464
esp32,1787205077862586426
lidar,1787205077870265655
esp32,1787205077962252903
lidar,1787205077970510321
esp32,1787205078062415492
lidar,1787205078070572706
esp32,1787205078162128757
lidar,1787205078171157378
esp32,1787205078262246331
lidar,1787205078271074030
esp32,1787205078362235215
lidar,1787205078371384693
esp32,1787205078462643487
lidar,1787205078471715521
esp32,1787205078562151377
lidar,1787205078571917239
esp32,1787205078662329836
lidar,1787205078672270979
esp32,1787205078762248233
lidar,1787205078772665014
esp32,1787205078862439830
lidar,1787205078873265676
esp32,1787205078962326175
lidar,1787205078973611826
esp32,1787205079061961460
lidar,1787205079073539008
esp32,1787205079162117698
lidar,1787205079173265717
esp32,1787205079262119900
lidar,1787205079272845405
esp32,1787205079362301828
lidar,1787205079372280323
esp32,1787205079462220636
lidar,1787205079471978127
esp32,1787205079561931572
lidar,1787205079571423291
esp32,1787205079662318802
lidar,1787205079671058176
esp32,1787205079762283983
lidar,1787205079771315323
esp32,1787205079862339622
lidar,1787205079870745024
esp32,1787205079962298904
lidar,1787205079970759378
esp32,1787205080061832905
lidar,1787205080070069015
esp32,1787205080161476043
lidar,1787205080169782813
esp32,1787205080261674464
lidar,1787205080269537232
esp32,1787205080362216271
lidar,1787205080369302149
esp32,1787205080462239790
lidar,1787205080468939217
esp32,1787205080562247865
lidar,1787205080568962283
esp32,1787205080662466195
lidar,1787205080668977666
esp32,1787205080762480518
lidar,1787205080769009568
esp32,1787205080862478054
lidar,1787205080869461019
esp32,1787205080962294698
lidar,1787205080969925608
esp32,1787205081062297550
lidar,1787205081070205505
esp32,1787205081162286058
lidar,1787205081170497806
esp32,1787205081262450682
lidar,1787205081270660861
esp32,1787205081362411227
lidar,1787205081370379294
esp32,1787205081462373201
lidar,1787205081470050806
esp32,1787205081562360228
lidar,1787205081569556341
esp32,1787205081662229729
lidar,1787205081669454874
esp32,1787205081762437407
lidar,1787205081769079502
esp32,1787205081862428859
lidar,1787205081868624647
esp32,1787205081962360456
lidar,1787205081968253831
esp32,1787205082062191549
lidar,1787205082067470869
esp32,1787205082162265033
lidar,1787205082166960342
esp32,1787205082262349984
lidar,1787205082266504381
esp32,1787205082362257964
lidar,1787205082366712854
esp32,1787205082462485630
lidar,1787205082466715424
esp32,1787205082562298907
lidar,1787205082566820267
esp32,1787205082662560247
lidar,1787205082667047870
esp32,1787205082762447328
lidar,1787205082767317964
esp32,1787205082862553233
lidar,1787205082867648134
esp32,1787205082962101796
lidar,1787205082967508208
esp32,1787205083062361636
lidar,1787205083067947975
esp32,1787205083162278167
lidar,1787205083168198293
esp32,1787205083262357230
lidar,1787205083268549140
esp32,1787205083362256817
lidar,1787205083368637192
esp32,1787205083462342271
lidar,1787205083468410835
esp32,1787205083562368851
lidar,1787205083568462810
esp32,1787205083662344123
lidar,1787205083667372996
esp32,1787205083762299455
lidar,1787205083766901466
esp32,1787205083862479510
lidar,1787205083866534414
esp32,1787205083962521012
lidar,1787205083965956136
esp32,1787205084062401081
lidar,1787205084065358394
esp32,1787205084162200394
lidar,1787205084164846760
esp32,1787205084262332032
lidar,1787205084264316606
esp32,1787205084362441556
lidar,1787205084364109788
esp32,1787205084462425076
lidar,1787205084463921046
esp32,1787205084562109959
lidar,1787205084564107244
esp32,1787205084662424473
lidar,1787205084664465442
esp32,1787205084762326908
lidar,1787205084764795730
esp32,1787205084862438717
lidar,1787205084865141513
esp32,1787205084962544567
lidar,1787205084965476274
esp32,1787205085062496947
lidar,1787205085065684864
esp32,1787205085162481379
lidar,1787205085165677258
esp32,1787205085262359119
lidar,1787205085265802950
esp32,1787205085362492480
lidar,1787205085365629186
esp32,1787205085462288690
lidar,1787205085465183045
esp32,1787205085562480220
lidar,1787205085565056335
esp32,1787205085662402611
lidar,1787205085664690171
esp32,1787205085762386961
lidar,1787205085764324280
esp32,1787205085862436731
lidar,1787205085864024460
esp32,1787205085962360314
lidar,1787205085963483177
esp32,1787205086062374131
lidar,1787205086063489111
esp32,1787205086162362586
lidar,1787205086163334477
esp32,1787205086262447536
lidar,1787205086263180621
lidar,1787205086361972779
esp32,1787205086363134249
lidar,1787205086461738516
esp32,1787205086462778258
lidar,1787205086561557635
esp32,1787205086562477683
lidar,1787205086661789307
esp32,1787205086662858912
lidar,1787205086762131756
esp32,1787205086763172978
lidar,1787205086862200075
esp32,1787205086863194734
esp32,1787205086962450389
lidar,1787205086963216306
esp32,1787205087061946048
lidar,1787205087063099505
esp32,1787205087161968888
lidar,1787205087162718952
esp32,1787205087262445113
lidar,1787205087263608310
esp32,1787205087362376806
lidar,1787205087363611398
esp32,1787205087462277367
lidar,1787205087463406031
esp32,1787205087562290351
lidar,1787205087563458253
esp32,1787205087662303531
lidar,1787205087663426372
esp32,1787205087762428741
lidar,1787205087763197153
lidar,1787205087862157645
esp32,1787205087863518420
lidar,1787205087961921122
esp32,1787205087962943391
lidar,1787205088061742924
esp32,1787205088062751410
lidar,1787205088161231159
esp32,1787205088162149801
lidar,1787205088260821662
esp32,1787205088261988791
lidar,1787205088360715638
esp32,1787205088362077314
lidar,1787205088460505296
esp32,1787205088462182569
lidar,1787205088560764645
esp32,1787205088562094359
lidar,1787205088660866903
esp32,1787205088662277743
lidar,1787205088761159162
esp32,1787205088762053499
lidar,1787205088861590463
esp32,1787205088862548605
lidar,1787205088961513880
esp32,1787205088962410942
lidar,1787205089061179912
esp32,1787205089061859054
lidar,1787205089161492030
esp32,1787205089162402449
lidar,1787205089261715847
esp32,1787205089262698329
lidar,1787205089361932313
esp32,1787205089362924672
lidar,1787205089461708933
esp32,1787205089462722435
lidar,1787205089561507524
esp32,1787205089562186003
lidar,1787205089661329303
esp32,1787205089661931550
lidar,1787205089760858233
esp32,1787205089761728622
lidar,1787205089860607150
esp32,1787205089862136298
lidar,1787205089960349090
esp32,1787205089962216456
lidar,1787205090059571305
esp32,1787205090061325039
lidar,1787205090159202628
esp32,1787205090161265817
lidar,1787205090258891765
esp32,1787205090261196797
lidar,1787205090358880196
esp32,1787205090361945095
lidar,1787205090458698929
esp32,1787205090461952968
lidar,1787205090558141507
esp32,1787205090561777842
lidar,1787205090658485439
esp32,1787205090662076302
lidar,1787205090757854376
esp32,1787205090761962079
lidar,1787205090858069071
esp32,1787205090861810526
lidar,1787205090958464178
esp32,1787205090962002394
lidar,1787205091058128510
esp32,1787205091061722617
lidar,1787205091158745896
esp32,1787205091161909003
lidar,1787205091259020485
esp32,1787205091261860077
lidar,1787205091359126049
esp32,1787205091362004420
lidar,1787205091459679108
esp32,1787205091461900739
lidar,1787205091559536169
esp32,1787205091561645648
lidar,1787205091659539058
esp32,1787205091661627814
lidar,1787205091760140246
esp32,1787205091761928533
lidar,1787205091859820385
esp32,1787205091861816869
lidar,1787205091959909201
esp32,1787205091961848499
lidar,1787205092059033638
esp32,1787205092061696761
lidar,1787205092158957925
esp32,1787205092161801302
lidar,1787205092258151164
esp32,1787205092261666359
lidar,1787205092357343898
esp32,1787205092361673452
lidar,1787205092456925060
esp32,1787205092461764434
lidar,1787205092556925408
esp32,1787205092562039391
lidar,1787205092656521246
esp32,1787205092661775615
lidar,1787205092756562950
esp32,1787205092761852079
lidar,1787205092855778766
esp32,1787205092862010388
lidar,1787205092955292060
esp32,1787205092961995588
lidar,1787205093055585700
esp32,1787205093062132603
lidar,1787205093155419563
esp32,1787205093161915551
lidar,1787205093255925245
esp32,1787205093261655013
lidar,1787205093355895718
esp32,1787205093362085068
lidar,1787205093456089075
esp32,1787205093462187525
lidar,1787205093556475219
esp32,1787205093562127727
lidar,1787205093656705600
esp32,1787205093661893208
lidar,1787205093756936952
esp32,1787205093761964156
lidar,1787205093857472595
esp32,1787205093862100665
lidar,1787205093957350699
esp32,1787205093962084224
lidar,1787205094057058973
esp32,1787205094062108767
lidar,1787205094156787628
esp32,1787205094162136547
lidar,1787205094256366381
esp32,1787205094262096072
lidar,1787205094355622596
esp32,1787205094362059602
lidar,1787205094454984108
esp32,1787205094462086071
lidar,1787205094554491103
esp32,1787205094561925464
lidar,1787205094654200538
esp32,1787205094662127591
lidar,1787205094754056237
esp32,1787205094762064475
lidar,1787205094853662010
esp32,1787205094862008547
lidar,1787205094953140482
esp32,1787205094962459575
lidar,1787205095052823176
esp32,1787205095062472261
lidar,1787205095152752287
esp32,1787205095162237197
lidar,1787205095253093095
esp32,1787205095262123331
lidar,1787205095353114392
esp32,1787205095362122307
lidar,1787205095453106687
esp32,1787205095462133815
lidar,1787205095553461769
esp32,1787205095562007375
lidar,1787205095652930894
esp32,1787205095661985311
lidar,1787205095753191417
esp32,1787205095762170161
lidar,1787205095853585651
esp32,1787205095862205532
lidar,1787205095953937902
esp32,1787205095962216817
lidar,1787205096054260247
esp32,1787205096062492190
lidar,1787205096154201384
esp32,1787205096162177130
lidar,1787205096253345985
esp32,1787205096262070542
lidar,1787205096353008499
esp32,1787205096362274014
lidar,1787205096452103770
esp32,1787205096461469357
lidar,1787205096552084422
esp32,1787205096561970068
lidar,1787205096651567257
esp32,1787205096662385727
lidar,1787205096751174285
esp32,1787205096762082053
lidar,1787205096850695516
esp32,1787205096862375031
lidar,1787205096950106801
esp32,1787205096962347184
lidar,1787205097050121887
esp32,1787205097062315918
lidar,1787205097149645966
esp32,1787205097162107987
lidar,1787205097249575818
esp32,1787205097261990146
lidar,1787205097349880151
esp32,1787205097362235124
lidar,1787205097449412842
esp32,1787205097462275633
lidar,1787205097550235235
esp32,1787205097562386417
lidar,1787205097650011604
esp32,1787205097662231561
lidar,1787205097749800450
esp32,1787205097762408089
lidar,1787205097850155259
esp32,1787205097862027881
lidar,1787205097950141557
esp32,1787205097961958781
lidar,1787205098050732198
esp32,1787205098061958338
lidar,1787205098151144452
esp32,1787205098162010170
lidar,1787205098251168385
esp32,1787205098262045767
lidar,1787205098351524756
esp32,1787205098362185546
lidar,1787205098451485473
esp32,1787205098461939410
lidar,1787205098552061384
esp32,1787205098562085679
lidar,1787205098652182826
esp32,1787205098662130398
lidar,1787205098752061758
esp32,1787205098762087845
lidar,1787205098851929342
esp32,1787205098862100800
lidar,1787205098951563474
esp32,1787205098962034316
lidar,1787205099051903747
esp32,1787205099062131611
lidar,1787205099151265216
esp32,1787205099162046031
lidar,1787205099251140981
esp32,1787205099262074955
lidar,1787205099350739480
esp32,1787205099361991748
lidar,1787205099450380856
esp32,1787205099461901968
lidar,1787205099550258282
esp32,1787205099562007656
lidar,1787205099650095581
esp32,1787205099662090570
lidar,1787205099749246753
esp32,1787205099761897147
lidar,1787205099848573665
esp32,1787205099862326136
lidar,1787205099948143582
esp32,1787205099961934457
lidar,1787205100047080482
esp32,1787205100061541759
lidar,1787205100146794229
esp32,1787205100161553243
lidar,1787205100246079118
esp32,1787205100261306260
lidar,1787205100346306814
esp32,1787205100362357391
lidar,1787205100446574706
esp32,1787205100462013875
lidar,1787205100547059866
esp32,1787205100561790207
lidar,1787205100647062881
esp32,1787205100662402445
lidar,1787205100746937055
esp32,1787205100762341312
lidar,1787205100847350578
esp32,1787205100862395829
lidar,1787205100947364472
esp32,1787205100962320441
lidar,1787205101047526994
esp32,1787205101062295174
lidar,1787205101147470202
esp32,1787205101162294163
lidar,1787205101247804704
esp32,1787205101262333607
lidar,1787205101347994610
esp32,1787205101362324800
lidar,1787205101448026722
esp32,1787205101462305935
lidar,1787205101547839214
esp32,1787205101562311948
lidar,1787205101648135464
esp32,1787205101662395188
lidar,1787205101748115966
esp32,1787205101761885051
lidar,1787205101847988962
esp32,1787205101862287044
lidar,1787205101947500784
esp32,1787205101962331278
lidar,1787205102046944561
esp32,1787205102061895624
lidar,1787205102146233208
esp32,1787205102162404873
lidar,1787205102245717010
esp32,1787205102262274500
lidar,1787205102345806893
esp32,1787205102362456343
lidar,1787205102445724665
esp32,1787205102462396639
lidar,1787205102545515904
esp32,1787205102561999590
lidar,1787205102645392955
esp32,1787205102662272491
lidar,1787205102745574328
esp32,1787205102761842777
lidar,1787205102845376369
esp32,1787205102862371255
lidar,1787205102945802325
esp32,1787205102962367602
lidar,1787205103045802723
esp32,1787205103062376052
lidar,1787205103145966761
esp32,1787205103162425166
lidar,1787205103245861681
esp32,1787205103262377447
lidar,1787205103346050730
esp32,1787205103362277877
lidar,1787205103446099859
esp32,1787205103462242432
lidar,1787205103545950054
esp32,1787205103562210033
lidar,1787205103645785349
esp32,1787205103662317869
lidar,1787205103745398187
esp32,1787205103762429687
lidar,1787205103845400131
esp32,1787205103862411366
lidar,1787205103944941071
esp32,1787205103962293384
lidar,1787205104044425878
esp32,1787205104062399174
lidar,1787205104143953912
esp32,1787205104162416889
lidar,1787205104243297205
esp32,1787205104262342305
lidar,1787205104342770363
esp32,1787205104362413598
lidar,1787205104441855361
esp32,1787205104462366699
lidar,1787205104541426296
esp32,1787205104562167151
lidar,1787205104640871896
esp32,1787205104662464237
lidar,1787205104740252213
esp32,1787205104762407727
lidar,1787205104840401521
esp32,1787205104862135801
lidar,1787205104940499020
esp32,1787205104962355921
lidar,1787205105040528110
esp32,1787205105062434010
lidar,1787205105140462085
esp32,1787205105162243100
lidar,1787205105240886583
esp32,1787205105261800812
lidar,1787205105341101577
esp32,1787205105362350118
lidar,1787205105441600879
esp32,1787205105462493034
lidar,1787205105541657364
esp32,1787205105561925533
lidar,1787205105641989716
esp32,1787205105661969337
lidar,1787205105742130513
esp32,1787205105761928185
lidar,1787205105842170655
esp32,1787205105862262244
lidar,1787205105941876258
esp32,1787205105962300250
lidar,1787205106041696092
esp32,1787205106061914473
lidar,1787205106141434429
esp32,1787205106162462418
lidar,1787205106240961690
esp32,1787205106261777044
lidar,1787205106340727597
esp32,1787205106362206039
lidar,1787205106440438556
esp32,1787205106461862813
lidar,1787205106539770230
esp32,1787205106561904749
lidar,1787205106639692372
esp32,1787205106662185549
lidar,1787205106739325925
esp32,1787205106762180380
lidar,1787205106838660868
esp32,1787205106861946928
lidar,1787205106938361905
esp32,1787205106962306220
lidar,1787205107037985412
esp32,1787205107062330883
lidar,1787205107137445902
esp32,1787205107162364062
lidar,1787205107236830287
esp32,1787205107262493237
lidar,1787205107336370078
esp32,1787205107362294423
lidar,1787205107436317670
esp32,1787205107462496513
lidar,1787205107536202577
esp32,1787205107562346617
lidar,1787205107636546345
esp32,1787205107662453594
lidar,1787205107736521245
esp32,1787205107762305546
lidar,1787205107837070812
esp32,1787205107862500367
lidar,1787205107937025038
esp32,1787205107962388987
lidar,1787205108037442765
esp32,1787205108062499101
lidar,1787205108137820465
esp32,1787205108162487548
lidar,1787205108237924499
esp32,1787205108262457475
lidar,1787205108338180723
esp32,1787205108362410532
lidar,1787205108438091826
esp32,1787205108462517458
lidar,1787205108537640235
esp32,1787205108562391262
lidar,1787205108637604105
esp32,1787205108662525937
lidar,1787205108736700091
esp32,1787205108762539075
lidar,1787205108836570775
esp32,1787205108862641321
lidar,1787205108936077496
esp32,1787205108962262082
lidar,1787205109035603644
esp32,1787205109062495436
lidar,1787205109135052615
esp32,1787205109162503529
lidar,1787205109234841354
esp32,1787205109262493567
lidar,1787205109334592072
esp32,1787205109362452412
lidar,1787205109434996104
esp32,1787205109462527491
lidar,1787205109535338048
esp32,1787205109562158438
lidar,1787205109635705695
esp32,1787205109662601051
lidar,1787205109735844938
esp32,1787205109762520537
lidar,1787205109835947097
esp32,1787205109862263128
lidar,1787205109935895698
esp32,1787205109962301881
lidar,1787205110035683024
esp32,1787205110061625259
lidar,1787205110135085254
esp32,1787205110162004874
lidar,1787205110235021656
esp32,1787205110261541715
lidar,1787205110334430941
esp32,1787205110362278727
lidar,1787205110434292340
esp32,1787205110462470912
lidar,1787205110533923121
esp32,1787205110562297803
lidar,1787205110633365981
esp32,1787205110662459874
lidar,1787205110732675110
esp32,1787205110762494037
lidar,1787205110832465569
esp32,1787205110862435474
lidar,1787205110932323933
esp32,1787205110962503715
lidar,1787205111032188818
esp32,1787205111062493094
lidar,1787205111132167426
esp32,1787205111162490644
lidar,1787205111232685496
esp32,1787205111262477273
lidar,1787205111333048804
esp32,1787205111361826041
lidar,1787205111433111916
esp32,1787205111462440480
lidar,1787205111533865562
esp32,1787205111562446323
lidar,1787205111634474925
esp32,1787205111662402967
lidar,1787205111734552141
esp32,1787205111762138421
lidar,1787205111835350660
esp32,1787205111862359415
lidar,1787205111934744747
esp32,1787205111962449714
lidar,1787205112034401924
esp32,1787205112062233624
lidar,1787205112133954552
esp32,1787205112162543439
lidar,1787205112233545171
esp32,1787205112262432887
lidar,1787205112332977971
esp32,1787205112362527832
lidar,1787205112431984200
esp32,1787205112462418485
lidar,1787205112532043649
esp32,1787205112562430015
lidar,1787205112631143217
esp32,1787205112662264780
lidar,1787205112730867245
esp32,1787205112762442730
lidar,1787205112830657848
esp32,1787205112862419037
lidar,1787205112930624643
esp32,1787205112962535104
lidar,1787205113030029658
esp32,1787205113062405220
lidar,1787205113129386443
esp32,1787205113162368243
lidar,1787205113228725703
esp32,1787205113262516599
lidar,1787205113328719141
esp32,1787205113362380324
lidar,1787205113428505872
esp32,1787205113462449475
lidar,1787205113528416291
esp32,1787205113562385458
lidar,1787205113628301833
esp32,1787205113662441607
lidar,1787205113728596780
esp32,1787205113762551261
lidar,1787205113828780209
esp32,1787205113862512628
lidar,1787205113928759651
esp32,1787205113962419469
lidar,1787205114029013353
esp32,1787205114062446709
lidar,1787205114129296746
esp32,1787205114162354414
lidar,1787205114229545600
esp32,1787205114262442393
lidar,1787205114329726714
esp32,1787205114362430559
lidar,1787205114430394635
esp32,1787205114462459641
lidar,1787205114530227358
esp32,1787205114562398204
lidar,1787205114630648072
esp32,1787205114662352304
lidar,1787205114730449123
esp32,1787205114761646167
lidar,1787205114830169076
esp32,1787205114862403885
lidar,1787205114929716666
esp32,1787205114962500578
lidar,1787205115029602851
esp32,1787205115062394735
lidar,1787205115129041976
esp32,1787205115162500954
lidar,1787205115228627073
esp32,1787205115262316328
lidar,1787205115328248554
esp32,1787205115362501406
lidar,1787205115428107135
esp32,1787205115462489651
lidar,1787205115528032321
esp32,1787205115562351004
lidar,1787205115627527440
esp32,1787205115662470880
lidar,1787205115726775945
esp32,1787205115762307074
lidar,1787205115826920696
esp32,1787205115862477398
lidar,1787205115926492167
esp32,1787205115962253325
lidar,1787205116026382530
esp32,1787205116062464783
lidar,1787205116126303620
esp32,1787205116162661733
lidar,1787205116226593931
esp32,1787205116262484337
lidar,1787205116326976218
esp32,1787205116362533538
lidar,1787205116427100323
esp32,1787205116462460500
lidar,1787205116527030254
esp32,1787205116562432674
lidar,1787205116627079825
esp32,1787205116662557453
lidar,1787205116726681190
esp32,1787205116762407174
lidar,1787205116826396497
esp32,1787205116862417675
lidar,1787205116925904602
esp32,1787205116962458110
lidar,1787205117025239463
esp32,1787205117062259718
lidar,1787205117125315504
esp32,1787205117162314529
lidar,1787205117224861767
esp32,1787205117262241843
lidar,1787205117324827789
esp32,1787205117362288872
lidar,1787205117424734597
esp32,1787205117462327950
lidar,1787205117524759707
esp32,1787205117562278067
lidar,1787205117625054794
esp32,1787205117662616177
lidar,1787205117725625979
esp32,1787205117762382563
lidar,1787205117825682955
esp32,1787205117862636560
lidar,1787205117925873009
esp32,1787205117962618133
lidar,1787205118026190497
esp32,1787205118062587139
lidar,1787205118126347128
esp32,1787205118162434421
lidar,1787205118226008178
esp32,1787205118262433796
lidar,1787205118325914730
esp32,1787205118362564972
lidar,1787205118425409953
esp32,1787205118462626037
lidar,1787205118525076674
esp32,1787205118562484558
lidar,1787205118624879257
esp32,1787205118662723867
lidar,1787205118724543336
esp32,1787205118762563607
lidar,1787205118824154939
esp32,1787205118862518501
lidar,1787205118923774312
esp32,1787205118962604374
lidar,1787205119023451405
esp32,1787205119062621429
lidar,1787205119123090537
esp32,1787205119162492855
lidar,1787205119222594504
esp32,1787205119262429158
lidar,1787205119322805566
esp32,1787205119362404216
lidar,1787205119422826946
esp32,1787205119462287729
lidar,1787205119522951866
esp32,1787205119562258369
lidar,1787205119622992239
esp32,1787205119662477650
lidar,1787205119723232114
esp32,1787205119762471962
lidar,1787205119823424799
esp32,1787205119862586787
lidar,1787205119923700793
esp32,1787205119962440407
lidar,1787205120023561267
esp32,1787205120061443060
lidar,1787205120123980335
esp32,1787205120161508208
lidar,1787205120223373880
esp32,1787205120261399589
lidar,1787205120322898579
esp32,1787205120362202233
lidar,1787205120422834310
esp32,1787205120462398779
lidar,1787205120522032710
esp32,1787205120562318173
lidar,1787205120621638267
esp32,1787205120662436202
lidar,1787205120720979139
esp32,1787205120762141746
lidar,1787205120820576606
esp32,1787205120862183865
lidar,1787205120920374114
esp32,1787205120962091721
lidar,1787205121020283080
esp32,1787205121062393356
lidar,1787205121120292814
esp32,1787205121162479282
lidar,1787205121220116753
esp32,1787205121261940455
lidar,1787205121320893238
esp32,1787205121362186013
lidar,1787205121420948937
esp32,1787205121462084830
lidar,1787205121520997768
esp32,1787205121562120434
lidar,1787205121621390683
esp32,1787205121662138754
lidar,1787205121721742701
esp32,1787205121762276576
lidar,1787205121822233972
esp32,1787205121862190073
lidar,1787205121922296756
esp32,1787205121962502352
lidar,1787205122022645053
esp32,1787205122062158336
lidar,1787205122122317876
esp32,1787205122162274166
lidar,1787205122221528837
esp32,1787205122262284498
lidar,1787205122321346731
esp32,1787205122362192073
lidar,1787205122420786749
esp32,1787205122462508663
lidar,1787205122520731984
esp32,1787205122562256072
lidar,1787205122620345319
esp32,1787205122662398589
lidar,1787205122720376564
esp32,1787205122762485469
lidar,1787205122820231178
esp32,1787205122862513048
lidar,1787205122919586732
esp32,1787205122962322551
lidar,1787205123019113295
esp32,1787205123062338719
lidar,1787205123118670606
esp32,1787205123162465100
lidar,1787205123218425933
esp32,1787205123262490230
lidar,1787205123318725654
esp32,1787205123362413918
lidar,1787205123418720125
esp32,1787205123462402375
lidar,1787205123518017322
esp32,1787205123562448924
lidar,1787205123618749233
esp32,1787205123662433098
lidar,1787205123718949931
esp32,1787205123762373205
lidar,1787205123819352845
esp32,1787205123862437981
lidar,1787205123919577450
esp32,1787205123962488380
lidar,1787205124019758042
esp32,1787205124062438913
lidar,1787205124119874098
esp32,1787205124162464522
lidar,1787205124220007522
esp32,1787205124262483935
lidar,1787205124320378635
esp32,1787205124362441354
lidar,1787205124420657908
esp32,1787205124462439181
lidar,1787205124520587091
esp32,1787205124562203149
lidar,1787205124620214382
esp32,1787205124662486834
lidar,1787205124719538159
esp32,1787205124762450707
lidar,1787205124819212142
esp32,1787205124862539192
lidar,1787205124918712552
esp32,1787205124962329771
lidar,1787205125018394808
esp32,1787205125062629616
lidar,1787205125118061750
esp32,1787205125162346915
lidar,1787205125218072774
esp32,1787205125262435820
lidar,1787205125317180434
esp32,1787205125362331581
lidar,1787205125417103998
esp32,1787205125462451830
lidar,1787205125516848317
esp32,1787205125562048976
lidar,1787205125616987477
esp32,1787205125662449953
lidar,1787205125717332792
esp32,1787205125762459217
lidar,1787205125817531790
esp32,1787205125862474970
lidar,1787205125918069512
esp32,1787205125962391355
lidar,1787205126018512144
esp32,1787205126062473197
lidar,1787205126118664130
esp32,1787205126162461222
lidar,1787205126219023862
esp32,1787205126262456876
lidar,1787205126319054529
esp32,1787205126362683403
lidar,1787205126418573606
esp32,1787205126462519143
lidar,1787205126518493010
esp32,1787205126562424054
lidar,1787205126618010640
esp32,1787205126662450675
lidar,1787205126717694732
esp32,1787205126762406965
lidar,1787205126817474358
esp32,1787205126862631807
lidar,1787205126916879444
esp32,1787205126962452691
lidar,1787205127016267809
esp32,1787205127062242253
lidar,1787205127115922977
esp32,1787205127162330209
lidar,1787205127216380752
esp32,1787205127262440276
lidar,1787205127316384804
esp32,1787205127362518875
lidar,1787205127417050207
esp32,1787205127462401559
lidar,1787205127517491137
esp32,1787205127562507437
lidar,1787205127617812550
esp32,1787205127662417869
lidar,1787205127717924582
esp32,1787205127762406517
lidar,1787205127817920958
esp32,1787205127862448590
lidar,1787205127917675238
esp32,1787205127962400647
lidar,1787205128016803189
esp32,1787205128062433237
lidar,1787205128117023459
esp32,1787205128162269156
lidar,1787205128216878348
esp32,1787205128262421450
lidar,1787205128316500205
esp32,1787205128362384592
lidar,1787205128416054406
esp32,1787205128462285031
lidar,1787205128515613871
esp32,1787205128562441165
lidar,1787205128614835924
esp32,1787205128662428764
lidar,1787205128714622155
esp32,1787205128762369180
lidar,1787205128814641086
esp32,1787205128862223839
lidar,1787205128914432284
esp32,1787205128962246229
lidar,1787205129014466688
esp32,1787205129062459519
lidar,1787205129114745426
esp32,1787205129162169925
lidar,1787205129215075646
esp32,1787205129262495217
lidar,1787205129315251084
esp32,1787205129362491983
lidar,1787205129415538697
esp32,1787205129462524246
lidar,1787205129516055471
esp32,1787205129562307761
lidar,1787205129615616632
esp32,1787205129662477959
lidar,1787205129715846258
esp32,1787205129762304881
lidar,1787205129815738965
esp32,1787205129862471286
lidar,1787205129915354582
esp32,1787205129962455898
lidar,1787205130014554962
esp32,1787205130061811221
lidar,1787205130114458522
esp32,1787205130161707841
lidar,1787205130213553983
esp32,1787205130261308914
lidar,1787205130313294370
esp32,1787205130362398268
lidar,1787205130413321981
esp32,1787205130462263898
lidar,1787205130512805017
esp32,1787205130562482267
lidar,1787205130612899697
esp32,1787205130662364541
lidar,1787205130712781266
esp32,1787205130762797689
lidar,1787205130813365599
esp32,1787205130862353404
lidar,1787205130913132703
esp32,1787205130962447171
lidar,1787205131013106153
esp32,1787205131062301185
lidar,1787205131113267182
esp32,1787205131162470333
lidar,1787205131213130194
esp32,1787205131262461855
lidar,1787205131313526561
esp32,1787205131362282159
lidar,1787205131413632018
esp32,1787205131462364743
lidar,1787205131513832276
esp32,1787205131562301540
lidar,1787205131614022987
esp32,1787205131662319920
lidar,1787205131714240679
esp32,1787205131762295272
lidar,1787205131814386978
esp32,1787205131862431338
lidar,1787205131914123807
esp32,1787205131962407271
lidar,1787205132013878120
esp32,1787205132062209680
lidar,1787205132113552752
esp32,1787205132162405224
lidar,1787205132212845067
esp32,1787205132262340389
lidar,1787205132311649028
esp32,1787205132361589122
lidar,1787205132411124352
esp32,1787205132461594917
lidar,1787205132511204845
esp32,1787205132562327291
lidar,1787205132610652224
esp32,1787205132662000509
lidar,1787205132709842802
esp32,1787205132762419731
lidar,1787205132809936462
esp32,1787205132862122547
lidar,1787205132909457444
esp32,1787205132962547857
lidar,1787205133009601798
esp32,1787205133061843439
lidar,1787205133109706700
esp32,1787205133162328215
lidar,1787205133209877327
esp32,1787205133262529429
lidar,1787205133310273204
esp32,1787205133361993908
lidar,1787205133410435450
esp32,1787205133462420440
lidar,1787205133510329102
esp32,1787205133562522001
lidar,1787205133610528687
esp32,1787205133662237783
lidar,1787205133710737300
esp32,1787205133762438082
lidar,1787205133810934753
esp32,1787205133862439574
lidar,1787205133911303260
esp32,1787205133962322695
lidar,1787205134010994961
esp32,1787205134062419332
lidar,1787205134110673918
esp32,1787205134162379099
lidar,1787205134210602494
esp32,1787205134262414575
lidar,1787205134309850968
esp32,1787205134362344382
lidar,1787205134409620385
esp32,1787205134462457109
lidar,1787205134508798071
esp32,1787205134561906371
lidar,1787205134608642306
esp32,1787205134662401704
lidar,1787205134707939026
esp32,1787205134762395732
lidar,1787205134807766842
esp32,1787205134862367807
lidar,1787205134907559559
esp32,1787205134962406263
lidar,1787205135008052979
esp32,1787205135062360651
lidar,1787205135108092552
esp32,1787205135162373247
lidar,1787205135207887257
esp32,1787205135262401161
lidar,1787205135307950165
esp32,1787205135362297860
lidar,1787205135408383048
esp32,1787205135462386731
lidar,1787205135509055971
esp32,1787205135562215372
lidar,1787205135609206393
esp32,1787205135662463124
lidar,1787205135709389086
esp32,1787205135762121965
lidar,1787205135809550986
esp32,1787205135862373075
lidar,1787205135909722171
esp32,1787205135962344502
lidar,1787205136008954077
esp32,1787205136062433146
lidar,1787205136108927389
esp32,1787205136162405654
lidar,1787205136208236120
esp32,1787205136262295992
lidar,1787205136307963533
esp32,1787205136362419145
lidar,1787205136407551483
esp32,1787205136462254728
lidar,1787205136506896232
esp32,1787205136562377446
lidar,1787205136606457201
esp32,1787205136662420432
lidar,1787205136706149944
esp32,1787205136762485189
lidar,1787205136805016771
esp32,1787205136862286851
lidar,1787205136904978920
esp32,1787205136962153525
lidar,1787205137004348819
esp32,1787205137062198376
lidar,1787205137104772690
esp32,1787205137162202286
lidar,1787205137204800896
esp32,1787205137262451195
lidar,1787205137305075046
esp32,1787205137362257267
lidar,1787205137404963353
esp32,1787205137462673336
lidar,1787205137505244834
esp32,1787205137562309622
lidar,1787205137605494204
esp32,1787205137662406999
lidar,1787205137705323593
esp32,1787205137762238900
lidar,1787205137806356480
esp32,1787205137862357509
lidar,1787205137906365878
esp32,1787205137962482526
lidar,1787205138006361168
esp32,1787205138062451651
lidar,1787205138106005363
esp32,1787205138162309525
lidar,1787205138205620778
esp32,1787205138262391248
lidar,1787205138305184520
esp32,1787205138362549024
lidar,1787205138404635698
esp32,1787205138462416329
lidar,1787205138503720271
esp32,1787205138562209885
lidar,1787205138603145508
esp32,1787205138662037796
lidar,1787205138702903626
esp32,1787205138762346036
lidar,1787205138802497402
esp32,1787205138862338914
lidar,1787205138902018058
esp32,1787205138962455964
lidar,1787205139001436737
esp32,1787205139062429628
lidar,1787205139101269703
esp32,1787205139162485200
lidar,1787205139201705041
esp32,1787205139262519090
lidar,1787205139301589520
esp32,1787205139362467539
lidar,1787205139402162761
esp32,1787205139462344035
lidar,1787205139502579562
esp32,1787205139562142071
lidar,1787205139602683498
esp32,1787205139662489016
lidar,1787205139702848397
esp32,1787205139762225053
lidar,1787205139803207413
esp32,1787205139862021739
lidar,1787205139903207221
esp32,1787205139962421322
lidar,1787205140003166474
esp32,1787205140061639787
lidar,1787205140102960095
esp32,1787205140161519261
lidar,1787205140202724000
esp32,1787205140261496251
lidar,1787205140302236412
esp32,1787205140362201999
lidar,1787205140402583100
esp32,1787205140462333485
lidar,1787205140501711135
esp32,1787205140562377602
lidar,1787205140601725658
esp32,1787205140662420072
lidar,1787205140701217392
esp32,1787205140762337363
lidar,1787205140800623008
esp32,1787205140862529794
lidar,1787205140900819196
esp32,1787205140962456575
lidar,1787205141000095063
esp32,1787205141062535649
lidar,1787205141099458822
esp32,1787205141162448521
lidar,1787205141199392638
esp32,1787205141262544906
lidar,1787205141299892760
esp32,1787205141362526119
lidar,1787205141399956182
esp32,1787205141462511147
lidar,1787205141500315262
esp32,1787205141562548619
lidar,1787205141600039400
esp32,1787205141662412231
lidar,1787205141700750417
esp32,1787205141762456850
lidar,1787205141800644808
esp32,1787205141862368922
lidar,1787205141901353606
esp32,1787205141962564812
lidar,1787205142001665714
esp32,1787205142061777096
lidar,1787205142101220193
esp32,1787205142162525422
lidar,1787205142201436387
esp32,1787205142262299456
lidar,1787205142301295712
esp32,1787205142362421502
lidar,1787205142400961343
esp32,1787205142462451977
lidar,1787205142500112208
esp32,1787205142562272948
lidar,1787205142599863046
esp32,1787205142662421709
lidar,1787205142699665356
esp32,1787205142762270719
lidar,1787205142799850642
esp32,1787205142862523244
lidar,1787205142899593259
esp32,1787205142962459847
lidar,1787205142999488952
esp32,1787205143062341309
lidar,1787205143099371618
esp32,1787205143162606878
lidar,1787205143198994503
esp32,1787205143262516498
lidar,1787205143298996235
esp32,1787205143362568699
lidar,1787205143399238541
esp32,1787205143462468342
lidar,1787205143499452161
esp32,1787205143562470089
lidar,1787205143599522796
esp32,1787205143662459427
lidar,1787205143699617153
esp32,1787205143762554792
lidar,1787205143800060393
esp32,1787205143862271899
lidar,1787205143900360215
esp32,1787205143962422828
lidar,1787205144000485208
esp32,1787205144062484255
lidar,1787205144100270639
esp32,1787205144162257707
lidar,1787205144200159108
esp32,1787205144262064161
lidar,1787205144299467421
esp32,1787205144362431067
lidar,1787205144398912033
esp32,1787205144462461872
lidar,1787205144498479885
esp32,1787205144562175208
lidar,1787205144597860128
esp32,1787205144662473375
lidar,1787205144697365623
esp32,1787205144762459679
lidar,1787205144797057926
esp32,1787205144862393749
lidar,1787205144896455639
esp32,1787205144962437368
lidar,1787205144996334639
esp32,1787205145062452409
lidar,1787205145096320780
esp32,1787205145162439915
lidar,1787205145196602759
esp32,1787205145262423697
lidar,1787205145296927664
esp32,1787205145362473483
lidar,1787205145396894334
esp32,1787205145462450643
lidar,1787205145497346589
esp32,1787205145562364113
lidar,1787205145597860248
esp32,1787205145662256402
lidar,1787205145698280013
esp32,1787205145762456524
lidar,1787205145798650748
esp32,1787205145862283001
lidar,1787205145898223032
esp32,1787205145962427471
lidar,1787205145997890009
esp32,1787205146062236318
lidar,1787205146097427510
esp32,1787205146162433090
lidar,1787205146196967812
esp32,1787205146262050941
lidar,1787205146296426858
esp32,1787205146362352929
lidar,1787205146396338822
esp32,1787205146462447688
lidar,1787205146496087270
esp32,1787205146562583881
lidar,1787205146595506369
esp32,1787205146662380666
lidar,1787205146695106274
esp32,1787205146761593039
lidar,1787205146794535776
esp32,1787205146862505807
lidar,1787205146894616809
esp32,1787205146962509639
lidar,1787205146994461940
esp32,1787205147062088197
lidar,1787205147094525752
esp32,1787205147162447687
lidar,1787205147194526530
esp32,1787205147262204692
lidar,1787205147294814333
esp32,1787205147362544590
lidar,1787205147394732144
esp32,1787205147462511321
lidar,1787205147495219134
esp32,1787205147562545556
lidar,1787205147595395794
esp32,1787205147662510355
lidar,1787205147695791039
esp32,1787205147762373956
lidar,1787205147795806610
esp32,1787205147862283218
lidar,1787205147895909405
esp32,1787205147962309171
lidar,1787205147995850460
esp32,1787205148062532115
lidar,1787205148095720425
esp32,1787205148162577382
lidar,1787205148195504178
esp32,1787205148262346285
lidar,1787205148294969203
esp32,1787205148362379013
lidar,1787205148394658490
esp32,1787205148462482501
lidar,1787205148494258891
esp32,1787205148562220735
lidar,1787205148593675075
esp32,1787205148662427077
lidar,1787205148692702497
esp32,1787205148762395592
lidar,1787205148792893485
esp32,1787205148862239196
lidar,1787205148892253463
esp32,1787205148962008841
lidar,1787205148992253202
esp32,1787205149062391932
lidar,1787205149092529778
esp32,1787205149162516560
lidar,1787205149192401589
esp32,1787205149262012941
lidar,1787205149292211333
esp32,1787205149362090912
lidar,1787205149392776101
esp32,1787205149462083932
lidar,1787205149492820334
esp32,1787205149562029854
lidar,1787205149593006775
esp32,1787205149662349513
lidar,1787205149693064339
esp32,1787205149762014655
lidar,1787205149793577689
esp32,1787205149862214591
lidar,1787205149893127350
esp32,1787205149962199519
lidar,1787205149993740946
esp32,1787205150061791890
lidar,1787205150093163969
esp32,1787205150161597213
lidar,1787205150192725702
esp32,1787205150261393830
lidar,1787205150292639458
esp32,1787205150362286680
lidar,1787205150392530056
esp32,1787205150462195548
lidar,1787205150491944580
esp32,1787205150562246887
lidar,1787205150591737952
esp32,1787205150662380340
lidar,1787205150691625293
esp32,1787205150762232336
lidar,1787205150790984329
esp32,1787205150862190129
lidar,1787205150890686815
esp32,1787205150962281372
lidar,1787205150990442837
esp32,1787205151062287984
lidar,1787205151090073364
esp32,1787205151162334538
lidar,1787205151189603997
esp32,1787205151262118621
lidar,1787205151289158593
esp32,1787205151362301117
lidar,1787205151389333462
esp32,1787205151462437074
lidar,1787205151489070524
esp32,1787205151562203188
lidar,1787205151589265494
esp32,1787205151662356324
lidar,1787205151689393290
esp32,1787205151762508976
lidar,1787205151789787205
esp32,1787205151862533881
lidar,1787205151889692339
esp32,1787205151962342714
lidar,1787205151990057823
esp32,1787205152062339519
lidar,1787205152089553175
esp32,1787205152162489590
lidar,1787205152189953410
esp32,1787205152262268126
lidar,1787205152290107984
esp32,1787205152362179967
lidar,1787205152390837232
esp32,1787205152462527706
lidar,1787205152490443298
esp32,1787205152562280985
lidar,1787205152590802753
esp32,1787205152662494251
lidar,1787205152690872184
esp32,1787205152762506676
lidar,1787205152790685276
esp32,1787205152862456988
lidar,1787205152890395944
esp32,1787205152962486134
lidar,1787205152989605449
esp32,1787205153062378043
lidar,1787205153089150970
esp32,1787205153162500896
lidar,1787205153189141224
esp32,1787205153262492356
lidar,1787205153288443972
esp32,1787205153362377908
lidar,1787205153388579452
esp32,1787205153462485747
lidar,1787205153488165778
esp32,1787205153562525932
lidar,1787205153587555387
esp32,1787205153662476507
lidar,1787205153687058494
esp32,1787205153762357809
lidar,1787205153786661140
esp32,1787205153862258528
lidar,1787205153886939085
esp32,1787205153962299938
lidar,1787205153986864478
esp32,1787205154062352271
lidar,1787205154087032207
esp32,1787205154162359634
lidar,1787205154187269676
esp32,1787205154262326283
lidar,1787205154287730365
esp32,1787205154362472332
lidar,1787205154387501848
esp32,1787205154462368191
lidar,1787205154487877189
esp32,1787205154562311097
lidar,1787205154587653981
esp32,1787205154662405803
lidar,1787205154687722664
esp32,1787205154762202480
lidar,1787205154787631013
esp32,1787205154862488341
lidar,1787205154886601311
esp32,1787205154962423423
lidar,1787205154985821708
esp32,1787205155062473155
lidar,1787205155085206096
esp32,1787205155162470043
lidar,1787205155184412952
esp32,1787205155262363806
lidar,1787205155283794936
esp32,1787205155362464334
lidar,1787205155383782018
esp32,1787205155462465222
lidar,1787205155483685376
esp32,1787205155562444428
lidar,1787205155583581378
esp32,1787205155662381691
lidar,1787205155683430763
esp32,1787205155762311257
lidar,1787205155783599351
esp32,1787205155862313336
lidar,1787205155883675023
esp32,1787205155961981957
lidar,1787205155983471547
esp32,1787205156062334546
lidar,1787205156084125256
esp32,1787205156162477353
lidar,1787205156184055808
esp32,1787205156262457429
lidar,1787205156284055730
esp32,1787205156362380032
lidar,1787205156384210238
esp32,1787205156462385571
lidar,1787205156483853848
esp32,1787205156562144237
lidar,1787205156583987423
esp32,1787205156662370594
lidar,1787205156683175044
esp32,1787205156761489091
lidar,1787205156782868585
esp32,1787205156862287337
lidar,1787205156882214622
esp32,1787205156962632712
lidar,1787205156982031763
esp32,1787205157062520897
lidar,1787205157082203323
esp32,1787205157162511001
lidar,1787205157180963243
esp32,1787205157262167943
lidar,1787205157280938626
esp32,1787205157362377599
lidar,1787205157380772293
esp32,1787205157462316267
lidar,1787205157481331647
esp32,1787205157562462784
lidar,1787205157581048841
esp32,1787205157662402522
lidar,1787205157681592409
esp32,1787205157762491546
lidar,1787205157781780417
esp32,1787205157862441228
lidar,1787205157882066309
esp32,1787205157962403022
lidar,1787205157982058578
esp32,1787205158062318284
lidar,1787205158082857017
esp32,1787205158162361377
lidar,1787205158183185242
esp32,1787205158262442776
lidar,1787205158283617085
esp32,1787205158362541640
lidar,1787205158383968503
esp32,1787205158462422787
lidar,1787205158484098297
esp32,1787205158562171615
lidar,1787205158583882866
esp32,1787205158662422732
lidar,1787205158683746051
esp32,1787205158762158578
lidar,1787205158782984998
esp32,1787205158862291136
lidar,1787205158882619557
esp32,1787205158962486645
lidar,1787205158982351978
esp32,1787205159062462212
lidar,1787205159081928791
esp32,1787205159162412815
lidar,1787205159181497652
esp32,1787205159262328333
lidar,1787205159280646341
esp32,1787205159362466821
lidar,1787205159380682168
esp32,1787205159462214488
lidar,1787205159479880797
esp32,1787205159562372263
lidar,1787205159579152390
esp32,1787205159662488826
lidar,1787205159679118238
esp32,1787205159762394821
lidar,1787205159778206500
esp32,1787205159862478993
lidar,1787205159878370755
esp32,1787205159962416371
lidar,1787205159977649105
esp32,1787205160061707649
lidar,1787205160077237936
esp32,1787205160161560007
lidar,1787205160177633061
esp32,1787205160261439127
lidar,1787205160277413253
esp32,1787205160362369239
lidar,1787205160378292711
esp32,1787205160462309017
lidar,1787205160478698314
esp32,1787205160562362882
lidar,1787205160579195186
esp32,1787205160662521467
lidar,1787205160679665591
esp32,1787205160762326930
lidar,1787205160779983541
esp32,1787205160862582819
lidar,1787205160880891136
esp32,1787205160962559104
lidar,1787205160980901588
esp32,1787205161062475577
lidar,1787205161080118495
esp32,1787205161162340910
lidar,1787205161179826501
esp32,1787205161262393331
lidar,1787205161279301098
esp32,1787205161362522344
lidar,1787205161379840438
esp32,1787205161462469684
lidar,1787205161478706573
esp32,1787205161562529966
lidar,1787205161578038850
esp32,1787205161662435157
lidar,1787205161678182132
esp32,1787205161762454348
lidar,1787205161777437148
esp32,1787205161862291026
lidar,1787205161877020440
esp32,1787205161962529665
lidar,1787205161976608455
esp32,1787205162062363720
lidar,1787205162076217179
esp32,1787205162162363381
lidar,1787205162176199582
esp32,1787205162262448141
lidar,1787205162275676345
esp32,1787205162362358530
lidar,1787205162375766824
esp32,1787205162462337747
lidar,1787205162476181527
esp32,1787205162562215796
lidar,1787205162576345469
esp32,1787205162662348099
lidar,1787205162676496171
esp32,1787205162762315183
lidar,1787205162777008973
esp32,1787205162862325145
lidar,1787205162877469717
esp32,1787205162962392823
lidar,1787205162977616437
esp32,1787205163062412664
lidar,1787205163078049731
esp32,1787205163162432321
lidar,1787205163177882303
esp32,1787205163262248912
lidar,1787205163277872770
esp32,1787205163362357161
lidar,1787205163377591429
esp32,1787205163462015886
lidar,1787205163477393897
esp32,1787205163562334967
lidar,1787205163577305161
esp32,1787205163662339393
lidar,1787205163677026160
esp32,1787205163762391740
lidar,1787205163776387700
esp32,1787205163862251435
lidar,1787205163876092197
esp32,1787205163962388562
lidar,1787205163975229344
esp32,1787205164062134736
lidar,1787205164074207157
esp32,1787205164162326828
lidar,1787205164174391548
esp32,1787205164261973272
lidar,1787205164274562278
esp32,1787205164362333600
lidar,1787205164374956645
esp32,1787205164462504783
lidar,1787205164475214368
esp32,1787205164562110328
lidar,1787205164575433441
esp32,1787205164662458338
lidar,1787205164675546097
esp32,1787205164762191916
lidar,1787205164775811580
esp32,1787205164862361473
lidar,1787205164875742467
esp32,1787205164962507951
lidar,1787205164975863477
esp32,1787205165062166339
lidar,1787205165076260729
esp32,1787205165162030781
lidar,1787205165176446810
esp32,1787205165262304457
lidar,1787205165276138491
esp32,1787205165362378350
lidar,1787205165375909903
esp32,1787205165462229874
lidar,1787205165475596013
esp32,1787205165562354365
lidar,1787205165575413811
esp32,1787205165662319489
lidar,1787205165674717833
esp32,1787205165762266235
lidar,1787205165774751199
esp32,1787205165862298722
lidar,1787205165873817576
esp32,1787205165962259177
lidar,1787205165973281554
esp32,1787205166062211753
lidar,1787205166073252444
esp32,1787205166162313322
lidar,1787205166173158341
esp32,1787205166262297269
lidar,1787205166273368175
esp32,1787205166362457197
lidar,1787205166373522492
esp32,1787205166462502295
lidar,1787205166473530915
esp32,1787205166562359090
lidar,1787205166573720664
esp32,1787205166662461619
lidar,1787205166674368784
esp32,1787205166762273931
lidar,1787205166774742438
esp32,1787205166862354846
lidar,1787205166875362866
esp32,1787205166962523217
lidar,1787205166975167966
esp32,1787205167062190058
lidar,1787205167075929018
esp32,1787205167162131181
lidar,1787205167175325620
esp32,1787205167262295685
lidar,1787205167275077948
esp32,1787205167362478647
lidar,1787205167374676735
esp32,1787205167462409804
lidar,1787205167474381172
esp32,1787205167562558801
lidar,1787205167574374120
esp32,1787205167662359957
lidar,1787205167673810252
esp32,1787205167762290396
lidar,1787205167773258445
esp32,1787205167862517947
lidar,1787205167873253980
esp32,1787205167962512858
lidar,1787205167972957007
esp32,1787205168062453305
lidar,1787205168072803929
esp32,1787205168162376410
lidar,1787205168172392792
esp32,1787205168262416778
lidar,1787205168271899890
esp32,1787205168361961433
lidar,1787205168371782697
esp32,1787205168462417880
lidar,1787205168471400622
esp32,1787205168562482607
lidar,1787205168570961406
esp32,1787205168662398918
lidar,1787205168670649190
esp32,1787205168761590071
lidar,1787205168770602639
esp32,1787205168862489962
lidar,1787205168870592266
esp32,1787205168962489446
lidar,1787205168970818791
esp32,1787205169062459308
lidar,1787205169070745081
esp32,1787205169162262075
lidar,1787205169170916575
esp32,1787205169262400744
lidar,1787205169271132123
esp32,1787205169362377791
lidar,1787205169371719040
esp32,1787205169462430522
lidar,1787205169471760295
esp32,1787205169562450731
lidar,1787205169572175226
esp32,1787205169662445580
lidar,1787205169672458801
esp32,1787205169762520283
lidar,1787205169772723751
esp32,1787205169862567466
lidar,1787205169872608432
esp32,1787205169962389593
lidar,1787205169972643489
esp32,1787205170061457953
lidar,1787205170071885480
esp32,1787205170161424566
lidar,1787205170171210315
esp32,1787205170261583158
lidar,1787205170270683356
esp32,1787205170362354773
lidar,1787205170370641954
esp32,1787205170462296572
lidar,1787205170470327998
esp32,1787205170562230588
lidar,1787205170569824130
esp32,1787205170662401905
lidar,1787205170669456603
esp32,1787205170762374911
lidar,1787205170768926397
esp32,1787205170862551249
lidar,1787205170868475566
esp32,1787205170962433430
lidar,1787205170968210398
esp32,1787205171062469163
lidar,1787205171068145183
esp32,1787205171162567491
lidar,1787205171168005925
esp32,1787205171262494803
lidar,1787205171268273798
esp32,1787205171362353788
lidar,1787205171368224955
esp32,1787205171462262007
lidar,1787205171468109051
esp32,1787205171562493369
lidar,1787205171568598962
esp32,1787205171662494203
lidar,1787205171669448264
esp32,1787205171762017719
lidar,1787205171769134061
esp32,1787205171862456829
lidar,1787205171869494149
esp32,1787205171962544642
lidar,1787205171969854506
esp32,1787205172062380704
lidar,1787205172069990363
esp32,1787205172162315836
lidar,1787205172170188877
esp32,1787205172262335367
lidar,1787205172270198042
esp32,1787205172362450971
lidar,1787205172370357911
esp32,1787205172462286047
lidar,1787205172469916411
esp32,1787205172562203427
lidar,1787205172569968960
esp32,1787205172662409198
lidar,1787205172669357619
esp32,1787205172762458448
lidar,1787205172769114012
esp32,1787205172862481847
lidar,1787205172868808386
esp32,1787205172962502911
lidar,1787205172968256209
esp32,1787205173062333452
lidar,1787205173067901775
esp32,1787205173162400129
lidar,1787205173167644943
esp32,1787205173262287703
lidar,1787205173267120828
esp32,1787205173362337302
lidar,1787205173366956703
esp32,1787205173462416427
lidar,1787205173466425113
esp32,1787205173562446312
lidar,1787205173566095494
esp32,1787205173662446381
lidar,1787205173665275576
esp32,1787205173762444979
lidar,1787205173765018542
esp32,1787205173862416259
lidar,1787205173865027433
esp32,1787205173962428545
lidar,1787205173965406819
esp32,1787205174062481178
lidar,1787205174065698122
esp32,1787205174162497709
lidar,1787205174166196900
esp32,1787205174261985662
lidar,1787205174266485257
esp32,1787205174361923393
lidar,1787205174366689402
esp32,1787205174462321087
lidar,1787205174466834160
esp32,1787205174562229588
lidar,1787205174566796760
esp32,1787205174662470203
lidar,1787205174666518387
esp32,1787205174762015351
lidar,1787205174766181360
esp32,1787205174862277715
lidar,1787205174865979465
esp32,1787205174962363288
lidar,1787205174965551641
esp32,1787205175062458644
lidar,1787205175064943344
esp32,1787205175162472232
lidar,1787205175164563133
esp32,1787205175262418685
lidar,1787205175264353660
esp32,1787205175362492235
lidar,1787205175364133190
esp32,1787205175462568070
lidar,1787205175464192840
esp32,1787205175562489192
lidar,1787205175564600048
esp32,1787205175662462189
lidar,1787205175664685323
esp32,1787205175762307350
lidar,1787205175764871519
esp32,1787205175862269797
lidar,1787205175865064046
esp32,1787205175962373619
lidar,1787205175965648301
esp32,1787205176062468679
lidar,1787205176066210088
esp32,1787205176162497830
lidar,1787205176166588523
esp32,1787205176262151358
lidar,1787205176266857643
esp32,1787205176362263583
lidar,1787205176367223479
esp32,1787205176462057858
lidar,1787205176467215237
esp32,1787205176561855703
lidar,1787205176567600404
esp32,1787205176662224366
lidar,1787205176667371843
esp32,1787205176762270241
lidar,1787205176767529141
esp32,1787205176862486956
lidar,1787205176867297571
esp32,1787205176962335178
lidar,1787205176966902274
esp32,1787205177062371032
lidar,1787205177066420880
esp32,1787205177162237183
lidar,1787205177166095720
esp32,1787205177262301129
lidar,1787205177265514735
esp32,1787205177362169810
lidar,1787205177365316280
esp32,1787205177462341296
lidar,1787205177465160088
esp32,1787205177562151181
lidar,1787205177564708911
esp32,1787205177662346420
lidar,1787205177664769311
esp32,1787205177762414161
lidar,1787205177764502144
esp32,1787205177862472851
lidar,1787205177863908200
esp32,1787205177962390205
lidar,1787205177963541790
esp32,1787205178062551935
lidar,1787205178063728383
esp32,1787205178162483740
lidar,1787205178163640938
esp32,1787205178261337760
lidar,1787205178262839412
esp32,1787205178362345630
lidar,1787205178363504264
esp32,1787205178462393855
lidar,1787205178463421990
esp32,1787205178562103732
lidar,1787205178563175174
esp32,1787205178662490011
lidar,1787205178663623476
esp32,1787205178762450445
lidar,1787205178763521696
esp32,1787205178862523563
lidar,1787205178863597180
esp32,1787205178962299478
lidar,1787205178963361533
esp32,1787205179062074987
lidar,1787205179063185968
esp32,1787205179162097477
lidar,1787205179163437876
esp32,1787205179262367183
lidar,1787205179263441428
esp32,1787205179362510067
lidar,1787205179363641795
esp32,1787205179462107547
lidar,1787205179463079784
esp32,1787205179562465155
lidar,1787205179563319079
esp32,1787205179662450588
lidar,1787205179663457972
lidar,1787205179762218487
esp32,1787205179763267589
lidar,1787205179861896396
esp32,1787205179862905641
lidar,1787205179961693149
esp32,1787205179962559363
lidar,1787205180060729481
esp32,1787205180061592591
lidar,1787205180160425780
esp32,1787205180161365985
lidar,1787205180259766839
esp32,1787205180261464716
lidar,1787205180359478753
esp32,1787205180361488311
lidar,1787205180459980230
esp32,1787205180462074852
lidar,1787205180560035062
esp32,1787205180561920439
lidar,1787205180660458237
esp32,1787205180662096663
lidar,1787205180760713679
esp32,1787205180761644226
lidar,1787205180861191830
esp32,1787205180861846734
lidar,1787205180961512505
esp32,1787205180962223323
lidar,1787205181061979516
esp32,1787205181062788993
lidar,1787205181161891592
esp32,1787205181162596828
lidar,1787205181261927484
esp32,1787205181262951088
lidar,1787205181361383102
esp32,1787205181361986459
lidar,1787205181461122209
esp32,1787205181462117446
lidar,1787205181561015024
esp32,1787205181562135460
lidar,1787205181660542234
esp32,1787205181661530488
lidar,1787205181760196191
esp32,1787205181762200949
lidar,1787205181860014833
esp32,1787205181862151243
lidar,1787205181959371263
esp32,1787205181962133154
lidar,1787205182059070239
esp32,1787205182062019311
lidar,1787205182159080170
esp32,1787205182161992139
lidar,1787205182258854755
esp32,1787205182261965587
lidar,1787205182358464382
esp32,1787205182361812397
lidar,1787205182458009871
esp32,1787205182461292400
lidar,1787205182558557207
esp32,1787205182561855835
lidar,1787205182658996664
esp32,1787205182662064284
lidar,1787205182759112972
esp32,1787205182762027398
lidar,1787205182859224885
esp32,1787205182862151196
lidar,1787205182959460180
esp32,1787205182962175061
lidar,1787205183059913402
esp32,1787205183062258777
lidar,1787205183160024795
esp32,1787205183162150347
lidar,1787205183260230599
esp32,1787205183262098403
lidar,1787205183360619568
esp32,1787205183362142370
lidar,1787205183460475459
esp32,1787205183461641206
lidar,1787205183561483172
esp32,1787205183562528494
lidar,1787205183661441759
esp32,1787205183662504188
lidar,1787205183761306732
esp32,1787205183762391099
lidar,1787205183860921238
esp32,1787205183862293420
lidar,1787205183960176188
esp32,1787205183961895280
lidar,1787205184059901080
esp32,1787205184062003775
lidar,1787205184159212762
esp32,1787205184162001219
lidar,1787205184258341663
esp32,1787205184262006866
lidar,1787205184358290289
esp32,1787205184361986417
lidar,1787205184457933389
esp32,1787205184462042997
lidar,1787205184557447725
esp32,1787205184561994200
lidar,1787205184656943205
esp32,1787205184662232587
lidar,1787205184756585548
esp32,1787205184762200838
lidar,1787205184856342665
esp32,1787205184862182515
lidar,1787205184956525134
esp32,1787205184962228859
lidar,1787205185056808334
esp32,1787205185062172164
lidar,1787205185156884159
esp32,1787205185162067384
lidar,1787205185257356903
esp32,1787205185262071831
lidar,1787205185357631653
esp32,1787205185362171881
lidar,1787205185457540186
esp32,1787205185462027390
lidar,1787205185557570181
esp32,1787205185561328254
lidar,1787205185658265667
esp32,1787205185662031006
lidar,1787205185758350575
esp32,1787205185761849136
lidar,1787205185858649025
esp32,1787205185861903907
lidar,1787205185958859444
esp32,1787205185962091186
lidar,1787205186058639289
esp32,1787205186062228343
lidar,1787205186158905728
esp32,1787205186162093114
lidar,1787205186258637278
esp32,1787205186262006943
lidar,1787205186357417131
esp32,1787205186361283378
lidar,1787205186457268839
esp32,1787205186461714980
lidar,1787205186557291739
esp32,1787205186561961498
lidar,1787205186656814817
esp32,1787205186661975795
lidar,1787205186756043291
esp32,1787205186761736312
lidar,1787205186856061835
esp32,1787205186861969764
lidar,1787205186955802649
esp32,1787205186961963174
lidar,1787205187055543361
esp32,1787205187062004804
lidar,1787205187155702269
esp32,1787205187162170420
lidar,1787205187255156719
esp32,1787205187261900168
lidar,1787205187355566752
esp32,1787205187362101946
lidar,1787205187455889594
esp32,1787205187462137187
lidar,1787205187555737585
esp32,1787205187562114611
lidar,1787205187656102191
esp32,1787205187662096711
lidar,1787205187756225468
esp32,1787205187762174216
lidar,1787205187856598881
esp32,1787205187861907086
lidar,1787205187956880848
esp32,1787205187962086307
lidar,1787205188057671593
esp32,1787205188062245683
lidar,1787205188157850773
esp32,1787205188162089362
lidar,1787205188257360002
esp32,1787205188262003305
lidar,1787205188356916009
esp32,1787205188362191797
lidar,1787205188456314640
esp32,1787205188462075415
lidar,1787205188555846476
esp32,1787205188561959499
lidar,1787205188655677238
esp32,1787205188662001556
lidar,1787205188754946816
esp32,1787205188761876846
lidar,1787205188854741997
esp32,1787205188861933100
lidar,1787205188954455360
esp32,1787205188961859015
lidar,1787205189053964001
esp32,1787205189062156224
lidar,1787205189153781145
esp32,1787205189161931732
lidar,1787205189253969403
esp32,1787205189261851108
lidar,1787205189353861686
esp32,1787205189362365378
lidar,1787205189454142563
esp32,1787205189461794417
lidar,1787205189554045002
esp32,1787205189561900525
lidar,1787205189654554653
esp32,1787205189661898896
lidar,1787205189754984809
esp32,1787205189761936959
lidar,1787205189855382686
esp32,1787205189861833889
lidar,1787205189955403960
esp32,1787205189962027496
lidar,1787205190054922458
esp32,1787205190061649767
lidar,1787205190154626097
esp32,1787205190161390037
lidar,1787205190254318455
esp32,1787205190261363019
lidar,1787205190354307859
esp32,1787205190361944785
lidar,1787205190454453373
esp32,1787205190461989883
lidar,1787205190554518779
esp32,1787205190561991459
lidar,1787205190654423918
esp32,1787205190662026244
lidar,1787205190754116688
esp32,1787205190761977903
lidar,1787205190854116300
esp32,1787205190862013179
lidar,1787205190953946165
esp32,1787205190961994263
lidar,1787205191053669161
esp32,1787205191062043328
lidar,1787205191152947806
esp32,1787205191161928700
lidar,1787205191252743684
esp32,1787205191262073323
lidar,1787205191352279602
esp32,1787205191361794158
lidar,1787205191451774975
esp32,1787205191462025863
lidar,1787205191551588173
esp32,1787205191562050533
lidar,1787205191651247850
esp32,1787205191662412090
lidar,1787205191750499978
esp32,1787205191761833109
lidar,1787205191850338413
esp32,1787205191862301558
lidar,1787205191949835658
esp32,1787205191962098636
lidar,1787205192050022675
esp32,1787205192062203709
lidar,1787205192149327399
esp32,1787205192162350439
lidar,1787205192249252750
esp32,1787205192262006411
lidar,1787205192348307589
esp32,1787205192361489199
lidar,1787205192447981326
esp32,1787205192462120854
lidar,1787205192547691145
esp32,1787205192582288484
lidar,1787205192647625294
esp32,1787205192662410251
lidar,1787205192747349699
esp32,1787205192761931065
lidar,1787205192847858988
esp32,1787205192862427588
lidar,1787205192947891310
esp32,1787205192962379068
lidar,1787205193047973756
esp32,1787205193062446573
lidar,1787205193148346817
esp32,1787205193162415404
lidar,1787205193248698736
esp32,1787205193262396550
lidar,1787205193349007109
esp32,1787205193362461636
lidar,1787205193449587677
esp32,1787205193461950454
lidar,1787205193549514366
esp32,1787205193562367804
lidar,1787205193650284993
esp32,1787205193662332945
lidar,1787205193750423798
esp32,1787205193762297118
lidar,1787205193850578375
esp32,1787205193861983403
lidar,1787205193949672371
esp32,1787205193962416112
lidar,1787205194049909733
esp32,1787205194062286986
lidar,1787205194150189560
esp32,1787205194162109536
lidar,1787205194249620862
esp32,1787205194262414787
lidar,1787205194349078983
esp32,1787205194361978172
lidar,1787205194448580912
esp32,1787205194462128101
lidar,1787205194548451613
esp32,1787205194561808502
lidar,1787205194647936050
esp32,1787205194661895532
lidar,1787205194747509319
esp32,1787205194761874297
lidar,1787205194847056976
esp32,1787205194861855947
lidar,1787205194946657032
esp32,1787205194961894596
lidar,1787205195046298945
esp32,1787205195061641343
lidar,1787205195146425504
esp32,1787205195161915078
lidar,1787205195246096629
esp32,1787205195261942345
lidar,1787205195346716327
esp32,1787205195361882943
lidar,1787205195446647122
esp32,1787205195461857048
lidar,1787205195546758970
esp32,1787205195561889534
lidar,1787205195646493562
esp32,1787205195662346102
lidar,1787205195746888428
esp32,1787205195762227804
lidar,1787205195847043935
esp32,1787205195862360107
lidar,1787205195947497028
esp32,1787205195962363698
lidar,1787205196047065206
esp32,1787205196062134332
lidar,1787205196147013998
esp32,1787205196162465106
lidar,1787205196246640443
esp32,1787205196262222525
lidar,1787205196346165715
esp32,1787205196362179106
lidar,1787205196446132148
esp32,1787205196462341662
lidar,1787205196545567204
esp32,1787205196562294565
lidar,1787205196645361898
esp32,1787205196661742128
lidar,1787205196744721088
esp32,1787205196762230650
lidar,1787205196844620533
esp32,1787205196862258648
lidar,1787205196944179708
esp32,1787205196962444457
lidar,1787205197045283546
esp32,1787205197062279161
lidar,1787205197143892792
esp32,1787205197162433428
lidar,1787205197243834938
esp32,1787205197262326805
lidar,1787205197344218416
esp32,1787205197362395533
lidar,1787205197444632375
esp32,1787205197462318954
lidar,1787205197545077876
esp32,1787205197562460575
lidar,1787205197645346168
esp32,1787205197662393876
lidar,1787205197745104936
esp32,1787205197762282062
lidar,1787205197845501012
esp32,1787205197862422373
lidar,1787205197944875290
esp32,1787205197961913433
lidar,1787205198044095294
esp32,1787205198062341220
lidar,1787205198143542142
esp32,1787205198161706506
lidar,1787205198242782421
esp32,1787205198262426267
lidar,1787205198342091050
esp32,1787205198362425695
lidar,1787205198441826882
esp32,1787205198462013017
lidar,1787205198541617904
esp32,1787205198562696972
lidar,1787205198641723501
esp32,1787205198662411839
lidar,1787205198741824830
esp32,1787205198762505115
lidar,1787205198842293702
esp32,1787205198862473914
lidar,1787205198942278282
esp32,1787205198962280625
lidar,1787205199042924483
esp32,1787205199062289999
lidar,1787205199142909144
esp32,1787205199162277506
lidar,1787205199243466022
esp32,1787205199262349897
lidar,1787205199343785410
esp32,1787205199362348370
lidar,1787205199443678718
esp32,1787205199462040577
lidar,1787205199543941186
esp32,1787205199562380330
lidar,1787205199644032299
esp32,1787205199662361375
lidar,1787205199743947470
esp32,1787205199762415358
lidar,1787205199844243876
esp32,1787205199862618096
lidar,1787205199944066760
esp32,1787205199962426627
lidar,1787205200043399188
esp32,1787205200061551792
lidar,1787205200142432998
esp32,1787205200161672915
lidar,1787205200242155613
esp32,1787205200261401281
lidar,1787205200342378341
esp32,1787205200362403450
lidar,1787205200441823055
esp32,1787205200462213913
lidar,1787205200541403778
esp32,1787205200562220026
lidar,1787205200641934735
esp32,1787205200662300959
lidar,1787205200741716221
esp32,1787205200762410068
lidar,1787205200841658819
esp32,1787205200862390099
lidar,1787205200941993208
esp32,1787205200962287747
lidar,1787205201042224262
esp32,1787205201062298675
lidar,1787205201142960696
esp32,1787205201162294042
lidar,1787205201243159052
esp32,1787205201262274493
lidar,1787205201343151354
esp32,1787205201362341459
lidar,1787205201444526146
esp32,1787205201462350159
lidar,1787205201544243966
esp32,1787205201562347823
lidar,1787205201644444213
esp32,1787205201662413730
lidar,1787205201744351696
esp32,1787205201762367471
lidar,1787205201844274193
esp32,1787205201862453823
lidar,1787205201944020478
esp32,1787205201962364680
lidar,1787205202043773680
esp32,1787205202062381704
lidar,1787205202143667754
esp32,1787205202162421922
lidar,1787205202242631878
esp32,1787205202262398663
lidar,1787205202342217152
esp32,1787205202362313744
lidar,1787205202441542238
esp32,1787205202462278823
lidar,1787205202541737380
esp32,1787205202561782982
lidar,1787205202641420088
esp32,1787205202662563316
lidar,1787205202741015651
esp32,1787205202762440078
lidar,1787205202840593231
esp32,1787205202862416241
lidar,1787205202940600512
esp32,1787205202962385543
lidar,1787205203040404421
esp32,1787205203061805969
lidar,1787205203140872578
esp32,1787205203162467748
lidar,1787205203240677571
esp32,1787205203261897906
lidar,1787205203341064743
esp32,1787205203361889690
lidar,1787205203441311831
esp32,1787205203462379221
lidar,1787205203541565866
esp32,1787205203562060546
lidar,1787205203641643401
esp32,1787205203661862773
lidar,1787205203741565530
esp32,1787205203761886894
lidar,1787205203841184943
esp32,1787205203861783319
lidar,1787205203941028182
esp32,1787205203962240775
lidar,1787205204040482208
esp32,1787205204062147843
lidar,1787205204140228274
esp32,1787205204162065837
lidar,1787205204239800861
esp32,1787205204262243690
lidar,1787205204339522665
esp32,1787205204362226141
lidar,1787205204438938304
esp32,1787205204462092902
lidar,1787205204538603901
esp32,1787205204562185535
lidar,1787205204638200886
esp32,1787205204662160575
lidar,1787205204738171902
esp32,1787205204762275135
lidar,1787205204837555317
esp32,1787205204862342860
lidar,1787205204937541799
esp32,1787205204962440762
lidar,1787205205037739378
esp32,1787205205062173339
lidar,1787205205137598786
esp32,1787205205162373358
lidar,1787205205238128406
esp32,1787205205262534655
lidar,1787205205338709729
esp32,1787205205362700061
lidar,1787205205438692166
esp32,1787205205462264665
lidar,1787205205538927909
esp32,1787205205562366016
lidar,1787205205639314388
esp32,1787205205662494440
lidar,1787205205739504022
esp32,1787205205762495182
lidar,1787205205840130591
esp32,1787205205862507869
lidar,1787205205940025287
esp32,1787205205962475879
lidar,1787205206039752436
esp32,1787205206062279352
lidar,1787205206139593571
esp32,1787205206162317026
lidar,1787205206239464150
esp32,1787205206262320231
lidar,1787205206339051051
esp32,1787205206362390719
lidar,1787205206438605081
esp32,1787205206462420738
lidar,1787205206537817493
esp32,1787205206562224334
lidar,1787205206637173156
esp32,1787205206661911808
lidar,1787205206736367520
esp32,1787205206762339246
lidar,1787205206836194036
esp32,1787205206862417983
lidar,1787205206935634931
esp32,1787205206962330750
lidar,1787205207035403808
esp32,1787205207062339119
lidar,1787205207135767350
esp32,1787205207162348444
lidar,1787205207236018537
esp32,1787205207262225095
lidar,1787205207336512637
esp32,1787205207362320203
lidar,1787205207436927077
esp32,1787205207462436095
lidar,1787205207536937156
esp32,1787205207561851781
lidar,1787205207637581637
esp32,1787205207662374355
lidar,1787205207737324151
esp32,1787205207761712986
lidar,1787205207837965960
esp32,1787205207861725506
lidar,1787205207938266112
esp32,1787205207961740116
lidar,1787205208037826757
esp32,1787205208062461938
lidar,1787205208137796105
esp32,1787205208162248133
lidar,1787205208237531364
esp32,1787205208262455563
lidar,1787205208337318705
esp32,1787205208362402591
lidar,1787205208436656566
esp32,1787205208462223006
lidar,1787205208536495041
esp32,1787205208562333244
lidar,1787205208636282571
esp32,1787205208662468998
lidar,1787205208735944075
esp32,1787205208762265663
lidar,1787205208835865985
esp32,1787205208862321593
lidar,1787205208935141987
esp32,1787205208962467826
lidar,1787205209034662860
esp32,1787205209062501367
lidar,1787205209135682279
esp32,1787205209161524550
lidar,1787205209233877773
esp32,1787205209262168639
lidar,1787205209333655906
esp32,1787205209362189167
lidar,1787205209433553709
esp32,1787205209462203900
lidar,1787205209533613655
esp32,1787205209562226378
lidar,1787205209633968471
esp32,1787205209662145509
lidar,1787205209734484414
esp32,1787205209761874115
lidar,1787205209834470955
esp32,1787205209862340805
lidar,1787205209935055267
esp32,1787205209961975242
lidar,1787205210034811545
esp32,1787205210061652235
lidar,1787205210134717932
esp32,1787205210161664489
lidar,1787205210234682316
esp32,1787205210261335002
lidar,1787205210334472577
esp32,1787205210362341150
lidar,1787205210434965116
esp32,1787205210461843064
lidar,1787205210534470463
esp32,1787205210562311402
lidar,1787205210634144702
esp32,1787205210662482180
lidar,1787205210733062751
esp32,1787205210762146007
lidar,1787205210833067046
esp32,1787205210862383567
lidar,1787205210932564824
esp32,1787205210962449970
lidar,1787205211031927481
esp32,1787205211062470935
lidar,1787205211131862494
esp32,1787205211162454532
lidar,1787205211231521949
esp32,1787205211262402541
lidar,1787205211330808834
esp32,1787205211362265801
lidar,1787205211430143281
esp32,1787205211462231297
lidar,1787205211529152396
esp32,1787205211562436279
lidar,1787205211629801256
esp32,1787205211662496816
lidar,1787205211730218110
esp32,1787205211762402373
lidar,1787205211830685815
esp32,1787205211862383539
lidar,1787205211930931289
esp32,1787205211962451680
lidar,1787205212031359438
esp32,1787205212062396254
lidar,1787205212131051868
esp32,1787205212162441015
lidar,1787205212231957240
esp32,1787205212262560342
lidar,1787205212332181871
esp32,1787205212362454476
lidar,1787205212432618209
esp32,1787205212462305967
lidar,1787205212532689486
esp32,1787205212562160571
lidar,1787205212632590440
esp32,1787205212662265011
lidar,1787205212732427901
esp32,1787205212762149074
lidar,1787205212832414425
esp32,1787205212862395882
lidar,1787205212931879349
esp32,1787205212962395715
lidar,1787205213031250871
esp32,1787205213062332277
lidar,1787205213130605196
esp32,1787205213162396370
lidar,1787205213230297549
esp32,1787205213262363137
lidar,1787205213329315340
esp32,1787205213362186216
lidar,1787205213428642514
esp32,1787205213462393270
lidar,1787205213528121379
esp32,1787205213562368181
lidar,1787205213627549711
esp32,1787205213662393638
lidar,1787205213727184562
esp32,1787205213762371178
lidar,1787205213826896776
esp32,1787205213862225975
lidar,1787205213926568033
esp32,1787205213962437643
lidar,1787205214026675401
esp32,1787205214062485111
lidar,1787205214126675918
esp32,1787205214162437804
lidar,1787205214226486355
esp32,1787205214282485661
lidar,1787205214326950522
esp32,1787205214362233637
lidar,1787205214427442239
esp32,1787205214462183758
lidar,1787205214527610970
esp32,1787205214562273405
lidar,1787205214627557020
esp32,1787205214662607427
lidar,1787205214728226345
esp32,1787205214761955723
lidar,1787205214828877443
esp32,1787205214862265923
lidar,1787205214929437190
esp32,1787205214962176201
lidar,1787205215029462428
esp32,1787205215062191179
lidar,1787205215129358766
esp32,1787205215162292858
lidar,1787205215229009421
esp32,1787205215262163558
lidar,1787205215328607970
esp32,1787205215362581891
lidar,1787205215428230188
esp32,1787205215462500788
lidar,1787205215527610082
esp32,1787205215562278509
lidar,1787205215627484135
esp32,1787205215662356763
lidar,1787205215726629654
esp32,1787205215762204071
lidar,1787205215826238941
esp32,1787205215862233811
lidar,1787205215926161003
esp32,1787205215962481014
lidar,1787205216025661002
esp32,1787205216062173285
lidar,1787205216125635999
esp32,1787205216162149684
lidar,1787205216225218775
esp32,1787205216262307122
lidar,1787205216325568325
esp32,1787205216362388602
lidar,1787205216425794762
esp32,1787205216462638649
lidar,1787205216525909015
esp32,1787205216562700765
lidar,1787205216625841266
esp32,1787205216662319276
lidar,1787205216725721791
esp32,1787205216762008064
lidar,1787205216826091685
esp32,1787205216862451600
lidar,1787205216926207102
esp32,1787205216962239520
lidar,1787205217026271057
esp32,1787205217062313848
lidar,1787205217126150907
esp32,1787205217162294962
lidar,1787205217225667980
esp32,1787205217262362226
lidar,1787205217325357717
esp32,1787205217362402001
lidar,1787205217424941869
esp32,1787205217462223517
lidar,1787205217525160590
esp32,1787205217562248946
lidar,1787205217625010816
esp32,1787205217662043125
lidar,1787205217724667592
esp32,1787205217762182098
lidar,1787205217824512971
esp32,1787205217862258494
lidar,1787205217924236339
esp32,1787205217962143227
lidar,1787205218023947197
esp32,1787205218062170339
lidar,1787205218123591459
esp32,1787205218162386200
lidar,1787205218223351690
esp32,1787205218262398464
lidar,1787205218323163176
esp32,1787205218362403924
lidar,1787205218423118027
esp32,1787205218462356282
lidar,1787205218523341302
esp32,1787205218562459812
lidar,1787205218623554224
esp32,1787205218662221458
lidar,1787205218723534381
esp32,1787205218762334731
lidar,1787205218823767512
esp32,1787205218862337268
lidar,1787205218924076397
esp32,1787205218962333326
lidar,1787205219024202596
esp32,1787205219062316538
lidar,1787205219124708036
esp32,1787205219162437661
lidar,1787205219225278393
esp32,1787205219262352705
lidar,1787205219324705733
esp32,1787205219362423006
lidar,1787205219424560562
esp32,1787205219462433956
lidar,1787205219524338393
esp32,1787205219562297351
lidar,1787205219624515268
esp32,1787205219662477560
lidar,1787205219723741007
esp32,1787205219762513114
lidar,1787205219823438519
esp32,1787205219862369401
lidar,1787205219923022544
esp32,1787205219962335428
lidar,1787205220022100357
esp32,1787205220061597750
lidar,1787205220121717246
esp32,1787205220161555640
lidar,1787205220221470408
esp32,1787205220261528213
lidar,1787205220320984476
esp32,1787205220362389219
lidar,1787205220421262679
esp32,1787205220462552622
lidar,1787205220521125243
esp32,1787205220562080519
lidar,1787205220620664459
esp32,1787205220662472788
lidar,1787205220720183819
esp32,1787205220762127436
lidar,1787205220820124055
esp32,1787205220862140490
lidar,1787205220920613801
esp32,1787205220962234535
lidar,1787205221020892135
esp32,1787205221062435441
lidar,1787205221121278371
esp32,1787205221162329399
lidar,1787205221221780475
esp32,1787205221262537880
lidar,1787205221322275752
esp32,1787205221362569711
lidar,1787205221422467322
esp32,1787205221462482362
lidar,1787205221522805439
esp32,1787205221562487853
lidar,1787205221622981018
esp32,1787205221662391304
lidar,1787205221723201451
esp32,1787205221762299699
lidar,1787205221823136874
esp32,1787205221862392255
lidar,1787205221922673101
esp32,1787205221962309679
lidar,1787205222022484946
esp32,1787205222062343191
lidar,1787205222121535532
esp32,1787205222162344509
lidar,1787205222221140563
esp32,1787205222262456749
lidar,1787205222320381815
esp32,1787205222362414537
lidar,1787205222419844959
esp32,1787205222462309853
lidar,1787205222519512393
esp32,1787205222562234159
lidar,1787205222619090456
esp32,1787205222662429213
lidar,1787205222718422233
esp32,1787205222762468591
lidar,1787205222818262146
esp32,1787205222861946070
lidar,1787205222917480458
esp32,1787205222962626328
lidar,1787205223017426458
esp32,1787205223062191096
lidar,1787205223117420155
esp32,1787205223162366976
lidar,1787205223217826658
esp32,1787205223261680749
lidar,1787205223317790795
esp32,1787205223361905487
lidar,1787205223418045101
esp32,1787205223462144301
lidar,1787205223518156825
esp32,1787205223562001149
lidar,1787205223618333464
esp32,1787205223661861508
lidar,1787205223718823909
esp32,1787205223762071426
lidar,1787205223819068049
esp32,1787205223862149523
lidar,1787205223919319311
esp32,1787205223962298391
lidar,1787205224019214006
esp32,1787205224062063105
lidar,1787205224118954721
esp32,1787205224162130757
lidar,1787205224218675164
esp32,1787205224262044588
lidar,1787205224318339744
esp32,1787205224362169589
lidar,1787205224418222907
esp32,1787205224462147079
lidar,1787205224517666960
esp32,1787205224561590123
lidar,1787205224617536905
esp32,1787205224662124520
lidar,1787205224716524292
esp32,1787205224762112690
lidar,1787205224816362285
esp32,1787205224862461541
lidar,1787205224915452484
esp32,1787205224962097400
lidar,1787205225015210112
esp32,1787205225062232317
lidar,1787205225114802094
esp32,1787205225162517119
lidar,1787205225214618644
esp32,1787205225262267185
lidar,1787205225315186451
esp32,1787205225362205335
lidar,1787205225415464081
esp32,1787205225462437665
lidar,1787205225516097650
esp32,1787205225562346801
lidar,1787205225616430929
esp32,1787205225662317228
lidar,1787205225716848812
esp32,1787205225762333501
lidar,1787205225816570256
esp32,1787205225862304175
lidar,1787205225916885722
esp32,1787205225962305028
lidar,1787205226016651208
esp32,1787205226062402466
lidar,1787205226116441827
esp32,1787205226162403830
lidar,1787205226216109684
esp32,1787205226262777797
lidar,1787205226315665575
esp32,1787205226362379495
lidar,1787205226415483171
esp32,1787205226462225297
lidar,1787205226515390226
esp32,1787205226562009144
lidar,1787205226614715704
esp32,1787205226662334847
lidar,1787205226714659054
esp32,1787205226762325617
lidar,1787205226814504615
esp32,1787205226862739111
lidar,1787205226913885290
esp32,1787205226962193646
lidar,1787205227013723734
esp32,1787205227062465911
lidar,1787205227113171154
esp32,1787205227162462023
lidar,1787205227213012157
esp32,1787205227262311303
lidar,1787205227312094227
esp32,1787205227362477220
lidar,1787205227412145933
esp32,1787205227462369980
lidar,1787205227511353178
esp32,1787205227561947300
lidar,1787205227611028689
esp32,1787205227662523436
lidar,1787205227710722266
esp32,1787205227762160196
lidar,1787205227810752601
esp32,1787205227862334291
lidar,1787205227910746439
esp32,1787205227962395006
lidar,1787205228010901852
esp32,1787205228062305916
lidar,1787205228111294501
esp32,1787205228162308112
lidar,1787205228211527263
esp32,1787205228262419631
lidar,1787205228311565602
esp32,1787205228362426477
lidar,1787205228411555213
esp32,1787205228462380938
lidar,1787205228512198237
esp32,1787205228562312609
lidar,1787205228612455701
esp32,1787205228662338960
lidar,1787205228712919395
esp32,1787205228762465337
lidar,1787205228812767596
esp32,1787205228862517478
lidar,1787205228912942579
esp32,1787205228961405576
lidar,1787205229012470315
esp32,1787205229062463119
lidar,1787205229112054573
esp32,1787205229162350300
lidar,1787205229211248328
esp32,1787205229262357432
lidar,1787205229311103382
esp32,1787205229362575418
lidar,1787205229410923659
esp32,1787205229462549737
lidar,1787205229510690286
esp32,1787205229562424586
lidar,1787205229610559949
esp32,1787205229662498582
lidar,1787205229710442516
esp32,1787205229762442645
lidar,1787205229810103985
esp32,1787205229862352119
lidar,1787205229910108016
esp32,1787205229962324960
lidar,1787205230009129035
esp32,1787205230061623030
lidar,1787205230109028956
esp32,1787205230161696204
lidar,1787205230208902349
esp32,1787205230261530578
lidar,1787205230308945250
esp32,1787205230362299837
lidar,1787205230409649098
esp32,1787205230461827060
lidar,1787205230510081876
esp32,1787205230561945738
lidar,1787205230610132377
esp32,1787205230662150699
lidar,1787205230710369026
esp32,1787205230762160552
lidar,1787205230810465206
esp32,1787205230862349472
lidar,1787205230910633170
esp32,1787205230962305960
lidar,1787205231009961500
esp32,1787205231062253754
lidar,1787205231109542651
esp32,1787205231162582247
lidar,1787205231209392987
esp32,1787205231262319624
lidar,1787205231308759972
esp32,1787205231362245780
lidar,1787205231408280126
esp32,1787205231462127468
lidar,1787205231507952209
esp32,1787205231561855514
lidar,1787205231607312748
esp32,1787205231662001626
lidar,1787205231706972451
esp32,1787205231762067200
lidar,1787205231806612514
esp32,1787205231862272950
lidar,1787205231906341893
esp32,1787205231962240361
lidar,1787205232006322474
esp32,1787205232062218650
lidar,1787205232106522647
esp32,1787205232162220740
lidar,1787205232206922831
esp32,1787205232262247203
lidar,1787205232306750855
esp32,1787205232362191226
lidar,1787205232407437226
esp32,1787205232462126331
lidar,1787205232507280141
esp32,1787205232562033603
lidar,1787205232607520954
esp32,1787205232662235950
lidar,1787205232707958814
esp32,1787205232762365274
lidar,1787205232808039055
esp32,1787205232862234614
lidar,1787205232908054112
esp32,1787205232962262105
lidar,1787205233008749297
esp32,1787205233062400186
lidar,1787205233109097076
esp32,1787205233162229560
lidar,1787205233208905240
esp32,1787205233262288373
lidar,1787205233308765763
esp32,1787205233362372597
lidar,1787205233408500736
esp32,1787205233462332574
lidar,1787205233507946618
esp32,1787205233562102783
lidar,1787205233607713961
esp32,1787205233662269532
lidar,1787205233707185476
esp32,1787205233762308130
lidar,1787205233806725828
esp32,1787205233862199092
lidar,1787205233906426490
esp32,1787205233962395929
lidar,1787205234006070085
esp32,1787205234062329740
lidar,1787205234105356125
esp32,1787205234162417592
lidar,1787205234205139701
esp32,1787205234262231022
lidar,1787205234304343646
esp32,1787205234362278439
lidar,1787205234404713059
esp32,1787205234462571967
lidar,1787205234504698512
esp32,1787205234562243629
lidar,1787205234604722257
esp32,1787205234662393719
lidar,1787205234705127200
esp32,1787205234761994758
lidar,1787205234804932927
esp32,1787205234862583836
lidar,1787205234905261148
esp32,1787205234962415755
lidar,1787205235005308896
esp32,1787205235061578604
lidar,1787205235105863361
esp32,1787205235162337359
lidar,1787205235206134375
esp32,1787205235262319752
lidar,1787205235306384063
esp32,1787205235362264831
lidar,1787205235406460507
esp32,1787205235462150119
lidar,1787205235506387829
esp32,1787205235562411322
lidar,1787205235605901345
esp32,1787205235662253105
lidar,1787205235705435033
esp32,1787205235762463064
lidar,1787205235804665561
esp32,1787205235862486727
lidar,1787205235904363388
esp32,1787205235962457168
lidar,1787205236003643154
esp32,1787205236062185940
lidar,1787205236102900087
esp32,1787205236162455320
lidar,1787205236202648809
esp32,1787205236262226306
lidar,1787205236302047409
esp32,1787205236362333338
lidar,1787205236401663308
esp32,1787205236462529323
lidar,1787205236501458282
esp32,1787205236562213727
lidar,1787205236601600159
esp32,1787205236661326745
lidar,1787205236701269067
esp32,1787205236762046621
lidar,1787205236801622486
esp32,1787205236862475295
lidar,1787205236901998917
esp32,1787205236962112172
lidar,1787205237002102537
esp32,1787205237062363822
lidar,1787205237101990740
esp32,1787205237162361256
lidar,1787205237202645496
esp32,1787205237262267890
lidar,1787205237303285301
esp32,1787205237362275205
lidar,1787205237403427286
esp32,1787205237462365736
lidar,1787205237503933899
esp32,1787205237562453007
lidar,1787205237603977456
esp32,1787205237661884790
lidar,1787205237704160052
esp32,1787205237762269271
lidar,1787205237804284572
esp32,1787205237861891985
lidar,1787205237904220533
esp32,1787205237962127632
lidar,1787205238003460648
esp32,1787205238062327413
lidar,1787205238103637791
esp32,1787205238161964601
lidar,1787205238203150402
esp32,1787205238262136153
lidar,1787205238302753947
esp32,1787205238362146976
lidar,1787205238402006114
esp32,1787205238462450505
lidar,1787205238501985560
esp32,1787205238562189721
lidar,1787205238601528382
esp32,1787205238662245418
lidar,1787205238701092559
esp32,1787205238762356948
lidar,1787205238800916177
esp32,1787205238862228551
lidar,1787205238900531450
esp32,1787205238962356069
lidar,1787205239000273034
esp32,1787205239062379768
lidar,1787205239099905609
esp32,1787205239162272540
lidar,1787205239200028428
esp32,1787205239262285789
lidar,1787205239300331791
esp32,1787205239362370563
lidar,1787205239400700730
esp32,1787205239462487193
lidar,1787205239500758164
esp32,1787205239562436075
lidar,1787205239600940609
esp32,1787205239662277802
lidar,1787205239700895713
esp32,1787205239762403611
lidar,1787205239801178740
esp32,1787205239862432679
lidar,1787205239901226456
esp32,1787205239962333196
lidar,1787205240000560611
esp32,1787205240061902617
lidar,1787205240101000033
esp32,1787205240161439282
lidar,1787205240201092516
esp32,1787205240261539531
lidar,1787205240301160034
esp32,1787205240361653314
lidar,1787205240401984939
esp32,1787205240462320539
lidar,1787205240502102661
esp32,1787205240562330803
lidar,1787205240602222968
esp32,1787205240662428616
lidar,1787205240701664458
esp32,1787205240762277426
lidar,1787205240801625115
esp32,1787205240862393339
lidar,1787205240901252453
esp32,1787205240962407446
lidar,1787205241000687449
esp32,1787205241062141667
lidar,1787205241100131581
esp32,1787205241161430847
lidar,1787205241199272314
esp32,1787205241262292288
lidar,1787205241298684251
esp32,1787205241361679327
lidar,1787205241398074998
esp32,1787205241462033747
lidar,1787205241498551978
esp32,1787205241562518502
lidar,1787205241598564588
esp32,1787205241662323223
lidar,1787205241698463469
esp32,1787205241762446844
lidar,1787205241799348901
esp32,1787205241862463339
lidar,1787205241899097594
esp32,1787205241962459490
lidar,1787205241999457885
esp32,1787205242062280889
lidar,1787205242099429613
esp32,1787205242162222680
lidar,1787205242199555189
esp32,1787205242262424114
lidar,1787205242299788547
esp32,1787205242362582206
lidar,1787205242399854736
esp32,1787205242462481957
lidar,1787205242500258081
esp32,1787205242562350612
lidar,1787205242600510020
esp32,1787205242662451810
lidar,1787205242699779821
esp32,1787205242762418570
lidar,1787205242799851123
esp32,1787205242862390526
lidar,1787205242899234100
esp32,1787205242962333028
lidar,1787205242998817833
esp32,1787205243062297114
lidar,1787205243097898757
esp32,1787205243162564923
lidar,1787205243197872020
esp32,1787205243262388443
lidar,1787205243297680926
esp32,1787205243362362147
lidar,1787205243397560818
esp32,1787205243462331109
lidar,1787205243497694461
esp32,1787205243562250030
lidar,1787205243597585601
esp32,1787205243662376429
lidar,1787205243698176587
esp32,1787205243762669639
lidar,1787205243798433679
esp32,1787205243862574011
lidar,1787205243898607484
esp32,1787205243962548602
lidar,1787205243998808093
esp32,1787205244062824173
lidar,1787205244098929394
esp32,1787205244162543023
lidar,1787205244199221035
esp32,1787205244262474512
lidar,1787205244299651923
esp32,1787205244362486907
lidar,1787205244399648475
esp32,1787205244462609450
lidar,1787205244499270278
esp32,1787205244562172106
lidar,1787205244598217695
esp32,1787205244662287841
lidar,1787205244698007662
esp32,1787205244762359592
lidar,1787205244797585602
esp32,1787205244862153279
lidar,1787205244897485209
esp32,1787205244962124756
lidar,1787205244997014439
esp32,1787205245062390619
lidar,1787205245096840757
esp32,1787205245161984627
lidar,1787205245196275219
esp32,1787205245262331908
lidar,1787205245296397110
esp32,1787205245362288005
lidar,1787205245396284860
esp32,1787205245462265462
lidar,1787205245495994686
esp32,1787205245562258935
lidar,1787205245596379145
esp32,1787205245662498303
lidar,1787205245696570461
esp32,1787205245762157818
lidar,1787205245797116348
esp32,1787205245862401050
lidar,1787205245897510321
esp32,1787205245962714992
lidar,1787205245997809609
esp32,1787205246062432115
lidar,1787205246098137503
esp32,1787205246162270618
lidar,1787205246197633292
esp32,1787205246262329302
lidar,1787205246297720338
esp32,1787205246362466072
lidar,1787205246397350257
esp32,1787205246462275556
lidar,1787205246497453089
esp32,1787205246562145145
lidar,1787205246597271171
esp32,1787205246662313907
lidar,1787205246696984552
esp32,1787205246762329656
lidar,1787205246796793068
esp32,1787205246862450334
lidar,1787205246896235346
esp32,1787205246962401694
lidar,1787205246995530482
esp32,1787205247062294165
lidar,1787205247095037816
esp32,1787205247162332951
lidar,1787205247194298373
esp32,1787205247262280480
lidar,1787205247294001074
esp32,1787205247362441955
lidar,1787205247393636277
esp32,1787205247462264152
lidar,1787205247492996929
esp32,1787205247562410980
lidar,1787205247592520692
esp32,1787205247662701172
lidar,1787205247692498273
esp32,1787205247762318407
lidar,1787205247791956630
esp32,1787205247862665478
lidar,1787205247891557996
esp32,1787205247962337657
lidar,1787205247991045775
esp32,1787205248062217487
lidar,1787205248091342940
esp32,1787205248162397039
lidar,1787205248191146368
esp32,1787205248262300370
lidar,1787205248291161231
esp32,1787205248362263971
lidar,1787205248391571198
esp32,1787205248462421086
lidar,1787205248491686300
esp32,1787205248562066703
lidar,1787205248592239842
esp32,1787205248662282805
lidar,1787205248692316983
esp32,1787205248762420306
lidar,1787205248792867714
esp32,1787205248862570394
lidar,1787205248893511575
esp32,1787205248962316269
lidar,1787205248993468697
esp32,1787205249062307065
lidar,1787205249093943890
esp32,1787205249162466559
lidar,1787205249193820219
esp32,1787205249262143759
lidar,1787205249293584325
esp32,1787205249362317913
lidar,1787205249393348505
esp32,1787205249462273307
lidar,1787205249493009049
esp32,1787205249562421811
lidar,1787205249593339138
esp32,1787205249662444168
lidar,1787205249692913425
esp32,1787205249762309884
lidar,1787205249792851939
esp32,1787205249862309183
lidar,1787205249892676978
esp32,1787205249962338909
lidar,1787205249992452999
esp32,1787205250061568970
lidar,1787205250091767501
esp32,1787205250161387179
lidar,1787205250191381094
esp32,1787205250261451557
lidar,1787205250291051369
esp32,1787205250362336039
lidar,1787205250391224677
esp32,1787205250462195903
lidar,1787205250491148689
esp32,1787205250562268623
lidar,1787205250590660017
esp32,1787205250662177470
lidar,1787205250690526874
esp32,1787205250762427704
lidar,1787205250789992577
esp32,1787205250862217698
lidar,1787205250889870305
esp32,1787205250962810223
lidar,1787205250989138464
esp32,1787205251062173958
lidar,1787205251088679451
esp32,1787205251162470823
lidar,1787205251188739354
esp32,1787205251262290221
lidar,1787205251288686954
esp32,1787205251362221752
lidar,1787205251388690554
esp32,1787205251462593074
lidar,1787205251488730127
esp32,1787205251562273362
lidar,1787205251589292617
esp32,1787205251662512127
lidar,1787205251689192193
esp32,1787205251762201983
lidar,1787205251789473048
esp32,1787205251862158011
lidar,1787205251889857467
esp32,1787205251962225497
lidar,1787205251990209023
esp32,1787205252062114174
lidar,1787205252090328489
esp32,1787205252162220502
lidar,1787205252190379910
esp32,1787205252262148011
lidar,1787205252290077757
esp32,1787205252362085864
lidar,1787205252390254815
esp32,1787205252461687652
lidar,1787205252490643857
esp32,1787205252562294532
lidar,1787205252590653163
esp32,1787205252662434249
lidar,1787205252690445984
esp32,1787205252762289831
lidar,1787205252790442624
esp32,1787205252862410621
lidar,1787205252890525135
esp32,1787205252962327912
lidar,1787205252990273667
esp32,1787205253062123454
lidar,1787205253090003605
esp32,1787205253162324298
lidar,1787205253189404258
esp32,1787205253262037641
lidar,1787205253289307747
esp32,1787205253362150507
lidar,1787205253388631773
esp32,1787205253462200707
lidar,1787205253487894171
esp32,1787205253562178018
lidar,1787205253587651689
esp32,1787205253662325605
lidar,1787205253687908979
esp32,1787205253762481575
lidar,1787205253788152017
esp32,1787205253862381767
lidar,1787205253888422175
esp32,1787205253962594044
lidar,1787205253988928121
esp32,1787205254062248212
lidar,1787205254089388301
esp32,1787205254162332531
lidar,1787205254189594071
esp32,1787205254262190422
lidar,1787205254290079946
esp32,1787205254362199221
lidar,1787205254390436807
lidar,1787205254489894900
esp32,1787205254501668336
esp32,1787205254562201621
lidar,1787205254589712873
esp32,1787205254662060459
lidar,1787205254690014201
esp32,1787205254762448723
lidar,1787205254789940737
esp32,1787205254862490761
lidar,1787205254889528942
esp32,1787205254962460599
lidar,1787205254988952167
esp32,1787205255062090784
lidar,1787205255087909565
esp32,1787205255162361691
lidar,1787205255187641577
esp32,1787205255262347947
lidar,1787205255287023871
esp32,1787205255361467553
lidar,1787205255387083583
esp32,1787205255482324547
lidar,1787205255486459354
esp32,1787205255562259263
lidar,1787205255587422203
esp32,1787205255662427333
lidar,1787205255687116625
esp32,1787205255762438103
lidar,1787205255787933676
esp32,1787205255862246704
lidar,1787205255887935383
esp32,1787205255962259140
lidar,1787205255988023090
esp32,1787205256062256026
lidar,1787205256088175069
esp32,1787205256162437111
lidar,1787205256188514475
esp32,1787205256262556760
lidar,1787205256288725122
esp32,1787205256362470375
lidar,1787205256388507445
esp32,1787205256462473320
lidar,1787205256488438787
esp32,1787205256562373991
lidar,1787205256588559275
esp32,1787205256661925629
lidar,1787205256687383697
esp32,1787205256762328767
lidar,1787205256787152348
esp32,1787205256862052134
lidar,1787205256886799761
esp32,1787205256962559722
lidar,1787205256986478510
esp32,1787205257062346239
lidar,1787205257085706940
esp32,1787205257162545707
lidar,1787205257185884784
esp32,1787205257262468126
lidar,1787205257284747528
esp32,1787205257362071294
lidar,1787205257384494344
esp32,1787205257462466426
lidar,1787205257484591649
esp32,1787205257562454816
lidar,1787205257584349612
esp32,1787205257661942459
lidar,1787205257683753339
esp32,1787205257762124504
lidar,1787205257783874169
esp32,1787205257861969368
lidar,1787205257884144567
esp32,1787205257962206468
lidar,1787205257984429041
esp32,1787205258062287084
lidar,1787205258084207014
esp32,1787205258162298442
lidar,1787205258184465564
esp32,1787205258262339656
lidar,1787205258284713894
esp32,1787205258362367113
lidar,1787205258385206480
esp32,1787205258462240833
lidar,1787205258485449231
esp32,1787205258562236206
lidar,1787205258586022741
esp32,1787205258662714757
lidar,1787205258686129213
esp32,1787205258762524274
lidar,1787205258786018171
esp32,1787205258861657820
lidar,1787205258885132714
esp32,1787205258962435768
lidar,1787205258985431456
esp32,1787205259062505624
lidar,1787205259084817261
esp32,1787205259162475239
lidar,1787205259184355780
esp32,1787205259262447502
lidar,1787205259283701600
esp32,1787205259362466187
lidar,1787205259383451815
esp32,1787205259462386625
lidar,1787205259483137374
esp32,1787205259562679572
lidar,1787205259583565528
esp32,1787205259662601387
lidar,1787205259682985052
esp32,1787205259762446729
lidar,1787205259783175175
esp32,1787205259862422405
lidar,1787205259882810526
esp32,1787205259962455950
lidar,1787205259982967989
esp32,1787205260061863322
lidar,1787205260082458816
esp32,1787205260161831537
lidar,1787205260182547176
esp32,1787205260261414487
lidar,1787205260282651891
esp32,1787205260361958156
lidar,1787205260383340750
esp32,1787205260462298279
lidar,1787205260483944487
esp32,1787205260562068455
lidar,1787205260584063298
esp32,1787205260662278842
lidar,1787205260684636990
esp32,1787205260762312251
lidar,1787205260784667177
esp32,1787205260862484461
lidar,1787205260884268279
esp32,1787205260962448269
lidar,1787205260984371856
esp32,1787205261062291312
lidar,1787205261084389819
esp32,1787205261162595807
lidar,1787205261184251566
esp32,1787205261262390782
lidar,1787205261283540293
esp32,1787205261362381426
lidar,1787205261383135599
esp32,1787205261462382617
lidar,1787205261482248585
esp32,1787205261562350686
lidar,1787205261582242329
esp32,1787205261662350937
lidar,1787205261681831484
esp32,1787205261762395419
lidar,1787205261781558169
esp32,1787205261862427048
lidar,1787205261881303323
esp32,1787205261962347743
lidar,1787205261981115767
esp32,1787205262062337234
lidar,1787205262080421977
esp32,1787205262162192241
lidar,1787205262179821544
esp32,1787205262262254923
lidar,1787205262279422233
esp32,1787205262362219887
lidar,1787205262379497292
esp32,1787205262462331266
lidar,1787205262479242494
esp32,1787205262562166399
lidar,1787205262579903860
esp32,1787205262662611654
lidar,1787205262680134956
esp32,1787205262762467918
lidar,1787205262780449146
esp32,1787205262862387175
lidar,1787205262880687148
esp32,1787205262962432737
lidar,1787205262981152025
esp32,1787205263062344747
lidar,1787205263081057084
esp32,1787205263162430701
lidar,1787205263181609662
esp32,1787205263262466623
lidar,1787205263281567127
esp32,1787205263362491419
lidar,1787205263381872820
esp32,1787205263462003627
lidar,1787205263481009807
esp32,1787205263562426764
lidar,1787205263580695121
esp32,1787205263662366551
lidar,1787205263679964774
esp32,1787205263762507408
lidar,1787205263779679838
esp32,1787205263861880422
lidar,1787205263879188646
esp32,1787205263962379463
lidar,1787205263978658617
esp32,1787205264062272960
lidar,1787205264078172967
esp32,1787205264162549084
lidar,1787205264177816533
esp32,1787205264262473168
lidar,1787205264276810656
esp32,1787205264362498754
lidar,1787205264377088803
esp32,1787205264462503530
lidar,1787205264476949309
esp32,1787205264562516064
lidar,1787205264577208741
esp32,1787205264662381136
lidar,1787205264677233270
esp32,1787205264762371161
lidar,1787205264777439996
esp32,1787205264862280778
lidar,1787205264877068821
esp32,1787205264962236141
lidar,1787205264977059830
esp32,1787205265062389746
lidar,1787205265077912209
esp32,1787205265161850678
lidar,1787205265177840928
esp32,1787205265262159007
lidar,1787205265278146034
esp32,1787205265362045899
lidar,1787205265377651151
esp32,1787205265462494804
lidar,1787205265477479942
esp32,1787205265562312609
lidar,1787205265576902236
esp32,1787205265662037724
lidar,1787205265676178796
esp32,1787205265762285753
lidar,1787205265776435489
esp32,1787205265862639328
lidar,1787205265875090486
esp32,1787205265962130941
lidar,1787205265974770052
esp32,1787205266062346170
lidar,1787205266074601392
esp32,1787205266162281473
lidar,1787205266174614973
esp32,1787205266261974026
lidar,1787205266274179623
esp32,1787205266361966604
lidar,1787205266374364044
esp32,1787205266461938869
lidar,1787205266474779814
esp32,1787205266561914807
lidar,1787205266574770487
esp32,1787205266662145303
lidar,1787205266675451944
esp32,1787205266762094176
lidar,1787205266775458899
esp32,1787205266862446359
lidar,1787205266875718555
esp32,1787205266962397846
lidar,1787205266975281998
esp32,1787205267062174814
lidar,1787205267074946632
esp32,1787205267162208764
lidar,1787205267174327825
esp32,1787205267261850640
lidar,1787205267274183167
esp32,1787205267362057077
lidar,1787205267373826899
esp32,1787205267462247860
lidar,1787205267473314114
esp32,1787205267562161210
lidar,1787205267573167075
esp32,1787205267662273174
lidar,1787205267672493135
esp32,1787205267762256685
lidar,1787205267772593228
esp32,1787205267862199347
lidar,1787205267872053225
esp32,1787205267962198281
lidar,1787205267971892085
esp32,1787205268062346262
lidar,1787205268071312056
esp32,1787205268162497346
lidar,1787205268171158187
esp32,1787205268262263825
lidar,1787205268271753933
esp32,1787205268362198631
lidar,1787205268371850348
esp32,1787205268462560411
lidar,1787205268472081466
esp32,1787205268562296802
lidar,1787205268572416897
esp32,1787205268662368578
lidar,1787205268672429855
esp32,1787205268762251534
lidar,1787205268772328044
esp32,1787205268862592704
lidar,1787205268872660277
esp32,1787205268962219919
lidar,1787205268972685685
esp32,1787205269062344555
lidar,1787205269073168929
esp32,1787205269162506006
lidar,1787205269173117624
esp32,1787205269262257458
lidar,1787205269273196065
esp32,1787205269362484336
lidar,1787205269373426946
esp32,1787205269462079009
lidar,1787205269473486195
esp32,1787205269561620730
lidar,1787205269573185644
esp32,1787205269662407829
lidar,1787205269672995024
esp32,1787205269762409464
lidar,1787205269772495841
esp32,1787205269862449421
lidar,1787205269871813738
esp32,1787205269962456751
lidar,1787205269971522238
esp32,1787205270061925266
lidar,1787205270071184813
esp32,1787205270162037189
lidar,1787205270170458667
esp32,1787205270261503402
lidar,1787205270270067959
esp32,1787205270362497785
lidar,1787205270369738084
esp32,1787205270462461215
lidar,1787205270469358895
esp32,1787205270562109304
lidar,1787205270569138623
esp32,1787205270662454352
lidar,1787205270668998122
esp32,1787205270762351574
lidar,1787205270769113771
esp32,1787205270862302936
lidar,1787205270869030356
esp32,1787205270962311460
lidar,1787205270968775531
esp32,1787205271062334963
lidar,1787205271069140618
esp32,1787205271161987762
lidar,1787205271169516367
esp32,1787205271262294363
lidar,1787205271269924567
esp32,1787205271362400087
lidar,1787205271370334388
esp32,1787205271462340504
lidar,1787205271470173762
esp32,1787205271562182440
lidar,1787205271570321471
esp32,1787205271662285288
lidar,1787205271669852523
esp32,1787205271762207335
lidar,1787205271769394727
esp32,1787205271862266793
lidar,1787205271869050828
esp32,1787205271962136181
lidar,1787205271968654163
esp32,1787205272062276067
lidar,1787205272067994639
esp32,1787205272162255672
lidar,1787205272167517084
esp32,1787205272262198265
lidar,1787205272267233293
esp32,1787205272362352491
lidar,1787205272366395476
esp32,1787205272462289283
lidar,1787205272466165427
esp32,1787205272562266556
lidar,1787205272565924768
esp32,1787205272662393035
lidar,1787205272666279945
esp32,1787205272762456799
lidar,1787205272766658371
esp32,1787205272862499030
lidar,1787205272867219976
esp32,1787205272962331997
lidar,1787205272967480086
esp32,1787205273062185511
lidar,1787205273067525743
esp32,1787205273162453305
lidar,1787205273167741939
esp32,1787205273262091699
lidar,1787205273267692783
esp32,1787205273362172245
lidar,1787205273367629629
esp32,1787205273462439184
lidar,1787205273467094497
esp32,1787205273562377428
lidar,1787205273566871559
esp32,1787205273662331784
lidar,1787205273666805890
esp32,1787205273762439868
lidar,1787205273766566766
esp32,1787205273862402485
lidar,1787205273866251758
esp32,1787205273962332582
lidar,1787205273965956943
esp32,1787205274062363787
lidar,1787205274065304642
esp32,1787205274162269302
lidar,1787205274164816206
esp32,1787205274262445836
lidar,1787205274264624954
esp32,1787205274362568978
lidar,1787205274364729791
esp32,1787205274462381108
lidar,1787205274465424947
esp32,1787205274562837834
lidar,1787205274565250617
esp32,1787205274662395846
lidar,1787205274665220632
esp32,1787205274762309181
lidar,1787205274765301836
esp32,1787205274862360998
lidar,1787205274865649079
esp32,1787205274962157427
lidar,1787205274965877595
esp32,1787205275062377623
lidar,1787205275065916358
esp32,1787205275162288376
lidar,1787205275165863109
esp32,1787205275262346257
lidar,1787205275266028473
esp32,1787205275362386189
lidar,1787205275365645543
esp32,1787205275462182363
lidar,1787205275465045021
esp32,1787205275562349151
lidar,1787205275564675474
esp32,1787205275662307868
lidar,1787205275664204753
esp32,1787205275762366889
lidar,1787205275763748956
esp32,1787205275862423575
lidar,1787205275863311435
esp32,1787205275962362280
lidar,1787205275963138156
lidar,1787205276062164978
esp32,1787205276062988751
lidar,1787205276162094143
esp32,1787205276162860337
lidar,1787205276262168774
esp32,1787205276262965608
lidar,1787205276362294589
esp32,1787205276363099352
esp32,1787205276462292298
lidar,1787205276462761824
lidar,1787205276562416187
esp32,1787205276563185304
esp32,1787205276662287494
lidar,1787205276663066986
esp32,1787205276762158572
lidar,1787205276762785626
esp32,1787205276862397785
lidar,1787205276863235187
esp32,1787205276962504888
lidar,1787205276963356973
esp32,1787205277062344190
lidar,1787205277063203498
esp32,1787205277162352796
lidar,1787205277163573570
esp32,1787205277262386253
lidar,1787205277263554163
esp32,1787205277362464918
lidar,1787205277363600744
esp32,1787205277462400651
lidar,1787205277463223777
esp32,1787205277562342095
lidar,1787205277563598530
esp32,1787205277661933193
lidar,1787205277662457677
esp32,1787205277762260352
lidar,1787205277762913495
lidar,1787205277861735899
esp32,1787205277862740475
lidar,1787205277961504486
esp32,1787205277962391999
lidar,1787205278061337269
esp32,1787205278062098939
lidar,1787205278161064891
esp32,1787205278162120363
lidar,1787205278260375753
esp32,1787205278262252965
lidar,1787205278360082635
esp32,1787205278361903129
lidar,1787205278459570551
esp32,1787205278461871953
lidar,1787205278559915524
esp32,1787205278562129869
lidar,1787205278659053720
esp32,1787205278661999622
lidar,1787205278758885410
esp32,1787205278761896120
lidar,1787205278859380545
esp32,1787205278861885505
lidar,1787205278959012427
esp32,1787205278962047082
lidar,1787205279059002974
esp32,1787205279062091053
lidar,1787205279159320039
esp32,1787205279161946168
lidar,1787205279259500763
esp32,1787205279262009857
lidar,1787205279359368585
esp32,1787205279362045741
lidar,1787205279459634652
esp32,1787205279462041248
lidar,1787205279559774708
esp32,1787205279562059769
lidar,1787205279659794632
esp32,1787205279662026212
lidar,1787205279759911844
esp32,1787205279761919406
lidar,1787205279859730317
esp32,1787205279862078468
lidar,1787205279959291435
esp32,1787205279962066158
lidar,1787205280058693827
esp32,1787205280061251798
lidar,1787205280157986322
esp32,1787205280161493952
lidar,1787205280257616295
esp32,1787205280261309615
lidar,1787205280357609984
esp32,1787205280361916698
lidar,1787205280456959250
esp32,1787205280461723310
lidar,1787205280556703561
esp32,1787205280562104237
lidar,1787205280656265156
esp32,1787205280661831761
lidar,1787205280755623543
esp32,1787205280761828206
lidar,1787205280855619633
esp32,1787205280862017101
lidar,1787205280955700108
esp32,1787205280961945662
lidar,1787205281055605191
esp32,1787205281062122560
lidar,1787205281156131711
esp32,1787205281161994804
lidar,1787205281255966621
esp32,1787205281262439460
lidar,1787205281356309478
esp32,1787205281362081071
lidar,1787205281456268243
esp32,1787205281461951316
lidar,1787205281556941179
esp32,1787205281562049252
lidar,1787205281657206605
esp32,1787205281661987075
lidar,1787205281757426495
esp32,1787205281762064314
lidar,1787205281857675455
esp32,1787205281861903450
lidar,1787205281957337727
esp32,1787205281961874467
lidar,1787205282057475252
esp32,1787205282061901149
lidar,1787205282157209133
esp32,1787205282182338845
lidar,1787205282256710124
esp32,1787205282261976954
lidar,1787205282356237667
esp32,1787205282362037704
lidar,1787205282455738922
esp32,1787205282461887117
lidar,1787205282555263098
esp32,1787205282562028893
lidar,1787205282654854481
esp32,1787205282662064505
lidar,1787205282754520034
esp32,1787205282761949337
lidar,1787205282854133751
esp32,1787205282862040970
lidar,1787205282953598985
esp32,1787205282962059787
lidar,1787205283053293929
esp32,1787205283062093898
lidar,1787205283153440549
esp32,1787205283162024121
lidar,1787205283253767070
esp32,1787205283262023915
lidar,1787205283353871120
esp32,1787205283361821337
lidar,1787205283454214229
esp32,1787205283462019387
lidar,1787205283554215757
esp32,1787205283561802453
lidar,1787205283654811073
esp32,1787205283661909904
lidar,1787205283754405237
esp32,1787205283761958080
lidar,1787205283854939962
esp32,1787205283862049111
lidar,1787205283954617064
esp32,1787205283962023928
lidar,1787205284054287272
esp32,1787205284061967181
lidar,1787205284154075219
esp32,1787205284161927417
lidar,1787205284253454081
esp32,1787205284262046807
lidar,1787205284352537193
esp32,1787205284362025629
lidar,1787205284452457033
esp32,1787205284462077702
lidar,1787205284551953576
esp32,1787205284562127589
lidar,1787205284651306516
esp32,1787205284662052581
lidar,1787205284751022326
esp32,1787205284761982183
lidar,1787205284851027596
esp32,1787205284862070774
lidar,1787205284950546270
esp32,1787205284962250295
lidar,1787205285050525988
esp32,1787205285062140452
lidar,1787205285150538001
esp32,1787205285162071477
lidar,1787205285250424092
esp32,1787205285262061911
lidar,1787205285350765831
esp32,1787205285362163954
lidar,1787205285451266543
esp32,1787205285462319846
lidar,1787205285551552771
esp32,1787205285562147483
lidar,1787205285652059057
esp32,1787205285662150884
lidar,1787205285752662621
esp32,1787205285761406147
lidar,1787205285853358690
esp32,1787205285862175417
lidar,1787205285953634051
esp32,1787205285962131167
lidar,1787205286054462399
esp32,1787205286062105380
lidar,1787205286153996895
esp32,1787205286162189443
lidar,1787205286253620042
esp32,1787205286262300142
lidar,1787205286353421621
esp32,1787205286362037297
lidar,1787205286452806032
esp32,1787205286462182386
lidar,1787205286552632384
esp32,1787205286562111324
lidar,1787205286652130665
esp32,1787205286662448041
lidar,1787205286752302566
esp32,1787205286762054701
lidar,1787205286851612877
esp32,1787205286862534627
lidar,1787205286950815103
esp32,1787205286961993497
lidar,1787205287050664686
esp32,1787205287062406662
lidar,1787205287150583463
esp32,1787205287162243562
lidar,1787205287249915909
esp32,1787205287262132229
lidar,1787205287349416992
esp32,1787205287362103063
lidar,1787205287449077238
esp32,1787205287462382901
lidar,1787205287548952484
esp32,1787205287561917512
lidar,1787205287649171330
esp32,1787205287662587255
lidar,1787205287749419452
esp32,1787205287762084492
lidar,1787205287849870288
esp32,1787205287862001070
lidar,1787205287950347575
esp32,1787205287962050700
lidar,1787205288050491847
esp32,1787205288061736500
lidar,1787205288150889415
esp32,1787205288161975696
lidar,1787205288251308627
esp32,1787205288262075832
lidar,1787205288351330347
esp32,1787205288362377458
lidar,1787205288451177630
esp32,1787205288462201479
lidar,1787205288551222258
esp32,1787205288562231241
lidar,1787205288651024320
esp32,1787205288661811511
lidar,1787205288750427238
esp32,1787205288761988998
lidar,1787205288850441621
esp32,1787205288862024707
lidar,1787205288950341224
esp32,1787205288962158136
lidar,1787205289049988372
esp32,1787205289061808243
lidar,1787205289149054136
esp32,1787205289161909334
lidar,1787205289248439772
esp32,1787205289262296476
lidar,1787205289348208446
esp32,1787205289362662053
lidar,1787205289447912456
esp32,1787205289462292944
lidar,1787205289547759412
esp32,1787205289561822474
lidar,1787205289647486864
esp32,1787205289662269845
lidar,1787205289747305842
esp32,1787205289762451444
lidar,1787205289847291080
esp32,1787205289862312901
lidar,1787205289947118989
esp32,1787205289962449971
lidar,1787205290047052854
esp32,1787205290061710709
lidar,1787205290147250092
esp32,1787205290161413566
lidar,1787205290247345041
esp32,1787205290261588827
lidar,1787205290347574360
esp32,1787205290361888422
lidar,1787205290448047458
esp32,1787205290462364000
lidar,1787205290548142750
esp32,1787205290561792362
lidar,1787205290647861843
esp32,1787205290662227914
lidar,1787205290747472943
esp32,1787205290762297914
lidar,1787205290847496662
esp32,1787205290862333312
lidar,1787205290946934699
esp32,1787205290982492565
lidar,1787205291046545356
esp32,1787205291082365770
lidar,1787205291146427794
esp32,1787205291162484326
lidar,1787205291246167616
esp32,1787205291262302984
lidar,1787205291345561214
esp32,1787205291362383814
lidar,1787205291444924308
esp32,1787205291462464029
lidar,1787205291545156762
esp32,1787205291562449878
lidar,1787205291644934060
esp32,1787205291662229166
lidar,1787205291745181291
esp32,1787205291762188204
lidar,1787205291845215570
esp32,1787205291862273683
lidar,1787205291945501035
esp32,1787205291962307111
lidar,1787205292045844654
esp32,1787205292062158054
lidar,1787205292146485068
esp32,1787205292162294132
lidar,1787205292246659022
esp32,1787205292261887642
lidar,1787205292347048202
esp32,1787205292362583793
lidar,1787205292447612961
esp32,1787205292462440804
lidar,1787205292547759581
esp32,1787205292562223029
lidar,1787205292647264741
esp32,1787205292662461981
lidar,1787205292746897049
esp32,1787205292762451302
lidar,1787205292846525454
esp32,1787205292862312153
lidar,1787205292946000249
esp32,1787205292962438833
lidar,1787205293045723941
esp32,1787205293062211657
lidar,1787205293145256311
esp32,1787205293162871217
lidar,1787205293244327725
esp32,1787205293262128429
lidar,1787205293343986556
esp32,1787205293362315229
lidar,1787205293443797009
esp32,1787205293462234436
lidar,1787205293544070488
esp32,1787205293562415508
lidar,1787205293644417020
esp32,1787205293662186378
lidar,1787205293744279206
esp32,1787205293762289551
lidar,1787205293844811174
esp32,1787205293862173648
lidar,1787205293945062969
esp32,1787205293961925721
lidar,1787205294045357809
esp32,1787205294062303958
lidar,1787205294145610407
esp32,1787205294162355663
lidar,1787205294246021984
esp32,1787205294262421657
lidar,1787205294346333132
esp32,1787205294362421594
lidar,1787205294446146618
esp32,1787205294462412803
lidar,1787205294546037489
esp32,1787205294561940222
lidar,1787205294645441349
esp32,1787205294661788038
lidar,1787205294745374977
esp32,1787205294762296733
lidar,1787205294844833732
esp32,1787205294862561154
lidar,1787205294944360506
esp32,1787205294962197138
lidar,1787205295043801014
esp32,1787205295062526465
lidar,1787205295143830007
esp32,1787205295182535165
lidar,1787205295243729850
esp32,1787205295262545783
lidar,1787205295343693866
esp32,1787205295362568521
lidar,1787205295443419230
esp32,1787205295462330125
lidar,1787205295542742998
esp32,1787205295562292714
lidar,1787205295642677627
esp32,1787205295682471494
lidar,1787205295742348365
esp32,1787205295762271459
lidar,1787205295841839163
esp32,1787205295862253445
lidar,1787205295941312353
esp32,1787205295962277384
lidar,1787205296040716615
esp32,1787205296062322245
lidar,1787205296140118882
esp32,1787205296162295214
lidar,1787205296240072853
esp32,1787205296262241354
lidar,1787205296339739033
esp32,1787205296362218366
lidar,1787205296439875613
esp32,1787205296461959972
lidar,1787205296539837929
esp32,1787205296561939616
lidar,1787205296640128810
esp32,1787205296661844006
lidar,1787205296739932229
esp32,1787205296762298121
lidar,1787205296840162225
esp32,1787205296861930684
lidar,1787205296940097101
esp32,1787205296961888934
lidar,1787205297040144590
esp32,1787205297062298633
lidar,1787205297140191303
esp32,1787205297162304472
lidar,1787205297240622479
esp32,1787205297262234074
lidar,1787205297340657185
esp32,1787205297361921161
lidar,1787205297440674974
esp32,1787205297462332049
lidar,1787205297539885937
esp32,1787205297562455662
lidar,1787205297639580352
esp32,1787205297661918109
lidar,1787205297739275605
esp32,1787205297762264946
lidar,1787205297838824493
esp32,1787205297862367910
lidar,1787205297938420568
esp32,1787205297962424869
lidar,1787205298038407476
esp32,1787205298062009159
lidar,1787205298137923415
esp32,1787205298162182179
lidar,1787205298237578934
esp32,1787205298262507913
lidar,1787205298336684347
esp32,1787205298362224499
lidar,1787205298436222681
esp32,1787205298461930419
lidar,1787205298536235614
esp32,1787205298562252359
lidar,1787205298636402912
esp32,1787205298662130299
lidar,1787205298736284626
esp32,1787205298762415491
lidar,1787205298836870619
esp32,1787205298862276487
lidar,1787205298936748266
esp32,1787205298961885543
lidar,1787205299037324362
esp32,1787205299062136598
lidar,1787205299137817347
esp32,1787205299162147952
lidar,1787205299237634361
esp32,1787205299262338193
lidar,1787205299337618671
esp32,1787205299362235195
lidar,1787205299437744325
esp32,1787205299462138117
lidar,1787205299537658960
esp32,1787205299582010909
lidar,1787205299637127330
esp32,1787205299662207738
lidar,1787205299737033488
esp32,1787205299762465951
lidar,1787205299836644850
esp32,1787205299862391162
lidar,1787205299935927866
esp32,1787205299962173522
lidar,1787205300035637465
esp32,1787205300061417754
lidar,1787205300135041715
esp32,1787205300161513257
lidar,1787205300234303171
esp32,1787205300261417684
lidar,1787205300334186187
esp32,1787205300362264473
lidar,1787205300434328585
esp32,1787205300462448609
lidar,1787205300534142709
esp32,1787205300562416868
lidar,1787205300634177274
esp32,1787205300662221398
lidar,1787205300733947255
esp32,1787205300762256253
lidar,1787205300834077309
esp32,1787205300862352048
lidar,1787205300934014905
esp32,1787205300962486828
lidar,1787205301033951413
esp32,1787205301062438246
lidar,1787205301134178854
esp32,1787205301162280282
lidar,1787205301234320914
esp32,1787205301262466726
lidar,1787205301333941212
esp32,1787205301361624137
lidar,1787205301434956662
esp32,1787205301462349614
lidar,1787205301535419863
esp32,1787205301562305172
lidar,1787205301635992326
esp32,1787205301662177593
lidar,1787205301736283302
esp32,1787205301762465093
lidar,1787205301836240085
esp32,1787205301862344185
lidar,1787205301935849722
esp32,1787205301962203325
lidar,1787205302036079596
esp32,1787205302062307617
lidar,1787205302135630432
esp32,1787205302162348463
lidar,1787205302235242496
esp32,1787205302262418477
lidar,1787205302334943610
esp32,1787205302362482132
lidar,1787205302435031639
esp32,1787205302461865182
lidar,1787205302534654094
esp32,1787205302581933503
lidar,1787205302634442557
esp32,1787205302662231933
lidar,1787205302734240102
esp32,1787205302762450846
lidar,1787205302833662779
esp32,1787205302862380126
lidar,1787205302933154031
esp32,1787205302962530700
lidar,1787205303032855523
esp32,1787205303062096527
lidar,1787205303132553187
esp32,1787205303162475238
lidar,1787205303232055042
esp32,1787205303262590260
lidar,1787205303331912834
esp32,1787205303362855505
lidar,1787205303431304807
esp32,1787205303462406725
lidar,1787205303530891254
esp32,1787205303562336591
lidar,1787205303631627603
esp32,1787205303662193182
lidar,1787205303731284609
esp32,1787205303762122577
lidar,1787205303831554162
esp32,1787205303862300091
lidar,1787205303931690775
esp32,1787205303962252452
lidar,1787205304032097609
esp32,1787205304062391687
lidar,1787205304132800861
esp32,1787205304162265020
lidar,1787205304233073812
esp32,1787205304262460059
lidar,1787205304333823675
esp32,1787205304362499797
lidar,1787205304433794333
esp32,1787205304462303733
lidar,1787205304534007976
esp32,1787205304562167682
lidar,1787205304634105609
esp32,1787205304662453191
lidar,1787205304733707296
esp32,1787205304762366135
lidar,1787205304833877060
esp32,1787205304862485994
lidar,1787205304933156632
esp32,1787205304962322724
lidar,1787205305032700665
esp32,1787205305062347658
lidar,1787205305132036245
esp32,1787205305162464560
lidar,1787205305231837509
esp32,1787205305262359661
lidar,1787205305331520121
esp32,1787205305362489785
lidar,1787205305431256636
esp32,1787205305462409582
lidar,1787205305530898733
esp32,1787205305562266004
lidar,1787205305630792922
esp32,1787205305662309284
lidar,1787205305730308651
esp32,1787205305762437416
lidar,1787205305830199857
esp32,1787205305862446972
lidar,1787205305929990006
esp32,1787205305962298879
lidar,1787205306029222453
esp32,1787205306062286373
lidar,1787205306128838626
esp32,1787205306162290579
lidar,1787205306228980172
esp32,1787205306262290079
lidar,1787205306329318430
esp32,1787205306362443933
lidar,1787205306429548018
esp32,1787205306462312109
lidar,1787205306529151974
esp32,1787205306561402823
lidar,1787205306630050262
esp32,1787205306661917465
lidar,1787205306730296412
esp32,1787205306762200816
lidar,1787205306830785307
esp32,1787205306862455644
lidar,1787205306931325311
esp32,1787205306962365223
lidar,1787205307031407354
esp32,1787205307062337687
lidar,1787205307131340186
esp32,1787205307162448932
lidar,1787205307230983289
esp32,1787205307262539064
lidar,1787205307330832427
esp32,1787205307361682925
lidar,1787205307430316884
esp32,1787205307462584145
lidar,1787205307529703704
esp32,1787205307562303456
lidar,1787205307629505791
esp32,1787205307662306903
lidar,1787205307729125530
esp32,1787205307762361205
lidar,1787205307828830393
esp32,1787205307862279946
lidar,1787205307928494419
esp32,1787205307962589415
lidar,1787205308028528384
esp32,1787205308062163961
lidar,1787205308129025856
esp32,1787205308182491783
lidar,1787205308229149933
esp32,1787205308262253257
lidar,1787205308329285418
esp32,1787205308382263968
lidar,1787205308429730957
esp32,1787205308462453145
lidar,1787205308530220680
esp32,1787205308562197820
lidar,1787205308630725025
esp32,1787205308662560536
lidar,1787205308730876707
esp32,1787205308762315577
lidar,1787205308830756251
esp32,1787205308862403481
lidar,1787205308930809215
esp32,1787205308962225482
lidar,1787205309030827786
esp32,1787205309062298945
lidar,1787205309130685819
esp32,1787205309162417814
lidar,1787205309230646768
esp32,1787205309262391126
lidar,1787205309329954926
esp32,1787205309362306919
lidar,1787205309429630907
esp32,1787205309462463348
lidar,1787205309529547901
esp32,1787205309562350901
lidar,1787205309628901996
esp32,1787205309662205836
lidar,1787205309728284863
esp32,1787205309762327834
lidar,1787205309828040859
esp32,1787205309862515032
lidar,1787205309928171070
esp32,1787205309962349398
lidar,1787205310027466388
esp32,1787205310081725190
lidar,1787205310126929406
esp32,1787205310161362863
lidar,1787205310226521403
esp32,1787205310261514601
lidar,1787205310326143801
esp32,1787205310362298920
lidar,1787205310426392303
esp32,1787205310462353822
lidar,1787205310526725218
esp32,1787205310562051952
lidar,1787205310627030355
esp32,1787205310662455883
lidar,1787205310727354440
esp32,1787205310761689068
lidar,1787205310828035661
esp32,1787205310862035013
lidar,1787205310928008002
esp32,1787205310961915112
lidar,1787205311028083926
esp32,1787205311062345684
lidar,1787205311128668955
esp32,1787205311161951820
lidar,1787205311228127657
esp32,1787205311261870774
lidar,1787205311328145001
esp32,1787205311361941558
lidar,1787205311427947981
esp32,1787205311461943128
lidar,1787205311527963620
esp32,1787205311562140580
lidar,1787205311627589679
esp32,1787205311662174358
lidar,1787205311726994287
esp32,1787205311762127019
lidar,1787205311826916061
esp32,1787205311862238322
lidar,1787205311926659619
esp32,1787205311962221385
lidar,1787205312026146914
esp32,1787205312062405847
lidar,1787205312125123783
esp32,1787205312162257335
lidar,1787205312225181908
esp32,1787205312262268682
lidar,1787205312324090557
esp32,1787205312361642832
lidar,1787205312423713347
esp32,1787205312461630289
lidar,1787205312524236250
esp32,1787205312562170440
lidar,1787205312624610639
esp32,1787205312662462950
lidar,1787205312725165542
esp32,1787205312762300518
lidar,1787205312825467551
esp32,1787205312862551265
lidar,1787205312926243917
esp32,1787205312962274566
lidar,1787205313026627161
esp32,1787205313062219203
lidar,1787205313126674125
esp32,1787205313162466349
lidar,1787205313226796409
esp32,1787205313262215502
lidar,1787205313325956614
esp32,1787205313362499311
lidar,1787205313426028833
esp32,1787205313462274133
lidar,1787205313525830039
esp32,1787205313562274098
lidar,1787205313625336586
esp32,1787205313662505010
lidar,1787205313724908052
esp32,1787205313762268803
lidar,1787205313824337861
esp32,1787205313862320215
lidar,1787205313923752871
esp32,1787205313962452333
lidar,1787205314023986184
esp32,1787205314062449917
lidar,1787205314124095625
esp32,1787205314162088485
lidar,1787205314224269791
esp32,1787205314262401653
lidar,1787205314324684038
esp32,1787205314362457623
lidar,1787205314425256214
esp32,1787205314462282309
lidar,1787205314525635563
esp32,1787205314562187457
lidar,1787205314625779504
esp32,1787205314662258935
lidar,1787205314726142986
esp32,1787205314762255904
lidar,1787205314826603455
esp32,1787205314862207837
lidar,1787205314926506908
esp32,1787205314962251448
lidar,1787205315026035676
esp32,1787205315062225324
lidar,1787205315125706844
esp32,1787205315162339337
lidar,1787205315225271080
esp32,1787205315262341643
lidar,1787205315324778254
esp32,1787205315362358591
lidar,1787205315424463311
esp32,1787205315462451866
lidar,1787205315524027381
esp32,1787205315562287810
lidar,1787205315623349784
esp32,1787205315662299422
lidar,1787205315722714609
esp32,1787205315762547996
lidar,1787205315822578810
esp32,1787205315862249996
lidar,1787205315922248239
esp32,1787205315962578635
lidar,1787205316022598906
esp32,1787205316062230158
lidar,1787205316122625443
esp32,1787205316161530327
lidar,1787205316222855112
esp32,1787205316262311350
lidar,1787205316322960997
esp32,1787205316382333204
lidar,1787205316423173802
esp32,1787205316462384055
lidar,1787205316523458019
esp32,1787205316562685115
lidar,1787205316623730536
esp32,1787205316662320343
lidar,1787205316724013390
esp32,1787205316762390308
lidar,1787205316824406694
esp32,1787205316862223387
lidar,1787205316924147231
esp32,1787205316962490796
lidar,1787205317024656185
esp32,1787205317062163273
lidar,1787205317123790683
esp32,1787205317162711262
lidar,1787205317223384089
esp32,1787205317262234796
lidar,1787205317322954617
esp32,1787205317362566665
lidar,1787205317423366702
esp32,1787205317462222789
lidar,1787205317522736113
esp32,1787205317562327003
lidar,1787205317622728289
esp32,1787205317662377761
lidar,1787205317722720194
esp32,1787205317762468556
lidar,1787205317822373594
esp32,1787205317861873048
lidar,1787205317921963214
esp32,1787205317962473595
lidar,1787205318021538316
esp32,1787205318062460696
lidar,1787205318121246133
esp32,1787205318162297765
lidar,1787205318220526644
esp32,1787205318262152513
lidar,1787205318320635318
esp32,1787205318362093351
lidar,1787205318420441370
esp32,1787205318462428002
lidar,1787205318520389094
esp32,1787205318562453811
lidar,1787205318620676853
esp32,1787205318662403508
lidar,1787205318720784352
esp32,1787205318762294534
lidar,1787205318821029204
esp32,1787205318862453576
lidar,1787205318921257518
esp32,1787205318962131404
lidar,1787205319021208721
esp32,1787205319062379308
lidar,1787205319121744735
esp32,1787205319162151559
lidar,1787205319222147015
esp32,1787205319262417255
lidar,1787205319322272195
esp32,1787205319362355881
lidar,1787205319422499757
esp32,1787205319462431491
lidar,1787205319521865520
esp32,1787205319562457715
lidar,1787205319621697023
esp32,1787205319662489652
lidar,1787205319720813328
lidar,1787205319820735114
esp32,1787205319862531422
lidar,1787205319920180535
esp32,1787205319962475392
lidar,1787205320019124284
esp32,1787205320061494228
lidar,1787205320119457871
esp32,1787205320161687662
lidar,1787205320218306268
esp32,1787205320281426296
lidar,1787205320318288267
esp32,1787205320362044366
lidar,1787205320418236817
esp32,1787205320482439752
lidar,1787205320517706558
esp32,1787205320582374166
lidar,1787205320617083191
esp32,1787205320662286762
lidar,1787205320716806201
esp32,1787205320762167704
lidar,1787205320816797363
esp32,1787205320862285994
lidar,1787205320916470533
esp32,1787205320982470844
lidar,1787205321016828550
esp32,1787205321062493762
lidar,1787205321116477824
esp32,1787205321162309543
lidar,1787205321216703021
esp32,1787205321282430675
lidar,1787205321317332891
esp32,1787205321362308396
lidar,1787205321417551501
esp32,1787205321462295358
lidar,1787205321517577262
esp32,1787205321582548824
lidar,1787205321618075876
esp32,1787205321682523002
lidar,1787205321718433516
esp32,1787205321782443355
lidar,1787205321818327185
esp32,1787205321882517090
lidar,1787205321918497131
esp32,1787205321982247930
lidar,1787205322018393759
esp32,1787205322082363232
lidar,1787205322118142166
esp32,1787205322182373797
lidar,1787205322217895772
esp32,1787205322282477393
lidar,1787205322317720351
esp32,1787205322382447507
lidar,1787205322417589549
esp32,1787205322482368746
lidar,1787205322516431927
esp32,1787205322582236097
lidar,1787205322616237037
esp32,1787205322682403524
lidar,1787205322715253921
esp32,1787205322782235970
lidar,1787205322815289400
esp32,1787205322882458974
lidar,1787205322915453852
esp32,1787205322962469810
lidar,1787205323015620960
esp32,1787205323062262572
lidar,1787205323115783313
esp32,1787205323162402277
lidar,1787205323215750029
esp32,1787205323262266783
lidar,1787205323316063416
esp32,1787205323382560905
lidar,1787205323416326324
esp32,1787205323482613052
lidar,1787205323516628921
esp32,1787205323582523728
lidar,1787205323616834036
esp32,1787205323682562786
lidar,1787205323717137413
esp32,1787205323782485165
lidar,1787205323817388319
esp32,1787205323882651552
lidar,1787205323917120142
esp32,1787205323982517441
lidar,1787205324016478620
esp32,1787205324082533009
lidar,1787205324116696313
esp32,1787205324182520023
lidar,1787205324216021946
esp32,1787205324282245396
lidar,1787205324315478047
esp32,1787205324382373254
lidar,1787205324414925995
esp32,1787205324482377636
lidar,1787205324514369099
esp32,1787205324582339135
lidar,1787205324614297254
esp32,1787205324682512006
lidar,1787205324713946833
esp32,1787205324782368628
lidar,1787205324813688266
esp32,1787205324861971929
lidar,1787205324913386373
esp32,1787205324962444572
lidar,1787205325013735523
esp32,1787205325082580676
lidar,1787205325113399633
esp32,1787205325162579957
lidar,1787205325213564447
esp32,1787205325282532782
lidar,1787205325313978942
esp32,1787205325381883222
lidar,1787205325413789147
esp32,1787205325482380190
lidar,1787205325514284832
esp32,1787205325582394024
lidar,1787205325614059773
esp32,1787205325682339662
lidar,1787205325713590413
esp32,1787205325782244709
lidar,1787205325813544380
esp32,1787205325882447235
lidar,1787205325913134572
esp32,1787205325982409587
lidar,1787205326012684243
esp32,1787205326081908004
lidar,1787205326112738584
esp32,1787205326182347291
lidar,1787205326212182430
esp32,1787205326282111538
lidar,1787205326311757431
esp32,1787205326381937497
lidar,1787205326411124141
esp32,1787205326482184170
lidar,1787205326510670994
esp32,1787205326581917755
lidar,1787205326610205359
esp32,1787205326682298129
lidar,1787205326709634329
esp32,1787205326782314563
lidar,1787205326809598741
esp32,1787205326882318225
lidar,1787205326909005159
esp32,1787205326982347459
lidar,1787205327008889202
esp32,1787205327082372765
lidar,1787205327108270319
esp32,1787205327182373258
lidar,1787205327207741908
esp32,1787205327282279420
lidar,1787205327307278559
esp32,1787205327382055630
lidar,1787205327407124397
esp32,1787205327482431824
lidar,1787205327507185708
esp32,1787205327582003722
lidar,1787205327607287228
esp32,1787205327682334894
lidar,1787205327707082250
esp32,1787205327781989714
lidar,1787205327807265095
esp32,1787205327882000684
lidar,1787205327907564179
esp32,1787205327982270380
lidar,1787205328007529033
esp32,1787205328082123075
lidar,1787205328107801609
esp32,1787205328182036888
lidar,1787205328207726299
esp32,1787205328281990649
lidar,1787205328307655853
esp32,1787205328382047457
lidar,1787205328407614787
esp32,1787205328482163630
lidar,1787205328507032871
esp32,1787205328582108154
lidar,1787205328606884467
esp32,1787205328682205876
lidar,1787205328706008575
esp32,1787205328782076386
lidar,1787205328805925304
esp32,1787205328882301291
lidar,1787205328905098975
esp32,1787205328982218535
lidar,1787205329004914146
esp32,1787205329082135426
lidar,1787205329105398304
esp32,1787205329182137402
lidar,1787205329205459271
esp32,1787205329282330303
lidar,1787205329305423193
esp32,1787205329382312580
lidar,1787205329405724027
esp32,1787205329482321365
lidar,1787205329506292556
esp32,1787205329582268340
lidar,1787205329606631291
esp32,1787205329682364595
lidar,1787205329706962362
esp32,1787205329782399445
lidar,1787205329807355997
esp32,1787205329882528013
lidar,1787205329907809758
esp32,1787205329982397816
lidar,1787205330007475956
esp32,1787205330081913748
lidar,1787205330107845679
esp32,1787205330181460984
lidar,1787205330207708688
esp32,1787205330281484039
lidar,1787205330306880831
esp32,1787205330382284610
lidar,1787205330407169075
esp32,1787205330482486063
lidar,1787205330506666544
esp32,1787205330582302794
lidar,1787205330606418282
esp32,1787205330682429667
lidar,1787205330705231735
esp32,1787205330782348267
lidar,1787205330805492609
esp32,1787205330882441162
lidar,1787205330904849345
esp32,1787205330982355080
lidar,1787205331004441446
esp32,1787205331082463180
lidar,1787205331105111063
esp32,1787205331182298862
lidar,1787205331204954467
esp32,1787205331282482982
lidar,1787205331305290370
esp32,1787205331382364013
lidar,1787205331405498687
esp32,1787205331482373898
lidar,1787205331506150835
esp32,1787205331582345091
lidar,1787205331606337598
esp32,1787205331682447166
lidar,1787205331706522203
esp32,1787205331782547445
lidar,1787205331806625425
esp32,1787205331882543808
lidar,1787205331906565953
esp32,1787205331982583785
lidar,1787205332006454008
esp32,1787205332082511094
lidar,1787205332105796433
esp32,1787205332182539981
lidar,1787205332205618153
esp32,1787205332282408029
lidar,1787205332305081817
esp32,1787205332382046537
lidar,1787205332404821543
esp32,1787205332482548790
lidar,1787205332504421631
esp32,1787205332582309499
lidar,1787205332604341420
esp32,1787205332682463185
lidar,1787205332703847786
esp32,1787205332782443880
lidar,1787205332803713692
esp32,1787205332882331852
lidar,1787205332903300134
esp32,1787205332982390312
lidar,1787205333003401716
esp32,1787205333082562484
lidar,1787205333103239240
esp32,1787205333182459480
lidar,1787205333203963850
esp32,1787205333282449963
lidar,1787205333303837666
esp32,1787205333382472681
lidar,1787205333404382157
esp32,1787205333482337748
lidar,1787205333504172824
esp32,1787205333582588782
lidar,1787205333604490340
esp32,1787205333682601820
lidar,1787205333704718041
