topic,recv_ns
lidar,1787199743996112966
lidar,1787199744096366956
lidar,1787199744195804794
esp32,1787199744252125647
lidar,1787199744295047887
esp32,1787199744350918476
lidar,1787199744394466238
esp32,1787199744450857680
lidar,1787199744494299721
esp32,1787199744550720344
lidar,1787199744594127926
esp32,1787199744650764379
lidar,1787199744694039074
esp32,1787199744750725231
lidar,1787199744794177448
esp32,1787199744850834582
lidar,1787199744893873085
esp32,1787199744950844343
lidar,1787199744993434949
esp32,1787199745050811956
lidar,1787199745092944341
esp32,1787199745151788903
lidar,1787199745193054234
esp32,1787199745251918418
lidar,1787199745292902312
esp32,1787199745352012378
lidar,1787199745393045037
esp32,1787199745451978627
lidar,1787199745492874659
esp32,1787199745551945622
lidar,1787199745593247696
esp32,1787199745651834189
lidar,1787199745693319143
esp32,1787199745751912611
lidar,1787199745793716462
esp32,1787199745851944279
lidar,1787199745894008281
esp32,1787199745951773673
lidar,1787199745994596948
esp32,1787199746051995197
lidar,1787199746095421971
esp32,1787199746151854646
lidar,1787199746195608266
esp32,1787199746251874495
lidar,1787199746295550095
esp32,1787199746351955489
lidar,1787199746396067543
esp32,1787199746451978329
lidar,1787199746495827040
esp32,1787199746551925677
lidar,1787199746595729200
esp32,1787199746651695712
lidar,1787199746695221509
esp32,1787199746751768356
lidar,1787199746795028066
esp32,1787199746851902406
lidar,1787199746894751806
esp32,1787199746951964506
lidar,1787199746993516764
esp32,1787199747051903300
lidar,1787199747093683838
esp32,1787199747151963198
lidar,1787199747193370091
esp32,1787199747251915120
lidar,1787199747293171284
esp32,1787199747351978059
lidar,1787199747392661544
esp32,1787199747451846448
lidar,1787199747492510456
esp32,1787199747551862265
lidar,1787199747591733823
esp32,1787199747651801792
lidar,1787199747691463148
esp32,1787199747751745598
lidar,1787199747791347457
esp32,1787199747851920717
lidar,1787199747891142394
esp32,1787199747951824674
lidar,1787199747990935215
esp32,1787199748051741593
lidar,1787199748090646173
esp32,1787199748151796800
lidar,1787199748190712587
esp32,1787199748251844144
lidar,1787199748290236123
esp32,1787199748351888631
lidar,1787199748390729865
esp32,1787199748452033309
lidar,1787199748491138584
esp32,1787199748551769666
lidar,1787199748591373803
esp32,1787199748651680027
lidar,1787199748691895418
esp32,1787199748751761862
lidar,1787199748792352785
esp32,1787199748851757414
lidar,1787199748891950100
esp32,1787199748951837153
lidar,1787199748991911425
esp32,1787199749051709688
lidar,1787199749091824169
esp32,1787199749151829530
lidar,1787199749191212808
esp32,1787199749251673194
lidar,1787199749290888470
esp32,1787199749351655828
lidar,1787199749390248606
esp32,1787199749451883340
lidar,1787199749490492066
esp32,1787199749551760253
lidar,1787199749590438800
esp32,1787199749651573982
lidar,1787199749690481866
esp32,1787199749751585245
lidar,1787199749790100525
esp32,1787199749851846381
lidar,1787199749889710634
esp32,1787199749952103726
lidar,1787199749989534723
esp32,1787199750051916827
lidar,1787199750089230896
esp32,1787199750151834413
lidar,1787199750188617078
esp32,1787199750251847968
lidar,1787199750288324439
esp32,1787199750351765299
lidar,1787199750387820193
esp32,1787199750451887000
lidar,1787199750487795563
esp32,1787199750551870397
lidar,1787199750587628909
esp32,1787199750651086837
lidar,1787199750687340479
esp32,1787199750751788920
lidar,1787199750787311241
esp32,1787199750851835393
lidar,1787199750887544001
esp32,1787199750951806448
lidar,1787199750987733913
esp32,1787199751051809963
lidar,1787199751087986692
esp32,1787199751151953236
lidar,1787199751188797276
esp32,1787199751251769996
lidar,1787199751289455478
esp32,1787199751351872167
lidar,1787199751389992063
esp32,1787199751451771480
lidar,1787199751490449251
esp32,1787199751551864666
lidar,1787199751590711964
esp32,1787199751651732679
lidar,1787199751690616136
esp32,1787199751751050174
lidar,1787199751790538432
esp32,1787199751851089653
lidar,1787199751890846033
esp32,1787199751951068104
lidar,1787199751990718608
esp32,1787199752051598887
lidar,1787199752091114941
esp32,1787199752151958039
lidar,1787199752190871218
esp32,1787199752251873515
lidar,1787199752290041374
esp32,1787199752351848596
lidar,1787199752389200238
esp32,1787199752451872118
lidar,1787199752488104495
esp32,1787199752551931195
lidar,1787199752587072910
esp32,1787199752651695178
lidar,1787199752685962818
esp32,1787199752751888648
lidar,1787199752784780860
esp32,1787199752851991710
lidar,1787199752884091460
esp32,1787199752951899150
lidar,1787199752983163467
esp32,1787199753051818949
lidar,1787199753082759975
esp32,1787199753151860234
lidar,1787199753182331227
esp32,1787199753251880244
lidar,1787199753282367697
esp32,1787199753351897381
lidar,1787199753381705890
esp32,1787199753451856609
lidar,1787199753481893902
esp32,1787199753551815283
lidar,1787199753581683504
esp32,1787199753651976969
lidar,1787199753681245429
esp32,1787199753751865443
lidar,1787199753780995840
esp32,1787199753851926788
lidar,1787199753880749432
esp32,1787199753951878887
lidar,1787199753980185056
esp32,1787199754052012669
lidar,1787199754079925893
esp32,1787199754152020636
lidar,1787199754179927842
esp32,1787199754251864279
lidar,1787199754280302860
esp32,1787199754351786535
lidar,1787199754380276546
esp32,1787199754451870228
lidar,1787199754480863446
esp32,1787199754551892138
lidar,1787199754581058075
esp32,1787199754651790764
lidar,1787199754681574365
esp32,1787199754751783622
lidar,1787199754782216680
esp32,1787199754851807249
lidar,1787199754882658227
esp32,1787199754951915954
lidar,1787199754982603706
esp32,1787199755051897211
lidar,1787199755082761528
esp32,1787199755151750325
lidar,1787199755182761920
esp32,1787199755251850287
lidar,1787199755282380846
esp32,1787199755351846764
lidar,1787199755382128451
esp32,1787199755451760151
lidar,1787199755481553564
esp32,1787199755551775272
lidar,1787199755581548874
esp32,1787199755651838357
lidar,1787199755680995743
esp32,1787199755751731327
lidar,1787199755780508383
esp32,1787199755851646458
lidar,1787199755880852339
esp32,1787199755951875361
lidar,1787199755980272063
esp32,1787199756051846181
lidar,1787199756080222653
esp32,1787199756151793103
lidar,1787199756180213171
esp32,1787199756251859286
lidar,1787199756280034307
esp32,1787199756351842886
lidar,1787199756379550160
esp32,1787199756451712596
lidar,1787199756479332804
esp32,1787199756551848331
lidar,1787199756578934444
esp32,1787199756651589347
lidar,1787199756679052455
esp32,1787199756751786278
lidar,1787199756779361597
esp32,1787199756851861088
lidar,1787199756879087091
esp32,1787199756951702270
lidar,1787199756979475347
esp32,1787199757051719816
lidar,1787199757079833979
esp32,1787199757151883684
lidar,1787199757180648035
esp32,1787199757251655158
lidar,1787199757280737226
esp32,1787199757351784452
lidar,1787199757381214536
esp32,1787199757451755106
lidar,1787199757481193913
esp32,1787199757551818755
lidar,1787199757581146463
esp32,1787199757651624285
lidar,1787199757680785409
esp32,1787199757751796090
lidar,1787199757780694368
esp32,1787199757851907902
lidar,1787199757880485942
esp32,1787199757951975963
lidar,1787199757980452250
esp32,1787199758051592015
lidar,1787199758079916842
esp32,1787199758151799782
lidar,1787199758179560282
esp32,1787199758251529910
lidar,1787199758279241518
esp32,1787199758351974145
lidar,1787199758378311536
esp32,1787199758451209887
lidar,1787199758477717906
esp32,1787199758551841478
lidar,1787199758577064191
esp32,1787199758651762851
lidar,1787199758676089862
esp32,1787199758751671612
lidar,1787199758775437273
esp32,1787199758851864969
lidar,1787199758874794419
esp32,1787199758951920710
lidar,1787199758974431930
esp32,1787199759051921964
lidar,1787199759074037709
esp32,1787199759152022955
lidar,1787199759173318632
esp32,1787199759251832944
lidar,1787199759273128559
esp32,1787199759351968754
lidar,1787199759372537376
esp32,1787199759451853365
lidar,1787199759472088787
esp32,1787199759551957883
lidar,1787199759572162938
esp32,1787199759651878704
lidar,1787199759671493633
esp32,1787199759751829184
lidar,1787199759771642198
esp32,1787199759851944363
lidar,1787199759871341741
esp32,1787199759951822644
lidar,1787199759971195086
esp32,1787199760051854876
lidar,1787199760071536677
lidar,1787199760171799620
esp32,1787199760172798672
esp32,1787199760251701129
lidar,1787199760271968141
esp32,1787199760352048239
lidar,1787199760372249671
esp32,1787199760451870882
lidar,1787199760472639541
esp32,1787199760551859595
lidar,1787199760573179591
esp32,1787199760651872872
lidar,1787199760673364931
esp32,1787199760751881919
lidar,1787199760773985089
esp32,1787199760851830902
lidar,1787199760873333338
esp32,1787199760951907377
lidar,1787199760972829460
esp32,1787199761051919832
lidar,1787199761072710272
esp32,1787199761151769012
lidar,1787199761172026872
esp32,1787199761251921915
lidar,1787199761272501994
esp32,1787199761351921487
lidar,1787199761372060158
esp32,1787199761451853820
lidar,1787199761471406438
esp32,1787199761551919289
lidar,1787199761571418843
esp32,1787199761651910448
lidar,1787199761671485587
esp32,1787199761750908889
lidar,1787199761770845435
esp32,1787199761851027590
lidar,1787199761870721345
esp32,1787199761951022099
lidar,1787199761970052305
esp32,1787199762051181537
lidar,1787199762070190649
esp32,1787199762151800242
lidar,1787199762169945132
esp32,1787199762251913103
lidar,1787199762269696495
esp32,1787199762351746202
lidar,1787199762369438809
esp32,1787199762451947314
lidar,1787199762468894497
esp32,1787199762551851278
lidar,1787199762568542201
esp32,1787199762651910756
lidar,1787199762668143376
esp32,1787199762751666930
lidar,1787199762768372099
esp32,1787199762851675955
lidar,1787199762868746542
esp32,1787199762951835786
lidar,1787199762969021421
esp32,1787199763051601866
lidar,1787199763069914140
esp32,1787199763151758862
lidar,1787199763170116569
esp32,1787199763251679653
lidar,1787199763270652138
esp32,1787199763351671805
lidar,1787199763370659661
esp32,1787199763451751536
lidar,1787199763470804702
esp32,1787199763551675155
lidar,1787199763570688350
esp32,1787199763651677541
lidar,1787199763670347956
esp32,1787199763751747384
lidar,1787199763770725050
esp32,1787199763851800161
lidar,1787199763870601864
esp32,1787199763951911957
lidar,1787199763970643169
esp32,1787199764051901779
lidar,1787199764070713537
esp32,1787199764151710554
lidar,1787199764170434074
esp32,1787199764251851995
lidar,1787199764269689656
esp32,1787199764351771734
lidar,1787199764369406404
esp32,1787199764451834895
lidar,1787199764469193399
esp32,1787199764551545051
lidar,1787199764568673604
esp32,1787199764651878791
lidar,1787199764668920047
esp32,1787199764751828110
lidar,1787199764768930793
esp32,1787199764851742774
lidar,1787199764868553265
esp32,1787199764951746870
lidar,1787199764968084794
esp32,1787199765051841930
lidar,1787199765068033315
esp32,1787199765152001716
lidar,1787199765167875398
esp32,1787199765251684870
lidar,1787199765267696544
esp32,1787199765351823138
lidar,1787199765367800659
esp32,1787199765451114365
lidar,1787199765466751411
esp32,1787199765551858339
lidar,1787199765567288413
esp32,1787199765651967165
lidar,1787199765666952832
esp32,1787199765751802214
lidar,1787199765766519341
esp32,1787199765851873670
lidar,1787199765866515727
esp32,1787199765951921953
lidar,1787199765966524775
esp32,1787199766051919741
lidar,1787199766065964313
esp32,1787199766151901533
lidar,1787199766165535053
esp32,1787199766251939027
lidar,1787199766265411406
esp32,1787199766352021415
lidar,1787199766364919720
esp32,1787199766452003898
lidar,1787199766464737993
esp32,1787199766551979262
lidar,1787199766564864217
esp32,1787199766651833682
lidar,1787199766664900162
esp32,1787199766751832909
lidar,1787199766764796450
esp32,1787199766851933456
lidar,1787199766864662820
esp32,1787199766951814601
lidar,1787199766964764588
esp32,1787199767051837618
lidar,1787199767064401380
esp32,1787199767151956707
lidar,1787199767164020974
esp32,1787199767251830392
lidar,1787199767263766010
esp32,1787199767352095995
lidar,1787199767363670311
esp32,1787199767451061896
lidar,1787199767463793578
esp32,1787199767551912895
lidar,1787199767564568228
esp32,1787199767651966225
lidar,1787199767665128276
esp32,1787199767751961603
lidar,1787199767765430882
esp32,1787199767851915270
lidar,1787199767866146165
esp32,1787199767951903453
lidar,1787199767966235075
esp32,1787199768051898284
lidar,1787199768066392706
esp32,1787199768151748745
lidar,1787199768166649374
esp32,1787199768251848104
lidar,1787199768266637792
esp32,1787199768351862737
lidar,1787199768366171176
esp32,1787199768452034540
lidar,1787199768465976503
esp32,1787199768552003448
lidar,1787199768565044961
esp32,1787199768651759745
lidar,1787199768665242387
esp32,1787199768751974254
lidar,1787199768764725033
esp32,1787199768851958077
lidar,1787199768865043981
esp32,1787199768951872571
lidar,1787199768964741862
esp32,1787199769051900130
lidar,1787199769064451833
esp32,1787199769152105689
lidar,1787199769164444089
esp32,1787199769251861698
lidar,1787199769264167739
lidar,1787199769363751057
esp32,1787199769371611740
esp32,1787199769452007463
lidar,1787199769463212596
esp32,1787199769552123130
lidar,1787199769563205952
esp32,1787199769652069574
lidar,1787199769662633441
esp32,1787199769751776135
lidar,1787199769762572815
esp32,1787199769851811282
lidar,1787199769862325784
esp32,1787199769951989062
lidar,1787199769961980836
esp32,1787199770051912119
lidar,1787199770062473092
esp32,1787199770151965332
lidar,1787199770162885899
esp32,1787199770251998342
lidar,1787199770263503315
esp32,1787199770352118169
lidar,1787199770363761247
esp32,1787199770451794125
lidar,1787199770464448348
esp32,1787199770551849321
lidar,1787199770564290089
esp32,1787199770651773774
lidar,1787199770665139688
esp32,1787199770751887140
lidar,1787199770764989821
esp32,1787199770852018794
lidar,1787199770864933912
esp32,1787199770951914312
lidar,1787199770964728791
esp32,1787199771051941821
lidar,1787199771064467457
esp32,1787199771151879158
lidar,1787199771164508410
esp32,1787199771251877427
lidar,1787199771264463647
esp32,1787199771351907185
lidar,1787199771364505858
esp32,1787199771451959186
lidar,1787199771464708777
esp32,1787199771551899026
lidar,1787199771564256905
esp32,1787199771652143932
lidar,1787199771664145730
esp32,1787199771750956510
lidar,1787199771762997010
esp32,1787199771851115940
lidar,1787199771862861789
esp32,1787199771950990877
lidar,1787199771962622356
esp32,1787199772051520682
lidar,1787199772063047556
esp32,1787199772151912913
lidar,1787199772162301444
esp32,1787199772252056709
lidar,1787199772262254949
esp32,1787199772351935679
lidar,1787199772362237824
esp32,1787199772451996113
lidar,1787199772461837394
esp32,1787199772551992685
lidar,1787199772561671202
esp32,1787199772651538379
lidar,1787199772661289258
esp32,1787199772751907927
lidar,1787199772761537908
esp32,1787199772851800040
lidar,1787199772861381928
esp32,1787199772951801504
lidar,1787199772961496018
esp32,1787199773051849506
lidar,1787199773061335778
esp32,1787199773151722660
lidar,1787199773161586410
esp32,1787199773251840942
lidar,1787199773261111652
esp32,1787199773351908444
lidar,1787199773360997480
esp32,1787199773451635542
lidar,1787199773460475642
esp32,1787199773551882094
lidar,1787199773560033179
esp32,1787199773651916556
lidar,1787199773659607380
esp32,1787199773751858722
lidar,1787199773759340577
esp32,1787199773852012946
lidar,1787199773859003425
esp32,1787199773951430753
lidar,1787199773958633134
esp32,1787199774051909527
lidar,1787199774059858368
lidar,1787199774159681982
esp32,1787199774171765224
esp32,1787199774251941925
lidar,1787199774259956203
esp32,1787199774352002877
lidar,1787199774360706683
esp32,1787199774452100499
lidar,1787199774461169935
esp32,1787199774551992094
lidar,1787199774561794061
esp32,1787199774651883337
lidar,1787199774662483273
esp32,1787199774751915735
lidar,1787199774762921917
esp32,1787199774851952685
lidar,1787199774863377694
esp32,1787199774951924995
lidar,1787199774962898760
esp32,1787199775051945666
lidar,1787199775063088594
esp32,1787199775152003140
lidar,1787199775162722145
esp32,1787199775251839382
lidar,1787199775262473103
lidar,1787199775362299025
esp32,1787199775371535092
esp32,1787199775452026127
lidar,1787199775461856072
esp32,1787199775551840601
lidar,1787199775561611388
esp32,1787199775651877524
lidar,1787199775661522844
esp32,1787199775751830105
lidar,1787199775761416903
esp32,1787199775852000651
lidar,1787199775861495850
esp32,1787199775951816858
lidar,1787199775961380585
esp32,1787199776052050021
lidar,1787199776060835926
esp32,1787199776151963893
lidar,1787199776160549173
esp32,1787199776251896890
lidar,1787199776260520539
esp32,1787199776351902079
lidar,1787199776359954528
esp32,1787199776451850667
lidar,1787199776459870630
esp32,1787199776551937931
lidar,1787199776559737450
esp32,1787199776652035030
lidar,1787199776659336666
esp32,1787199776751952008
lidar,1787199776758893498
esp32,1787199776851890737
lidar,1787199776858605602
esp32,1787199776951949871
lidar,1787199776958294714
esp32,1787199777051980626
lidar,1787199777058445958
esp32,1787199777151847275
lidar,1787199777158646975
esp32,1787199777251872536
lidar,1787199777259358138
esp32,1787199777351552135
lidar,1787199777359549332
esp32,1787199777451818816
lidar,1787199777460331483
esp32,1787199777551813625
lidar,1787199777561033515
esp32,1787199777651977355
lidar,1787199777660633974
esp32,1787199777751874141
lidar,1787199777760582269
esp32,1787199777851867918
lidar,1787199777860527603
esp32,1787199777952060279
lidar,1787199777960030115
esp32,1787199778051862347
lidar,1787199778060657517
esp32,1787199778152034783
lidar,1787199778160140864
esp32,1787199778251758478
lidar,1787199778259873830
esp32,1787199778352046190
lidar,1787199778359443641
esp32,1787199778451724478
lidar,1787199778458664982
esp32,1787199778551921010
lidar,1787199778558710454
esp32,1787199778651829120
lidar,1787199778658200431
esp32,1787199778751682563
lidar,1787199778757942501
esp32,1787199778851763985
lidar,1787199778857712668
esp32,1787199778951922305
lidar,1787199778957586486
esp32,1787199779051888765
lidar,1787199779057458035
esp32,1787199779151894985
lidar,1787199779157355402
esp32,1787199779251813521
lidar,1787199779256912572
esp32,1787199779351842288
lidar,1787199779357160542
esp32,1787199779451761977
lidar,1787199779457040216
esp32,1787199779552061966
lidar,1787199779557042248
esp32,1787199779652009389
lidar,1787199779656719587
esp32,1787199779751772515
lidar,1787199779756204676
esp32,1787199779851948464
lidar,1787199779855844252
esp32,1787199779951854050
lidar,1787199779955380484
esp32,1787199780051899296
lidar,1787199780055589627
esp32,1787199780151903735
lidar,1787199780155142866
esp32,1787199780251914456
lidar,1787199780254845241
esp32,1787199780351806502
lidar,1787199780354624358
esp32,1787199780451902027
lidar,1787199780454240008
esp32,1787199780551943807
lidar,1787199780554026986
esp32,1787199780651954930
lidar,1787199780654169585
esp32,1787199780751673103
lidar,1787199780753715459
esp32,1787199780851945849
lidar,1787199780853644479
esp32,1787199780952132163
lidar,1787199780954191569
esp32,1787199781052044417
lidar,1787199781054806412
esp32,1787199781151931968
lidar,1787199781155584713
esp32,1787199781252065830
lidar,1787199781256256210
esp32,1787199781351892565
lidar,1787199781357148201
esp32,1787199781451901999
lidar,1787199781457873563
esp32,1787199781551926933
lidar,1787199781558423111
esp32,1787199781652163476
lidar,1787199781658572471
esp32,1787199781751004892
lidar,1787199781758871349
esp32,1787199781851022752
lidar,1787199781858678965
esp32,1787199781951253558
lidar,1787199781958619815
esp32,1787199782051630082
lidar,1787199782058440574
esp32,1787199782151897565
lidar,1787199782158669727
esp32,1787199782251772779
lidar,1787199782258096673
esp32,1787199782351900127
lidar,1787199782358100427
esp32,1787199782451905547
lidar,1787199782457703923
esp32,1787199782551879886
lidar,1787199782557216147
esp32,1787199782651910801
lidar,1787199782657082010
esp32,1787199782751936173
lidar,1787199782756847743
esp32,1787199782851907895
lidar,1787199782856628020
esp32,1787199782951806079
lidar,1787199782956330611
esp32,1787199783051379944
lidar,1787199783056157316
esp32,1787199783151956520
lidar,1787199783155922800
esp32,1787199783251895939
lidar,1787199783255679838
esp32,1787199783351900717
lidar,1787199783355473135
esp32,1787199783452066288
lidar,1787199783455352096
esp32,1787199783552048233
lidar,1787199783555366917
esp32,1787199783652127644
lidar,1787199783655055886
esp32,1787199783751891840
lidar,1787199783754617107
esp32,1787199783851954430
lidar,1787199783854683102
esp32,1787199783951964619
lidar,1787199783954522213
esp32,1787199784051923588
lidar,1787199784054015875
esp32,1787199784152034474
lidar,1787199784154147646
esp32,1787199784251923505
lidar,1787199784253683574
esp32,1787199784351936077
lidar,1787199784353581328
esp32,1787199784451963392
lidar,1787199784453791725
esp32,1787199784552019972
lidar,1787199784554171770
esp32,1787199784652079918
lidar,1787199784654179910
esp32,1787199784751923136
lidar,1787199784754737067
esp32,1787199784851803961
lidar,1787199784855443856
esp32,1787199784952015157
lidar,1787199784955996736
esp32,1787199785052046148
lidar,1787199785056765472
esp32,1787199785151910937
lidar,1787199785156803656
esp32,1787199785251959825
lidar,1787199785256860313
esp32,1787199785352029173
lidar,1787199785356555487
esp32,1787199785451949398
lidar,1787199785456386296
esp32,1787199785552136804
lidar,1787199785556565787
esp32,1787199785651953662
lidar,1787199785656515061
esp32,1787199785752007546
lidar,1787199785756384948
esp32,1787199785851912839
lidar,1787199785856417978
esp32,1787199785951923292
lidar,1787199785956252751
esp32,1787199786051743000
lidar,1787199786056090536
esp32,1787199786151926914
lidar,1787199786155544901
esp32,1787199786251831221
lidar,1787199786255440167
esp32,1787199786352052007
lidar,1787199786355272109
esp32,1787199786451848334
lidar,1787199786454948355
esp32,1787199786551863010
lidar,1787199786554385701
esp32,1787199786651731361
lidar,1787199786654002587
esp32,1787199786751837377
lidar,1787199786753853995
esp32,1787199786851003061
lidar,1787199786853127115
esp32,1787199786951857319
lidar,1787199786953346258
esp32,1787199787051814459
lidar,1787199787053077965
esp32,1787199787151992449
lidar,1787199787153026402
esp32,1787199787251782770
lidar,1787199787252821543
esp32,1787199787352015200
lidar,1787199787353063481
esp32,1787199787452072194
lidar,1787199787453127840
esp32,1787199787551793978
lidar,1787199787552763012
esp32,1787199787652028333
lidar,1787199787653057857
esp32,1787199787752038257
lidar,1787199787752731523
esp32,1787199787851998832
lidar,1787199787852693804
lidar,1787199787951880823
esp32,1787199787952965369
lidar,1787199788051728533
esp32,1787199788052759190
esp32,1787199788151848544
lidar,1787199788152652597
lidar,1787199788251544974
esp32,1787199788252600968
lidar,1787199788351643496
esp32,1787199788352827409
lidar,1787199788451589705
esp32,1787199788452727145
lidar,1787199788551176938
esp32,1787199788552238712
lidar,1787199788651025429
esp32,1787199788652063422
lidar,1787199788750649609
esp32,1787199788751743763
lidar,1787199788850538423
esp32,1787199788851668050
lidar,1787199788950133854
esp32,1787199788951511808
lidar,1787199789049784731
esp32,1787199789051582873
lidar,1787199789149648989
esp32,1787199789151572839
lidar,1787199789249976712
esp32,1787199789251652338
lidar,1787199789349966698
esp32,1787199789351572557
lidar,1787199789450440618
esp32,1787199789451603155
lidar,1787199789551402654
esp32,1787199789552230165
esp32,1787199789651888949
lidar,1787199789652718998
esp32,1787199789751940457
lidar,1787199789753087186
esp32,1787199789852009512
lidar,1787199789853128701
esp32,1787199789952020497
lidar,1787199789953434807
esp32,1787199790051978062
lidar,1787199790054020505
esp32,1787199790151777425
lidar,1787199790154161517
esp32,1787199790251691051
lidar,1787199790254265221
esp32,1787199790351878541
lidar,1787199790354313970
esp32,1787199790452017741
lidar,1787199790454272965
esp32,1787199790552015193
lidar,1787199790554120551
esp32,1787199790651998318
lidar,1787199790654047393
esp32,1787199790751877391
lidar,1787199790754199546
esp32,1787199790851760716
lidar,1787199790854470986
esp32,1787199790951773068
lidar,1787199790954538933
esp32,1787199791052026320
lidar,1787199791054554571
esp32,1787199791152046331
lidar,1787199791154362793
esp32,1787199791251955200
lidar,1787199791253834256
esp32,1787199791351994625
lidar,1787199791353804861
esp32,1787199791452050365
lidar,1787199791453528283
esp32,1787199791551764188
lidar,1787199791553627938
esp32,1787199791651935345
lidar,1787199791653377347
esp32,1787199791751001628
lidar,1787199791752828192
esp32,1787199791851041057
lidar,1787199791852819978
esp32,1787199791951261857
lidar,1787199791952207723
esp32,1787199792051614023
lidar,1787199792052429460
esp32,1787199792152115752
lidar,1787199792153086482
esp32,1787199792250967196
lidar,1787199792251819312
esp32,1787199792351090567
lidar,1787199792351883307
esp32,1787199792452018481
lidar,1787199792453256773
esp32,1787199792551890715
lidar,1787199792553166389
esp32,1787199792651925358
lidar,1787199792653099025
esp32,1787199792751884220
lidar,1787199792753081741
esp32,1787199792851960321
lidar,1787199792853156886
esp32,1787199792951163723
lidar,1787199792951671829
esp32,1787199793051884262
lidar,1787199793053021961
lidar,1787199793151521170
esp32,1787199793152468865
lidar,1787199793250932109
esp32,1787199793251644358
lidar,1787199793350423136
esp32,1787199793351893471
lidar,1787199793449596980
esp32,1787199793451574102
lidar,1787199793548592977
esp32,1787199793551628586
lidar,1787199793647611575
esp32,1787199793651604206
lidar,1787199793746773511
esp32,1787199793751304023
lidar,1787199793847129521
esp32,1787199793851636231
lidar,1787199793946121390
esp32,1787199793951591754
lidar,1787199794045636948
esp32,1787199794051617365
lidar,1787199794146103026
esp32,1787199794151652442
lidar,1787199794245302215
esp32,1787199794251635863
lidar,1787199794344786920
esp32,1787199794351664174
lidar,1787199794444832702
esp32,1787199794451633045
lidar,1787199794544588363
esp32,1787199794551504116
lidar,1787199794644327490
esp32,1787199794651678014
lidar,1787199794744479759
esp32,1787199794751665160
lidar,1787199794844194084
esp32,1787199794851690725
lidar,1787199794943858538
esp32,1787199794952151185
lidar,1787199795043928956
esp32,1787199795051617284
lidar,1787199795143912999
esp32,1787199795151616676
lidar,1787199795243771934
esp32,1787199795251608340
lidar,1787199795343313730
esp32,1787199795351613184
lidar,1787199795443034704
esp32,1787199795451611871
lidar,1787199795542754449
esp32,1787199795551601483
lidar,1787199795642582989
esp32,1787199795651633989
lidar,1787199795741875841
esp32,1787199795751618584
lidar,1787199795841778600
esp32,1787199795851608361
lidar,1787199795941244990
esp32,1787199795951573515
lidar,1787199796041093081
esp32,1787199796051691383
lidar,1787199796141458605
esp32,1787199796151580055
lidar,1787199796242001765
esp32,1787199796251829921
lidar,1787199796342376285
esp32,1787199796351809007
lidar,1787199796442759992
esp32,1787199796451636704
lidar,1787199796543493002
esp32,1787199796571620364
lidar,1787199796643861254
esp32,1787199796651633628
lidar,1787199796744065308
esp32,1787199796751244552
lidar,1787199796843891119
esp32,1787199796851654179
lidar,1787199796943545494
esp32,1787199796951668201
lidar,1787199797043662688
esp32,1787199797051601593
lidar,1787199797143645102
esp32,1787199797151589698
lidar,1787199797243002991
esp32,1787199797251585512
lidar,1787199797342880487
esp32,1787199797351603363
lidar,1787199797442756955
esp32,1787199797451593843
lidar,1787199797542660033
esp32,1787199797551599910
lidar,1787199797642509389
esp32,1787199797651590001
lidar,1787199797742388596
esp32,1787199797751500006
lidar,1787199797842218024
esp32,1787199797851592486
lidar,1787199797941818286
esp32,1787199797951594347
lidar,1787199798041719161
esp32,1787199798051574786
lidar,1787199798141329804
esp32,1787199798151593904
lidar,1787199798241300542
esp32,1787199798251633904
lidar,1787199798341145581
esp32,1787199798351614670
lidar,1787199798440709580
esp32,1787199798452087793
lidar,1787199798540267061
esp32,1787199798551661955
lidar,1787199798639943878
esp32,1787199798651596812
lidar,1787199798739739622
esp32,1787199798751586259
lidar,1787199798839578664
esp32,1787199798851888841
lidar,1787199798939254337
esp32,1787199798951686943
lidar,1787199799039419329
esp32,1787199799051688302
lidar,1787199799139519699
esp32,1787199799151614775
lidar,1787199799239994944
esp32,1787199799251932584
lidar,1787199799340096185
esp32,1787199799351600993
lidar,1787199799440590192
esp32,1787199799451484705
lidar,1787199799540489761
esp32,1787199799550983622
lidar,1787199799641601235
esp32,1787199799651611355
lidar,1787199799741348679
esp32,1787199799752092721
lidar,1787199799841815527
esp32,1787199799851678664
lidar,1787199799941661485
esp32,1787199799951567282
lidar,1787199800042150367
esp32,1787199800051680656
lidar,1787199800142071894
esp32,1787199800151657378
lidar,1787199800242381095
esp32,1787199800251699340
lidar,1787199800341991544
esp32,1787199800351643920
lidar,1787199800441551922
esp32,1787199800451518807
lidar,1787199800541485737
esp32,1787199800551559035
lidar,1787199800641219030
esp32,1787199800651616863
lidar,1787199800740884929
esp32,1787199800751584228
lidar,1787199800840575122
esp32,1787199800851520115
lidar,1787199800939990597
esp32,1787199800951615210
lidar,1787199801039447058
esp32,1787199801051033195
lidar,1787199801139547696
esp32,1787199801151650952
lidar,1787199801239209284
esp32,1787199801251534078
lidar,1787199801338827762
esp32,1787199801351564979
lidar,1787199801438544423
esp32,1787199801451696235
lidar,1787199801538404954
esp32,1787199801551516781
lidar,1787199801637717038
esp32,1787199801651966384
lidar,1787199801737092966
esp32,1787199801750923496
lidar,1787199801836827752
esp32,1787199801851043774
lidar,1787199801936462570
esp32,1787199801951107588
lidar,1787199802036720969
esp32,1787199802051882074
lidar,1787199802137067765
esp32,1787199802151772888
lidar,1787199802236923076
esp32,1787199802251803092
lidar,1787199802337129159
esp32,1787199802351430831
lidar,1787199802437289702
esp32,1787199802451750546
lidar,1787199802537854477
esp32,1787199802551944219
lidar,1787199802638386776
esp32,1787199802651748955
lidar,1787199802738887139
esp32,1787199802751367057
lidar,1787199802839181893
esp32,1787199802851996735
lidar,1787199802939829451
esp32,1787199802951814140
lidar,1787199803040066123
esp32,1787199803051652270
lidar,1787199803140133552
esp32,1787199803151355898
lidar,1787199803240286559
esp32,1787199803251847148
lidar,1787199803340530949
esp32,1787199803351804426
lidar,1787199803440472637
esp32,1787199803451587431
lidar,1787199803540330520
esp32,1787199803551582827
lidar,1787199803640337429
esp32,1787199803651744139
lidar,1787199803740099412
esp32,1787199803751488850
lidar,1787199803839047993
esp32,1787199803851476962
lidar,1787199803939528448
esp32,1787199803971820660
lidar,1787199804038853614
esp32,1787199804051880595
lidar,1787199804138871317
esp32,1787199804151718682
lidar,1787199804238516540
esp32,1787199804251596268
lidar,1787199804338751842
esp32,1787199804351933555
lidar,1787199804438267367
esp32,1787199804451702317
lidar,1787199804538107474
esp32,1787199804551704891
lidar,1787199804637817703
esp32,1787199804651548133
lidar,1787199804736801941
esp32,1787199804751796550
lidar,1787199804836936469
esp32,1787199804851627619
lidar,1787199804936624814
esp32,1787199804951716691
lidar,1787199805036015948
esp32,1787199805051425360
lidar,1787199805136025310
esp32,1787199805151934522
lidar,1787199805235651325
esp32,1787199805251821771
lidar,1787199805335872465
esp32,1787199805351849070
lidar,1787199805435465220
esp32,1787199805451828522
lidar,1787199805535659117
esp32,1787199805552443946
lidar,1787199805635872068
esp32,1787199805671945574
lidar,1787199805735813148
esp32,1787199805751689480
lidar,1787199805836614835
esp32,1787199805851873874
lidar,1787199805937007877
esp32,1787199805951860235
lidar,1787199806037808734
esp32,1787199806051880193
lidar,1787199806138098670
esp32,1787199806152008224
lidar,1787199806238191422
lidar,1787199806338307922
lidar,1787199806438306605
lidar,1787199806538558316
lidar,1787199806638375084
lidar,1787199806737690189
lidar,1787199806837868683
lidar,1787199806938024871
lidar,1787199807037570057
lidar,1787199807137495063
lidar,1787199807236866526
lidar,1787199807337024155
lidar,1787199807436667438
esp32,1787199807494543160
esp32,1787199807495003094
esp32,1787199807512011567
esp32,1787199807531593383
lidar,1787199807536103368
esp32,1787199807631640052
lidar,1787199807635860503
esp32,1787199807731560281
lidar,1787199807735671973
esp32,1787199807831542320
lidar,1787199807835621578
esp32,1787199807931596671
lidar,1787199807935295156
esp32,1787199808031474397
lidar,1787199808035381672
esp32,1787199808131564095
lidar,1787199808134959906
esp32,1787199808231446033
lidar,1787199808234361621
esp32,1787199808331484009
lidar,1787199808334299815
esp32,1787199808431630402
lidar,1787199808434241516
esp32,1787199808531633533
lidar,1787199808534026643
esp32,1787199808631598083
lidar,1787199808633932331
esp32,1787199808731670464
lidar,1787199808733530034
esp32,1787199808831542317
lidar,1787199808833462286
esp32,1787199808931441427
lidar,1787199808933114721
esp32,1787199809031539117
lidar,1787199809032897949
esp32,1787199809131222266
lidar,1787199809132577502
esp32,1787199809231322768
lidar,1787199809233267573
esp32,1787199809331488925
lidar,1787199809333818623
esp32,1787199809431589547
lidar,1787199809433864226
esp32,1787199809531518564
lidar,1787199809534182459
esp32,1787199809631545011
lidar,1787199809634673064
esp32,1787199809731584880
lidar,1787199809734864625
esp32,1787199809831706424
lidar,1787199809835629793
esp32,1787199809931705660
lidar,1787199809935891879
esp32,1787199810031632242
lidar,1787199810036461110
esp32,1787199810131436458
lidar,1787199810136680543
esp32,1787199810231438415
lidar,1787199810236963214
esp32,1787199810331585509
lidar,1787199810337030688
esp32,1787199810431631475
lidar,1787199810436824857
esp32,1787199810531617983
lidar,1787199810536671116
esp32,1787199810631398930
lidar,1787199810636598445
esp32,1787199810731439614
lidar,1787199810736322344
esp32,1787199810831566096
lidar,1787199810836404153
esp32,1787199810931587293
lidar,1787199810936411779
esp32,1787199811031531459
lidar,1787199811036350499
esp32,1787199811131504474
lidar,1787199811136160406
esp32,1787199811231482894
lidar,1787199811235795336
esp32,1787199811331609269
lidar,1787199811335843302
esp32,1787199811431684450
lidar,1787199811435472812
esp32,1787199811531523092
lidar,1787199811535677223
esp32,1787199811631538958
lidar,1787199811635312002
esp32,1787199811730801901
lidar,1787199811734891050
esp32,1787199811830853403
lidar,1787199811834751724
esp32,1787199811930866862
lidar,1787199811934503464
esp32,1787199812030800676
lidar,1787199812033963076
esp32,1787199812131623112
lidar,1787199812134224887
esp32,1787199812231592042
lidar,1787199812234296040
esp32,1787199812331686800
lidar,1787199812334028233
esp32,1787199812431631740
lidar,1787199812433632317
esp32,1787199812531465762
lidar,1787199812533468124
esp32,1787199812631549986
lidar,1787199812633335089
esp32,1787199812731615415
lidar,1787199812733044507
esp32,1787199812831616306
lidar,1787199812833021016
esp32,1787199812931565294
lidar,1787199812932913733
esp32,1787199813031621005
lidar,1787199813032847282
esp32,1787199813131570822
lidar,1787199813132845650
esp32,1787199813231472847
lidar,1787199813232487777
esp32,1787199813331565216
lidar,1787199813332746669
esp32,1787199813431533409
lidar,1787199813432816821
esp32,1787199813531686590
lidar,1787199813532915014
esp32,1787199813631623263
lidar,1787199813632865142
esp32,1787199813731567620
lidar,1787199813732571423
esp32,1787199813831627232
lidar,1787199813832671678
esp32,1787199813931623565
lidar,1787199813932696846
esp32,1787199814031606819
lidar,1787199814032663427
esp32,1787199814131618484
lidar,1787199814132667236
esp32,1787199814231509535
lidar,1787199814232513310
lidar,1787199814331329775
esp32,1787199814332374769
lidar,1787199814431140703
esp32,1787199814432254418
lidar,1787199814531264086
esp32,1787199814532448501
lidar,1787199814631203180
esp32,1787199814632273649
lidar,1787199814731022256
esp32,1787199814732034565
lidar,1787199814831006211
esp32,1787199814832079143
lidar,1787199814930807724
esp32,1787199814951980095
lidar,1787199815030378346
esp32,1787199815031429584
lidar,1787199815130413280
esp32,1787199815131224956
lidar,1787199815229794859
esp32,1787199815230991382
lidar,1787199815330082151
esp32,1787199815331385433
lidar,1787199815430193386
esp32,1787199815431519929
lidar,1787199815530042621
esp32,1787199815531442144
lidar,1787199815630709705
esp32,1787199815631526238
lidar,1787199815730738678
esp32,1787199815731575962
lidar,1787199815830646104
esp32,1787199815831358242
lidar,1787199815931039443
esp32,1787199815931792333
lidar,1787199816030693197
esp32,1787199816031578570
lidar,1787199816130783894
esp32,1787199816131491817
lidar,1787199816230413483
esp32,1787199816231354255
lidar,1787199816330263336
esp32,1787199816331574554
lidar,1787199816429738565
esp32,1787199816431499848
lidar,1787199816529780631
esp32,1787199816531623281
lidar,1787199816629604959
esp32,1787199816631446007
lidar,1787199816729605622
esp32,1787199816731300783
lidar,1787199816829722831
esp32,1787199816831438361
lidar,1787199816929971358
esp32,1787199816931543932
lidar,1787199817029852355
esp32,1787199817031679287
lidar,1787199817129635735
esp32,1787199817131549572
lidar,1787199817229129223
esp32,1787199817230787829
lidar,1787199817329421070
esp32,1787199817331484789
lidar,1787199817428947766
esp32,1787199817431500509
lidar,1787199817528403661
esp32,1787199817531566631
lidar,1787199817627341772
esp32,1787199817631317553
lidar,1787199817726694645
esp32,1787199817731531964
lidar,1787199817825837977
esp32,1787199817831362146
lidar,1787199817924685673
esp32,1787199817931254909
lidar,1787199818023765153
esp32,1787199818031299173
lidar,1787199818122528744
esp32,1787199818131377262
lidar,1787199818221999516
esp32,1787199818231368810
lidar,1787199818321714721
esp32,1787199818331315031
lidar,1787199818421315119
esp32,1787199818431425925
lidar,1787199818520735504
esp32,1787199818531564873
lidar,1787199818620706663
esp32,1787199818631462047
lidar,1787199818720102518
esp32,1787199818731519604
lidar,1787199818819632664
esp32,1787199818831460163
lidar,1787199818919508570
esp32,1787199818931619476
lidar,1787199819019209612
esp32,1787199819031437545
lidar,1787199819118589448
esp32,1787199819131502196
lidar,1787199819218714267
esp32,1787199819231343063
lidar,1787199819318938278
esp32,1787199819331441741
lidar,1787199819419362130
esp32,1787199819431501239
lidar,1787199819519485849
esp32,1787199819552127132
lidar,1787199819620194484
esp32,1787199819631433164
lidar,1787199819720456943
esp32,1787199819731281493
lidar,1787199819821162792
esp32,1787199819831479052
lidar,1787199819921555871
esp32,1787199819931386383
lidar,1787199820021872567
esp32,1787199820031429825
lidar,1787199820121913219
esp32,1787199820131403266
lidar,1787199820221976008
esp32,1787199820231309822
lidar,1787199820321504853
esp32,1787199820331394307
lidar,1787199820421219401
esp32,1787199820431389147
lidar,1787199820521699556
esp32,1787199820531465950
lidar,1787199820620878026
esp32,1787199820631510841
lidar,1787199820720963181
esp32,1787199820731410812
lidar,1787199820820659553
esp32,1787199820831289459
lidar,1787199820920489421
esp32,1787199820931411041
lidar,1787199821020358535
esp32,1787199821031327799
lidar,1787199821120254086
esp32,1787199821131478947
lidar,1787199821219962454
esp32,1787199821231385050
lidar,1787199821319503939
esp32,1787199821331332712
lidar,1787199821419629437
esp32,1787199821431507406
lidar,1787199821520033965
esp32,1787199821531535951
lidar,1787199821619641394
esp32,1787199821631561797
lidar,1787199821719362228
esp32,1787199821730870098
lidar,1787199821819730573
esp32,1787199821830790294
lidar,1787199821919327914
esp32,1787199821930783894
lidar,1787199822019290946
esp32,1787199822030771861
lidar,1787199822119433281
esp32,1787199822131399925
lidar,1787199822219259443
esp32,1787199822231312852
lidar,1787199822318119191
esp32,1787199822331462664
lidar,1787199822417497408
esp32,1787199822431486573
lidar,1787199822516225433
esp32,1787199822531477890
lidar,1787199822614959664
esp32,1787199822631452867
lidar,1787199822714138021
esp32,1787199822731472377
lidar,1787199822813062261
esp32,1787199822831544964
lidar,1787199822911856778
esp32,1787199822931609680
lidar,1787199823011429025
esp32,1787199823031389119
lidar,1787199823111013810
esp32,1787199823131460765
lidar,1787199823210849877
esp32,1787199823230745929
lidar,1787199823310509166
esp32,1787199823331221317
lidar,1787199823410471022
esp32,1787199823431581835
lidar,1787199823510334519
esp32,1787199823531591754
lidar,1787199823610035246
esp32,1787199823631647510
lidar,1787199823709680049
esp32,1787199823731639072
lidar,1787199823809328009
esp32,1787199823831333659
lidar,1787199823909275739
esp32,1787199823931567923
lidar,1787199824009094162
esp32,1787199824031624009
lidar,1787199824109250568
esp32,1787199824131705417
lidar,1787199824209925711
esp32,1787199824231503648
lidar,1787199824310850370
esp32,1787199824331618724
lidar,1787199824411037311
esp32,1787199824431462252
lidar,1787199824511654660
esp32,1787199824531769331
lidar,1787199824611852943
esp32,1787199824631608727
lidar,1787199824711885558
esp32,1787199824731633236
lidar,1787199824812109225
esp32,1787199824831665759
lidar,1787199824911998126
esp32,1787199824931473725
lidar,1787199825011610045
esp32,1787199825031608813
lidar,1787199825111209488
esp32,1787199825131423849
lidar,1787199825210915960
esp32,1787199825231382505
lidar,1787199825310880194
esp32,1787199825331644170
lidar,1787199825410228121
esp32,1787199825431641083
lidar,1787199825509985695
esp32,1787199825531626238
lidar,1787199825610014951
esp32,1787199825631617068
lidar,1787199825709477294
esp32,1787199825731622057
lidar,1787199825809090985
esp32,1787199825831602389
lidar,1787199825909072206
esp32,1787199825931584376
lidar,1787199826008350665
esp32,1787199826051968659
lidar,1787199826108579930
esp32,1787199826131717237
lidar,1787199826208049806
esp32,1787199826231458708
lidar,1787199826308813620
esp32,1787199826331487664
lidar,1787199826409017519
esp32,1787199826431626957
lidar,1787199826509706512
esp32,1787199826531581167
lidar,1787199826610527961
esp32,1787199826631587523
lidar,1787199826710850970
esp32,1787199826731715495
lidar,1787199826811097058
esp32,1787199826831590123
lidar,1787199826911432315
esp32,1787199826931541922
lidar,1787199827011277660
esp32,1787199827031655041
lidar,1787199827111466285
esp32,1787199827131632142
lidar,1787199827211539928
esp32,1787199827231323401
lidar,1787199827311093847
esp32,1787199827331552970
lidar,1787199827411100133
esp32,1787199827431591382
lidar,1787199827511244215
esp32,1787199827531625909
lidar,1787199827611010045
esp32,1787199827631738258
lidar,1787199827710549252
esp32,1787199827731451306
lidar,1787199827810323586
esp32,1787199827831552788
lidar,1787199827910322541
esp32,1787199827931526818
lidar,1787199828010087430
esp32,1787199828031525325
lidar,1787199828110003854
esp32,1787199828131371171
lidar,1787199828209708267
esp32,1787199828231378499
lidar,1787199828309651196
esp32,1787199828331579065
lidar,1787199828409431663
esp32,1787199828431475821
lidar,1787199828508764228
esp32,1787199828531507267
lidar,1787199828609023481
esp32,1787199828631635887
lidar,1787199828708532199
esp32,1787199828731700815
lidar,1787199828808303235
esp32,1787199828831494167
lidar,1787199828907946277
esp32,1787199828931501823
lidar,1787199829008081296
esp32,1787199829031367974
lidar,1787199829107513205
esp32,1787199829131544633
lidar,1787199829207386880
esp32,1787199829231380004
lidar,1787199829307124671
esp32,1787199829331503098
lidar,1787199829406490186
esp32,1787199829431511234
lidar,1787199829506191013
esp32,1787199829531499957
lidar,1787199829606141823
esp32,1787199829631534207
lidar,1787199829706045097
esp32,1787199829731512504
lidar,1787199829805963806
esp32,1787199829831435312
lidar,1787199829905690672
esp32,1787199829931360449
lidar,1787199830005454747
esp32,1787199830031548776
lidar,1787199830105906537
esp32,1787199830131340931
lidar,1787199830205774229
esp32,1787199830231198213
lidar,1787199830306527715
esp32,1787199830331394879
lidar,1787199830407017016
esp32,1787199830431202650
lidar,1787199830507035638
esp32,1787199830531470524
lidar,1787199830607644061
esp32,1787199830631378213
lidar,1787199830707424163
esp32,1787199830731566831
lidar,1787199830807190079
esp32,1787199830831498965
lidar,1787199830907014181
esp32,1787199830931535331
lidar,1787199831006719507
esp32,1787199831031399672
lidar,1787199831106771954
esp32,1787199831151913721
lidar,1787199831206333244
esp32,1787199831231379322
lidar,1787199831306189330
esp32,1787199831331468251
lidar,1787199831405733798
esp32,1787199831431121114
lidar,1787199831505553683
esp32,1787199831531593901
lidar,1787199831605363878
esp32,1787199831631479349
lidar,1787199831705197696
esp32,1787199831730812554
lidar,1787199831804584329
esp32,1787199831830861168
lidar,1787199831904512712
esp32,1787199831931043961
lidar,1787199832003994528
esp32,1787199832030743513
lidar,1787199832104296070
esp32,1787199832131302890
lidar,1787199832203932363
esp32,1787199832231410909
lidar,1787199832303593132
esp32,1787199832331350668
lidar,1787199832403545779
esp32,1787199832431629045
lidar,1787199832503130752
esp32,1787199832531360759
lidar,1787199832603337174
esp32,1787199832631483535
lidar,1787199832703867124
esp32,1787199832731483415
lidar,1787199832804196726
esp32,1787199832831396607
lidar,1787199832904651810
esp32,1787199832951544386
lidar,1787199833004810065
esp32,1787199833031150266
lidar,1787199833105808212
esp32,1787199833131211095
lidar,1787199833205978312
esp32,1787199833231731623
lidar,1787199833306208668
esp32,1787199833331521203
lidar,1787199833405662294
esp32,1787199833431591588
lidar,1787199833505412060
esp32,1787199833531520639
lidar,1787199833605444607
esp32,1787199833631583000
lidar,1787199833705058055
esp32,1787199833731392366
lidar,1787199833805015328
esp32,1787199833831498133
lidar,1787199833904552439
esp32,1787199833931584709
lidar,1787199834004217558
esp32,1787199834031360861
lidar,1787199834104445642
esp32,1787199834131331760
lidar,1787199834204532112
esp32,1787199834231332181
lidar,1787199834304201366
esp32,1787199834331126188
lidar,1787199834404030393
esp32,1787199834431419561
lidar,1787199834503759031
esp32,1787199834531373563
lidar,1787199834603259720
esp32,1787199834631442136
lidar,1787199834703026552
esp32,1787199834731471825
lidar,1787199834802762906
esp32,1787199834831496838
lidar,1787199834902753957
esp32,1787199834931458174
lidar,1787199835002433608
esp32,1787199835031560739
lidar,1787199835102614926
esp32,1787199835131486725
lidar,1787199835202515533
esp32,1787199835231542817
lidar,1787199835301926877
esp32,1787199835331607228
lidar,1787199835401336595
esp32,1787199835431598762
lidar,1787199835500585215
esp32,1787199835531547802
lidar,1787199835601311145
esp32,1787199835631647744
lidar,1787199835701571013
esp32,1787199835731530373
lidar,1787199835801897483
esp32,1787199835831615446
lidar,1787199835902664028
esp32,1787199835931578918
lidar,1787199836003547704
esp32,1787199836031577398
lidar,1787199836103705003
esp32,1787199836131446095
lidar,1787199836204444783
esp32,1787199836231518809
lidar,1787199836304617582
esp32,1787199836331360783
lidar,1787199836404816464
esp32,1787199836431415615
lidar,1787199836505126330
esp32,1787199836531555589
lidar,1787199836604834021
esp32,1787199836631629355
lidar,1787199836704889334
esp32,1787199836731608824
lidar,1787199836804723455
esp32,1787199836831605984
lidar,1787199836904413103
esp32,1787199836931609017
lidar,1787199837004234519
esp32,1787199837031546657
lidar,1787199837103710411
esp32,1787199837131491653
lidar,1787199837203714749
esp32,1787199837231421400
lidar,1787199837303610169
esp32,1787199837331552498
lidar,1787199837403249706
esp32,1787199837431514494
lidar,1787199837503253207
esp32,1787199837530888039
lidar,1787199837602869794
esp32,1787199837631526903
lidar,1787199837702605916
esp32,1787199837731569922
lidar,1787199837802353188
esp32,1787199837831635334
lidar,1787199837902399095
esp32,1787199837931656390
lidar,1787199838002288772
esp32,1787199838031572985
lidar,1787199838102299821
esp32,1787199838131510254
lidar,1787199838203170039
esp32,1787199838231533275
lidar,1787199838303401356
esp32,1787199838331567065
lidar,1787199838403663096
esp32,1787199838431584665
lidar,1787199838504348177
esp32,1787199838531721363
lidar,1787199838604587017
esp32,1787199838631615855
lidar,1787199838704367047
esp32,1787199838731621437
lidar,1787199838804038791
esp32,1787199838831641796
lidar,1787199838903945434
esp32,1787199838931555613
lidar,1787199839003579353
esp32,1787199839031676549
lidar,1787199839103565392
esp32,1787199839131627612
lidar,1787199839203521278
esp32,1787199839231491440
lidar,1787199839303377381
esp32,1787199839331316560
lidar,1787199839402794116
esp32,1787199839431382803
lidar,1787199839502182486
esp32,1787199839531509107
lidar,1787199839602266377
esp32,1787199839631509489
lidar,1787199839701540986
esp32,1787199839731499817
lidar,1787199839801591632
esp32,1787199839831526808
lidar,1787199839901125047
esp32,1787199839931478052
lidar,1787199840000843896
esp32,1787199840031487769
lidar,1787199840100724483
esp32,1787199840131409506
lidar,1787199840201218487
esp32,1787199840231477647
lidar,1787199840301544368
esp32,1787199840331486089
lidar,1787199840401666796
esp32,1787199840431458319
lidar,1787199840502459708
esp32,1787199840531478870
lidar,1787199840602836688
esp32,1787199840631600521
lidar,1787199840703054816
esp32,1787199840731508919
lidar,1787199840803945541
esp32,1787199840831550683
lidar,1787199840904105267
esp32,1787199840931545698
lidar,1787199841004000281
esp32,1787199841031478965
lidar,1787199841103608909
esp32,1787199841131558089
lidar,1787199841203351466
esp32,1787199841231441669
lidar,1787199841303490598
esp32,1787199841331516140
lidar,1787199841402896582
esp32,1787199841431633340
lidar,1787199841502790953
esp32,1787199841531553248
lidar,1787199841602645109
esp32,1787199841631634901
lidar,1787199841702457015
esp32,1787199841730803279
lidar,1787199841801689151
esp32,1787199841830824638
lidar,1787199841901564456
esp32,1787199841930850657
lidar,1787199842001228969
esp32,1787199842030873942
lidar,1787199842101269237
esp32,1787199842131615419
lidar,1787199842200959996
esp32,1787199842231521105
lidar,1787199842300930554
esp32,1787199842331481589
lidar,1787199842400898773
esp32,1787199842431496237
lidar,1787199842500472759
esp32,1787199842531445022
lidar,1787199842600607991
esp32,1787199842631515981
lidar,1787199842700251236
esp32,1787199842731513380
lidar,1787199842800257260
esp32,1787199842831562137
lidar,1787199842900209268
esp32,1787199842931333916
lidar,1787199842999592242
esp32,1787199843031760864
lidar,1787199843099120570
esp32,1787199843131565573
lidar,1787199843198902076
esp32,1787199843231278890
lidar,1787199843298099014
esp32,1787199843331547125
lidar,1787199843397848084
esp32,1787199843431509518
lidar,1787199843498214814
esp32,1787199843531580569
lidar,1787199843598467169
esp32,1787199843631345173
lidar,1787199843698972381
esp32,1787199843731484604
lidar,1787199843799634335
esp32,1787199843831549098
lidar,1787199843899804770
esp32,1787199843931573114
lidar,1787199844000250170
esp32,1787199844031574895
lidar,1787199844100599752
esp32,1787199844131560749
lidar,1787199844200862651
esp32,1787199844231615014
lidar,1787199844301161132
esp32,1787199844331403596
lidar,1787199844400924228
esp32,1787199844431460332
lidar,1787199844500879759
esp32,1787199844531612955
lidar,1787199844600549752
esp32,1787199844631512144
lidar,1787199844700623652
esp32,1787199844731369080
lidar,1787199844800685064
esp32,1787199844831518623
lidar,1787199844900419520
esp32,1787199844931539039
lidar,1787199845000162793
esp32,1787199845031583452
lidar,1787199845100245056
esp32,1787199845131400496
lidar,1787199845199886455
esp32,1787199845231324488
lidar,1787199845299993702
esp32,1787199845331552270
lidar,1787199845399813910
esp32,1787199845431542850
lidar,1787199845499377339
esp32,1787199845531522003
lidar,1787199845599136531
esp32,1787199845631391851
lidar,1787199845698710417
esp32,1787199845731281567
lidar,1787199845798726619
esp32,1787199845831553108
lidar,1787199845899129769
esp32,1787199845931535595
lidar,1787199845998613772
esp32,1787199846031596216
lidar,1787199846098466746
esp32,1787199846131571126
lidar,1787199846197646100
esp32,1787199846231371520
lidar,1787199846297096661
esp32,1787199846331420542
lidar,1787199846396178893
esp32,1787199846431491540
lidar,1787199846495184815
esp32,1787199846531483075
lidar,1787199846593986678
esp32,1787199846631554766
lidar,1787199846693107678
esp32,1787199846731503910
lidar,1787199846792401640
esp32,1787199846831468460
lidar,1787199846891606534
esp32,1787199846931645881
lidar,1787199846991375171
esp32,1787199847031515105
lidar,1787199847091449319
esp32,1787199847131600237
lidar,1787199847191164306
esp32,1787199847231402724
lidar,1787199847291327994
esp32,1787199847331514805
lidar,1787199847390864998
esp32,1787199847431425866
lidar,1787199847490616176
esp32,1787199847531504429
lidar,1787199847590545769
esp32,1787199847631526846
lidar,1787199847690165692
esp32,1787199847731557570
lidar,1787199847790454926
esp32,1787199847831513342
lidar,1787199847890061694
esp32,1787199847931499671
lidar,1787199847989880277
esp32,1787199848031450160
lidar,1787199848089319493
esp32,1787199848131475698
lidar,1787199848188926877
esp32,1787199848231675710
lidar,1787199848288938650
esp32,1787199848331543075
lidar,1787199848388723329
esp32,1787199848431767054
lidar,1787199848488461367
esp32,1787199848531573681
lidar,1787199848588272834
esp32,1787199848631650854
lidar,1787199848688143237
esp32,1787199848731772754
lidar,1787199848788075212
esp32,1787199848831717928
lidar,1787199848887787738
esp32,1787199848931629547
lidar,1787199848987758027
esp32,1787199849031592494
lidar,1787199849087702024
esp32,1787199849131512180
lidar,1787199849188140748
esp32,1787199849231803270
lidar,1787199849288626059
esp32,1787199849331569973
lidar,1787199849388989594
esp32,1787199849431573937
lidar,1787199849489420284
esp32,1787199849531496762
lidar,1787199849589887248
esp32,1787199849631503933
lidar,1787199849689664145
esp32,1787199849731423337
lidar,1787199849789595734
esp32,1787199849831474015
lidar,1787199849889285945
esp32,1787199849931638849
lidar,1787199849989562710
esp32,1787199850031519413
lidar,1787199850088950037
esp32,1787199850131546837
lidar,1787199850188442401
esp32,1787199850231718317
lidar,1787199850288606741
esp32,1787199850331407930
lidar,1787199850388237646
esp32,1787199850431467609
lidar,1787199850488020250
esp32,1787199850531453977
lidar,1787199850587795325
esp32,1787199850631605587
lidar,1787199850687493274
esp32,1787199850731875724
lidar,1787199850787571453
esp32,1787199850831394756
lidar,1787199850887053755
esp32,1787199850931384849
lidar,1787199850986877141
esp32,1787199851031395344
lidar,1787199851086622654
esp32,1787199851131543502
lidar,1787199851186171099
esp32,1787199851231455407
lidar,1787199851286189095
esp32,1787199851331459383
lidar,1787199851386052683
esp32,1787199851431415585
lidar,1787199851486312246
esp32,1787199851531366496
lidar,1787199851586077252
esp32,1787199851631474953
lidar,1787199851685862856
esp32,1787199851730809961
lidar,1787199851784993435
esp32,1787199851830775006
lidar,1787199851884760516
esp32,1787199851930941553
lidar,1787199851984410931
esp32,1787199852030803248
lidar,1787199852084528124
esp32,1787199852131457655
lidar,1787199852184424584
esp32,1787199852231781510
lidar,1787199852283865443
esp32,1787199852331512453
lidar,1787199852383721147
esp32,1787199852431497090
lidar,1787199852483312200
esp32,1787199852531430318
lidar,1787199852583166303
esp32,1787199852631347088
lidar,1787199852683141659
esp32,1787199852731480152
lidar,1787199852783090320
esp32,1787199852831383087
lidar,1787199852882855065
esp32,1787199852931584602
lidar,1787199852983070672
esp32,1787199853031491241
lidar,1787199853082655146
esp32,1787199853131399650
lidar,1787199853182962429
esp32,1787199853231579029
lidar,1787199853282866904
esp32,1787199853331353523
lidar,1787199853382437081
esp32,1787199853431469172
lidar,1787199853482211717
esp32,1787199853531552044
lidar,1787199853582284168
esp32,1787199853631612587
lidar,1787199853682541783
esp32,1787199853730758966
lidar,1787199853781797887
esp32,1787199853831223633
lidar,1787199853881698222
esp32,1787199853931547292
lidar,1787199853981517353
esp32,1787199854031513391
lidar,1787199854081328963
esp32,1787199854131507743
lidar,1787199854181431931
esp32,1787199854231610368
lidar,1787199854281207908
esp32,1787199854331492009
lidar,1787199854381023300
esp32,1787199854431413683
lidar,1787199854480809632
esp32,1787199854531385143
lidar,1787199854580521840
esp32,1787199854631436454
lidar,1787199854680530505
esp32,1787199854731523065
lidar,1787199854779801784
esp32,1787199854831461197
lidar,1787199854879407923
esp32,1787199854931391756
lidar,1787199854979330670
esp32,1787199855031341045
lidar,1787199855079699923
esp32,1787199855131378738
lidar,1787199855179683265
esp32,1787199855231507016
lidar,1787199855279550176
esp32,1787199855331430737
lidar,1787199855379220916
esp32,1787199855431432420
lidar,1787199855478979967
esp32,1787199855531479896
lidar,1787199855578955116
esp32,1787199855631586760
lidar,1787199855679093416
esp32,1787199855731555723
lidar,1787199855778321110
esp32,1787199855831567969
lidar,1787199855878734928
esp32,1787199855931580657
lidar,1787199855978661567
esp32,1787199856031557989
lidar,1787199856078224782
esp32,1787199856131602794
lidar,1787199856177917164
esp32,1787199856231593760
lidar,1787199856277666685
esp32,1787199856331565459
lidar,1787199856377843953
esp32,1787199856431622462
lidar,1787199856477588211
esp32,1787199856551913572
lidar,1787199856577633727
esp32,1787199856631549671
lidar,1787199856677475506
esp32,1787199856731510223
lidar,1787199856777723186
esp32,1787199856831530358
lidar,1787199856877638933
esp32,1787199856931761216
lidar,1787199856977395636
esp32,1787199857031616441
lidar,1787199857077170456
esp32,1787199857131596308
lidar,1787199857176887885
esp32,1787199857231520259
lidar,1787199857276637320
esp32,1787199857331593188
lidar,1787199857376195985
esp32,1787199857431461386
lidar,1787199857476051858
esp32,1787199857531461419
lidar,1787199857576045165
esp32,1787199857631537054
lidar,1787199857675806100
esp32,1787199857731359100
lidar,1787199857775517153
esp32,1787199857831494470
lidar,1787199857875026073
esp32,1787199857931470773
lidar,1787199857975170262
esp32,1787199858031585317
lidar,1787199858074570324
esp32,1787199858131485767
lidar,1787199858173963943
esp32,1787199858231679602
lidar,1787199858274060176
esp32,1787199858331516180
lidar,1787199858373939752
esp32,1787199858431492504
lidar,1787199858473345726
esp32,1787199858531566365
lidar,1787199858573153085
esp32,1787199858631464827
lidar,1787199858673347000
esp32,1787199858731669154
lidar,1787199858774070860
esp32,1787199858831457180
lidar,1787199858874246824
esp32,1787199858931488048
lidar,1787199858974464037
esp32,1787199859031558878
lidar,1787199859075086070
esp32,1787199859131618591
lidar,1787199859175887063
esp32,1787199859231838662
lidar,1787199859276146854
esp32,1787199859331520390
lidar,1787199859376323259
esp32,1787199859431793588
lidar,1787199859476638421
esp32,1787199859531530626
lidar,1787199859576393449
esp32,1787199859631384561
lidar,1787199859676221953
esp32,1787199859731335100
lidar,1787199859775791640
esp32,1787199859830712914
lidar,1787199859875545819
esp32,1787199859931351151
lidar,1787199859974976124
esp32,1787199860031296229
lidar,1787199860074608497
esp32,1787199860131412584
lidar,1787199860174459926
esp32,1787199860231735554
lidar,1787199860274181383
esp32,1787199860331445129
lidar,1787199860374177380
esp32,1787199860431486268
lidar,1787199860473646691
esp32,1787199860531437462
lidar,1787199860573212197
esp32,1787199860631406921
lidar,1787199860672934369
esp32,1787199860731581662
lidar,1787199860773268977
esp32,1787199860831461099
lidar,1787199860873548659
esp32,1787199860931490298
lidar,1787199860974078168
esp32,1787199861031424090
lidar,1787199861074716627
esp32,1787199861131480607
lidar,1787199861175454275
esp32,1787199861231796023
lidar,1787199861275861784
esp32,1787199861331480132
lidar,1787199861376750063
esp32,1787199861431608915
lidar,1787199861477011759
esp32,1787199861531486932
lidar,1787199861577505190
esp32,1787199861631784873
lidar,1787199861677813034
esp32,1787199861730759957
lidar,1787199861777804094
esp32,1787199861830763647
lidar,1787199861877855162
esp32,1787199861930916472
lidar,1787199861977555416
esp32,1787199862030836306
lidar,1787199862078159728
esp32,1787199862131613837
lidar,1787199862177722515
esp32,1787199862231733496
lidar,1787199862277459385
esp32,1787199862331375328
lidar,1787199862377080901
esp32,1787199862431475793
lidar,1787199862477029265
esp32,1787199862531446854
lidar,1787199862576561797
esp32,1787199862631453599
lidar,1787199862675937750
esp32,1787199862731601580
lidar,1787199862775615836
esp32,1787199862831427757
lidar,1787199862874788646
esp32,1787199862931392588
lidar,1787199862973843758
esp32,1787199863031655865
lidar,1787199863073961059
esp32,1787199863131569244
lidar,1787199863173692886
esp32,1787199863232190039
lidar,1787199863273944444
esp32,1787199863331459830
lidar,1787199863374443809
esp32,1787199863431626761
lidar,1787199863474973832
esp32,1787199863531556979
lidar,1787199863575649191
esp32,1787199863631548922
lidar,1787199863675836170
esp32,1787199863731613338
lidar,1787199863775838539
esp32,1787199863831717922
lidar,1787199863875394715
esp32,1787199863931549024
lidar,1787199863976386383
esp32,1787199864031351536
lidar,1787199864076647539
esp32,1787199864131611467
lidar,1787199864176432008
esp32,1787199864231852169
lidar,1787199864276269486
esp32,1787199864331419024
lidar,1787199864376273209
esp32,1787199864431503894
lidar,1787199864475892024
esp32,1787199864531452394
lidar,1787199864575413266
esp32,1787199864631463167
lidar,1787199864675283184
esp32,1787199864731461661
lidar,1787199864774666174
esp32,1787199864831425449
lidar,1787199864874837786
esp32,1787199864931578685
lidar,1787199864974492096
esp32,1787199865031601903
lidar,1787199865074256616
esp32,1787199865131527221
lidar,1787199865174004149
esp32,1787199865231754142
lidar,1787199865274154124
esp32,1787199865331451463
lidar,1787199865374037956
esp32,1787199865431535249
lidar,1787199865474142265
esp32,1787199865531583006
lidar,1787199865573660804
esp32,1787199865631462199
lidar,1787199865673375864
esp32,1787199865731493214
lidar,1787199865773137080
esp32,1787199865831476879
lidar,1787199865872385836
esp32,1787199865931290043
lidar,1787199865972033753
esp32,1787199866031503667
lidar,1787199866071698464
esp32,1787199866131470684
lidar,1787199866170946849
esp32,1787199866231445859
lidar,1787199866270758567
esp32,1787199866331574843
lidar,1787199866370669576
esp32,1787199866431609141
lidar,1787199866470303585
esp32,1787199866531733445
lidar,1787199866570377732
esp32,1787199866631706626
lidar,1787199866671038228
esp32,1787199866731654639
lidar,1787199866771109531
esp32,1787199866831552833
lidar,1787199866871302936
esp32,1787199866931670836
lidar,1787199866971404327
esp32,1787199867031585645
lidar,1787199867072163435
esp32,1787199867131559956
lidar,1787199867172692077
esp32,1787199867231605534
lidar,1787199867273145560
esp32,1787199867331538699
lidar,1787199867373164783
esp32,1787199867431459205
lidar,1787199867473234666
esp32,1787199867531641764
lidar,1787199867573300636
esp32,1787199867631499234
lidar,1787199867672804674
esp32,1787199867731521393
lidar,1787199867772446653
esp32,1787199867831540094
lidar,1787199867871907529
esp32,1787199867930805206
lidar,1787199867971393990
esp32,1787199868031572652
lidar,1787199868071215723
esp32,1787199868131306486
lidar,1787199868171071121
esp32,1787199868231633292
lidar,1787199868270629700
esp32,1787199868331453724
lidar,1787199868370656275
esp32,1787199868431674759
lidar,1787199868470483840
esp32,1787199868531464928
lidar,1787199868570249662
esp32,1787199868631406551
lidar,1787199868669792678
esp32,1787199868731567301
lidar,1787199868769730285
esp32,1787199868831408238
lidar,1787199868869436595
esp32,1787199868931639711
lidar,1787199868969486586
esp32,1787199869031569385
lidar,1787199869068854172
esp32,1787199869131608093
lidar,1787199869168560649
esp32,1787199869231716560
lidar,1787199869268253854
esp32,1787199869331556033
lidar,1787199869368398881
esp32,1787199869431556453
lidar,1787199869468236068
esp32,1787199869531615389
lidar,1787199869568501297
esp32,1787199869631566007
lidar,1787199869668888811
esp32,1787199869731602101
lidar,1787199869769441601
esp32,1787199869831422205
lidar,1787199869869962625
esp32,1787199869931492819
lidar,1787199869970332234
esp32,1787199870031514344
lidar,1787199870070626749
esp32,1787199870131454906
lidar,1787199870171161356
esp32,1787199870231543930
lidar,1787199870271157017
esp32,1787199870331602505
lidar,1787199870371066379
esp32,1787199870431575252
lidar,1787199870471054825
esp32,1787199870531602819
lidar,1787199870570506688
esp32,1787199870631598051
lidar,1787199870670430560
esp32,1787199870731592782
lidar,1787199870770355609
esp32,1787199870831476291
lidar,1787199870869921630
esp32,1787199870931506087
lidar,1787199870969789020
esp32,1787199871031648638
lidar,1787199871069334115
esp32,1787199871131673168
lidar,1787199871168792788
esp32,1787199871231708896
lidar,1787199871268697403
esp32,1787199871331555009
lidar,1787199871368415689
esp32,1787199871431527544
lidar,1787199871467991298
esp32,1787199871531567067
lidar,1787199871567794102
esp32,1787199871631702850
lidar,1787199871667728214
esp32,1787199871730788872
lidar,1787199871767146603
esp32,1787199871830798319
lidar,1787199871867030735
esp32,1787199871930792328
lidar,1787199871966626662
esp32,1787199872030825478
lidar,1787199872067330283
esp32,1787199872131619421
lidar,1787199872167329348
esp32,1787199872231385474
lidar,1787199872267058310
esp32,1787199872331359534
lidar,1787199872366731163
esp32,1787199872431410187
lidar,1787199872466589147
esp32,1787199872531317764
lidar,1787199872566298548
esp32,1787199872631331274
lidar,1787199872666219547
esp32,1787199872731447204
lidar,1787199872765505082
esp32,1787199872831343410
lidar,1787199872865880161
esp32,1787199872931351618
lidar,1787199872965525338
esp32,1787199873031488943
lidar,1787199873065269966
esp32,1787199873131476117
lidar,1787199873164942140
esp32,1787199873231576648
lidar,1787199873264199933
esp32,1787199873331363728
lidar,1787199873363966435
esp32,1787199873431391395
lidar,1787199873463704939
esp32,1787199873531479839
lidar,1787199873563551411
esp32,1787199873631384905
lidar,1787199873663190853
esp32,1787199873731387650
lidar,1787199873763445230
esp32,1787199873831426123
lidar,1787199873863846867
esp32,1787199873931432431
lidar,1787199873964307579
esp32,1787199874031347548
lidar,1787199874064875312
esp32,1787199874131429801
lidar,1787199874165406849
esp32,1787199874231369695
lidar,1787199874265910984
esp32,1787199874331421602
lidar,1787199874366208766
esp32,1787199874430819512
lidar,1787199874466730436
esp32,1787199874531437396
lidar,1787199874567068822
esp32,1787199874631445580
lidar,1787199874667657889
esp32,1787199874731453698
lidar,1787199874768021879
esp32,1787199874831284849
lidar,1787199874868281749
esp32,1787199874931385835
lidar,1787199874968081835
esp32,1787199875031244071
lidar,1787199875068035084
esp32,1787199875131340065
lidar,1787199875168181515
esp32,1787199875231402235
lidar,1787199875267866259
esp32,1787199875331406473
lidar,1787199875367493871
esp32,1787199875431395646
lidar,1787199875467517552
esp32,1787199875531472467
lidar,1787199875567199497
esp32,1787199875631489124
lidar,1787199875666794808
esp32,1787199875731348755
lidar,1787199875766757500
esp32,1787199875831459122
lidar,1787199875866555678
esp32,1787199875931549708
lidar,1787199875965915540
esp32,1787199876030806488
lidar,1787199876065580080
esp32,1787199876131193002
lidar,1787199876165939839
esp32,1787199876231586447
lidar,1787199876266032991
esp32,1787199876331575632
lidar,1787199876365972485
esp32,1787199876431436081
lidar,1787199876465592726
esp32,1787199876531601932
lidar,1787199876565549463
esp32,1787199876631430360
lidar,1787199876665430011
esp32,1787199876731487466
lidar,1787199876765316007
esp32,1787199876831534714
lidar,1787199876865146867
esp32,1787199876931449308
lidar,1787199876965073568
esp32,1787199877031621662
lidar,1787199877064820445
esp32,1787199877131414114
lidar,1787199877164634949
esp32,1787199877231627307
lidar,1787199877264299996
esp32,1787199877331528937
lidar,1787199877364240063
esp32,1787199877431547677
lidar,1787199877463980996
esp32,1787199877531771065
lidar,1787199877563782975
esp32,1787199877631552728
lidar,1787199877663773144
esp32,1787199877731530287
lidar,1787199877763573830
esp32,1787199877831659898
lidar,1787199877863381199
esp32,1787199877931528896
lidar,1787199877963423879
esp32,1787199878030917177
lidar,1787199878062724910
esp32,1787199878131546775
lidar,1787199878162860717
esp32,1787199878231582442
lidar,1787199878262877066
esp32,1787199878331434916
lidar,1787199878362335515
esp32,1787199878431569570
lidar,1787199878462073274
esp32,1787199878531474861
lidar,1787199878562169754
esp32,1787199878631520652
lidar,1787199878662087128
esp32,1787199878731480771
lidar,1787199878761997987
esp32,1787199878831541973
lidar,1787199878861957262
esp32,1787199878931441580
lidar,1787199878961611236
esp32,1787199879031677262
lidar,1787199879061390764
esp32,1787199879131463534
lidar,1787199879160879327
esp32,1787199879231622039
lidar,1787199879260881332
esp32,1787199879331551553
lidar,1787199879360274575
esp32,1787199879431682610
lidar,1787199879460090410
esp32,1787199879531621664
lidar,1787199879559834533
esp32,1787199879631571375
lidar,1787199879659490355
esp32,1787199879731427423
lidar,1787199879758931133
esp32,1787199879831293436
lidar,1787199879858855999
esp32,1787199879931675376
lidar,1787199879958852491
esp32,1787199880031527267
lidar,1787199880058195619
esp32,1787199880131477000
lidar,1787199880158308870
esp32,1787199880231366695
lidar,1787199880258284431
esp32,1787199880331535943
lidar,1787199880358964062
esp32,1787199880431526638
lidar,1787199880459043905
esp32,1787199880531439487
lidar,1787199880559248725
esp32,1787199880631491346
lidar,1787199880659735891
esp32,1787199880731545998
lidar,1787199880760335781
esp32,1787199880831593052
lidar,1787199880860847401
esp32,1787199880931451893
lidar,1787199880960210766
esp32,1787199881031584504
lidar,1787199881059708582
esp32,1787199881131442337
lidar,1787199881160130459
esp32,1787199881231291383
lidar,1787199881259708953
esp32,1787199881331450062
lidar,1787199881359318719
esp32,1787199881431244040
lidar,1787199881458269062
esp32,1787199881531418435
lidar,1787199881558502700
esp32,1787199881631396647
lidar,1787199881657927800
esp32,1787199881730858228
lidar,1787199881756876492
esp32,1787199881831613895
lidar,1787199881857263916
esp32,1787199881931461429
lidar,1787199881956748876
esp32,1787199882031475565
lidar,1787199882056253149
esp32,1787199882131339822
lidar,1787199882156415563
esp32,1787199882231436083
lidar,1787199882255863170
esp32,1787199882331520175
lidar,1787199882355932258
esp32,1787199882431521264
lidar,1787199882455471950
esp32,1787199882531468187
lidar,1787199882556085686
esp32,1787199882631514635
lidar,1787199882655960591
esp32,1787199882731521666
lidar,1787199882756425239
esp32,1787199882831395324
lidar,1787199882856952199
esp32,1787199882931522089
lidar,1787199882957272860
esp32,1787199883031534744
lidar,1787199883058007700
esp32,1787199883131583603
lidar,1787199883157965512
esp32,1787199883231467895
lidar,1787199883257937580
esp32,1787199883331462556
lidar,1787199883358118805
esp32,1787199883431522892
lidar,1787199883457995102
esp32,1787199883531495966
lidar,1787199883557810930
esp32,1787199883631546273
lidar,1787199883657983672
esp32,1787199883731540622
lidar,1787199883758032230
esp32,1787199883831505335
lidar,1787199883857381585
esp32,1787199883931381565
lidar,1787199883957436726
esp32,1787199884031324487
lidar,1787199884057167125
esp32,1787199884131195880
lidar,1787199884156859321
esp32,1787199884231523531
lidar,1787199884256511483
esp32,1787199884331369290
lidar,1787199884356574626
esp32,1787199884431420478
lidar,1787199884456277553
esp32,1787199884531420699
lidar,1787199884556115883
esp32,1787199884631395628
lidar,1787199884655645654
esp32,1787199884731593963
lidar,1787199884755956010
esp32,1787199884831589079
lidar,1787199884855560094
esp32,1787199884931493077
lidar,1787199884955324671
esp32,1787199885031531478
lidar,1787199885054704995
esp32,1787199885131522063
lidar,1787199885154327925
esp32,1787199885231799735
lidar,1787199885254330843
esp32,1787199885331427931
lidar,1787199885353991550
esp32,1787199885431527983
lidar,1787199885453433687
esp32,1787199885531485352
lidar,1787199885553490761
esp32,1787199885631596901
lidar,1787199885653534624
esp32,1787199885731364134
lidar,1787199885753504944
esp32,1787199885831500407
lidar,1787199885853567413
esp32,1787199885931747335
lidar,1787199885953914898
esp32,1787199886030925626
lidar,1787199886053601048
esp32,1787199886130803371
lidar,1787199886153911193
esp32,1787199886230788922
lidar,1787199886254757728
esp32,1787199886330868509
lidar,1787199886355002344
esp32,1787199886431451501
lidar,1787199886456459329
esp32,1787199886531456182
lidar,1787199886556926652
esp32,1787199886631442240
lidar,1787199886656996259
esp32,1787199886731397406
lidar,1787199886757021735
esp32,1787199886831559139
lidar,1787199886856947936
esp32,1787199886931527961
lidar,1787199886956710833
esp32,1787199887031410574
lidar,1787199887056699784
esp32,1787199887131084780
lidar,1787199887156143905
esp32,1787199887231349350
lidar,1787199887255950601
esp32,1787199887331355149
lidar,1787199887356153581
esp32,1787199887431459732
lidar,1787199887455465544
esp32,1787199887531329400
lidar,1787199887554816521
esp32,1787199887631361381
lidar,1787199887654748491
esp32,1787199887731493169
lidar,1787199887754612445
esp32,1787199887831376188
lidar,1787199887854525641
esp32,1787199887931442038
lidar,1787199887954567027
esp32,1787199888031462752
lidar,1787199888054565670
esp32,1787199888131493085
lidar,1787199888154149361
esp32,1787199888231295288
lidar,1787199888253950540
esp32,1787199888331409196
lidar,1787199888353157392
esp32,1787199888430910193
lidar,1787199888452391644
esp32,1787199888530859602
lidar,1787199888552182876
esp32,1787199888630919972
lidar,1787199888652148339
esp32,1787199888731400579
lidar,1787199888751975201
esp32,1787199888831393555
lidar,1787199888851784691
esp32,1787199888931360452
lidar,1787199888951266210
esp32,1787199889031475501
lidar,1787199889051228568
esp32,1787199889131460221
lidar,1787199889151042708
esp32,1787199889231584307
lidar,1787199889250800938
esp32,1787199889331579631
lidar,1787199889350624412
esp32,1787199889431533170
lidar,1787199889450151626
esp32,1787199889531510364
lidar,1787199889551129967
esp32,1787199889631679816
lidar,1787199889651488538
esp32,1787199889731569768
lidar,1787199889752090165
esp32,1787199889831640822
lidar,1787199889852292083
esp32,1787199889931563295
lidar,1787199889952580659
esp32,1787199890031491571
lidar,1787199890053614762
esp32,1787199890131495061
lidar,1787199890154008860
esp32,1787199890231118919
lidar,1787199890253931094
esp32,1787199890331384029
lidar,1787199890354065061
esp32,1787199890431589661
lidar,1787199890453972533
esp32,1787199890531553637
lidar,1787199890553661966
esp32,1787199890630863818
lidar,1787199890653619236
esp32,1787199890731516981
lidar,1787199890753017103
esp32,1787199890831610378
lidar,1787199890852618842
esp32,1787199890931828269
lidar,1787199890952562799
esp32,1787199891031583814
lidar,1787199891052822677
esp32,1787199891131774601
lidar,1787199891152129369
esp32,1787199891231525541
lidar,1787199891252014187
esp32,1787199891331491528
lidar,1787199891351980653
esp32,1787199891431518441
lidar,1787199891451658156
esp32,1787199891531687854
lidar,1787199891551508204
esp32,1787199891631603968
lidar,1787199891651169594
esp32,1787199891731600399
lidar,1787199891750964424
esp32,1787199891831530850
lidar,1787199891850208122
esp32,1787199891931491461
lidar,1787199891949846291
esp32,1787199892031443227
lidar,1787199892049604896
esp32,1787199892131430030
lidar,1787199892149396935
esp32,1787199892231678554
lidar,1787199892249488223
esp32,1787199892331513151
lidar,1787199892350343597
esp32,1787199892431400163
lidar,1787199892450993305
esp32,1787199892531708381
lidar,1787199892551831648
esp32,1787199892651993228
lidar,1787199892653001465
esp32,1787199892731478539
lidar,1787199892752622801
esp32,1787199892851848713
lidar,1787199892852962795
esp32,1787199892951793744
lidar,1787199892953097690
esp32,1787199893031551416
lidar,1787199893053980252
esp32,1787199893131546516
lidar,1787199893153808710
esp32,1787199893231460086
lidar,1787199893253681080
esp32,1787199893331894716
lidar,1787199893353356056
esp32,1787199893431693163
lidar,1787199893453615384
esp32,1787199893531583026
lidar,1787199893552845570
esp32,1787199893631599182
lidar,1787199893652603706
esp32,1787199893731467267
lidar,1787199893752064660
esp32,1787199893831522683
lidar,1787199893851822783
esp32,1787199893931302157
lidar,1787199893951333836
esp32,1787199894031785149
lidar,1787199894051503487
esp32,1787199894131481924
lidar,1787199894151074586
esp32,1787199894231565880
lidar,1787199894250610415
esp32,1787199894331568576
lidar,1787199894350323323
esp32,1787199894431524518
lidar,1787199894449923425
esp32,1787199894531622647
lidar,1787199894550422581
esp32,1787199894631473305
lidar,1787199894650655394
esp32,1787199894731469511
lidar,1787199894751080345
esp32,1787199894831518415
lidar,1787199894851560544
esp32,1787199894931499324
lidar,1787199894951879606
esp32,1787199895031526519
lidar,1787199895052351857
esp32,1787199895131344977
lidar,1787199895152835052
esp32,1787199895231617247
lidar,1787199895253172508
esp32,1787199895331425932
lidar,1787199895353093120
esp32,1787199895431361260
lidar,1787199895452811982
esp32,1787199895531438599
lidar,1787199895552796979
esp32,1787199895631614943
lidar,1787199895652351195
esp32,1787199895731402152
lidar,1787199895751790948
esp32,1787199895831476945
lidar,1787199895851591817
esp32,1787199895931426608
lidar,1787199895951298386
esp32,1787199896031451181
lidar,1787199896051165647
esp32,1787199896131463890
lidar,1787199896151067689
esp32,1787199896231544293
lidar,1787199896250733630
esp32,1787199896331334917
lidar,1787199896350485766
esp32,1787199896431609034
lidar,1787199896450213435
esp32,1787199896531568524
lidar,1787199896549924058
esp32,1787199896631484614
lidar,1787199896649935551
esp32,1787199896731708579
lidar,1787199896749679117
esp32,1787199896831635960
lidar,1787199896849698178
esp32,1787199896931599300
lidar,1787199896950522089
esp32,1787199897031348812
lidar,1787199897050570728
lidar,1787199897151386211
esp32,1787199897152267305
esp32,1787199897231387271
lidar,1787199897251554551
esp32,1787199897331409410
lidar,1787199897352225153
esp32,1787199897431387114
lidar,1787199897452434998
esp32,1787199897531489008
lidar,1787199897553031978
esp32,1787199897631682825
lidar,1787199897652687767
esp32,1787199897731677190
lidar,1787199897752603179
esp32,1787199897831403819
lidar,1787199897852283846
esp32,1787199897931431167
lidar,1787199897951680104
esp32,1787199898031420264
lidar,1787199898051341923
esp32,1787199898131428927
lidar,1787199898150942838
esp32,1787199898231382568
lidar,1787199898250205617
esp32,1787199898331008102
lidar,1787199898350186485
esp32,1787199898431411609
lidar,1787199898449812277
lidar,1787199898550027271
esp32,1787199898551590361
lidar,1787199898650030306
esp32,1787199898651920656
esp32,1787199898730876008
lidar,1787199898749987678
esp32,1787199898831105953
lidar,1787199898850548924
esp32,1787199898930899091
lidar,1787199898950887226
esp32,1787199899030974064
lidar,1787199899051965793
esp32,1787199899131381717
lidar,1787199899152700812
esp32,1787199899231476331
lidar,1787199899253138681
esp32,1787199899331348222
lidar,1787199899353218794
esp32,1787199899431413873
lidar,1787199899453438565
esp32,1787199899531402220
lidar,1787199899552732913
esp32,1787199899631528285
lidar,1787199899652113656
esp32,1787199899731405749
lidar,1787199899752333168
esp32,1787199899831703105
lidar,1787199899851904089
esp32,1787199899931469642
lidar,1787199899951608655
esp32,1787199900031489202
lidar,1787199900051572654
esp32,1787199900131449097
lidar,1787199900150984970
esp32,1787199900231434132
lidar,1787199900250622582
esp32,1787199900331443514
lidar,1787199900350008266
esp32,1787199900431724447
lidar,1787199900449966280
esp32,1787199900531574692
lidar,1787199900550203143
esp32,1787199900631645954
lidar,1787199900650072452
esp32,1787199900731539282
lidar,1787199900750709238
esp32,1787199900830821707
lidar,1787199900850389745
esp32,1787199900931442745
lidar,1787199900950682650
esp32,1787199901031170215
lidar,1787199901051029273
esp32,1787199901131541396
lidar,1787199901151878598
esp32,1787199901231694221
lidar,1787199901252054746
esp32,1787199901331601773
lidar,1787199901352842490
esp32,1787199901431579913
lidar,1787199901452844952
esp32,1787199901531740431
lidar,1787199901552387939
esp32,1787199901631560624
lidar,1787199901652411501
esp32,1787199901731561502
lidar,1787199901752149842
esp32,1787199901831655736
lidar,1787199901851946276
esp32,1787199901931385095
lidar,1787199901951761225
esp32,1787199902031468128
lidar,1787199902051250939
esp32,1787199902131604442
lidar,1787199902151246727
esp32,1787199902231509770
lidar,1787199902250668048
esp32,1787199902331484952
lidar,1787199902350448677
lidar,1787199902449937699
esp32,1787199902451713222
esp32,1787199902531445766
lidar,1787199902549652274
lidar,1787199902649066333
esp32,1787199902651668795
lidar,1787199902748670541
esp32,1787199902751576775
esp32,1787199902831553919
lidar,1787199902848533564
esp32,1787199902931412270
lidar,1787199902948090565
esp32,1787199903031583983
lidar,1787199903047989954
esp32,1787199903131419655
lidar,1787199903147678183
esp32,1787199903231587899
lidar,1787199903247404658
esp32,1787199903331326317
lidar,1787199903346980156
lidar,1787199903447434196
esp32,1787199903451590718
esp32,1787199903531498906
lidar,1787199903547907249
esp32,1787199903631573609
lidar,1787199903648077225
esp32,1787199903731528829
lidar,1787199903748876214
esp32,1787199903831542453
lidar,1787199903849334866
esp32,1787199903931352068
lidar,1787199903950195099
lidar,1787199904050743081
esp32,1787199904051890181
esp32,1787199904131399417
lidar,1787199904150563995
esp32,1787199904231547587
lidar,1787199904250448566
lidar,1787199904350378810
esp32,1787199904371865529
esp32,1787199904431433740
lidar,1787199904449999496
esp32,1787199904531507908
lidar,1787199904549833601
esp32,1787199904631600160
lidar,1787199904649688032
esp32,1787199904731415941
lidar,1787199904749282405
esp32,1787199904831497009
lidar,1787199904848955125
esp32,1787199904931545188
lidar,1787199904948560528
esp32,1787199905031525743
lidar,1787199905048499977
esp32,1787199905131360205
lidar,1787199905148027410
esp32,1787199905231471718
lidar,1787199905247382667
esp32,1787199905331490967
lidar,1787199905347580977
esp32,1787199905431605440
lidar,1787199905447187671
esp32,1787199905531446192
lidar,1787199905546822017
lidar,1787199905646288622
esp32,1787199905651720808
esp32,1787199905751660172
esp32,1787199905831522012
lidar,1787199905845669449
esp32,1787199905931645976
lidar,1787199905944918017
esp32,1787199906031516595
lidar,1787199906044554721
esp32,1787199906131374618
lidar,1787199906144190581
esp32,1787199906231390544
lidar,1787199906244776990
esp32,1787199906331443038
lidar,1787199906344926433
esp32,1787199906431555610
lidar,1787199906445448956
esp32,1787199906530899426
lidar,1787199906545523035
esp32,1787199906631519016
lidar,1787199906645623942
esp32,1787199906730821099
lidar,1787199906745866917
esp32,1787199906830763383
lidar,1787199906846067311
esp32,1787199906930867551
lidar,1787199906945917066
esp32,1787199907030839747
lidar,1787199907045533241
esp32,1787199907130807135
lidar,1787199907145609611
lidar,1787199907245305901
esp32,1787199907250961134
esp32,1787199907331464029
lidar,1787199907345078434
esp32,1787199907431421918
lidar,1787199907444935240
esp32,1787199907530889245
lidar,1787199907544694133
esp32,1787199907631483575
lidar,1787199907644519821
esp32,1787199907731401035
lidar,1787199907744341564
esp32,1787199907831331354
lidar,1787199907844042090
esp32,1787199907931449914
lidar,1787199907943913298
esp32,1787199908031460026
lidar,1787199908043009531
esp32,1787199908131573359
lidar,1787199908142727444
esp32,1787199908231333935
lidar,1787199908241567117
esp32,1787199908331375875
lidar,1787199908341898911
esp32,1787199908431511681
lidar,1787199908441050371
esp32,1787199908531415777
lidar,1787199908541420452
esp32,1787199908631565239
lidar,1787199908640942150
esp32,1787199908730862479
lidar,1787199908740743323
esp32,1787199908831191136
lidar,1787199908841176865
esp32,1787199908930876105
lidar,1787199908941647194
esp32,1787199909030912505
lidar,1787199909042170815
esp32,1787199909131554941
lidar,1787199909143112186
esp32,1787199909231407144
lidar,1787199909243121142
esp32,1787199909331599105
lidar,1787199909343652325
esp32,1787199909431571108
lidar,1787199909443546112
esp32,1787199909531411085
lidar,1787199909543300638
esp32,1787199909631397792
lidar,1787199909642958848
esp32,1787199909731393783
lidar,1787199909742698860
esp32,1787199909831272004
lidar,1787199909841532753
lidar,1787199909941639738
esp32,1787199909951470433
esp32,1787199910031600687
lidar,1787199910041048199
esp32,1787199910131520639
lidar,1787199910140694576
esp32,1787199910231446468
lidar,1787199910240665605
esp32,1787199910331604258
lidar,1787199910340857435
esp32,1787199910431468560
lidar,1787199910440849993
esp32,1787199910530960359
lidar,1787199910540684688
esp32,1787199910631490041
lidar,1787199910640715112
esp32,1787199910731491613
lidar,1787199910740448436
esp32,1787199910831520945
lidar,1787199910840402929
lidar,1787199910940755559
esp32,1787199910951726831
esp32,1787199911031602320
lidar,1787199911040719336
lidar,1787199911140427115
esp32,1787199911151690660
esp32,1787199911231139732
lidar,1787199911239636118
esp32,1787199911331265750
lidar,1787199911339649282
esp32,1787199911431576909
lidar,1787199911439172812
esp32,1787199911531604375
lidar,1787199911538757392
esp32,1787199911631542347
lidar,1787199911638469944
esp32,1787199911731466361
lidar,1787199911738230948
esp32,1787199911831543174
lidar,1787199911837999730
esp32,1787199911931545994
lidar,1787199911937922114
esp32,1787199912031558215
lidar,1787199912037314181
esp32,1787199912131673915
lidar,1787199912136921131
esp32,1787199912231169686
lidar,1787199912236708610
esp32,1787199912331717367
lidar,1787199912336339553
esp32,1787199912431649189
lidar,1787199912435934514
esp32,1787199912531716905
lidar,1787199912536035972
esp32,1787199912631824444
lidar,1787199912635940409
esp32,1787199912731652352
lidar,1787199912735573837
esp32,1787199912831765601
lidar,1787199912835758110
esp32,1787199912931528809
lidar,1787199912935758817
esp32,1787199913031555019
lidar,1787199913035977348
esp32,1787199913131623208
lidar,1787199913136292108
esp32,1787199913231500712
lidar,1787199913236858142
esp32,1787199913331374168
lidar,1787199913337114426
esp32,1787199913431508497
lidar,1787199913437333945
esp32,1787199913531463632
lidar,1787199913537921535
esp32,1787199913631134368
lidar,1787199913638727759
esp32,1787199913731329989
lidar,1787199913739035153
lidar,1787199913839056533
esp32,1787199913851729742
esp32,1787199913931530518
lidar,1787199913938535503
esp32,1787199914031529268
lidar,1787199914038819581
lidar,1787199914138309185
esp32,1787199914151325507
lidar,1787199914238310736
esp32,1787199914251833340
lidar,1787199914338230413
esp32,1787199914351722014
lidar,1787199914437842651
esp32,1787199914451500964
esp32,1787199914531371378
lidar,1787199914537147333
esp32,1787199914631361867
lidar,1787199914636712721
esp32,1787199914731685707
lidar,1787199914736301415
esp32,1787199914831286373
lidar,1787199914836329100
esp32,1787199914931381881
lidar,1787199914935911191
esp32,1787199915031495360
lidar,1787199915035570007
esp32,1787199915131420173
lidar,1787199915135947428
esp32,1787199915230929325
lidar,1787199915235629130
esp32,1787199915331478612
lidar,1787199915336388480
esp32,1787199915431576660
lidar,1787199915436616567
esp32,1787199915531601435
lidar,1787199915536784799
esp32,1787199915631711085
lidar,1787199915637230660
esp32,1787199915731562574
lidar,1787199915737411459
esp32,1787199915831573514
lidar,1787199915838171672
esp32,1787199915931565804
lidar,1787199915938421131
lidar,1787199916038744645
esp32,1787199916051714409
esp32,1787199916131494999
lidar,1787199916138773243
lidar,1787199916239045669
esp32,1787199916251968420
esp32,1787199916331476602
lidar,1787199916339146061
esp32,1787199916431663265
lidar,1787199916438623971
esp32,1787199916531351354
lidar,1787199916538557307
esp32,1787199916630806462
lidar,1787199916637939647
esp32,1787199916731623640
lidar,1787199916738062258
esp32,1787199916831595658
lidar,1787199916837609869
esp32,1787199916931646222
lidar,1787199916936718806
esp32,1787199917031485879
lidar,1787199917035874896
esp32,1787199917131507805
lidar,1787199917134856900
esp32,1787199917231472383
lidar,1787199917233930282
esp32,1787199917331646069
lidar,1787199917333353627
esp32,1787199917431495712
lidar,1787199917432960170
esp32,1787199917531938435
lidar,1787199917533347760
esp32,1787199917631505848
lidar,1787199917632650468
esp32,1787199917731669705
lidar,1787199917732662749
esp32,1787199917831553891
lidar,1787199917832426734
esp32,1787199917931664907
lidar,1787199917932288314
esp32,1787199918031561184
lidar,1787199918032138436
lidar,1787199918131433552
esp32,1787199918132433450
lidar,1787199918231195442
esp32,1787199918232247905
lidar,1787199918330665829
esp32,1787199918351981267
lidar,1787199918430296062
esp32,1787199918452221295
lidar,1787199918530135469
esp32,1787199918531613973
lidar,1787199918629780300
esp32,1787199918631576865
lidar,1787199918729247804
esp32,1787199918730661916
lidar,1787199918829599495
esp32,1787199918830790036
lidar,1787199918930070683
esp32,1787199918930676704
lidar,1787199919030729806
esp32,1787199919031592684
esp32,1787199919131382044
lidar,1787199919132144910
lidar,1787199919231257118
esp32,1787199919252112017
lidar,1787199919331772554
esp32,1787199919332690734
lidar,1787199919432040996
esp32,1787199919451803954
lidar,1787199919532396424
esp32,1787199919551755945
lidar,1787199919631868669
esp32,1787199919651197806
lidar,1787199919730856385
esp32,1787199919751250932
lidar,1787199919830734194
esp32,1787199919851120964
lidar,1787199919930372669
esp32,1787199919951429746
lidar,1787199920029954559
esp32,1787199920051222650
lidar,1787199920129588878
esp32,1787199920131020219
lidar,1787199920229320163
esp32,1787199920230950722
lidar,1787199920329094286
esp32,1787199920330895908
lidar,1787199920428845826
esp32,1787199920430721140
lidar,1787199920529133301
esp32,1787199920551836363
lidar,1787199920628877970
esp32,1787199920631285078
lidar,1787199920728538253
esp32,1787199920731327110
lidar,1787199920828593764
esp32,1787199920831233958
lidar,1787199920927711925
esp32,1787199920931143224
lidar,1787199921027792405
esp32,1787199921031190232
lidar,1787199921126828672
esp32,1787199921151282636
lidar,1787199921226230790
esp32,1787199921251233125
lidar,1787199921326710158
esp32,1787199921351719463
lidar,1787199921426569158
esp32,1787199921451727638
lidar,1787199921527056542
esp32,1787199921551609175
lidar,1787199921627428130
esp32,1787199921651737397
lidar,1787199921727438919
esp32,1787199921751725282
lidar,1787199921828170273
esp32,1787199921831254611
lidar,1787199921928279977
esp32,1787199921931388627
lidar,1787199922028589967
esp32,1787199922031450867
lidar,1787199922128607131
esp32,1787199922131426316
lidar,1787199922228526849
esp32,1787199922231397972
lidar,1787199922328487958
esp32,1787199922371897138
lidar,1787199922428304608
esp32,1787199922431378003
lidar,1787199922527533122
esp32,1787199922531378029
lidar,1787199922627394951
esp32,1787199922651763787
lidar,1787199922727084675
esp32,1787199922751785363
lidar,1787199922827054375
esp32,1787199922851762606
lidar,1787199922926792146
esp32,1787199922951681400
lidar,1787199923027021066
esp32,1787199923051719060
lidar,1787199923126506819
esp32,1787199923151791763
lidar,1787199923226470109
esp32,1787199923251726284
lidar,1787199923325918070
esp32,1787199923351761029
lidar,1787199923425198475
esp32,1787199923451259183
lidar,1787199923525313233
esp32,1787199923551792898
lidar,1787199923625127613
esp32,1787199923631470615
lidar,1787199923724576492
esp32,1787199923731023904
lidar,1787199923824744122
esp32,1787199923831239027
lidar,1787199923925306431
esp32,1787199923931331409
lidar,1787199924025548177
esp32,1787199924031328238
lidar,1787199924126260979
esp32,1787199924131336524
lidar,1787199924226013931
esp32,1787199924231213227
lidar,1787199924326844293
esp32,1787199924331229777
lidar,1787199924427075908
esp32,1787199924431354923
lidar,1787199924527492709
esp32,1787199924551867343
lidar,1787199924627700334
esp32,1787199924631450852
lidar,1787199924728258123
esp32,1787199924751796525
lidar,1787199924828274833
esp32,1787199924851902340
lidar,1787199924928055143
esp32,1787199924951910514
lidar,1787199925028346216
esp32,1787199925051881645
lidar,1787199925127888519
esp32,1787199925151865470
lidar,1787199925227625280
esp32,1787199925251704870
lidar,1787199925327431983
esp32,1787199925351955058
lidar,1787199925427350914
esp32,1787199925451814341
lidar,1787199925526669864
esp32,1787199925531449861
lidar,1787199925626614739
esp32,1787199925631295219
lidar,1787199925726234249
esp32,1787199925731207286
lidar,1787199925825899733
esp32,1787199925851837204
lidar,1787199925925417987
esp32,1787199925931395249
lidar,1787199926025586418
esp32,1787199926031386643
lidar,1787199926124916167
esp32,1787199926151869593
lidar,1787199926224357072
esp32,1787199926231358952
lidar,1787199926324282292
esp32,1787199926351923749
lidar,1787199926424329881
esp32,1787199926451952203
lidar,1787199926524518126
esp32,1787199926531347764
lidar,1787199926625100275
esp32,1787199926631449406
lidar,1787199926725689615
esp32,1787199926731409600
lidar,1787199926825941447
esp32,1787199926851870103
lidar,1787199926926658568
esp32,1787199926931379804
lidar,1787199927027342905
esp32,1787199927051852455
lidar,1787199927127772524
esp32,1787199927131297407
lidar,1787199927227998793
esp32,1787199927231312932
lidar,1787199927328104870
esp32,1787199927331324682
lidar,1787199927428129206
esp32,1787199927431321833
lidar,1787199927527920054
esp32,1787199927531215461
lidar,1787199927627658863
esp32,1787199927631122718
lidar,1787199927727307457
esp32,1787199927731282474
lidar,1787199927826960126
esp32,1787199927851780457
lidar,1787199927926834045
esp32,1787199927931268761
lidar,1787199928026772796
esp32,1787199928031263497
lidar,1787199928126449069
esp32,1787199928151856100
lidar,1787199928226094269
esp32,1787199928251609481
lidar,1787199928325590893
esp32,1787199928351880340
lidar,1787199928425377416
esp32,1787199928451847538
lidar,1787199928524876508
esp32,1787199928551005630
lidar,1787199928624594950
esp32,1787199928651947022
lidar,1787199928724433101
esp32,1787199928751135844
lidar,1787199928824120440
esp32,1787199928850985952
lidar,1787199928923376946
esp32,1787199928951137384
lidar,1787199929023179126
esp32,1787199929051721443
lidar,1787199929123475598
esp32,1787199929151830456
lidar,1787199929223731153
esp32,1787199929230795726
lidar,1787199929323775751
esp32,1787199929331173045
lidar,1787199929424353729
esp32,1787199929431200134
lidar,1787199929524591168
esp32,1787199929531449308
lidar,1787199929624976293
esp32,1787199929631241764
lidar,1787199929725303232
esp32,1787199929731203227
lidar,1787199929825454230
esp32,1787199929831312752
lidar,1787199929925483407
esp32,1787199929951754686
lidar,1787199930025324826
esp32,1787199930051931123
lidar,1787199930124942313
esp32,1787199930151874141
lidar,1787199930224761454
esp32,1787199930251721878
lidar,1787199930324604538
esp32,1787199930351970541
lidar,1787199930424342681
esp32,1787199930451885545
lidar,1787199930524325533
esp32,1787199930551726772
lidar,1787199930624023377
esp32,1787199930652056799
lidar,1787199930723906324
esp32,1787199930731561090
lidar,1787199930823272484
esp32,1787199930831263079
lidar,1787199930923005234
esp32,1787199930931403854
lidar,1787199931022996450
esp32,1787199931051713848
lidar,1787199931122711625
esp32,1787199931151811530
lidar,1787199931222214363
esp32,1787199931231418633
lidar,1787199931322035817
esp32,1787199931351890022
lidar,1787199931422131328
esp32,1787199931431494776
lidar,1787199931521968670
esp32,1787199931531573708
lidar,1787199931622248436
esp32,1787199931651822211
lidar,1787199931722723528
esp32,1787199931752112714
lidar,1787199931823041241
esp32,1787199931851894657
lidar,1787199931923501091
esp32,1787199931952203320
lidar,1787199932024209296
esp32,1787199932051960393
lidar,1787199932125043009
esp32,1787199932151926747
lidar,1787199932225054345
esp32,1787199932251798893
lidar,1787199932325684009
esp32,1787199932351879930
lidar,1787199932425288216
esp32,1787199932451875570
lidar,1787199932525286056
esp32,1787199932551900490
lidar,1787199932624827843
esp32,1787199932631482615
lidar,1787199932724464911
esp32,1787199932731438541
lidar,1787199932823807600
esp32,1787199932831192701
lidar,1787199932923226560
esp32,1787199932931256304
lidar,1787199933022862423
esp32,1787199933031304327
lidar,1787199933122809034
esp32,1787199933131486790
lidar,1787199933222651987
esp32,1787199933231544082
lidar,1787199933322367269
esp32,1787199933351735082
lidar,1787199933422200859
esp32,1787199933451803951
lidar,1787199933521888350
esp32,1787199933551782829
lidar,1787199933622102359
esp32,1787199933651557483
lidar,1787199933722176355
esp32,1787199933751967999
lidar,1787199933822709950
esp32,1787199933851842397
lidar,1787199933922440949
esp32,1787199933951749754
lidar,1787199934022611890
esp32,1787199934051885736
lidar,1787199934122659866
esp32,1787199934151932723
lidar,1787199934222228672
esp32,1787199934251549114
lidar,1787199934322121966
esp32,1787199934331353937
lidar,1787199934421939309
esp32,1787199934431376589
lidar,1787199934521457214
esp32,1787199934531708713
lidar,1787199934621313633
esp32,1787199934632142042
lidar,1787199934720791747
esp32,1787199934731382489
lidar,1787199934820778059
esp32,1787199934851726606
lidar,1787199934919943080
esp32,1787199934951770048
lidar,1787199935020036050
esp32,1787199935031343132
lidar,1787199935119750413
esp32,1787199935151631255
lidar,1787199935219173801
esp32,1787199935251764494
lidar,1787199935319289412
esp32,1787199935351840955
lidar,1787199935418875043
esp32,1787199935451847675
lidar,1787199935518734464
esp32,1787199935551890559
lidar,1787199935618724295
esp32,1787199935651824887
lidar,1787199935718129116
esp32,1787199935731410241
lidar,1787199935818223967
esp32,1787199935831315590
lidar,1787199935918659487
esp32,1787199935931181745
lidar,1787199936019171346
esp32,1787199936031490560
lidar,1787199936119541415
esp32,1787199936131308514
lidar,1787199936219838324
esp32,1787199936231272383
lidar,1787199936320174628
esp32,1787199936331356734
lidar,1787199936419937331
esp32,1787199936431376936
lidar,1787199936519552692
esp32,1787199936531365081
lidar,1787199936619459043
esp32,1787199936651980980
lidar,1787199936718945246
esp32,1787199936751758824
lidar,1787199936819021982
esp32,1787199936851364170
lidar,1787199936918369997
esp32,1787199936951063341
lidar,1787199937018179055
esp32,1787199937051841012
lidar,1787199937118208719
esp32,1787199937151680847
lidar,1787199937217566342
esp32,1787199937250940263
lidar,1787199937317625645
esp32,1787199937351883807
lidar,1787199937417046575
esp32,1787199937451698227
lidar,1787199937516938769
esp32,1787199937551775299
lidar,1787199937616671923
esp32,1787199937651802574
lidar,1787199937716750576
esp32,1787199937752057685
lidar,1787199937816621678
esp32,1787199937831354701
lidar,1787199937916631466
esp32,1787199937931370493
lidar,1787199938016128630
esp32,1787199938031460573
lidar,1787199938116768901
esp32,1787199938131454487
lidar,1787199938217318943
esp32,1787199938231457535
lidar,1787199938317397255
esp32,1787199938331426513
lidar,1787199938417817091
esp32,1787199938431400385
lidar,1787199938518358430
esp32,1787199938531422125
lidar,1787199938618501369
esp32,1787199938651915822
lidar,1787199938717922817
esp32,1787199938751105275
lidar,1787199938817807770
esp32,1787199938851042916
lidar,1787199938917709404
esp32,1787199938951075953
lidar,1787199939017772827
esp32,1787199939051735705
lidar,1787199939118279194
esp32,1787199939151753022
lidar,1787199939218147063
esp32,1787199939251707586
lidar,1787199939317423863
esp32,1787199939351707388
lidar,1787199939417065854
esp32,1787199939451850159
lidar,1787199939516867542
esp32,1787199939551685312
lidar,1787199939616715627
esp32,1787199939651807940
lidar,1787199939716772513
esp32,1787199939751748693
lidar,1787199939816404866
esp32,1787199939851757923
lidar,1787199939915775011
esp32,1787199939931166846
lidar,1787199940015423185
esp32,1787199940051810409
lidar,1787199940115583903
esp32,1787199940131265845
lidar,1787199940215983798
esp32,1787199940251630014
lidar,1787199940316671030
esp32,1787199940351692920
lidar,1787199940416852206
esp32,1787199940451911833
lidar,1787199940517409904
esp32,1787199940551854161
lidar,1787199940617699762
esp32,1787199940651862126
lidar,1787199940717715142
esp32,1787199940751854994
lidar,1787199940818419282
esp32,1787199940852064926
lidar,1787199940918760306
esp32,1787199940951854909
lidar,1787199941018423490
esp32,1787199941051850903
lidar,1787199941118233059
esp32,1787199941151746501
lidar,1787199941217800476
esp32,1787199941231526774
lidar,1787199941317535427
esp32,1787199941352161512
lidar,1787199941417235910
esp32,1787199941431372601
lidar,1787199941517318465
esp32,1787199941531343564
lidar,1787199941617104620
esp32,1787199941631516451
lidar,1787199941716571036
esp32,1787199941731415709
lidar,1787199941816420585
esp32,1787199941851825402
lidar,1787199941915541073
esp32,1787199941951996162
lidar,1787199942014976781
esp32,1787199942031568170
lidar,1787199942114384652
esp32,1787199942151995716
lidar,1787199942213945085
esp32,1787199942251631314
lidar,1787199942314190425
esp32,1787199942351998671
lidar,1787199942414507387
esp32,1787199942451963340
lidar,1787199942514637569
esp32,1787199942551992752
lidar,1787199942615047844
esp32,1787199942651866830
lidar,1787199942715529814
esp32,1787199942751912846
lidar,1787199942815974681
esp32,1787199942851941938
lidar,1787199942916302141
esp32,1787199942951907696
lidar,1787199943016447245
esp32,1787199943031318537
lidar,1787199943117016880
esp32,1787199943131418913
lidar,1787199943216527131
esp32,1787199943231523828
lidar,1787199943316250451
esp32,1787199943352009355
lidar,1787199943416025955
esp32,1787199943431358121
lidar,1787199943515482043
esp32,1787199943531380729
lidar,1787199943615594627
esp32,1787199943631320037
lidar,1787199943715379555
esp32,1787199943751727607
lidar,1787199943814852283
esp32,1787199943851853535
lidar,1787199943914653448
esp32,1787199943951822710
lidar,1787199944014271266
esp32,1787199944051803196
lidar,1787199944113690210
esp32,1787199944151833464
lidar,1787199944213677367
esp32,1787199944251849381
lidar,1787199944313099088
esp32,1787199944331617240
lidar,1787199944412780234
esp32,1787199944431513387
lidar,1787199944512316618
esp32,1787199944531488071
lidar,1787199944612064912
esp32,1787199944631445372
lidar,1787199944711910515
esp32,1787199944731432318
lidar,1787199944811625761
esp32,1787199944851838720
lidar,1787199944911831269
esp32,1787199944951715787
lidar,1787199945011958042
esp32,1787199945051684196
lidar,1787199945112487832
esp32,1787199945151827468
lidar,1787199945212681453
esp32,1787199945231566853
lidar,1787199945313189061
esp32,1787199945331412602
lidar,1787199945413402742
esp32,1787199945451856902
lidar,1787199945513857467
esp32,1787199945551717092
lidar,1787199945614283542
esp32,1787199945651760172
lidar,1787199945714363391
esp32,1787199945751675075
lidar,1787199945814414163
esp32,1787199945851680848
lidar,1787199945913800633
esp32,1787199945951790223
lidar,1787199946013354777
esp32,1787199946051740821
lidar,1787199946113241561
esp32,1787199946151821138
lidar,1787199946212851512
esp32,1787199946251758825
lidar,1787199946312748362
esp32,1787199946351909159
lidar,1787199946412765943
esp32,1787199946431679014
lidar,1787199946512573482
esp32,1787199946531543492
lidar,1787199946612508846
esp32,1787199946631406738
lidar,1787199946711744075
esp32,1787199946731442057
lidar,1787199946811520679
esp32,1787199946831425115
lidar,1787199946910977284
esp32,1787199946931430904
lidar,1787199947010613699
esp32,1787199947031390448
lidar,1787199947110662510
esp32,1787199947151930326
lidar,1787199947210479285
esp32,1787199947251651039
lidar,1787199947310867151
esp32,1787199947351834991
lidar,1787199947411308619
esp32,1787199947451787986
lidar,1787199947511810684
esp32,1787199947551845904
lidar,1787199947612204807
esp32,1787199947651955315
lidar,1787199947712347348
esp32,1787199947751905051
lidar,1787199947812240418
esp32,1787199947851860256
lidar,1787199947911966820
esp32,1787199947951723979
lidar,1787199948011444682
esp32,1787199948051846092
lidar,1787199948111142721
esp32,1787199948151972683
lidar,1787199948210611328
esp32,1787199948251422003
lidar,1787199948310261213
esp32,1787199948351700198
lidar,1787199948409782792
esp32,1787199948431535561
lidar,1787199948509682295
esp32,1787199948531375084
lidar,1787199948609472490
esp32,1787199948631437696
lidar,1787199948708526051
esp32,1787199948751003417
lidar,1787199948808284227
esp32,1787199948831113259
lidar,1787199948908032814
esp32,1787199948951031728
lidar,1787199949007540686
esp32,1787199949051454464
lidar,1787199949107872900
esp32,1787199949151922836
lidar,1787199949207735903
esp32,1787199949251686839
lidar,1787199949307668923
esp32,1787199949351972355
lidar,1787199949407892255
esp32,1787199949452008932
lidar,1787199949508344888
esp32,1787199949551979340
lidar,1787199949608908933
esp32,1787199949651681748
lidar,1787199949709210559
esp32,1787199949751728181
lidar,1787199949809466900
esp32,1787199949851912410
lidar,1787199949909591535
esp32,1787199949931490647
lidar,1787199950009719025
esp32,1787199950031509608
lidar,1787199950110211132
esp32,1787199950131548742
lidar,1787199950209715248
esp32,1787199950231634392
lidar,1787199950309699020
esp32,1787199950351917845
lidar,1787199950409265078
esp32,1787199950451834215
lidar,1787199950508537710
esp32,1787199950531402350
lidar,1787199950608384049
esp32,1787199950631491964
lidar,1787199950708108317
esp32,1787199950751773871
lidar,1787199950807414306
esp32,1787199950851978988
lidar,1787199950907050227
esp32,1787199950951617433
lidar,1787199951006384311
esp32,1787199951052342739
lidar,1787199951105519286
esp32,1787199951151793967
lidar,1787199951205689929
esp32,1787199951251758031
lidar,1787199951305669646
esp32,1787199951351035478
lidar,1787199951405448450
esp32,1787199951451868240
lidar,1787199951505687805
esp32,1787199951552014542
lidar,1787199951605886517
esp32,1787199951652041976
lidar,1787199951706302714
esp32,1787199951731506945
lidar,1787199951806887258
esp32,1787199951852050189
lidar,1787199951907027553
esp32,1787199951931322720
lidar,1787199952007485188
esp32,1787199952052030385
lidar,1787199952107904594
esp32,1787199952151856346
lidar,1787199952208199191
esp32,1787199952251695019
lidar,1787199952307880395
esp32,1787199952351704393
lidar,1787199952407976284
esp32,1787199952451665747
lidar,1787199952507537264
esp32,1787199952552146424
lidar,1787199952607468651
esp32,1787199952651822252
lidar,1787199952706757041
esp32,1787199952751835162
lidar,1787199952806592254
esp32,1787199952831497103
lidar,1787199952906296357
esp32,1787199952951777526
lidar,1787199953005632875
esp32,1787199953051789795
lidar,1787199953105703512
esp32,1787199953151745763
lidar,1787199953205182475
esp32,1787199953231401186
lidar,1787199953304785116
esp32,1787199953331817759
lidar,1787199953404278215
esp32,1787199953431347608
lidar,1787199953503443755
esp32,1787199953552132851
lidar,1787199953603217676
esp32,1787199953651852804
lidar,1787199953702448361
esp32,1787199953731380670
lidar,1787199953802259923
esp32,1787199953831443178
lidar,1787199953902199883
esp32,1787199953951471521
lidar,1787199954002144643
esp32,1787199954051742439
lidar,1787199954102856766
esp32,1787199954151707732
lidar,1787199954202962074
esp32,1787199954251690957
lidar,1787199954303341482
esp32,1787199954351828116
lidar,1787199954403286911
esp32,1787199954451787913
lidar,1787199954503753558
esp32,1787199954551884561
lidar,1787199954604376677
esp32,1787199954651872803
lidar,1787199954705087117
esp32,1787199954751673825
lidar,1787199954805384627
esp32,1787199954851918606
lidar,1787199954904986455
esp32,1787199954951577495
lidar,1787199955004260477
esp32,1787199955051900660
lidar,1787199955103851794
esp32,1787199955151104574
lidar,1787199955203579303
esp32,1787199955251829682
lidar,1787199955303286147
esp32,1787199955351903553
lidar,1787199955403115019
esp32,1787199955431604899
lidar,1787199955502641907
esp32,1787199955531416369
lidar,1787199955602552240
esp32,1787199955631803529
lidar,1787199955701992361
esp32,1787199955731580627
lidar,1787199955802080560
esp32,1787199955831643322
lidar,1787199955902202161
esp32,1787199955951746316
lidar,1787199956002265334
esp32,1787199956051774533
lidar,1787199956102357665
esp32,1787199956151933886
lidar,1787199956203300357
esp32,1787199956251767422
lidar,1787199956303757954
esp32,1787199956351943051
lidar,1787199956404251617
esp32,1787199956451938358
lidar,1787199956504334316
esp32,1787199956552080900
lidar,1787199956604853924
esp32,1787199956652043238
lidar,1787199956704684052
esp32,1787199956751856237
lidar,1787199956804451511
esp32,1787199956851843446
lidar,1787199956904455392
esp32,1787199956951759267
lidar,1787199957004268130
esp32,1787199957031577779
lidar,1787199957103929677
esp32,1787199957131305180
lidar,1787199957203529190
esp32,1787199957251880783
lidar,1787199957303487981
esp32,1787199957351902970
lidar,1787199957402909313
esp32,1787199957431625204
lidar,1787199957502745914
esp32,1787199957531551156
lidar,1787199957602477641
esp32,1787199957631937925
lidar,1787199957701970860
esp32,1787199957731873914
lidar,1787199957801865364
esp32,1787199957852026653
lidar,1787199957901320541
esp32,1787199957951811459
lidar,1787199958000976316
esp32,1787199958051845016
lidar,1787199958101153896
esp32,1787199958151812414
lidar,1787199958201604776
esp32,1787199958251760926
lidar,1787199958301691698
esp32,1787199958352011130
lidar,1787199958401807033
esp32,1787199958451902034
lidar,1787199958502648218
esp32,1787199958551875313
lidar,1787199958602753589
esp32,1787199958651875344
lidar,1787199958702722919
esp32,1787199958751067421
lidar,1787199958802782837
esp32,1787199958850968555
lidar,1787199958902728755
esp32,1787199958951066578
lidar,1787199959002518287
esp32,1787199959031290433
lidar,1787199959103032370
esp32,1787199959151826272
lidar,1787199959202722669
esp32,1787199959231265658
lidar,1787199959302556719
esp32,1787199959351929711
lidar,1787199959402133281
esp32,1787199959451988937
lidar,1787199959502040330
esp32,1787199959551886697
lidar,1787199959601820427
esp32,1787199959652003428
lidar,1787199959701681908
esp32,1787199959751854850
lidar,1787199959801294890
esp32,1787199959852114442
lidar,1787199959901337906
esp32,1787199959951656239
lidar,1787199960001009663
esp32,1787199960051849352
lidar,1787199960101208829
esp32,1787199960152000005
lidar,1787199960200841201
esp32,1787199960251687335
lidar,1787199960300679520
esp32,1787199960351778101
lidar,1787199960400293971
esp32,1787199960451820611
lidar,1787199960500122086
esp32,1787199960551799952
lidar,1787199960599676661
esp32,1787199960631433384
lidar,1787199960699413906
esp32,1787199960731483632
lidar,1787199960799072207
esp32,1787199960831677663
lidar,1787199960898615844
esp32,1787199960951787141
lidar,1787199960998670824
esp32,1787199961052021312
lidar,1787199961098233941
esp32,1787199961151756772
lidar,1787199961197950959
esp32,1787199961251461012
lidar,1787199961297710722
esp32,1787199961351883154
lidar,1787199961397519126
esp32,1787199961451945515
lidar,1787199961497975976
esp32,1787199961551904945
lidar,1787199961596848271
esp32,1787199961651872159
lidar,1787199961696716825
esp32,1787199961750943429
lidar,1787199961796061407
esp32,1787199961831534686
lidar,1787199961895954156
esp32,1787199961931537419
lidar,1787199961995876604
esp32,1787199962052338280
lidar,1787199962095899559
esp32,1787199962131508671
lidar,1787199962196427238
esp32,1787199962251734506
lidar,1787199962296607079
esp32,1787199962331547359
lidar,1787199962397154182
esp32,1787199962431563357
lidar,1787199962497189543
esp32,1787199962551857466
lidar,1787199962597785069
esp32,1787199962631473420
lidar,1787199962698235334
esp32,1787199962731544096
lidar,1787199962798189987
esp32,1787199962831581934
lidar,1787199962898520485
esp32,1787199962951969162
lidar,1787199962998653106
esp32,1787199963051781669
lidar,1787199963098687070
esp32,1787199963151793273
lidar,1787199963198264730
esp32,1787199963250985171
lidar,1787199963297921567
esp32,1787199963351549908
lidar,1787199963397621646
esp32,1787199963451939631
lidar,1787199963496872666
esp32,1787199963551816594
lidar,1787199963596654063
esp32,1787199963652019104
lidar,1787199963696400881
esp32,1787199963751997674
lidar,1787199963796103670
esp32,1787199963852018455
lidar,1787199963895371667
esp32,1787199963951807386
lidar,1787199963994907397
esp32,1787199964031730852
lidar,1787199964094575251
esp32,1787199964131440204
lidar,1787199964194197630
esp32,1787199964231369128
lidar,1787199964293898744
esp32,1787199964351799184
lidar,1787199964394085188
esp32,1787199964431530465
lidar,1787199964494250098
esp32,1787199964531626990
lidar,1787199964594356561
esp32,1787199964651976885
lidar,1787199964694556197
esp32,1787199964751873684
lidar,1787199964794560084
esp32,1787199964851956425
lidar,1787199964894578392
esp32,1787199964951746998
lidar,1787199964994834160
esp32,1787199965051826901
lidar,1787199965095334388
esp32,1787199965151948134
lidar,1787199965195354704
esp32,1787199965251531955
lidar,1787199965295230779
esp32,1787199965351820823
lidar,1787199965395881438
esp32,1787199965452017202
lidar,1787199965495834995
esp32,1787199965552086965
lidar,1787199965595620889
esp32,1787199965651910930
lidar,1787199965695591479
esp32,1787199965752065240
lidar,1787199965795514520
esp32,1787199965831628817
lidar,1787199965895059216
esp32,1787199965931546844
lidar,1787199965994912026
esp32,1787199966031758857
lidar,1787199966094243476
esp32,1787199966131532078
lidar,1787199966193921554
esp32,1787199966231447828
lidar,1787199966293524577
esp32,1787199966351990541
lidar,1787199966392997669
esp32,1787199966451959136
lidar,1787199966492973316
esp32,1787199966552028836
lidar,1787199966593202753
esp32,1787199966651945198
lidar,1787199966693079174
esp32,1787199966751886673
lidar,1787199966793693075
esp32,1787199966851899991
lidar,1787199966893941114
esp32,1787199966951803282
lidar,1787199966994352836
esp32,1787199967051972677
lidar,1787199967094787059
esp32,1787199967151357319
lidar,1787199967194779235
esp32,1787199967251461826
lidar,1787199967294878978
esp32,1787199967351760264
lidar,1787199967394992921
esp32,1787199967451890199
lidar,1787199967494519346
esp32,1787199967551604457
lidar,1787199967594626814
esp32,1787199967651732772
lidar,1787199967694191400
esp32,1787199967751862789
lidar,1787199967793713259
esp32,1787199967851755653
lidar,1787199967893291217
esp32,1787199967951877620
lidar,1787199967992918742
esp32,1787199968051708558
lidar,1787199968092778505
esp32,1787199968151728651
lidar,1787199968192021185
esp32,1787199968251643388
lidar,1787199968291643047
esp32,1787199968351807628
lidar,1787199968391196606
esp32,1787199968451886694
lidar,1787199968491270196
esp32,1787199968552019436
lidar,1787199968591481841
esp32,1787199968651500775
lidar,1787199968691049701
esp32,1787199968750926699
lidar,1787199968791555966
esp32,1787199968851195453
lidar,1787199968891256232
esp32,1787199968951176140
lidar,1787199968991475646
esp32,1787199969051741416
lidar,1787199969092382563
esp32,1787199969151820247
lidar,1787199969192881917
esp32,1787199969251774184
lidar,1787199969293357904
esp32,1787199969351628391
lidar,1787199969393413585
esp32,1787199969451744261
lidar,1787199969493263916
esp32,1787199969551881106
lidar,1787199969593313334
esp32,1787199969651799397
lidar,1787199969692619928
esp32,1787199969732056198
lidar,1787199969791978312
esp32,1787199969851786997
lidar,1787199969891652996
esp32,1787199969951591600
lidar,1787199969991311573
esp32,1787199970051632178
lidar,1787199970091033447
esp32,1787199970151855872
lidar,1787199970190608110
esp32,1787199970251803321
lidar,1787199970290486139
esp32,1787199970351940380
lidar,1787199970390367686
esp32,1787199970452011228
lidar,1787199970489618538
esp32,1787199970551791165
lidar,1787199970589320735
esp32,1787199970651955938
lidar,1787199970689224545
esp32,1787199970731777048
lidar,1787199970789187929
esp32,1787199970851893988
lidar,1787199970889448162
esp32,1787199970951976186
lidar,1787199970989411569
esp32,1787199971051812525
lidar,1787199971089591285
esp32,1787199971151236741
lidar,1787199971189817809
esp32,1787199971251663050
lidar,1787199971290411314
esp32,1787199971331827678
lidar,1787199971390464256
esp32,1787199971451996263
lidar,1787199971490390020
esp32,1787199971551997081
lidar,1787199971590280523
esp32,1787199971651905268
lidar,1787199971689568735
esp32,1787199971751973056
lidar,1787199971788589816
esp32,1787199971852033807
lidar,1787199971888499280
esp32,1787199971951917186
lidar,1787199971988112092
esp32,1787199972051725269
lidar,1787199972087616088
esp32,1787199972151816933
lidar,1787199972186663016
esp32,1787199972250923136
lidar,1787199972285967416
esp32,1787199972351128330
lidar,1787199972385049309
esp32,1787199972451912062
lidar,1787199972485359640
esp32,1787199972551898109
lidar,1787199972585774739
esp32,1787199972652033944
lidar,1787199972685267907
esp32,1787199972752001305
lidar,1787199972786002264
esp32,1787199972852123062
lidar,1787199972886143315
esp32,1787199972951801477
lidar,1787199972986313276
esp32,1787199973052066906
lidar,1787199973086562484
esp32,1787199973152008499
lidar,1787199973187041198
esp32,1787199973251589857
lidar,1787199973287262102
esp32,1787199973351946526
lidar,1787199973387993799
esp32,1787199973451775650
lidar,1787199973487645604
esp32,1787199973551747956
lidar,1787199973587641378
esp32,1787199973651831739
lidar,1787199973687037685
esp32,1787199973751822836
lidar,1787199973786685794
esp32,1787199973852112654
lidar,1787199973886521252
esp32,1787199973951931580
lidar,1787199973985587689
esp32,1787199974051961353
lidar,1787199974085195333
esp32,1787199974151689640
lidar,1787199974184962964
esp32,1787199974251710684
lidar,1787199974284602959
esp32,1787199974351871743
lidar,1787199974383616307
esp32,1787199974451990785
lidar,1787199974483180335
esp32,1787199974552004391
lidar,1787199974582948807
esp32,1787199974671806572
lidar,1787199974682778746
esp32,1787199974751880239
lidar,1787199974782967525
esp32,1787199974872007899
lidar,1787199974882852709
esp32,1787199974971935961
lidar,1787199974982902954
esp32,1787199975031566867
lidar,1787199975083395712
esp32,1787199975151986910
lidar,1787199975183719239
esp32,1787199975251769659
lidar,1787199975284418834
esp32,1787199975371993470
lidar,1787199975384006641
esp32,1787199975451637314
lidar,1787199975484801641
esp32,1787199975551849763
lidar,1787199975585660761
esp32,1787199975672008275
lidar,1787199975685275245
esp32,1787199975772018195
lidar,1787199975785249410
esp32,1787199975851913613
lidar,1787199975884647082
esp32,1787199975972014378
lidar,1787199975984717007
esp32,1787199976051948960
lidar,1787199976083848594
esp32,1787199976171987711
lidar,1787199976183275090
esp32,1787199976251988649
lidar,1787199976282679068
esp32,1787199976371736160
lidar,1787199976382598663
esp32,1787199976451932093
lidar,1787199976482543775
esp32,1787199976571559896
lidar,1787199976582628391
esp32,1787199976651957052
lidar,1787199976682881194
lidar,1787199976783377877
esp32,1787199976791558036
esp32,1787199976851946774
lidar,1787199976883290989
esp32,1787199976951843404
lidar,1787199976983158522
esp32,1787199977071981552
lidar,1787199977083646950
esp32,1787199977151801798
lidar,1787199977184145514
esp32,1787199977252008868
lidar,1787199977284457462
esp32,1787199977351954955
lidar,1787199977384630543
esp32,1787199977452000736
lidar,1787199977484641887
esp32,1787199977551883105
lidar,1787199977584900703
esp32,1787199977651972904
lidar,1787199977684473045
esp32,1787199977751893340
lidar,1787199977784164854
esp32,1787199977851943922
lidar,1787199977883632853
esp32,1787199977951857830
lidar,1787199977982662437
esp32,1787199978051911033
lidar,1787199978082143617
esp32,1787199978151762962
lidar,1787199978182157859
esp32,1787199978251621784
lidar,1787199978281377039
esp32,1787199978351646769
lidar,1787199978381119642
esp32,1787199978451900101
lidar,1787199978480472201
esp32,1787199978551875981
lidar,1787199978579863400
esp32,1787199978651830622
lidar,1787199978679964103
esp32,1787199978750900039
lidar,1787199978779890644
esp32,1787199978850983623
lidar,1787199978879896441
esp32,1787199978951050889
lidar,1787199978980104904
esp32,1787199979051694819
lidar,1787199979080995645
esp32,1787199979151787414
lidar,1787199979181305093
esp32,1787199979251665543
lidar,1787199979281327686
esp32,1787199979351218734
lidar,1787199979381343865
esp32,1787199979451883093
lidar,1787199979482150628
esp32,1787199979551826531
lidar,1787199979582066824
esp32,1787199979651910953
lidar,1787199979681561885
esp32,1787199979751885174
lidar,1787199979781010608
esp32,1787199979851951988
lidar,1787199979880440923
esp32,1787199979951220457
lidar,1787199979979534059
esp32,1787199980051971550
lidar,1787199980079576331
esp32,1787199980151851052
lidar,1787199980179055137
esp32,1787199980251619184
lidar,1787199980278340020
esp32,1787199980351993489
lidar,1787199980378065022
esp32,1787199980452059345
lidar,1787199980477567169
esp32,1787199980551907617
lidar,1787199980577111792
esp32,1787199980651990584
lidar,1787199980676444453
esp32,1787199980751926457
lidar,1787199980776171509
esp32,1787199980851829846
lidar,1787199980875650410
esp32,1787199980952025966
lidar,1787199980975230514
esp32,1787199981052037025
lidar,1787199981075640277
esp32,1787199981152017469
lidar,1787199981176024229
esp32,1787199981251595069
lidar,1787199981276063536
esp32,1787199981351973919
lidar,1787199981376397110
esp32,1787199981451940577
lidar,1787199981476862144
esp32,1787199981551695156
lidar,1787199981577210751
esp32,1787199981652049355
lidar,1787199981677377130
esp32,1787199981751964987
lidar,1787199981777975429
esp32,1787199981851945729
lidar,1787199981877808314
esp32,1787199981951866527
lidar,1787199981977641550
esp32,1787199982051790222
lidar,1787199982077420873
esp32,1787199982151920118
lidar,1787199982177113100
esp32,1787199982251641295
lidar,1787199982276538042
esp32,1787199982351810752
lidar,1787199982376478769
esp32,1787199982451925689
lidar,1787199982476304064
esp32,1787199982551906336
lidar,1787199982575943507
esp32,1787199982651930397
lidar,1787199982675309008
esp32,1787199982751845488
lidar,1787199982775340611
esp32,1787199982852011018
lidar,1787199982874226605
esp32,1787199982951895423
lidar,1787199982974076346
esp32,1787199983051924685
lidar,1787199983073806287
esp32,1787199983151963889
lidar,1787199983172904280
esp32,1787199983251568465
lidar,1787199983272770720
esp32,1787199983351801055
lidar,1787199983373407507
esp32,1787199983451744291
lidar,1787199983473157280
esp32,1787199983551949267
lidar,1787199983573524787
esp32,1787199983651969822
lidar,1787199983674367194
esp32,1787199983751731407
lidar,1787199983774496226
esp32,1787199983851695809
lidar,1787199983874842774
esp32,1787199983951692462
lidar,1787199983974662163
esp32,1787199984051649080
lidar,1787199984074980728
esp32,1787199984151751888
lidar,1787199984174155542
esp32,1787199984251715192
lidar,1787199984273895481
esp32,1787199984351123725
lidar,1787199984373733660
esp32,1787199984451768707
lidar,1787199984473210884
esp32,1787199984551816028
lidar,1787199984572021516
esp32,1787199984651874100
lidar,1787199984671355492
esp32,1787199984751821084
lidar,1787199984771250978
esp32,1787199984851823674
lidar,1787199984870529660
esp32,1787199984951806921
lidar,1787199984970427788
esp32,1787199985051787563
lidar,1787199985070021958
esp32,1787199985151838309
lidar,1787199985169495559
esp32,1787199985252057670
lidar,1787199985270777080
esp32,1787199985351894685
lidar,1787199985370692628
esp32,1787199985451803489
lidar,1787199985470719209
esp32,1787199985551908667
lidar,1787199985571096613
esp32,1787199985651784338
lidar,1787199985671083766
esp32,1787199985751976911
lidar,1787199985770864233
esp32,1787199985851932178
lidar,1787199985871623856
esp32,1787199985951785628
lidar,1787199985971801053
esp32,1787199986051737429
lidar,1787199986071666744
esp32,1787199986151706804
lidar,1787199986171414297
esp32,1787199986251653222
lidar,1787199986271737928
esp32,1787199986351959354
lidar,1787199986371214493
esp32,1787199986451997937
lidar,1787199986470593364
esp32,1787199986551926543
lidar,1787199986569416556
esp32,1787199986651978557
lidar,1787199986668744089
esp32,1787199986751863136
lidar,1787199986768102218
esp32,1787199986851835655
lidar,1787199986867891958
esp32,1787199986952008304
lidar,1787199986967079353
esp32,1787199987051980382
lidar,1787199987066600076
esp32,1787199987152003212
lidar,1787199987166194750
esp32,1787199987251733219
lidar,1787199987265988912
esp32,1787199987351845517
lidar,1787199987365654431
esp32,1787199987451764385
lidar,1787199987466029846
esp32,1787199987551997375
lidar,1787199987566177269
esp32,1787199987651704209
lidar,1787199987666510867
esp32,1787199987752621171
lidar,1787199987766080773
esp32,1787199987851985384
lidar,1787199987866739172
esp32,1787199987951964910
lidar,1787199987966978652
esp32,1787199988052000560
lidar,1787199988066802406
esp32,1787199988152022785
lidar,1787199988166895457
esp32,1787199988251807213
lidar,1787199988267046900
esp32,1787199988351814834
lidar,1787199988367285590
esp32,1787199988451788104
lidar,1787199988466995784
esp32,1787199988551749874
lidar,1787199988566658693
esp32,1787199988651853398
lidar,1787199988666639984
esp32,1787199988750921856
lidar,1787199988765319302
esp32,1787199988851030964
lidar,1787199988864815254
esp32,1787199988951040589
lidar,1787199988964027414
esp32,1787199989051771469
lidar,1787199989063679402
esp32,1787199989151844632
lidar,1787199989163221417
esp32,1787199989252035445
lidar,1787199989262927446
esp32,1787199989352013641
lidar,1787199989362707414
esp32,1787199989451885741
lidar,1787199989462352784
esp32,1787199989551986140
lidar,1787199989562036894
esp32,1787199989651908990
lidar,1787199989661738830
esp32,1787199989751933344
lidar,1787199989762104462
esp32,1787199989851969261
lidar,1787199989862327251
esp32,1787199989952046949
lidar,1787199989962850886
esp32,1787199990051955438
lidar,1787199990062942274
esp32,1787199990151944903
lidar,1787199990162920640
esp32,1787199990252222879
lidar,1787199990263495567
esp32,1787199990351908247
lidar,1787199990363245298
esp32,1787199990451881478
lidar,1787199990463801922
esp32,1787199990551929640
lidar,1787199990563919876
esp32,1787199990651835856
lidar,1787199990664693504
esp32,1787199990751883506
lidar,1787199990764597376
esp32,1787199990851999033
lidar,1787199990864783252
esp32,1787199990951949931
lidar,1787199990964298927
esp32,1787199991051971279
lidar,1787199991063822014
esp32,1787199991151820042
lidar,1787199991163209763
esp32,1787199991252011073
lidar,1787199991262909450
esp32,1787199991351920358
lidar,1787199991362153681
esp32,1787199991451887314
lidar,1787199991461635204
esp32,1787199991551736112
lidar,1787199991561018594
esp32,1787199991651900988
lidar,1787199991660619551
esp32,1787199991751792131
lidar,1787199991760044635
esp32,1787199991851908213
lidar,1787199991860190354
esp32,1787199991951921530
lidar,1787199991960454257
esp32,1787199992051901714
lidar,1787199992060597212
esp32,1787199992151910424
lidar,1787199992160760558
esp32,1787199992252044504
lidar,1787199992260923125
esp32,1787199992351955356
lidar,1787199992361523799
esp32,1787199992451654041
lidar,1787199992461737754
esp32,1787199992551851412
lidar,1787199992562558743
esp32,1787199992651900761
lidar,1787199992662266270
esp32,1787199992751953784
lidar,1787199992762634132
esp32,1787199992851831635
lidar,1787199992863741445
esp32,1787199992951920762
lidar,1787199992963247247
esp32,1787199993051873368
lidar,1787199993062531852
esp32,1787199993151954439
lidar,1787199993162306170
esp32,1787199993252180173
lidar,1787199993261915801
esp32,1787199993351685233
lidar,1787199993361599784
esp32,1787199993451778628
lidar,1787199993460923556
esp32,1787199993551874086
lidar,1787199993560367195
esp32,1787199993651808699
lidar,1787199993660006847
esp32,1787199993751772481
lidar,1787199993759514828
esp32,1787199993851836511
lidar,1787199993859711904
esp32,1787199993952036114
lidar,1787199993958878084
esp32,1787199994051899964
lidar,1787199994058721924
esp32,1787199994152041507
lidar,1787199994158648517
esp32,1787199994252034482
lidar,1787199994258863954
esp32,1787199994351902888
lidar,1787199994359012041
esp32,1787199994452020374
lidar,1787199994458948389
esp32,1787199994551929136
lidar,1787199994559279967
esp32,1787199994651978346
lidar,1787199994659146426
esp32,1787199994752045686
lidar,1787199994759293751
esp32,1787199994852038817
lidar,1787199994859543182
esp32,1787199994951981224
lidar,1787199994959446143
esp32,1787199995051900765
lidar,1787199995059347654
esp32,1787199995152050580
lidar,1787199995158255302
esp32,1787199995252145417
lidar,1787199995257602479
esp32,1787199995352052723
lidar,1787199995357488572
esp32,1787199995451974276
lidar,1787199995456740359
esp32,1787199995552029024
lidar,1787199995556388941
esp32,1787199995651875418
lidar,1787199995656224504
esp32,1787199995750988871
lidar,1787199995754990826
esp32,1787199995851785749
lidar,1787199995854741118
esp32,1787199995951955951
lidar,1787199995954368061
esp32,1787199996051943861
lidar,1787199996054662260
esp32,1787199996151893294
lidar,1787199996154546534
esp32,1787199996252164578
lidar,1787199996254625705
esp32,1787199996351860929
lidar,1787199996354916542
esp32,1787199996451891009
lidar,1787199996455434708
esp32,1787199996551893288
lidar,1787199996556089252
esp32,1787199996651894978
lidar,1787199996656210058
esp32,1787199996751883879
lidar,1787199996756579407
esp32,1787199996851993911
lidar,1787199996856953633
esp32,1787199996951830986
lidar,1787199996956860321
esp32,1787199997052014685
lidar,1787199997057211762
esp32,1787199997151880935
lidar,1787199997157363351
esp32,1787199997252081038
lidar,1787199997257506294
esp32,1787199997351827898
lidar,1787199997357322552
esp32,1787199997451850377
lidar,1787199997457138794
esp32,1787199997551759297
lidar,1787199997556505643
esp32,1787199997652097608
lidar,1787199997656123831
esp32,1787199997751799243
lidar,1787199997755336857
esp32,1787199997851748520
lidar,1787199997855073447
esp32,1787199997951962788
lidar,1787199997954250719
esp32,1787199998051839231
lidar,1787199998054138205
esp32,1787199998151723096
lidar,1787199998154106125
esp32,1787199998252073355
lidar,1787199998254123841
esp32,1787199998351655032
lidar,1787199998354003053
esp32,1787199998451779308
lidar,1787199998454645911
esp32,1787199998551700170
lidar,1787199998554398943
esp32,1787199998651870748
lidar,1787199998654601346
esp32,1787199998750963304
lidar,1787199998754635717
esp32,1787199998851003991
lidar,1787199998855078931
esp32,1787199998951050177
lidar,1787199998955311397
esp32,1787199999051653574
lidar,1787199999055759268
esp32,1787199999151816000
lidar,1787199999155981977
esp32,1787199999251797697
lidar,1787199999255994923
esp32,1787199999351769584
lidar,1787199999355962691
esp32,1787199999451945438
lidar,1787199999456161104
esp32,1787199999551935032
lidar,1787199999556441808
esp32,1787199999651951626
lidar,1787199999656202424
esp32,1787199999751807256
lidar,1787199999755673858
esp32,1787199999851643374
lidar,1787199999855473815
esp32,1787199999951908533
lidar,1787199999954800034
esp32,1787200000051946790
lidar,1787200000054622279
esp32,1787200000151949096
lidar,1787200000153910795
esp32,1787200000251977826
lidar,1787200000253365507
esp32,1787200000352037356
lidar,1787200000353059191
esp32,1787200000452039067
lidar,1787200000453077029
esp32,1787200000551739070
lidar,1787200000553113400
esp32,1787200000652060010
lidar,1787200000653312049
esp32,1787200000751900493
lidar,1787200000753963160
esp32,1787200000851822082
lidar,1787200000854089026
esp32,1787200000951876225
lidar,1787200000954042901
esp32,1787200001051814796
lidar,1787200001054151718
esp32,1787200001151990326
lidar,1787200001154228775
esp32,1787200001251960608
lidar,1787200001254306727
esp32,1787200001352015061
lidar,1787200001354538507
esp32,1787200001452046855
lidar,1787200001454296790
esp32,1787200001551984568
lidar,1787200001553589290
esp32,1787200001651897912
lidar,1787200001653428152
esp32,1787200001751841970
lidar,1787200001752873342
esp32,1787200001851801499
lidar,1787200001852846836
lidar,1787200001951920507
esp32,1787200001953049544
lidar,1787200002051541655
esp32,1787200002052683645
lidar,1787200002151095618
esp32,1787200002152210585
lidar,1787200002250633075
esp32,1787200002252066667
lidar,1787200002350758479
esp32,1787200002351854608
lidar,1787200002450961135
esp32,1787200002452100334
lidar,1787200002550594088
esp32,1787200002552035947
lidar,1787200002650759608
esp32,1787200002651928397
lidar,1787200002750415516
esp32,1787200002752003541
lidar,1787200002850328651
esp32,1787200002851892239
lidar,1787200002950959097
esp32,1787200002952051715
lidar,1787200003051239952
esp32,1787200003052334328
lidar,1787200003151372374
esp32,1787200003152492211
lidar,1787200003251698410
esp32,1787200003252907437
esp32,1787200003351958054
lidar,1787200003352611554
esp32,1787200003452018588
lidar,1787200003453050425
esp32,1787200003552102303
lidar,1787200003552757463
esp32,1787200003651860282
lidar,1787200003652549436
lidar,1787200003751404576
esp32,1787200003752526280
lidar,1787200003850205940
esp32,1787200003850855208
lidar,1787200003950291378
esp32,1787200003952083714
lidar,1787200004049587781
esp32,1787200004051798205
lidar,1787200004149141244
esp32,1787200004151578385
lidar,1787200004248708125
esp32,1787200004251693527
lidar,1787200004348561341
esp32,1787200004351729532
lidar,1787200004447758385
esp32,1787200004451766802
lidar,1787200004547028809
esp32,1787200004551775483
lidar,1787200004646630203
esp32,1787200004651783285
lidar,1787200004745962530
esp32,1787200004751782099
lidar,1787200004846118607
esp32,1787200004851715120
lidar,1787200004946001290
esp32,1787200004951600197
lidar,1787200005046222538
esp32,1787200005051611022
lidar,1787200005146676358
esp32,1787200005151693586
lidar,1787200005246759104
esp32,1787200005251631021
lidar,1787200005347292105
esp32,1787200005351618224
lidar,1787200005447767034
esp32,1787200005451649176
lidar,1787200005548018178
esp32,1787200005551674708
lidar,1787200005648203798
esp32,1787200005651560864
lidar,1787200005748123985
esp32,1787200005751543017
lidar,1787200005848120862
esp32,1787200005851389439
lidar,1787200005947993151
esp32,1787200005951514425
lidar,1787200006047525375
esp32,1787200006051718350
lidar,1787200006147257511
esp32,1787200006151683861
lidar,1787200006247084842
esp32,1787200006251800336
lidar,1787200006346189649
esp32,1787200006351352273
lidar,1787200006445889790
esp32,1787200006451727230
lidar,1787200006545008662
esp32,1787200006551442996
lidar,1787200006644954241
esp32,1787200006651522845
lidar,1787200006744491276
esp32,1787200006751500281
lidar,1787200006844915582
esp32,1787200006851635624
lidar,1787200006944993918
esp32,1787200006951692875
lidar,1787200007045444136
esp32,1787200007051623149
lidar,1787200007146098776
esp32,1787200007151468620
lidar,1787200007246275092
esp32,1787200007251607413
lidar,1787200007346497854
esp32,1787200007351483427
lidar,1787200007446708318
esp32,1787200007451531865
lidar,1787200007546818080
esp32,1787200007551451440
lidar,1787200007647169304
esp32,1787200007651505872
lidar,1787200007747114507
esp32,1787200007750931958
lidar,1787200007847631161
esp32,1787200007851537357
lidar,1787200007947797609
esp32,1787200007951549877
lidar,1787200008047893752
esp32,1787200008051624382
lidar,1787200008147076570
esp32,1787200008151413925
lidar,1787200008246999914
esp32,1787200008251604567
lidar,1787200008346443987
esp32,1787200008351484895
lidar,1787200008446097142
esp32,1787200008451586676
lidar,1787200008545662319
esp32,1787200008551673088
lidar,1787200008645564948
esp32,1787200008651591543
lidar,1787200008744519725
esp32,1787200008750880735
lidar,1787200008844223492
esp32,1787200008850889811
lidar,1787200008943639497
esp32,1787200008950902189
lidar,1787200009043498271
esp32,1787200009051400848
lidar,1787200009142506187
esp32,1787200009151449002
lidar,1787200009242238569
esp32,1787200009251458818
lidar,1787200009341433038
esp32,1787200009351381440
lidar,1787200009440892718
esp32,1787200009451544736
lidar,1787200009540478563
esp32,1787200009551575284
lidar,1787200009640402180
esp32,1787200009651587880
lidar,1787200009740917519
esp32,1787200009751712187
lidar,1787200009841039744
esp32,1787200009851546639
lidar,1787200009940961699
esp32,1787200009951704980
lidar,1787200010041392722
esp32,1787200010051411904
lidar,1787200010141641234
esp32,1787200010151648750
lidar,1787200010242197224
esp32,1787200010251565704
lidar,1787200010341994976
esp32,1787200010351454073
lidar,1787200010441868088
esp32,1787200010451430235
lidar,1787200010542153089
esp32,1787200010551567925
lidar,1787200010641959229
esp32,1787200010651635570
lidar,1787200010741359384
esp32,1787200010751454770
lidar,1787200010840350033
esp32,1787200010851135696
lidar,1787200010940044723
esp32,1787200010951560217
lidar,1787200011040034500
esp32,1787200011051538384
lidar,1787200011139372089
esp32,1787200011151719696
lidar,1787200011238910507
esp32,1787200011251132388
lidar,1787200011338679484
esp32,1787200011351788509
lidar,1787200011438565989
esp32,1787200011451863604
lidar,1787200011538736254
esp32,1787200011551747666
lidar,1787200011638540656
esp32,1787200011651343235
lidar,1787200011738821179
esp32,1787200011751404274
lidar,1787200011839225880
esp32,1787200011851481511
lidar,1787200011939368079
esp32,1787200011951301994
lidar,1787200012039441671
esp32,1787200012051219620
lidar,1787200012140027727
esp32,1787200012151523066
lidar,1787200012239870606
esp32,1787200012251417194
lidar,1787200012340590069
esp32,1787200012351592284
lidar,1787200012440233132
esp32,1787200012451514229
lidar,1787200012540553461
esp32,1787200012551536011
lidar,1787200012640764442
esp32,1787200012651520135
lidar,1787200012740872279
esp32,1787200012751622934
lidar,1787200012840465351
esp32,1787200012851541593
lidar,1787200012939737946
esp32,1787200012951683654
lidar,1787200013038983127
esp32,1787200013051642921
lidar,1787200013138840030
esp32,1787200013151480712
lidar,1787200013238069573
esp32,1787200013251508327
lidar,1787200013337447720
esp32,1787200013351466151
lidar,1787200013437175786
esp32,1787200013451452808
lidar,1787200013537458139
esp32,1787200013571703070
lidar,1787200013637215413
esp32,1787200013651505691
lidar,1787200013737519377
esp32,1787200013751609249
lidar,1787200013837887545
esp32,1787200013851637416
lidar,1787200013937807106
esp32,1787200013951565320
lidar,1787200014038400438
esp32,1787200014051406008
lidar,1787200014138386575
esp32,1787200014151540000
lidar,1787200014238687409
esp32,1787200014251430382
lidar,1787200014339208627
esp32,1787200014351372616
lidar,1787200014438973319
esp32,1787200014451441904
lidar,1787200014538813668
esp32,1787200014551480669
lidar,1787200014638714538
esp32,1787200014651428521
lidar,1787200014738286779
esp32,1787200014751491203
lidar,1787200014837385516
esp32,1787200014851425045
lidar,1787200014936955151
esp32,1787200014951382082
lidar,1787200015036160218
esp32,1787200015051872083
lidar,1787200015135688279
esp32,1787200015151452006
lidar,1787200015234933157
esp32,1787200015251795807
lidar,1787200015334515905
esp32,1787200015351528694
lidar,1787200015434263864
esp32,1787200015451426253
lidar,1787200015534196832
esp32,1787200015551778746
lidar,1787200015634305445
esp32,1787200015651857011
lidar,1787200015734786620
esp32,1787200015751928762
lidar,1787200015834913377
esp32,1787200015851490263
lidar,1787200015934964976
esp32,1787200015951867814
lidar,1787200016034761253
esp32,1787200016051711371
lidar,1787200016135192012
esp32,1787200016151771716
lidar,1787200016235395481
esp32,1787200016251862257
lidar,1787200016335661305
esp32,1787200016351880844
lidar,1787200016436210070
esp32,1787200016451910542
lidar,1787200016536198252
esp32,1787200016551990690
lidar,1787200016636224459
esp32,1787200016651968254
lidar,1787200016735814786
esp32,1787200016751893338
lidar,1787200016835765327
esp32,1787200016852021046
lidar,1787200016934977519
esp32,1787200016951502472
lidar,1787200017034324980
esp32,1787200017051868754
lidar,1787200017133360456
esp32,1787200017151616420
lidar,1787200017232465620
esp32,1787200017251019077
lidar,1787200017332234555
esp32,1787200017352013343
lidar,1787200017431716980
esp32,1787200017451373763
lidar,1787200017531002408
esp32,1787200017551843323
lidar,1787200017630459157
esp32,1787200017651947743
lidar,1787200017730167037
esp32,1787200017751892037
lidar,1787200017830495223
esp32,1787200017851816130
lidar,1787200017930159425
esp32,1787200017951318414
lidar,1787200018030155128
esp32,1787200018051154237
lidar,1787200018131033505
esp32,1787200018151914935
lidar,1787200018230729917
esp32,1787200018251933731
lidar,1787200018331143847
esp32,1787200018351863798
lidar,1787200018431245052
esp32,1787200018451530666
lidar,1787200018531396251
esp32,1787200018551436333
lidar,1787200018631415791
esp32,1787200018651798973
lidar,1787200018731438941
esp32,1787200018750809062
lidar,1787200018831141401
esp32,1787200018851068050
lidar,1787200018930766306
esp32,1787200018950923402
lidar,1787200019030706996
esp32,1787200019051657382
lidar,1787200019130523993
esp32,1787200019151924394
lidar,1787200019230042840
esp32,1787200019251714448
lidar,1787200019329509444
esp32,1787200019351847282
lidar,1787200019428584862
esp32,1787200019451905643
lidar,1787200019527885642
esp32,1787200019551731629
lidar,1787200019627211478
esp32,1787200019651866851
lidar,1787200019726956601
esp32,1787200019751825157
lidar,1787200019827351186
esp32,1787200019851271768
lidar,1787200019927243725
esp32,1787200019951957860
lidar,1787200020027350157
esp32,1787200020051679517
lidar,1787200020127786070
esp32,1787200020151892326
lidar,1787200020227705402
esp32,1787200020251992398
lidar,1787200020328061771
esp32,1787200020351774668
lidar,1787200020428180691
esp32,1787200020451874518
lidar,1787200020528352278
esp32,1787200020551820116
lidar,1787200020628267635
esp32,1787200020651764739
lidar,1787200020728614941
esp32,1787200020751824073
lidar,1787200020828809825
esp32,1787200020851398867
lidar,1787200020928771605
esp32,1787200020951801388
lidar,1787200021028872868
esp32,1787200021051383015
lidar,1787200021129010016
esp32,1787200021151936202
lidar,1787200021229320673
esp32,1787200021251738363
lidar,1787200021329141512
esp32,1787200021351409584
lidar,1787200021429095616
esp32,1787200021451367054
lidar,1787200021528993100
esp32,1787200021551642539
lidar,1787200021628490868
esp32,1787200021651422529
lidar,1787200021728404688
esp32,1787200021751317747
lidar,1787200021827660878
esp32,1787200021851833945
lidar,1787200021927049302
esp32,1787200021951331487
lidar,1787200022026413482
esp32,1787200022051295510
lidar,1787200022125768582
esp32,1787200022151805979
lidar,1787200022225541947
esp32,1787200022251707551
lidar,1787200022325441841
esp32,1787200022351326730
lidar,1787200022425151847
esp32,1787200022451814461
lidar,1787200022525363256
esp32,1787200022551774265
lidar,1787200022625413374
esp32,1787200022651342211
lidar,1787200022725259364
esp32,1787200022751824618
lidar,1787200022825558800
esp32,1787200022851839319
lidar,1787200022926053342
esp32,1787200022951697490
lidar,1787200023025872964
esp32,1787200023051726038
lidar,1787200023126284274
esp32,1787200023151770063
lidar,1787200023226466949
esp32,1787200023251805156
lidar,1787200023326380140
esp32,1787200023351388356
lidar,1787200023426723725
esp32,1787200023451997188
lidar,1787200023527167489
esp32,1787200023551908669
lidar,1787200023626799920
esp32,1787200023651830162
lidar,1787200023726407926
esp32,1787200023752169012
lidar,1787200023825686109
esp32,1787200023851909424
lidar,1787200023925182046
esp32,1787200023951894090
lidar,1787200024024691888
esp32,1787200024051721040
lidar,1787200024123961074
esp32,1787200024151802795
lidar,1787200024223708576
esp32,1787200024251982068
lidar,1787200024323241966
esp32,1787200024351277362
lidar,1787200024423079340
esp32,1787200024451851334
lidar,1787200024523322346
esp32,1787200024551888286
lidar,1787200024623290549
esp32,1787200024651740208
lidar,1787200024723467708
esp32,1787200024751797035
lidar,1787200024823351263
esp32,1787200024851898299
lidar,1787200024923285277
esp32,1787200024951890036
lidar,1787200025023362330
esp32,1787200025051752457
lidar,1787200025123572666
esp32,1787200025151738477
lidar,1787200025223480462
esp32,1787200025251729450
lidar,1787200025323537843
esp32,1787200025351736138
lidar,1787200025423663975
esp32,1787200025451885854
lidar,1787200025523352144
esp32,1787200025551948496
lidar,1787200025623078943
esp32,1787200025651942421
lidar,1787200025722553134
esp32,1787200025751837786
lidar,1787200025822399938
esp32,1787200025851773216
lidar,1787200025921376581
esp32,1787200025951840103
lidar,1787200026020896742
esp32,1787200026051724321
lidar,1787200026120149746
esp32,1787200026150984980
lidar,1787200026219749459
esp32,1787200026251242367
lidar,1787200026319854011
esp32,1787200026351802467
lidar,1787200026419689701
esp32,1787200026451780944
lidar,1787200026519494448
esp32,1787200026551834753
lidar,1787200026620038986
esp32,1787200026651787836
lidar,1787200026720422865
esp32,1787200026751813894
lidar,1787200026820349722
esp32,1787200026851395528
lidar,1787200026920823778
esp32,1787200026951832695
lidar,1787200027020777209
esp32,1787200027051904704
lidar,1787200027120486247
esp32,1787200027151763761
lidar,1787200027220220354
esp32,1787200027251707092
lidar,1787200027319571080
esp32,1787200027351714988
lidar,1787200027419240830
esp32,1787200027451744491
lidar,1787200027519006715
esp32,1787200027551609040
lidar,1787200027618285155
esp32,1787200027651734630
lidar,1787200027717645412
esp32,1787200027751653980
lidar,1787200027817593108
esp32,1787200027851693195
lidar,1787200027917037060
esp32,1787200027951948432
lidar,1787200028016781531
esp32,1787200028051663184
lidar,1787200028116942559
esp32,1787200028151692775
lidar,1787200028216675145
esp32,1787200028251686063
lidar,1787200028316346094
esp32,1787200028351641342
lidar,1787200028416569679
esp32,1787200028451715665
lidar,1787200028516656255
esp32,1787200028551778153
lidar,1787200028617295812
esp32,1787200028651722581
lidar,1787200028717002370
esp32,1787200028750987159
lidar,1787200028816843755
esp32,1787200028851095885
lidar,1787200028916911606
esp32,1787200028951058636
lidar,1787200029016809221
esp32,1787200029051110590
lidar,1787200029117344635
esp32,1787200029151942998
lidar,1787200029217691651
esp32,1787200029251834716
lidar,1787200029317718036
esp32,1787200029351933952
lidar,1787200029417925341
esp32,1787200029451792539
lidar,1787200029517852177
esp32,1787200029551888241
lidar,1787200029617990522
esp32,1787200029651757150
lidar,1787200029717378956
esp32,1787200029751745953
lidar,1787200029817115595
esp32,1787200029851441628
lidar,1787200029916267100
esp32,1787200029951761186
lidar,1787200030015596299
esp32,1787200030051030919
lidar,1787200030115063683
esp32,1787200030151851669
lidar,1787200030214264916
esp32,1787200030251594410
lidar,1787200030314257294
esp32,1787200030351846096
lidar,1787200030413771957
esp32,1787200030451896924
lidar,1787200030513614996
esp32,1787200030551677112
lidar,1787200030613897718
esp32,1787200030651748392
lidar,1787200030714366800
esp32,1787200030751933101
lidar,1787200030814750624
esp32,1787200030851662507
lidar,1787200030914686513
esp32,1787200030951860800
lidar,1787200031015229835
esp32,1787200031051801317
lidar,1787200031115392436
esp32,1787200031151833098
lidar,1787200031215551247
esp32,1787200031251828913
lidar,1787200031315203497
esp32,1787200031351885102
lidar,1787200031414869343
esp32,1787200031452126313
lidar,1787200031514769137
esp32,1787200031551797555
lidar,1787200031613955328
esp32,1787200031651781562
lidar,1787200031713597643
esp32,1787200031751697543
lidar,1787200031814754097
esp32,1787200031852046210
lidar,1787200031913440790
esp32,1787200031952053696
lidar,1787200032012723176
esp32,1787200032051902467
lidar,1787200032112495471
esp32,1787200032151870088
lidar,1787200032212312259
esp32,1787200032251133246
lidar,1787200032312117175
esp32,1787200032351795551
lidar,1787200032412439969
esp32,1787200032451918648
lidar,1787200032512366366
esp32,1787200032551867771
lidar,1787200032612583300
esp32,1787200032651811553
lidar,1787200032712647622
esp32,1787200032751832695
lidar,1787200032812935705
esp32,1787200032851865464
lidar,1787200032913132465
esp32,1787200032951841175
lidar,1787200033013091034
esp32,1787200033051792600
lidar,1787200033113176170
esp32,1787200033151763766
lidar,1787200033213271381
esp32,1787200033251755823
lidar,1787200033313212489
esp32,1787200033351829220
lidar,1787200033413402351
esp32,1787200033451916911
lidar,1787200033513649377
esp32,1787200033551883858
lidar,1787200033613830646
esp32,1787200033652035633
lidar,1787200033712904976
esp32,1787200033752016092
lidar,1787200033812768918
esp32,1787200033851916565
lidar,1787200033912203491
esp32,1787200033952045175
lidar,1787200034011831124
esp32,1787200034051905156
lidar,1787200034111095869
esp32,1787200034151915052
lidar,1787200034210684271
esp32,1787200034252233462
lidar,1787200034310350255
esp32,1787200034351849077
lidar,1787200034409931952
esp32,1787200034451863645
lidar,1787200034510715669
esp32,1787200034551913921
lidar,1787200034610253959
esp32,1787200034651809817
lidar,1787200034710368331
esp32,1787200034751835979
lidar,1787200034810541222
esp32,1787200034851888684
lidar,1787200034910448359
esp32,1787200034951704508
lidar,1787200035010473921
esp32,1787200035051899995
lidar,1787200035110780937
esp32,1787200035151936127
lidar,1787200035210543219
esp32,1787200035251896902
lidar,1787200035311183500
esp32,1787200035351792290
lidar,1787200035411258673
esp32,1787200035451980795
lidar,1787200035511399325
esp32,1787200035552130768
lidar,1787200035611609741
esp32,1787200035651894557
lidar,1787200035711499825
esp32,1787200035752042038
lidar,1787200035811563265
esp32,1787200035851811031
lidar,1787200035911326528
esp32,1787200035951771728
lidar,1787200036011261701
esp32,1787200036052050937
lidar,1787200036110670517
esp32,1787200036152156198
lidar,1787200036209980683
esp32,1787200036251882725
lidar,1787200036309434133
esp32,1787200036351685290
lidar,1787200036408544984
esp32,1787200036451985935
lidar,1787200036507495181
esp32,1787200036551845145
lidar,1787200036606854809
esp32,1787200036651900245
lidar,1787200036706217297
esp32,1787200036752018710
lidar,1787200036805864572
esp32,1787200036851921365
lidar,1787200036905302849
esp32,1787200036952009663
lidar,1787200037005546475
esp32,1787200037052028086
lidar,1787200037105318467
esp32,1787200037151804442
lidar,1787200037205311096
esp32,1787200037251937069
lidar,1787200037305192102
esp32,1787200037352022854
lidar,1787200037405176264
esp32,1787200037451904758
lidar,1787200037505236682
esp32,1787200037551910522
lidar,1787200037605575203
esp32,1787200037651921430
lidar,1787200037705598164
esp32,1787200037751907484
lidar,1787200037806033679
esp32,1787200037851922231
lidar,1787200037905799902
esp32,1787200037951933268
lidar,1787200038006109889
esp32,1787200038051762772
lidar,1787200038106079788
esp32,1787200038152016101
lidar,1787200038206052672
esp32,1787200038251994094
lidar,1787200038305729881
esp32,1787200038351676468
lidar,1787200038405694929
esp32,1787200038451922083
lidar,1787200038505512733
esp32,1787200038551788171
lidar,1787200038605167066
esp32,1787200038651997308
lidar,1787200038704438030
esp32,1787200038750972326
lidar,1787200038803508602
esp32,1787200038851033387
lidar,1787200038902691053
esp32,1787200038950963290
lidar,1787200039001863516
esp32,1787200039051452197
lidar,1787200039101909897
esp32,1787200039152029405
lidar,1787200039201446929
esp32,1787200039252153983
lidar,1787200039301150799
esp32,1787200039351784771
lidar,1787200039401107826
esp32,1787200039451888205
lidar,1787200039500952626
esp32,1787200039551845971
lidar,1787200039601460610
esp32,1787200039652366180
lidar,1787200039701775362
esp32,1787200039751672884
lidar,1787200039801937018
esp32,1787200039851879333
lidar,1787200039901991869
esp32,1787200039951705171
lidar,1787200040002368248
esp32,1787200040051870522
lidar,1787200040102641848
esp32,1787200040151904688
lidar,1787200040202579935
esp32,1787200040251892505
lidar,1787200040302332705
esp32,1787200040351513760
lidar,1787200040401908091
esp32,1787200040451911302
lidar,1787200040501464167
esp32,1787200040551787984
lidar,1787200040600977423
esp32,1787200040651403686
lidar,1787200040699991270
esp32,1787200040751784664
lidar,1787200040799777037
esp32,1787200040851765959
lidar,1787200040898896415
esp32,1787200040951704412
lidar,1787200040998523985
esp32,1787200041051834980
lidar,1787200041098343330
esp32,1787200041152022053
lidar,1787200041198354247
esp32,1787200041251964255
lidar,1787200041298136204
esp32,1787200041351957445
lidar,1787200041398528177
esp32,1787200041452007994
lidar,1787200041498822382
esp32,1787200041551660859
lidar,1787200041598981618
esp32,1787200041651771996
lidar,1787200041699011391
esp32,1787200041751767063
lidar,1787200041799118880
esp32,1787200041851928995
lidar,1787200041899157608
esp32,1787200041951788883
lidar,1787200041999087318
esp32,1787200042051829702
lidar,1787200042098747930
esp32,1787200042151730236
lidar,1787200042198539634
esp32,1787200042251763147
lidar,1787200042298284310
esp32,1787200042351788874
lidar,1787200042397285003
esp32,1787200042451776381
lidar,1787200042496705406
esp32,1787200042551907236
lidar,1787200042595881598
esp32,1787200042651743930
lidar,1787200042695606220
esp32,1787200042751791519
lidar,1787200042795299077
esp32,1787200042851857542
lidar,1787200042894699544
esp32,1787200042951836396
lidar,1787200042994238939
esp32,1787200043051914215
lidar,1787200043094182803
esp32,1787200043151930706
lidar,1787200043194450677
esp32,1787200043252050308
lidar,1787200043294303225
esp32,1787200043351914908
lidar,1787200043394660864
esp32,1787200043451898336
lidar,1787200043494912486
esp32,1787200043551803542
lidar,1787200043594721574
esp32,1787200043651923846
lidar,1787200043694628066
esp32,1787200043752034605
lidar,1787200043794525971
esp32,1787200043852013924
lidar,1787200043894862027
esp32,1787200043952047855
lidar,1787200043994831577
esp32,1787200044051911812
lidar,1787200044095083016
esp32,1787200044151909198
lidar,1787200044194370819
esp32,1787200044251878712
lidar,1787200044294247541
esp32,1787200044351891119
lidar,1787200044393133313
esp32,1787200044451787335
lidar,1787200044492684244
esp32,1787200044552012997
lidar,1787200044592462475
esp32,1787200044651919129
lidar,1787200044691720277
esp32,1787200044751861193
lidar,1787200044791917895
esp32,1787200044851838339
lidar,1787200044892033263
esp32,1787200044951909608
lidar,1787200044991901062
esp32,1787200045051999581
lidar,1787200045092474878
esp32,1787200045151911724
lidar,1787200045192263117
esp32,1787200045251825339
lidar,1787200045292156137
esp32,1787200045351894710
lidar,1787200045392577485
esp32,1787200045452069410
lidar,1787200045492536595
esp32,1787200045552042982
lidar,1787200045592740168
esp32,1787200045651908985
lidar,1787200045693217807
esp32,1787200045751906370
lidar,1787200045793278970
esp32,1787200045851920275
lidar,1787200045893068786
esp32,1787200045951918351
lidar,1787200045992774734
esp32,1787200046052114497
lidar,1787200046092429438
esp32,1787200046152013931
lidar,1787200046192061633
esp32,1787200046251996551
lidar,1787200046290740733
esp32,1787200046351872429
lidar,1787200046390389279
esp32,1787200046451489309
lidar,1787200046490060272
esp32,1787200046551799642
lidar,1787200046589458759
esp32,1787200046651854001
lidar,1787200046689238809
esp32,1787200046752002830
lidar,1787200046789326016
esp32,1787200046851763198
lidar,1787200046889336113
esp32,1787200046951354717
lidar,1787200046989384310
esp32,1787200047051207291
lidar,1787200047089067527
esp32,1787200047151533434
lidar,1787200047189789292
esp32,1787200047252035691
lidar,1787200047289966870
esp32,1787200047351662735
lidar,1787200047390122529
esp32,1787200047451894593
lidar,1787200047490554447
esp32,1787200047551868780
lidar,1787200047590091785
esp32,1787200047651789712
lidar,1787200047689473668
esp32,1787200047751864261
lidar,1787200047789018014
esp32,1787200047851913640
lidar,1787200047888394640
esp32,1787200047951780070
lidar,1787200047987677195
esp32,1787200048051762891
lidar,1787200048086898335
esp32,1787200048151788618
lidar,1787200048186470193
esp32,1787200048251859812
lidar,1787200048285414084
esp32,1787200048351700280
lidar,1787200048385250188
esp32,1787200048451819232
lidar,1787200048484391771
esp32,1787200048551845049
lidar,1787200048584673667
esp32,1787200048651846462
lidar,1787200048683783229
esp32,1787200048750987998
lidar,1787200048783293143
esp32,1787200048851146495
lidar,1787200048883358141
esp32,1787200048950892536
lidar,1787200048983594829
esp32,1787200049050890469
lidar,1787200049083779776
esp32,1787200049150806577
lidar,1787200049183917203
esp32,1787200049250812422
lidar,1787200049284026492
esp32,1787200049351330017
lidar,1787200049384789636
esp32,1787200049452030124
lidar,1787200049484927652
esp32,1787200049552079953
lidar,1787200049585455681
esp32,1787200049651487411
lidar,1787200049685205757
esp32,1787200049750993992
lidar,1787200049785896785
esp32,1787200049851602978
lidar,1787200049885602565
esp32,1787200049951366693
lidar,1787200049985861358
esp32,1787200050051356060
lidar,1787200050084599181
esp32,1787200050151093090
lidar,1787200050184147802
esp32,1787200050251449255
lidar,1787200050283807316
esp32,1787200050351653742
lidar,1787200050382883487
esp32,1787200050451656770
lidar,1787200050482590853
esp32,1787200050551389382
lidar,1787200050581386041
esp32,1787200050651618474
lidar,1787200050680997016
esp32,1787200050751894661
lidar,1787200050781083396
esp32,1787200050851488335
lidar,1787200050880218248
esp32,1787200050951696602
lidar,1787200050979947110
esp32,1787200051052116214
lidar,1787200051079861718
esp32,1787200051152087993
lidar,1787200051179836121
esp32,1787200051252103322
lidar,1787200051279672350
esp32,1787200051351952176
lidar,1787200051379730677
esp32,1787200051451923518
lidar,1787200051479623493
esp32,1787200051551970200
lidar,1787200051579897939
esp32,1787200051651951835
lidar,1787200051680127419
esp32,1787200051751934507
lidar,1787200051780484605
esp32,1787200051851953370
lidar,1787200051881046963
esp32,1787200051951772839
lidar,1787200051980767216
esp32,1787200052051736868
lidar,1787200052081164094
esp32,1787200052151957602
lidar,1787200052180289871
esp32,1787200052251748355
lidar,1787200052279597498
esp32,1787200052352001834
lidar,1787200052379260910
esp32,1787200052451711188
lidar,1787200052478345482
esp32,1787200052551714753
lidar,1787200052577721393
esp32,1787200052651849837
lidar,1787200052677405305
esp32,1787200052751933705
lidar,1787200052776800131
esp32,1787200052851822346
lidar,1787200052875664185
esp32,1787200052951900771
lidar,1787200052975019981
esp32,1787200053051989051
lidar,1787200053074692106
esp32,1787200053151946319
lidar,1787200053174217151
esp32,1787200053251867775
lidar,1787200053273487200
esp32,1787200053351650470
lidar,1787200053373734071
esp32,1787200053451744660
lidar,1787200053473816351
esp32,1787200053551886373
lidar,1787200053573132905
esp32,1787200053651801510
lidar,1787200053673477338
esp32,1787200053751921171
lidar,1787200053774457745
esp32,1787200053851952884
lidar,1787200053873450216
esp32,1787200053952008782
lidar,1787200053973809655
esp32,1787200054051890688
lidar,1787200054073580985
esp32,1787200054151797996
lidar,1787200054173810195
esp32,1787200054251818636
lidar,1787200054273506869
esp32,1787200054351752061
lidar,1787200054373716543
esp32,1787200054451955502
lidar,1787200054473679082
esp32,1787200054551655155
lidar,1787200054574043967
esp32,1787200054651882690
lidar,1787200054674262214
esp32,1787200054751848880
lidar,1787200054774250748
esp32,1787200054851969762
lidar,1787200054874342181
esp32,1787200054951927672
lidar,1787200054974231592
esp32,1787200055051800259
lidar,1787200055073690284
esp32,1787200055151840039
lidar,1787200055172820957
esp32,1787200055251895236
lidar,1787200055272083944
esp32,1787200055351791444
lidar,1787200055371448173
esp32,1787200055451935836
lidar,1787200055471031298
lidar,1787200055570524598
esp32,1787200055571727056
lidar,1787200055669875532
esp32,1787200055671932569
lidar,1787200055769215673
esp32,1787200055771706465
esp32,1787200055851072169
lidar,1787200055868553649
esp32,1787200055951955634
lidar,1787200055969232979
esp32,1787200056051762749
lidar,1787200056069117038
esp32,1787200056151812032
lidar,1787200056169547621
esp32,1787200056251737086
lidar,1787200056269721645
esp32,1787200056351889149
lidar,1787200056370302082
esp32,1787200056451864782
lidar,1787200056470344643
esp32,1787200056551829243
lidar,1787200056570165890
esp32,1787200056651773854
lidar,1787200056670639394
esp32,1787200056751717379
lidar,1787200056770694823
lidar,1787200056870585542
esp32,1787200056871418067
esp32,1787200056951867415
lidar,1787200056970202295
esp32,1787200057051882800
lidar,1787200057069476982
esp32,1787200057151994772
lidar,1787200057169275960
esp32,1787200057251926571
lidar,1787200057268300398
esp32,1787200057351914768
lidar,1787200057367728153
esp32,1787200057451784278
lidar,1787200057467048794
esp32,1787200057551781457
lidar,1787200057566456561
esp32,1787200057651914128
lidar,1787200057665609725
esp32,1787200057751816276
lidar,1787200057765279788
esp32,1787200057851831065
lidar,1787200057865055397
esp32,1787200057951793470
lidar,1787200057964869081
esp32,1787200058051773015
lidar,1787200058065006326
esp32,1787200058151927409
lidar,1787200058165044447
esp32,1787200058251632841
lidar,1787200058264926068
esp32,1787200058351758493
lidar,1787200058365334811
esp32,1787200058452007236
lidar,1787200058465647744
esp32,1787200058551753108
lidar,1787200058565367556
esp32,1787200058651720924
lidar,1787200058665532902
esp32,1787200058751140297
lidar,1787200058765205113
esp32,1787200058851109920
lidar,1787200058864751785
esp32,1787200058951420318
lidar,1787200058964652100
esp32,1787200059051109249
lidar,1787200059064842694
esp32,1787200059151916285
lidar,1787200059164526614
esp32,1787200059251903748
lidar,1787200059264713341
esp32,1787200059352205459
lidar,1787200059364617256
esp32,1787200059452083916
lidar,1787200059464444996
esp32,1787200059551922738
lidar,1787200059563745755
esp32,1787200059651783749
lidar,1787200059663078956
esp32,1787200059752113831
lidar,1787200059762420759
esp32,1787200059851837460
lidar,1787200059862047275
esp32,1787200059951772360
lidar,1787200059961856919
esp32,1787200060052000675
lidar,1787200060060847891
esp32,1787200060151996984
lidar,1787200060161074510
esp32,1787200060251791059
lidar,1787200060260775608
esp32,1787200060351838692
lidar,1787200060361171671
esp32,1787200060451978876
lidar,1787200060460745341
esp32,1787200060551846079
lidar,1787200060560608515
esp32,1787200060651579309
lidar,1787200060660326472
esp32,1787200060751997224
lidar,1787200060760564597
esp32,1787200060851756930
lidar,1787200060860667005
esp32,1787200060951804782
lidar,1787200060961130034
esp32,1787200061052094356
lidar,1787200061060766562
esp32,1787200061152130366
lidar,1787200061160707537
esp32,1787200061252003186
lidar,1787200061260973777
esp32,1787200061351858060
lidar,1787200061360151206
esp32,1787200061451949815
lidar,1787200061459576608
esp32,1787200061551977897
lidar,1787200061559055912
esp32,1787200061651024519
lidar,1787200061658125992
esp32,1787200061751826250
lidar,1787200061757600114
esp32,1787200061851878683
lidar,1787200061857113699
esp32,1787200061951238898
lidar,1787200061955920234
esp32,1787200062051828236
lidar,1787200062055288420
esp32,1787200062151940149
lidar,1787200062154501868
esp32,1787200062251756754
lidar,1787200062254888917
esp32,1787200062351834697
lidar,1787200062354257699
esp32,1787200062451708901
lidar,1787200062454365597
esp32,1787200062551848172
lidar,1787200062554610100
esp32,1787200062651831101
lidar,1787200062654811339
esp32,1787200062752031884
lidar,1787200062754947598
esp32,1787200062851805906
lidar,1787200062855012404
esp32,1787200062951830871
lidar,1787200062955338029
esp32,1787200063051860782
lidar,1787200063055489213
esp32,1787200063151729610
lidar,1787200063155377409
esp32,1787200063251684867
lidar,1787200063255520676
esp32,1787200063352060505
lidar,1787200063355645610
esp32,1787200063451952371
lidar,1787200063455604807
esp32,1787200063551748579
lidar,1787200063555416082
esp32,1787200063651915364
lidar,1787200063655727235
esp32,1787200063751777219
lidar,1787200063755753835
esp32,1787200063851897097
lidar,1787200063856163098
esp32,1787200063951717277
lidar,1787200063956020583
esp32,1787200064051801620
lidar,1787200064055554706
esp32,1787200064151817530
lidar,1787200064155141099
esp32,1787200064251761361
lidar,1787200064254607015
lidar,1787200064354230662
esp32,1787200064371464852
esp32,1787200064451774728
lidar,1787200064453098932
esp32,1787200064551755504
lidar,1787200064552635202
esp32,1787200064652029799
lidar,1787200064652799617
lidar,1787200064751518744
esp32,1787200064752458362
lidar,1787200064851410357
esp32,1787200064852478162
lidar,1787200064951331697
esp32,1787200064952357682
lidar,1787200065051403936
esp32,1787200065052503460
lidar,1787200065151111291
esp32,1787200065152280069
lidar,1787200065251100557
esp32,1787200065252171099
lidar,1787200065351283867
esp32,1787200065352312985
lidar,1787200065451382708
esp32,1787200065452294077
lidar,1787200065551152732
esp32,1787200065552264040
lidar,1787200065651114920
esp32,1787200065651958056
lidar,1787200065751179486
esp32,1787200065752295816
lidar,1787200065851084540
esp32,1787200065851899949
lidar,1787200065950573231
esp32,1787200065951603364
lidar,1787200066049922588
esp32,1787200066051647043
lidar,1787200066149476603
esp32,1787200066151532936
lidar,1787200066248906006
esp32,1787200066272071606
lidar,1787200066348577920
esp32,1787200066351653816
lidar,1787200066447502356
esp32,1787200066451454464
lidar,1787200066546685344
esp32,1787200066551574568
lidar,1787200066646299490
esp32,1787200066651392731
lidar,1787200066745428440
esp32,1787200066751694668
lidar,1787200066845573555
esp32,1787200066851567758
lidar,1787200066945635248
esp32,1787200066951434436
lidar,1787200067045647257
esp32,1787200067051497977
lidar,1787200067145921372
esp32,1787200067151433238
lidar,1787200067245953075
esp32,1787200067251482034
lidar,1787200067345711498
esp32,1787200067351215203
lidar,1787200067446005343
esp32,1787200067451438522
lidar,1787200067545878994
esp32,1787200067551399397
lidar,1787200067645984027
esp32,1787200067651476889
lidar,1787200067745940176
esp32,1787200067751226889
lidar,1787200067846010697
esp32,1787200067851494550
lidar,1787200067946290703
esp32,1787200067951431354
lidar,1787200068046254365
esp32,1787200068051475392
lidar,1787200068146307910
esp32,1787200068151425773
lidar,1787200068246059687
esp32,1787200068251280673
lidar,1787200068346380424
esp32,1787200068351475042
lidar,1787200068446092165
esp32,1787200068451713482
lidar,1787200068546127081
esp32,1787200068571333027
lidar,1787200068645975131
esp32,1787200068651480007
lidar,1787200068745485539
esp32,1787200068750763884
lidar,1787200068845521239
esp32,1787200068850803444
lidar,1787200068945880484
esp32,1787200068950986688
lidar,1787200069046058814
esp32,1787200069050869881
lidar,1787200069146513642
esp32,1787200069151348663
lidar,1787200069246669473
esp32,1787200069251716200
lidar,1787200069346009247
esp32,1787200069351460636
lidar,1787200069445936244
esp32,1787200069451483047
lidar,1787200069545443110
esp32,1787200069551606946
lidar,1787200069644868593
esp32,1787200069651735093
lidar,1787200069744103135
esp32,1787200069751677497
lidar,1787200069843496485
esp32,1787200069852014409
lidar,1787200069942889080
esp32,1787200069951732416
lidar,1787200070042761330
esp32,1787200070051564875
lidar,1787200070142533542
esp32,1787200070151586113
lidar,1787200070242537654
esp32,1787200070251651888
lidar,1787200070342666080
esp32,1787200070351632401
lidar,1787200070442392293
esp32,1787200070451535079
lidar,1787200070542733102
esp32,1787200070551603564
lidar,1787200070642518076
esp32,1787200070651543094
lidar,1787200070742617386
esp32,1787200070751606634
lidar,1787200070842788973
esp32,1787200070851525465
lidar,1787200070942604059
esp32,1787200070951554403
lidar,1787200071042481722
esp32,1787200071051528439
lidar,1787200071142174748
esp32,1787200071151583949
lidar,1787200071242243862
esp32,1787200071252007429
lidar,1787200071342525162
esp32,1787200071351470400
lidar,1787200071442624102
esp32,1787200071451361140
lidar,1787200071542351972
esp32,1787200071551525597
lidar,1787200071642477526
esp32,1787200071651571699
lidar,1787200071742568851
esp32,1787200071751568399
lidar,1787200071842572614
esp32,1787200071851605113
lidar,1787200071942415033
esp32,1787200071951573072
lidar,1787200072041779473
esp32,1787200072051624446
lidar,1787200072140873880
esp32,1787200072151281280
lidar,1787200072240714793
esp32,1787200072251720675
lidar,1787200072340107425
esp32,1787200072351418151
lidar,1787200072439680625
esp32,1787200072451514178
lidar,1787200072539475076
esp32,1787200072551601643
lidar,1787200072638876315
esp32,1787200072651538604
lidar,1787200072739044533
esp32,1787200072771977310
lidar,1787200072838694087
esp32,1787200072851396613
lidar,1787200072938865571
esp32,1787200072951590178
lidar,1787200073039179656
esp32,1787200073051533757
lidar,1787200073139408631
esp32,1787200073151562671
lidar,1787200073239648657
esp32,1787200073251797428
lidar,1787200073339928813
esp32,1787200073351606580
lidar,1787200073440170013
esp32,1787200073451388288
lidar,1787200073540374890
esp32,1787200073551444989
lidar,1787200073640479175
esp32,1787200073651678283
lidar,1787200073740293243
esp32,1787200073751683264
lidar,1787200073840075385
esp32,1787200073851689210
lidar,1787200073939652850
esp32,1787200073951616542
lidar,1787200074039100382
esp32,1787200074051578787
lidar,1787200074137909787
esp32,1787200074151851606
lidar,1787200074238061323
esp32,1787200074251663015
lidar,1787200074337469400
esp32,1787200074351608583
lidar,1787200074436930812
esp32,1787200074451744040
lidar,1787200074536323634
esp32,1787200074551661306
lidar,1787200074635624267
esp32,1787200074651827168
lidar,1787200074735473769
esp32,1787200074771857919
lidar,1787200074835567957
esp32,1787200074851910953
lidar,1787200074935521364
esp32,1787200074951800349
lidar,1787200075035619477
esp32,1787200075051601820
lidar,1787200075135505911
esp32,1787200075151753191
lidar,1787200075235821075
esp32,1787200075251550987
lidar,1787200075335718654
esp32,1787200075351657766
lidar,1787200075435995244
esp32,1787200075451740119
lidar,1787200075536180571
esp32,1787200075551572100
lidar,1787200075635690563
esp32,1787200075651702028
lidar,1787200075735784211
esp32,1787200075752033463
lidar,1787200075835515372
esp32,1787200075851536678
lidar,1787200075934982709
esp32,1787200075951532894
lidar,1787200076034128840
esp32,1787200076051795374
lidar,1787200076133394717
esp32,1787200076151802723
lidar,1787200076232581037
esp32,1787200076251728233
lidar,1787200076332032342
esp32,1787200076351757033
lidar,1787200076431122934
esp32,1787200076451985764
lidar,1787200076530709869
esp32,1787200076551449822
lidar,1787200076630289702
esp32,1787200076651395799
lidar,1787200076729878389
esp32,1787200076751712184
lidar,1787200076830007112
esp32,1787200076851841842
lidar,1787200076929471772
esp32,1787200076971781468
lidar,1787200077029712968
esp32,1787200077071512078
lidar,1787200077129745043
esp32,1787200077171974285
lidar,1787200077229695031
esp32,1787200077251906847
lidar,1787200077330210686
esp32,1787200077351879993
lidar,1787200077430007766
esp32,1787200077451767566
lidar,1787200077530315319
esp32,1787200077552007721
lidar,1787200077630141249
esp32,1787200077651746722
lidar,1787200077730855801
esp32,1787200077751999993
lidar,1787200077830889897
esp32,1787200077872090123
lidar,1787200077931069505
esp32,1787200077952076456
lidar,1787200078030901775
esp32,1787200078052129950
lidar,1787200078130702643
esp32,1787200078151932300
lidar,1787200078230138479
esp32,1787200078252073117
lidar,1787200078329879981
esp32,1787200078351908566
lidar,1787200078429153679
esp32,1787200078452169276
lidar,1787200078528315924
esp32,1787200078551792645
lidar,1787200078627796294
esp32,1787200078671892573
lidar,1787200078727037139
esp32,1787200078751091011
lidar,1787200078826164691
esp32,1787200078850947124
lidar,1787200078924935380
esp32,1787200078950981480
lidar,1787200079024417047
esp32,1787200079050837062
lidar,1787200079123911364
esp32,1787200079171938306
lidar,1787200079223712670
esp32,1787200079251716668
lidar,1787200079322986955
esp32,1787200079351757133
lidar,1787200079423013676
esp32,1787200079451821830
lidar,1787200079522927457
esp32,1787200079552004000
lidar,1787200079622889821
esp32,1787200079651875088
lidar,1787200079722905398
esp32,1787200079752051618
lidar,1787200079822924781
esp32,1787200079851891497
lidar,1787200079923067614
esp32,1787200079951947987
lidar,1787200080022880660
esp32,1787200080051876429
lidar,1787200080123106279
esp32,1787200080151388853
lidar,1787200080222936364
esp32,1787200080251774938
lidar,1787200080323311554
esp32,1787200080351928246
lidar,1787200080423233738
esp32,1787200080451950389
lidar,1787200080523648103
esp32,1787200080552200477
lidar,1787200080623599893
esp32,1787200080652128428
lidar,1787200080723756013
esp32,1787200080752009836
lidar,1787200080823359132
esp32,1787200080851845077
lidar,1787200080922918694
esp32,1787200080950875196
lidar,1787200081022264476
esp32,1787200081051365224
lidar,1787200081121962493
esp32,1787200081171716730
lidar,1787200081220711768
esp32,1787200081251453071
lidar,1787200081319900402
esp32,1787200081371779939
lidar,1787200081419270534
esp32,1787200081451751736
lidar,1787200081519055594
esp32,1787200081551826105
lidar,1787200081618650229
esp32,1787200081651340041
lidar,1787200081718761429
esp32,1787200081751296670
lidar,1787200081818556744
esp32,1787200081851599290
lidar,1787200081918347532
esp32,1787200081951302998
lidar,1787200082018562769
esp32,1787200082051683998
lidar,1787200082118508536
esp32,1787200082151339088
lidar,1787200082218539374
esp32,1787200082271850391
lidar,1787200082318677363
esp32,1787200082351892991
lidar,1787200082418613750
esp32,1787200082451798779
lidar,1787200082518792127
esp32,1787200082551490798
lidar,1787200082618565998
esp32,1787200082651297753
lidar,1787200082718601562
esp32,1787200082751889316
lidar,1787200082818907469
esp32,1787200082851742433
lidar,1787200082919200105
esp32,1787200082970926662
lidar,1787200083019690570
esp32,1787200083051984195
lidar,1787200083119181133
esp32,1787200083151343913
lidar,1787200083219217316
esp32,1787200083251366948
lidar,1787200083319487351
esp32,1787200083351958427
lidar,1787200083419430325
esp32,1787200083451917232
lidar,1787200083519429866
esp32,1787200083571704499
lidar,1787200083619483458
esp32,1787200083672032018
lidar,1787200083719573934
esp32,1787200083751994390
lidar,1787200083819591386
esp32,1787200083852033545
lidar,1787200083919327163
esp32,1787200083951848139
lidar,1787200084019192886
esp32,1787200084051926313
lidar,1787200084118903029
esp32,1787200084151747770
lidar,1787200084219240550
esp32,1787200084271851202
lidar,1787200084319069725
esp32,1787200084352024044
lidar,1787200084419285425
esp32,1787200084452076900
lidar,1787200084518778693
esp32,1787200084591851838
lidar,1787200084618828390
esp32,1787200084671921886
lidar,1787200084718978523
esp32,1787200084771833029
lidar,1787200084818673432
esp32,1787200084871825723
lidar,1787200084918837664
esp32,1787200084971836214
lidar,1787200085018476119
esp32,1787200085071716485
lidar,1787200085117910017
esp32,1787200085171426827
lidar,1787200085216982947
esp32,1787200085271942079
lidar,1787200085316794188
esp32,1787200085371949451
lidar,1787200085416012878
esp32,1787200085451855977
lidar,1787200085515475309
esp32,1787200085552010142
lidar,1787200085614855410
esp32,1787200085672003221
lidar,1787200085714132772
esp32,1787200085771977253
lidar,1787200085813568648
esp32,1787200085851949066
lidar,1787200085913535521
esp32,1787200085951701483
lidar,1787200086012805036
esp32,1787200086051978463
lidar,1787200086113003959
esp32,1787200086171498009
lidar,1787200086213166380
esp32,1787200086251834988
lidar,1787200086313020322
esp32,1787200086372001404
lidar,1787200086413404878
esp32,1787200086471961046
lidar,1787200086513109249
esp32,1787200086571833172
lidar,1787200086613371837
esp32,1787200086671924426
lidar,1787200086713170745
esp32,1787200086771589146
lidar,1787200086813428413
esp32,1787200086872019113
lidar,1787200086913008777
esp32,1787200086971559145
lidar,1787200087013175751
esp32,1787200087071782607
lidar,1787200087113186650
esp32,1787200087171938122
lidar,1787200087212614188
esp32,1787200087252024251
lidar,1787200087312301828
esp32,1787200087351873856
lidar,1787200087411380933
esp32,1787200087471900183
lidar,1787200087510867245
esp32,1787200087551923897
lidar,1787200087610600988
esp32,1787200087651850543
lidar,1787200087710498664
esp32,1787200087772032894
lidar,1787200087810402241
esp32,1787200087871830787
lidar,1787200087910528550
esp32,1787200087971975917
lidar,1787200088010364484
esp32,1787200088071575010
lidar,1787200088110815137
esp32,1787200088171504250
lidar,1787200088210855123
esp32,1787200088271885455
lidar,1787200088311078425
esp32,1787200088371576224
lidar,1787200088411250796
esp32,1787200088452069612
lidar,1787200088510859017
esp32,1787200088552035370
lidar,1787200088611318633
esp32,1787200088651833030
lidar,1787200088710963373
esp32,1787200088751033537
lidar,1787200088810736823
esp32,1787200088871183294
lidar,1787200088910960291
esp32,1787200088950999129
lidar,1787200089010640530
esp32,1787200089051000987
lidar,1787200089111166007
esp32,1787200089151852380
lidar,1787200089211149254
esp32,1787200089251698994
lidar,1787200089311184652
esp32,1787200089371562569
lidar,1787200089410688362
esp32,1787200089451984405
lidar,1787200089510180256
esp32,1787200089551859276
lidar,1787200089609618582
esp32,1787200089671485880
lidar,1787200089708988239
esp32,1787200089771889806
lidar,1787200089808619477
esp32,1787200089871905152
lidar,1787200089908058562
esp32,1787200089971697509
lidar,1787200090007188914
esp32,1787200090071439827
lidar,1787200090106524460
esp32,1787200090171796464
lidar,1787200090206501811
esp32,1787200090271715949
lidar,1787200090306142736
esp32,1787200090371705969
lidar,1787200090405627277
esp32,1787200090472022986
lidar,1787200090505512322
esp32,1787200090571514523
lidar,1787200090605197378
esp32,1787200090651860918
lidar,1787200090705140187
esp32,1787200090751858379
lidar,1787200090805800992
esp32,1787200090852040509
lidar,1787200090905620684
esp32,1787200090951915825
lidar,1787200091006043083
esp32,1787200091051866781
lidar,1787200091106018210
esp32,1787200091151840087
lidar,1787200091205947697
esp32,1787200091251840522
lidar,1787200091306023621
esp32,1787200091371846570
lidar,1787200091405447078
esp32,1787200091471882812
lidar,1787200091505976753
esp32,1787200091571946029
lidar,1787200091606135125
esp32,1787200091671867648
lidar,1787200091705257105
esp32,1787200091771993765
lidar,1787200091804796348
esp32,1787200091872007398
lidar,1787200091903911785
esp32,1787200091971828768
lidar,1787200092003240068
esp32,1787200092071922531
lidar,1787200092102505984
esp32,1787200092171800553
lidar,1787200092201510886
esp32,1787200092271150918
lidar,1787200092300994557
esp32,1787200092351853505
lidar,1787200092400842181
esp32,1787200092451911969
lidar,1787200092500379961
esp32,1787200092552011266
lidar,1787200092600188130
esp32,1787200092651847352
lidar,1787200092700623458
esp32,1787200092751732105
lidar,1787200092800824311
esp32,1787200092851964999
lidar,1787200092901009588
esp32,1787200092951937054
lidar,1787200093000662188
esp32,1787200093072104906
lidar,1787200093100382829
esp32,1787200093152051448
lidar,1787200093200997016
esp32,1787200093252064718
lidar,1787200093301072458
esp32,1787200093371815748
lidar,1787200093401037270
esp32,1787200093471920287
lidar,1787200093500661572
esp32,1787200093571835621
lidar,1787200093600631948
esp32,1787200093671958625
lidar,1787200093700664742
esp32,1787200093771918108
lidar,1787200093800482338
esp32,1787200093871959214
lidar,1787200093900101393
esp32,1787200093971847371
lidar,1787200093999067307
esp32,1787200094071996018
lidar,1787200094099150454
esp32,1787200094171538004
lidar,1787200094198420053
esp32,1787200094271539929
lidar,1787200094297708299
esp32,1787200094371894135
lidar,1787200094397285474
esp32,1787200094452006120
lidar,1787200094496314341
esp32,1787200094552193560
lidar,1787200094595700195
esp32,1787200094652038867
lidar,1787200094694819536
esp32,1787200094751983921
lidar,1787200094795153762
esp32,1787200094871969923
lidar,1787200094894751304
esp32,1787200094971948553
lidar,1787200094994493891
esp32,1787200095071942188
lidar,1787200095094507302
esp32,1787200095171613425
lidar,1787200095194573884
esp32,1787200095271937658
lidar,1787200095294201490
esp32,1787200095371892499
lidar,1787200095394314165
esp32,1787200095471945779
lidar,1787200095494283897
esp32,1787200095571841414
lidar,1787200095594329259
esp32,1787200095671937337
lidar,1787200095694100038
esp32,1787200095771836628
lidar,1787200095793962985
esp32,1787200095871839172
lidar,1787200095893660406
esp32,1787200095951866658
lidar,1787200095993932860
esp32,1787200096052086487
lidar,1787200096093837631
esp32,1787200096171406827
lidar,1787200096193481513
esp32,1787200096271831661
lidar,1787200096293091943
esp32,1787200096351889532
lidar,1787200096393527022
esp32,1787200096451843847
lidar,1787200096493430497
esp32,1787200096552218633
lidar,1787200096593285911
esp32,1787200096671955429
lidar,1787200096693499200
esp32,1787200096771963910
lidar,1787200096793588701
esp32,1787200096852174479
lidar,1787200096894154992
esp32,1787200096951972243
lidar,1787200096994137678
esp32,1787200097051847374
lidar,1787200097093953579
esp32,1787200097170879619
lidar,1787200097193163857
esp32,1787200097251811911
lidar,1787200097292494386
esp32,1787200097371844839
lidar,1787200097391923654
esp32,1787200097451832460
lidar,1787200097491085334
esp32,1787200097551890628
lidar,1787200097590603041
esp32,1787200097651880174
lidar,1787200097689443886
esp32,1787200097751788839
lidar,1787200097788818904
esp32,1787200097871936610
lidar,1787200097887874251
esp32,1787200097971849721
lidar,1787200097987851635
esp32,1787200098071658882
lidar,1787200098087824455
esp32,1787200098170994744
lidar,1787200098187189919
esp32,1787200098271756001
lidar,1787200098287026341
esp32,1787200098371772513
lidar,1787200098386772921
esp32,1787200098471934886
lidar,1787200098486679601
esp32,1787200098571514345
lidar,1787200098586550373
esp32,1787200098671861772
lidar,1787200098686611692
esp32,1787200098770953674
lidar,1787200098786192985
esp32,1787200098871058581
lidar,1787200098886286799
esp32,1787200098971037066
lidar,1787200098986063261
esp32,1787200099071528569
lidar,1787200099086682898
esp32,1787200099171563009
lidar,1787200099186736978
esp32,1787200099271835185
lidar,1787200099286656949
esp32,1787200099371958454
lidar,1787200099386868200
esp32,1787200099471944550
lidar,1787200099486573682
esp32,1787200099571849354
lidar,1787200099586402772
esp32,1787200099671763340
lidar,1787200099686026827
lidar,1787200099786463225
esp32,1787200099791653228
esp32,1787200099871946728
lidar,1787200099886361245
esp32,1787200099971764991
lidar,1787200099986038030
esp32,1787200100072014671
lidar,1787200100086692369
esp32,1787200100171768733
lidar,1787200100186652741
esp32,1787200100271820104
lidar,1787200100286293395
esp32,1787200100371813879
lidar,1787200100386658605
esp32,1787200100471921463
lidar,1787200100486534425
esp32,1787200100571484798
lidar,1787200100586889571
esp32,1787200100671599983
lidar,1787200100686471431
esp32,1787200100771969557
lidar,1787200100786482027
esp32,1787200100871813806
lidar,1787200100886444012
esp32,1787200100971919946
lidar,1787200100986164808
esp32,1787200101071941823
lidar,1787200101086152502
esp32,1787200101171788018
lidar,1787200101186310780
esp32,1787200101271828154
lidar,1787200101286130482
esp32,1787200101371917812
lidar,1787200101386073558
esp32,1787200101471870913
lidar,1787200101485524235
esp32,1787200101571376699
lidar,1787200101585293314
esp32,1787200101671431086
lidar,1787200101684367108
esp32,1787200101771908643
lidar,1787200101783506050
esp32,1787200101871783078
lidar,1787200101883085834
esp32,1787200101971443195
lidar,1787200101982457550
esp32,1787200102071518481
lidar,1787200102081652062
esp32,1787200102171370199
lidar,1787200102180980942
esp32,1787200102271776348
lidar,1787200102280614994
esp32,1787200102371529711
lidar,1787200102380265962
esp32,1787200102471546482
lidar,1787200102480466846
esp32,1787200102571389878
lidar,1787200102579942942
esp32,1787200102671583670
lidar,1787200102679277077
esp32,1787200102771840370
lidar,1787200102779095604
esp32,1787200102871607585
lidar,1787200102878676606
esp32,1787200102971773576
lidar,1787200102978643823
esp32,1787200103071494475
lidar,1787200103078612778
esp32,1787200103171527310
lidar,1787200103178539914
esp32,1787200103271527758
lidar,1787200103279380154
esp32,1787200103371513320
lidar,1787200103379825077
esp32,1787200103471435223
lidar,1787200103480029816
esp32,1787200103571617994
lidar,1787200103580527523
esp32,1787200103671533603
lidar,1787200103680912155
esp32,1787200103771586857
lidar,1787200103781603365
esp32,1787200103871596849
lidar,1787200103882697393
esp32,1787200103971691221
lidar,1787200103982710217
esp32,1787200104071821656
lidar,1787200104083506207
esp32,1787200104171715265
lidar,1787200104182959083
esp32,1787200104271977474
lidar,1787200104283440179
esp32,1787200104371782403
lidar,1787200104383187301
esp32,1787200104472003489
lidar,1787200104482945518
esp32,1787200104571557566
lidar,1787200104583157777
esp32,1787200104671863634
lidar,1787200104683001570
esp32,1787200104771872704
lidar,1787200104782643641
esp32,1787200104871852040
lidar,1787200104882446604
esp32,1787200104971785343
lidar,1787200104982586300
esp32,1787200105071796004
lidar,1787200105082426247
esp32,1787200105172062381
lidar,1787200105182074773
esp32,1787200105270989537
lidar,1787200105282104134
esp32,1787200105371914539
lidar,1787200105381074512
esp32,1787200105471825178
lidar,1787200105480199127
esp32,1787200105570969177
lidar,1787200105578969639
esp32,1787200105671867423
lidar,1787200105678179883
esp32,1787200105771801663
lidar,1787200105777241488
esp32,1787200105871422730
lidar,1787200105876637518
esp32,1787200105971856719
lidar,1787200105976795518
esp32,1787200106071877804
lidar,1787200106076563063
esp32,1787200106171803724
lidar,1787200106176467074
esp32,1787200106271886821
lidar,1787200106276487888
esp32,1787200106371764065
lidar,1787200106376218362
esp32,1787200106471830253
lidar,1787200106476456665
esp32,1787200106571500966
lidar,1787200106576310570
esp32,1787200106671826189
lidar,1787200106676012148
esp32,1787200106771845825
lidar,1787200106775947758
esp32,1787200106871759710
lidar,1787200106876053886
esp32,1787200106971924133
lidar,1787200106976106849
esp32,1787200107071832097
lidar,1787200107075995663
esp32,1787200107171703602
lidar,1787200107175406363
esp32,1787200107271756551
lidar,1787200107275594179
esp32,1787200107371854105
lidar,1787200107375327732
esp32,1787200107471886859
lidar,1787200107475121729
esp32,1787200107571639530
lidar,1787200107575013755
esp32,1787200107671869679
lidar,1787200107674952629
esp32,1787200107771992274
lidar,1787200107774511418
esp32,1787200107871754357
lidar,1787200107874663507
esp32,1787200107971908246
lidar,1787200107974757701
esp32,1787200108071927263
lidar,1787200108074698068
esp32,1787200108171818671
lidar,1787200108174433583
esp32,1787200108271536394
lidar,1787200108274043761
esp32,1787200108371787452
lidar,1787200108374120110
esp32,1787200108471874891
lidar,1787200108474104607
esp32,1787200108571486900
lidar,1787200108574076399
esp32,1787200108671876144
lidar,1787200108674123682
esp32,1787200108770950968
lidar,1787200108773478149
esp32,1787200108871086459
lidar,1787200108873236093
esp32,1787200108971223212
lidar,1787200108973084013
esp32,1787200109071741388
lidar,1787200109072923233
esp32,1787200109171911506
lidar,1787200109173011918
esp32,1787200109271911733
lidar,1787200109273196206
esp32,1787200109371747471
lidar,1787200109372741198
esp32,1787200109471760202
lidar,1787200109472823840
esp32,1787200109571934562
lidar,1787200109572577567
esp32,1787200109671935038
lidar,1787200109672568969
esp32,1787200109771916073
lidar,1787200109772961746
esp32,1787200109871770406
lidar,1787200109872823571
esp32,1787200109971808905
lidar,1787200109972612599
esp32,1787200110071804014
lidar,1787200110072743434
esp32,1787200110171844782
lidar,1787200110173045276
esp32,1787200110271867839
lidar,1787200110272728593
esp32,1787200110371733258
lidar,1787200110372570018
lidar,1787200110471467017
esp32,1787200110472650813
lidar,1787200110571162812
esp32,1787200110572215424
lidar,1787200110671195879
esp32,1787200110672362668
lidar,1787200110771288407
esp32,1787200110772395956
lidar,1787200110871235810
esp32,1787200110872181534
lidar,1787200110970984547
esp32,1787200110972009620
lidar,1787200111070878555
esp32,1787200111071653668
lidar,1787200111171168131
esp32,1787200111172349164
lidar,1787200111270954340
esp32,1787200111272149743
lidar,1787200111370997110
esp32,1787200111372046174
lidar,1787200111470847953
esp32,1787200111471996113
lidar,1787200111570528425
esp32,1787200111571623655
lidar,1787200111670023564
esp32,1787200111671716780
lidar,1787200111769375168
esp32,1787200111771720924
lidar,1787200111868898291
esp32,1787200111871525773
lidar,1787200111968079285
esp32,1787200111971601092
lidar,1787200112067174361
esp32,1787200112071449201
lidar,1787200112166527590
esp32,1787200112171542817
lidar,1787200112265886544
esp32,1787200112271451787
lidar,1787200112365723368
esp32,1787200112371452388
lidar,1787200112465420244
esp32,1787200112471554556
lidar,1787200112565101317
esp32,1787200112571178844
lidar,1787200112665099225
esp32,1787200112671511342
lidar,1787200112764725273
esp32,1787200112771388817
lidar,1787200112864783103
esp32,1787200112871921936
lidar,1787200112964688418
esp32,1787200112971586010
lidar,1787200113064422060
esp32,1787200113071579404
lidar,1787200113164330807
esp32,1787200113171530079
lidar,1787200113264608643
esp32,1787200113271696176
lidar,1787200113364228837
esp32,1787200113371366551
lidar,1787200113463937500
esp32,1787200113470944616
lidar,1787200113564554017
esp32,1787200113571768170
lidar,1787200113664546767
esp32,1787200113671682592
lidar,1787200113764718338
esp32,1787200113771706848
lidar,1787200113864422935
esp32,1787200113871788092
lidar,1787200113964369012
esp32,1787200113971694871
lidar,1787200114064250720
esp32,1787200114071634922
lidar,1787200114163855549
esp32,1787200114171522253
lidar,1787200114264016270
esp32,1787200114271760246
lidar,1787200114363773972
esp32,1787200114371539898
lidar,1787200114463625349
esp32,1787200114471573656
lidar,1787200114563274816
esp32,1787200114571429481
lidar,1787200114663341453
esp32,1787200114671520956
lidar,1787200114763110667
esp32,1787200114771500464
lidar,1787200114863078237
esp32,1787200114871669893
lidar,1787200114962676462
esp32,1787200114971355571
lidar,1787200115062782096
esp32,1787200115071465327
lidar,1787200115162615589
esp32,1787200115171490649
lidar,1787200115262656713
esp32,1787200115271486432
lidar,1787200115362745031
esp32,1787200115371372213
lidar,1787200115462715765
esp32,1787200115471740408
lidar,1787200115562818785
esp32,1787200115571314739
lidar,1787200115663219678
esp32,1787200115671488409
lidar,1787200115763113503
esp32,1787200115771464705
lidar,1787200115863260653
esp32,1787200115871524159
lidar,1787200115962693398
esp32,1787200115971535103
lidar,1787200116062198044
esp32,1787200116071353664
lidar,1787200116161484314
esp32,1787200116171688582
lidar,1787200116260489597
esp32,1787200116271366264
lidar,1787200116360543622
esp32,1787200116371514806
lidar,1787200116459041215
esp32,1787200116471389447
lidar,1787200116558417983
esp32,1787200116571443771
lidar,1787200116657534887
esp32,1787200116671578262
lidar,1787200116756868976
esp32,1787200116771931223
lidar,1787200116856287507
esp32,1787200116871930538
lidar,1787200116956136508
esp32,1787200116971775330
lidar,1787200117056220046
esp32,1787200117071770424
lidar,1787200117156215506
esp32,1787200117171824789
lidar,1787200117255982288
esp32,1787200117271807209
lidar,1787200117356062197
esp32,1787200117371711293
lidar,1787200117455257388
esp32,1787200117471566089
lidar,1787200117555520513
esp32,1787200117571346489
lidar,1787200117655728435
esp32,1787200117671408363
lidar,1787200117755391040
esp32,1787200117771448040
lidar,1787200117855277942
esp32,1787200117871375232
lidar,1787200117955070448
esp32,1787200117971352263
lidar,1787200118054933719
esp32,1787200118071453511
lidar,1787200118154658519
esp32,1787200118171451228
lidar,1787200118254648959
esp32,1787200118271477682
lidar,1787200118354381028
esp32,1787200118371419056
lidar,1787200118454479799
esp32,1787200118471376866
lidar,1787200118554319163
esp32,1787200118571320194
lidar,1787200118653944857
esp32,1787200118671381122
lidar,1787200118752994255
esp32,1787200118770911465
lidar,1787200118852889605
esp32,1787200118871034619
lidar,1787200118952605061
esp32,1787200118970989118
lidar,1787200119052900636
esp32,1787200119071688979
lidar,1787200119153030728
esp32,1787200119171791543
lidar,1787200119252528273
esp32,1787200119271780586
lidar,1787200119352420432
esp32,1787200119371714634
lidar,1787200119452102289
esp32,1787200119471558482
lidar,1787200119551932680
esp32,1787200119571831449
lidar,1787200119651870329
esp32,1787200119671803416
lidar,1787200119751682990
esp32,1787200119771819121
lidar,1787200119851746174
esp32,1787200119871831900
lidar,1787200119951728192
esp32,1787200119971737056
lidar,1787200120051416681
esp32,1787200120071814101
lidar,1787200120151362349
esp32,1787200120171822789
lidar,1787200120251092607
esp32,1787200120271819576
lidar,1787200120351164055
esp32,1787200120371983296
lidar,1787200120451095311
esp32,1787200120471869985
lidar,1787200120551036332
esp32,1787200120571283276
lidar,1787200120650851306
esp32,1787200120671904987
lidar,1787200120750963740
esp32,1787200120771812065
lidar,1787200120850688056
esp32,1787200120871852507
lidar,1787200120950723493
esp32,1787200120971934640
lidar,1787200121050563460
esp32,1787200121071475558
lidar,1787200121150107709
esp32,1787200121171347423
lidar,1787200121249904996
esp32,1787200121271817798
lidar,1787200121350077657
esp32,1787200121371729802
lidar,1787200121449511774
esp32,1787200121471870131
lidar,1787200121549939053
esp32,1787200121571814658
lidar,1787200121649424662
esp32,1787200121671414379
lidar,1787200121749216541
esp32,1787200121772025038
lidar,1787200121849318194
esp32,1787200121871844443
lidar,1787200121949022371
esp32,1787200121971870421
lidar,1787200122048904268
esp32,1787200122071974002
lidar,1787200122149081973
esp32,1787200122171325108
lidar,1787200122249056340
esp32,1787200122271895213
lidar,1787200122349274773
esp32,1787200122371908197
lidar,1787200122448999232
esp32,1787200122471818762
lidar,1787200122548827227
esp32,1787200122571301168
lidar,1787200122648924413
esp32,1787200122671745935
lidar,1787200122748988072
esp32,1787200122771911257
lidar,1787200122848895254
esp32,1787200122871941892
lidar,1787200122948331295
esp32,1787200122971803996
lidar,1787200123048462361
esp32,1787200123071849955
lidar,1787200123148447973
esp32,1787200123171706578
lidar,1787200123248249038
esp32,1787200123271830548
lidar,1787200123348126971
esp32,1787200123371895606
lidar,1787200123447951010
esp32,1787200123471936843
lidar,1787200123547991984
esp32,1787200123571761366
lidar,1787200123647637733
esp32,1787200123671991577
lidar,1787200123747624771
esp32,1787200123771910342
lidar,1787200123847476361
esp32,1787200123871515136
lidar,1787200123947120677
esp32,1787200123972003476
lidar,1787200124046911305
esp32,1787200124071991503
lidar,1787200124146824271
esp32,1787200124171694196
lidar,1787200124247379823
esp32,1787200124271840710
lidar,1787200124347246277
esp32,1787200124371798743
lidar,1787200124446953427
esp32,1787200124471804265
lidar,1787200124547002367
esp32,1787200124571438187
lidar,1787200124646598725
esp32,1787200124671794998
lidar,1787200124745894559
esp32,1787200124771923459
lidar,1787200124845605413
esp32,1787200124871904144
lidar,1787200124944672557
esp32,1787200124971808880
lidar,1787200125044108872
esp32,1787200125071954157
lidar,1787200125143063374
esp32,1787200125171854286
lidar,1787200125242484707
esp32,1787200125271818846
lidar,1787200125342153579
esp32,1787200125371759298
lidar,1787200125442338217
esp32,1787200125471808634
lidar,1787200125541726703
esp32,1787200125571254355
lidar,1787200125641454207
esp32,1787200125671454242
lidar,1787200125741457482
esp32,1787200125771789790
lidar,1787200125841420096
esp32,1787200125871480653
lidar,1787200125941578878
esp32,1787200125971820161
lidar,1787200126041495543
esp32,1787200126071814432
lidar,1787200126141702099
esp32,1787200126171824518
lidar,1787200126241317223
esp32,1787200126271723211
lidar,1787200126341032742
esp32,1787200126371284949
lidar,1787200126441069117
esp32,1787200126472001127
lidar,1787200126541100938
esp32,1787200126571838330
lidar,1787200126640785478
esp32,1787200126671940530
lidar,1787200126740510677
esp32,1787200126771806027
lidar,1787200126840471273
esp32,1787200126871940151
lidar,1787200126940165775
esp32,1787200126971937019
lidar,1787200127040192309
esp32,1787200127071867786
lidar,1787200127140337806
esp32,1787200127171597758
lidar,1787200127240261870
esp32,1787200127271801279
lidar,1787200127340706319
esp32,1787200127371770491
lidar,1787200127440601762
esp32,1787200127471774645
lidar,1787200127540522898
esp32,1787200127571533144
lidar,1787200127639949066
esp32,1787200127672198507
lidar,1787200127739201856
esp32,1787200127772025223
lidar,1787200127838570205
esp32,1787200127871932801
lidar,1787200127937516831
esp32,1787200127971306839
lidar,1787200128036863839
esp32,1787200128071806688
lidar,1787200128135953350
esp32,1787200128171822134
lidar,1787200128235051315
esp32,1787200128272066458
lidar,1787200128333728612
esp32,1787200128371905501
lidar,1787200128433205291
esp32,1787200128471974399
lidar,1787200128533001502
esp32,1787200128571396524
lidar,1787200128632682083
esp32,1787200128671722818
lidar,1787200128732031529
esp32,1787200128770925818
lidar,1787200128831976241
esp32,1787200128871019182
lidar,1787200128931626586
esp32,1787200128970933958
lidar,1787200129031553112
esp32,1787200129071757230
lidar,1787200129131584320
esp32,1787200129171808681
lidar,1787200129231083378
esp32,1787200129271775117
lidar,1787200129331314062
esp32,1787200129371875129
lidar,1787200129430917034
esp32,1787200129471790063
lidar,1787200129531035540
esp32,1787200129571703432
lidar,1787200129630099414
esp32,1787200129671892900
lidar,1787200129730585598
esp32,1787200129771779812
lidar,1787200129830505886
esp32,1787200129871787014
lidar,1787200129930444990
esp32,1787200129971902660
lidar,1787200130030651621
esp32,1787200130071866557
lidar,1787200130130930713
esp32,1787200130171299372
lidar,1787200130230992474
esp32,1787200130271877631
lidar,1787200130331507697
esp32,1787200130371864191
lidar,1787200130431974262
esp32,1787200130471965198
lidar,1787200130533017935
esp32,1787200130571406880
lidar,1787200130633708304
esp32,1787200130671320993
lidar,1787200130734056334
esp32,1787200130771795090
lidar,1787200130834123236
esp32,1787200130871774285
lidar,1787200130934347353
esp32,1787200130971871192
lidar,1787200131034517789
esp32,1787200131071790182
lidar,1787200131134551038
esp32,1787200131171319516
lidar,1787200131234750705
esp32,1787200131271872210
lidar,1787200131334605073
esp32,1787200131371897983
lidar,1787200131433896630
esp32,1787200131471768507
lidar,1787200131533949041
esp32,1787200131571795465
lidar,1787200131633247882
esp32,1787200131671690769
lidar,1787200131732025914
esp32,1787200131771770262
lidar,1787200131831558046
esp32,1787200131871917506
lidar,1787200131930435738
esp32,1787200131971784068
lidar,1787200132029789608
esp32,1787200132071475643
lidar,1787200132129301774
esp32,1787200132171467371
lidar,1787200132228688316
esp32,1787200132271780545
lidar,1787200132328518151
esp32,1787200132371556087
lidar,1787200132428302768
esp32,1787200132471588409
lidar,1787200132528424832
esp32,1787200132571268474
lidar,1787200132628352194
esp32,1787200132671558551
lidar,1787200132728211665
esp32,1787200132771710176
lidar,1787200132828215638
esp32,1787200132871472482
lidar,1787200132928179952
esp32,1787200132971874454
lidar,1787200133028042476
esp32,1787200133071558064
lidar,1787200133127725029
esp32,1787200133171479181
lidar,1787200133227940575
esp32,1787200133271982564
lidar,1787200133328081889
esp32,1787200133371521840
lidar,1787200133427783165
esp32,1787200133471627106
lidar,1787200133527677787
esp32,1787200133571869551
lidar,1787200133627512715
esp32,1787200133671400263
lidar,1787200133727112133
esp32,1787200133771807935
lidar,1787200133826937153
esp32,1787200133871934492
lidar,1787200133926736848
esp32,1787200133971865368
lidar,1787200134026675358
esp32,1787200134071760906
lidar,1787200134126500907
esp32,1787200134171880526
lidar,1787200134225972185
esp32,1787200134271524713
lidar,1787200134326117000
esp32,1787200134371647989
lidar,1787200134425546922
esp32,1787200134471766547
lidar,1787200134525441534
esp32,1787200134571488086
lidar,1787200134626086468
esp32,1787200134671909567
lidar,1787200134725903153
esp32,1787200134771890104
lidar,1787200134825930531
esp32,1787200134871841364
lidar,1787200134925219145
esp32,1787200134971693115
lidar,1787200135025305872
esp32,1787200135071651038
lidar,1787200135125415901
esp32,1787200135171895771
lidar,1787200135225083582
esp32,1787200135271857200
lidar,1787200135325343508
esp32,1787200135371864694
lidar,1787200135424850751
esp32,1787200135472000685
lidar,1787200135525130118
esp32,1787200135571777744
lidar,1787200135624728212
esp32,1787200135671880323
lidar,1787200135724313067
esp32,1787200135771965857
lidar,1787200135824398887
esp32,1787200135871536657
lidar,1787200135924186020
esp32,1787200135971941481
lidar,1787200136024351586
esp32,1787200136071812798
lidar,1787200136124253992
esp32,1787200136171832225
lidar,1787200136224140636
esp32,1787200136271886484
lidar,1787200136324052778
esp32,1787200136372021024
lidar,1787200136423934918
esp32,1787200136471953508
lidar,1787200136524130774
esp32,1787200136571574092
lidar,1787200136624256638
esp32,1787200136671974358
lidar,1787200136724167012
esp32,1787200136771963047
lidar,1787200136823686000
esp32,1787200136871789971
lidar,1787200136923676056
esp32,1787200136972105519
lidar,1787200137023785495
esp32,1787200137071912426
lidar,1787200137123469316
esp32,1787200137171854150
lidar,1787200137223526782
esp32,1787200137271846057
lidar,1787200137323125928
esp32,1787200137371803824
lidar,1787200137423263335
esp32,1787200137471881130
lidar,1787200137522917004
esp32,1787200137571960924
lidar,1787200137622771868
esp32,1787200137671926631
lidar,1787200137722647525
esp32,1787200137771891545
lidar,1787200137822562099
esp32,1787200137871926178
lidar,1787200137922604359
esp32,1787200137971951882
lidar,1787200138022570300
esp32,1787200138071934417
lidar,1787200138122515012
esp32,1787200138171912324
lidar,1787200138221940004
esp32,1787200138272128671
lidar,1787200138320557701
esp32,1787200138372035898
lidar,1787200138420171516
esp32,1787200138471938672
lidar,1787200138518959851
esp32,1787200138571268418
lidar,1787200138618164280
esp32,1787200138671873718
lidar,1787200138717094613
esp32,1787200138771101609
lidar,1787200138815895792
esp32,1787200138871018670
lidar,1787200138914559119
esp32,1787200138970970215
lidar,1787200139013661022
esp32,1787200139071486758
lidar,1787200139113731257
esp32,1787200139172034017
lidar,1787200139212948537
esp32,1787200139271847151
lidar,1787200139312416722
esp32,1787200139371912697
lidar,1787200139412027873
esp32,1787200139471831816
lidar,1787200139511876453
esp32,1787200139571935964
lidar,1787200139611704212
esp32,1787200139671855117
lidar,1787200139711708035
esp32,1787200139771650604
lidar,1787200139811401880
esp32,1787200139871896198
lidar,1787200139910908477
esp32,1787200139971885993
lidar,1787200140010737995
esp32,1787200140071851155
lidar,1787200140110441238
esp32,1787200140171853154
lidar,1787200140210593341
esp32,1787200140271751805
lidar,1787200140309984935
esp32,1787200140371854004
lidar,1787200140409924904
esp32,1787200140471894219
lidar,1787200140509702848
esp32,1787200140571705586
lidar,1787200140609624157
esp32,1787200140671943210
lidar,1787200140709617056
esp32,1787200140771824971
lidar,1787200140809695131
esp32,1787200140871907698
lidar,1787200140910232013
esp32,1787200140971956274
lidar,1787200141010630430
esp32,1787200141071849177
lidar,1787200141111455863
esp32,1787200141171894244
lidar,1787200141211844604
esp32,1787200141271888822
lidar,1787200141312405723
esp32,1787200141371875818
lidar,1787200141412735857
esp32,1787200141472237840
lidar,1787200141512963258
esp32,1787200141571913681
lidar,1787200141613148626
esp32,1787200141671989668
lidar,1787200141713047845
esp32,1787200141770988314
lidar,1787200141813160296
esp32,1787200141871806151
lidar,1787200141913050997
esp32,1787200141971942084
lidar,1787200142012941718
esp32,1787200142071822849
lidar,1787200142112515834
esp32,1787200142171936348
lidar,1787200142211894349
esp32,1787200142271854788
lidar,1787200142311194337
esp32,1787200142371802816
lidar,1787200142410803374
esp32,1787200142471929097
lidar,1787200142509731124
esp32,1787200142571295928
lidar,1787200142608960511
esp32,1787200142672039720
lidar,1787200142707887045
esp32,1787200142771948414
lidar,1787200142806522623
esp32,1787200142871854182
lidar,1787200142905705157
esp32,1787200142971881711
lidar,1787200143005368472
esp32,1787200143071791800
lidar,1787200143105006357
esp32,1787200143171934013
lidar,1787200143204879530
esp32,1787200143271871490
lidar,1787200143304386736
esp32,1787200143371548771
lidar,1787200143404099615
esp32,1787200143471892063
lidar,1787200143504037291
esp32,1787200143571945596
lidar,1787200143604228482
esp32,1787200143671892893
lidar,1787200143704355602
esp32,1787200143771917094
lidar,1787200143804408453
esp32,1787200143871917991
lidar,1787200143905279046
esp32,1787200143971916046
lidar,1787200144005896661
esp32,1787200144071925978
lidar,1787200144106288219
esp32,1787200144171943109
lidar,1787200144207178988
esp32,1787200144272097998
lidar,1787200144307429105
esp32,1787200144371477378
lidar,1787200144408088615
esp32,1787200144471909367
lidar,1787200144508676377
esp32,1787200144571181842
lidar,1787200144609137432
esp32,1787200144671816970
lidar,1787200144709444919
esp32,1787200144771858459
lidar,1787200144809490752
esp32,1787200144871559505
lidar,1787200144909466327
esp32,1787200144971901022
lidar,1787200145009263129
esp32,1787200145071435119
lidar,1787200145109044437
esp32,1787200145171900747
lidar,1787200145208843261
esp32,1787200145271807506
lidar,1787200145308852762
esp32,1787200145371904500
lidar,1787200145408765030
esp32,1787200145471507297
lidar,1787200145508609862
esp32,1787200145571892173
lidar,1787200145608623419
esp32,1787200145671795318
lidar,1787200145708170181
esp32,1787200145771925173
lidar,1787200145808173009
esp32,1787200145871539482
lidar,1787200145907818495
esp32,1787200145971936879
lidar,1787200146007631112
esp32,1787200146071451950
lidar,1787200146107033726
esp32,1787200146171864621
lidar,1787200146206928320
esp32,1787200146271889517
lidar,1787200146306889754
esp32,1787200146371841633
lidar,1787200146406604041
esp32,1787200146471884794
lidar,1787200146506445030
esp32,1787200146571693826
lidar,1787200146606587511
esp32,1787200146671997068
lidar,1787200146706253520
esp32,1787200146771792175
lidar,1787200146805781859
esp32,1787200146871780088
lidar,1787200146905729052
esp32,1787200146971931589
lidar,1787200147005913616
esp32,1787200147071773623
lidar,1787200147106295531
esp32,1787200147171974812
lidar,1787200147206555021
esp32,1787200147271954967
lidar,1787200147306894263
esp32,1787200147371877751
lidar,1787200147407599036
esp32,1787200147471963399
lidar,1787200147508006187
esp32,1787200147571865515
lidar,1787200147608145782
esp32,1787200147671915893
lidar,1787200147708724158
esp32,1787200147771888905
lidar,1787200147808862632
esp32,1787200147871168050
lidar,1787200147908731331
esp32,1787200147971868857
lidar,1787200148008520960
esp32,1787200148071511775
lidar,1787200148108695270
esp32,1787200148171599347
lidar,1787200148208275991
esp32,1787200148271801510
lidar,1787200148308249948
esp32,1787200148371647745
lidar,1787200148408130892
esp32,1787200148471608656
lidar,1787200148508179897
esp32,1787200148571853249
lidar,1787200148608047929
esp32,1787200148671748668
lidar,1787200148707564499
esp32,1787200148770914509
lidar,1787200148807089261
esp32,1787200148871177091
lidar,1787200148906681638
esp32,1787200148970901479
lidar,1787200149006332588
esp32,1787200149071093551
lidar,1787200149106632916
esp32,1787200149171652618
lidar,1787200149206614282
esp32,1787200149271423045
lidar,1787200149306401936
esp32,1787200149371677000
lidar,1787200149406146959
esp32,1787200149471690788
lidar,1787200149506304695
esp32,1787200149571682961
lidar,1787200149606422647
esp32,1787200149672006288
lidar,1787200149706236047
esp32,1787200149771776666
lidar,1787200149805721766
esp32,1787200149871644588
lidar,1787200149905265843
esp32,1787200149971767953
lidar,1787200150005233842
esp32,1787200150071458223
lidar,1787200150104899221
esp32,1787200150171929195
lidar,1787200150205112648
esp32,1787200150271678276
lidar,1787200150304705985
esp32,1787200150372023854
lidar,1787200150404892322
esp32,1787200150472056197
lidar,1787200150504356290
esp32,1787200150571183752
lidar,1787200150604504913
esp32,1787200150671878865
lidar,1787200150704869840
esp32,1787200150772010252
lidar,1787200150805118524
esp32,1787200150871332628
lidar,1787200150905118312
esp32,1787200150971826123
lidar,1787200151006132675
esp32,1787200151071800414
lidar,1787200151106080705
esp32,1787200151171794989
lidar,1787200151207121906
esp32,1787200151271742987
lidar,1787200151306937124
esp32,1787200151371937778
lidar,1787200151407258675
esp32,1787200151471811812
lidar,1787200151507410856
esp32,1787200151571832616
lidar,1787200151607344169
esp32,1787200151671940264
lidar,1787200151707257326
esp32,1787200151771843122
lidar,1787200151807462890
esp32,1787200151871677420
lidar,1787200151907480893
esp32,1787200151971961352
lidar,1787200152007606512
esp32,1787200152071752808
lidar,1787200152107572953
esp32,1787200152171814288
lidar,1787200152207884195
esp32,1787200152271040898
lidar,1787200152306821624
esp32,1787200152371887076
lidar,1787200152407663317
esp32,1787200152471880007
lidar,1787200152507712447
esp32,1787200152571508781
lidar,1787200152607972743
esp32,1787200152671865261
lidar,1787200152708134285
esp32,1787200152771770181
lidar,1787200152808769296
esp32,1787200152871929135
lidar,1787200152907925696
esp32,1787200152971933637
lidar,1787200153007105411
esp32,1787200153071850614
lidar,1787200153106331646
esp32,1787200153171847452
lidar,1787200153205812972
esp32,1787200153271831098
lidar,1787200153304764694
esp32,1787200153371541401
lidar,1787200153403722773
esp32,1787200153471832474
lidar,1787200153503165936
esp32,1787200153571797409
lidar,1787200153602607277
esp32,1787200153671824506
lidar,1787200153702423455
esp32,1787200153771682963
lidar,1787200153802263943
esp32,1787200153871789092
lidar,1787200153902110214
esp32,1787200153971937315
lidar,1787200154001731425
esp32,1787200154071863123
lidar,1787200154101829919
esp32,1787200154171981367
lidar,1787200154202018738
esp32,1787200154271907513
lidar,1787200154301333020
esp32,1787200154371571941
lidar,1787200154401452156
esp32,1787200154471836072
lidar,1787200154501241751
esp32,1787200154571481299
lidar,1787200154601409653
esp32,1787200154672002316
lidar,1787200154701360482
esp32,1787200154771925603
lidar,1787200154800868207
esp32,1787200154871811469
lidar,1787200154900983953
esp32,1787200154972117258
lidar,1787200155000548444
esp32,1787200155072058187
lidar,1787200155100817708
esp32,1787200155172043835
lidar,1787200155200387113
esp32,1787200155271918581
lidar,1787200155300738872
esp32,1787200155371554755
lidar,1787200155399857751
esp32,1787200155472019505
lidar,1787200155499699451
esp32,1787200155571960955
lidar,1787200155599431692
esp32,1787200155671791297
lidar,1787200155699594246
esp32,1787200155771850046
lidar,1787200155799268185
esp32,1787200155871875019
lidar,1787200155898891594
esp32,1787200155971547101
lidar,1787200155998888804
esp32,1787200156071893513
lidar,1787200156098650468
esp32,1787200156171871649
lidar,1787200156198365018
esp32,1787200156271855636
lidar,1787200156298225074
esp32,1787200156371981867
lidar,1787200156397557948
esp32,1787200156471918561
lidar,1787200156497580577
esp32,1787200156571588918
lidar,1787200156597479022
esp32,1787200156671849814
lidar,1787200156697943670
esp32,1787200156771926227
lidar,1787200156798620934
esp32,1787200156871968089
lidar,1787200156898890109
esp32,1787200156971765076
lidar,1787200156999242944
esp32,1787200157071825682
lidar,1787200157100032920
esp32,1787200157171822994
lidar,1787200157200223312
esp32,1787200157271767414
lidar,1787200157300817753
esp32,1787200157371859248
lidar,1787200157401406886
esp32,1787200157471974460
lidar,1787200157501779837
esp32,1787200157571877415
lidar,1787200157602136347
esp32,1787200157671882127
lidar,1787200157701791912
esp32,1787200157772025703
lidar,1787200157801672456
esp32,1787200157871815031
lidar,1787200157902145672
esp32,1787200157971800524
lidar,1787200158001118903
esp32,1787200158071905720
lidar,1787200158101625173
esp32,1787200158171871317
lidar,1787200158201460492
esp32,1787200158271691924
lidar,1787200158301387592
esp32,1787200158371526999
lidar,1787200158401519428
esp32,1787200158471838275
lidar,1787200158501328069
esp32,1787200158571497937
lidar,1787200158600926718
esp32,1787200158671844258
lidar,1787200158701245599
esp32,1787200158770851675
lidar,1787200158800459846
esp32,1787200158870997105
lidar,1787200158900089685
esp32,1787200158971001177
lidar,1787200158999998769
esp32,1787200159071201673
lidar,1787200159100478181
esp32,1787200159171973779
lidar,1787200159200240851
esp32,1787200159271656757
lidar,1787200159300013743
esp32,1787200159371976697
lidar,1787200159399859123
esp32,1787200159471734323
lidar,1787200159499341531
esp32,1787200159571990945
lidar,1787200159599010153
esp32,1787200159672027772
lidar,1787200159698825879
esp32,1787200159771675558
lidar,1787200159798672585
esp32,1787200159871945111
lidar,1787200159898372474
esp32,1787200159972099179
lidar,1787200159998147802
esp32,1787200160071722252
lidar,1787200160098266002
esp32,1787200160171090967
lidar,1787200160197279070
esp32,1787200160271578470
lidar,1787200160297447524
esp32,1787200160371795360
lidar,1787200160396934565
esp32,1787200160471882170
lidar,1787200160496910540
esp32,1787200160571760060
lidar,1787200160596909433
esp32,1787200160671637054
lidar,1787200160696932793
esp32,1787200160771640616
lidar,1787200160796651081
esp32,1787200160871517545
lidar,1787200160896520370
esp32,1787200160971879932
lidar,1787200160996530701
esp32,1787200161071948192
lidar,1787200161095976442
esp32,1787200161171559446
lidar,1787200161195877273
esp32,1787200161271717148
lidar,1787200161295576005
esp32,1787200161371693289
lidar,1787200161395344249
esp32,1787200161471945959
lidar,1787200161495238558
esp32,1787200161571704813
lidar,1787200161595058141
esp32,1787200161671866596
lidar,1787200161694952119
esp32,1787200161771870466
lidar,1787200161794608240
esp32,1787200161871863757
lidar,1787200161894645167
esp32,1787200161972034843
lidar,1787200161994538833
esp32,1787200162071269940
lidar,1787200162094490725
esp32,1787200162171575560
lidar,1787200162194080730
esp32,1787200162271116878
lidar,1787200162293816355
esp32,1787200162371761286
lidar,1787200162393815879
esp32,1787200162471598736
lidar,1787200162494242712
esp32,1787200162571439521
lidar,1787200162594744857
esp32,1787200162671769023
lidar,1787200162695367452
esp32,1787200162771775384
lidar,1787200162795956829
esp32,1787200162871610698
lidar,1787200162896800143
esp32,1787200162971625196
lidar,1787200162997562111
esp32,1787200163071745577
lidar,1787200163097502254
esp32,1787200163172126495
lidar,1787200163198166633
esp32,1787200163271677250
lidar,1787200163298179854
esp32,1787200163371758557
lidar,1787200163397977982
esp32,1787200163471832486
lidar,1787200163497804252
esp32,1787200163571689741
lidar,1787200163597584945
esp32,1787200163671759141
lidar,1787200163697511391
esp32,1787200163772052078
lidar,1787200163798065306
esp32,1787200163872038903
lidar,1787200163897657311
esp32,1787200163971895201
lidar,1787200163997374797
esp32,1787200164071702703
lidar,1787200164096879288
esp32,1787200164171913846
lidar,1787200164196966641
esp32,1787200164271719269
lidar,1787200164297188994
esp32,1787200164371722928
lidar,1787200164396965023
esp32,1787200164472000498
lidar,1787200164497164343
esp32,1787200164571536753
lidar,1787200164596371718
esp32,1787200164671810067
lidar,1787200164696364074
esp32,1787200164772100610
lidar,1787200164795794592
esp32,1787200164872041595
lidar,1787200164894604878
esp32,1787200164972070724
lidar,1787200164994170918
esp32,1787200165071882592
lidar,1787200165093318874
esp32,1787200165171832476
lidar,1787200165192337189
esp32,1787200165272017662
lidar,1787200165291666134
esp32,1787200165372040967
lidar,1787200165390095829
esp32,1787200165471936173
lidar,1787200165489713984
esp32,1787200165571825450
lidar,1787200165589499520
esp32,1787200165672015654
lidar,1787200165689145689
esp32,1787200165771936252
lidar,1787200165788495979
esp32,1787200165871935851
lidar,1787200165888022129
esp32,1787200165971932886
lidar,1787200165987955333
esp32,1787200166071968433
lidar,1787200166087991579
esp32,1787200166171926869
lidar,1787200166187522811
esp32,1787200166272061510
lidar,1787200166287706537
esp32,1787200166371935241
lidar,1787200166387310235
esp32,1787200166471600213
lidar,1787200166487080822
esp32,1787200166571570684
lidar,1787200166586969898
esp32,1787200166671576367
lidar,1787200166686478678
esp32,1787200166771815204
lidar,1787200166786528261
esp32,1787200166871937812
lidar,1787200166886495198
esp32,1787200166971867122
lidar,1787200166986550551
esp32,1787200167071952249
lidar,1787200167086964026
esp32,1787200167171895765
lidar,1787200167187081306
esp32,1787200167271945669
lidar,1787200167287476553
esp32,1787200167371909364
lidar,1787200167387633106
esp32,1787200167471815353
lidar,1787200167487897995
esp32,1787200167571868827
lidar,1787200167587966384
esp32,1787200167672031210
lidar,1787200167688063651
esp32,1787200167771996001
lidar,1787200167787709762
esp32,1787200167871889679
lidar,1787200167887739313
esp32,1787200167971891284
lidar,1787200167987588168
esp32,1787200168071889013
lidar,1787200168087350217
esp32,1787200168171886896
lidar,1787200168187120211
esp32,1787200168271887506
lidar,1787200168287064738
esp32,1787200168371848872
lidar,1787200168386761979
esp32,1787200168471905637
lidar,1787200168486966979
esp32,1787200168571211108
lidar,1787200168586700365
esp32,1787200168671899716
lidar,1787200168686559480
esp32,1787200168770938312
lidar,1787200168786194565
esp32,1787200168871241633
lidar,1787200168886110680
esp32,1787200168971076598
lidar,1787200168986083545
esp32,1787200169071641315
lidar,1787200169086524736
esp32,1787200169171871744
lidar,1787200169186038611
esp32,1787200169271843363
lidar,1787200169285231095
esp32,1787200169371896338
lidar,1787200169385368159
esp32,1787200169471885986
lidar,1787200169485113874
esp32,1787200169571912046
lidar,1787200169584720484
esp32,1787200169671851634
lidar,1787200169684037531
esp32,1787200169772023189
lidar,1787200169783763960
esp32,1787200169871916573
lidar,1787200169884327605
esp32,1787200169971754945
lidar,1787200169983583183
esp32,1787200170071995847
lidar,1787200170083890955
esp32,1787200170171662424
lidar,1787200170183328823
esp32,1787200170271960723
lidar,1787200170283134562
esp32,1787200170372145239
lidar,1787200170383255859
esp32,1787200170471773795
lidar,1787200170482915795
esp32,1787200170571553952
lidar,1787200170582826524
esp32,1787200170671864572
lidar,1787200170682526323
lidar,1787200170782265619
esp32,1787200170791820195
esp32,1787200170871729998
lidar,1787200170881882225
esp32,1787200170972035983
lidar,1787200170981356640
esp32,1787200171071896239
lidar,1787200171081739568
esp32,1787200171172017613
lidar,1787200171181347101
esp32,1787200171272055655
lidar,1787200171281226777
esp32,1787200171372035320
lidar,1787200171381891730
esp32,1787200171471857959
lidar,1787200171482387719
esp32,1787200171571830345
lidar,1787200171582546987
esp32,1787200171671881828
lidar,1787200171682952162
esp32,1787200171771803706
lidar,1787200171782965831
esp32,1787200171871917248
lidar,1787200171882975576
esp32,1787200171971988808
lidar,1787200171982751805
esp32,1787200172072030862
lidar,1787200172082853524
esp32,1787200172172060498
lidar,1787200172182516141
esp32,1787200172271864402
lidar,1787200172282716155
esp32,1787200172371882675
lidar,1787200172382127150
esp32,1787200172472067169
lidar,1787200172482148368
esp32,1787200172571526564
lidar,1787200172582111257
esp32,1787200172671891307
lidar,1787200172681730587
esp32,1787200172771636256
lidar,1787200172781704550
esp32,1787200172872000251
lidar,1787200172881321520
esp32,1787200172972001063
lidar,1787200172981086364
esp32,1787200173071868540
lidar,1787200173081142131
esp32,1787200173171880667
lidar,1787200173180235179
esp32,1787200173271894342
lidar,1787200173280731895
esp32,1787200173371781887
lidar,1787200173380361966
esp32,1787200173471889634
lidar,1787200173479917717
esp32,1787200173571880489
lidar,1787200173579860483
esp32,1787200173671803393
lidar,1787200173679391813
esp32,1787200173771901414
lidar,1787200173779165977
esp32,1787200173871886803
lidar,1787200173878911925
esp32,1787200173971971997
lidar,1787200173978684566
esp32,1787200174071856719
lidar,1787200174078500566
esp32,1787200174171988447
lidar,1787200174178348873
esp32,1787200174271810861
lidar,1787200174278012264
esp32,1787200174371967637
lidar,1787200174378068582
esp32,1787200174471507590
lidar,1787200174478310992
esp32,1787200174571460242
lidar,1787200174578032042
esp32,1787200174671812145
lidar,1787200174677821888
esp32,1787200174771879449
lidar,1787200174777876271
esp32,1787200174871909428
lidar,1787200174877520391
esp32,1787200174971863035
lidar,1787200174977463741
esp32,1787200175071858720
lidar,1787200175077556937
esp32,1787200175171886466
lidar,1787200175177318629
esp32,1787200175271904433
lidar,1787200175277460366
esp32,1787200175371497478
lidar,1787200175376764889
esp32,1787200175471934551
lidar,1787200175476703573
esp32,1787200175571617736
lidar,1787200175576594688
esp32,1787200175672078985
lidar,1787200175675999460
esp32,1787200175772108043
lidar,1787200175775878523
esp32,1787200175871534699
lidar,1787200175875294347
esp32,1787200175971989456
lidar,1787200175975648405
esp32,1787200176071887072
lidar,1787200176075762089
esp32,1787200176171959480
lidar,1787200176175320410
esp32,1787200176271784182
lidar,1787200176275304513
esp32,1787200176371844445
lidar,1787200176374719615
esp32,1787200176471913276
lidar,1787200176474400920
esp32,1787200176571495719
lidar,1787200176574162536
esp32,1787200176671963573
lidar,1787200176674367456
esp32,1787200176771958054
lidar,1787200176774107952
esp32,1787200176871844150
lidar,1787200176873876071
esp32,1787200176971952068
lidar,1787200176973629792
esp32,1787200177071599106
lidar,1787200177073702273
esp32,1787200177171633718
lidar,1787200177173302860
esp32,1787200177271731812
lidar,1787200177273156488
esp32,1787200177371848834
lidar,1787200177372866883
esp32,1787200177471902391
lidar,1787200177472943403
esp32,1787200177571664466
lidar,1787200177573323316
esp32,1787200177671849999
lidar,1787200177673318467
esp32,1787200177771652459
lidar,1787200177773964142
esp32,1787200177871973339
lidar,1787200177874339054
esp32,1787200177971887565
lidar,1787200177974809375
esp32,1787200178071781386
lidar,1787200178074982115
esp32,1787200178171843845
lidar,1787200178174713266
esp32,1787200178271271927
lidar,1787200178274979523
esp32,1787200178371695516
lidar,1787200178374497787
esp32,1787200178471847111
lidar,1787200178474295110
esp32,1787200178571556853
lidar,1787200178574384587
esp32,1787200178672086895
lidar,1787200178674328715
lidar,1787200178774287456
lidar,1787200178873962075
lidar,1787200178973845578
lidar,1787200179074299860
lidar,1787200179174336893
lidar,1787200179273856824
lidar,1787200179373640113
lidar,1787200179473116983
lidar,1787200179573047116
lidar,1787200179672632850
lidar,1787200179772217437
lidar,1787200179871798486
esp32,1787200179936357003
esp32,1787200179936762197
esp32,1787200179951276491
esp32,1787200179971322262
lidar,1787200179972028224
lidar,1787200180071287258
esp32,1787200180072106933
lidar,1787200180171278354
esp32,1787200180172218472
lidar,1787200180271047457
esp32,1787200180271881185
lidar,1787200180370696381
esp32,1787200180371642343
lidar,1787200180470587518
esp32,1787200180471821681
lidar,1787200180570011555
esp32,1787200180571628845
lidar,1787200180670484817
esp32,1787200180671654434
lidar,1787200180770680968
esp32,1787200180771972967
lidar,1787200180871149389
esp32,1787200180872217995
lidar,1787200180971690580
esp32,1787200180972888761
esp32,1787200181071841513
lidar,1787200181073103770
esp32,1787200181171876087
lidar,1787200181172770005
esp32,1787200181271816370
lidar,1787200181273022732
esp32,1787200181371902736
lidar,1787200181372559610
esp32,1787200181471944229
lidar,1787200181472579106
esp32,1787200181571859731
lidar,1787200181572498490
lidar,1787200181671601884
esp32,1787200181672506872
esp32,1787200181771865516
lidar,1787200181772519470
lidar,1787200181871531869
esp32,1787200181872421451
lidar,1787200181971489296
esp32,1787200181972476919
lidar,1787200182071115033
esp32,1787200182072078719
lidar,1787200182170951198
esp32,1787200182172057681
lidar,1787200182271066011
esp32,1787200182272086162
lidar,1787200182370593982
esp32,1787200182371796472
lidar,1787200182470668086
esp32,1787200182471943522
lidar,1787200182570409664
esp32,1787200182571590042
lidar,1787200182670176763
esp32,1787200182671778394
lidar,1787200182769288879
esp32,1787200182771512606
lidar,1787200182868546445
esp32,1787200182871698017
lidar,1787200182967276997
esp32,1787200182971497409
lidar,1787200183066576885
esp32,1787200183071577363
lidar,1787200183165574478
esp32,1787200183171593110
lidar,1787200183264677075
esp32,1787200183271764831
lidar,1787200183363873688
esp32,1787200183371531143
lidar,1787200183462838510
esp32,1787200183471444180
lidar,1787200183562077707
esp32,1787200183571410765
lidar,1787200183661853870
esp32,1787200183671369425
lidar,1787200183760987226
esp32,1787200183771406560
lidar,1787200183861001982
esp32,1787200183871324860
lidar,1787200183960816639
esp32,1787200183971519078
lidar,1787200184060170342
esp32,1787200184071411287
lidar,1787200184160004947
esp32,1787200184171348833
lidar,1787200184259844573
esp32,1787200184271433189
lidar,1787200184359598678
esp32,1787200184371368921
lidar,1787200184459893380
esp32,1787200184471827436
lidar,1787200184559633833
esp32,1787200184571355673
lidar,1787200184659179713
esp32,1787200184671384792
lidar,1787200184759321546
esp32,1787200184771521476
lidar,1787200184859373649
esp32,1787200184871614710
lidar,1787200184959042863
esp32,1787200184971882063
lidar,1787200185058758078
esp32,1787200185071487205
lidar,1787200185158576148
esp32,1787200185171861988
lidar,1787200185258700007
esp32,1787200185271995449
lidar,1787200185358457496
esp32,1787200185371621408
lidar,1787200185458135094
esp32,1787200185472064143
lidar,1787200185557571706
lidar,1787200185657415041
lidar,1787200185757330252
lidar,1787200185857722669
lidar,1787200185957745820
lidar,1787200186058254050
lidar,1787200186158638459
lidar,1787200186259136352
lidar,1787200186359745124
lidar,1787200186460046856
lidar,1787200186560760712
lidar,1787200186660787698
lidar,1787200186760847288
lidar,1787200186860624359
esp32,1787200186954566608
esp32,1787200186955510918
esp32,1787200186956270922
lidar,1787200186960370956
esp32,1787200186991818798
lidar,1787200187060989826
esp32,1787200187071582332
lidar,1787200187160493966
esp32,1787200187171568273
lidar,1787200187260522638
esp32,1787200187271393711
lidar,1787200187360330727
esp32,1787200187371402478
lidar,1787200187460240165
esp32,1787200187471491714
lidar,1787200187559757039
esp32,1787200187571524147
lidar,1787200187659943154
esp32,1787200187671365991
lidar,1787200187759288957
esp32,1787200187771442849
lidar,1787200187859289634
esp32,1787200187871425752
lidar,1787200187959319255
esp32,1787200187971828452
lidar,1787200188059200486
esp32,1787200188092295537
lidar,1787200188158412747
esp32,1787200188171522486
lidar,1787200188258460440
esp32,1787200188271502395
lidar,1787200188358547359
esp32,1787200188371452113
lidar,1787200188458468008
esp32,1787200188471444461
lidar,1787200188558566780
esp32,1787200188571438414
lidar,1787200188658138231
esp32,1787200188691828933
lidar,1787200188757485088
esp32,1787200188770952648
lidar,1787200188857185374
esp32,1787200188871067392
lidar,1787200188956952987
esp32,1787200188971071389
lidar,1787200189057229705
esp32,1787200189071255497
lidar,1787200189157383458
esp32,1787200189171663977
lidar,1787200189257057355
esp32,1787200189271966632
lidar,1787200189357317975
esp32,1787200189371503377
lidar,1787200189456926127
esp32,1787200189471810669
lidar,1787200189557456840
esp32,1787200189591419095
lidar,1787200189657484193
esp32,1787200189671825354
lidar,1787200189757491267
esp32,1787200189771434102
lidar,1787200189857395163
esp32,1787200189871433801
lidar,1787200189957132777
esp32,1787200189992113353
lidar,1787200190056713653
esp32,1787200190092183536
lidar,1787200190156599761
esp32,1787200190172235845
lidar,1787200190256481855
esp32,1787200190271931357
lidar,1787200190356353477
esp32,1787200190391890916
lidar,1787200190455527689
esp32,1787200190471731946
lidar,1787200190555685150
esp32,1787200190571534813
lidar,1787200190655392799
esp32,1787200190671793538
lidar,1787200190755346271
esp32,1787200190771835962
lidar,1787200190855135043
esp32,1787200190892199332
lidar,1787200190954879274
esp32,1787200190972013022
lidar,1787200191055020112
esp32,1787200191071994499
lidar,1787200191154553981
esp32,1787200191171922254
lidar,1787200191254317076
esp32,1787200191271891939
lidar,1787200191354227901
esp32,1787200191371913690
lidar,1787200191453050562
esp32,1787200191471025493
lidar,1787200191553673076
esp32,1787200191571950164
lidar,1787200191653121273
esp32,1787200191671834907
lidar,1787200191752786033
esp32,1787200191771929736
lidar,1787200191852685164
esp32,1787200191872003980
lidar,1787200191953018118
esp32,1787200191971887177
lidar,1787200192053538100
esp32,1787200192072150911
lidar,1787200192153915456
esp32,1787200192172066128
lidar,1787200192254092863
esp32,1787200192272053611
lidar,1787200192354641895
esp32,1787200192371467140
lidar,1787200192455276112
esp32,1787200192471441955
lidar,1787200192555547878
esp32,1787200192571490564
lidar,1787200192655525781
esp32,1787200192672028820
lidar,1787200192756022766
esp32,1787200192771809567
lidar,1787200192856171442
esp32,1787200192891737427
lidar,1787200192955865336
esp32,1787200192991747272
lidar,1787200193055747270
esp32,1787200193091867555
lidar,1787200193155374519
esp32,1787200193191826630
lidar,1787200193255252282
esp32,1787200193271811926
lidar,1787200193355043369
esp32,1787200193391897938
lidar,1787200193454991285
esp32,1787200193491913716
lidar,1787200193554672743
esp32,1787200193572031176
lidar,1787200193654219199
esp32,1787200193671702925
lidar,1787200193754387086
esp32,1787200193771819838
lidar,1787200193854010376
esp32,1787200193871678319
lidar,1787200193953461115
esp32,1787200193971906686
lidar,1787200194052977830
esp32,1787200194071819706
lidar,1787200194152484235
esp32,1787200194172032890
lidar,1787200194252557727
esp32,1787200194271967523
lidar,1787200194352955877
esp32,1787200194371983639
lidar,1787200194453467199
esp32,1787200194491948796
lidar,1787200194553557579
esp32,1787200194571629884
lidar,1787200194653977441
esp32,1787200194671941368
lidar,1787200194754110191
esp32,1787200194771982334
lidar,1787200194854561507
esp32,1787200194871993231
lidar,1787200194954768084
esp32,1787200194971722387
lidar,1787200195054925772
esp32,1787200195071388050
lidar,1787200195154726067
esp32,1787200195191856750
lidar,1787200195255098076
esp32,1787200195291996141
lidar,1787200195354826129
esp32,1787200195371948883
lidar,1787200195454655549
esp32,1787200195471347442
lidar,1787200195554650863
esp32,1787200195571803035
lidar,1787200195654454327
esp32,1787200195671428723
lidar,1787200195754204859
esp32,1787200195791877217
lidar,1787200195853974107
esp32,1787200195871795133
lidar,1787200195953821846
esp32,1787200195971869418
lidar,1787200196053579510
esp32,1787200196071355052
lidar,1787200196153266532
esp32,1787200196192008591
lidar,1787200196252600106
esp32,1787200196291986694
lidar,1787200196352326491
esp32,1787200196371855229
lidar,1787200196451905592
esp32,1787200196471760100
lidar,1787200196551519436
esp32,1787200196571290186
lidar,1787200196651260612
esp32,1787200196691976586
lidar,1787200196751232609
esp32,1787200196771809531
lidar,1787200196851449782
esp32,1787200196871760323
lidar,1787200196951775737
esp32,1787200196971882695
lidar,1787200197052165098
esp32,1787200197071885839
lidar,1787200197152738560
esp32,1787200197191873408
lidar,1787200197253263902
esp32,1787200197271803865
lidar,1787200197353709116
esp32,1787200197371924768
lidar,1787200197453381519
esp32,1787200197491989731
lidar,1787200197553803413
esp32,1787200197572104760
lidar,1787200197653084973
esp32,1787200197671905056
lidar,1787200197752753423
esp32,1787200197772340023
lidar,1787200197852812840
esp32,1787200197872037185
lidar,1787200197952408222
esp32,1787200197991961929
lidar,1787200198052130026
esp32,1787200198071978880
lidar,1787200198152517935
esp32,1787200198171839831
lidar,1787200198252110911
esp32,1787200198292090770
lidar,1787200198351907815
esp32,1787200198391823837
lidar,1787200198451339582
esp32,1787200198491989361
lidar,1787200198551235443
esp32,1787200198570994706
lidar,1787200198650949274
esp32,1787200198691984699
lidar,1787200198750106816
esp32,1787200198790956370
lidar,1787200198849995102
esp32,1787200198871103465
lidar,1787200198949422228
esp32,1787200198971070519
lidar,1787200199049255479
esp32,1787200199071096493
lidar,1787200199149451524
esp32,1787200199171881883
lidar,1787200199248994339
esp32,1787200199271827874
lidar,1787200199348999443
esp32,1787200199371704175
lidar,1787200199448803784
esp32,1787200199471814729
lidar,1787200199549159704
esp32,1787200199572116847
lidar,1787200199649579517
esp32,1787200199671783330
lidar,1787200199750105656
esp32,1787200199771841195
lidar,1787200199850216687
esp32,1787200199871679388
lidar,1787200199950638072
esp32,1787200199971752586
lidar,1787200200051258997
esp32,1787200200071691427
lidar,1787200200151457916
esp32,1787200200171432889
lidar,1787200200251481900
esp32,1787200200271753220
lidar,1787200200351306862
esp32,1787200200391808743
lidar,1787200200451402345
esp32,1787200200491830834
lidar,1787200200551205454
esp32,1787200200571326738
lidar,1787200200650658928
esp32,1787200200671668687
lidar,1787200200750602076
esp32,1787200200771605949
lidar,1787200200850326780
esp32,1787200200871387754
lidar,1787200200950271907
esp32,1787200200971844172
lidar,1787200201049856772
esp32,1787200201071896171
lidar,1787200201149697484
esp32,1787200201171866144
lidar,1787200201249109395
esp32,1787200201271876368
lidar,1787200201348981914
esp32,1787200201371763804
lidar,1787200201448888437
esp32,1787200201491889604
lidar,1787200201548874232
esp32,1787200201591871690
lidar,1787200201648790027
esp32,1787200201691770832
lidar,1787200201748197011
esp32,1787200201791741535
lidar,1787200201848140978
esp32,1787200201871392794
lidar,1787200201947831973
esp32,1787200201971465278
lidar,1787200202047634038
esp32,1787200202071524605
lidar,1787200202147083028
esp32,1787200202191831332
lidar,1787200202246621298
esp32,1787200202291700410
lidar,1787200202346463070
esp32,1787200202391806435
lidar,1787200202446405571
esp32,1787200202471623666
lidar,1787200202546143703
esp32,1787200202571505651
lidar,1787200202645996528
esp32,1787200202671893397
lidar,1787200202745687424
esp32,1787200202771727161
lidar,1787200202845326251
esp32,1787200202871906192
lidar,1787200202945232793
esp32,1787200202971966282
lidar,1787200203044951837
esp32,1787200203072023917
lidar,1787200203145146879
esp32,1787200203171959111
lidar,1787200203245136282
esp32,1787200203271310443
lidar,1787200203345850955
esp32,1787200203371743310
lidar,1787200203446342646
esp32,1787200203491498757
lidar,1787200203546882028
esp32,1787200203571365794
lidar,1787200203647069834
esp32,1787200203691465281
lidar,1787200203747488207
esp32,1787200203791965865
lidar,1787200203847721242
esp32,1787200203891894248
lidar,1787200203947678928
esp32,1787200203991926529
lidar,1787200204047311986
esp32,1787200204091874320
lidar,1787200204147404842
esp32,1787200204192088139
lidar,1787200204247518693
esp32,1787200204271690535
lidar,1787200204347524551
esp32,1787200204371872392
lidar,1787200204447338366
esp32,1787200204472028564
lidar,1787200204546687735
esp32,1787200204571814723
lidar,1787200204646498067
esp32,1787200204670918601
lidar,1787200204744989066
esp32,1787200204791503832
lidar,1787200204844067940
esp32,1787200204871864207
lidar,1787200204943006164
esp32,1787200204991810952
lidar,1787200205042050478
esp32,1787200205091839054
lidar,1787200205141019545
esp32,1787200205172000540
lidar,1787200205239968915
esp32,1787200205271951515
lidar,1787200205338915608
esp32,1787200205391738958
lidar,1787200205438333802
esp32,1787200205472019464
lidar,1787200205538495094
esp32,1787200205571578136
lidar,1787200205638303786
esp32,1787200205671825269
lidar,1787200205738205068
esp32,1787200205791945487
lidar,1787200205837851216
esp32,1787200205891712707
lidar,1787200205937605474
esp32,1787200205991867051
lidar,1787200206038204272
esp32,1787200206092023822
lidar,1787200206137977972
esp32,1787200206191913056
lidar,1787200206238423340
esp32,1787200206271921285
lidar,1787200206339116594
esp32,1787200206372101485
lidar,1787200206439568460
esp32,1787200206472131604
lidar,1787200206540498078
esp32,1787200206571606109
lidar,1787200206640688643
esp32,1787200206671787088
lidar,1787200206741254746
esp32,1787200206791452758
lidar,1787200206841914960
esp32,1787200206891794787
lidar,1787200206941746233
esp32,1787200206991912359
lidar,1787200207041983539
esp32,1787200207071903313
lidar,1787200207141937721
esp32,1787200207172139069
lidar,1787200207241643239
esp32,1787200207292042283
lidar,1787200207341554163
esp32,1787200207391926199
lidar,1787200207440759251
esp32,1787200207491741367
lidar,1787200207540757069
esp32,1787200207571818038
lidar,1787200207640159906
esp32,1787200207671891961
lidar,1787200207740017392
esp32,1787200207771925698
lidar,1787200207839449283
esp32,1787200207871868778
lidar,1787200207939161784
esp32,1787200207992130057
lidar,1787200208038727406
esp32,1787200208091963805
lidar,1787200208138246059
esp32,1787200208172048047
lidar,1787200208237778324
esp32,1787200208271844236
lidar,1787200208337335621
esp32,1787200208372100309
lidar,1787200208436658172
esp32,1787200208471778582
lidar,1787200208536759895
esp32,1787200208591948530
lidar,1787200208636852145
esp32,1787200208671875856
lidar,1787200208736848548
esp32,1787200208771016168
lidar,1787200208836927476
esp32,1787200208871216414
lidar,1787200208937398913
esp32,1787200208971137851
lidar,1787200209037826713
esp32,1787200209070954380
lidar,1787200209138726872
esp32,1787200209191832327
lidar,1787200209239573290
esp32,1787200209291862072
lidar,1787200209340012202
esp32,1787200209371479008
lidar,1787200209439656554
esp32,1787200209471656736
lidar,1787200209539855213
esp32,1787200209571766543
lidar,1787200209639441562
esp32,1787200209671570959
lidar,1787200209739371241
esp32,1787200209771836253
lidar,1787200209839185901
esp32,1787200209871894384
lidar,1787200209939171335
esp32,1787200209971823442
lidar,1787200210039045015
esp32,1787200210111850099
lidar,1787200210138914049
esp32,1787200210191899380
lidar,1787200210238851501
esp32,1787200210291798588
lidar,1787200210338203087
esp32,1787200210391829710
lidar,1787200210438427681
esp32,1787200210471983538
lidar,1787200210538294662
esp32,1787200210571843720
lidar,1787200210638192328
esp32,1787200210671930123
lidar,1787200210737682305
esp32,1787200210771668407
lidar,1787200210838232007
esp32,1787200210891810986
lidar,1787200210938022780
esp32,1787200210991721116
lidar,1787200211037763032
esp32,1787200211090893391
lidar,1787200211137659632
esp32,1787200211191634987
lidar,1787200211237887854
esp32,1787200211312443584
lidar,1787200211337349210
esp32,1787200211371736058
lidar,1787200211436692393
esp32,1787200211471738360
lidar,1787200211537082053
esp32,1787200211571800001
lidar,1787200211636738996
esp32,1787200211671929424
lidar,1787200211736430232
esp32,1787200211771810208
lidar,1787200211836244042
esp32,1787200211871972304
lidar,1787200211936307182
esp32,1787200211972020305
lidar,1787200212035620246
esp32,1787200212071817619
lidar,1787200212134990825
esp32,1787200212171776721
lidar,1787200212234991773
esp32,1787200212270941103
lidar,1787200212334256253
esp32,1787200212371699075
lidar,1787200212434561825
esp32,1787200212471933455
lidar,1787200212534232130
esp32,1787200212571634499
lidar,1787200212634213574
esp32,1787200212691897501
lidar,1787200212733892894
esp32,1787200212791016567
lidar,1787200212833916059
esp32,1787200212891906503
lidar,1787200212933667867
esp32,1787200212991428938
lidar,1787200213033519699
esp32,1787200213091979104
lidar,1787200213133430699
esp32,1787200213171718089
lidar,1787200213233196471
esp32,1787200213291849530
lidar,1787200213333071172
esp32,1787200213371731666
lidar,1787200213432972670
esp32,1787200213491850585
lidar,1787200213532709942
esp32,1787200213571545916
lidar,1787200213632270280
esp32,1787200213671767498
lidar,1787200213731730207
esp32,1787200213771909320
lidar,1787200213831546735
esp32,1787200213871765222
lidar,1787200213931051828
esp32,1787200213971642413
lidar,1787200214030895613
esp32,1787200214071846753
lidar,1787200214130824985
esp32,1787200214171957852
lidar,1787200214231457633
esp32,1787200214270977314
lidar,1787200214331607307
esp32,1787200214391886288
lidar,1787200214432403782
esp32,1787200214471666665
lidar,1787200214533175261
esp32,1787200214571489256
lidar,1787200214633411122
esp32,1787200214671906537
lidar,1787200214733705400
esp32,1787200214772120384
lidar,1787200214834247098
esp32,1787200214871348131
lidar,1787200214934400205
esp32,1787200214971540908
lidar,1787200215034234316
esp32,1787200215071818430
lidar,1787200215133626205
esp32,1787200215191839235
lidar,1787200215233136833
esp32,1787200215271858467
lidar,1787200215333163139
esp32,1787200215391609129
lidar,1787200215432615135
esp32,1787200215491772901
lidar,1787200215532497426
esp32,1787200215572042104
lidar,1787200215632242576
esp32,1787200215671710766
lidar,1787200215732046415
esp32,1787200215771744431
lidar,1787200215831999072
esp32,1787200215871929560
lidar,1787200215931570609
esp32,1787200215971898905
lidar,1787200216031439748
esp32,1787200216091691151
lidar,1787200216130694688
esp32,1787200216191573334
lidar,1787200216230728037
esp32,1787200216291880288
lidar,1787200216330457153
esp32,1787200216391751120
lidar,1787200216430509945
esp32,1787200216471563654
lidar,1787200216530211605
esp32,1787200216571434184
lidar,1787200216630522536
esp32,1787200216671675431
lidar,1787200216730816674
esp32,1787200216771509806
lidar,1787200216831479293
esp32,1787200216871653299
lidar,1787200216931987705
esp32,1787200216971718269
lidar,1787200217033050313
esp32,1787200217092015444
lidar,1787200217133071674
esp32,1787200217171741629
lidar,1787200217233082156
esp32,1787200217292014879
lidar,1787200217333392891
esp32,1787200217391903252
lidar,1787200217433142177
esp32,1787200217491551730
lidar,1787200217532472951
esp32,1787200217591672500
lidar,1787200217632236847
esp32,1787200217691858890
lidar,1787200217731911765
esp32,1787200217791878092
lidar,1787200217831583661
esp32,1787200217891002057
lidar,1787200217931210327
esp32,1787200217991870636
lidar,1787200218031064272
esp32,1787200218091866904
lidar,1787200218131047856
esp32,1787200218171815007
lidar,1787200218230802190
esp32,1787200218271747449
lidar,1787200218330535315
esp32,1787200218371989737
lidar,1787200218430441895
esp32,1787200218472051520
lidar,1787200218530528400
esp32,1787200218591307558
lidar,1787200218630119478
esp32,1787200218691851650
lidar,1787200218729836515
esp32,1787200218771013263
lidar,1787200218829462486
esp32,1787200218871055165
lidar,1787200218929471150
esp32,1787200218970956558
lidar,1787200219029612156
esp32,1787200219071156063
lidar,1787200219130198609
esp32,1787200219171947940
lidar,1787200219230671098
esp32,1787200219291570027
lidar,1787200219330916951
esp32,1787200219371822059
lidar,1787200219431004686
esp32,1787200219471936653
lidar,1787200219531276134
esp32,1787200219591498595
lidar,1787200219631408006
esp32,1787200219691791969
lidar,1787200219731477170
esp32,1787200219791425664
lidar,1787200219831444753
esp32,1787200219872133533
lidar,1787200219931118682
esp32,1787200219991723101
lidar,1787200220031006541
esp32,1787200220071797637
lidar,1787200220130995009
esp32,1787200220171986741
lidar,1787200220230415652
esp32,1787200220272063496
lidar,1787200220330244761
esp32,1787200220371846171
lidar,1787200220429798386
esp32,1787200220471885477
lidar,1787200220529681513
esp32,1787200220571403015
lidar,1787200220629549888
esp32,1787200220691692115
lidar,1787200220729472237
esp32,1787200220791628446
lidar,1787200220829222606
esp32,1787200220871947373
lidar,1787200220928794791
esp32,1787200220991630813
lidar,1787200221028707380
esp32,1787200221072113106
lidar,1787200221128329989
esp32,1787200221171755793
lidar,1787200221228189275
esp32,1787200221272125217
lidar,1787200221328063839
esp32,1787200221391822312
lidar,1787200221427824711
esp32,1787200221491793165
lidar,1787200221527482735
esp32,1787200221571945605
lidar,1787200221627419048
esp32,1787200221691737618
lidar,1787200221727116900
esp32,1787200221791687265
lidar,1787200221827313144
esp32,1787200221871931868
lidar,1787200221926669155
esp32,1787200221971967188
lidar,1787200222026479880
esp32,1787200222072056144
lidar,1787200222126393148
esp32,1787200222171720499
lidar,1787200222226057261
esp32,1787200222271997491
lidar,1787200222325411643
esp32,1787200222371660068
lidar,1787200222425308197
esp32,1787200222471766567
lidar,1787200222524955016
esp32,1787200222571561635
lidar,1787200222625086908
esp32,1787200222671743641
lidar,1787200222725658672
esp32,1787200222771715132
lidar,1787200222826230109
esp32,1787200222891738233
lidar,1787200222926301240
esp32,1787200222991758209
lidar,1787200223026827038
esp32,1787200223071838052
lidar,1787200223127216621
esp32,1787200223171858415
lidar,1787200223227448923
esp32,1787200223271956960
lidar,1787200223328034253
esp32,1787200223372032770
lidar,1787200223428200661
esp32,1787200223472145983
lidar,1787200223527902906
esp32,1787200223571755114
lidar,1787200223628016902
esp32,1787200223692107125
lidar,1787200223727508362
esp32,1787200223771942384
lidar,1787200223827455453
esp32,1787200223891944798
lidar,1787200223927258691
esp32,1787200223991840654
lidar,1787200224026982271
esp32,1787200224091863459
lidar,1787200224126668139
esp32,1787200224191858851
lidar,1787200224226542844
esp32,1787200224272037233
lidar,1787200224326086696
esp32,1787200224371671651
lidar,1787200224425950523
esp32,1787200224491675644
lidar,1787200224525472517
esp32,1787200224571505155
lidar,1787200224625659006
esp32,1787200224691888133
lidar,1787200224725268625
esp32,1787200224791859126
lidar,1787200224825076008
esp32,1787200224891828030
lidar,1787200224924803957
esp32,1787200224991823953
lidar,1787200225024171514
esp32,1787200225091832656
lidar,1787200225124378462
esp32,1787200225171840149
lidar,1787200225223987166
esp32,1787200225271820213
lidar,1787200225324179895
esp32,1787200225372000203
lidar,1787200225424208310
esp32,1787200225491924126
lidar,1787200225524352135
esp32,1787200225571987912
lidar,1787200225624658094
esp32,1787200225672028371
lidar,1787200225725226370
esp32,1787200225771955332
lidar,1787200225826055647
esp32,1787200225871653546
lidar,1787200225925803115
esp32,1787200225971757612
lidar,1787200226025604331
esp32,1787200226071884507
lidar,1787200226125369119
esp32,1787200226171659168
lidar,1787200226225097233
esp32,1787200226271875174
lidar,1787200226324810133
esp32,1787200226372048718
lidar,1787200226424708644
esp32,1787200226492022805
lidar,1787200226524597289
esp32,1787200226591847370
lidar,1787200226624126203
esp32,1787200226692061874
lidar,1787200226724007728
esp32,1787200226771834869
lidar,1787200226823828735
esp32,1787200226871732286
lidar,1787200226923436967
esp32,1787200226970786858
lidar,1787200227023474906
esp32,1787200227091787426
lidar,1787200227123071226
esp32,1787200227172133671
lidar,1787200227222105167
esp32,1787200227271226614
lidar,1787200227322054156
esp32,1787200227371972100
lidar,1787200227422239188
esp32,1787200227471927838
lidar,1787200227521661982
esp32,1787200227571816741
lidar,1787200227621850762
esp32,1787200227671795722
lidar,1787200227721943615
esp32,1787200227771914316
lidar,1787200227822246913
esp32,1787200227871922804
lidar,1787200227922524587
esp32,1787200227991300071
lidar,1787200228023125442
esp32,1787200228091768648
lidar,1787200228124016683
esp32,1787200228191797912
lidar,1787200228224708894
esp32,1787200228291984505
lidar,1787200228325126532
esp32,1787200228391580164
lidar,1787200228425402573
esp32,1787200228492123244
lidar,1787200228525480189
esp32,1787200228591760634
lidar,1787200228625596858
esp32,1787200228691833571
lidar,1787200228725355117
esp32,1787200228770925493
lidar,1787200228824913262
esp32,1787200228871001001
lidar,1787200228924830998
esp32,1787200228971021856
lidar,1787200229024644025
esp32,1787200229071009938
lidar,1787200229124840108
esp32,1787200229171614556
lidar,1787200229225172224
esp32,1787200229291845499
lidar,1787200229324870091
esp32,1787200229372086884
lidar,1787200229424463070
esp32,1787200229471844744
lidar,1787200229524705558
esp32,1787200229571917934
lidar,1787200229624214936
esp32,1787200229671923576
lidar,1787200229723840789
esp32,1787200229772008340
lidar,1787200229823552024
esp32,1787200229891936949
lidar,1787200229922598530
esp32,1787200229991757606
lidar,1787200230022160747
esp32,1787200230091883957
lidar,1787200230121376392
esp32,1787200230191888909
lidar,1787200230220947233
esp32,1787200230271735303
lidar,1787200230320588759
esp32,1787200230371566753
lidar,1787200230420563543
esp32,1787200230472004854
lidar,1787200230520373800
esp32,1787200230571457536
lidar,1787200230620287769
esp32,1787200230671437790
lidar,1787200230719880054
esp32,1787200230771616278
lidar,1787200230819546895
esp32,1787200230871663097
lidar,1787200230919073035
esp32,1787200230971739130
lidar,1787200231018596133
esp32,1787200231071676604
lidar,1787200231118588593
esp32,1787200231171532911
lidar,1787200231218138563
esp32,1787200231271740611
lidar,1787200231317254783
esp32,1787200231392027385
lidar,1787200231417405673
esp32,1787200231492008158
lidar,1787200231517283083
esp32,1787200231591897933
lidar,1787200231617094811
esp32,1787200231671949455
lidar,1787200231717129148
esp32,1787200231771812155
lidar,1787200231816855938
esp32,1787200231871809899
lidar,1787200231916497880
esp32,1787200231972061524
lidar,1787200232016329938
esp32,1787200232071860205
lidar,1787200232116175490
esp32,1787200232171776282
lidar,1787200232215726907
esp32,1787200232271815417
lidar,1787200232315672790
esp32,1787200232391652175
lidar,1787200232416155608
esp32,1787200232471964496
lidar,1787200232516424647
esp32,1787200232591767497
lidar,1787200232616874433
esp32,1787200232671827496
lidar,1787200232716996784
esp32,1787200232771911260
lidar,1787200232817705325
esp32,1787200232871839982
lidar,1787200232918090674
esp32,1787200232971728483
lidar,1787200233017767058
esp32,1787200233071464373
lidar,1787200233118542908
esp32,1787200233191466569
lidar,1787200233217716825
esp32,1787200233291438109
lidar,1787200233317596149
esp32,1787200233391526488
lidar,1787200233417589240
esp32,1787200233491787008
lidar,1787200233517439099
esp32,1787200233591880640
lidar,1787200233617227416
esp32,1787200233691647249
lidar,1787200233716774044
esp32,1787200233771685864
lidar,1787200233816968491
esp32,1787200233871779266
lidar,1787200233916565215
esp32,1787200233971822390
lidar,1787200234016460468
esp32,1787200234071876614
lidar,1787200234116045929
esp32,1787200234172049216
lidar,1787200234215666547
esp32,1787200234271807614
lidar,1787200234315110718
esp32,1787200234371745103
lidar,1787200234414894697
esp32,1787200234471523533
lidar,1787200234514836082
esp32,1787200234571548926
lidar,1787200234614593507
esp32,1787200234671835752
lidar,1787200234715129888
esp32,1787200234771845715
lidar,1787200234815643646
esp32,1787200234871895752
lidar,1787200234915821744
esp32,1787200234971891559
lidar,1787200235016503534
esp32,1787200235091756214
lidar,1787200235115968334
esp32,1787200235191963713
lidar,1787200235215921289
esp32,1787200235291871863
lidar,1787200235315773788
esp32,1787200235391908085
lidar,1787200235415458415
esp32,1787200235472397790
lidar,1787200235514952112
esp32,1787200235571704055
lidar,1787200235614796408
esp32,1787200235691998548
lidar,1787200235714638402
esp32,1787200235791845218
lidar,1787200235814436497
esp32,1787200235891933625
lidar,1787200235913861438
esp32,1787200235971860908
lidar,1787200236013355847
esp32,1787200236071844951
lidar,1787200236112860039
esp32,1787200236171702679
lidar,1787200236212365184
esp32,1787200236271927314
lidar,1787200236312340305
esp32,1787200236371833254
lidar,1787200236412736784
esp32,1787200236471969745
lidar,1787200236512958160
esp32,1787200236571802901
lidar,1787200236613475498
esp32,1787200236712108130
lidar,1787200236713400366
esp32,1787200236791948091
lidar,1787200236813881723
esp32,1787200236891597584
lidar,1787200236913998031
esp32,1787200236991867071
lidar,1787200237014202547
esp32,1787200237091779866
lidar,1787200237114037147
esp32,1787200237191870435
lidar,1787200237213771275
esp32,1787200237271748609
lidar,1787200237313664404
esp32,1787200237371792481
lidar,1787200237413253694
esp32,1787200237471722409
lidar,1787200237513129089
esp32,1787200237571794294
lidar,1787200237612979357
esp32,1787200237671940723
lidar,1787200237712637705
esp32,1787200237771950346
lidar,1787200237812340753
esp32,1787200237871952635
lidar,1787200237911863032
esp32,1787200237971909383
lidar,1787200238011658701
esp32,1787200238071864778
lidar,1787200238111666515
esp32,1787200238172000465
lidar,1787200238211381221
esp32,1787200238292032366
lidar,1787200238311158905
esp32,1787200238371832555
lidar,1787200238411059849
esp32,1787200238491860361
lidar,1787200238510685750
esp32,1787200238591835350
lidar,1787200238610518630
esp32,1787200238692019894
lidar,1787200238710218767
esp32,1787200238790911415
lidar,1787200238809679616
esp32,1787200238891184949
lidar,1787200238910113913
esp32,1787200238970980082
lidar,1787200239010259759
esp32,1787200239070795028
lidar,1787200239111229960
esp32,1787200239171870291
lidar,1787200239211443485
esp32,1787200239271807404
lidar,1787200239312125348
esp32,1787200239371751169
lidar,1787200239412320613
esp32,1787200239471755531
lidar,1787200239512539028
esp32,1787200239591818258
lidar,1787200239612285538
esp32,1787200239671963591
lidar,1787200239712221837
esp32,1787200239771593645
lidar,1787200239811849799
esp32,1787200239892025743
lidar,1787200239911371981
esp32,1787200239991872018
lidar,1787200240011500337
esp32,1787200240091938791
lidar,1787200240111106820
esp32,1787200240171884226
lidar,1787200240211080160
esp32,1787200240271750003
lidar,1787200240310732898
esp32,1787200240371626695
lidar,1787200240410574986
esp32,1787200240471564313
lidar,1787200240510269229
esp32,1787200240571215120
lidar,1787200240610005227
esp32,1787200240671929318
lidar,1787200240709712837
esp32,1787200240772050241
lidar,1787200240809724598
esp32,1787200240871964769
lidar,1787200240909233957
esp32,1787200240972061611
lidar,1787200241008913952
esp32,1787200241071700666
lidar,1787200241108498198
esp32,1787200241171684897
lidar,1787200241208202476
esp32,1787200241271821067
lidar,1787200241308414798
esp32,1787200241372422565
lidar,1787200241407984361
esp32,1787200241492036298
lidar,1787200241507673520
esp32,1787200241572089063
lidar,1787200241608037018
esp32,1787200241691642059
lidar,1787200241707603003
esp32,1787200241771586073
lidar,1787200241807852897
esp32,1787200241891791107
lidar,1787200241907340928
esp32,1787200241991562116
lidar,1787200242007312847
esp32,1787200242092202745
lidar,1787200242107096012
esp32,1787200242191433869
lidar,1787200242207254660
esp32,1787200242291301004
lidar,1787200242307815346
esp32,1787200242371833965
lidar,1787200242408082978
esp32,1787200242471828419
lidar,1787200242508421082
esp32,1787200242571926077
lidar,1787200242608884742
esp32,1787200242672274619
lidar,1787200242709054659
esp32,1787200242771898359
lidar,1787200242808814432
esp32,1787200242872041683
lidar,1787200242908112704
esp32,1787200242971938758
lidar,1787200243008266132
esp32,1787200243072063900
lidar,1787200243107872461
esp32,1787200243171083995
lidar,1787200243207489862
esp32,1787200243271914762
lidar,1787200243307519918
esp32,1787200243371721867
lidar,1787200243407053753
esp32,1787200243491880822
lidar,1787200243507038256
esp32,1787200243591767897
lidar,1787200243606941136
esp32,1787200243691905687
lidar,1787200243706208087
esp32,1787200243791787230
lidar,1787200243806580754
esp32,1787200243891852651
lidar,1787200243906328289
esp32,1787200243991872298
lidar,1787200244006170959
esp32,1787200244091927899
lidar,1787200244106044718
esp32,1787200244172266497
lidar,1787200244205598845
esp32,1787200244291374413
lidar,1787200244305294479
esp32,1787200244371815824
lidar,1787200244405604205
esp32,1787200244471920532
lidar,1787200244505318972
esp32,1787200244571624700
lidar,1787200244605155643
esp32,1787200244671656166
lidar,1787200244704511487
esp32,1787200244771049466
lidar,1787200244804930697
esp32,1787200244871691823
lidar,1787200244904526976
esp32,1787200244971747731
lidar,1787200245004230820
esp32,1787200245091910176
lidar,1787200245104129489
esp32,1787200245191417122
lidar,1787200245203440999
esp32,1787200245291124817
lidar,1787200245303792375
esp32,1787200245391763820
lidar,1787200245403692759
esp32,1787200245491977435
lidar,1787200245504294736
esp32,1787200245591973623
lidar,1787200245604960757
esp32,1787200245691884640
lidar,1787200245705512270
esp32,1787200245791969202
lidar,1787200245806189896
esp32,1787200245871939273
lidar,1787200245906050583
esp32,1787200245971774981
lidar,1787200246006292631
esp32,1787200246092195604
lidar,1787200246106381920
esp32,1787200246172026779
lidar,1787200246206144110
esp32,1787200246271884284
lidar,1787200246306015002
esp32,1787200246391996451
lidar,1787200246405684976
esp32,1787200246491951268
lidar,1787200246505580944
esp32,1787200246571480650
lidar,1787200246605423015
esp32,1787200246671944825
lidar,1787200246705024321
lidar,1787200246804688658
esp32,1787200246811941910
esp32,1787200246871795536
lidar,1787200246904632941
esp32,1787200246992005745
lidar,1787200247004112879
esp32,1787200247092095354
lidar,1787200247103746251
lidar,1787200247203231249
esp32,1787200247211723001
esp32,1787200247291749841
lidar,1787200247302672183
lidar,1787200247402553989
esp32,1787200247411280446
esp32,1787200247491662770
lidar,1787200247503636754
esp32,1787200247572052048
lidar,1787200247603620380
lidar,1787200247704078762
esp32,1787200247711781236
esp32,1787200247791556172
lidar,1787200247804348117
esp32,1787200247871871827
lidar,1787200247904382728
lidar,1787200248004626121
esp32,1787200248010990335
esp32,1787200248072066295
lidar,1787200248105139402
lidar,1787200248205207051
esp32,1787200248211065643
esp32,1787200248291889939
lidar,1787200248305256573
lidar,1787200248405659073
esp32,1787200248411679151
esp32,1787200248491935721
lidar,1787200248505846350
lidar,1787200248605540097
esp32,1787200248631426369
esp32,1787200248691836658
lidar,1787200248705088201
lidar,1787200248805182461
esp32,1787200248831351623
esp32,1787200248891661193
lidar,1787200248904835967
esp32,1787200248971522451
lidar,1787200249004618274
lidar,1787200249104449665
esp32,1787200249111868408
esp32,1787200249171615286
lidar,1787200249204380429
esp32,1787200249271011701
lidar,1787200249304100714
lidar,1787200249404231256
esp32,1787200249431365590
esp32,1787200249492011855
lidar,1787200249503866463
esp32,1787200249571122664
lidar,1787200249603612472
esp32,1787200249672092205
lidar,1787200249703981437
esp32,1787200249771988130
lidar,1787200249803698228
esp32,1787200249891911887
lidar,1787200249903334522
esp32,1787200249971856272
lidar,1787200250003642253
esp32,1787200250092090314
lidar,1787200250102719887
esp32,1787200250192022360
lidar,1787200250202394913
esp32,1787200250291807800
lidar,1787200250302355227
esp32,1787200250392016671
lidar,1787200250402204848
esp32,1787200250491895802
lidar,1787200250501835467
esp32,1787200250591831203
lidar,1787200250601637086
esp32,1787200250691658056
lidar,1787200250701305495
esp32,1787200250791618582
lidar,1787200250801194856
esp32,1787200250891623659
lidar,1787200250900784781
esp32,1787200250991737469
lidar,1787200251001098464
esp32,1787200251091514003
lidar,1787200251101280155
esp32,1787200251191834910
lidar,1787200251201366843
esp32,1787200251292029691
lidar,1787200251301769724
esp32,1787200251371951781
lidar,1787200251402721861
esp32,1787200251472006614
lidar,1787200251503083298
esp32,1787200251572035958
lidar,1787200251603695866
esp32,1787200251671860178
lidar,1787200251704264956
esp32,1787200251771981788
lidar,1787200251804663828
lidar,1787200251904975545
esp32,1787200251911792898
esp32,1787200251972304254
lidar,1787200252004706110
esp32,1787200252091972168
lidar,1787200252104147342
esp32,1787200252191755903
lidar,1787200252203534321
esp32,1787200252292224858
lidar,1787200252304191423
esp32,1787200252391901411
lidar,1787200252403565261
esp32,1787200252491899635
lidar,1787200252503445517
esp32,1787200252591186501
lidar,1787200252602800380
esp32,1787200252690923421
lidar,1787200252702469672
esp32,1787200252791042049
lidar,1787200252802140753
esp32,1787200252890959424
lidar,1787200252902146437
esp32,1787200252992001079
lidar,1787200253001528166
esp32,1787200253092187829
lidar,1787200253101448393
esp32,1787200253171958220
lidar,1787200253201576629
esp32,1787200253271883996
lidar,1787200253302022804
esp32,1787200253371896525
lidar,1787200253401672871
esp32,1787200253471531454
lidar,1787200253501279484
esp32,1787200253591841958
lidar,1787200253600864150
esp32,1787200253691039954
lidar,1787200253700694619
esp32,1787200253791850510
lidar,1787200253800469038
esp32,1787200253892047474
lidar,1787200253900392531
esp32,1787200253991897877
lidar,1787200253999931508
esp32,1787200254091316069
lidar,1787200254099373181
esp32,1787200254191939513
lidar,1787200254199026447
esp32,1787200254292026625
lidar,1787200254299028846
esp32,1787200254391874412
lidar,1787200254398353769
esp32,1787200254491873358
lidar,1787200254498316690
esp32,1787200254591875831
lidar,1787200254597852220
esp32,1787200254671814502
lidar,1787200254698146251
esp32,1787200254770996081
lidar,1787200254798546659
esp32,1787200254891878296
lidar,1787200254898752514
esp32,1787200254971790326
lidar,1787200254999154781
esp32,1787200255071943197
lidar,1787200255099523540
esp32,1787200255191990038
lidar,1787200255199677535
esp32,1787200255292078948
lidar,1787200255300001691
esp32,1787200255391752196
lidar,1787200255401161974
esp32,1787200255492087133
lidar,1787200255501394457
esp32,1787200255591750410
lidar,1787200255601491850
esp32,1787200255691887770
lidar,1787200255701197264
esp32,1787200255791904821
lidar,1787200255801134395
esp32,1787200255892023420
lidar,1787200255900515303
esp32,1787200255991943404
lidar,1787200256000882975
esp32,1787200256092016058
lidar,1787200256100326773
esp32,1787200256191581956
lidar,1787200256199955302
esp32,1787200256291820531
lidar,1787200256299416185
esp32,1787200256392085608
lidar,1787200256399132595
esp32,1787200256491589024
lidar,1787200256498851616
esp32,1787200256591961048
lidar,1787200256598484570
esp32,1787200256691679450
lidar,1787200256698214164
esp32,1787200256791497129
lidar,1787200256797794516
esp32,1787200256891870132
lidar,1787200256897930216
esp32,1787200256992018775
lidar,1787200256997223175
esp32,1787200257091824376
lidar,1787200257097106239
esp32,1787200257191604441
lidar,1787200257196168996
esp32,1787200257292026679
lidar,1787200257295616588
esp32,1787200257391263873
lidar,1787200257395095844
esp32,1787200257491950946
lidar,1787200257495510308
esp32,1787200257591589268
lidar,1787200257595382984
esp32,1787200257691817973
lidar,1787200257695767334
esp32,1787200257791656136
lidar,1787200257796094909
esp32,1787200257891799357
lidar,1787200257896790351
esp32,1787200257991734500
lidar,1787200257996601074
esp32,1787200258091401378
lidar,1787200258097283224
esp32,1787200258191831004
lidar,1787200258197483459
esp32,1787200258291815010
lidar,1787200258297285193
esp32,1787200258391513755
lidar,1787200258397145021
esp32,1787200258491870667
lidar,1787200258496745930
esp32,1787200258591592695
lidar,1787200258596650537
esp32,1787200258691706517
lidar,1787200258696187164
esp32,1787200258791926808
lidar,1787200258796104045
esp32,1787200258891795236
lidar,1787200258895741533
esp32,1787200258991954582
lidar,1787200258995267817
esp32,1787200259091850524
lidar,1787200259095202567
esp32,1787200259191881560
lidar,1787200259194671437
esp32,1787200259291958453
lidar,1787200259294774888
esp32,1787200259391948703
lidar,1787200259394482435
esp32,1787200259491959085
lidar,1787200259494512506
esp32,1787200259591897097
lidar,1787200259594269099
esp32,1787200259691938311
lidar,1787200259694153004
esp32,1787200259791926491
lidar,1787200259794086402
esp32,1787200259891909025
lidar,1787200259893668713
esp32,1787200259991933455
lidar,1787200259993690256
esp32,1787200260091954930
lidar,1787200260093365944
esp32,1787200260191897985
lidar,1787200260193484197
esp32,1787200260291784469
lidar,1787200260292872933
esp32,1787200260391899950
lidar,1787200260392959693
esp32,1787200260491797703
lidar,1787200260492811874
esp32,1787200260591838381
lidar,1787200260592914044
esp32,1787200260692006599
lidar,1787200260693129419
esp32,1787200260791887279
lidar,1787200260792979454
lidar,1787200260891630805
esp32,1787200260892370213
lidar,1787200260991488470
esp32,1787200260992361831
lidar,1787200261090869593
esp32,1787200261091509932
lidar,1787200261190732580
esp32,1787200261191855688
lidar,1787200261290661886
esp32,1787200261291830215
lidar,1787200261390778364
esp32,1787200261391932889
lidar,1787200261490828542
esp32,1787200261491773440
lidar,1787200261591053578
esp32,1787200261592089433
lidar,1787200261691679353
esp32,1787200261692490066
esp32,1787200261791913898
lidar,1787200261792944828
esp32,1787200261891621197
lidar,1787200261892700158
esp32,1787200261991943565
lidar,1787200261993271705
lidar,1787200262093594215
esp32,1787200262112115234
esp32,1787200262191942457
lidar,1787200262193444251
esp32,1787200262291810533
lidar,1787200262293092146
esp32,1787200262390907596
lidar,1787200262392943283
esp32,1787200262491470641
lidar,1787200262492710843
esp32,1787200262591706239
lidar,1787200262592792509
esp32,1787200262691687372
lidar,1787200262692792470
esp32,1787200262791713673
lidar,1787200262792644322
esp32,1787200262890916258
lidar,1787200262891629973
esp32,1787200262991053839
lidar,1787200262991587785
lidar,1787200263090619302
esp32,1787200263090992883
lidar,1787200263190823251
esp32,1787200263191336377
lidar,1787200263290914044
esp32,1787200263292218280
lidar,1787200263390650638
esp32,1787200263391437836
lidar,1787200263489866911
esp32,1787200263490855520
lidar,1787200263590069877
esp32,1787200263591441437
lidar,1787200263690094134
esp32,1787200263691828722
lidar,1787200263790128704
esp32,1787200263791863185
lidar,1787200263889514638
esp32,1787200263891558617
lidar,1787200263989325061
esp32,1787200263991627904
lidar,1787200264089189265
esp32,1787200264090905822
lidar,1787200264189351701
esp32,1787200264191830781
lidar,1787200264289994151
esp32,1787200264292007763
lidar,1787200264390479167
esp32,1787200264391995783
lidar,1787200264490999759
esp32,1787200264492117241
lidar,1787200264591265709
esp32,1787200264592367616
lidar,1787200264691836101
esp32,1787200264692992843
esp32,1787200264791972888
lidar,1787200264792796616
esp32,1787200264892094455
lidar,1787200264892905030
esp32,1787200264991828022
lidar,1787200264992622413
lidar,1787200265091673534
esp32,1787200265092779957
lidar,1787200265191438844
esp32,1787200265192557881
lidar,1787200265291550250
esp32,1787200265292786121
lidar,1787200265391130112
esp32,1787200265392239108
lidar,1787200265490591905
esp32,1787200265491687841
lidar,1787200265590143004
esp32,1787200265591763268
lidar,1787200265689946238
esp32,1787200265691916843
lidar,1787200265789963377
esp32,1787200265791462665
lidar,1787200265889509832
esp32,1787200265891422933
lidar,1787200265989456408
esp32,1787200265991764088
lidar,1787200266089313861
esp32,1787200266091660140
lidar,1787200266188966989
esp32,1787200266191593785
lidar,1787200266288741333
esp32,1787200266291699092
lidar,1787200266388601149
esp32,1787200266391731407
lidar,1787200266488477881
esp32,1787200266491512504
lidar,1787200266588235598
esp32,1787200266591442178
lidar,1787200266687812168
esp32,1787200266691633015
lidar,1787200266787586623
esp32,1787200266791643394
lidar,1787200266886989870
esp32,1787200266891073094
lidar,1787200266987067589
esp32,1787200266991642530
lidar,1787200267087053402
esp32,1787200267131576837
lidar,1787200267186507280
esp32,1787200267191686245
lidar,1787200267286320802
esp32,1787200267291322653
lidar,1787200267386509940
esp32,1787200267391395828
lidar,1787200267487126022
esp32,1787200267491419884
lidar,1787200267587294981
esp32,1787200267591823677
lidar,1787200267687859297
esp32,1787200267691375069
lidar,1787200267788646935
esp32,1787200267791592642
lidar,1787200267888346365
esp32,1787200267891539879
lidar,1787200267988269210
esp32,1787200267991268584
lidar,1787200268088103545
esp32,1787200268091170092
lidar,1787200268187718970
esp32,1787200268191589507
lidar,1787200268287531658
esp32,1787200268291476710
lidar,1787200268386881529
esp32,1787200268391442967
lidar,1787200268486260849
esp32,1787200268491802941
lidar,1787200268585842900
esp32,1787200268591211905
lidar,1787200268686017996
esp32,1787200268691678836
lidar,1787200268785791309
esp32,1787200268791673898
lidar,1787200268885262661
esp32,1787200268891840198
lidar,1787200268984985848
esp32,1787200268991576079
lidar,1787200269084518559
esp32,1787200269091379974
lidar,1787200269184437103
esp32,1787200269191691908
lidar,1787200269284180813
esp32,1787200269291604795
lidar,1787200269383880812
esp32,1787200269391638691
lidar,1787200269484008407
esp32,1787200269491664463
lidar,1787200269583622877
esp32,1787200269590910685
lidar,1787200269684359392
esp32,1787200269691617717
lidar,1787200269784498054
esp32,1787200269791659647
lidar,1787200269885353960
esp32,1787200269891999584
lidar,1787200269985618916
esp32,1787200269991591868
lidar,1787200270086186519
esp32,1787200270091500674
lidar,1787200270186034484
esp32,1787200270191463833
lidar,1787200270286289104
esp32,1787200270291431713
lidar,1787200270386023438
esp32,1787200270391514873
lidar,1787200270485806481
esp32,1787200270491453365
lidar,1787200270585657176
esp32,1787200270591663828
lidar,1787200270685418338
esp32,1787200270691551578
lidar,1787200270785383692
esp32,1787200270791473256
lidar,1787200270884893530
esp32,1787200270891400382
lidar,1787200270984494161
esp32,1787200270991737566
lidar,1787200271084396955
esp32,1787200271091550563
lidar,1787200271184128425
esp32,1787200271191837956
lidar,1787200271284037474
esp32,1787200271291506408
lidar,1787200271383501502
esp32,1787200271391524043
lidar,1787200271483254073
esp32,1787200271491515317
lidar,1787200271583087608
esp32,1787200271591230926
lidar,1787200271682828724
esp32,1787200271691598934
lidar,1787200271782831772
esp32,1787200271791570493
lidar,1787200271882582358
esp32,1787200271891451053
lidar,1787200271982613258
esp32,1787200271991623847
lidar,1787200272082244146
esp32,1787200272091658714
lidar,1787200272182103236
esp32,1787200272191427054
lidar,1787200272282177103
esp32,1787200272290880381
lidar,1787200272382291059
esp32,1787200272391561629
lidar,1787200272482740915
esp32,1787200272491420778
lidar,1787200272582774732
esp32,1787200272591488066
lidar,1787200272683245475
esp32,1787200272691639518
lidar,1787200272783268844
esp32,1787200272791530290
lidar,1787200272883095059
esp32,1787200272890921933
lidar,1787200272983153679
esp32,1787200272990971109
lidar,1787200273083232028
esp32,1787200273090962613
lidar,1787200273183282216
esp32,1787200273191324936
lidar,1787200273283113107
esp32,1787200273291341959
lidar,1787200273383014219
esp32,1787200273391588336
lidar,1787200273483512103
esp32,1787200273491459082
lidar,1787200273583235421
esp32,1787200273591417763
lidar,1787200273682735255
esp32,1787200273690822565
lidar,1787200273783795287
esp32,1787200273791570323
lidar,1787200273884023670
esp32,1787200273891323324
lidar,1787200273983838348
esp32,1787200273991473422
lidar,1787200274083005284
esp32,1787200274091523739
lidar,1787200274182171523
esp32,1787200274191235748
lidar,1787200274281613034
esp32,1787200274291481556
lidar,1787200274380608847
esp32,1787200274391413490
lidar,1787200274479582965
esp32,1787200274491750090
lidar,1787200274578467242
esp32,1787200274591711352
lidar,1787200274677420882
esp32,1787200274691568127
lidar,1787200274777326099
esp32,1787200274791522421
lidar,1787200274876611417
esp32,1787200274891517020
lidar,1787200274976108968
esp32,1787200274991823539
lidar,1787200275076409770
esp32,1787200275091955143
lidar,1787200275175800447
esp32,1787200275191886582
lidar,1787200275275738542
esp32,1787200275291675344
lidar,1787200275375192222
esp32,1787200275391891402
lidar,1787200275474857213
esp32,1787200275491754922
lidar,1787200275574432529
esp32,1787200275592025982
lidar,1787200275673653591
esp32,1787200275691613261
lidar,1787200275773818026
esp32,1787200275791973817
lidar,1787200275873952855
esp32,1787200275891488608
lidar,1787200275974108987
esp32,1787200275992002572
lidar,1787200276074449223
esp32,1787200276091916625
lidar,1787200276174959542
esp32,1787200276191956364
lidar,1787200276275739812
esp32,1787200276291937394
lidar,1787200276375925003
esp32,1787200276391900133
lidar,1787200276476526470
esp32,1787200276491931616
lidar,1787200276576895517
esp32,1787200276591449006
lidar,1787200276677388335
esp32,1787200276691388934
lidar,1787200276777583008
esp32,1787200276791357644
lidar,1787200276877442819
esp32,1787200276891470178
lidar,1787200276977402047
esp32,1787200276991576863
lidar,1787200277077363794
esp32,1787200277091422660
lidar,1787200277177507334
esp32,1787200277191444646
lidar,1787200277277272148
esp32,1787200277291421016
lidar,1787200277377294311
esp32,1787200277391269344
lidar,1787200277476433469
esp32,1787200277491463059
lidar,1787200277576193985
esp32,1787200277591773273
lidar,1787200277676065906
esp32,1787200277691383307
lidar,1787200277775586459
esp32,1787200277791418226
lidar,1787200277875733443
esp32,1787200277891705494
lidar,1787200277975411804
esp32,1787200277991766060
lidar,1787200278075537261
esp32,1787200278091504509
lidar,1787200278174766634
esp32,1787200278191729469
lidar,1787200278274503780
esp32,1787200278291823056
lidar,1787200278374037517
esp32,1787200278391410149
lidar,1787200278473491004
esp32,1787200278491545748
lidar,1787200278573111532
esp32,1787200278591843224
lidar,1787200278672939736
esp32,1787200278691981258
lidar,1787200278773364339
esp32,1787200278791567841
lidar,1787200278873158205
esp32,1787200278891720069
lidar,1787200278973895748
esp32,1787200278991928603
lidar,1787200279074819246
esp32,1787200279092016396
lidar,1787200279175002501
esp32,1787200279191992232
lidar,1787200279275993154
esp32,1787200279291874669
lidar,1787200279375673633
esp32,1787200279391938794
lidar,1787200279475662652
esp32,1787200279491566793
lidar,1787200279575647901
esp32,1787200279591921729
lidar,1787200279675352634
esp32,1787200279691916317
lidar,1787200279775027137
esp32,1787200279791466845
lidar,1787200279874424296
esp32,1787200279891563348
lidar,1787200279974617849
esp32,1787200279991986795
lidar,1787200280074707477
esp32,1787200280092019227
lidar,1787200280174325003
esp32,1787200280191889647
lidar,1787200280274037413
esp32,1787200280291943948
lidar,1787200280373713939
esp32,1787200280391786222
lidar,1787200280473436395
esp32,1787200280491780895
lidar,1787200280573109794
esp32,1787200280592040921
lidar,1787200280672481341
esp32,1787200280691944896
lidar,1787200280772283132
esp32,1787200280791942192
lidar,1787200280872229238
esp32,1787200280891731943
lidar,1787200280972585170
esp32,1787200280991974440
lidar,1787200281072839942
esp32,1787200281091931175
lidar,1787200281173022558
esp32,1787200281191837932
lidar,1787200281273422560
esp32,1787200281291544964
lidar,1787200281373967992
esp32,1787200281391606174
lidar,1787200281474001813
esp32,1787200281491945235
lidar,1787200281574006500
esp32,1787200281591811465
lidar,1787200281673955359
esp32,1787200281691858889
lidar,1787200281773151282
esp32,1787200281791013439
lidar,1787200281873446376
esp32,1787200281891812251
lidar,1787200281973131025
esp32,1787200281991902275
lidar,1787200282073025941
esp32,1787200282091938601
lidar,1787200282172146273
esp32,1787200282191773577
lidar,1787200282272018173
esp32,1787200282291161136
lidar,1787200282371091111
esp32,1787200282391003191
lidar,1787200282470736974
esp32,1787200282491032627
lidar,1787200282570418707
esp32,1787200282590841259
lidar,1787200282670549722
esp32,1787200282691496330
lidar,1787200282770571506
esp32,1787200282791432924
lidar,1787200282870558071
esp32,1787200282891617633
lidar,1787200282970249103
esp32,1787200282991694384
lidar,1787200283069992690
esp32,1787200283091833843
lidar,1787200283169553042
esp32,1787200283191784058
lidar,1787200283269238366
esp32,1787200283291586462
lidar,1787200283369493799
esp32,1787200283391856889
lidar,1787200283469181997
esp32,1787200283491583012
lidar,1787200283568792205
esp32,1787200283591564118
lidar,1787200283668459773
esp32,1787200283691523513
lidar,1787200283768676703
esp32,1787200283791588700
lidar,1787200283868448599
esp32,1787200283891873078
lidar,1787200283968183738
esp32,1787200283991870603
lidar,1787200284068076437
esp32,1787200284091937728
lidar,1787200284167390660
esp32,1787200284191081736
lidar,1787200284268227818
esp32,1787200284291939975
lidar,1787200284367958961
esp32,1787200284391827228
lidar,1787200284468438112
esp32,1787200284491776437
lidar,1787200284568394201
esp32,1787200284591970263
lidar,1787200284669252175
esp32,1787200284691559290
lidar,1787200284769896704
esp32,1787200284792004741
lidar,1787200284869943809
esp32,1787200284891854430
lidar,1787200284969874060
esp32,1787200284991968163
lidar,1787200285069836070
esp32,1787200285091830145
lidar,1787200285169728907
esp32,1787200285191774141
lidar,1787200285269632350
esp32,1787200285291750477
lidar,1787200285369201872
esp32,1787200285391902587
lidar,1787200285469128646
esp32,1787200285491749577
lidar,1787200285569086102
esp32,1787200285591919253
lidar,1787200285668611286
esp32,1787200285691874852
lidar,1787200285768522924
esp32,1787200285791837391
lidar,1787200285867869769
esp32,1787200285891611046
lidar,1787200285967383295
esp32,1787200285991872371
lidar,1787200286066929875
esp32,1787200286091919742
lidar,1787200286166805182
esp32,1787200286191917312
lidar,1787200286266350224
esp32,1787200286291808778
lidar,1787200286366211522
esp32,1787200286391853984
lidar,1787200286465848955
esp32,1787200286491949907
lidar,1787200286565730520
esp32,1787200286592012913
lidar,1787200286665323182
esp32,1787200286692000347
lidar,1787200286765348928
esp32,1787200286792027705
lidar,1787200286865661251
esp32,1787200286891788173
lidar,1787200286965671502
esp32,1787200286991398674
lidar,1787200287066071331
esp32,1787200287092002963
lidar,1787200287166281600
esp32,1787200287191992202
lidar,1787200287266607785
esp32,1787200287291968395
lidar,1787200287367176944
esp32,1787200287391921131
lidar,1787200287467862610
esp32,1787200287491812361
lidar,1787200287567665803
esp32,1787200287591994916
lidar,1787200287667273839
esp32,1787200287692004553
lidar,1787200287767318867
esp32,1787200287791978116
lidar,1787200287866996142
esp32,1787200287891786296
lidar,1787200287967193696
esp32,1787200287992005360
lidar,1787200288067271238
esp32,1787200288092015259
lidar,1787200288167123069
esp32,1787200288191992558
lidar,1787200288266977811
esp32,1787200288292011403
lidar,1787200288366897332
esp32,1787200288391710519
lidar,1787200288466344604
esp32,1787200288491968643
lidar,1787200288566211976
esp32,1787200288591975286
lidar,1787200288665687958
esp32,1787200288691843424
lidar,1787200288765337043
esp32,1787200288791911995
lidar,1787200288865117638
esp32,1787200288891733431
lidar,1787200288964747850
esp32,1787200288991651192
lidar,1787200289064682490
esp32,1787200289091872935
lidar,1787200289164179661
esp32,1787200289191711667
lidar,1787200289264093558
esp32,1787200289291953925
lidar,1787200289363875906
esp32,1787200289391918172
lidar,1787200289463589232
esp32,1787200289492027827
lidar,1787200289563427495
esp32,1787200289592097136
lidar,1787200289663634100
esp32,1787200289692096869
lidar,1787200289763882341
esp32,1787200289791941075
lidar,1787200289864267097
esp32,1787200289890988892
lidar,1787200289964841730
esp32,1787200289991839833
lidar,1787200290065178812
esp32,1787200290091885896
lidar,1787200290165417130
esp32,1787200290191950983
lidar,1787200290265731127
esp32,1787200290292020491
lidar,1787200290366241185
esp32,1787200290392053181
lidar,1787200290466399083
esp32,1787200290491957111
lidar,1787200290566229864
esp32,1787200290591883531
lidar,1787200290666045608
esp32,1787200290691906021
lidar,1787200290765697060
esp32,1787200290791931562
lidar,1787200290865822944
esp32,1787200290891791075
lidar,1787200290965491294
esp32,1787200290991874745
lidar,1787200291065535401
esp32,1787200291091941762
lidar,1787200291165567869
esp32,1787200291191934636
lidar,1787200291265256303
esp32,1787200291291864050
lidar,1787200291364996072
esp32,1787200291391908959
lidar,1787200291464914769
esp32,1787200291491920571
lidar,1787200291564563626
esp32,1787200291591329786
lidar,1787200291664519229
esp32,1787200291691962270
lidar,1787200291764145982
esp32,1787200291791928029
lidar,1787200291864094071
esp32,1787200291891833995
lidar,1787200291963801534
esp32,1787200291991803771
lidar,1787200292064033785
esp32,1787200292091820189
lidar,1787200292163778983
esp32,1787200292191820530
lidar,1787200292263507272
esp32,1787200292291784856
lidar,1787200292362784932
esp32,1787200292391422474
lidar,1787200292462480919
esp32,1787200292491560407
lidar,1787200292562339352
esp32,1787200292591666712
lidar,1787200292661432074
esp32,1787200292690895500
lidar,1787200292761523171
esp32,1787200292790948147
lidar,1787200292861151531
esp32,1787200292890843315
lidar,1787200292961596708
esp32,1787200292991777274
lidar,1787200293061445458
esp32,1787200293091790212
lidar,1787200293161115524
esp32,1787200293191862319
lidar,1787200293260690458
esp32,1787200293291946220
lidar,1787200293360327723
esp32,1787200293391670622
lidar,1787200293459892593
esp32,1787200293491826948
lidar,1787200293559563895
esp32,1787200293591851623
lidar,1787200293659284347
esp32,1787200293692018824
lidar,1787200293758849518
esp32,1787200293792269738
lidar,1787200293858742815
esp32,1787200293891939727
lidar,1787200293958441173
esp32,1787200293991165154
lidar,1787200294059187202
esp32,1787200294091947262
lidar,1787200294159399959
esp32,1787200294191866528
lidar,1787200294259984273
esp32,1787200294292056452
lidar,1787200294360585616
esp32,1787200294391846366
lidar,1787200294461138433
esp32,1787200294492069985
lidar,1787200294561552991
esp32,1787200294591948531
lidar,1787200294661693900
esp32,1787200294692099744
lidar,1787200294761954758
esp32,1787200294792045979
lidar,1787200294861574054
esp32,1787200294892039513
lidar,1787200294961186324
esp32,1787200294992035513
lidar,1787200295061143087
esp32,1787200295091391046
lidar,1787200295161396057
esp32,1787200295191953760
lidar,1787200295261031380
esp32,1787200295292031774
lidar,1787200295360489170
esp32,1787200295391976435
lidar,1787200295460094454
esp32,1787200295492076740
lidar,1787200295559728616
esp32,1787200295591982064
lidar,1787200295659402912
esp32,1787200295691840748
lidar,1787200295758834454
esp32,1787200295791802547
lidar,1787200295858689687
esp32,1787200295891646664
lidar,1787200295958462583
esp32,1787200295990903593
lidar,1787200296058333773
esp32,1787200296092060635
lidar,1787200296158176098
esp32,1787200296192022959
lidar,1787200296258097807
esp32,1787200296292059818
lidar,1787200296357741923
esp32,1787200296391977985
lidar,1787200296457127050
esp32,1787200296492076673
lidar,1787200296557004027
esp32,1787200296591970842
lidar,1787200296656365455
esp32,1787200296691970584
lidar,1787200296756191186
esp32,1787200296792138246
lidar,1787200296856256263
esp32,1787200296892112403
lidar,1787200296956293769
esp32,1787200296991988057
lidar,1787200297056412054
esp32,1787200297091902988
lidar,1787200297156592734
esp32,1787200297192115084
lidar,1787200297256954406
esp32,1787200297291923134
lidar,1787200297357410887
esp32,1787200297391899853
lidar,1787200297457804320
esp32,1787200297491969365
lidar,1787200297557965304
esp32,1787200297591878109
lidar,1787200297658374900
esp32,1787200297692025628
lidar,1787200297758731777
esp32,1787200297791818964
lidar,1787200297858708233
esp32,1787200297891748358
lidar,1787200297958601529
esp32,1787200297992026810
lidar,1787200298058345476
esp32,1787200298092028605
lidar,1787200298158143865
esp32,1787200298191898221
lidar,1787200298257846926
esp32,1787200298291790072
lidar,1787200298357957364
esp32,1787200298391650756
lidar,1787200298457741926
esp32,1787200298491912479
lidar,1787200298557596724
esp32,1787200298592000093
lidar,1787200298657224806
esp32,1787200298692064115
lidar,1787200298757050377
esp32,1787200298791742915
lidar,1787200298857185139
esp32,1787200298891719945
lidar,1787200298956451714
esp32,1787200298991702222
lidar,1787200299055858651
esp32,1787200299091663754
lidar,1787200299155665258
esp32,1787200299191759195
lidar,1787200299255194864
esp32,1787200299291967703
lidar,1787200299355303519
esp32,1787200299392025903
lidar,1787200299455241900
esp32,1787200299492069565
lidar,1787200299554612132
esp32,1787200299591960779
lidar,1787200299654320068
esp32,1787200299692115109
lidar,1787200299754125211
esp32,1787200299792048133
lidar,1787200299854224111
esp32,1787200299891967035
lidar,1787200299954031339
esp32,1787200299992084576
lidar,1787200300054363275
esp32,1787200300091937124
lidar,1787200300154669700
esp32,1787200300191858192
lidar,1787200300254785859
esp32,1787200300291885672
lidar,1787200300355326596
esp32,1787200300391996770
lidar,1787200300455435887
esp32,1787200300492008192
lidar,1787200300555593779
esp32,1787200300592014213
lidar,1787200300655060782
esp32,1787200300692051940
lidar,1787200300754991281
esp32,1787200300791822830
lidar,1787200300854955835
esp32,1787200300891823349
lidar,1787200300954519070
esp32,1787200300991979216
lidar,1787200301054300212
esp32,1787200301092011534
lidar,1787200301153644276
esp32,1787200301191949997
lidar,1787200301252995999
esp32,1787200301292010204
lidar,1787200301352374005
esp32,1787200301392006748
lidar,1787200301451983137
esp32,1787200301491978733
lidar,1787200301552109911
esp32,1787200301591992363
lidar,1787200301651934821
esp32,1787200301691901985
lidar,1787200301752511977
esp32,1787200301791938596
lidar,1787200301852923068
esp32,1787200301891900188
lidar,1787200301953246120
esp32,1787200301991795914
lidar,1787200302053200034
esp32,1787200302091829234
lidar,1787200302153917028
esp32,1787200302192016324
lidar,1787200302254145280
esp32,1787200302291901110
lidar,1787200302354142659
esp32,1787200302392040972
lidar,1787200302454238915
esp32,1787200302492034299
lidar,1787200302554402171
esp32,1787200302611068687
lidar,1787200302653576859
esp32,1787200302690961367
lidar,1787200302753453023
esp32,1787200302790908325
lidar,1787200302853170154
esp32,1787200302891013331
lidar,1787200302953284167
esp32,1787200302991865195
lidar,1787200303053286448
esp32,1787200303092047146
lidar,1787200303153019165
esp32,1787200303191938537
lidar,1787200303252672686
esp32,1787200303291932271
lidar,1787200303352285165
esp32,1787200303391933586
lidar,1787200303452019257
esp32,1787200303491951236
lidar,1787200303551925626
esp32,1787200303592055641
lidar,1787200303651473423
esp32,1787200303691936847
lidar,1787200303751718109
esp32,1787200303791820465
lidar,1787200303851511667
esp32,1787200303891762339
lidar,1787200303951184375
esp32,1787200303992079650
lidar,1787200304050998734
esp32,1787200304091559763
lidar,1787200304150382012
esp32,1787200304191954458
lidar,1787200304249904893
esp32,1787200304292003875
lidar,1787200304349932253
esp32,1787200304392054582
lidar,1787200304449984701
esp32,1787200304491941919
lidar,1787200304549274154
esp32,1787200304592059081
lidar,1787200304648903254
esp32,1787200304692037545
lidar,1787200304748758757
esp32,1787200304791938858
lidar,1787200304848646732
esp32,1787200304891906907
lidar,1787200304948409681
esp32,1787200304992043452
lidar,1787200305048216281
esp32,1787200305091965048
lidar,1787200305147874253
esp32,1787200305191885934
lidar,1787200305247773647
esp32,1787200305291981970
lidar,1787200305347453771
esp32,1787200305392007785
lidar,1787200305446941127
esp32,1787200305491886635
lidar,1787200305546454301
esp32,1787200305591883317
lidar,1787200305646411205
esp32,1787200305692020886
lidar,1787200305746413808
esp32,1787200305791950738
lidar,1787200305847062165
esp32,1787200305891902538
lidar,1787200305947512360
esp32,1787200305992001635
lidar,1787200306047853902
esp32,1787200306092016693
lidar,1787200306147993688
esp32,1787200306191895836
lidar,1787200306248821759
esp32,1787200306291929905
lidar,1787200306349841061
esp32,1787200306391797042
lidar,1787200306450248112
esp32,1787200306491944481
lidar,1787200306550761926
esp32,1787200306591921814
lidar,1787200306651210167
esp32,1787200306691449892
lidar,1787200306751143257
esp32,1787200306791825216
lidar,1787200306851428312
esp32,1787200306891838676
lidar,1787200306950924848
esp32,1787200306991713370
lidar,1787200307050812313
esp32,1787200307091780128
lidar,1787200307150763230
esp32,1787200307191789573
lidar,1787200307250171744
esp32,1787200307291696609
lidar,1787200307349939809
esp32,1787200307391691990
lidar,1787200307449650991
esp32,1787200307491652931
lidar,1787200307549412026
esp32,1787200307591841410
lidar,1787200307649190898
esp32,1787200307691869095
lidar,1787200307749087629
esp32,1787200307792078168
lidar,1787200307848740313
esp32,1787200307891864112
lidar,1787200307948477535
esp32,1787200307991852000
lidar,1787200308048150862
esp32,1787200308092135200
lidar,1787200308147334060
esp32,1787200308191905555
lidar,1787200308247522859
esp32,1787200308291886840
lidar,1787200308347618960
esp32,1787200308391785583
lidar,1787200308448234807
esp32,1787200308491680704
lidar,1787200308548586685
esp32,1787200308591839106
lidar,1787200308648763353
esp32,1787200308691713698
lidar,1787200308749411776
esp32,1787200308791714999
lidar,1787200308849891548
esp32,1787200308891739692
lidar,1787200308950092785
esp32,1787200308991765131
lidar,1787200309050682270
esp32,1787200309091996653
lidar,1787200309150318642
esp32,1787200309192072359
lidar,1787200309249900515
esp32,1787200309291817484
lidar,1787200309349331810
esp32,1787200309391991593
lidar,1787200309449248396
esp32,1787200309491682075
lidar,1787200309549179005
esp32,1787200309591926517
lidar,1787200309648889177
esp32,1787200309691796264
lidar,1787200309748806562
esp32,1787200309791703461
lidar,1787200309848711812
esp32,1787200309891610356
lidar,1787200309948009077
esp32,1787200309991816645
lidar,1787200310048160449
esp32,1787200310091858646
lidar,1787200310147610527
esp32,1787200310191620806
lidar,1787200310247271884
esp32,1787200310291904101
lidar,1787200310347336734
esp32,1787200310391734113
lidar,1787200310447042958
esp32,1787200310491785950
lidar,1787200310546543038
esp32,1787200310591819376
lidar,1787200310646887469
esp32,1787200310691786134
lidar,1787200310746451913
esp32,1787200310791936026
lidar,1787200310846455784
esp32,1787200310891774893
lidar,1787200310946548798
esp32,1787200310991972117
lidar,1787200311046524415
esp32,1787200311091694977
lidar,1787200311146607848
esp32,1787200311191924594
lidar,1787200311247063589
esp32,1787200311291724484
lidar,1787200311347125985
esp32,1787200311392041461
lidar,1787200311448028213
esp32,1787200311491868272
lidar,1787200311548369915
esp32,1787200311592005823
lidar,1787200311647849491
esp32,1787200311691808120
lidar,1787200311747858329
esp32,1787200311791910706
lidar,1787200311847607023
esp32,1787200311891905516
lidar,1787200311947108074
esp32,1787200311991912258
lidar,1787200312046829205
esp32,1787200312092018756
lidar,1787200312146412610
esp32,1787200312190969770
lidar,1787200312246359220
esp32,1787200312291676915
lidar,1787200312345792571
esp32,1787200312391832474
lidar,1787200312446082855
esp32,1787200312491884566
lidar,1787200312545966069
esp32,1787200312590945355
lidar,1787200312645313352
esp32,1787200312690974280
lidar,1787200312744641028
esp32,1787200312790932981
lidar,1787200312844492786
esp32,1787200312891175545
lidar,1787200312944461900
esp32,1787200312991686058
lidar,1787200313044426422
esp32,1787200313091765090
lidar,1787200313144549159
esp32,1787200313191909787
lidar,1787200313244532911
esp32,1787200313291899178
lidar,1787200313344969872
esp32,1787200313391736002
lidar,1787200313445308860
esp32,1787200313491755795
lidar,1787200313545645115
esp32,1787200313591773930
lidar,1787200313646153215
esp32,1787200313691854434
lidar,1787200313746215793
esp32,1787200313791744011
lidar,1787200313846861983
esp32,1787200313891779751
lidar,1787200313946706851
esp32,1787200313991931407
lidar,1787200314046928727
esp32,1787200314091992046
lidar,1787200314146707757
esp32,1787200314192106229
lidar,1787200314246672806
esp32,1787200314291701437
lidar,1787200314346426741
esp32,1787200314391883186
lidar,1787200314446103039
esp32,1787200314491970716
lidar,1787200314546157436
esp32,1787200314591951144
lidar,1787200314645846135
esp32,1787200314692177036
lidar,1787200314745604011
esp32,1787200314792033694
lidar,1787200314845593389
esp32,1787200314891922096
lidar,1787200314945233444
esp32,1787200314991945859
lidar,1787200315044983062
esp32,1787200315092043787
lidar,1787200315144400822
esp32,1787200315191881514
lidar,1787200315244454931
esp32,1787200315291759649
lidar,1787200315344231004
esp32,1787200315391979734
lidar,1787200315443970339
esp32,1787200315491913997
lidar,1787200315543808934
esp32,1787200315592027028
lidar,1787200315643378313
esp32,1787200315691419304
lidar,1787200315742829654
esp32,1787200315791837241
lidar,1787200315842735525
esp32,1787200315892029796
lidar,1787200315942548456
esp32,1787200315992103761
lidar,1787200316042074633
esp32,1787200316091979908
lidar,1787200316141978344
esp32,1787200316192014208
lidar,1787200316241731507
esp32,1787200316291967973
lidar,1787200316341909879
esp32,1787200316392040929
lidar,1787200316441392481
esp32,1787200316491883988
lidar,1787200316541076229
esp32,1787200316591740888
lidar,1787200316641331163
esp32,1787200316692019450
lidar,1787200316741229569
esp32,1787200316791970830
lidar,1787200316841780920
esp32,1787200316891944012
lidar,1787200316942117151
esp32,1787200316991841545
lidar,1787200317042605822
esp32,1787200317091957997
lidar,1787200317143192584
esp32,1787200317191907891
lidar,1787200317243395516
esp32,1787200317291868364
lidar,1787200317343535368
esp32,1787200317391837712
lidar,1787200317443071684
esp32,1787200317491907377
lidar,1787200317542996859
esp32,1787200317591914564
lidar,1787200317642739232
esp32,1787200317691940985
lidar,1787200317742457857
esp32,1787200317812108723
lidar,1787200317842519687
esp32,1787200317891533808
lidar,1787200317942445535
esp32,1787200317991908218
lidar,1787200318042330459
esp32,1787200318091884216
lidar,1787200318142178081
esp32,1787200318191927923
lidar,1787200318241521995
esp32,1787200318291637154
lidar,1787200318341227873
esp32,1787200318391837506
lidar,1787200318440804943
esp32,1787200318491915640
lidar,1787200318540865221
esp32,1787200318591877758
lidar,1787200318640337383
esp32,1787200318691828048
lidar,1787200318740203416
esp32,1787200318791969705
lidar,1787200318839816591
esp32,1787200318891714202
lidar,1787200318939667944
esp32,1787200318991921843
lidar,1787200319039667956
esp32,1787200319091954460
lidar,1787200319140195401
esp32,1787200319191933570
lidar,1787200319240462121
esp32,1787200319291669821
lidar,1787200319340702153
esp32,1787200319391482284
lidar,1787200319441175806
esp32,1787200319491933204
lidar,1787200319541839458
esp32,1787200319591899107
lidar,1787200319642033314
esp32,1787200319691916659
lidar,1787200319742636599
esp32,1787200319791929029
lidar,1787200319842722046
esp32,1787200319891894140
lidar,1787200319942813145
esp32,1787200319991841823
lidar,1787200320043208113
esp32,1787200320091901369
lidar,1787200320143000278
esp32,1787200320191915346
lidar,1787200320242884034
esp32,1787200320291636003
lidar,1787200320342860080
esp32,1787200320391654786
lidar,1787200320442431875
esp32,1787200320491887090
lidar,1787200320542504936
esp32,1787200320591956192
lidar,1787200320642277720
esp32,1787200320691538408
lidar,1787200320741789210
esp32,1787200320791860920
lidar,1787200320841697768
esp32,1787200320891775882
lidar,1787200320941608203
esp32,1787200320991905102
lidar,1787200321041561597
esp32,1787200321091834429
lidar,1787200321141247967
esp32,1787200321191539093
lidar,1787200321240914930
esp32,1787200321291581522
lidar,1787200321340689192
esp32,1787200321391705867
lidar,1787200321440783843
esp32,1787200321491677986
lidar,1787200321541018390
esp32,1787200321591694449
lidar,1787200321640736278
esp32,1787200321691528973
lidar,1787200321740412500
esp32,1787200321791792226
lidar,1787200321840363220
esp32,1787200321891729899
lidar,1787200321939970244
esp32,1787200321991664782
lidar,1787200322040051379
esp32,1787200322091805911
lidar,1787200322139816037
esp32,1787200322191820083
lidar,1787200322239564153
esp32,1787200322291852553
lidar,1787200322339230424
esp32,1787200322391796203
lidar,1787200322439576443
esp32,1787200322491838887
lidar,1787200322539349712
esp32,1787200322591177307
lidar,1787200322638582305
esp32,1787200322691042220
lidar,1787200322738508639
esp32,1787200322790919494
lidar,1787200322838395102
esp32,1787200322890931950
lidar,1787200322938387214
esp32,1787200322991857913
lidar,1787200323038384724
esp32,1787200323091936428
lidar,1787200323138662622
esp32,1787200323191851875
lidar,1787200323238341628
esp32,1787200323292060090
lidar,1787200323338406742
esp32,1787200323392027780
lidar,1787200323438139154
esp32,1787200323492040187
lidar,1787200323537695407
esp32,1787200323592116326
lidar,1787200323637661949
esp32,1787200323692020484
lidar,1787200323736894972
esp32,1787200323791916319
lidar,1787200323836467258
esp32,1787200323891933371
lidar,1787200323935871456
esp32,1787200323991909221
lidar,1787200324036671714
esp32,1787200324091805833
lidar,1787200324136777666
esp32,1787200324191860915
lidar,1787200324237514755
esp32,1787200324292087651
lidar,1787200324337585566
esp32,1787200324391730998
lidar,1787200324438252408
esp32,1787200324492122018
lidar,1787200324538587973
esp32,1787200324591872834
lidar,1787200324638995322
esp32,1787200324691842997
lidar,1787200324739679120
esp32,1787200324791806554
lidar,1787200324839706709
esp32,1787200324892061001
lidar,1787200324939889630
esp32,1787200324991945893
lidar,1787200325040375198
esp32,1787200325091922653
lidar,1787200325141314235
esp32,1787200325192034285
lidar,1787200325241102705
esp32,1787200325291991289
lidar,1787200325340988785
esp32,1787200325392021443
lidar,1787200325441180137
esp32,1787200325492059029
lidar,1787200325540741773
esp32,1787200325591933698
lidar,1787200325640587236
esp32,1787200325691641455
lidar,1787200325740322490
esp32,1787200325792026239
lidar,1787200325840110937
esp32,1787200325891949122
lidar,1787200325939697964
esp32,1787200325992036142
lidar,1787200326039692241
esp32,1787200326092137010
lidar,1787200326139670630
esp32,1787200326212283691
lidar,1787200326239874974
esp32,1787200326291807503
lidar,1787200326339589008
esp32,1787200326391840224
lidar,1787200326439444161
esp32,1787200326492023922
lidar,1787200326539281040
esp32,1787200326591841723
lidar,1787200326638970284
esp32,1787200326691619249
lidar,1787200326738823346
esp32,1787200326792017038
lidar,1787200326838667204
esp32,1787200326892027811
lidar,1787200326938468567
esp32,1787200326991960050
lidar,1787200327038436157
esp32,1787200327091970876
lidar,1787200327138399613
esp32,1787200327191811517
lidar,1787200327238846799
esp32,1787200327291919670
lidar,1787200327338486835
esp32,1787200327391978048
lidar,1787200327439152893
esp32,1787200327491851021
lidar,1787200327539026419
esp32,1787200327591956481
lidar,1787200327639698819
esp32,1787200327691636194
lidar,1787200327740102807
esp32,1787200327792009708
lidar,1787200327840381097
esp32,1787200327891984148
lidar,1787200327939631940
esp32,1787200328012331072
lidar,1787200328039143765
esp32,1787200328092011900
lidar,1787200328139166087
esp32,1787200328192009358
lidar,1787200328238622935
esp32,1787200328292014560
lidar,1787200328338248792
esp32,1787200328391733036
lidar,1787200328438357221
esp32,1787200328491964701
lidar,1787200328537872495
esp32,1787200328592056858
lidar,1787200328637582641
esp32,1787200328691983880
lidar,1787200328737240565
esp32,1787200328792089943
lidar,1787200328836839327
esp32,1787200328892063421
lidar,1787200328936834349
esp32,1787200328992021610
lidar,1787200329036848402
esp32,1787200329091891755
lidar,1787200329137512494
esp32,1787200329191955240
lidar,1787200329237817541
esp32,1787200329291849001
lidar,1787200329338000164
esp32,1787200329391899652
lidar,1787200329438705676
esp32,1787200329491967221
lidar,1787200329539346828
esp32,1787200329591861412
lidar,1787200329639512225
esp32,1787200329691762324
lidar,1787200329739920159
esp32,1787200329792072787
lidar,1787200329840407899
esp32,1787200329891850178
lidar,1787200329940458504
esp32,1787200329991844561
lidar,1787200330040353461
esp32,1787200330112145745
lidar,1787200330140202939
esp32,1787200330191810515
lidar,1787200330239849833
esp32,1787200330312388801
lidar,1787200330339439587
esp32,1787200330392035897
lidar,1787200330439590978
esp32,1787200330491997791
lidar,1787200330539717193
esp32,1787200330591903655
lidar,1787200330639339787
esp32,1787200330691236614
lidar,1787200330738989423
esp32,1787200330792028603
lidar,1787200330838968035
esp32,1787200330891908649
lidar,1787200330938697496
esp32,1787200330991919077
lidar,1787200331038519462
esp32,1787200331092029069
lidar,1787200331138416120
esp32,1787200331191909224
lidar,1787200331238266063
esp32,1787200331291993781
lidar,1787200331337330791
esp32,1787200331391724409
lidar,1787200331437368428
esp32,1787200331492003538
lidar,1787200331536927413
esp32,1787200331591981395
lidar,1787200331637031257
esp32,1787200331691730673
lidar,1787200331736768240
esp32,1787200331791735432
lidar,1787200331836536782
esp32,1787200331891908445
lidar,1787200331936598332
esp32,1787200331991774325
lidar,1787200332036080577
esp32,1787200332091540777
lidar,1787200332136272460
esp32,1787200332191347559
lidar,1787200332235841089
esp32,1787200332291142308
lidar,1787200332335020812
esp32,1787200332391666549
lidar,1787200332435653272
esp32,1787200332491841279
lidar,1787200332535353900
esp32,1787200332591695256
lidar,1787200332635112825
esp32,1787200332691095228
lidar,1787200332735451154
esp32,1787200332791086779
lidar,1787200332835989657
esp32,1787200332891039003
lidar,1787200332936644561
esp32,1787200332991817601
lidar,1787200333037096011
esp32,1787200333091815795
lidar,1787200333137254918
esp32,1787200333191287591
lidar,1787200333236770159
esp32,1787200333291337040
lidar,1787200333336504182
esp32,1787200333391653168
lidar,1787200333436729599
esp32,1787200333491861962
lidar,1787200333536536080
esp32,1787200333591879423
lidar,1787200333636125367
esp32,1787200333691850079
lidar,1787200333735839449
esp32,1787200333791832129
lidar,1787200333835421487
esp32,1787200333891799336
lidar,1787200333935016801
esp32,1787200333991928811
lidar,1787200334034983336
esp32,1787200334091919187
lidar,1787200334134945499
esp32,1787200334191856259
lidar,1787200334234697310
esp32,1787200334291941537
lidar,1787200334334649989
esp32,1787200334391772581
lidar,1787200334435069543
esp32,1787200334490927635
lidar,1787200334535741174
esp32,1787200334591658699
lidar,1787200334635577726
esp32,1787200334691438780
lidar,1787200334736294176
esp32,1787200334791713255
lidar,1787200334836474083
esp32,1787200334891464207
lidar,1787200334936644769
esp32,1787200334991721547
lidar,1787200335036751101
esp32,1787200335091765102
lidar,1787200335136806409
esp32,1787200335191801953
lidar,1787200335236748512
esp32,1787200335291780090
lidar,1787200335336495421
esp32,1787200335391555611
lidar,1787200335436841292
esp32,1787200335491735527
lidar,1787200335536525748
esp32,1787200335591957529
lidar,1787200335636342283
esp32,1787200335691743091
lidar,1787200335735928800
esp32,1787200335791832092
lidar,1787200335836177387
esp32,1787200335891915054
lidar,1787200335935828936
esp32,1787200335991616487
lidar,1787200336035626241
esp32,1787200336091795735
lidar,1787200336135553919
esp32,1787200336191677343
lidar,1787200336235710114
esp32,1787200336291673789
lidar,1787200336335378996
esp32,1787200336391752771
lidar,1787200336435161280
esp32,1787200336491856420
lidar,1787200336535185628
esp32,1787200336591814248
lidar,1787200336634279117
esp32,1787200336691757739
lidar,1787200336733326308
esp32,1787200336791960802
lidar,1787200336832444842
esp32,1787200336891975077
lidar,1787200336930985881
esp32,1787200336991834687
lidar,1787200337029897387
esp32,1787200337091886589
lidar,1787200337129119641
esp32,1787200337191918764
lidar,1787200337227856970
esp32,1787200337291954251
lidar,1787200337326987517
esp32,1787200337391835493
lidar,1787200337426164631
esp32,1787200337491796505
lidar,1787200337525521256
esp32,1787200337591860248
lidar,1787200337625007114
esp32,1787200337691819236
lidar,1787200337724861699
esp32,1787200337791932107
lidar,1787200337824475488
esp32,1787200337892041262
lidar,1787200337924149735
esp32,1787200337991781221
lidar,1787200338023814901
esp32,1787200338092000952
lidar,1787200338123320449
esp32,1787200338191888675
lidar,1787200338223506882
esp32,1787200338291776431
lidar,1787200338323146799
esp32,1787200338391750241
lidar,1787200338422576925
esp32,1787200338491778915
lidar,1787200338522728956
esp32,1787200338591692792
lidar,1787200338622743382
esp32,1787200338691661175
lidar,1787200338722993701
esp32,1787200338791794744
lidar,1787200338823966623
esp32,1787200338891812832
lidar,1787200338924517920
esp32,1787200338991848584
lidar,1787200339025154094
esp32,1787200339091900000
lidar,1787200339125559344
esp32,1787200339191859971
lidar,1787200339225929831
esp32,1787200339291924213
lidar,1787200339326032660
esp32,1787200339391947685
lidar,1787200339425898262
esp32,1787200339491938670
lidar,1787200339525977758
esp32,1787200339591942603
lidar,1787200339625209467
esp32,1787200339691943821
lidar,1787200339725202714
esp32,1787200339791958943
lidar,1787200339824621507
esp32,1787200339891986057
lidar,1787200339924533724
esp32,1787200339991874753
lidar,1787200340024321042
esp32,1787200340091872670
lidar,1787200340124005967
esp32,1787200340192013077
lidar,1787200340223554193
esp32,1787200340291721299
lidar,1787200340323318132
esp32,1787200340391722328
lidar,1787200340422985437
esp32,1787200340491685320
lidar,1787200340523094647
esp32,1787200340591714942
lidar,1787200340622353465
esp32,1787200340691900115
lidar,1787200340722381719
esp32,1787200340790900518
lidar,1787200340822012178
esp32,1787200340891875116
lidar,1787200340921658468
esp32,1787200340991844300
lidar,1787200341021624730
esp32,1787200341091868743
lidar,1787200341121827471
esp32,1787200341191956902
lidar,1787200341222559814
esp32,1787200341291852609
lidar,1787200341322703218
esp32,1787200341391776725
lidar,1787200341423130812
esp32,1787200341491747189
lidar,1787200341523489080
esp32,1787200341591766715
lidar,1787200341623252873
esp32,1787200341691601593
lidar,1787200341723204002
esp32,1787200341791688146
lidar,1787200341823058207
esp32,1787200341891912053
lidar,1787200341922455697
esp32,1787200341991739182
lidar,1787200342022336855
esp32,1787200342091664420
lidar,1787200342122388501
esp32,1787200342191906548
lidar,1787200342222224197
esp32,1787200342291782392
lidar,1787200342322121491
esp32,1787200342391664932
lidar,1787200342421333031
esp32,1787200342491650334
lidar,1787200342521272160
esp32,1787200342591514263
lidar,1787200342620487739
esp32,1787200342691083455
lidar,1787200342720381143
esp32,1787200342790986915
lidar,1787200342819835109
esp32,1787200342890847369
lidar,1787200342919930374
esp32,1787200342992028882
lidar,1787200343019622768
esp32,1787200343091846348
lidar,1787200343119366725
esp32,1787200343192096508
lidar,1787200343219493776
esp32,1787200343292053794
lidar,1787200343319495236
esp32,1787200343391784385
lidar,1787200343419820825
esp32,1787200343491819391
lidar,1787200343520163939
esp32,1787200343591870416
lidar,1787200343620547406
esp32,1787200343691922393
lidar,1787200343721417411
esp32,1787200343791708842
lidar,1787200343821605762
esp32,1787200343891882803
lidar,1787200343922112074
esp32,1787200343991900815
lidar,1787200344022138401
esp32,1787200344091851839
lidar,1787200344122803681
esp32,1787200344191900788
lidar,1787200344222390593
lidar,1787200344322758236
esp32,1787200344391101119
lidar,1787200344422382636
esp32,1787200344491903243
lidar,1787200344522544821
esp32,1787200344591841481
lidar,1787200344622299914
esp32,1787200344691812008
lidar,1787200344722363056
esp32,1787200344791937400
lidar,1787200344822264645
esp32,1787200344891852936
lidar,1787200344921984568
esp32,1787200344991749515
lidar,1787200345021533536
esp32,1787200345091814178
lidar,1787200345121059330
esp32,1787200345191817870
lidar,1787200345220573099
esp32,1787200345291898152
lidar,1787200345320481911
esp32,1787200345391856515
lidar,1787200345419740022
esp32,1787200345491775782
lidar,1787200345519710654
esp32,1787200345591937494
lidar,1787200345619287032
esp32,1787200345691908151
lidar,1787200345719086991
esp32,1787200345791772257
lidar,1787200345819620117
esp32,1787200345891671104
lidar,1787200345919376401
esp32,1787200345991896883
lidar,1787200346019116229
esp32,1787200346091958148
lidar,1787200346119115512
esp32,1787200346191829506
lidar,1787200346218928711
esp32,1787200346291891061
lidar,1787200346318650145
esp32,1787200346391594383
lidar,1787200346418338101
esp32,1787200346491791740
lidar,1787200346518361016
esp32,1787200346591586319
lidar,1787200346618393890
esp32,1787200346691649915
lidar,1787200346717831936
esp32,1787200346791798074
lidar,1787200346817811157
esp32,1787200346891512646
lidar,1787200346917727339
esp32,1787200346991724747
lidar,1787200347017345897
esp32,1787200347091710961
lidar,1787200347117267670
esp32,1787200347192081993
lidar,1787200347216372373
esp32,1787200347312147890
lidar,1787200347316230809
esp32,1787200347392020642
lidar,1787200347416181382
esp32,1787200347491810521
lidar,1787200347516359897
esp32,1787200347591907262
lidar,1787200347616325840
esp32,1787200347691801450
lidar,1787200347716265093
esp32,1787200347791873622
lidar,1787200347816962309
esp32,1787200347891914769
lidar,1787200347917482485
esp32,1787200347991725407
lidar,1787200348018224743
esp32,1787200348091825283
lidar,1787200348118766295
esp32,1787200348191827932
lidar,1787200348218653364
esp32,1787200348291955181
lidar,1787200348318691762
esp32,1787200348391795219
lidar,1787200348418612848
esp32,1787200348491933154
lidar,1787200348518627179
esp32,1787200348591704856
lidar,1787200348618177007
esp32,1787200348691633394
lidar,1787200348718233159
esp32,1787200348791939989
lidar,1787200348818367139
esp32,1787200348892019871
lidar,1787200348918415534
esp32,1787200348991973746
lidar,1787200349018238206
esp32,1787200349092045726
lidar,1787200349117706096
esp32,1787200349191961091
lidar,1787200349217453241
esp32,1787200349291935698
lidar,1787200349317234570
esp32,1787200349391937546
lidar,1787200349416812908
esp32,1787200349492004582
lidar,1787200349516706717
esp32,1787200349591963308
lidar,1787200349616083294
esp32,1787200349691796598
lidar,1787200349715833151
esp32,1787200349791609993
lidar,1787200349815872762
esp32,1787200349891796803
lidar,1787200349915269262
esp32,1787200349991877750
lidar,1787200350014955037
esp32,1787200350091808658
lidar,1787200350115040817
esp32,1787200350191766732
lidar,1787200350214922033
esp32,1787200350291556979
lidar,1787200350315150770
esp32,1787200350391736992
lidar,1787200350414693349
esp32,1787200350491948209
lidar,1787200350514708030
esp32,1787200350591676717
lidar,1787200350614870161
esp32,1787200350691647163
lidar,1787200350714621612
esp32,1787200350791550948
lidar,1787200350814362897
esp32,1787200350891547349
lidar,1787200350913930458
esp32,1787200350991718399
lidar,1787200351013523421
esp32,1787200351092308832
lidar,1787200351113598460
esp32,1787200351191815096
lidar,1787200351213038718
esp32,1787200351291941625
lidar,1787200351312834946
esp32,1787200351391801052
lidar,1787200351412377108
esp32,1787200351491901905
lidar,1787200351512161504
esp32,1787200351591900554
lidar,1787200351612167340
lidar,1787200351711718346
esp32,1787200351712807832
esp32,1787200351792127923
lidar,1787200351812022000
esp32,1787200351891927244
lidar,1787200351912450321
esp32,1787200351991915118
lidar,1787200352012459743
esp32,1787200352091789126
lidar,1787200352113207120
esp32,1787200352191763018
lidar,1787200352213658540
esp32,1787200352291915620
lidar,1787200352313696870
esp32,1787200352391706225
lidar,1787200352413993987
esp32,1787200352491862858
lidar,1787200352514248695
esp32,1787200352590806354
lidar,1787200352613738340
esp32,1787200352690895718
lidar,1787200352713374546
esp32,1787200352791010146
lidar,1787200352812883768
esp32,1787200352890830938
lidar,1787200352912270744
esp32,1787200352991879967
lidar,1787200353012510431
esp32,1787200353091975692
lidar,1787200353112596138
esp32,1787200353191771974
lidar,1787200353212601077
esp32,1787200353291929309
lidar,1787200353312402499
esp32,1787200353391895808
lidar,1787200353412442332
esp32,1787200353491707014
lidar,1787200353511530973
esp32,1787200353591823448
lidar,1787200353611701866
lidar,1787200353711363670
esp32,1787200353712436067
esp32,1787200353791834338
lidar,1787200353811448809
esp32,1787200353891671310
lidar,1787200353910962136
esp32,1787200353991851679
lidar,1787200354010713640
esp32,1787200354091900878
lidar,1787200354110989952
esp32,1787200354192008211
lidar,1787200354210853264
esp32,1787200354292059570
lidar,1787200354310688346
esp32,1787200354391879109
lidar,1787200354410616401
esp32,1787200354491708037
lidar,1787200354510364803
esp32,1787200354591818150
lidar,1787200354610338633
esp32,1787200354691842077
lidar,1787200354710285105
esp32,1787200354791723358
lidar,1787200354810033004
esp32,1787200354891919518
lidar,1787200354909659725
esp32,1787200354991947432
lidar,1787200355009456316
esp32,1787200355092041055
lidar,1787200355109435494
esp32,1787200355191836432
lidar,1787200355209021273
esp32,1787200355291891226
lidar,1787200355308978496
esp32,1787200355392173357
lidar,1787200355408828299
esp32,1787200355492159155
lidar,1787200355508344913
esp32,1787200355592110648
lidar,1787200355608501543
esp32,1787200355692024679
lidar,1787200355708240109
esp32,1787200355791994927
lidar,1787200355808110666
lidar,1787200355908079925
esp32,1787200355911946580
lidar,1787200356008831575
esp32,1787200356012078151
esp32,1787200356092145356
lidar,1787200356109073766
esp32,1787200356191901270
lidar,1787200356209728895
esp32,1787200356291840874
lidar,1787200356310200710
esp32,1787200356391947152
lidar,1787200356410448755
esp32,1787200356491907061
lidar,1787200356510505979
esp32,1787200356591626675
lidar,1787200356610371770
esp32,1787200356691808290
lidar,1787200356710177567
esp32,1787200356791846441
lidar,1787200356809449825
esp32,1787200356891736656
lidar,1787200356909977896
esp32,1787200356991739125
lidar,1787200357009428341
esp32,1787200357091944117
lidar,1787200357109279126
esp32,1787200357191955020
lidar,1787200357208917255
esp32,1787200357291866129
lidar,1787200357309163224
esp32,1787200357391798095
lidar,1787200357409034159
esp32,1787200357491883948
lidar,1787200357508547117
esp32,1787200357591714692
lidar,1787200357608176824
esp32,1787200357691810272
lidar,1787200357708052414
esp32,1787200357791858800
lidar,1787200357807691865
esp32,1787200357891722608
lidar,1787200357907201508
esp32,1787200357991949545
lidar,1787200358007299071
esp32,1787200358091934468
lidar,1787200358107208534
esp32,1787200358191880874
lidar,1787200358206998260
esp32,1787200358291918327
lidar,1787200358306528343
lidar,1787200358406342782
esp32,1787200358411683302
esp32,1787200358492043805
lidar,1787200358506396188
esp32,1787200358591793628
lidar,1787200358606080814
esp32,1787200358691926492
lidar,1787200358705738401
esp32,1787200358792212942
lidar,1787200358805981293
esp32,1787200358891539190
lidar,1787200358906412290
esp32,1787200358991788357
lidar,1787200359007313884
esp32,1787200359092029590
lidar,1787200359107937893
esp32,1787200359191770992
lidar,1787200359208887583
esp32,1787200359291781866
lidar,1787200359309621342
esp32,1787200359391785754
lidar,1787200359409601066
esp32,1787200359491989327
lidar,1787200359509922229
esp32,1787200359591953430
lidar,1787200359610741508
esp32,1787200359691940231
lidar,1787200359710574398
esp32,1787200359791900168
lidar,1787200359810295146
esp32,1787200359891799403
lidar,1787200359910057880
esp32,1787200359991754343
lidar,1787200360010039274
esp32,1787200360091993514
lidar,1787200360109687387
esp32,1787200360191812288
lidar,1787200360209241267
lidar,1787200360308980315
esp32,1787200360311816719
esp32,1787200360391882228
lidar,1787200360408824333
esp32,1787200360491929051
lidar,1787200360508539786
esp32,1787200360591955768
lidar,1787200360608467595
esp32,1787200360692027355
lidar,1787200360707827087
esp32,1787200360791764197
lidar,1787200360808097927
esp32,1787200360891625580
lidar,1787200360907685458
lidar,1787200361008424958
esp32,1787200361011952407
esp32,1787200361091840233
lidar,1787200361108690871
esp32,1787200361191515085
lidar,1787200361209568305
esp32,1787200361291997544
lidar,1787200361309832459
esp32,1787200361391843514
lidar,1787200361410497983
esp32,1787200361492044884
lidar,1787200361510521518
esp32,1787200361592030446
lidar,1787200361610874206
esp32,1787200361691835520
lidar,1787200361711001694
esp32,1787200361791722356
lidar,1787200361810655254
esp32,1787200361891819503
lidar,1787200361910630647
esp32,1787200361991966841
lidar,1787200362010486388
esp32,1787200362091925935
lidar,1787200362110232020
esp32,1787200362192172242
lidar,1787200362210057009
esp32,1787200362291784091
lidar,1787200362309693944
esp32,1787200362391825474
lidar,1787200362409544260
esp32,1787200362491893653
lidar,1787200362509490550
esp32,1787200362591045620
lidar,1787200362608745390
esp32,1787200362690989982
lidar,1787200362708436005
esp32,1787200362791007164
lidar,1787200362808181020
esp32,1787200362890970064
lidar,1787200362907969204
esp32,1787200362991744239
lidar,1787200363008394212
esp32,1787200363091976961
lidar,1787200363108085320
esp32,1787200363191504637
lidar,1787200363207820777
esp32,1787200363291765969
lidar,1787200363307786058
esp32,1787200363391795494
lidar,1787200363407403462
esp32,1787200363491902376
lidar,1787200363507199094
esp32,1787200363592042771
lidar,1787200363606928366
esp32,1787200363692106460
lidar,1787200363706521732
esp32,1787200363791992969
lidar,1787200363806634028
esp32,1787200363891871904
lidar,1787200363906489253
lidar,1787200364006437925
esp32,1787200364012026613
esp32,1787200364092103264
lidar,1787200364106476698
esp32,1787200364192107450
lidar,1787200364206361992
esp32,1787200364291888695
lidar,1787200364306563488
lidar,1787200364406203080
esp32,1787200364411847954
esp32,1787200364491912523
lidar,1787200364506308592
esp32,1787200364591851933
lidar,1787200364605908034
esp32,1787200364691612258
lidar,1787200364705797133
esp32,1787200364792098881
lidar,1787200364805857989
esp32,1787200364891477997
lidar,1787200364905295503
esp32,1787200364991820376
lidar,1787200365005474160
esp32,1787200365091823125
lidar,1787200365105172238
esp32,1787200365191826748
lidar,1787200365205651292
esp32,1787200365291766887
lidar,1787200365305452831
esp32,1787200365391644130
lidar,1787200365406076900
esp32,1787200365491787508
lidar,1787200365506647423
esp32,1787200365591909216
lidar,1787200365606708554
esp32,1787200365691778127
lidar,1787200365706667837
esp32,1787200365791781168
lidar,1787200365807011526
esp32,1787200365891863888
lidar,1787200365906953789
esp32,1787200365991823236
lidar,1787200366006637051
esp32,1787200366091878485
lidar,1787200366106085529
esp32,1787200366191743768
lidar,1787200366206076618
esp32,1787200366291995741
lidar,1787200366305896946
esp32,1787200366391878934
lidar,1787200366406171208
esp32,1787200366491940071
lidar,1787200366506113133
esp32,1787200366591923197
lidar,1787200366605848740
esp32,1787200366691886701
lidar,1787200366705528104
esp32,1787200366791695256
lidar,1787200366805880638
esp32,1787200366891792409
lidar,1787200366905720757
esp32,1787200366992175658
lidar,1787200367005179703
esp32,1787200367092058319
lidar,1787200367105227938
esp32,1787200367192133293
lidar,1787200367205379880
esp32,1787200367292113288
lidar,1787200367305239455
esp32,1787200367391983746
lidar,1787200367405277047
esp32,1787200367492088947
lidar,1787200367505043569
lidar,1787200367604672177
esp32,1787200367611647542
esp32,1787200367691991211
lidar,1787200367704180117
esp32,1787200367791874392
lidar,1787200367803878447
esp32,1787200367892017917
lidar,1787200367903265231
esp32,1787200367991976517
lidar,1787200368002567132
esp32,1787200368091969793
lidar,1787200368101884385
esp32,1787200368191818582
lidar,1787200368201342779
esp32,1787200368291890664
lidar,1787200368301604340
esp32,1787200368391624310
lidar,1787200368400769680
esp32,1787200368492000003
lidar,1787200368500486944
esp32,1787200368591730001
lidar,1787200368600588526
esp32,1787200368691593873
lidar,1787200368700464004
esp32,1787200368791966963
lidar,1787200368800272162
esp32,1787200368891856018
lidar,1787200368900147545
esp32,1787200368991697724
lidar,1787200369000208367
esp32,1787200369092054804
lidar,1787200369099946695
esp32,1787200369192134030
lidar,1787200369199860932
esp32,1787200369292196290
lidar,1787200369299633794
esp32,1787200369391953603
lidar,1787200369399779746
esp32,1787200369491997183
lidar,1787200369499636539
esp32,1787200369591777233
lidar,1787200369599262823
esp32,1787200369692054054
lidar,1787200369698995451
esp32,1787200369791845052
lidar,1787200369798746609
esp32,1787200369891838552
lidar,1787200369898284139
esp32,1787200369991847297
lidar,1787200369998245934
esp32,1787200370091752883
lidar,1787200370098200994
esp32,1787200370191948716
lidar,1787200370198383941
esp32,1787200370291946320
lidar,1787200370298966233
esp32,1787200370391910348
lidar,1787200370399581781
esp32,1787200370491976113
lidar,1787200370499955327
esp32,1787200370591618264
lidar,1787200370600733479
esp32,1787200370691945219
lidar,1787200370701428589
esp32,1787200370791829312
lidar,1787200370801811576
esp32,1787200370891875063
lidar,1787200370901778856
esp32,1787200370991724472
lidar,1787200371001983270
esp32,1787200371092151839
lidar,1787200371102214259
esp32,1787200371191907464
lidar,1787200371201734868
esp32,1787200371291961068
lidar,1787200371302301357
esp32,1787200371392187895
lidar,1787200371401872505
esp32,1787200371492024492
lidar,1787200371501841962
esp32,1787200371592172191
lidar,1787200371601635322
esp32,1787200371692003162
lidar,1787200371700414697
esp32,1787200371792065501
lidar,1787200371799326884
esp32,1787200371891595850
lidar,1787200371898574451
esp32,1787200371991768367
lidar,1787200371997157371
esp32,1787200372091953615
lidar,1787200372096161082
esp32,1787200372191930096
lidar,1787200372195291087
esp32,1787200372292116841
lidar,1787200372294650328
esp32,1787200372392037549
lidar,1787200372394147045
esp32,1787200372491964661
lidar,1787200372493361228
esp32,1787200372591663367
lidar,1787200372593064126
esp32,1787200372690960132
lidar,1787200372692574917
esp32,1787200372790950199
lidar,1787200372792455491
esp32,1787200372891061225
lidar,1787200372892158589
lidar,1787200372992424546
esp32,1787200373011178789
esp32,1787200373091842775
lidar,1787200373093039787
lidar,1787200373192554775
esp32,1787200373212015462
esp32,1787200373291912663
lidar,1787200373292930859
esp32,1787200373392003937
lidar,1787200373392970969
esp32,1787200373491815156
lidar,1787200373492981139
lidar,1787200373591666256
esp32,1787200373631446841
lidar,1787200373691720744
esp32,1787200373692804089
lidar,1787200373791328228
esp32,1787200373792403603
lidar,1787200373891173429
esp32,1787200373892318617
lidar,1787200373990937037
esp32,1787200373992120196
lidar,1787200374091131173
esp32,1787200374092180962
lidar,1787200374190903611
esp32,1787200374191904582
lidar,1787200374290787533
esp32,1787200374291933315
lidar,1787200374390495792
esp32,1787200374391671306
lidar,1787200374490225231
esp32,1787200374491506075
lidar,1787200374589951344
esp32,1787200374591597332
lidar,1787200374689694590
esp32,1787200374691718965
lidar,1787200374789560680
esp32,1787200374791619442
lidar,1787200374889202863
esp32,1787200374891496077
lidar,1787200374989006246
esp32,1787200374991584361
lidar,1787200375088582917
esp32,1787200375091657127
lidar,1787200375188791422
esp32,1787200375191595116
lidar,1787200375288782956
esp32,1787200375291665241
lidar,1787200375389133879
esp32,1787200375391504440
lidar,1787200375489272259
esp32,1787200375491557568
lidar,1787200375590133865
esp32,1787200375591768593
lidar,1787200375690266815
esp32,1787200375691704083
lidar,1787200375790827257
esp32,1787200375791782886
lidar,1787200375891717970
esp32,1787200375892720451
lidar,1787200375991761827
esp32,1787200375992650685
esp32,1787200376091820563
lidar,1787200376092656349
esp32,1787200376191784734
lidar,1787200376192666022
esp32,1787200376291866707
lidar,1787200376292796710
esp32,1787200376391946048
lidar,1787200376392791322
lidar,1787200376491769894
esp32,1787200376492657094
lidar,1787200376591318799
esp32,1787200376592167537
lidar,1787200376691137697
esp32,1787200376692104180
lidar,1787200376791036492
esp32,1787200376791920231
lidar,1787200376890098708
esp32,1787200376891714038
lidar,1787200376989438968
esp32,1787200376991906304
lidar,1787200377088065357
esp32,1787200377091485759
lidar,1787200377187321537
esp32,1787200377191939621
lidar,1787200377286687572
esp32,1787200377291393573
lidar,1787200377385784030
esp32,1787200377391525708
lidar,1787200377485167670
esp32,1787200377491634544
lidar,1787200377584928111
esp32,1787200377591544064
lidar,1787200377684373699
esp32,1787200377691434663
lidar,1787200377784072348
esp32,1787200377791550277
lidar,1787200377883647334
esp32,1787200377891428705
lidar,1787200377983441285
esp32,1787200377991522728
lidar,1787200378083329253
esp32,1787200378091554914
lidar,1787200378182983970
esp32,1787200378191527967
lidar,1787200378282890044
esp32,1787200378291485148
lidar,1787200378382773699
esp32,1787200378391296187
lidar,1787200378482346967
esp32,1787200378491352744
lidar,1787200378582107593
esp32,1787200378591581761
lidar,1787200378682052196
esp32,1787200378691398878
lidar,1787200378782597330
esp32,1787200378791757145
lidar,1787200378882915384
esp32,1787200378891381676
lidar,1787200378983383434
esp32,1787200378991390559
lidar,1787200379083657485
esp32,1787200379090844848
lidar,1787200379184887348
esp32,1787200379191719299
lidar,1787200379285477711
esp32,1787200379291558853
lidar,1787200379385964339
esp32,1787200379391315683
lidar,1787200379486589458
esp32,1787200379491430906
lidar,1787200379586931520
esp32,1787200379591461001
lidar,1787200379686426681
esp32,1787200379691395201
lidar,1787200379786882907
esp32,1787200379791395080
lidar,1787200379886634996
esp32,1787200379891473610
lidar,1787200379986350874
esp32,1787200379991555581
lidar,1787200380086399334
esp32,1787200380091560820
lidar,1787200380185924649
esp32,1787200380191668398
lidar,1787200380285408044
esp32,1787200380291455834
lidar,1787200380385161025
esp32,1787200380391539746
lidar,1787200380485032460
esp32,1787200380491557633
lidar,1787200380585248487
esp32,1787200380591690573
lidar,1787200380684915517
esp32,1787200380691574737
lidar,1787200380784913382
esp32,1787200380791558031
lidar,1787200380884706945
esp32,1787200380891607880
lidar,1787200380984515266
esp32,1787200380991525933
lidar,1787200381084463560
esp32,1787200381092089813
lidar,1787200381184213680
esp32,1787200381191544552
lidar,1787200381283774046
esp32,1787200381291539429
lidar,1787200381383785196
esp32,1787200381391490740
lidar,1787200381483418427
esp32,1787200381491617350
lidar,1787200381583742584
esp32,1787200381611999693
lidar,1787200381683588875
esp32,1787200381712062300
lidar,1787200381782996214
esp32,1787200381812190286
lidar,1787200381883138140
esp32,1787200381891688185
lidar,1787200381982715715
esp32,1787200381991747266
lidar,1787200382082511134
esp32,1787200382091641199
lidar,1787200382182359390
esp32,1787200382191605409
lidar,1787200382282080461
esp32,1787200382291812907
lidar,1787200382381914457
esp32,1787200382391528846
lidar,1787200382481539133
esp32,1787200382491542188
lidar,1787200382581542449
esp32,1787200382590981257
lidar,1787200382681084739
esp32,1787200382690946740
lidar,1787200382781347694
esp32,1787200382790805292
lidar,1787200382880839317
esp32,1787200382891055196
lidar,1787200382981315954
esp32,1787200382991403042
lidar,1787200383081359383
esp32,1787200383091470284
lidar,1787200383181265045
esp32,1787200383191550411
lidar,1787200383281225384
esp32,1787200383291391924
lidar,1787200383381209892
esp32,1787200383391418088
lidar,1787200383480579505
esp32,1787200383491321655
lidar,1787200383580472216
esp32,1787200383591473893
lidar,1787200383679594671
esp32,1787200383691387040
lidar,1787200383778651685
esp32,1787200383791383654
lidar,1787200383877674865
esp32,1787200383891619764
lidar,1787200383976693904
esp32,1787200383991749512
lidar,1787200384075523151
esp32,1787200384091855981
lidar,1787200384174930642
esp32,1787200384191948430
lidar,1787200384274742392
esp32,1787200384291826738
lidar,1787200384374137627
esp32,1787200384391868645
lidar,1787200384473991223
esp32,1787200384491901478
lidar,1787200384573791951
esp32,1787200384591696075
lidar,1787200384673528912
esp32,1787200384691752627
lidar,1787200384773336104
esp32,1787200384791731309
lidar,1787200384873611010
esp32,1787200384891927856
lidar,1787200384973197599
esp32,1787200384991687351
lidar,1787200385073334843
esp32,1787200385091834924
lidar,1787200385173281177
esp32,1787200385191065946
lidar,1787200385273391029
esp32,1787200385291852868
lidar,1787200385373426442
esp32,1787200385392110156
lidar,1787200385473268197
esp32,1787200385492103759
lidar,1787200385573714629
esp32,1787200385591972674
lidar,1787200385673370404
esp32,1787200385692058030
lidar,1787200385773104008
esp32,1787200385791661531
lidar,1787200385873111498
esp32,1787200385891880628
lidar,1787200385972887993
esp32,1787200385991988860
lidar,1787200386072753641
esp32,1787200386091758797
lidar,1787200386172389006
esp32,1787200386191986394
lidar,1787200386272321251
esp32,1787200386291903815
lidar,1787200386371988024
esp32,1787200386391900339
lidar,1787200386471980493
esp32,1787200386491864376
lidar,1787200386571743523
esp32,1787200386591789220
lidar,1787200386671362648
esp32,1787200386691869336
lidar,1787200386771194597
esp32,1787200386791777641
lidar,1787200386870867663
esp32,1787200386891837044
lidar,1787200386970625620
esp32,1787200386991813988
lidar,1787200387070293321
esp32,1787200387091934685
lidar,1787200387169661296
esp32,1787200387191274598
lidar,1787200387269732497
esp32,1787200387291716996
lidar,1787200387369177005
esp32,1787200387391946284
lidar,1787200387468642582
esp32,1787200387492039491
lidar,1787200387568641509
esp32,1787200387591882330
lidar,1787200387668478791
esp32,1787200387692115218
lidar,1787200387768044228
esp32,1787200387791986455
lidar,1787200387867655125
esp32,1787200387892151155
lidar,1787200387967439891
esp32,1787200387991939960
lidar,1787200388066938326
esp32,1787200388091758822
lidar,1787200388167033313
esp32,1787200388191955563
lidar,1787200388266615789
esp32,1787200388292134523
lidar,1787200388366689210
esp32,1787200388392199459
lidar,1787200388466205991
esp32,1787200388492054649
lidar,1787200388566087432
esp32,1787200388591792175
lidar,1787200388665919547
esp32,1787200388691894581
lidar,1787200388765862990
esp32,1787200388791964407
lidar,1787200388865629162
esp32,1787200388891892257
lidar,1787200388966433154
esp32,1787200388991876632
lidar,1787200389066507114
esp32,1787200389091866277
lidar,1787200389166834995
esp32,1787200389191865231
lidar,1787200389267145050
esp32,1787200389291963070
lidar,1787200389367321787
esp32,1787200389391824599
lidar,1787200389467969301
esp32,1787200389491751068
lidar,1787200389568089225
esp32,1787200389591736835
lidar,1787200389668013641
esp32,1787200389691899859
lidar,1787200389768137095
esp32,1787200389791949737
lidar,1787200389867906954
esp32,1787200389891779202
lidar,1787200389967620544
esp32,1787200389991925169
lidar,1787200390067481120
esp32,1787200390131471072
lidar,1787200390166566045
esp32,1787200390191877361
lidar,1787200390266478763
esp32,1787200390291824882
lidar,1787200390366636341
esp32,1787200390412210190
lidar,1787200390466560008
esp32,1787200390491727223
lidar,1787200390565918626
esp32,1787200390591812393
lidar,1787200390666032954
esp32,1787200390692002388
lidar,1787200390765585316
esp32,1787200390792010004
lidar,1787200390865634526
esp32,1787200390891783638
lidar,1787200390965697089
esp32,1787200390992027703
lidar,1787200391065277061
esp32,1787200391091906726
lidar,1787200391165221125
esp32,1787200391191985576
lidar,1787200391264801018
esp32,1787200391291711322
lidar,1787200391365456346
esp32,1787200391392020538
lidar,1787200391464770662
esp32,1787200391491771969
lidar,1787200391564519011
esp32,1787200391591988147
lidar,1787200391664140111
esp32,1787200391691856650
lidar,1787200391763815606
esp32,1787200391791858076
lidar,1787200391863389356
esp32,1787200391891751051
lidar,1787200391963066531
esp32,1787200391991842032
lidar,1787200392063101991
esp32,1787200392091957279
lidar,1787200392162788566
esp32,1787200392191895923
lidar,1787200392262271389
esp32,1787200392290993741
lidar,1787200392362155228
esp32,1787200392391848396
lidar,1787200392462071182
esp32,1787200392491834356
lidar,1787200392561924231
esp32,1787200392591518208
lidar,1787200392661666448
esp32,1787200392690932682
lidar,1787200392761706268
esp32,1787200392791029747
lidar,1787200392862272989
esp32,1787200392890831946
lidar,1787200392963034175
esp32,1787200392991888629
lidar,1787200393063298182
esp32,1787200393091536607
lidar,1787200393163818504
esp32,1787200393191616344
lidar,1787200393263672321
esp32,1787200393292072924
lidar,1787200393363692001
esp32,1787200393391952674
lidar,1787200393463782484
esp32,1787200393491477450
lidar,1787200393563656229
esp32,1787200393591465879
lidar,1787200393663319708
esp32,1787200393691633103
lidar,1787200393762899050
esp32,1787200393791594519
lidar,1787200393862969731
esp32,1787200393891787702
lidar,1787200393962699055
esp32,1787200393991733989
lidar,1787200394062629659
esp32,1787200394091879244
lidar,1787200394162749737
esp32,1787200394191875056
lidar,1787200394262687451
esp32,1787200394291954699
lidar,1787200394362798041
esp32,1787200394391780010
lidar,1787200394462851048
esp32,1787200394491877200
lidar,1787200394562203461
esp32,1787200394591902493
lidar,1787200394661745390
esp32,1787200394691934336
lidar,1787200394761218056
esp32,1787200394791843530
lidar,1787200394860819190
esp32,1787200394891845608
lidar,1787200394959881228
esp32,1787200394991818130
lidar,1787200395059069738
esp32,1787200395091855640
lidar,1787200395158398443
esp32,1787200395192082123
lidar,1787200395258370890
esp32,1787200395291829028
lidar,1787200395357715491
esp32,1787200395391785229
lidar,1787200395457693090
esp32,1787200395491786453
lidar,1787200395557563383
esp32,1787200395591796900
lidar,1787200395657357054
esp32,1787200395691784716
lidar,1787200395757438848
esp32,1787200395791474333
lidar,1787200395857693711
esp32,1787200395891701374
lidar,1787200395957645992
esp32,1787200395991984137
lidar,1787200396057691340
esp32,1787200396091899310
lidar,1787200396157066247
esp32,1787200396191794307
lidar,1787200396257139786
esp32,1787200396291740184
lidar,1787200396357370837
esp32,1787200396391922757
lidar,1787200396456965518
esp32,1787200396491880176
lidar,1787200396556958244
esp32,1787200396592088728
lidar,1787200396656822555
esp32,1787200396691836405
lidar,1787200396756664103
esp32,1787200396791539676
lidar,1787200396856682622
esp32,1787200396891805003
lidar,1787200396956471714
esp32,1787200396991907944
lidar,1787200397056867995
esp32,1787200397091699429
lidar,1787200397156884030
esp32,1787200397191950742
lidar,1787200397256708938
esp32,1787200397291899023
lidar,1787200397355787054
esp32,1787200397391668914
lidar,1787200397456299525
esp32,1787200397491806840
lidar,1787200397556087682
esp32,1787200397591778514
lidar,1787200397655935792
esp32,1787200397691859164
lidar,1787200397755791306
esp32,1787200397791723009
lidar,1787200397855664034
esp32,1787200397891863336
lidar,1787200397955005477
esp32,1787200397991940015
lidar,1787200398054914806
esp32,1787200398091665798
lidar,1787200398154727894
esp32,1787200398191856997
lidar,1787200398254599007
esp32,1787200398292031728
lidar,1787200398354265705
esp32,1787200398391764149
lidar,1787200398454300430
esp32,1787200398492237687
lidar,1787200398554219575
esp32,1787200398612050871
lidar,1787200398654219963
esp32,1787200398691854081
lidar,1787200398754086145
esp32,1787200398791885745
lidar,1787200398853744451
esp32,1787200398891775756
lidar,1787200398953534239
esp32,1787200398991913553
lidar,1787200399053770006
esp32,1787200399092014753
lidar,1787200399153184400
esp32,1787200399191989042
lidar,1787200399252765428
esp32,1787200399291744921
lidar,1787200399352468734
esp32,1787200399391454580
lidar,1787200399452289690
esp32,1787200399491778277
lidar,1787200399551749315
esp32,1787200399612049418
lidar,1787200399651658785
esp32,1787200399691989292
lidar,1787200399751204395
esp32,1787200399791648227
lidar,1787200399850731952
esp32,1787200399891796897
lidar,1787200399950651966
esp32,1787200399991798114
lidar,1787200400051018437
esp32,1787200400091753202
lidar,1787200400151362415
esp32,1787200400191860178
lidar,1787200400251614460
esp32,1787200400291850189
lidar,1787200400351947145
esp32,1787200400391817769
lidar,1787200400452364534
esp32,1787200400491835527
lidar,1787200400552868096
esp32,1787200400612018426
lidar,1787200400653262536
esp32,1787200400691800040
lidar,1787200400754094067
esp32,1787200400791699885
lidar,1787200400854776563
esp32,1787200400891934476
lidar,1787200400954602532
esp32,1787200400991495866
lidar,1787200401054876250
esp32,1787200401091993648
lidar,1787200401154790044
esp32,1787200401191920490
lidar,1787200401254689219
esp32,1787200401291843449
lidar,1787200401354767843
esp32,1787200401391448536
lidar,1787200401454582036
esp32,1787200401491775783
lidar,1787200401553793746
esp32,1787200401592167152
lidar,1787200401652993048
esp32,1787200401691865468
lidar,1787200401751975219
esp32,1787200401791892647
lidar,1787200401851297513
esp32,1787200401891737257
lidar,1787200401949718290
esp32,1787200401991564970
lidar,1787200402048882576
esp32,1787200402091915680
lidar,1787200402148234237
esp32,1787200402212185550
lidar,1787200402246834639
esp32,1787200402291746421
lidar,1787200402345704749
esp32,1787200402391734047
lidar,1787200402445559936
esp32,1787200402491859638
lidar,1787200402544930773
esp32,1787200402591459980
lidar,1787200402643955998
esp32,1787200402691095591
lidar,1787200402743850167
esp32,1787200402811262213
lidar,1787200402843412552
esp32,1787200402890940130
lidar,1787200402943339099
esp32,1787200402991924554
lidar,1787200403043187258
esp32,1787200403091897766
lidar,1787200403143192513
esp32,1787200403191926917
lidar,1787200403243057994
esp32,1787200403291936021
lidar,1787200403343342712
esp32,1787200403391866075
lidar,1787200403443643622
esp32,1787200403491883120
lidar,1787200403544150551
esp32,1787200403591948107
lidar,1787200403644604205
esp32,1787200403692055678
lidar,1787200403745003180
esp32,1787200403791949511
lidar,1787200403845380036
esp32,1787200403892085595
lidar,1787200403945583849
esp32,1787200404031611688
lidar,1787200404045645937
esp32,1787200404091922517
lidar,1787200404145149535
esp32,1787200404192076583
lidar,1787200404244890076
esp32,1787200404291823662
lidar,1787200404344774317
esp32,1787200404391866802
lidar,1787200404444680583
esp32,1787200404492121794
lidar,1787200404544212311
esp32,1787200404592124459
lidar,1787200404644043761
esp32,1787200404691881222
lidar,1787200404743860879
esp32,1787200404792111685
lidar,1787200404843844122
esp32,1787200404891956558
lidar,1787200404943831983
esp32,1787200405012256103
lidar,1787200405043552808
esp32,1787200405092037002
lidar,1787200405143421223
esp32,1787200405191503307
lidar,1787200405242944648
esp32,1787200405291839318
lidar,1787200405343094591
esp32,1787200405391811583
lidar,1787200405442550904
esp32,1787200405491500698
lidar,1787200405542322906
esp32,1787200405591754368
lidar,1787200405642510824
esp32,1787200405691871853
lidar,1787200405742513139
esp32,1787200405791952313
lidar,1787200405842005372
esp32,1787200405891714012
lidar,1787200405941775991
esp32,1787200405991718222
lidar,1787200406041295654
esp32,1787200406091581313
lidar,1787200406141322660
esp32,1787200406191578324
lidar,1787200406241126488
esp32,1787200406291583789
lidar,1787200406340950991
esp32,1787200406391587982
lidar,1787200406440569347
esp32,1787200406491332807
lidar,1787200406540230855
esp32,1787200406591902905
lidar,1787200406640229618
esp32,1787200406691731804
lidar,1787200406740474016
esp32,1787200406791623878
lidar,1787200406840256710
esp32,1787200406891618509
lidar,1787200406940552515
esp32,1787200407012156755
lidar,1787200407040903292
esp32,1787200407112114687
lidar,1787200407141206215
esp32,1787200407212137352
lidar,1787200407242025769
esp32,1787200407291816973
lidar,1787200407342689189
esp32,1787200407391854658
lidar,1787200407442675018
esp32,1787200407491526502
lidar,1787200407543175351
esp32,1787200407591871024
lidar,1787200407642931464
esp32,1787200407691687568
lidar,1787200407742939384
esp32,1787200407791891136
lidar,1787200407842804668
esp32,1787200407891877778
lidar,1787200407942723657
esp32,1787200407991911111
lidar,1787200408042784052
esp32,1787200408091575485
lidar,1787200408142704647
esp32,1787200408191777137
lidar,1787200408242363031
esp32,1787200408290923308
lidar,1787200408341707762
esp32,1787200408391676951
lidar,1787200408441449366
esp32,1787200408491842092
lidar,1787200408540430019
esp32,1787200408592026800
lidar,1787200408639663064
esp32,1787200408691660022
lidar,1787200408738452795
esp32,1787200408791760338
lidar,1787200408838014269
esp32,1787200408891801901
lidar,1787200408937472921
esp32,1787200408991956939
lidar,1787200409037163122
esp32,1787200409091874956
lidar,1787200409136862813
esp32,1787200409191924522
lidar,1787200409236776898
esp32,1787200409291821600
lidar,1787200409336483356
esp32,1787200409392075649
lidar,1787200409436231946
esp32,1787200409492111369
lidar,1787200409536397266
esp32,1787200409592495237
lidar,1787200409636239391
esp32,1787200409692114464
lidar,1787200409736156115
esp32,1787200409792031359
lidar,1787200409835690360
esp32,1787200409892114884
lidar,1787200409935830974
esp32,1787200409991884198
lidar,1787200410035863879
esp32,1787200410091999214
lidar,1787200410135580162
esp32,1787200410191839660
lidar,1787200410235318451
esp32,1787200410291941593
lidar,1787200410335465384
esp32,1787200410392096298
lidar,1787200410434964247
esp32,1787200410492062380
lidar,1787200410534837957
esp32,1787200410591997917
lidar,1787200410634785611
esp32,1787200410692002060
lidar,1787200410734675739
esp32,1787200410791823771
lidar,1787200410834577253
esp32,1787200410891808431
lidar,1787200410934385830
esp32,1787200410992081051
lidar,1787200411034739088
esp32,1787200411091852066
lidar,1787200411134669546
esp32,1787200411192039831
lidar,1787200411234610037
esp32,1787200411291985490
lidar,1787200411334713294
esp32,1787200411391959097
lidar,1787200411434598056
esp32,1787200411491978083
lidar,1787200411534718878
esp32,1787200411591762398
lidar,1787200411634686354
esp32,1787200411691953804
lidar,1787200411734378613
esp32,1787200411791870700
lidar,1787200411834156275
esp32,1787200411891819843
lidar,1787200411933729869
esp32,1787200411991918367
lidar,1787200412033180980
esp32,1787200412091776651
lidar,1787200412132669641
esp32,1787200412192217261
lidar,1787200412231887594
esp32,1787200412291783782
lidar,1787200412330974818
esp32,1787200412392145795
lidar,1787200412430027561
esp32,1787200412491866765
lidar,1787200412529771522
esp32,1787200412591262151
lidar,1787200412629017239
esp32,1787200412690997545
lidar,1787200412728469954
esp32,1787200412790871048
lidar,1787200412827963396
esp32,1787200412891115784
lidar,1787200412927825790
esp32,1787200412992143403
lidar,1787200413027981295
esp32,1787200413092429215
lidar,1787200413127693644
esp32,1787200413191969677
lidar,1787200413227696573
esp32,1787200413291815345
lidar,1787200413327232911
esp32,1787200413391982858
lidar,1787200413427405436
esp32,1787200413492283282
lidar,1787200413527842206
esp32,1787200413591346573
lidar,1787200413627904659
esp32,1787200413712259093
lidar,1787200413728120673
esp32,1787200413791909678
lidar,1787200413828728437
esp32,1787200413891996620
lidar,1787200413929170688
esp32,1787200413991937130
lidar,1787200414029562524
esp32,1787200414091936670
lidar,1787200414129936753
esp32,1787200414191954014
lidar,1787200414229715695
esp32,1787200414291872313
lidar,1787200414329546554
esp32,1787200414391963645
lidar,1787200414429363809
esp32,1787200414491980298
lidar,1787200414529316004
esp32,1787200414591524025
lidar,1787200414628833666
esp32,1787200414692045613
lidar,1787200414728469863
esp32,1787200414791950279
lidar,1787200414828490631
esp32,1787200414891692696
lidar,1787200414928293073
esp32,1787200414992199337
lidar,1787200415028265778
esp32,1787200415091972406
lidar,1787200415128173217
esp32,1787200415192166917
lidar,1787200415227874830
esp32,1787200415292044028
lidar,1787200415327640947
esp32,1787200415392092115
lidar,1787200415427456213
esp32,1787200415491874452
lidar,1787200415527348422
esp32,1787200415591837354
lidar,1787200415626973314
esp32,1787200415691998786
lidar,1787200415726690409
esp32,1787200415791937702
lidar,1787200415826450544
esp32,1787200415891854970
lidar,1787200415926141967
esp32,1787200415991815483
lidar,1787200416026656647
esp32,1787200416091814074
lidar,1787200416126565787
esp32,1787200416191952593
lidar,1787200416226723042
esp32,1787200416291786876
lidar,1787200416326376089
esp32,1787200416391823627
lidar,1787200416426466728
esp32,1787200416491847965
lidar,1787200416526641899
esp32,1787200416591308101
lidar,1787200416626045190
esp32,1787200416691845191
lidar,1787200416726022593
esp32,1787200416791868837
lidar,1787200416825487055
esp32,1787200416891830434
lidar,1787200416925334709
esp32,1787200416991830056
lidar,1787200417025668342
esp32,1787200417091874613
lidar,1787200417125444370
esp32,1787200417192324990
lidar,1787200417225168863
esp32,1787200417292056011
lidar,1787200417325040000
esp32,1787200417391943438
lidar,1787200417424637836
esp32,1787200417491874447
lidar,1787200417524462707
esp32,1787200417592057593
lidar,1787200417624224995
esp32,1787200417691550796
lidar,1787200417724282179
esp32,1787200417791960123
lidar,1787200417824096182
esp32,1787200417891684440
lidar,1787200417924272857
esp32,1787200417991798435
lidar,1787200418024128278
esp32,1787200418092074877
lidar,1787200418124171188
esp32,1787200418191890099
lidar,1787200418223835212
esp32,1787200418291796212
lidar,1787200418323775299
esp32,1787200418391981425
lidar,1787200418422957758
esp32,1787200418491949293
lidar,1787200418523178693
esp32,1787200418591875037
lidar,1787200418623219886
esp32,1787200418691758094
lidar,1787200418722963563
esp32,1787200418791723815
lidar,1787200418823277674
esp32,1787200418891857510
lidar,1787200418923222362
esp32,1787200418991848391
lidar,1787200419023202741
esp32,1787200419091956712
lidar,1787200419122856419
esp32,1787200419212035318
lidar,1787200419222501968
esp32,1787200419291762135
lidar,1787200419322832864
esp32,1787200419391989725
lidar,1787200419422700627
esp32,1787200419491870098
lidar,1787200419522812667
esp32,1787200419591798536
lidar,1787200419622643394
esp32,1787200419691622348
lidar,1787200419722423379
esp32,1787200419791923360
lidar,1787200419822056446
esp32,1787200419892065538
lidar,1787200419921822848
esp32,1787200419991933439
lidar,1787200420021741758
esp32,1787200420091720558
lidar,1787200420121420291
esp32,1787200420191844243
lidar,1787200420221296097
esp32,1787200420291831558
lidar,1787200420321294656
esp32,1787200420391694691
lidar,1787200420420958778
esp32,1787200420491855791
lidar,1787200420521078585
esp32,1787200420591798669
lidar,1787200420620653173
esp32,1787200420691949984
lidar,1787200420720841093
esp32,1787200420791879227
lidar,1787200420820347454
esp32,1787200420891966777
lidar,1787200420920480381
esp32,1787200420991984274
lidar,1787200421020443394
esp32,1787200421092185556
lidar,1787200421119884789
esp32,1787200421191878745
lidar,1787200421219396974
esp32,1787200421291719889
lidar,1787200421319537774
esp32,1787200421391806609
lidar,1787200421419879711
esp32,1787200421491635984
lidar,1787200421519724547
esp32,1787200421591947940
lidar,1787200421620016413
esp32,1787200421691726575
lidar,1787200421719717313
esp32,1787200421791935716
lidar,1787200421819994027
esp32,1787200421891714174
lidar,1787200421919623256
esp32,1787200421991802724
lidar,1787200422019594900
esp32,1787200422091732100
lidar,1787200422119433660
esp32,1787200422191630206
lidar,1787200422218947955
esp32,1787200422291698684
lidar,1787200422318810124
esp32,1787200422391589415
lidar,1787200422418740236
esp32,1787200422491911481
lidar,1787200422518409057
esp32,1787200422591935513
lidar,1787200422618326921
esp32,1787200422690980966
lidar,1787200422718565750
esp32,1787200422791032904
lidar,1787200422818788054
esp32,1787200422891003966
lidar,1787200422918572254
esp32,1787200422991890704
lidar,1787200423019297802
esp32,1787200423091816709
lidar,1787200423118622065
esp32,1787200423192027724
lidar,1787200423218362299
esp32,1787200423291790508
lidar,1787200423318392285
esp32,1787200423391978689
lidar,1787200423418209082
esp32,1787200423492051460
lidar,1787200423517910889
esp32,1787200423591890068
lidar,1787200423617957497
esp32,1787200423692303329
lidar,1787200423717605137
esp32,1787200423791892690
lidar,1787200423817361636
esp32,1787200423891774496
lidar,1787200423917062777
esp32,1787200423991776322
lidar,1787200424017127965
esp32,1787200424091785399
lidar,1787200424116543665
esp32,1787200424212048924
lidar,1787200424216463895
esp32,1787200424291751376
lidar,1787200424316546614
esp32,1787200424391890522
lidar,1787200424416532387
esp32,1787200424512098527
lidar,1787200424516105848
esp32,1787200424591705731
lidar,1787200424616656973
esp32,1787200424691822388
lidar,1787200424716231578
esp32,1787200424791951895
lidar,1787200424816476598
esp32,1787200424891942356
lidar,1787200424916411992
esp32,1787200424991749656
lidar,1787200425016270231
esp32,1787200425091915798
lidar,1787200425115868242
esp32,1787200425191738599
lidar,1787200425215892371
esp32,1787200425291807514
lidar,1787200425315107854
esp32,1787200425391764131
lidar,1787200425414766046
esp32,1787200425491978803
lidar,1787200425514578228
esp32,1787200425591842612
lidar,1787200425614536996
esp32,1787200425691802951
lidar,1787200425714285687
esp32,1787200425791629530
lidar,1787200425813845329
esp32,1787200425891798415
lidar,1787200425913584173
esp32,1787200425991955975
lidar,1787200426013215231
esp32,1787200426091953503
lidar,1787200426113158103
esp32,1787200426191894256
lidar,1787200426212831875
esp32,1787200426312279363
lidar,1787200426312977951
esp32,1787200426391902755
lidar,1787200426412466992
esp32,1787200426491688568
lidar,1787200426512231461
esp32,1787200426591841885
lidar,1787200426612237252
esp32,1787200426691929811
lidar,1787200426712063364
esp32,1787200426791877813
lidar,1787200426812188421
esp32,1787200426891838510
lidar,1787200426911677221
esp32,1787200426991905709
lidar,1787200427011552836
esp32,1787200427091822464
lidar,1787200427111378039
esp32,1787200427191825851
lidar,1787200427211842970
esp32,1787200427291883705
lidar,1787200427312376274
esp32,1787200427391956046
lidar,1787200427412604114
esp32,1787200427491788145
lidar,1787200427512923334
esp32,1787200427592257275
lidar,1787200427613212873
esp32,1787200427691781435
lidar,1787200427713442257
esp32,1787200427791583163
lidar,1787200427813264752
esp32,1787200427891841492
lidar,1787200427913241844
esp32,1787200427991876329
lidar,1787200428012574051
esp32,1787200428112443736
lidar,1787200428113489341
esp32,1787200428191941189
lidar,1787200428212826721
esp32,1787200428291934153
lidar,1787200428312721199
esp32,1787200428391822406
lidar,1787200428412280967
esp32,1787200428491855958
lidar,1787200428511898440
esp32,1787200428591871469
lidar,1787200428611560998
esp32,1787200428691864974
lidar,1787200428711340949
esp32,1787200428791841784
lidar,1787200428811179704
esp32,1787200428891972229
lidar,1787200428910944422
esp32,1787200428991884372
lidar,1787200429011112950
esp32,1787200429091825876
lidar,1787200429110730002
esp32,1787200429191920020
lidar,1787200429210449271
esp32,1787200429291889751
lidar,1787200429310421237
esp32,1787200429391928879
lidar,1787200429409903167
lidar,1787200429509341415
esp32,1787200429511884145
lidar,1787200429609716382
esp32,1787200429611791367
lidar,1787200429709300551
esp32,1787200429711913256
lidar,1787200429808929449
esp32,1787200429811796155
esp32,1787200429891836649
lidar,1787200429908822794
esp32,1787200429991748005
lidar,1787200430008338527
esp32,1787200430091641909
lidar,1787200430108900466
esp32,1787200430191860698
lidar,1787200430208537818
esp32,1787200430291928783
lidar,1787200430308224745
esp32,1787200430391859165
lidar,1787200430407901450
esp32,1787200430491842455
lidar,1787200430508209172
esp32,1787200430591757536
lidar,1787200430608348641
esp32,1787200430692035043
lidar,1787200430708754478
esp32,1787200430791818929
lidar,1787200430809390949
esp32,1787200430891769272
lidar,1787200430910315190
esp32,1787200430991664689
lidar,1787200431010661039
esp32,1787200431091830102
lidar,1787200431111138041
esp32,1787200431191177313
lidar,1787200431210931643
esp32,1787200431291867583
lidar,1787200431311395349
esp32,1787200431391877452
lidar,1787200431411678512
esp32,1787200431491845098
lidar,1787200431511587664
esp32,1787200431591906515
lidar,1787200431611605987
esp32,1787200431691921591
lidar,1787200431711642096
esp32,1787200431791813025
lidar,1787200431811811332
esp32,1787200431891693034
lidar,1787200431910925649
esp32,1787200431991939166
lidar,1787200432010479240
esp32,1787200432091822450
lidar,1787200432109840119
esp32,1787200432191874956
lidar,1787200432208500525
esp32,1787200432291804044
lidar,1787200432307598030
esp32,1787200432391781991
lidar,1787200432406065649
esp32,1787200432491775475
lidar,1787200432504996695
esp32,1787200432591020704
lidar,1787200432603977554
esp32,1787200432691092219
lidar,1787200432702902792
lidar,1787200432802180536
esp32,1787200432810986863
lidar,1787200432901471276
esp32,1787200432910835884
lidar,1787200433001659749
esp32,1787200433011836578
lidar,1787200433101721445
esp32,1787200433111947358
lidar,1787200433201015809
esp32,1787200433211742403
lidar,1787200433300848377
esp32,1787200433311917580
lidar,1787200433400765418
esp32,1787200433411860025
lidar,1787200433500454599
esp32,1787200433511920640
lidar,1787200433600276328
esp32,1787200433611774629
lidar,1787200433699999783
esp32,1787200433712146158
lidar,1787200433800152318
esp32,1787200433811982372
lidar,1787200433899800395
esp32,1787200433912029980
lidar,1787200433999995711
esp32,1787200434011945706
lidar,1787200434099614521
esp32,1787200434111893276
lidar,1787200434199574007
esp32,1787200434211848403
lidar,1787200434299820062
esp32,1787200434312004992
lidar,1787200434399146483
esp32,1787200434411798269
lidar,1787200434499144668
esp32,1787200434512011379
lidar,1787200434598771905
esp32,1787200434611743310
lidar,1787200434698522580
esp32,1787200434712096198
lidar,1787200434798386612
esp32,1787200434812282170
lidar,1787200434898063192
esp32,1787200434911993681
lidar,1787200434998113390
esp32,1787200435012172439
lidar,1787200435097706542
esp32,1787200435112088529
lidar,1787200435197496320
esp32,1787200435211857859
lidar,1787200435297558803
esp32,1787200435311899243
lidar,1787200435397709505
esp32,1787200435411844787
lidar,1787200435497852367
esp32,1787200435512092821
lidar,1787200435597976143
esp32,1787200435611842129
lidar,1787200435698253263
esp32,1787200435712010851
lidar,1787200435799037586
esp32,1787200435812167121
lidar,1787200435898733250
esp32,1787200435910964665
lidar,1787200435999778255
esp32,1787200436011834024
lidar,1787200436100540492
esp32,1787200436111873431
lidar,1787200436200400594
esp32,1787200436211773220
lidar,1787200436300605228
esp32,1787200436311884121
lidar,1787200436400119214
esp32,1787200436411881367
lidar,1787200436499812275
esp32,1787200436511728870
lidar,1787200436599623809
esp32,1787200436611696356
lidar,1787200436699572787
esp32,1787200436712037616
lidar,1787200436799781704
esp32,1787200436812128195
lidar,1787200436899255555
esp32,1787200436911800367
lidar,1787200436999072085
esp32,1787200437011678765
lidar,1787200437099023070
esp32,1787200437111810727
lidar,1787200437198687058
esp32,1787200437211943514
lidar,1787200437298457082
esp32,1787200437312004985
lidar,1787200437398644288
esp32,1787200437411896173
lidar,1787200437498186521
esp32,1787200437511971794
lidar,1787200437598263855
esp32,1787200437611884107
lidar,1787200437697635906
esp32,1787200437711631194
lidar,1787200437797784154
esp32,1787200437811738716
lidar,1787200437897049902
esp32,1787200437912076824
lidar,1787200437996794878
esp32,1787200438012036530
lidar,1787200438096417313
esp32,1787200438111965866
lidar,1787200438196202450
esp32,1787200438212153815
lidar,1787200438295824733
esp32,1787200438312191250
lidar,1787200438395987943
esp32,1787200438412159285
lidar,1787200438495810202
esp32,1787200438512164243
lidar,1787200438595699115
esp32,1787200438612065436
lidar,1787200438695516386
esp32,1787200438712172103
lidar,1787200438795371483
esp32,1787200438812252572
lidar,1787200438895349235
esp32,1787200438912189619
lidar,1787200438994890195
esp32,1787200439012258044
lidar,1787200439094518263
esp32,1787200439112051605
lidar,1787200439194598783
esp32,1787200439212185069
lidar,1787200439294662562
esp32,1787200439312200015
lidar,1787200439394595186
esp32,1787200439412193265
lidar,1787200439495183674
esp32,1787200439512213707
lidar,1787200439595454853
esp32,1787200439612051394
lidar,1787200439696149698
esp32,1787200439712109171
lidar,1787200439796093129
esp32,1787200439812270004
lidar,1787200439896437526
esp32,1787200439912143420
lidar,1787200439995907195
esp32,1787200440011873907
lidar,1787200440095811219
esp32,1787200440111809690
lidar,1787200440195782783
esp32,1787200440211944699
lidar,1787200440295680134
esp32,1787200440312066987
lidar,1787200440395718890
esp32,1787200440412092005
lidar,1787200440494869236
esp32,1787200440512245739
lidar,1787200440594424150
esp32,1787200440611810384
lidar,1787200440694102550
esp32,1787200440711706070
lidar,1787200440793855703
esp32,1787200440811696765
lidar,1787200440893688320
esp32,1787200440911959163
lidar,1787200440993802567
esp32,1787200441011810213
lidar,1787200441093182987
esp32,1787200441112004364
lidar,1787200441193240366
esp32,1787200441212060877
lidar,1787200441293019593
esp32,1787200441312057089
lidar,1787200441392880183
esp32,1787200441411865619
lidar,1787200441492535948
esp32,1787200441512202280
lidar,1787200441592122888
esp32,1787200441612183050
lidar,1787200441692049994
esp32,1787200441712169898
lidar,1787200441791942227
esp32,1787200441812148376
lidar,1787200441891861458
esp32,1787200441912166612
lidar,1787200441991658221
esp32,1787200442012177045
lidar,1787200442091278027
esp32,1787200442111750806
lidar,1787200442191462228
esp32,1787200442212157603
lidar,1787200442291101913
esp32,1787200442311611142
lidar,1787200442391076045
esp32,1787200442412107091
lidar,1787200442490655726
esp32,1787200442511784310
lidar,1787200442590132389
esp32,1787200442611030643
lidar,1787200442689736309
esp32,1787200442710945413
lidar,1787200442789789461
esp32,1787200442811037643
lidar,1787200442890111566
esp32,1787200442910927558
lidar,1787200442990978562
esp32,1787200443012181241
lidar,1787200443091746481
esp32,1787200443112113971
lidar,1787200443192133933
esp32,1787200443212144153
lidar,1787200443292539336
esp32,1787200443311970652
lidar,1787200443392433512
esp32,1787200443412093928
lidar,1787200443492623233
esp32,1787200443512177620
lidar,1787200443592405756
esp32,1787200443611981909
lidar,1787200443692204743
esp32,1787200443712099231
lidar,1787200443792237385
esp32,1787200443812186461
lidar,1787200443892088670
esp32,1787200443912089288
lidar,1787200443992038544
esp32,1787200444011722957
lidar,1787200444091924809
esp32,1787200444112239981
lidar,1787200444191811261
esp32,1787200444211662906
lidar,1787200444291681036
esp32,1787200444312128044
lidar,1787200444391251767
esp32,1787200444412119357
lidar,1787200444491123175
esp32,1787200444551822094
lidar,1787200444591207851
esp32,1787200444612078154
lidar,1787200444691186519
esp32,1787200444712140703
lidar,1787200444791253583
esp32,1787200444812122008
lidar,1787200444890994325
esp32,1787200444912210264
lidar,1787200444990249311
esp32,1787200445012307772
lidar,1787200445089653969
esp32,1787200445111803561
lidar,1787200445188578819
esp32,1787200445212023600
lidar,1787200445287734985
esp32,1787200445311066409
lidar,1787200445386959892
esp32,1787200445412204468
lidar,1787200445486480323
esp32,1787200445512353001
lidar,1787200445585152229
esp32,1787200445612209066
lidar,1787200445684376301
esp32,1787200445711945428
lidar,1787200445783595762
esp32,1787200445812117871
lidar,1787200445883126082
esp32,1787200445912076721
lidar,1787200445982579281
esp32,1787200446012197347
lidar,1787200446082258445
esp32,1787200446112098593
lidar,1787200446182256444
esp32,1787200446211760717
lidar,1787200446282461187
esp32,1787200446311988230
lidar,1787200446382118075
esp32,1787200446412092832
lidar,1787200446481995007
esp32,1787200446512239750
lidar,1787200446581715594
esp32,1787200446612057504
lidar,1787200446681782994
esp32,1787200446712133857
lidar,1787200446781577444
esp32,1787200446812270084
lidar,1787200446881364481
esp32,1787200446912045941
lidar,1787200446981111002
esp32,1787200447012169640
lidar,1787200447081295893
esp32,1787200447112196526
lidar,1787200447180763603
esp32,1787200447212197587
lidar,1787200447280528713
esp32,1787200447312055449
lidar,1787200447380317062
esp32,1787200447411769477
lidar,1787200447479704716
esp32,1787200447512096601
lidar,1787200447579874083
esp32,1787200447612205387
lidar,1787200447679674899
esp32,1787200447712010700
lidar,1787200447779309287
esp32,1787200447812189066
lidar,1787200447879167704
esp32,1787200447912126510
lidar,1787200447979456699
esp32,1787200448012126651
lidar,1787200448079790759
esp32,1787200448111932406
lidar,1787200448179816083
esp32,1787200448212127591
lidar,1787200448280622228
esp32,1787200448312037567
lidar,1787200448381190629
esp32,1787200448412217077
lidar,1787200448481625665
esp32,1787200448511816297
lidar,1787200448582099347
esp32,1787200448611601409
lidar,1787200448682428114
esp32,1787200448711976522
lidar,1787200448782044851
esp32,1787200448812021181
lidar,1787200448881861597
esp32,1787200448912088992
lidar,1787200448981546339
esp32,1787200449012309057
lidar,1787200449081899303
esp32,1787200449111162011
lidar,1787200449181919078
esp32,1787200449211600862
lidar,1787200449281159334
esp32,1787200449311951224
lidar,1787200449381230181
esp32,1787200449412135571
lidar,1787200449481085882
esp32,1787200449512231960
lidar,1787200449581167311
esp32,1787200449611889668
lidar,1787200449680717547
esp32,1787200449712194443
lidar,1787200449781034068
esp32,1787200449812238180
lidar,1787200449879905315
esp32,1787200449912039948
lidar,1787200449979886368
esp32,1787200450011512114
lidar,1787200450080159604
esp32,1787200450111785600
lidar,1787200450179674399
esp32,1787200450212009997
lidar,1787200450279570132
esp32,1787200450312160107
lidar,1787200450379119625
esp32,1787200450412302703
lidar,1787200450479137205
esp32,1787200450512272211
lidar,1787200450578816033
esp32,1787200450612110178
lidar,1787200450679259267
esp32,1787200450712215448
lidar,1787200450779845992
esp32,1787200450812150310
lidar,1787200450879674102
esp32,1787200450912114972
lidar,1787200450979575690
esp32,1787200451012218727
lidar,1787200451079509232
esp32,1787200451111988280
lidar,1787200451179248764
esp32,1787200451212126550
lidar,1787200451279073118
esp32,1787200451312256674
lidar,1787200451379126716
esp32,1787200451412170536
lidar,1787200451478517292
esp32,1787200451512378131
lidar,1787200451578659504
esp32,1787200451612150493
lidar,1787200451678807381
esp32,1787200451712249346
lidar,1787200451778887431
esp32,1787200451812197862
lidar,1787200451878410892
esp32,1787200451912186620
lidar,1787200451978007434
esp32,1787200452011534616
lidar,1787200452077896423
esp32,1787200452111786465
lidar,1787200452177359400
esp32,1787200452212164558
lidar,1787200452276646341
esp32,1787200452311046394
lidar,1787200452376830469
esp32,1787200452412115551
lidar,1787200452476671806
esp32,1787200452512168550
lidar,1787200452576417355
esp32,1787200452611093507
lidar,1787200452675856914
esp32,1787200452711163438
lidar,1787200452775291293
esp32,1787200452811172085
lidar,1787200452874873896
esp32,1787200452910963464
lidar,1787200452975356474
esp32,1787200453012105555
lidar,1787200453075605389
esp32,1787200453111979029
lidar,1787200453176090288
esp32,1787200453211908722
lidar,1787200453276201586
esp32,1787200453312062638
lidar,1787200453376763569
esp32,1787200453411926020
lidar,1787200453477438276
esp32,1787200453512090595
lidar,1787200453577834895
esp32,1787200453611920369
lidar,1787200453677714577
esp32,1787200453711967860
lidar,1787200453777818496
esp32,1787200453812089593
lidar,1787200453877741710
esp32,1787200453911867315
lidar,1787200453977739295
esp32,1787200454012203334
lidar,1787200454077809729
esp32,1787200454112033084
lidar,1787200454177561637
esp32,1787200454212011699
lidar,1787200454277511454
esp32,1787200454311974872
lidar,1787200454377467815
esp32,1787200454411901582
lidar,1787200454477159339
esp32,1787200454512185766
lidar,1787200454577138719
esp32,1787200454612181532
lidar,1787200454676737350
esp32,1787200454712021201
lidar,1787200454776243374
esp32,1787200454812038129
lidar,1787200454875869727
esp32,1787200454912120146
lidar,1787200454976019464
esp32,1787200455012218990
lidar,1787200455075575357
esp32,1787200455112195916
lidar,1787200455175548048
esp32,1787200455212252605
lidar,1787200455275664781
esp32,1787200455312081659
lidar,1787200455375239371
esp32,1787200455412248191
lidar,1787200455474753590
esp32,1787200455512332536
lidar,1787200455574719378
esp32,1787200455612244820
lidar,1787200455674572192
esp32,1787200455712138390
lidar,1787200455774497546
esp32,1787200455812174767
lidar,1787200455874859716
esp32,1787200455912094935
lidar,1787200455975037083
esp32,1787200456012218571
lidar,1787200456075619145
esp32,1787200456111984421
lidar,1787200456175499253
esp32,1787200456211967559
lidar,1787200456276449762
esp32,1787200456312207683
lidar,1787200456376596557
esp32,1787200456412009858
lidar,1787200456476849065
esp32,1787200456511979812
lidar,1787200456576791736
esp32,1787200456612256715
lidar,1787200456676667235
esp32,1787200456712243581
lidar,1787200456776416144
esp32,1787200456812210649
lidar,1787200456876728209
esp32,1787200456911468760
lidar,1787200456976117773
esp32,1787200457012280624
lidar,1787200457076118362
esp32,1787200457112123290
lidar,1787200457176026806
esp32,1787200457212286228
lidar,1787200457275692546
esp32,1787200457312225709
lidar,1787200457375628883
esp32,1787200457412242401
lidar,1787200457475378879
esp32,1787200457512323932
lidar,1787200457575509496
esp32,1787200457612116955
lidar,1787200457675558735
esp32,1787200457712120499
lidar,1787200457775317073
esp32,1787200457812240085
lidar,1787200457875494925
esp32,1787200457912222089
lidar,1787200457975467062
esp32,1787200458012332980
lidar,1787200458075302173
esp32,1787200458112103431
lidar,1787200458175272353
esp32,1787200458211986425
lidar,1787200458274662965
esp32,1787200458311954416
lidar,1787200458374341254
esp32,1787200458412200295
lidar,1787200458473429441
esp32,1787200458512189348
lidar,1787200458572298581
esp32,1787200458611980314
lidar,1787200458671778749
esp32,1787200458712198059
lidar,1787200458770897992
esp32,1787200458812055700
lidar,1787200458870204845
esp32,1787200458911964898
lidar,1787200458969288536
esp32,1787200459012251035
lidar,1787200459069165365
esp32,1787200459112071665
lidar,1787200459168720520
esp32,1787200459212176688
lidar,1787200459268604966
esp32,1787200459312177383
lidar,1787200459368051088
esp32,1787200459412180081
lidar,1787200459467895105
esp32,1787200459512318966
lidar,1787200459567749924
esp32,1787200459612149620
lidar,1787200459667014884
esp32,1787200459712024673
lidar,1787200459766699226
esp32,1787200459812088160
lidar,1787200459866721343
esp32,1787200459912029269
lidar,1787200459966966195
esp32,1787200460012290420
lidar,1787200460067125765
esp32,1787200460112076567
lidar,1787200460167355978
esp32,1787200460211576815
lidar,1787200460267866901
esp32,1787200460312099258
lidar,1787200460368271470
esp32,1787200460412182380
lidar,1787200460468836821
esp32,1787200460512288105
lidar,1787200460568985213
esp32,1787200460612070235
lidar,1787200460669327850
esp32,1787200460712038007
lidar,1787200460769813498
esp32,1787200460812036200
lidar,1787200460869995391
esp32,1787200460912062082
lidar,1787200460969958030
esp32,1787200461012272800
lidar,1787200461070085039
esp32,1787200461111941629
lidar,1787200461169513788
esp32,1787200461212018088
lidar,1787200461269589489
esp32,1787200461311922527
lidar,1787200461369430108
esp32,1787200461412152219
lidar,1787200461468968979
esp32,1787200461512168385
lidar,1787200461569154259
esp32,1787200461611955714
lidar,1787200461668762088
esp32,1787200461711982904
lidar,1787200461768580750
esp32,1787200461812103570
lidar,1787200461868473855
esp32,1787200461911921822
lidar,1787200461968237285
esp32,1787200462012296949
lidar,1787200462068009573
esp32,1787200462112205928
lidar,1787200462167930763
esp32,1787200462212205444
lidar,1787200462267337632
esp32,1787200462312098221
lidar,1787200462367221599
esp32,1787200462412106324
lidar,1787200462467214971
esp32,1787200462512105201
lidar,1787200462566955573
esp32,1787200462611198620
lidar,1787200462666101441
esp32,1787200462711220266
lidar,1787200462766114335
esp32,1787200462811092055
lidar,1787200462866077359
esp32,1787200462910969295
lidar,1787200462966588717
esp32,1787200463012232008
lidar,1787200463066478026
esp32,1787200463111895577
lidar,1787200463166587743
esp32,1787200463212244562
lidar,1787200463266465008
esp32,1787200463312241146
lidar,1787200463366517971
esp32,1787200463412280313
lidar,1787200463466519000
esp32,1787200463512169714
lidar,1787200463566448280
esp32,1787200463612141196
lidar,1787200463666457888
esp32,1787200463712138244
lidar,1787200463766406517
esp32,1787200463812199540
lidar,1787200463865921431
esp32,1787200463912011971
lidar,1787200463966481375
esp32,1787200464012314271
lidar,1787200464066239289
esp32,1787200464112108227
lidar,1787200464166172025
esp32,1787200464212022392
lidar,1787200464265437375
esp32,1787200464311993123
lidar,1787200464365917681
esp32,1787200464412180533
lidar,1787200464465899588
esp32,1787200464512214572
lidar,1787200464565377090
esp32,1787200464612039334
lidar,1787200464665064270
esp32,1787200464712104510
lidar,1787200464764890675
esp32,1787200464812099307
lidar,1787200464864941210
esp32,1787200464911832404
lidar,1787200464964316008
esp32,1787200465012263924
lidar,1787200465064190458
esp32,1787200465111713786
lidar,1787200465162888303
esp32,1787200465212106340
lidar,1787200465262189978
esp32,1787200465312078328
lidar,1787200465361438486
esp32,1787200465412131389
lidar,1787200465460598972
esp32,1787200465512179938
lidar,1787200465559892540
esp32,1787200465612077900
lidar,1787200465658883343
esp32,1787200465712214143
lidar,1787200465758448075
esp32,1787200465811830780
lidar,1787200465857705559
esp32,1787200465912072790
lidar,1787200465957555843
esp32,1787200466012113826
lidar,1787200466057251243
esp32,1787200466112075156
lidar,1787200466157150781
esp32,1787200466211995903
lidar,1787200466256937320
esp32,1787200466311866451
lidar,1787200466356418424
esp32,1787200466412031351
lidar,1787200466456412892
esp32,1787200466511929209
lidar,1787200466556177697
esp32,1787200466611900345
lidar,1787200466655918800
esp32,1787200466711894027
lidar,1787200466755863546
esp32,1787200466812055820
lidar,1787200466855788819
esp32,1787200466912109879
lidar,1787200466955553089
esp32,1787200467012158321
lidar,1787200467055393888
esp32,1787200467111937514
lidar,1787200467154902860
esp32,1787200467212054137
lidar,1787200467254984092
esp32,1787200467312065055
lidar,1787200467354579958
esp32,1787200467412086089
lidar,1787200467454215310
esp32,1787200467511742608
lidar,1787200467553897402
esp32,1787200467611960988
lidar,1787200467654066567
esp32,1787200467712099689
lidar,1787200467753617733
esp32,1787200467812174002
lidar,1787200467853539787
esp32,1787200467911834042
lidar,1787200467953318145
esp32,1787200468012346922
lidar,1787200468053131511
esp32,1787200468112081888
lidar,1787200468152857304
esp32,1787200468211959656
lidar,1787200468252667989
esp32,1787200468311829325
lidar,1787200468352291341
esp32,1787200468412258146
lidar,1787200468452060091
esp32,1787200468512056180
lidar,1787200468552035778
esp32,1787200468612142940
lidar,1787200468651747789
esp32,1787200468712154677
lidar,1787200468751325281
esp32,1787200468812027256
lidar,1787200468851149608
esp32,1787200468911842673
lidar,1787200468950853738
esp32,1787200469012367123
lidar,1787200469051206905
esp32,1787200469111991970
lidar,1787200469151217982
esp32,1787200469212085303
lidar,1787200469251684962
esp32,1787200469312352916
lidar,1787200469352372847
esp32,1787200469412356993
lidar,1787200469452993811
esp32,1787200469512223470
lidar,1787200469553338861
esp32,1787200469612225260
lidar,1787200469653966096
esp32,1787200469712090497
lidar,1787200469754556272
esp32,1787200469812213888
lidar,1787200469855037443
esp32,1787200469912268822
lidar,1787200469955209964
esp32,1787200470012425555
lidar,1787200470055117933
esp32,1787200470112399699
lidar,1787200470155420064
esp32,1787200470212273234
lidar,1787200470254780927
esp32,1787200470312242743
lidar,1787200470354600360
esp32,1787200470412190892
lidar,1787200470454537098
esp32,1787200470512305770
lidar,1787200470554636617
esp32,1787200470612049847
lidar,1787200470654287151
esp32,1787200470712075476
lidar,1787200470753941476
esp32,1787200470812101485
lidar,1787200470853567202
esp32,1787200470912088301
lidar,1787200470953661191
esp32,1787200471012091806
lidar,1787200471053117204
esp32,1787200471112182231
lidar,1787200471152988737
esp32,1787200471212210361
lidar,1787200471252928156
esp32,1787200471312183171
lidar,1787200471352486820
esp32,1787200471412185467
lidar,1787200471451974147
esp32,1787200471512114631
lidar,1787200471551924618
esp32,1787200471612148505
lidar,1787200471651481512
esp32,1787200471712187102
lidar,1787200471751541353
esp32,1787200471812114817
lidar,1787200471851561426
esp32,1787200471912012901
lidar,1787200471951201522
esp32,1787200472012196769
lidar,1787200472051060678
esp32,1787200472112037294
lidar,1787200472150956637
esp32,1787200472212195668
lidar,1787200472250729686
esp32,1787200472312342200
lidar,1787200472350723402
esp32,1787200472412229689
lidar,1787200472450299236
esp32,1787200472512314374
lidar,1787200472550197584
esp32,1787200472611071935
lidar,1787200472649324398
esp32,1787200472711022462
lidar,1787200472749147482
esp32,1787200472810952671
lidar,1787200472849145306
esp32,1787200472910979298
lidar,1787200472949200451
esp32,1787200473012263616
lidar,1787200473048870429
esp32,1787200473112121126
lidar,1787200473148839074
esp32,1787200473212035473
lidar,1787200473248598504
esp32,1787200473311967160
lidar,1787200473348696202
esp32,1787200473412183296
lidar,1787200473449015910
esp32,1787200473512314099
lidar,1787200473549362530
esp32,1787200473612191909
lidar,1787200473649871317
esp32,1787200473712175642
lidar,1787200473749980586
esp32,1787200473812049379
lidar,1787200473850609107
esp32,1787200473911720860
lidar,1787200473951097517
esp32,1787200474012143543
lidar,1787200474051438501
esp32,1787200474111956896
lidar,1787200474151863766
esp32,1787200474211916138
lidar,1787200474252059924
esp32,1787200474312049695
lidar,1787200474351821310
esp32,1787200474410960698
lidar,1787200474451728892
esp32,1787200474511971202
lidar,1787200474551898804
esp32,1787200474612082075
lidar,1787200474651970453
esp32,1787200474711925367
lidar,1787200474752049864
esp32,1787200474811850724
lidar,1787200474852050894
esp32,1787200474931522698
lidar,1787200474951659731
esp32,1787200475012080880
lidar,1787200475051762435
esp32,1787200475111399447
lidar,1787200475151564846
esp32,1787200475211979369
lidar,1787200475251629538
esp32,1787200475312060069
lidar,1787200475351174457
esp32,1787200475411891230
lidar,1787200475450690998
esp32,1787200475512205776
lidar,1787200475549991444
esp32,1787200475611946289
lidar,1787200475649014732
esp32,1787200475711876558
lidar,1787200475747703772
esp32,1787200475812128085
lidar,1787200475846937401
esp32,1787200475911747047
lidar,1787200475946456440
esp32,1787200476012175750
lidar,1787200476046205876
esp32,1787200476112208490
lidar,1787200476145947450
esp32,1787200476212122821
lidar,1787200476245956959
esp32,1787200476312158911
lidar,1787200476345957745
esp32,1787200476411702910
lidar,1787200476445428477
esp32,1787200476512271487
lidar,1787200476545305273
esp32,1787200476611953003
lidar,1787200476645386217
esp32,1787200476712081590
lidar,1787200476744818037
esp32,1787200476812051599
lidar,1787200476844919078
esp32,1787200476912011763
lidar,1787200476944417664
esp32,1787200477012070983
lidar,1787200477044427708
esp32,1787200477112075993
lidar,1787200477144492028
esp32,1787200477212041181
lidar,1787200477243810169
esp32,1787200477311783429
lidar,1787200477343694144
esp32,1787200477411921937
lidar,1787200477443344390
esp32,1787200477512031708
lidar,1787200477543264318
esp32,1787200477612063478
lidar,1787200477643309858
esp32,1787200477711966112
lidar,1787200477742968129
esp32,1787200477812161856
lidar,1787200477843189739
esp32,1787200477911762527
lidar,1787200477943267874
esp32,1787200478012209694
lidar,1787200478043363258
esp32,1787200478111931545
lidar,1787200478144003459
esp32,1787200478212025840
lidar,1787200478244015851
esp32,1787200478312077058
lidar,1787200478344778729
esp32,1787200478412050874
lidar,1787200478444554768
esp32,1787200478512161505
lidar,1787200478544876619
esp32,1787200478612099420
lidar,1787200478644995818
esp32,1787200478712353168
lidar,1787200478744641924
esp32,1787200478811963118
lidar,1787200478844850444
esp32,1787200478912209752
lidar,1787200478944690071
esp32,1787200479012373927
lidar,1787200479044609266
esp32,1787200479112172336
lidar,1787200479144263223
esp32,1787200479212131967
lidar,1787200479244278855
esp32,1787200479312250866
lidar,1787200479343902869
esp32,1787200479411864519
lidar,1787200479443509619
esp32,1787200479512215764
lidar,1787200479543334362
esp32,1787200479611939556
lidar,1787200479642701453
esp32,1787200479712060210
lidar,1787200479743306505
esp32,1787200479812090992
lidar,1787200479843263241
esp32,1787200479912094117
lidar,1787200479942991823
esp32,1787200480012153392
lidar,1787200480043343822
esp32,1787200480112070079
lidar,1787200480142697323
esp32,1787200480211998051
lidar,1787200480242600423
esp32,1787200480312185693
lidar,1787200480342496956
esp32,1787200480412247314
lidar,1787200480442390632
esp32,1787200480512151517
lidar,1787200480541325350
esp32,1787200480611935222
lidar,1787200480640795724
esp32,1787200480711897364
lidar,1787200480740028811
esp32,1787200480811975917
lidar,1787200480839763159
esp32,1787200480911959996
lidar,1787200480938496806
esp32,1787200481012104810
lidar,1787200481037902585
esp32,1787200481112034460
lidar,1787200481137252586
esp32,1787200481212192277
lidar,1787200481237134991
esp32,1787200481311983078
lidar,1787200481336974525
esp32,1787200481411977138
lidar,1787200481436570179
esp32,1787200481512032442
lidar,1787200481536304911
esp32,1787200481612113708
lidar,1787200481636141592
esp32,1787200481712073548
lidar,1787200481736065370
esp32,1787200481811904337
lidar,1787200481836018095
esp32,1787200481911980878
lidar,1787200481935580818
esp32,1787200482012137562
lidar,1787200482035461918
esp32,1787200482112031117
lidar,1787200482135422691
esp32,1787200482211879365
lidar,1787200482235187124
esp32,1787200482312040314
lidar,1787200482334981633
esp32,1787200482411987839
lidar,1787200482434680855
esp32,1787200482511038032
lidar,1787200482534626834
esp32,1787200482611006223
lidar,1787200482633821408
esp32,1787200482711052167
lidar,1787200482733469117
esp32,1787200482811164954
lidar,1787200482833194792
esp32,1787200482911005491
lidar,1787200482933442516
esp32,1787200483012403128
lidar,1787200483033736470
esp32,1787200483112210271
lidar,1787200483133597229
esp32,1787200483212108007
lidar,1787200483234358916
esp32,1787200483312009587
lidar,1787200483334775556
esp32,1787200483412086183
lidar,1787200483434981675
esp32,1787200483512304253
lidar,1787200483535881508
esp32,1787200483612100028
lidar,1787200483636774856
esp32,1787200483712259298
lidar,1787200483736966714
esp32,1787200483812072256
lidar,1787200483836758402
esp32,1787200483912199100
lidar,1787200483936696767
esp32,1787200484012336692
lidar,1787200484036505570
esp32,1787200484112373050
lidar,1787200484136244176
esp32,1787200484212193759
lidar,1787200484235808861
esp32,1787200484312080940
lidar,1787200484335937529
esp32,1787200484412231859
lidar,1787200484435361734
esp32,1787200484512164885
lidar,1787200484535003766
esp32,1787200484612237150
lidar,1787200484634695314
esp32,1787200484712117823
lidar,1787200484734812967
esp32,1787200484812152009
lidar,1787200484834427527
esp32,1787200484912011114
lidar,1787200484934599261
esp32,1787200485012097421
lidar,1787200485034660900
esp32,1787200485112099342
lidar,1787200485134482193
esp32,1787200485212087284
lidar,1787200485234180073
esp32,1787200485312073570
lidar,1787200485334220492
esp32,1787200485412131401
lidar,1787200485434104042
esp32,1787200485512179774
lidar,1787200485534048571
esp32,1787200485612313810
lidar,1787200485633719396
esp32,1787200485712030815
lidar,1787200485733876716
esp32,1787200485811997259
lidar,1787200485833928325
esp32,1787200485911983679
lidar,1787200485933273924
esp32,1787200486012197212
lidar,1787200486033415242
esp32,1787200486112140868
lidar,1787200486132856110
esp32,1787200486211930121
lidar,1787200486232747772
esp32,1787200486311994332
lidar,1787200486332347733
esp32,1787200486412031016
lidar,1787200486431939442
esp32,1787200486512242670
lidar,1787200486532062485
esp32,1787200486612047065
lidar,1787200486631953448
esp32,1787200486712013622
lidar,1787200486732219316
esp32,1787200486812013588
lidar,1787200486831804095
esp32,1787200486912104118
lidar,1787200486931286572
esp32,1787200487012117404
lidar,1787200487031135575
esp32,1787200487112117056
lidar,1787200487130768487
esp32,1787200487212106152
lidar,1787200487230468581
esp32,1787200487312116154
lidar,1787200487330172906
esp32,1787200487412025485
lidar,1787200487429768041
esp32,1787200487512236329
lidar,1787200487529403233
esp32,1787200487612114636
lidar,1787200487629001663
esp32,1787200487712000532
lidar,1787200487728315360
esp32,1787200487812133298
lidar,1787200487828234480
esp32,1787200487912015203
lidar,1787200487927661421
esp32,1787200488012220358
lidar,1787200488027907117
esp32,1787200488112267332
lidar,1787200488128476012
esp32,1787200488211720163
lidar,1787200488229206773
esp32,1787200488312012603
lidar,1787200488330048575
esp32,1787200488412249698
lidar,1787200488430218766
esp32,1787200488512334644
lidar,1787200488531078318
esp32,1787200488611907810
lidar,1787200488631096311
esp32,1787200488712008935
lidar,1787200488731054614
esp32,1787200488811869502
lidar,1787200488830936033
esp32,1787200488911955264
lidar,1787200488930616063
esp32,1787200489012276412
lidar,1787200489030792063
esp32,1787200489111999951
lidar,1787200489130118355
esp32,1787200489212168494
lidar,1787200489229909436
esp32,1787200489312073258
lidar,1787200489329730991
esp32,1787200489412236281
lidar,1787200489429425829
esp32,1787200489512345163
lidar,1787200489529217198
esp32,1787200489612242199
lidar,1787200489629086817
esp32,1787200489712268052
lidar,1787200489728644841
esp32,1787200489812016531
lidar,1787200489828727961
esp32,1787200489912223167
lidar,1787200489928440671
esp32,1787200490012209622
lidar,1787200490028395952
esp32,1787200490112098946
lidar,1787200490128078278
esp32,1787200490212036560
lidar,1787200490227888831
esp32,1787200490312061052
lidar,1787200490328001806
esp32,1787200490412049309
lidar,1787200490428205787
esp32,1787200490512170100
lidar,1787200490527753903
esp32,1787200490611564116
lidar,1787200490627315805
esp32,1787200490712188637
lidar,1787200490727429681
esp32,1787200490812330261
lidar,1787200490827995339
esp32,1787200490912223476
lidar,1787200490927944772
esp32,1787200491012278024
lidar,1787200491027673818
esp32,1787200491112228018
lidar,1787200491127813495
esp32,1787200491212032615
lidar,1787200491227582196
esp32,1787200491312253002
lidar,1787200491327723907
esp32,1787200491412123036
lidar,1787200491427802794
esp32,1787200491512245316
lidar,1787200491527546451
esp32,1787200491612111077
lidar,1787200491627398890
esp32,1787200491712201186
lidar,1787200491726696345
esp32,1787200491812086256
lidar,1787200491827103607
esp32,1787200491912163119
lidar,1787200491926638942
esp32,1787200492012360753
lidar,1787200492026485384
esp32,1787200492112099642
lidar,1787200492126226760
esp32,1787200492212463119
lidar,1787200492225790595
esp32,1787200492312058224
lidar,1787200492326154394
esp32,1787200492412149492
lidar,1787200492426007540
esp32,1787200492512192857
lidar,1787200492525880792
esp32,1787200492611021304
lidar,1787200492625040175
esp32,1787200492711186714
lidar,1787200492725039571
esp32,1787200492811051826
lidar,1787200492824803231
esp32,1787200492911140453
lidar,1787200492924481217
esp32,1787200493012330298
lidar,1787200493025285569
esp32,1787200493112164976
lidar,1787200493125220115
esp32,1787200493211824648
lidar,1787200493225363691
esp32,1787200493311825602
lidar,1787200493325325396
esp32,1787200493412420665
lidar,1787200493424843547
esp32,1787200493512408923
lidar,1787200493524618856
esp32,1787200493611959156
lidar,1787200493624423381
esp32,1787200493711901641
lidar,1787200493724689860
esp32,1787200493812234316
lidar,1787200493824443874
esp32,1787200493911814172
lidar,1787200493924186025
esp32,1787200494011899279
lidar,1787200494024549800
esp32,1787200494111978082
lidar,1787200494124041292
esp32,1787200494212177040
lidar,1787200494224058151
esp32,1787200494312064666
lidar,1787200494323870247
esp32,1787200494412005479
lidar,1787200494423542530
esp32,1787200494512088336
lidar,1787200494523711017
esp32,1787200494611861926
lidar,1787200494623559529
esp32,1787200494711770577
lidar,1787200494723009775
esp32,1787200494811933367
lidar,1787200494823089958
esp32,1787200494912201211
lidar,1787200494922761688
esp32,1787200495011896002
lidar,1787200495022581960
esp32,1787200495111886092
lidar,1787200495122513363
esp32,1787200495211254856
lidar,1787200495222224222
esp32,1787200495312041935
lidar,1787200495321977273
esp32,1787200495411822589
lidar,1787200495421735246
esp32,1787200495512026906
lidar,1787200495521481255
esp32,1787200495611814057
lidar,1787200495621198675
esp32,1787200495711836768
lidar,1787200495721149476
esp32,1787200495811784840
lidar,1787200495821235981
esp32,1787200495911824050
lidar,1787200495921360153
esp32,1787200496012071509
lidar,1787200496021311604
esp32,1787200496111922292
lidar,1787200496121372830
esp32,1787200496211922222
lidar,1787200496221455399
esp32,1787200496311964100
lidar,1787200496321081158
esp32,1787200496411865576
lidar,1787200496420949489
esp32,1787200496511897526
lidar,1787200496521033904
esp32,1787200496610957771
lidar,1787200496620222973
esp32,1787200496711910158
lidar,1787200496720450692
esp32,1787200496812110959
lidar,1787200496820139567
esp32,1787200496911856727
lidar,1787200496919945508
esp32,1787200497011967757
lidar,1787200497019830646
esp32,1787200497111443230
lidar,1787200497119099685
esp32,1787200497211965391
lidar,1787200497219535282
esp32,1787200497312140425
lidar,1787200497318979414
esp32,1787200497411019024
lidar,1787200497418698987
esp32,1787200497512327830
lidar,1787200497518646110
esp32,1787200497611945114
lidar,1787200497618508633
esp32,1787200497712146794
lidar,1787200497718199796
esp32,1787200497811947245
lidar,1787200497817781088
esp32,1787200497912015054
lidar,1787200497917540855
esp32,1787200498012157439
lidar,1787200498017583180
esp32,1787200498112176171
lidar,1787200498117108409
esp32,1787200498211864076
lidar,1787200498216781182
esp32,1787200498312236330
lidar,1787200498316602981
esp32,1787200498412039365
lidar,1787200498416494320
esp32,1787200498512191176
lidar,1787200498516749252
esp32,1787200498612136587
lidar,1787200498617392344
esp32,1787200498711803957
lidar,1787200498717613054
esp32,1787200498812153024
lidar,1787200498818181279
esp32,1787200498911995109
lidar,1787200498918195016
esp32,1787200499012116117
lidar,1787200499018998627
esp32,1787200499111972535
lidar,1787200499119109248
esp32,1787200499211706462
lidar,1787200499219528524
esp32,1787200499312220154
lidar,1787200499319336009
esp32,1787200499411816151
lidar,1787200499418853808
esp32,1787200499512280129
lidar,1787200499519226255
esp32,1787200499611182368
lidar,1787200499618533595
esp32,1787200499711252984
lidar,1787200499718382666
esp32,1787200499811028306
lidar,1787200499818211129
esp32,1787200499911043810
lidar,1787200499918044597
esp32,1787200500012149577
lidar,1787200500018037137
esp32,1787200500112218705
lidar,1787200500118131633
esp32,1787200500211945635
lidar,1787200500218059578
esp32,1787200500311241387
lidar,1787200500317566527
esp32,1787200500411731534
lidar,1787200500417960664
esp32,1787200500511285113
lidar,1787200500517093594
esp32,1787200500611564074
lidar,1787200500617029472
esp32,1787200500711964101
lidar,1787200500717304993
esp32,1787200500812085786
lidar,1787200500816874464
esp32,1787200500912006003
lidar,1787200500916772855
esp32,1787200501012379186
lidar,1787200501016360460
esp32,1787200501112327825
lidar,1787200501116200151
esp32,1787200501212284319
lidar,1787200501216019524
esp32,1787200501312170082
lidar,1787200501315710541
esp32,1787200501412262042
lidar,1787200501415755689
esp32,1787200501511692077
lidar,1787200501515627317
esp32,1787200501611383871
lidar,1787200501615767904
esp32,1787200501712102539
lidar,1787200501715603004
esp32,1787200501812113586
lidar,1787200501815661403
esp32,1787200501911851794
lidar,1787200501915121569
esp32,1787200502012262407
lidar,1787200502014989001
esp32,1787200502112207387
lidar,1787200502114623628
esp32,1787200502212406357
lidar,1787200502214277179
esp32,1787200502311414889
lidar,1787200502313708781
esp32,1787200502412152747
lidar,1787200502413618617
esp32,1787200502512438840
lidar,1787200502513680583
esp32,1787200502611065041
lidar,1787200502612942547
esp32,1787200502711037470
lidar,1787200502712552575
esp32,1787200502811136475
lidar,1787200502812669120
esp32,1787200502910985982
lidar,1787200502912549023
esp32,1787200503012079355
lidar,1787200503013558486
esp32,1787200503111938216
lidar,1787200503113791946
esp32,1787200503212083188
lidar,1787200503213883950
esp32,1787200503311896417
lidar,1787200503314063805
esp32,1787200503411985670
lidar,1787200503414615630
esp32,1787200503512131048
lidar,1787200503514972303
esp32,1787200503612002654
lidar,1787200503615039618
lidar,1787200503715605977
esp32,1787200503731323717
esp32,1787200503812101513
lidar,1787200503814945939
esp32,1787200503912089640
lidar,1787200503914809185
esp32,1787200504012000018
lidar,1787200504014590974
esp32,1787200504112109052
lidar,1787200504114561473
esp32,1787200504212223365
lidar,1787200504213962041
esp32,1787200504311999452
lidar,1787200504313792009
esp32,1787200504411720199
lidar,1787200504413274609
lidar,1787200504513565333
esp32,1787200504531416519
esp32,1787200504612088168
lidar,1787200504613166123
esp32,1787200504712297324
lidar,1787200504713449146
esp32,1787200504811045588
lidar,1787200504812242188
esp32,1787200504912328824
lidar,1787200504913553087
esp32,1787200505011977329
lidar,1787200505012793060
esp32,1787200505111992147
lidar,1787200505113231028
esp32,1787200505212034887
lidar,1787200505213079400
esp32,1787200505311939629
lidar,1787200505312985914
lidar,1787200505411765461
esp32,1787200505412829481
lidar,1787200505511347069
esp32,1787200505512188609
esp32,1787200505611093802
lidar,1787200505611514257
lidar,1787200505711228829
esp32,1787200505712338849
lidar,1787200505810875583
esp32,1787200505812231679
lidar,1787200505910788784
esp32,1787200505911929489
lidar,1787200506010644932
esp32,1787200506011868520
lidar,1787200506110462462
esp32,1787200506111828499
lidar,1787200506210256220
esp32,1787200506211889165
lidar,1787200506310487392
esp32,1787200506311723128
lidar,1787200506410873268
esp32,1787200506411950335
lidar,1787200506511297894
esp32,1787200506512249806
lidar,1787200506611565234
esp32,1787200506612632580
lidar,1787200506711418122
esp32,1787200506712463516
lidar,1787200506811354022
esp32,1787200506812240558
lidar,1787200506911522770
esp32,1787200506912745033
lidar,1787200507011212859
esp32,1787200507012074133
lidar,1787200507111077672
esp32,1787200507112109687
lidar,1787200507210227575
esp32,1787200507211317873
lidar,1787200507310731170
esp32,1787200507311826540
lidar,1787200507410354506
esp32,1787200507411906232
lidar,1787200507509888380
esp32,1787200507511998889
lidar,1787200507609698906
esp32,1787200507611875533
lidar,1787200507709330562
esp32,1787200507711972097
lidar,1787200507808647578
esp32,1787200507811493137
lidar,1787200507908764440
esp32,1787200507911946869
lidar,1787200508008233692
esp32,1787200508011976864
lidar,1787200508108464467
esp32,1787200508118191039
lidar,1787200508207747238
esp32,1787200508211532125
lidar,1787200508307542518
esp32,1787200508311899933
lidar,1787200508407512598
esp32,1787200508411927728
lidar,1787200508507298705
esp32,1787200508512099814
lidar,1787200508607463468
esp32,1787200508611739658
lidar,1787200508707411586
esp32,1787200508711111046
lidar,1787200508808380334
esp32,1787200508811867227
lidar,1787200508908725995
esp32,1787200508911903146
lidar,1787200509008806677
esp32,1787200509011910223
lidar,1787200509109839623
esp32,1787200509111926659
lidar,1787200509210009034
esp32,1787200509211810682
lidar,1787200509310237261
esp32,1787200509311653480
lidar,1787200509410058704
esp32,1787200509411921272
lidar,1787200509510287745
esp32,1787200509511900240
lidar,1787200509610253750
esp32,1787200509611805178
lidar,1787200509709926318
esp32,1787200509711669367
lidar,1787200509810100307
esp32,1787200509811596890
lidar,1787200509910305140
esp32,1787200509911716683
lidar,1787200510010054575
esp32,1787200510011832339
lidar,1787200510109654446
esp32,1787200510111429160
lidar,1787200510209544750
esp32,1787200510211772134
lidar,1787200510309440013
esp32,1787200510311676192
lidar,1787200510408671134
esp32,1787200510411723220
lidar,1787200510508764850
esp32,1787200510511880809
lidar,1787200510608708313
esp32,1787200510611921829
lidar,1787200510708354343
esp32,1787200510711807414
lidar,1787200510808066350
esp32,1787200510811704103
lidar,1787200510907469174
esp32,1787200510910838571
lidar,1787200511007525778
esp32,1787200511011770021
lidar,1787200511107495661
esp32,1787200511111774692
lidar,1787200511207287199
esp32,1787200511211780732
lidar,1787200511306658458
esp32,1787200511311024449
lidar,1787200511406694074
esp32,1787200511411903334
lidar,1787200511506838514
esp32,1787200511511890541
lidar,1787200511606186770
esp32,1787200511611768538
lidar,1787200511705573631
esp32,1787200511711874382
lidar,1787200511805820280
esp32,1787200511810957620
lidar,1787200511905586324
esp32,1787200511911641535
lidar,1787200512005314128
esp32,1787200512011904968
lidar,1787200512105252484
esp32,1787200512111795039
lidar,1787200512205497140
esp32,1787200512211908972
lidar,1787200512305045103
esp32,1787200512311075898
lidar,1787200512405916191
esp32,1787200512411923290
lidar,1787200512506570691
esp32,1787200512512038078
lidar,1787200512606629415
esp32,1787200512610971316
lidar,1787200512706778094
esp32,1787200512710831836
lidar,1787200512806889451
esp32,1787200512810914465
lidar,1787200512907046207
esp32,1787200512911091566
lidar,1787200513007714685
esp32,1787200513011973580
lidar,1787200513107446851
esp32,1787200513111929868
lidar,1787200513206886261
esp32,1787200513211135773
lidar,1787200513307011363
esp32,1787200513311874438
lidar,1787200513407058430
esp32,1787200513411759064
lidar,1787200513507017469
esp32,1787200513511900284
lidar,1787200513606752782
esp32,1787200513611791826
lidar,1787200513706421473
esp32,1787200513711796920
lidar,1787200513806150012
esp32,1787200513811811377
lidar,1787200513906170194
esp32,1787200513911820446
lidar,1787200514005801300
esp32,1787200514011879368
lidar,1787200514105693395
esp32,1787200514111687424
lidar,1787200514205591194
esp32,1787200514211531969
lidar,1787200514305052858
esp32,1787200514310954731
lidar,1787200514405384429
esp32,1787200514411796452
lidar,1787200514505097215
esp32,1787200514512049687
lidar,1787200514604728341
esp32,1787200514612779647
lidar,1787200514704572448
esp32,1787200514711841643
lidar,1787200514804623061
esp32,1787200514812221549
lidar,1787200514904400506
esp32,1787200514911918276
lidar,1787200515004010795
esp32,1787200515011910511
lidar,1787200515103794453
esp32,1787200515111550530
lidar,1787200515203761323
esp32,1787200515211881344
lidar,1787200515303900895
esp32,1787200515311956966
lidar,1787200515403730374
esp32,1787200515411568089
lidar,1787200515503789234
esp32,1787200515511955674
lidar,1787200515603974876
esp32,1787200515611797609
lidar,1787200515704017962
esp32,1787200515711893783
lidar,1787200515807294735
esp32,1787200515811819994
lidar,1787200515904475038
esp32,1787200515911870868
lidar,1787200516004660639
esp32,1787200516012072930
lidar,1787200516104703917
esp32,1787200516111768860
lidar,1787200516204637070
esp32,1787200516212002961
lidar,1787200516304390182
esp32,1787200516311765471
lidar,1787200516404097524
esp32,1787200516411813150
lidar,1787200516503237636
esp32,1787200516511869385
lidar,1787200516602435876
esp32,1787200516611887638
lidar,1787200516701774942
esp32,1787200516711822813
lidar,1787200516801142285
esp32,1787200516811908913
lidar,1787200516900201695
esp32,1787200516911879730
lidar,1787200516999021251
esp32,1787200517011770752
lidar,1787200517098480074
esp32,1787200517111765187
lidar,1787200517197260974
esp32,1787200517211689794
lidar,1787200517296201917
esp32,1787200517312073940
lidar,1787200517395593030
esp32,1787200517412003876
lidar,1787200517495100616
esp32,1787200517512239428
lidar,1787200517594710991
esp32,1787200517612165707
lidar,1787200517694646198
esp32,1787200517712028947
lidar,1787200517794642954
esp32,1787200517811864248
lidar,1787200517894382216
esp32,1787200517911751908
lidar,1787200517994256065
esp32,1787200518012029761
lidar,1787200518093827914
esp32,1787200518111794724
lidar,1787200518193350787
esp32,1787200518212003424
lidar,1787200518293601811
esp32,1787200518311994910
lidar,1787200518393278235
esp32,1787200518411988069
lidar,1787200518492883511
esp32,1787200518512073161
lidar,1787200518592892038
esp32,1787200518612162361
lidar,1787200518692527271
esp32,1787200518711937056
lidar,1787200518792605497
esp32,1787200518811999740
lidar,1787200518892636150
esp32,1787200518912314848
lidar,1787200518992955368
esp32,1787200519012003258
lidar,1787200519093942109
esp32,1787200519112181960
lidar,1787200519194431774
esp32,1787200519211879372
lidar,1787200519294475593
esp32,1787200519311810545
lidar,1787200519395024714
esp32,1787200519411714204
lidar,1787200519495899995
esp32,1787200519512122852
lidar,1787200519595929884
esp32,1787200519612138148
lidar,1787200519695545651
esp32,1787200519711799512
lidar,1787200519795454211
esp32,1787200519812211628
lidar,1787200519895244343
esp32,1787200519912312162
lidar,1787200519995006988
esp32,1787200520012708917
lidar,1787200520094959436
esp32,1787200520110900777
lidar,1787200520195283185
esp32,1787200520212113247
lidar,1787200520295430997
esp32,1787200520312216286
lidar,1787200520395441402
esp32,1787200520412168028
lidar,1787200520495203038
esp32,1787200520512211644
lidar,1787200520594704142
esp32,1787200520612103095
lidar,1787200520694598025
esp32,1787200520712068109
lidar,1787200520794364704
esp32,1787200520812006599
lidar,1787200520894507738
esp32,1787200520912008877
lidar,1787200520993884554
esp32,1787200521011138085
lidar,1787200521093364708
esp32,1787200521111957129
lidar,1787200521193144857
esp32,1787200521212097749
lidar,1787200521292724056
esp32,1787200521311782477
lidar,1787200521392016400
esp32,1787200521411640002
lidar,1787200521492090186
esp32,1787200521512100927
lidar,1787200521591900223
esp32,1787200521611983039
lidar,1787200521691618429
esp32,1787200521712097838
lidar,1787200521792036092
esp32,1787200521812119978
lidar,1787200521891519210
esp32,1787200521912201952
lidar,1787200521991305381
esp32,1787200522011943306
lidar,1787200522091216947
esp32,1787200522111957555
lidar,1787200522191203140
esp32,1787200522212153541
lidar,1787200522290881300
esp32,1787200522311429074
lidar,1787200522390814659
esp32,1787200522411961342
lidar,1787200522490674517
esp32,1787200522512231556
lidar,1787200522590470880
esp32,1787200522611050754
lidar,1787200522690332458
esp32,1787200522711112345
lidar,1787200522790601136
esp32,1787200522811068446
lidar,1787200522890456824
esp32,1787200522910924702
lidar,1787200522991385181
esp32,1787200523012172363
lidar,1787200523091638470
esp32,1787200523111953970
lidar,1787200523191811516
esp32,1787200523212110702
lidar,1787200523292093219
esp32,1787200523312364995
lidar,1787200523392036933
esp32,1787200523412122720
lidar,1787200523491766377
esp32,1787200523511894064
lidar,1787200523591982749
esp32,1787200523611945623
lidar,1787200523691443436
esp32,1787200523711953173
lidar,1787200523791284036
esp32,1787200523812057485
lidar,1787200523890839088
esp32,1787200523912244642
lidar,1787200523990239062
esp32,1787200524012157781
lidar,1787200524090166831
esp32,1787200524112046670
lidar,1787200524190184518
esp32,1787200524212033790
lidar,1787200524290184251
esp32,1787200524312287948
lidar,1787200524389682211
esp32,1787200524412108490
lidar,1787200524489482073
esp32,1787200524512237648
lidar,1787200524589623846
esp32,1787200524612118781
lidar,1787200524689115756
esp32,1787200524711939007
lidar,1787200524789299814
esp32,1787200524811922235
lidar,1787200524888786506
esp32,1787200524912131849
lidar,1787200524988109968
esp32,1787200525012157975
lidar,1787200525088200616
esp32,1787200525111958898
lidar,1787200525187629655
esp32,1787200525212105928
lidar,1787200525287671975
esp32,1787200525312040892
lidar,1787200525387190364
esp32,1787200525412033488
lidar,1787200525487029830
esp32,1787200525512277891
lidar,1787200525587519149
esp32,1787200525631464588
lidar,1787200525687861928
esp32,1787200525711948237
lidar,1787200525788560974
esp32,1787200525811951204
lidar,1787200525888976883
esp32,1787200525912078338
lidar,1787200525989274527
esp32,1787200526011846628
lidar,1787200526090024339
esp32,1787200526111823813
lidar,1787200526190537615
esp32,1787200526211670237
lidar,1787200526290952978
esp32,1787200526312022839
lidar,1787200526391051611
esp32,1787200526411766007
lidar,1787200526491224905
esp32,1787200526512226213
lidar,1787200526591032490
esp32,1787200526611529288
lidar,1787200526690751779
esp32,1787200526711775015
lidar,1787200526790684593
esp32,1787200526812016185
lidar,1787200526890259184
esp32,1787200526911774527
lidar,1787200526989604971
esp32,1787200527011940846
lidar,1787200527089235123
esp32,1787200527111069280
lidar,1787200527188911081
esp32,1787200527211770116
lidar,1787200527288413554
esp32,1787200527311928321
lidar,1787200527388357997
esp32,1787200527412125712
lidar,1787200527488349298
esp32,1787200527512279854
lidar,1787200527587550015
esp32,1787200527612163077
lidar,1787200527687406366
esp32,1787200527712032366
lidar,1787200527787410941
esp32,1787200527812321708
lidar,1787200527887430887
esp32,1787200527912081781
lidar,1787200527986581825
esp32,1787200528012112455
lidar,1787200528086521480
esp32,1787200528111965542
lidar,1787200528186315198
esp32,1787200528211914101
lidar,1787200528286476043
esp32,1787200528311940698
lidar,1787200528386675290
esp32,1787200528411947300
lidar,1787200528487349656
esp32,1787200528512260997
lidar,1787200528588064135
esp32,1787200528612308395
lidar,1787200528688807346
esp32,1787200528712075883
lidar,1787200528789210629
esp32,1787200528811901064
lidar,1787200528889609543
esp32,1787200528912175247
lidar,1787200528989777271
esp32,1787200529012190585
lidar,1787200529089343936
esp32,1787200529112061397
lidar,1787200529189698629
esp32,1787200529212094563
lidar,1787200529289697830
esp32,1787200529312032962
lidar,1787200529388911084
esp32,1787200529412042111
lidar,1787200529489305223
esp32,1787200529512262591
lidar,1787200529589285249
esp32,1787200529612094490
lidar,1787200529689238607
esp32,1787200529712121004
lidar,1787200529789175229
esp32,1787200529812035408
lidar,1787200529888821890
esp32,1787200529912092062
lidar,1787200529988963853
esp32,1787200530012172230
lidar,1787200530088811506
esp32,1787200530112162154
lidar,1787200530188788095
esp32,1787200530212204884
lidar,1787200530288429051
esp32,1787200530312297341
lidar,1787200530388418692
esp32,1787200530412135661
lidar,1787200530488430036
esp32,1787200530512188293
lidar,1787200530588482954
esp32,1787200530612057665
lidar,1787200530688073664
esp32,1787200530712051939
lidar,1787200530788105630
esp32,1787200530811902085
lidar,1787200530887758227
esp32,1787200530912036412
lidar,1787200530987298773
esp32,1787200531011881777
lidar,1787200531087387187
esp32,1787200531112033727
lidar,1787200531186814119
esp32,1787200531211846041
lidar,1787200531286532249
esp32,1787200531312170412
lidar,1787200531386293859
esp32,1787200531412180360
lidar,1787200531486037076
esp32,1787200531512195369
lidar,1787200531585815667
esp32,1787200531611991489
lidar,1787200531685493993
esp32,1787200531712263118
lidar,1787200531785183359
esp32,1787200531812175934
lidar,1787200531884924006
esp32,1787200531912291797
lidar,1787200531984336269
esp32,1787200532012301078
lidar,1787200532084318485
esp32,1787200532112115938
lidar,1787200532184012283
esp32,1787200532211753460
lidar,1787200532284274591
esp32,1787200532312269804
lidar,1787200532384511067
esp32,1787200532412170679
lidar,1787200532485149278
esp32,1787200532512405730
lidar,1787200532585512940
esp32,1787200532611193935
lidar,1787200532685517075
esp32,1787200532711179887
lidar,1787200532786035142
esp32,1787200532811109521
lidar,1787200532885873861
esp32,1787200532911248312
lidar,1787200532986543932
esp32,1787200533012267865
lidar,1787200533086169464
esp32,1787200533112142474
lidar,1787200533185627460
esp32,1787200533211987470
lidar,1787200533285775399
esp32,1787200533312082513
lidar,1787200533385384847
esp32,1787200533412163299
lidar,1787200533485451249
esp32,1787200533531567226
lidar,1787200533585183630
esp32,1787200533612131745
lidar,1787200533685239754
esp32,1787200533711903803
lidar,1787200533785011584
esp32,1787200533812270239
lidar,1787200533884503015
esp32,1787200533912244930
lidar,1787200533984431754
esp32,1787200534012159322
lidar,1787200534084539503
esp32,1787200534112204122
lidar,1787200534184001444
esp32,1787200534212307891
lidar,1787200534283549770
esp32,1787200534312252063
lidar,1787200534383150471
esp32,1787200534412275051
lidar,1787200534482867263
esp32,1787200534512387601
lidar,1787200534582820388
esp32,1787200534612244914
lidar,1787200534682592764
esp32,1787200534712224311
lidar,1787200534782417462
esp32,1787200534812163936
lidar,1787200534882393942
esp32,1787200534912277238
lidar,1787200534982120566
esp32,1787200535012134214
lidar,1787200535081567569
esp32,1787200535112117538
lidar,1787200535181946077
esp32,1787200535212355528
lidar,1787200535281256628
esp32,1787200535312066431
lidar,1787200535380765078
esp32,1787200535412053554
lidar,1787200535480581174
esp32,1787200535512202294
lidar,1787200535580263536
esp32,1787200535612159945
lidar,1787200535680129471
esp32,1787200535712051673
lidar,1787200535780587970
esp32,1787200535812176081
lidar,1787200535880792705
esp32,1787200535912073115
lidar,1787200535981027127
esp32,1787200536012064889
lidar,1787200536082082637
esp32,1787200536112167893
lidar,1787200536182609038
esp32,1787200536212159286
lidar,1787200536282464704
esp32,1787200536312190603
lidar,1787200536382830424
esp32,1787200536412042690
lidar,1787200536482864983
esp32,1787200536511949796
lidar,1787200536582727171
esp32,1787200536611650930
lidar,1787200536682524480
esp32,1787200536712045915
lidar,1787200536782296162
esp32,1787200536812170919
lidar,1787200536881943713
esp32,1787200536912116801
lidar,1787200536981717919
esp32,1787200537012071505
lidar,1787200537081554412
esp32,1787200537111981299
lidar,1787200537180834541
esp32,1787200537211975681
lidar,1787200537280829055
esp32,1787200537311910400
lidar,1787200537380259752
esp32,1787200537411867690
lidar,1787200537479990382
esp32,1787200537512323696
lidar,1787200537579884856
esp32,1787200537612157253
lidar,1787200537679797051
esp32,1787200537712284722
lidar,1787200537779545887
esp32,1787200537812286644
lidar,1787200537879367143
esp32,1787200537912002857
lidar,1787200537978988347
esp32,1787200538011994504
lidar,1787200538078880616
esp32,1787200538112164214
lidar,1787200538178855553
esp32,1787200538212263659
lidar,1787200538279007266
esp32,1787200538312260746
lidar,1787200538379351118
esp32,1787200538412163321
lidar,1787200538479267802
esp32,1787200538512117103
lidar,1787200538579870741
esp32,1787200538611320596
lidar,1787200538680265290
esp32,1787200538711058900
lidar,1787200538781149457
esp32,1787200538811071841
lidar,1787200538881296979
esp32,1787200538911313536
lidar,1787200538981529352
esp32,1787200539011053299
lidar,1787200539081350519
esp32,1787200539111084930
lidar,1787200539180931297
esp32,1787200539211235567
lidar,1787200539280760970
esp32,1787200539311185456
lidar,1787200539380648003
esp32,1787200539412011374
lidar,1787200539480534124
esp32,1787200539512151941
lidar,1787200539579929523
esp32,1787200539611049342
lidar,1787200539680097987
esp32,1787200539711257494
lidar,1787200539779948099
esp32,1787200539811789723
lidar,1787200539879991922
esp32,1787200539911921121
lidar,1787200539979987920
esp32,1787200540011986997
lidar,1787200540079560432
esp32,1787200540111944821
lidar,1787200540178977847
esp32,1787200540211587533
lidar,1787200540278860660
esp32,1787200540311071626
lidar,1787200540378518341
esp32,1787200540411464680
lidar,1787200540478475000
esp32,1787200540511113011
lidar,1787200540578132177
esp32,1787200540611119220
lidar,1787200540677980850
esp32,1787200540711154948
lidar,1787200540778002131
esp32,1787200540831455635
lidar,1787200540877704278
esp32,1787200540912193673
lidar,1787200540977061782
esp32,1787200541011660470
lidar,1787200541077253831
esp32,1787200541111416344
lidar,1787200541178118267
esp32,1787200541211856312
lidar,1787200541278168424
esp32,1787200541311128254
lidar,1787200541378422481
esp32,1787200541411810349
lidar,1787200541478777356
esp32,1787200541511468116
lidar,1787200541579356516
esp32,1787200541611678291
lidar,1787200541679427607
esp32,1787200541711768462
lidar,1787200541779672524
esp32,1787200541811954377
lidar,1787200541879739267
esp32,1787200541911774380
lidar,1787200541979894752
esp32,1787200542012123935
lidar,1787200542079617110
esp32,1787200542112092228
lidar,1787200542179551965
esp32,1787200542211956813
lidar,1787200542279294343
esp32,1787200542312186147
lidar,1787200542378646462
esp32,1787200542412150213
lidar,1787200542478225013
esp32,1787200542512117215
lidar,1787200542578340970
esp32,1787200542612028088
lidar,1787200542677716400
esp32,1787200542710934649
lidar,1787200542777937447
esp32,1787200542811981174
lidar,1787200542877205191
esp32,1787200542911877747
lidar,1787200542977170672
esp32,1787200543012386593
lidar,1787200543076829136
esp32,1787200543112263924
lidar,1787200543176610408
esp32,1787200543212108381
lidar,1787200543276223148
esp32,1787200543312083314
lidar,1787200543376120648
esp32,1787200543412103158
lidar,1787200543476543989
esp32,1787200543512198786
lidar,1787200543576855561
esp32,1787200543612115464
lidar,1787200543677107208
esp32,1787200543712120334
lidar,1787200543777444375
esp32,1787200543812057708
lidar,1787200543877449947
esp32,1787200543912123565
lidar,1787200543978128911
esp32,1787200544012164307
lidar,1787200544077967689
esp32,1787200544112437911
lidar,1787200544177705071
esp32,1787200544212072901
lidar,1787200544277350771
esp32,1787200544312614147
lidar,1787200544377032601
esp32,1787200544412184773
lidar,1787200544476873917
esp32,1787200544511721926
lidar,1787200544576717842
esp32,1787200544611874984
lidar,1787200544676055017
esp32,1787200544711960471
lidar,1787200544775808732
esp32,1787200544812075889
lidar,1787200544875595611
esp32,1787200544911764604
lidar,1787200544975242172
esp32,1787200545012223964
lidar,1787200545075022732
esp32,1787200545112220397
lidar,1787200545174581881
esp32,1787200545212251399
lidar,1787200545274480266
esp32,1787200545312228223
lidar,1787200545373829141
esp32,1787200545411971526
lidar,1787200545474344194
esp32,1787200545512281157
lidar,1787200545574258038
esp32,1787200545612018523
lidar,1787200545674605591
esp32,1787200545711962359
lidar,1787200545775622572
esp32,1787200545812208222
lidar,1787200545875992422
esp32,1787200545912108909
lidar,1787200545976393684
esp32,1787200546012119371
lidar,1787200546076843554
esp32,1787200546112206315
lidar,1787200546177240950
esp32,1787200546212202745
lidar,1787200546277318677
esp32,1787200546312195653
lidar,1787200546377098301
esp32,1787200546412179883
lidar,1787200546477102416
esp32,1787200546512036571
lidar,1787200546577176113
esp32,1787200546612227964
lidar,1787200546676901427
esp32,1787200546712177302
lidar,1787200546777072390
esp32,1787200546812174207
lidar,1787200546877040803
esp32,1787200546912207819
lidar,1787200546976853350
esp32,1787200547012385584
lidar,1787200547076629731
esp32,1787200547112105810
lidar,1787200547176485215
esp32,1787200547212128718
lidar,1787200547276283664
esp32,1787200547312055590
lidar,1787200547375871597
esp32,1787200547411857505
lidar,1787200547475952729
esp32,1787200547512312597
lidar,1787200547575576603
esp32,1787200547611347519
lidar,1787200547675490876
esp32,1787200547712225939
lidar,1787200547775063312
esp32,1787200547812235475
lidar,1787200547875034288
esp32,1787200547912218262
lidar,1787200547974117465
esp32,1787200548012205803
lidar,1787200548074065262
esp32,1787200548112241893
lidar,1787200548173650181
esp32,1787200548212260379
lidar,1787200548273568479
esp32,1787200548311935940
lidar,1787200548372702062
esp32,1787200548411776980
lidar,1787200548472433339
esp32,1787200548511999615
lidar,1787200548572438920
esp32,1787200548611842120
lidar,1787200548672336980
esp32,1787200548731432910
lidar,1787200548772492968
esp32,1787200548812253171
lidar,1787200548872846724
esp32,1787200548912167741
lidar,1787200548973104417
esp32,1787200549011924750
lidar,1787200549073776667
esp32,1787200549112004612
lidar,1787200549174442621
esp32,1787200549211915903
lidar,1787200549275139195
esp32,1787200549312294576
lidar,1787200549375888560
esp32,1787200549411764086
lidar,1787200549476205754
esp32,1787200549512278200
lidar,1787200549575982491
esp32,1787200549611849468
lidar,1787200549675663120
esp32,1787200549712103220
lidar,1787200549775852889
esp32,1787200549812193148
lidar,1787200549875492755
esp32,1787200549911917175
lidar,1787200549975369695
esp32,1787200550012048948
lidar,1787200550075347040
esp32,1787200550111884322
lidar,1787200550174995445
esp32,1787200550211842961
lidar,1787200550274990536
esp32,1787200550312003871
lidar,1787200550374787305
esp32,1787200550412061035
lidar,1787200550474579991
esp32,1787200550512215751
lidar,1787200550574463747
esp32,1787200550611975890
lidar,1787200550674338658
esp32,1787200550712000300
lidar,1787200550774098711
esp32,1787200550811989459
lidar,1787200550873612660
esp32,1787200550912109068
lidar,1787200550972859193
esp32,1787200551012158481
lidar,1787200551071861857
esp32,1787200551112098332
lidar,1787200551171187257
esp32,1787200551212115383
lidar,1787200551270548853
esp32,1787200551312049915
lidar,1787200551370067683
esp32,1787200551412250796
lidar,1787200551469484142
esp32,1787200551512150456
lidar,1787200551569706253
esp32,1787200551612231336
lidar,1787200551669486452
esp32,1787200551712026714
lidar,1787200551769574357
esp32,1787200551812112479
lidar,1787200551869265775
esp32,1787200551912163281
lidar,1787200551969237108
esp32,1787200552012247678
lidar,1787200552069235101
esp32,1787200552111894160
lidar,1787200552169201181
esp32,1787200552212033863
lidar,1787200552268848659
esp32,1787200552311901285
lidar,1787200552369319957
esp32,1787200552411967817
lidar,1787200552469151186
esp32,1787200552512277808
lidar,1787200552569172382
esp32,1787200552612093578
lidar,1787200552669166032
esp32,1787200552711928938
lidar,1787200552769376395
esp32,1787200552812101663
lidar,1787200552869357057
esp32,1787200552912415852
lidar,1787200552969238928
esp32,1787200553012308508
lidar,1787200553068900828
esp32,1787200553111839453
lidar,1787200553168675813
esp32,1787200553211888128
lidar,1787200553268526314
esp32,1787200553312018764
lidar,1787200553368082074
esp32,1787200553412026598
lidar,1787200553468234084
esp32,1787200553511974537
lidar,1787200553568228237
esp32,1787200553612189891
lidar,1787200553667322964
esp32,1787200553712207197
lidar,1787200553767380543
esp32,1787200553812227381
lidar,1787200553866762651
esp32,1787200553912204464
lidar,1787200553966494240
esp32,1787200554012232834
lidar,1787200554066212413
esp32,1787200554112159638
lidar,1787200554166165514
esp32,1787200554211868912
lidar,1787200554265923659
esp32,1787200554312075092
lidar,1787200554365424514
esp32,1787200554412138289
lidar,1787200554464991087
esp32,1787200554512176918
lidar,1787200554564730497
esp32,1787200554612226867
lidar,1787200554665302278
esp32,1787200554711559517
lidar,1787200554765315945
esp32,1787200554812143268
lidar,1787200554865455394
esp32,1787200554911918557
lidar,1787200554965976258
esp32,1787200555011919227
lidar,1787200555066369742
esp32,1787200555111979186
lidar,1787200555166388637
esp32,1787200555212060758
lidar,1787200555267127617
esp32,1787200555312095329
lidar,1787200555367744738
esp32,1787200555411931680
lidar,1787200555467797050
esp32,1787200555512136810
lidar,1787200555567947355
esp32,1787200555612066813
lidar,1787200555668022304
esp32,1787200555711886344
lidar,1787200555767773200
esp32,1787200555812279898
lidar,1787200555867523751
esp32,1787200555912285012
lidar,1787200555966990903
esp32,1787200556051970788
lidar,1787200556066936955
esp32,1787200556111903179
lidar,1787200556166708444
esp32,1787200556212091245
lidar,1787200556266618487
esp32,1787200556312048375
lidar,1787200556366560564
esp32,1787200556412106008
lidar,1787200556466626384
esp32,1787200556512016877
lidar,1787200556566559749
esp32,1787200556612096549
lidar,1787200556666578958
esp32,1787200556711940410
lidar,1787200556766067723
esp32,1787200556811899316
lidar,1787200556866026552
esp32,1787200556911907617
lidar,1787200556965835142
esp32,1787200557012348842
lidar,1787200557065312198
esp32,1787200557111737216
lidar,1787200557165382215
esp32,1787200557212287671
lidar,1787200557264625399
esp32,1787200557312064111
lidar,1787200557364170657
esp32,1787200557411962864
lidar,1787200557463710731
esp32,1787200557512115529
lidar,1787200557563314226
esp32,1787200557612178658
lidar,1787200557663606102
esp32,1787200557712153780
lidar,1787200557763442978
esp32,1787200557812170139
lidar,1787200557863141165
esp32,1787200557912148922
lidar,1787200557962969186
esp32,1787200558012017995
lidar,1787200558062804897
esp32,1787200558112278863
lidar,1787200558162573383
esp32,1787200558212271780
lidar,1787200558262010773
esp32,1787200558312402700
lidar,1787200558362059559
esp32,1787200558412177719
lidar,1787200558461630729
esp32,1787200558511968098
lidar,1787200558561271524
esp32,1787200558611865131
lidar,1787200558661877636
esp32,1787200558711945509
lidar,1787200558761730594
esp32,1787200558812461774
lidar,1787200558862182900
esp32,1787200558911862703
lidar,1787200558962317408
esp32,1787200559011849570
lidar,1787200559062560301
esp32,1787200559112083435
lidar,1787200559162899402
esp32,1787200559211938302
lidar,1787200559263044138
esp32,1787200559312204926
lidar,1787200559363028262
esp32,1787200559412081976
lidar,1787200559462963036
esp32,1787200559512173203
lidar,1787200559562790447
esp32,1787200559611847598
lidar,1787200559662654492
esp32,1787200559712174546
lidar,1787200559762532685
esp32,1787200559812142553
lidar,1787200559862746788
esp32,1787200559912079137
lidar,1787200559962591378
esp32,1787200560012010173
lidar,1787200560062166507
esp32,1787200560112170180
lidar,1787200560162516442
esp32,1787200560212290826
lidar,1787200560262057897
esp32,1787200560312248956
lidar,1787200560361799393
esp32,1787200560412235508
lidar,1787200560461636685
esp32,1787200560512104690
lidar,1787200560561398125
esp32,1787200560612058156
lidar,1787200560661441124
esp32,1787200560711953816
lidar,1787200560761619249
esp32,1787200560812107758
lidar,1787200560861715151
esp32,1787200560912219454
lidar,1787200560961265403
esp32,1787200561012351359
lidar,1787200561060979304
esp32,1787200561112112110
lidar,1787200561160800138
esp32,1787200561212206656
lidar,1787200561260589221
esp32,1787200561312202806
lidar,1787200561360247362
esp32,1787200561412063677
lidar,1787200561459920111
esp32,1787200561512361444
lidar,1787200561559644625
esp32,1787200561612122793
lidar,1787200561659315119
esp32,1787200561712268158
lidar,1787200561759008934
esp32,1787200561812317509
lidar,1787200561859101432
esp32,1787200561912416810
lidar,1787200561958826915
esp32,1787200562012299954
lidar,1787200562058745523
esp32,1787200562112316960
lidar,1787200562158624057
esp32,1787200562212078060
lidar,1787200562258192095
esp32,1787200562312209862
lidar,1787200562357672246
esp32,1787200562412274748
lidar,1787200562457703027
esp32,1787200562512225015
lidar,1787200562557087620
esp32,1787200562612097523
lidar,1787200562656958122
esp32,1787200562712275689
lidar,1787200562756549270
esp32,1787200562812181956
lidar,1787200562856487793
esp32,1787200562912251618
lidar,1787200562956336412
esp32,1787200563012228151
lidar,1787200563056030829
esp32,1787200563112050925
lidar,1787200563155882041
esp32,1787200563212145985
lidar,1787200563255808757
esp32,1787200563311930700
lidar,1787200563356228473
esp32,1787200563412073440
lidar,1787200563456646872
esp32,1787200563512197858
lidar,1787200563557081615
esp32,1787200563612047828
lidar,1787200563656999149
esp32,1787200563712052267
lidar,1787200563758100888
esp32,1787200563812059242
lidar,1787200563858725860
esp32,1787200563912235346
lidar,1787200563959054196
esp32,1787200564012336022
lidar,1787200564058974343
esp32,1787200564112055625
lidar,1787200564159084543
esp32,1787200564212305261
lidar,1787200564258865721
esp32,1787200564312176718
lidar,1787200564358815991
esp32,1787200564412158442
lidar,1787200564458531820
esp32,1787200564512302864
lidar,1787200564558156776
esp32,1787200564612142191
lidar,1787200564658220578
esp32,1787200564712289722
lidar,1787200564758046143
esp32,1787200564812021654
lidar,1787200564858231808
esp32,1787200564912002073
lidar,1787200564957915256
esp32,1787200565011871542
lidar,1787200565057657421
esp32,1787200565111999557
lidar,1787200565157893819
esp32,1787200565212257402
lidar,1787200565257468650
esp32,1787200565311873869
lidar,1787200565357244623
esp32,1787200565412145056
lidar,1787200565456899664
esp32,1787200565512187205
lidar,1787200565556517229
esp32,1787200565612112166
lidar,1787200565656141426
esp32,1787200565711850703
lidar,1787200565756097594
esp32,1787200565812116113
lidar,1787200565855847936
esp32,1787200565931532288
lidar,1787200565955632385
esp32,1787200566012402429
lidar,1787200566055274479
esp32,1787200566112191125
lidar,1787200566155420678
esp32,1787200566212179730
lidar,1787200566255127111
esp32,1787200566312098307
lidar,1787200566355413283
esp32,1787200566412065243
lidar,1787200566454928753
esp32,1787200566513009248
lidar,1787200566554842902
esp32,1787200566612126107
lidar,1787200566654365927
esp32,1787200566712132208
lidar,1787200566753911183
esp32,1787200566812107626
lidar,1787200566853940560
esp32,1787200566912174946
lidar,1787200566953358054
esp32,1787200567012278186
lidar,1787200567053203406
esp32,1787200567112095278
lidar,1787200567152615099
esp32,1787200567212137828
lidar,1787200567252435782
esp32,1787200567312175792
lidar,1787200567352139029
esp32,1787200567412152822
lidar,1787200567451740374
esp32,1787200567512067398
lidar,1787200567551503831
esp32,1787200567612140856
lidar,1787200567651882647
esp32,1787200567711659428
lidar,1787200567752213680
esp32,1787200567812228021
lidar,1787200567852985996
esp32,1787200567912366656
lidar,1787200567953238572
esp32,1787200568012369793
lidar,1787200568054293579
esp32,1787200568112113823
lidar,1787200568154624884
esp32,1787200568212151233
lidar,1787200568254790431
esp32,1787200568312206995
lidar,1787200568355134875
esp32,1787200568412111032
lidar,1787200568454761933
esp32,1787200568512234724
lidar,1787200568554708668
esp32,1787200568612115888
lidar,1787200568654331455
esp32,1787200568711863660
lidar,1787200568753938128
esp32,1787200568812102766
lidar,1787200568854013696
esp32,1787200568912260670
lidar,1787200568953782506
esp32,1787200569011831464
lidar,1787200569053348130
esp32,1787200569112146189
lidar,1787200569153171580
esp32,1787200569211793251
lidar,1787200569252625167
esp32,1787200569311866191
lidar,1787200569352415362
esp32,1787200569411975201
lidar,1787200569452482074
esp32,1787200569512033055
lidar,1787200569552159550
esp32,1787200569612152347
lidar,1787200569652019268
esp32,1787200569712235041
lidar,1787200569751850952
esp32,1787200569812125078
lidar,1787200569852030228
esp32,1787200569912033755
lidar,1787200569951835034
esp32,1787200570012173758
lidar,1787200570051828266
esp32,1787200570111925381
lidar,1787200570151589215
esp32,1787200570212265671
lidar,1787200570251426031
esp32,1787200570312274728
lidar,1787200570351277549
esp32,1787200570412334350
lidar,1787200570450996906
esp32,1787200570512270145
lidar,1787200570550870174
esp32,1787200570611991720
lidar,1787200570650611326
esp32,1787200570712191883
lidar,1787200570750424968
esp32,1787200570812244709
lidar,1787200570849902080
esp32,1787200570911929866
lidar,1787200570949850547
esp32,1787200571012338147
lidar,1787200571049267275
esp32,1787200571111945263
lidar,1787200571149259344
esp32,1787200571212005089
lidar,1787200571249346737
esp32,1787200571311983704
lidar,1787200571349852092
esp32,1787200571411910971
lidar,1787200571449684128
esp32,1787200571512230424
lidar,1787200571550190296
esp32,1787200571611920209
lidar,1787200571650775706
esp32,1787200571712077849
lidar,1787200571750742300
esp32,1787200571811891671
lidar,1787200571851114925
esp32,1787200571912161707
lidar,1787200571951103797
esp32,1787200572013133023
lidar,1787200572051138707
esp32,1787200572112116261
lidar,1787200572150782069
esp32,1787200572212004126
lidar,1787200572250352149
esp32,1787200572311068158
lidar,1787200572350620905
esp32,1787200572412050833
lidar,1787200572450666877
esp32,1787200572512303259
lidar,1787200572550772766
esp32,1787200572612157347
lidar,1787200572650645225
esp32,1787200572712159523
lidar,1787200572750274919
esp32,1787200572812093886
lidar,1787200572850408369
esp32,1787200572912113709
lidar,1787200572950088420
esp32,1787200573012331113
lidar,1787200573049490817
esp32,1787200573112177537
lidar,1787200573149274663
esp32,1787200573212370529
lidar,1787200573249397639
esp32,1787200573311940062
lidar,1787200573349605190
esp32,1787200573411895015
lidar,1787200573450115493
esp32,1787200573512212098
lidar,1787200573550145231
esp32,1787200573611958679
lidar,1787200573650626531
esp32,1787200573711939561
lidar,1787200573750878404
esp32,1787200573812109421
lidar,1787200573851130427
esp32,1787200573912042373
lidar,1787200573951464158
esp32,1787200574012210524
lidar,1787200574051879359
esp32,1787200574112046377
lidar,1787200574152019094
esp32,1787200574211993887
lidar,1787200574252053491
esp32,1787200574312197814
lidar,1787200574352195989
esp32,1787200574412244236
lidar,1787200574451816696
esp32,1787200574512405406
lidar,1787200574552085212
esp32,1787200574612078447
lidar,1787200574651731701
esp32,1787200574712180730
lidar,1787200574751354912
esp32,1787200574812222895
lidar,1787200574851267783
esp32,1787200574912025555
lidar,1787200574951121615
esp32,1787200575012298376
lidar,1787200575050756099
esp32,1787200575112067529
lidar,1787200575150746452
esp32,1787200575212031550
lidar,1787200575250471526
esp32,1787200575312126286
lidar,1787200575350408039
esp32,1787200575412459702
lidar,1787200575450348315
esp32,1787200575512251533
lidar,1787200575549984893
esp32,1787200575611915050
lidar,1787200575649919194
esp32,1787200575711927373
lidar,1787200575749523621
esp32,1787200575811115394
lidar,1787200575849499317
esp32,1787200575912059780
lidar,1787200575949271587
esp32,1787200576012303758
lidar,1787200576049195035
esp32,1787200576112082113
lidar,1787200576148935529
esp32,1787200576212290775
lidar,1787200576248939723
esp32,1787200576312222292
lidar,1787200576348840861
esp32,1787200576412140382
lidar,1787200576448470458
esp32,1787200576512201938
lidar,1787200576548173552
esp32,1787200576612350045
lidar,1787200576648004421
esp32,1787200576712208231
lidar,1787200576747837550
esp32,1787200576812345605
lidar,1787200576847522870
esp32,1787200576912159448
lidar,1787200576947409700
esp32,1787200577012048915
lidar,1787200577047038253
esp32,1787200577112205426
lidar,1787200577147166194
esp32,1787200577212117885
lidar,1787200577247176400
esp32,1787200577312121288
lidar,1787200577347323541
esp32,1787200577412007194
lidar,1787200577447776792
esp32,1787200577512106155
lidar,1787200577548068430
esp32,1787200577612032077
lidar,1787200577648823512
esp32,1787200577712157122
lidar,1787200577749088578
esp32,1787200577812326203
lidar,1787200577849227717
esp32,1787200577912229013
lidar,1787200577949666807
esp32,1787200578012148740
lidar,1787200578049991345
esp32,1787200578112112436
lidar,1787200578149907040
esp32,1787200578212101796
lidar,1787200578250114335
esp32,1787200578311984785
lidar,1787200578350238931
esp32,1787200578411902322
lidar,1787200578449437095
esp32,1787200578531519576
lidar,1787200578549382443
esp32,1787200578612066179
lidar,1787200578649246137
esp32,1787200578712148584
lidar,1787200578748879800
esp32,1787200578812020468
lidar,1787200578849049772
esp32,1787200578912451451
lidar,1787200578948615066
esp32,1787200579012526873
lidar,1787200579048186976
esp32,1787200579112322338
lidar,1787200579147932921
esp32,1787200579212151690
lidar,1787200579247369544
esp32,1787200579312235268
lidar,1787200579347051618
esp32,1787200579412080251
lidar,1787200579446682224
esp32,1787200579512317992
lidar,1787200579546903620
esp32,1787200579612281125
lidar,1787200579646804878
esp32,1787200579712504807
lidar,1787200579747212162
esp32,1787200579812281658
lidar,1787200579847674620
esp32,1787200579911956281
esp32,1787200580012247821
lidar,1787200580048299706
esp32,1787200580112008284
lidar,1787200580148505695
esp32,1787200580212041019
lidar,1787200580248580091
esp32,1787200580312225428
lidar,1787200580348716570
esp32,1787200580411979734
lidar,1787200580448421356
esp32,1787200580512279497
lidar,1787200580548049633
esp32,1787200580612063012
lidar,1787200580647934926
esp32,1787200580712118774
lidar,1787200580747852027
esp32,1787200580812450353
lidar,1787200580847794354
esp32,1787200580912420938
lidar,1787200580947166559
esp32,1787200581012008977
lidar,1787200581047314891
esp32,1787200581112050759
lidar,1787200581146960790
esp32,1787200581212023048
lidar,1787200581246672691
esp32,1787200581312168470
lidar,1787200581346638550
esp32,1787200581412094746
lidar,1787200581445954486
esp32,1787200581512261434
lidar,1787200581546144790
esp32,1787200581611976386
lidar,1787200581645656218
esp32,1787200581711897838
lidar,1787200581745570708
esp32,1787200581812193918
lidar,1787200581845524639
esp32,1787200581910933375
lidar,1787200581945723161
esp32,1787200582012135870
lidar,1787200582045773792
esp32,1787200582112190908
lidar,1787200582145717261
esp32,1787200582211566659
lidar,1787200582245473381
esp32,1787200582311577951
lidar,1787200582345370409
esp32,1787200582412046617
lidar,1787200582445091308
esp32,1787200582511824396
lidar,1787200582544468953
esp32,1787200582612041692
lidar,1787200582644504065
esp32,1787200582711588614
lidar,1787200582744107812
esp32,1787200582812118666
lidar,1787200582843795944
esp32,1787200582931422928
lidar,1787200582943214636
esp32,1787200583012093452
lidar,1787200583043548764
esp32,1787200583111626941
lidar,1787200583143778494
esp32,1787200583211978263
lidar,1787200583243817532
esp32,1787200583312136359
lidar,1787200583343804824
esp32,1787200583411988232
lidar,1787200583443344856
esp32,1787200583512187673
lidar,1787200583543266521
esp32,1787200583611999558
lidar,1787200583642928289
esp32,1787200583711803369
lidar,1787200583742742837
esp32,1787200583812087838
lidar,1787200583842891309
esp32,1787200583911908181
lidar,1787200583942313220
esp32,1787200584012362838
lidar,1787200584042663554
esp32,1787200584131487600
lidar,1787200584141922043
esp32,1787200584212131590
lidar,1787200584242097133
esp32,1787200584312046161
lidar,1787200584342279744
esp32,1787200584411899047
lidar,1787200584442094519
esp32,1787200584512214282
lidar,1787200584542038183
esp32,1787200584612034126
lidar,1787200584641671299
esp32,1787200584731279693
lidar,1787200584741082675
esp32,1787200584811925011
lidar,1787200584841146289
esp32,1787200584912125273
lidar,1787200584940674704
esp32,1787200585011956500
lidar,1787200585040685537
esp32,1787200585112039323
lidar,1787200585140284851
esp32,1787200585211940512
lidar,1787200585240051423
esp32,1787200585311922668
lidar,1787200585339846542
esp32,1787200585411880013
lidar,1787200585439373114
esp32,1787200585512107142
lidar,1787200585539326099
esp32,1787200585612026086
lidar,1787200585638898653
esp32,1787200585712164183
lidar,1787200585739010629
esp32,1787200585811971055
lidar,1787200585839391127
esp32,1787200585912067075
lidar,1787200585939452498
esp32,1787200586012127679
lidar,1787200586040065132
esp32,1787200586112060277
lidar,1787200586140417067
esp32,1787200586212087717
lidar,1787200586241244956
esp32,1787200586312864666
lidar,1787200586341369398
esp32,1787200586411978430
lidar,1787200586441382886
esp32,1787200586512118512
lidar,1787200586541217709
esp32,1787200586612187286
lidar,1787200586641028504
esp32,1787200586712253249
lidar,1787200586740442685
esp32,1787200586811929127
lidar,1787200586840385500
esp32,1787200586912026297
lidar,1787200586940471638
esp32,1787200587012271460
lidar,1787200587039949022
esp32,1787200587112170316
lidar,1787200587140057160
esp32,1787200587212039291
lidar,1787200587239449419
esp32,1787200587312037314
lidar,1787200587339218898
esp32,1787200587412063236
lidar,1787200587439178575
esp32,1787200587512377944
lidar,1787200587538693638
esp32,1787200587612048693
lidar,1787200587638553878
esp32,1787200587712115873
lidar,1787200587738194957
esp32,1787200587812073909
lidar,1787200587838343444
esp32,1787200587912187356
lidar,1787200587938598757
esp32,1787200588012418694
lidar,1787200588039019230
esp32,1787200588111841330
lidar,1787200588139026021
esp32,1787200588212011014
lidar,1787200588239405591
esp32,1787200588331561644
lidar,1787200588339942151
esp32,1787200588431496795
lidar,1787200588439784175
esp32,1787200588512145581
lidar,1787200588540118716
esp32,1787200588612042326
lidar,1787200588640363828
esp32,1787200588712239319
lidar,1787200588740427241
esp32,1787200588812027118
lidar,1787200588840330400
esp32,1787200588912180578
lidar,1787200588939920713
esp32,1787200589012084439
lidar,1787200589039851030
esp32,1787200589112119343
lidar,1787200589139722795
esp32,1787200589212198505
lidar,1787200589239469069
esp32,1787200589312240773
lidar,1787200589339201195
esp32,1787200589411849122
lidar,1787200589438437314
esp32,1787200589512522760
lidar,1787200589538214561
esp32,1787200589611955297
lidar,1787200589637669321
esp32,1787200589712444122
lidar,1787200589737177452
esp32,1787200589811991923
lidar,1787200589837153897
esp32,1787200589912028324
lidar,1787200589937028195
esp32,1787200590012028002
lidar,1787200590036781265
esp32,1787200590111981428
lidar,1787200590136624963
esp32,1787200590212324102
lidar,1787200590236366696
esp32,1787200590312245416
lidar,1787200590336739832
esp32,1787200590412144241
lidar,1787200590436278088
esp32,1787200590512489312
lidar,1787200590535901982
esp32,1787200590612210764
lidar,1787200590635279104
esp32,1787200590712306802
lidar,1787200590735688911
esp32,1787200590812177547
lidar,1787200590834872535
esp32,1787200590912347908
lidar,1787200590934896848
esp32,1787200591011040425
lidar,1787200591034849998
esp32,1787200591112084151
lidar,1787200591135332938
esp32,1787200591212420007
lidar,1787200591235790977
esp32,1787200591312279133
lidar,1787200591336461645
esp32,1787200591412488754
lidar,1787200591436788175
esp32,1787200591531505311
lidar,1787200591536981144
esp32,1787200591611969216
lidar,1787200591637687648
esp32,1787200591712032661
lidar,1787200591737808812
esp32,1787200591812253428
lidar,1787200591838289516
esp32,1787200591912097142
lidar,1787200591938025962
esp32,1787200592012146113
lidar,1787200592037865044
esp32,1787200592112094025
lidar,1787200592137978427
esp32,1787200592212192556
lidar,1787200592237935296
esp32,1787200592312266994
lidar,1787200592338034392
esp32,1787200592412503689
lidar,1787200592437283563
esp32,1787200592512078565
lidar,1787200592537450139
esp32,1787200592612210894
lidar,1787200592637923140
esp32,1787200592711952469
lidar,1787200592737981830
esp32,1787200592812050293
lidar,1787200592837867733
esp32,1787200592912181879
lidar,1787200592937517619
esp32,1787200593012147043
lidar,1787200593037510059
esp32,1787200593112237347
lidar,1787200593137486245
esp32,1787200593212231515
lidar,1787200593236958612
esp32,1787200593312298359
lidar,1787200593336133618
esp32,1787200593412192439
lidar,1787200593435166246
esp32,1787200593512178892
lidar,1787200593534058335
esp32,1787200593612147825
lidar,1787200593633272374
esp32,1787200593712006909
lidar,1787200593732043159
esp32,1787200593811960509
lidar,1787200593831746060
esp32,1787200593912084376
lidar,1787200593931146796
esp32,1787200594012269507
lidar,1787200594030708424
esp32,1787200594111863667
lidar,1787200594130343096
esp32,1787200594212301203
lidar,1787200594230213695
esp32,1787200594312229545
lidar,1787200594329882353
esp32,1787200594412241315
lidar,1787200594429918156
esp32,1787200594512360097
lidar,1787200594529453441
esp32,1787200594612106745
lidar,1787200594629252352
esp32,1787200594711966930
lidar,1787200594729007362
esp32,1787200594812044053
lidar,1787200594828925059
esp32,1787200594912156058
lidar,1787200594928836877
esp32,1787200595012049364
lidar,1787200595028435055
esp32,1787200595112101964
lidar,1787200595128350775
esp32,1787200595211928653
lidar,1787200595228323422
esp32,1787200595312100695
lidar,1787200595328285350
esp32,1787200595412192621
lidar,1787200595427956091
esp32,1787200595512157618
lidar,1787200595528268863
esp32,1787200595612070193
lidar,1787200595628437517
esp32,1787200595711829015
lidar,1787200595728339476
esp32,1787200595812112789
lidar,1787200595829018559
esp32,1787200595912012680
lidar,1787200595929636784
esp32,1787200596012224480
lidar,1787200596030340197
esp32,1787200596111807101
lidar,1787200596130385045
esp32,1787200596212144461
lidar,1787200596230928512
esp32,1787200596312095307
lidar,1787200596330416444
esp32,1787200596412179935
lidar,1787200596430146881
lidar,1787200596530266562
esp32,1787200596531305763
lidar,1787200596630220332
esp32,1787200596631420017
lidar,1787200596729997833
esp32,1787200596731498689
lidar,1787200596829460904
esp32,1787200596831374087
lidar,1787200596929308507
esp32,1787200596931330618
esp32,1787200597012359374
lidar,1787200597028942561
esp32,1787200597112148806
lidar,1787200597128713310
esp32,1787200597212167525
lidar,1787200597228285859
esp32,1787200597312120547
lidar,1787200597328609244
esp32,1787200597412370689
lidar,1787200597427814584
esp32,1787200597512457029
lidar,1787200597527405172
esp32,1787200597611874956
lidar,1787200597627390580
esp32,1787200597712212386
lidar,1787200597727816878
esp32,1787200597811092196
lidar,1787200597827794289
esp32,1787200597912209945
lidar,1787200597928220633
esp32,1787200598012346699
lidar,1787200598028564816
esp32,1787200598111938895
lidar,1787200598128538707
esp32,1787200598212122047
lidar,1787200598229355330
esp32,1787200598312350775
lidar,1787200598329796365
esp32,1787200598411955281
lidar,1787200598429661424
esp32,1787200598512213710
lidar,1787200598529332102
esp32,1787200598612053181
lidar,1787200598629355317
esp32,1787200598712178893
lidar,1787200598729599258
esp32,1787200598812070136
lidar,1787200598829285628
esp32,1787200598912007423
lidar,1787200598928752720
esp32,1787200599012052957
lidar,1787200599029159944
esp32,1787200599112092377
lidar,1787200599128438034
esp32,1787200599212277062
lidar,1787200599227896437
esp32,1787200599312107551
lidar,1787200599327867080
esp32,1787200599411989929
lidar,1787200599427542402
esp32,1787200599512071268
lidar,1787200599527408801
esp32,1787200599612284323
lidar,1787200599626880716
esp32,1787200599712422090
lidar,1787200599726642031
esp32,1787200599812060882
lidar,1787200599826668605
lidar,1787200599926178644
esp32,1787200599930905912
esp32,1787200600012150598
lidar,1787200600026422080
esp32,1787200600111805416
lidar,1787200600126331798
esp32,1787200600211935087
lidar,1787200600225898574
esp32,1787200600312009591
lidar,1787200600326201566
esp32,1787200600412312350
lidar,1787200600425379727
esp32,1787200600512094389
lidar,1787200600525841649
esp32,1787200600611811254
lidar,1787200600625358278
esp32,1787200600711884853
lidar,1787200600725105754
esp32,1787200600811883191
lidar,1787200600824800207
esp32,1787200600912116447
lidar,1787200600924551728
esp32,1787200601012050821
lidar,1787200601024072405
esp32,1787200601111379986
lidar,1787200601123863757
esp32,1787200601211887508
lidar,1787200601223440723
esp32,1787200601311931438
lidar,1787200601324057449
esp32,1787200601412037518
lidar,1787200601424340176
esp32,1787200601512075777
lidar,1787200601524659963
esp32,1787200601612122742
lidar,1787200601625082313
esp32,1787200601712211782
lidar,1787200601726099876
esp32,1787200601812334694
lidar,1787200601826183713
esp32,1787200601912038991
lidar,1787200601925900567
esp32,1787200602012029050
lidar,1787200602026101819
esp32,1787200602112205818
lidar,1787200602125657667
esp32,1787200602211965127
lidar,1787200602225546765
esp32,1787200602312201408
lidar,1787200602325507412
esp32,1787200602412240730
lidar,1787200602425469378
esp32,1787200602512307372
lidar,1787200602525550008
esp32,1787200602611831201
lidar,1787200602625159171
esp32,1787200602712141752
lidar,1787200602724822143
esp32,1787200602812193310
lidar,1787200602824395967
esp32,1787200602912026069
lidar,1787200602924262506
esp32,1787200603012082214
lidar,1787200603023933327
esp32,1787200603112102869
lidar,1787200603123809347
esp32,1787200603212020991
lidar,1787200603223289194
esp32,1787200603312084134
lidar,1787200603323376076
esp32,1787200603412062264
lidar,1787200603423020487
esp32,1787200603512943422
lidar,1787200603522711935
esp32,1787200603612080186
lidar,1787200603622695433
esp32,1787200603711914807
lidar,1787200603722341007
esp32,1787200603811989241
lidar,1787200603821848695
esp32,1787200603912082508
lidar,1787200603921537800
esp32,1787200604011993076
lidar,1787200604021369346
esp32,1787200604112098804
lidar,1787200604120957871
esp32,1787200604211423749
lidar,1787200604220708671
esp32,1787200604311887492
lidar,1787200604320301875
esp32,1787200604411974793
lidar,1787200604420417953
esp32,1787200604512336703
lidar,1787200604520779197
esp32,1787200604612055728
lidar,1787200604621371854
esp32,1787200604712106497
lidar,1787200604722382287
esp32,1787200604812304150
lidar,1787200604822612238
esp32,1787200604912288018
lidar,1787200604922684373
esp32,1787200605011995007
lidar,1787200605023285545
esp32,1787200605112165134
lidar,1787200605123563675
lidar,1787200605224379037
esp32,1787200605231469278
esp32,1787200605312063279
lidar,1787200605324563026
esp32,1787200605412124545
lidar,1787200605424686173
esp32,1787200605512229961
lidar,1787200605523882245
esp32,1787200605612220531
lidar,1787200605624175720
esp32,1787200605712087441
lidar,1787200605724004207
esp32,1787200605811885782
lidar,1787200605824017684
esp32,1787200605912333896
lidar,1787200605923690476
esp32,1787200606012053139
lidar,1787200606023735039
esp32,1787200606111906025
lidar,1787200606122921315
esp32,1787200606211981333
lidar,1787200606222777860
esp32,1787200606312155754
lidar,1787200606323022032
esp32,1787200606412062945
lidar,1787200606422440449
esp32,1787200606512056007
lidar,1787200606522334223
esp32,1787200606612035585
lidar,1787200606621917759
lidar,1787200606721833476
esp32,1787200606731359147
esp32,1787200606811988034
lidar,1787200606821227923
esp32,1787200606912087545
lidar,1787200606921321350
esp32,1787200607012085455
lidar,1787200607020824766
esp32,1787200607112405910
lidar,1787200607120867752
esp32,1787200607212162973
lidar,1787200607220745011
esp32,1787200607312114141
lidar,1787200607320631011
esp32,1787200607412327720
lidar,1787200607420134439
esp32,1787200607512170861
lidar,1787200607519965582
esp32,1787200607612079472
lidar,1787200607619682496
esp32,1787200607712202139
lidar,1787200607719573810
esp32,1787200607812052002
lidar,1787200607819773884
esp32,1787200607912104652
lidar,1787200607920392257
esp32,1787200608011924330
lidar,1787200608020630373
esp32,1787200608112043493
lidar,1787200608121152064
esp32,1787200608212049525
lidar,1787200608221859418
esp32,1787200608311814754
lidar,1787200608322576728
lidar,1787200608422621858
esp32,1787200608431428506
lidar,1787200608522714839
esp32,1787200608531290401
esp32,1787200608611839753
lidar,1787200608622605881
esp32,1787200608712006904
lidar,1787200608722261181
esp32,1787200608812136562
lidar,1787200608822194800
esp32,1787200608912201246
lidar,1787200608921808842
esp32,1787200609012187772
lidar,1787200609021707771
esp32,1787200609112246158
lidar,1787200609121535640
esp32,1787200609212032603
lidar,1787200609221352039
esp32,1787200609312503520
lidar,1787200609321049431
esp32,1787200609411980238
lidar,1787200609420485685
esp32,1787200609512500975
lidar,1787200609520267317
esp32,1787200609612139439
lidar,1787200609620027425
esp32,1787200609712196775
lidar,1787200609719903367
esp32,1787200609812270374
lidar,1787200609820073249
esp32,1787200609912707897
lidar,1787200609919607709
esp32,1787200610012153539
lidar,1787200610019527740
esp32,1787200610112261732
lidar,1787200610118994718
esp32,1787200610212353563
lidar,1787200610218481749
esp32,1787200610311960807
lidar,1787200610318255401
esp32,1787200610412397471
lidar,1787200610418224669
esp32,1787200610512622336
lidar,1787200610518237729
esp32,1787200610612309858
lidar,1787200610618670996
esp32,1787200610712274454
lidar,1787200610719177593
esp32,1787200610811962552
lidar,1787200610819478009
esp32,1787200610912098404
lidar,1787200610919813674
esp32,1787200611012208657
lidar,1787200611020258237
esp32,1787200611112202101
lidar,1787200611120505123
esp32,1787200611211950087
lidar,1787200611220534821
esp32,1787200611312134401
lidar,1787200611320514034
esp32,1787200611412000710
lidar,1787200611420373163
esp32,1787200611512101978
lidar,1787200611520270992
esp32,1787200611611930817
lidar,1787200611620075414
esp32,1787200611712086254
lidar,1787200611719972062
esp32,1787200611811916152
lidar,1787200611819813844
esp32,1787200611911971147
lidar,1787200611919618272
esp32,1787200612012000847
lidar,1787200612019550556
esp32,1787200612111968149
lidar,1787200612119082228
esp32,1787200612212236393
lidar,1787200612218656452
esp32,1787200612311017298
lidar,1787200612318459598
esp32,1787200612412428677
lidar,1787200612418054052
esp32,1787200612512284772
lidar,1787200612518078761
esp32,1787200612612099955
lidar,1787200612617516182
esp32,1787200612712195871
lidar,1787200612716887877
esp32,1787200612811973422
lidar,1787200612816532381
esp32,1787200612912096796
lidar,1787200612916237798
esp32,1787200613011993712
lidar,1787200613015729490
esp32,1787200613112471603
lidar,1787200613116322556
esp32,1787200613212413673
lidar,1787200613215953500
esp32,1787200613312512419
lidar,1787200613316528707
esp32,1787200613412012937
lidar,1787200613416906780
esp32,1787200613512379265
lidar,1787200613517469613
esp32,1787200613612240138
lidar,1787200613617940989
esp32,1787200613712034165
lidar,1787200613718772458
esp32,1787200613812451375
lidar,1787200613819157541
esp32,1787200613912165314
lidar,1787200613919452184
esp32,1787200614012073699
lidar,1787200614020187332
esp32,1787200614111917106
lidar,1787200614119970909
esp32,1787200614211859571
lidar,1787200614219965498
esp32,1787200614312537897
lidar,1787200614319775486
esp32,1787200614412105554
lidar,1787200614419801062
esp32,1787200614512024169
lidar,1787200614519306430
esp32,1787200614611983322
lidar,1787200614619250129
esp32,1787200614711985705
lidar,1787200614718747357
esp32,1787200614812187083
lidar,1787200614818576560
esp32,1787200614912005188
lidar,1787200614918285247
esp32,1787200615012092971
lidar,1787200615017920327
esp32,1787200615112015593
lidar,1787200615118087648
esp32,1787200615211779739
lidar,1787200615217708608
esp32,1787200615311935794
lidar,1787200615317223172
esp32,1787200615412000414
lidar,1787200615416706658
esp32,1787200615512003767
lidar,1787200615516906181
esp32,1787200615611897029
lidar,1787200615616446163
esp32,1787200615711977250
lidar,1787200615716364265
esp32,1787200615812004579
lidar,1787200615815929570
esp32,1787200615913057162
lidar,1787200615916130373
esp32,1787200616012129385
lidar,1787200616016462126
esp32,1787200616112059892
lidar,1787200616116699597
esp32,1787200616211936727
lidar,1787200616217172127
esp32,1787200616312142888
lidar,1787200616317493712
esp32,1787200616412164148
lidar,1787200616417948563
esp32,1787200616512193966
lidar,1787200616518187694
esp32,1787200616611967689
lidar,1787200616618262913
esp32,1787200616711932424
lidar,1787200616718030507
esp32,1787200616811804236
lidar,1787200616817967428
esp32,1787200616912116974
lidar,1787200616917689088
esp32,1787200617012257047
lidar,1787200617017266342
esp32,1787200617112288661
lidar,1787200617116627778
esp32,1787200617212245590
lidar,1787200617216319738
esp32,1787200617312154418
lidar,1787200617316164622
esp32,1787200617412493837
lidar,1787200617415665991
esp32,1787200617512222918
lidar,1787200617515723393
esp32,1787200617612090115
lidar,1787200617615569153
esp32,1787200617712184111
lidar,1787200617715820304
esp32,1787200617812115296
lidar,1787200617815428995
esp32,1787200617912441318
lidar,1787200617915234440
esp32,1787200618012090551
lidar,1787200618015091087
esp32,1787200618112158006
lidar,1787200618114801039
esp32,1787200618212114831
lidar,1787200618214432334
esp32,1787200618312177636
lidar,1787200618314765614
esp32,1787200618411728785
lidar,1787200618414495820
esp32,1787200618512430915
lidar,1787200618514571959
esp32,1787200618612337883
lidar,1787200618614501617
esp32,1787200618712110894
lidar,1787200618713858786
esp32,1787200618812242947
lidar,1787200618813706313
esp32,1787200618912367255
lidar,1787200618913676710
esp32,1787200619012296708
lidar,1787200619013268092
lidar,1787200619113230011
esp32,1787200619131573632
esp32,1787200619212172144
lidar,1787200619213304360
esp32,1787200619312028956
lidar,1787200619313269574
esp32,1787200619412217589
lidar,1787200619413184448
lidar,1787200619512040372
esp32,1787200619513101745
esp32,1787200619612034010
lidar,1787200619613024086
lidar,1787200619711761199
esp32,1787200619712787000
lidar,1787200619811448995
esp32,1787200619812438820
lidar,1787200619911545174
esp32,1787200619912634331
lidar,1787200620011774292
esp32,1787200620012875099
lidar,1787200620111917945
esp32,1787200620113013238
esp32,1787200620212100846
lidar,1787200620213179821
esp32,1787200620311882183
lidar,1787200620312888729
esp32,1787200620412057874
lidar,1787200620413102754
esp32,1787200620512024869
lidar,1787200620513461354
esp32,1787200620612415246
lidar,1787200620613878919
esp32,1787200620712256183
lidar,1787200620714142788
esp32,1787200620812519778
lidar,1787200620814730246
esp32,1787200620912506643
lidar,1787200620914974140
esp32,1787200621012573200
lidar,1787200621015209935
esp32,1787200621112072745
lidar,1787200621115017031
esp32,1787200621212097797
lidar,1787200621214840252
esp32,1787200621313016968
lidar,1787200621314478110
esp32,1787200621412333054
lidar,1787200621414450431
esp32,1787200621512193915
lidar,1787200621514300672
esp32,1787200621612101585
lidar,1787200621614118275
esp32,1787200621712125261
lidar,1787200621713815931
esp32,1787200621812135457
lidar,1787200621813502686
lidar,1787200621913842884
esp32,1787200621931502717
esp32,1787200622012079683
lidar,1787200622013462196
esp32,1787200622111980099
lidar,1787200622113518117
esp32,1787200622212362993
lidar,1787200622213390957
esp32,1787200622312092513
lidar,1787200622313036241
esp32,1787200622412155124
lidar,1787200622413203287
esp32,1787200622512232707
lidar,1787200622513153530
esp32,1787200622612180360
lidar,1787200622613076300
esp32,1787200622711955464
lidar,1787200622712847004
lidar,1787200622811900694
esp32,1787200622812981507
lidar,1787200622912003414
esp32,1787200622913057882
lidar,1787200623011755411
esp32,1787200623012792429
lidar,1787200623111377974
esp32,1787200623112506101
lidar,1787200623211112218
esp32,1787200623212138186
lidar,1787200623310971367
esp32,1787200623312060209
lidar,1787200623410776238
esp32,1787200623411936320
lidar,1787200623510393754
esp32,1787200623512072072
lidar,1787200623610660202
esp32,1787200623612062371
lidar,1787200623710442784
esp32,1787200623711950410
lidar,1787200623810348246
esp32,1787200623812047586
lidar,1787200623910270804
esp32,1787200623912471766
lidar,1787200624010408889
esp32,1787200624012231780
lidar,1787200624110544238
esp32,1787200624112250777
lidar,1787200624209984759
esp32,1787200624211989247
lidar,1787200624309961755
esp32,1787200624312028327
lidar,1787200624409597896
esp32,1787200624411831624
lidar,1787200624509219740
esp32,1787200624512011393
lidar,1787200624609131714
esp32,1787200624611641945
lidar,1787200624709279200
esp32,1787200624711733989
lidar,1787200624808793521
esp32,1787200624811790337
lidar,1787200624908838901
esp32,1787200624911786365
lidar,1787200625008606856
esp32,1787200625011723088
lidar,1787200625108463427
esp32,1787200625111638375
lidar,1787200625208444884
esp32,1787200625211749918
lidar,1787200625308253818
esp32,1787200625311863830
lidar,1787200625408240542
esp32,1787200625431209603
lidar,1787200625508366405
esp32,1787200625512061899
lidar,1787200625608777068
esp32,1787200625611861538
lidar,1787200625709333875
esp32,1787200625712168360
lidar,1787200625809969334
esp32,1787200625811856994
lidar,1787200625910444240
esp32,1787200625911791658
lidar,1787200626010877362
esp32,1787200626012150990
lidar,1787200626111163565
esp32,1787200626112346882
lidar,1787200626211123304
esp32,1787200626212160500
lidar,1787200626311379452
esp32,1787200626312344639
lidar,1787200626411119859
esp32,1787200626412194995
lidar,1787200626510786103
esp32,1787200626511380052
lidar,1787200626611072486
esp32,1787200626612634278
lidar,1787200626710859582
esp32,1787200626712395889
lidar,1787200626810686224
esp32,1787200626812255000
lidar,1787200626910021218
esp32,1787200626912100529
lidar,1787200627009537759
esp32,1787200627010827477
lidar,1787200627109949499
esp32,1787200627111922090
lidar,1787200627209917888
esp32,1787200627211785359
lidar,1787200627309928375
esp32,1787200627311648392
lidar,1787200627409958065
esp32,1787200627411535629
lidar,1787200627509977609
esp32,1787200627511917094
lidar,1787200627610177475
esp32,1787200627611890570
lidar,1787200627710023076
esp32,1787200627711797453
lidar,1787200627810160426
esp32,1787200627812051956
lidar,1787200627909864796
esp32,1787200627911878627
lidar,1787200628009625886
esp32,1787200628011873648
lidar,1787200628109339306
esp32,1787200628111776076
lidar,1787200628209102014
esp32,1787200628252106195
lidar,1787200628308942227
esp32,1787200628311673315
lidar,1787200628409030699
esp32,1787200628412246087
lidar,1787200628508549963
esp32,1787200628511895242
lidar,1787200628608666799
esp32,1787200628611766448
lidar,1787200628708120258
esp32,1787200628711760935
lidar,1787200628807980385
esp32,1787200628811820066
lidar,1787200628908106302
esp32,1787200628911925828
lidar,1787200629007890706
esp32,1787200629011919351
lidar,1787200629107326023
esp32,1787200629111676586
lidar,1787200629207472749
esp32,1787200629211732028
lidar,1787200629306946580
esp32,1787200629311868974
lidar,1787200629406330795
esp32,1787200629411853554
lidar,1787200629506170870
esp32,1787200629511988432
lidar,1787200629606289113
esp32,1787200629611587109
lidar,1787200629705592158
esp32,1787200629731524089
lidar,1787200629805658938
esp32,1787200629811829859
lidar,1787200629905447098
esp32,1787200629911739964
lidar,1787200630005248097
esp32,1787200630011876848
lidar,1787200630105854495
esp32,1787200630111821470
lidar,1787200630206314433
esp32,1787200630211716040
lidar,1787200630306775701
esp32,1787200630311805148
lidar,1787200630407275299
esp32,1787200630411880834
lidar,1787200630508132269
esp32,1787200630511966767
lidar,1787200630608469331
esp32,1787200630611732254
lidar,1787200630708962340
esp32,1787200630711830436
lidar,1787200630809780712
esp32,1787200630812180969
lidar,1787200630909622275
esp32,1787200630912102412
lidar,1787200631009625788
esp32,1787200631011989802
lidar,1787200631109495099
esp32,1787200631112020959
lidar,1787200631209128511
esp32,1787200631211928349
lidar,1787200631309301347
esp32,1787200631311702204
lidar,1787200631408928644
esp32,1787200631411913011
lidar,1787200631508899677
esp32,1787200631512004206
lidar,1787200631608734902
esp32,1787200631611701448
lidar,1787200631708402225
esp32,1787200631711856637
lidar,1787200631808853718
esp32,1787200631811881040
lidar,1787200631907962920
esp32,1787200631911890251
lidar,1787200632008267493
esp32,1787200632031536278
lidar,1787200632107898113
esp32,1787200632111847417
lidar,1787200632207744185
esp32,1787200632211854275
lidar,1787200632306844164
esp32,1787200632311057958
lidar,1787200632407125329
esp32,1787200632411903471
lidar,1787200632507038003
esp32,1787200632511977608
lidar,1787200632606555905
esp32,1787200632612112854
lidar,1787200632706901116
esp32,1787200632711855619
lidar,1787200632806686210
esp32,1787200632812113294
lidar,1787200632906707267
esp32,1787200632911823259
lidar,1787200633006294934
esp32,1787200633011932318
lidar,1787200633106424318
esp32,1787200633111759644
lidar,1787200633206255955
esp32,1787200633211709601
lidar,1787200633305993227
esp32,1787200633311882762
lidar,1787200633405481314
esp32,1787200633411655484
lidar,1787200633505591347
esp32,1787200633511848864
lidar,1787200633605411532
esp32,1787200633612217372
lidar,1787200633705081884
esp32,1787200633712007374
lidar,1787200633805122873
esp32,1787200633811902216
lidar,1787200633904622681
esp32,1787200633911899918
lidar,1787200634004042171
esp32,1787200634012312258
lidar,1787200634104124141
esp32,1787200634111894710
lidar,1787200634203963162
esp32,1787200634211966000
lidar,1787200634303763511
esp32,1787200634311957792
lidar,1787200634403414089
esp32,1787200634411737833
lidar,1787200634503756900
esp32,1787200634512011286
lidar,1787200634603756373
esp32,1787200634611866005
lidar,1787200634703919112
esp32,1787200634711903294
lidar,1787200634804018190
esp32,1787200634811822181
lidar,1787200634903817349
esp32,1787200634911815310
lidar,1787200635003395366
esp32,1787200635011826271
lidar,1787200635103088920
esp32,1787200635111868618
lidar,1787200635202678509
esp32,1787200635211906209
lidar,1787200635302855692
esp32,1787200635311943042
lidar,1787200635402615719
esp32,1787200635412042413
lidar,1787200635502375706
esp32,1787200635512034796
lidar,1787200635602141233
esp32,1787200635612019046
lidar,1787200635701967261
esp32,1787200635711829411
lidar,1787200635802001595
esp32,1787200635811881291
lidar,1787200635902144220
esp32,1787200635931591174
lidar,1787200636002153339
esp32,1787200636011941869
lidar,1787200636102325323
esp32,1787200636111816531
lidar,1787200636202099471
esp32,1787200636211698862
lidar,1787200636301819708
esp32,1787200636311805843
lidar,1787200636401848482
esp32,1787200636411712239
lidar,1787200636501736287
esp32,1787200636511944752
lidar,1787200636601796777
esp32,1787200636612013016
lidar,1787200636701461944
esp32,1787200636711766309
esp32,1787200636811985691
lidar,1787200636812998453
lidar,1787200636903244625
esp32,1787200636911807949
lidar,1787200637003941944
esp32,1787200637011802797
lidar,1787200637104515952
esp32,1787200637111726286
lidar,1787200637204745038
esp32,1787200637211851386
lidar,1787200637305117313
esp32,1787200637311685616
lidar,1787200637405259578
esp32,1787200637411659165
lidar,1787200637505371983
esp32,1787200637511984358
lidar,1787200637605285904
esp32,1787200637611894466
lidar,1787200637705080283
esp32,1787200637711829510
lidar,1787200637804739078
esp32,1787200637811848342
lidar,1787200637904327535
esp32,1787200637911766906
lidar,1787200638004196562
esp32,1787200638011885926
lidar,1787200638103837075
esp32,1787200638111715998
lidar,1787200638203803114
esp32,1787200638211802292
lidar,1787200638303540444
esp32,1787200638311776199
lidar,1787200638403221162
esp32,1787200638411516860
lidar,1787200638502849836
esp32,1787200638511945598
lidar,1787200638602761494
esp32,1787200638611904091
lidar,1787200638702362051
esp32,1787200638711681699
lidar,1787200638802494782
esp32,1787200638811733143
lidar,1787200638902364158
esp32,1787200638911842101
lidar,1787200639002765608
esp32,1787200639011915189
lidar,1787200639103363667
esp32,1787200639111799053
lidar,1787200639203864955
esp32,1787200639211801667
lidar,1787200639304056471
esp32,1787200639311827612
lidar,1787200639404370675
esp32,1787200639411752128
lidar,1787200639503986909
esp32,1787200639511851278
lidar,1787200639603824498
esp32,1787200639611860723
lidar,1787200639703699355
esp32,1787200639711815162
lidar,1787200639803275029
esp32,1787200639812368604
lidar,1787200639903087339
esp32,1787200639911774873
lidar,1787200640002667607
esp32,1787200640011935193
lidar,1787200640102669099
esp32,1787200640111689379
lidar,1787200640202137128
esp32,1787200640211997401
lidar,1787200640302132335
esp32,1787200640311588272
lidar,1787200640401542327
esp32,1787200640431423353
lidar,1787200640501686475
esp32,1787200640511870991
lidar,1787200640601235600
esp32,1787200640631616905
lidar,1787200640700604315
esp32,1787200640711190698
lidar,1787200640800872452
esp32,1787200640811859963
lidar,1787200640900800354
esp32,1787200640912067970
lidar,1787200641000431237
esp32,1787200641012075851
lidar,1787200641100069415
esp32,1787200641112030742
lidar,1787200641199892836
esp32,1787200641211761917
lidar,1787200641299735548
esp32,1787200641312199895
lidar,1787200641399724022
esp32,1787200641411994342
lidar,1787200641499512601
esp32,1787200641512165631
lidar,1787200641599888050
esp32,1787200641611775848
lidar,1787200641700536474
esp32,1787200641712577673
lidar,1787200641800811930
esp32,1787200641811668467
lidar,1787200641901220789
esp32,1787200641911785304
lidar,1787200642002067509
esp32,1787200642011928336
lidar,1787200642102136624
esp32,1787200642111655369
lidar,1787200642202389141
esp32,1787200642211741111
lidar,1787200642302302763
esp32,1787200642311798443
lidar,1787200642401997291
esp32,1787200642411776810
lidar,1787200642501723874
esp32,1787200642512031919
lidar,1787200642601768128
esp32,1787200642631637098
lidar,1787200642701418868
esp32,1787200642711781368
lidar,1787200642801177339
esp32,1787200642811822005
lidar,1787200642900853961
esp32,1787200642912014460
lidar,1787200643001549851
esp32,1787200643011956970
lidar,1787200643101164701
esp32,1787200643111819409
lidar,1787200643201267631
esp32,1787200643211797316
lidar,1787200643301244675
esp32,1787200643311887504
lidar,1787200643400930670
esp32,1787200643411769446
lidar,1787200643501049392
esp32,1787200643511971643
lidar,1787200643600944731
esp32,1787200643611771764
lidar,1787200643700689379
esp32,1787200643731552521
lidar,1787200643800628829
esp32,1787200643811800747
lidar,1787200643899916302
esp32,1787200643911806902
lidar,1787200643999671905
esp32,1787200644011870177
lidar,1787200644099534442
esp32,1787200644111745510
lidar,1787200644199511916
esp32,1787200644211756252
lidar,1787200644299196892
esp32,1787200644311766097
lidar,1787200644398223140
esp32,1787200644411618940
lidar,1787200644498251777
esp32,1787200644512085247
lidar,1787200644598166504
esp32,1787200644611876022
lidar,1787200644698430565
esp32,1787200644731505403
lidar,1787200644798373438
esp32,1787200644811765849
lidar,1787200644898722999
esp32,1787200644931569668
lidar,1787200644999540290
esp32,1787200645011828371
lidar,1787200645100220779
esp32,1787200645111880563
lidar,1787200645200870796
esp32,1787200645211993982
lidar,1787200645301508750
esp32,1787200645311794999
lidar,1787200645401896963
esp32,1787200645411560194
lidar,1787200645502686031
esp32,1787200645512034489
lidar,1787200645603346193
esp32,1787200645611836759
lidar,1787200645703280009
esp32,1787200645711729245
lidar,1787200645803305485
esp32,1787200645811776441
lidar,1787200645903286394
esp32,1787200645911738675
lidar,1787200646002761535
esp32,1787200646011893272
lidar,1787200646103156539
esp32,1787200646111911875
lidar,1787200646202931037
esp32,1787200646211800221
lidar,1787200646302671086
esp32,1787200646311680875
lidar,1787200646402521938
esp32,1787200646411906056
lidar,1787200646502684529
esp32,1787200646511919033
lidar,1787200646602614416
esp32,1787200646611930275
lidar,1787200646702394235
esp32,1787200646711883788
lidar,1787200646802066887
esp32,1787200646831399823
lidar,1787200646902030736
esp32,1787200646911731961
lidar,1787200647001391231
esp32,1787200647011503218
lidar,1787200647101527964
esp32,1787200647131465428
lidar,1787200647200909496
esp32,1787200647231461995
lidar,1787200647300891302
esp32,1787200647331461718
lidar,1787200647400676329
esp32,1787200647411891544
lidar,1787200647500479938
esp32,1787200647512232817
lidar,1787200647600656799
esp32,1787200647611913676
lidar,1787200647700510633
esp32,1787200647711940354
lidar,1787200647800467998
esp32,1787200647812125372
lidar,1787200647900326138
esp32,1787200647911939537
lidar,1787200647999749396
esp32,1787200648011933053
lidar,1787200648099708223
esp32,1787200648111855863
lidar,1787200648199587707
esp32,1787200648211705736
lidar,1787200648299163947
esp32,1787200648312014029
lidar,1787200648398847190
esp32,1787200648412119734
lidar,1787200648498490052
esp32,1787200648511965092
lidar,1787200648598219391
esp32,1787200648611944202
lidar,1787200648697987196
esp32,1787200648712247491
lidar,1787200648798396620
esp32,1787200648811987692
lidar,1787200648898651420
esp32,1787200648931506021
lidar,1787200648999655506
esp32,1787200649012277257
lidar,1787200649099732475
esp32,1787200649112360242
lidar,1787200649200279630
esp32,1787200649212237286
lidar,1787200649300857208
esp32,1787200649312308061
lidar,1787200649401424467
esp32,1787200649412389005
lidar,1787200649501549521
esp32,1787200649512007656
lidar,1787200649601982562
esp32,1787200649611872576
lidar,1787200649701589547
esp32,1787200649711845923
lidar,1787200649801614830
esp32,1787200649811990339
lidar,1787200649901103924
esp32,1787200649911809818
lidar,1787200650000807456
esp32,1787200650012001287
lidar,1787200650100642870
esp32,1787200650111825206
lidar,1787200650200306563
esp32,1787200650211885001
lidar,1787200650300092777
esp32,1787200650312083184
lidar,1787200650399929109
esp32,1787200650412019629
lidar,1787200650499893566
esp32,1787200650512322829
lidar,1787200650599338237
esp32,1787200650612307148
lidar,1787200650699550442
esp32,1787200650712113024
lidar,1787200650799215732
esp32,1787200650812212466
lidar,1787200650899414465
esp32,1787200650912041634
lidar,1787200650998827018
esp32,1787200651011808893
lidar,1787200651099059111
esp32,1787200651111966938
lidar,1787200651198411442
esp32,1787200651212058597
lidar,1787200651298694212
esp32,1787200651311857931
lidar,1787200651397640966
esp32,1787200651412165236
lidar,1787200651497873300
esp32,1787200651512528111
lidar,1787200651597862812
esp32,1787200651612204445
lidar,1787200651697276184
esp32,1787200651712273684
lidar,1787200651797181976
esp32,1787200651812349181
lidar,1787200651897014144
esp32,1787200651912130248
lidar,1787200651997153160
esp32,1787200652012325532
lidar,1787200652097746206
esp32,1787200652111969110
lidar,1787200652197916401
esp32,1787200652231608169
lidar,1787200652298243558
esp32,1787200652312099517
lidar,1787200652398882651
esp32,1787200652412087003
lidar,1787200652499185382
esp32,1787200652512205280
lidar,1787200652599690357
esp32,1787200652611820728
lidar,1787200652699665503
esp32,1787200652712084822
lidar,1787200652799642292
esp32,1787200652811899816
lidar,1787200652899070225
esp32,1787200652911811347
lidar,1787200652999135910
esp32,1787200653011885659
lidar,1787200653099123107
esp32,1787200653112080939
lidar,1787200653199109592
esp32,1787200653211661727
lidar,1787200653298903299
esp32,1787200653312017143
lidar,1787200653398784791
esp32,1787200653411775852
lidar,1787200653498278009
esp32,1787200653511951717
lidar,1787200653598129812
esp32,1787200653612214669
lidar,1787200653697956776
esp32,1787200653711749668
lidar,1787200653797670745
esp32,1787200653811792002
lidar,1787200653897257317
esp32,1787200653912076721
lidar,1787200653997250156
esp32,1787200654011940775
lidar,1787200654096861124
esp32,1787200654111652560
lidar,1787200654196558682
esp32,1787200654212039864
lidar,1787200654296352244
esp32,1787200654312096424
lidar,1787200654396386516
esp32,1787200654412042891
lidar,1787200654496768063
esp32,1787200654511822636
lidar,1787200654596579323
esp32,1787200654611694234
lidar,1787200654696758803
esp32,1787200654712229819
lidar,1787200654797840845
esp32,1787200654811740608
lidar,1787200654897867061
esp32,1787200654911917958
lidar,1787200654998424769
esp32,1787200655011892185
lidar,1787200655098840742
esp32,1787200655111651354
lidar,1787200655198740740
esp32,1787200655211667512
lidar,1787200655298545449
esp32,1787200655331611388
lidar,1787200655398282847
esp32,1787200655431624911
lidar,1787200655498401358
esp32,1787200655531496679
lidar,1787200655598231923
esp32,1787200655611629320
lidar,1787200655697684514
esp32,1787200655711654024
lidar,1787200655797405514
esp32,1787200655811839603
lidar,1787200655897086425
esp32,1787200655912239192
lidar,1787200655997201598
esp32,1787200656012077706
lidar,1787200656096908055
esp32,1787200656112146815
lidar,1787200656196944054
esp32,1787200656211703786
lidar,1787200656296770051
esp32,1787200656311941886
lidar,1787200656396237580
esp32,1787200656411908386
lidar,1787200656496476195
esp32,1787200656512131037
lidar,1787200656596261141
esp32,1787200656611797578
lidar,1787200656695699427
esp32,1787200656712040581
lidar,1787200656795558905
esp32,1787200656811984768
lidar,1787200656895189522
esp32,1787200656911984151
lidar,1787200656995413749
esp32,1787200657011849060
lidar,1787200657095197968
esp32,1787200657111839978
lidar,1787200657194893396
esp32,1787200657211780628
lidar,1787200657294520098
esp32,1787200657311768507
lidar,1787200657394470174
esp32,1787200657411662319
lidar,1787200657494350317
esp32,1787200657511839636
lidar,1787200657594525626
esp32,1787200657612323672
lidar,1787200657694237983
esp32,1787200657711767471
lidar,1787200657793966384
esp32,1787200657811958570
lidar,1787200657893467301
esp32,1787200657911054598
lidar,1787200657993227652
esp32,1787200658011934166
lidar,1787200658092896092
esp32,1787200658112119215
lidar,1787200658193098944
esp32,1787200658212055946
lidar,1787200658292928959
esp32,1787200658311885345
lidar,1787200658393232790
esp32,1787200658412068200
lidar,1787200658493845841
esp32,1787200658512350421
lidar,1787200658594586633
esp32,1787200658612423876
lidar,1787200658694836933
esp32,1787200658712018574
lidar,1787200658795565636
esp32,1787200658812237408
lidar,1787200658895707507
esp32,1787200658912193951
lidar,1787200658995495658
esp32,1787200659012168772
lidar,1787200659095624967
esp32,1787200659112270788
lidar,1787200659195437052
esp32,1787200659210970077
lidar,1787200659295090930
esp32,1787200659312177733
lidar,1787200659394970522
esp32,1787200659412269332
lidar,1787200659494681445
esp32,1787200659512060831
lidar,1787200659594332130
esp32,1787200659612086307
lidar,1787200659694275927
esp32,1787200659712118903
lidar,1787200659794103731
esp32,1787200659812158125
lidar,1787200659894354451
esp32,1787200659912145269
lidar,1787200659994056059
esp32,1787200660012195325
lidar,1787200660093821418
esp32,1787200660111952540
lidar,1787200660193345744
esp32,1787200660212097309
lidar,1787200660293080864
esp32,1787200660312041267
lidar,1787200660392338238
esp32,1787200660411963620
lidar,1787200660491777758
esp32,1787200660512199868
lidar,1787200660591476701
esp32,1787200660612128959
lidar,1787200660691253989
esp32,1787200660712152651
lidar,1787200660790970215
esp32,1787200660812235382
lidar,1787200660890873045
esp32,1787200660931492728
lidar,1787200660990604116
esp32,1787200661012142698
lidar,1787200661089923739
esp32,1787200661112096613
lidar,1787200661189930674
esp32,1787200661212168665
lidar,1787200661289930153
esp32,1787200661312054347
lidar,1787200661389143358
esp32,1787200661411943360
lidar,1787200661489554114
esp32,1787200661512224959
lidar,1787200661589907435
esp32,1787200661611636805
lidar,1787200661690287357
esp32,1787200661711658746
lidar,1787200661790566415
esp32,1787200661812079741
lidar,1787200661891182500
esp32,1787200661912040224
lidar,1787200661991450487
esp32,1787200662012252404
lidar,1787200662091965919
esp32,1787200662112209667
lidar,1787200662192714292
esp32,1787200662211874607
lidar,1787200662292495840
esp32,1787200662312174250
lidar,1787200662392914175
esp32,1787200662431616609
lidar,1787200662492737789
esp32,1787200662512808324
lidar,1787200662592830759
esp32,1787200662612191139
lidar,1787200662692262171
esp32,1787200662712178743
lidar,1787200662791862572
esp32,1787200662812182335
lidar,1787200662891527313
esp32,1787200662912399530
lidar,1787200662991269963
esp32,1787200663012260899
lidar,1787200663091281252
esp32,1787200663112113624
lidar,1787200663190724327
esp32,1787200663211737930
lidar,1787200663290536457
esp32,1787200663311759645
lidar,1787200663389662864
esp32,1787200663411681902
lidar,1787200663489583296
esp32,1787200663512057685
lidar,1787200663589702851
esp32,1787200663612127844
lidar,1787200663689359488
esp32,1787200663712174536
lidar,1787200663789100511
esp32,1787200663812018398
lidar,1787200663888953738
esp32,1787200663931572914
lidar,1787200663988441289
esp32,1787200664011831774
lidar,1787200664087946929
esp32,1787200664112061418
lidar,1787200664188220675
esp32,1787200664212098284
lidar,1787200664288406321
esp32,1787200664312023612
lidar,1787200664387739183
esp32,1787200664411662733
lidar,1787200664487782566
esp32,1787200664512171374
lidar,1787200664587153437
esp32,1787200664612194354
lidar,1787200664686853809
esp32,1787200664712177237
lidar,1787200664786715100
esp32,1787200664812166923
lidar,1787200664886254379
esp32,1787200664912060949
lidar,1787200664986227133
esp32,1787200665012304885
lidar,1787200665086720321
esp32,1787200665112000567
lidar,1787200665186882910
esp32,1787200665212113736
lidar,1787200665287568756
esp32,1787200665312200864
lidar,1787200665387853800
esp32,1787200665411670189
lidar,1787200665488620719
esp32,1787200665512311053
lidar,1787200665589043524
esp32,1787200665612170037
lidar,1787200665689050743
esp32,1787200665712231292
lidar,1787200665789562615
esp32,1787200665811714403
lidar,1787200665890020268
esp32,1787200665912055955
lidar,1787200665990070072
esp32,1787200666011263498
lidar,1787200666090823623
esp32,1787200666112099242
lidar,1787200666191074605
esp32,1787200666212413234
lidar,1787200666290757360
esp32,1787200666312107256
lidar,1787200666390729359
esp32,1787200666412238116
lidar,1787200666490421068
esp32,1787200666512311444
lidar,1787200666590441900
esp32,1787200666612078360
lidar,1787200666690275504
esp32,1787200666712177431
lidar,1787200666790098233
esp32,1787200666812099280
lidar,1787200666889851406
esp32,1787200666912082806
lidar,1787200666989290920
esp32,1787200667012265621
lidar,1787200667088955034
esp32,1787200667112234013
lidar,1787200667188727796
esp32,1787200667212481648
lidar,1787200667288457639
esp32,1787200667312129947
lidar,1787200667388300125
esp32,1787200667412147609
lidar,1787200667488375085
esp32,1787200667512374251
lidar,1787200667588785468
esp32,1787200667612280800
lidar,1787200667688498090
esp32,1787200667712299018
lidar,1787200667788326694
esp32,1787200667812293676
lidar,1787200667888120589
esp32,1787200667912205784
lidar,1787200667987806560
esp32,1787200668012249456
lidar,1787200668087458112
esp32,1787200668112235766
lidar,1787200668186982937
esp32,1787200668211958494
lidar,1787200668286898016
esp32,1787200668312134197
lidar,1787200668386812817
esp32,1787200668412000255
lidar,1787200668487023324
esp32,1787200668512048005
lidar,1787200668586436089
esp32,1787200668612032407
lidar,1787200668686713989
esp32,1787200668711906765
lidar,1787200668786650081
esp32,1787200668812293927
lidar,1787200668886594610
esp32,1787200668911972564
lidar,1787200668986483008
esp32,1787200669012339922
lidar,1787200669085895651
esp32,1787200669112611836
lidar,1787200669185090964
esp32,1787200669212187967
lidar,1787200669284264024
esp32,1787200669312053080
lidar,1787200669382909701
esp32,1787200669412042589
lidar,1787200669482741940
esp32,1787200669511820680
lidar,1787200669581694496
esp32,1787200669612304712
lidar,1787200669680795710
esp32,1787200669712310346
lidar,1787200669779564900
esp32,1787200669811842457
lidar,1787200669879291816
esp32,1787200669912186961
lidar,1787200669978545559
esp32,1787200670012180622
lidar,1787200670078324220
esp32,1787200670112214332
lidar,1787200670177950080
esp32,1787200670211883551
lidar,1787200670277937804
esp32,1787200670312052714
lidar,1787200670377921024
esp32,1787200670412330167
lidar,1787200670477874597
esp32,1787200670511922293
lidar,1787200670577729850
esp32,1787200670612020288
lidar,1787200670677343582
esp32,1787200670712170116
lidar,1787200670777577173
esp32,1787200670812340244
lidar,1787200670877509595
esp32,1787200670912366638
lidar,1787200670977144610
esp32,1787200671012034204
lidar,1787200671077177495
esp32,1787200671112241463
lidar,1787200671176652520
esp32,1787200671211910364
lidar,1787200671276890545
esp32,1787200671312273677
lidar,1787200671376423121
esp32,1787200671411748146
lidar,1787200671476049698
esp32,1787200671512295748
lidar,1787200671575820875
esp32,1787200671612327957
lidar,1787200671676065860
esp32,1787200671711963453
lidar,1787200671776163857
esp32,1787200671812242304
lidar,1787200671876579205
esp32,1787200671912260125
lidar,1787200671977152541
esp32,1787200672012288935
lidar,1787200672077309131
esp32,1787200672112072003
lidar,1787200672177580982
esp32,1787200672212036061
lidar,1787200672277728768
esp32,1787200672312058690
lidar,1787200672377821651
esp32,1787200672431408043
lidar,1787200672477603576
esp32,1787200672531458026
lidar,1787200672577423369
esp32,1787200672612303471
lidar,1787200672677253977
esp32,1787200672711930206
lidar,1787200672776562953
esp32,1787200672831435807
lidar,1787200672876275813
esp32,1787200672912071601
lidar,1787200672975981924
esp32,1787200673012281333
lidar,1787200673076073223
esp32,1787200673112328953
lidar,1787200673175232127
esp32,1787200673211988235
lidar,1787200673275460688
esp32,1787200673311946853
lidar,1787200673375187467
esp32,1787200673412242273
lidar,1787200673475226939
esp32,1787200673512064459
lidar,1787200673575195753
esp32,1787200673611924673
lidar,1787200673675051453
esp32,1787200673712103559
lidar,1787200673775183971
esp32,1787200673812159709
lidar,1787200673874909691
esp32,1787200673912217080
lidar,1787200673974865010
esp32,1787200674012227729
lidar,1787200674074975390
esp32,1787200674112188997
lidar,1787200674174894624
esp32,1787200674212493692
lidar,1787200674274795896
esp32,1787200674312520751
lidar,1787200674374461965
esp32,1787200674412150480
lidar,1787200674474083761
esp32,1787200674531370893
lidar,1787200674573938739
esp32,1787200674612013501
lidar,1787200674673558929
esp32,1787200674712080611
lidar,1787200674773474093
esp32,1787200674812102400
lidar,1787200674873248723
esp32,1787200674912746555
lidar,1787200674972592059
esp32,1787200675012909061
lidar,1787200675072332253
esp32,1787200675111957146
lidar,1787200675172346698
esp32,1787200675210956739
lidar,1787200675272777098
esp32,1787200675312159442
lidar,1787200675373252269
esp32,1787200675412066636
lidar,1787200675473474275
esp32,1787200675512078921
lidar,1787200675573767969
esp32,1787200675612033133
lidar,1787200675674335903
esp32,1787200675712094661
lidar,1787200675775070627
esp32,1787200675812441545
lidar,1787200675874997430
esp32,1787200675912249225
lidar,1787200675975283576
esp32,1787200676012270589
lidar,1787200676075030397
esp32,1787200676112340571
lidar,1787200676174995080
esp32,1787200676211586153
lidar,1787200676275213547
esp32,1787200676312113329
lidar,1787200676375045765
esp32,1787200676411988599
lidar,1787200676474803730
esp32,1787200676512322822
lidar,1787200676574627836
esp32,1787200676612099989
lidar,1787200676674510230
esp32,1787200676712178344
lidar,1787200676774510476
esp32,1787200676812270381
lidar,1787200676874024590
esp32,1787200676912267225
lidar,1787200676973280102
esp32,1787200677012263703
lidar,1787200677072640855
esp32,1787200677112133000
lidar,1787200677171584383
esp32,1787200677212112619
lidar,1787200677270896058
esp32,1787200677312008118
lidar,1787200677370016803
esp32,1787200677411881877
lidar,1787200677469359344
esp32,1787200677512230783
lidar,1787200677568571471
esp32,1787200677612056983
lidar,1787200677668495054
esp32,1787200677712119086
lidar,1787200677768128708
esp32,1787200677812279426
lidar,1787200677867355508
esp32,1787200677912192173
lidar,1787200677967416464
esp32,1787200678012329841
lidar,1787200678067013597
esp32,1787200678112227783
lidar,1787200678166789547
esp32,1787200678212244055
lidar,1787200678266444174
esp32,1787200678312100245
lidar,1787200678365859970
esp32,1787200678411851658
lidar,1787200678466374659
esp32,1787200678512140537
lidar,1787200678566522490
esp32,1787200678612253546
lidar,1787200678667096893
esp32,1787200678712284256
lidar,1787200678767761775
esp32,1787200678812100041
lidar,1787200678868464517
esp32,1787200678912089561
lidar,1787200678968466733
esp32,1787200679012025584
lidar,1787200679068637966
esp32,1787200679111899178
lidar,1787200679168592628
esp32,1787200679212065937
lidar,1787200679268307797
esp32,1787200679312017759
lidar,1787200679368340170
esp32,1787200679411951402
lidar,1787200679467895869
esp32,1787200679512227675
lidar,1787200679567615380
esp32,1787200679612348643
lidar,1787200679667668931
esp32,1787200679711995362
lidar,1787200679767737919
esp32,1787200679812419427
lidar,1787200679867452891
esp32,1787200679912133965
lidar,1787200679967054741
esp32,1787200680012411790
lidar,1787200680067040380
esp32,1787200680112272221
lidar,1787200680166803818
esp32,1787200680212498183
lidar,1787200680266223184
esp32,1787200680312063341
lidar,1787200680365903233
esp32,1787200680412191724
lidar,1787200680465709868
esp32,1787200680512141174
lidar,1787200680565686969
esp32,1787200680612075414
lidar,1787200680665436583
esp32,1787200680711982543
lidar,1787200680764907973
esp32,1787200680812123376
lidar,1787200680865362304
esp32,1787200680912453488
lidar,1787200680964768127
esp32,1787200681012415462
lidar,1787200681064336914
esp32,1787200681112550540
lidar,1787200681164014185
esp32,1787200681212053033
lidar,1787200681264164497
esp32,1787200681311947479
lidar,1787200681364330006
esp32,1787200681411995723
lidar,1787200681464555663
esp32,1787200681512090666
lidar,1787200681565055722
esp32,1787200681612171828
lidar,1787200681665609528
esp32,1787200681712272363
lidar,1787200681766110093
esp32,1787200681812112228
lidar,1787200681866377819
esp32,1787200681912040060
lidar,1787200681966321937
esp32,1787200682012223844
lidar,1787200682066013257
esp32,1787200682131432375
lidar,1787200682166058063
esp32,1787200682212142235
lidar,1787200682265634356
esp32,1787200682312311504
lidar,1787200682365625890
esp32,1787200682412158821
lidar,1787200682465358525
esp32,1787200682512090325
lidar,1787200682565024432
esp32,1787200682611839708
lidar,1787200682664549686
esp32,1787200682712576889
lidar,1787200682764558490
esp32,1787200682812239285
lidar,1787200682863970199
esp32,1787200682912169065
lidar,1787200682963629200
esp32,1787200683031451640
lidar,1787200683063154432
esp32,1787200683111970048
lidar,1787200683162972003
esp32,1787200683212285117
lidar,1787200683262659152
esp32,1787200683311004308
lidar,1787200683362550885
esp32,1787200683412215289
lidar,1787200683462535235
esp32,1787200683512225534
lidar,1787200683562325216
esp32,1787200683612001804
lidar,1787200683662548763
esp32,1787200683711956514
lidar,1787200683762789019
esp32,1787200683811902932
lidar,1787200683863447674
esp32,1787200683912352360
lidar,1787200683963839401
esp32,1787200684012094582
lidar,1787200684064108772
esp32,1787200684111912689
lidar,1787200684164267957
esp32,1787200684212378930
lidar,1787200684264485197
esp32,1787200684312337361
lidar,1787200684363846472
esp32,1787200684412331637
lidar,1787200684463604176
esp32,1787200684512572269
lidar,1787200684563404108
esp32,1787200684612199348
lidar,1787200684663040553
esp32,1787200684711881050
lidar,1787200684762898645
esp32,1787200684811921846
lidar,1787200684862636953
esp32,1787200684912079473
lidar,1787200684962844258
esp32,1787200685012050887
lidar,1787200685062467579
esp32,1787200685112363577
lidar,1787200685162306353
esp32,1787200685231762546
lidar,1787200685261790165
esp32,1787200685311784928
lidar,1787200685362137385
esp32,1787200685411912803
lidar,1787200685461347943
esp32,1787200685512172055
lidar,1787200685561068302
esp32,1787200685611950455
lidar,1787200685661106557
esp32,1787200685712022476
lidar,1787200685760558699
esp32,1787200685811962585
lidar,1787200685860478874
esp32,1787200685911956747
lidar,1787200685960410861
esp32,1787200686011964327
lidar,1787200686060766978
esp32,1787200686111818595
lidar,1787200686160766318
esp32,1787200686212195221
lidar,1787200686260852840
esp32,1787200686311758692
lidar,1787200686360658108
esp32,1787200686431477384
lidar,1787200686460714190
esp32,1787200686531426585
lidar,1787200686560574370
esp32,1787200686612035222
lidar,1787200686660409725
esp32,1787200686711914906
lidar,1787200686760375584
esp32,1787200686831465450
lidar,1787200686859914598
esp32,1787200686912106190
lidar,1787200686959631449
esp32,1787200687012206142
lidar,1787200687059061288
esp32,1787200687112453642
lidar,1787200687158884100
esp32,1787200687212159065
lidar,1787200687258614500
esp32,1787200687312687273
lidar,1787200687358588878
esp32,1787200687412080478
lidar,1787200687458802472
esp32,1787200687512141364
lidar,1787200687558564852
esp32,1787200687612332670
lidar,1787200687658199693
esp32,1787200687731544839
lidar,1787200687757656022
esp32,1787200687812398376
lidar,1787200687858404956
esp32,1787200687912305270
lidar,1787200687957738116
esp32,1787200688012542022
lidar,1787200688057604180
esp32,1787200688112040755
lidar,1787200688157195039
esp32,1787200688212100724
lidar,1787200688256898271
esp32,1787200688312466195
lidar,1787200688357462442
esp32,1787200688412030048
lidar,1787200688457706320
esp32,1787200688512395226
lidar,1787200688558250544
esp32,1787200688612033780
lidar,1787200688658497467
esp32,1787200688712154850
lidar,1787200688758360195
esp32,1787200688811868676
lidar,1787200688859574403
esp32,1787200688912226078
lidar,1787200688958994195
esp32,1787200689012095889
lidar,1787200689058780355
esp32,1787200689112104009
lidar,1787200689158362018
esp32,1787200689211675086
lidar,1787200689258315043
esp32,1787200689312000970
lidar,1787200689358808507
esp32,1787200689412004969
lidar,1787200689457810948
esp32,1787200689531355815
lidar,1787200689558242994
esp32,1787200689612192780
lidar,1787200689657862641
esp32,1787200689712195151
lidar,1787200689757582309
esp32,1787200689812486306
lidar,1787200689857363914
esp32,1787200689931508203
lidar,1787200689956851559
esp32,1787200690031571909
lidar,1787200690056977059
esp32,1787200690131553761
lidar,1787200690156314502
esp32,1787200690231616336
lidar,1787200690256229042
esp32,1787200690331590125
lidar,1787200690355752286
esp32,1787200690431456960
lidar,1787200690455723091
esp32,1787200690512418970
lidar,1787200690555641582
esp32,1787200690612054157
lidar,1787200690655482742
esp32,1787200690712189149
lidar,1787200690755873331
esp32,1787200690812024371
lidar,1787200690856377702
esp32,1787200690911972490
lidar,1787200690956706475
esp32,1787200691012094600
lidar,1787200691057570696
esp32,1787200691111966667
lidar,1787200691157326091
esp32,1787200691212001909
lidar,1787200691257632551
esp32,1787200691311958210
lidar,1787200691358117541
esp32,1787200691411720135
lidar,1787200691457842297
esp32,1787200691512170578
lidar,1787200691557664242
esp32,1787200691631470401
lidar,1787200691657438977
esp32,1787200691731520843
lidar,1787200691757248816
esp32,1787200691831589221
lidar,1787200691856848295
esp32,1787200691931482294
lidar,1787200691956851105
esp32,1787200692031541415
lidar,1787200692056674596
esp32,1787200692131740607
lidar,1787200692156183752
esp32,1787200692212294164
lidar,1787200692256243353
esp32,1787200692311030696
lidar,1787200692356427935
esp32,1787200692412736649
lidar,1787200692456398639
esp32,1787200692512162453
lidar,1787200692556226274
esp32,1787200692612159853
lidar,1787200692656288009
esp32,1787200692712074789
lidar,1787200692755626162
esp32,1787200692812076222
lidar,1787200692855897470
esp32,1787200692931719449
lidar,1787200692955410396
esp32,1787200693011823799
lidar,1787200693055321378
esp32,1787200693112101652
lidar,1787200693155374963
esp32,1787200693212445049
lidar,1787200693255339149
esp32,1787200693331550958
lidar,1787200693355193869
esp32,1787200693431478710
lidar,1787200693454740065
esp32,1787200693531542110
lidar,1787200693554978817
esp32,1787200693631600769
lidar,1787200693654806161
esp32,1787200693731472835
lidar,1787200693754981885
esp32,1787200693831608594
lidar,1787200693854691374
esp32,1787200693912211949
lidar,1787200693954281381
esp32,1787200694012149606
lidar,1787200694054411019
esp32,1787200694112148977
lidar,1787200694154370809
esp32,1787200694212215044
lidar,1787200694253680768
esp32,1787200694312146059
lidar,1787200694353146767
esp32,1787200694412195879
lidar,1787200694452445780
esp32,1787200694512214852
lidar,1787200694551540552
esp32,1787200694612212305
lidar,1787200694650738125
esp32,1787200694712180464
lidar,1787200694749930482
esp32,1787200694812428278
lidar,1787200694849363840
esp32,1787200694931613285
lidar,1787200694948286210
esp32,1787200695031593315
lidar,1787200695047252829
esp32,1787200695131601332
lidar,1787200695147154420
esp32,1787200695231587094
lidar,1787200695246457086
esp32,1787200695331612818
lidar,1787200695346028338
esp32,1787200695431624846
lidar,1787200695445532051
esp32,1787200695531475823
lidar,1787200695545576613
esp32,1787200695612364189
lidar,1787200695645340580
esp32,1787200695712193973
lidar,1787200695745134046
esp32,1787200695831549319
lidar,1787200695844887997
esp32,1787200695912309513
lidar,1787200695944627838
esp32,1787200696012552100
lidar,1787200696044323333
esp32,1787200696112259161
lidar,1787200696144552830
esp32,1787200696212329165
lidar,1787200696243894255
esp32,1787200696312142497
lidar,1787200696343948480
esp32,1787200696411921490
lidar,1787200696443994292
esp32,1787200696512593552
lidar,1787200696544346363
esp32,1787200696612149380
lidar,1787200696644767503
esp32,1787200696712372196
lidar,1787200696745105830
esp32,1787200696812061218
lidar,1787200696844866519
esp32,1787200696912043860
lidar,1787200696945028683
esp32,1787200697012306235
lidar,1787200697044776057
esp32,1787200697112123374
lidar,1787200697144780222
esp32,1787200697212231924
lidar,1787200697244528656
esp32,1787200697311900147
lidar,1787200697344121281
esp32,1787200697412133480
lidar,1787200697443654987
esp32,1787200697511918109
lidar,1787200697543605165
esp32,1787200697611969618
lidar,1787200697643381037
esp32,1787200697712288291
lidar,1787200697743424768
esp32,1787200697811984036
lidar,1787200697843292375
esp32,1787200697912202560
lidar,1787200697943303752
esp32,1787200698031463062
lidar,1787200698042407733
esp32,1787200698131469150
lidar,1787200698142382898
esp32,1787200698231541089
lidar,1787200698241904843
esp32,1787200698331498449
lidar,1787200698341561561
esp32,1787200698431513683
lidar,1787200698441337890
esp32,1787200698531419923
lidar,1787200698541564427
esp32,1787200698631530722
lidar,1787200698640737607
esp32,1787200698731605312
lidar,1787200698740690940
esp32,1787200698831598061
lidar,1787200698840640875
esp32,1787200698912104427
lidar,1787200698941520223
esp32,1787200699012189882
lidar,1787200699041843582
esp32,1787200699112246493
lidar,1787200699141865696
esp32,1787200699212288392
lidar,1787200699242690620
esp32,1787200699312056783
lidar,1787200699343450574
esp32,1787200699412011986
lidar,1787200699443676206
esp32,1787200699512154179
lidar,1787200699544110738
esp32,1787200699631697062
lidar,1787200699644684725
esp32,1787200699712076925
lidar,1787200699744422911
esp32,1787200699812009809
lidar,1787200699844440161
esp32,1787200699912477734
lidar,1787200699944575580
esp32,1787200700031463937
lidar,1787200700044360228
esp32,1787200700131548654
lidar,1787200700143719436
esp32,1787200700231464993
lidar,1787200700243277246
esp32,1787200700331538260
lidar,1787200700343390932
esp32,1787200700431450930
lidar,1787200700442383246
esp32,1787200700531424861
lidar,1787200700542231010
esp32,1787200700631447472
lidar,1787200700641997741
esp32,1787200700712110025
lidar,1787200700742125593
esp32,1787200700812115113
lidar,1787200700841879022
esp32,1787200700912016495
lidar,1787200700941767181
esp32,1787200701012129348
lidar,1787200701041468717
esp32,1787200701131442887
lidar,1787200701141166405
esp32,1787200701231508446
lidar,1787200701241422913
esp32,1787200701331612077
lidar,1787200701341110171
esp32,1787200701431438029
lidar,1787200701441086808
esp32,1787200701512581130
lidar,1787200701541045322
esp32,1787200701631487755
lidar,1787200701640238815
esp32,1787200701731478159
lidar,1787200701740337043
esp32,1787200701831474589
lidar,1787200701840678997
esp32,1787200701931475117
lidar,1787200701940852924
esp32,1787200702031511454
lidar,1787200702041274039
esp32,1787200702131535931
lidar,1787200702142124285
esp32,1787200702231518449
lidar,1787200702242420970
esp32,1787200702331521178
lidar,1787200702343084154
esp32,1787200702412207026
lidar,1787200702443368697
esp32,1787200702512377478
lidar,1787200702543313454
esp32,1787200702612177426
lidar,1787200702643244247
esp32,1787200702712437594
lidar,1787200702742602305
esp32,1787200702812138767
lidar,1787200702842106786
esp32,1787200702931602487
lidar,1787200702942037806
esp32,1787200703031385022
lidar,1787200703042389264
esp32,1787200703112168405
lidar,1787200703141934262
esp32,1787200703231393063
lidar,1787200703241730579
esp32,1787200703331458374
lidar,1787200703341626200
esp32,1787200703431453219
lidar,1787200703441447713
esp32,1787200703531472375
lidar,1787200703541355675
esp32,1787200703631312393
lidar,1787200703640988983
esp32,1787200703731589917
lidar,1787200703740795540
esp32,1787200703831328194
lidar,1787200703840519333
esp32,1787200703931428038
lidar,1787200703940208444
esp32,1787200704012152216
lidar,1787200704040380556
esp32,1787200704112099622
lidar,1787200704140422043
esp32,1787200704212134914
lidar,1787200704240247519
esp32,1787200704312211427
lidar,1787200704340295820
esp32,1787200704411808519
lidar,1787200704440190628
esp32,1787200704512313564
lidar,1787200704540288607
esp32,1787200704631399626
lidar,1787200704639350036
esp32,1787200704731460941
lidar,1787200704739499273
esp32,1787200704812004841
lidar,1787200704839683319
esp32,1787200704931588031
lidar,1787200704938583846
esp32,1787200705012240874
lidar,1787200705038622853
esp32,1787200705112535859
lidar,1787200705138437615
esp32,1787200705212173025
lidar,1787200705238025141
esp32,1787200705312333043
lidar,1787200705337999886
esp32,1787200705412308433
lidar,1787200705437579787
esp32,1787200705512259763
lidar,1787200705536992567
esp32,1787200705612362384
lidar,1787200705636506298
esp32,1787200705712166580
lidar,1787200705736944042
esp32,1787200705812182377
lidar,1787200705836369486
esp32,1787200705912244572
lidar,1787200705935970022
esp32,1787200706012499087
lidar,1787200706036362149
esp32,1787200706112286733
lidar,1787200706136336395
esp32,1787200706212313368
lidar,1787200706237022627
esp32,1787200706312132642
lidar,1787200706337340763
esp32,1787200706412289665
lidar,1787200706438114488
esp32,1787200706531514186
lidar,1787200706537716720
esp32,1787200706631447474
lidar,1787200706637710653
esp32,1787200706731777036
lidar,1787200706737927650
esp32,1787200706831550086
lidar,1787200706837368476
esp32,1787200706931525499
lidar,1787200706937372992
esp32,1787200707031586089
lidar,1787200707037086250
esp32,1787200707131541889
lidar,1787200707136613761
esp32,1787200707231520029
lidar,1787200707236176216
esp32,1787200707331575292
lidar,1787200707335684086
esp32,1787200707412114681
lidar,1787200707435573853
esp32,1787200707512355849
lidar,1787200707535302813
esp32,1787200707611995756
lidar,1787200707634990163
esp32,1787200707731480005
lidar,1787200707734409178
esp32,1787200707811290858
lidar,1787200707834213121
esp32,1787200707912047578
lidar,1787200707934568571
esp32,1787200708012266564
lidar,1787200708034668788
esp32,1787200708112040666
lidar,1787200708135381905
esp32,1787200708231561773
lidar,1787200708235498666
esp32,1787200708312289377
lidar,1787200708336024703
esp32,1787200708431559765
lidar,1787200708437114205
esp32,1787200708512783146
lidar,1787200708537362093
esp32,1787200708631504852
lidar,1787200708638049214
esp32,1787200708731605713
lidar,1787200708738641151
esp32,1787200708831616974
lidar,1787200708838672556
esp32,1787200708931552558
lidar,1787200708939306089
esp32,1787200709012356894
lidar,1787200709039350771
esp32,1787200709112371161
lidar,1787200709138764261
esp32,1787200709212206219
lidar,1787200709238632415
esp32,1787200709312014653
lidar,1787200709338376200
esp32,1787200709412214628
lidar,1787200709438370785
esp32,1787200709512130709
lidar,1787200709538167079
esp32,1787200709612131205
lidar,1787200709637586604
esp32,1787200709711467178
lidar,1787200709737150641
esp32,1787200709812269183
lidar,1787200709836893672
esp32,1787200709912270063
lidar,1787200709936744534
esp32,1787200710031366346
lidar,1787200710036234158
esp32,1787200710131471733
lidar,1787200710136149637
esp32,1787200710231510477
lidar,1787200710236309536
esp32,1787200710331638577
lidar,1787200710336258036
esp32,1787200710431476451
lidar,1787200710435925913
esp32,1787200710531412209
lidar,1787200710535879430
esp32,1787200710631466451
lidar,1787200710635418563
esp32,1787200710711880010
lidar,1787200710735191853
esp32,1787200710831506919
lidar,1787200710834850899
esp32,1787200710911848228
lidar,1787200710934795299
esp32,1787200711012332011
lidar,1787200711034582220
esp32,1787200711111943875
lidar,1787200711134637145
esp32,1787200711211933228
lidar,1787200711235058196
esp32,1787200711311720560
lidar,1787200711335336016
esp32,1787200711412053137
lidar,1787200711435700275
esp32,1787200711512163702
lidar,1787200711535818464
esp32,1787200711612132434
lidar,1787200711636300976
esp32,1787200711711974121
lidar,1787200711735786866
esp32,1787200711831646282
lidar,1787200711835670649
esp32,1787200711931484556
lidar,1787200711935310974
esp32,1787200712031594153
lidar,1787200712035124617
esp32,1787200712131544315
lidar,1787200712134418674
esp32,1787200712231537209
lidar,1787200712234599285
esp32,1787200712331334001
lidar,1787200712334075237
esp32,1787200712412253192
lidar,1787200712434047484
esp32,1787200712512159078
lidar,1787200712534006596
esp32,1787200712612254771
lidar,1787200712633558840
esp32,1787200712712326845
lidar,1787200712733346248
esp32,1787200712812224372
lidar,1787200712833983141
esp32,1787200712931593785
lidar,1787200712933732196
esp32,1787200713012294357
lidar,1787200713034723283
esp32,1787200713112053162
lidar,1787200713134921973
esp32,1787200713211969194
lidar,1787200713235562598
esp32,1787200713312122481
lidar,1787200713335356802
esp32,1787200713431589130
lidar,1787200713435330827
esp32,1787200713531505832
lidar,1787200713534975818
esp32,1787200713612355559
lidar,1787200713634982146
esp32,1787200713711979432
lidar,1787200713734645441
esp32,1787200713811769884
lidar,1787200713834725010
esp32,1787200713912067979
lidar,1787200713934281685
esp32,1787200714013076434
lidar,1787200714034459804
esp32,1787200714112275607
lidar,1787200714134241533
esp32,1787200714212559072
lidar,1787200714234046938
esp32,1787200714312230054
lidar,1787200714334071399
esp32,1787200714412316965
lidar,1787200714433505059
esp32,1787200714512030978
lidar,1787200714533305341
esp32,1787200714611949761
lidar,1787200714633238200
esp32,1787200714711952389
lidar,1787200714733256143
esp32,1787200714831539326
lidar,1787200714832717275
esp32,1787200714911934108
lidar,1787200714932668031
esp32,1787200715012464621
lidar,1787200715032229730
esp32,1787200715131407486
lidar,1787200715132378404
esp32,1787200715231509064
lidar,1787200715232613724
esp32,1787200715331518624
lidar,1787200715332468153
esp32,1787200715431517589
lidar,1787200715432185900
lidar,1787200715531337489
esp32,1787200715532348992
lidar,1787200715631107769
esp32,1787200715632120108
lidar,1787200715731071311
esp32,1787200715732027224
esp32,1787200715812603520
lidar,1787200715830811146
esp32,1787200715912153004
lidar,1787200715930639727
esp32,1787200716012076328
lidar,1787200716030642641
esp32,1787200716112124758
lidar,1787200716130916908
esp32,1787200716212192326
lidar,1787200716231316915
esp32,1787200716312012737
lidar,1787200716331930324
esp32,1787200716411933408
lidar,1787200716432598183
esp32,1787200716531592381
lidar,1787200716533232637
esp32,1787200716631432838
lidar,1787200716633504908
esp32,1787200716731420215
lidar,1787200716733462134
esp32,1787200716831385252
lidar,1787200716833771330
esp32,1787200716931510496
lidar,1787200716933239026
esp32,1787200717031429738
lidar,1787200717033463461
esp32,1787200717131652545
lidar,1787200717132910257
esp32,1787200717231601238
lidar,1787200717232581215
esp32,1787200717331586720
lidar,1787200717332789148
esp32,1787200717431563469
lidar,1787200717432655207
esp32,1787200717512524831
lidar,1787200717532716042
esp32,1787200717612135637
lidar,1787200717632465290
esp32,1787200717712147619
lidar,1787200717732443384
esp32,1787200717812351729
lidar,1787200717832543477
esp32,1787200717912385704
lidar,1787200717932002157
esp32,1787200718012340234
lidar,1787200718031661264
lidar,1787200718131758800
esp32,1787200718151551332
esp32,1787200718212434169
lidar,1787200718231291601
esp32,1787200718312187774
lidar,1787200718330982598
lidar,1787200718431146972
esp32,1787200718432090533
lidar,1787200718531165069
esp32,1787200718532121659
lidar,1787200718630997488
esp32,1787200718631970897
lidar,1787200718730726298
esp32,1787200718731685410
lidar,1787200718830526477
esp32,1787200718831443663
lidar,1787200718930136655
esp32,1787200718931249144
lidar,1787200719030043583
esp32,1787200719031244319
lidar,1787200719129820850
esp32,1787200719131302453
lidar,1787200719229842239
esp32,1787200719231315060
lidar,1787200719329552817
esp32,1787200719331543542
esp32,1787200719412129471
lidar,1787200719429526669
lidar,1787200719528882916
esp32,1787200719531339221
esp32,1787200719612416851
lidar,1787200719628849094
esp32,1787200719712321808
lidar,1787200719728965118
esp32,1787200719812265724
lidar,1787200719828883915
esp32,1787200719912036749
lidar,1787200719929369528
esp32,1787200720012349323
lidar,1787200720030004829
esp32,1787200720112557864
lidar,1787200720130455237
lidar,1787200720230595174
esp32,1787200720231760697
lidar,1787200720330818263
esp32,1787200720331856267
lidar,1787200720431546611
esp32,1787200720432584407
esp32,1787200720531572536
lidar,1787200720532705159
esp32,1787200720631446367
lidar,1787200720632589676
esp32,1787200720731466374
lidar,1787200720732624294
lidar,1787200720831547451
esp32,1787200720832647817
lidar,1787200720931250817
esp32,1787200720932331476
esp32,1787200721012394403
lidar,1787200721031046429
esp32,1787200721111885229
lidar,1787200721130750838
esp32,1787200721211996350
lidar,1787200721230373545
esp32,1787200721312252369
lidar,1787200721330393468
lidar,1787200721429905300
esp32,1787200721431256666
esp32,1787200721512056586
lidar,1787200721529912290
esp32,1787200721612087454
lidar,1787200721629884989
esp32,1787200721711857298
lidar,1787200721729353034
esp32,1787200721812008103
lidar,1787200721829554939
esp32,1787200721912204042
lidar,1787200721929101057
lidar,1787200722029153289
esp32,1787200722031407975
lidar,1787200722128790550
esp32,1787200722131419596
esp32,1787200722212169790
lidar,1787200722228414895
esp32,1787200722312164351
lidar,1787200722328193069
esp32,1787200722412200511
lidar,1787200722428242418
esp32,1787200722512270731
lidar,1787200722528019290
esp32,1787200722612065430
lidar,1787200722627325857
esp32,1787200722712173834
lidar,1787200722727291957
esp32,1787200722812054015
lidar,1787200722827269418
esp32,1787200722912255149
lidar,1787200722927189908
esp32,1787200723012317253
lidar,1787200723027629136
esp32,1787200723112192837
lidar,1787200723127945677
lidar,1787200723227939903
esp32,1787200723231375709
lidar,1787200723328472877
esp32,1787200723331382348
lidar,1787200723428871267
esp32,1787200723431438266
lidar,1787200723529790311
esp32,1787200723531659908
lidar,1787200723630064304
esp32,1787200723631694042
lidar,1787200723730415573
esp32,1787200723731626271
lidar,1787200723830830206
esp32,1787200723831951821
lidar,1787200723930474343
esp32,1787200723931270124
lidar,1787200724030902889
esp32,1787200724031966743
lidar,1787200724130181057
esp32,1787200724131581269
lidar,1787200724229944343
esp32,1787200724231280987
lidar,1787200724330119822
esp32,1787200724331397637
lidar,1787200724429948327
esp32,1787200724431381605
lidar,1787200724529899366
esp32,1787200724531458721
lidar,1787200724629406078
esp32,1787200724631482386
lidar,1787200724729368541
esp32,1787200724731215217
lidar,1787200724828763951
esp32,1787200724831315628
lidar,1787200724928599264
esp32,1787200724931369542
lidar,1787200725028015434
esp32,1787200725031319756
lidar,1787200725127862898
esp32,1787200725131340488
lidar,1787200725227323696
esp32,1787200725231397124
lidar,1787200725327194603
esp32,1787200725331179904
lidar,1787200725427130738
esp32,1787200725431258654
lidar,1787200725526524121
esp32,1787200725531304097
lidar,1787200725626566577
esp32,1787200725631288821
lidar,1787200725726441994
esp32,1787200725731199225
lidar,1787200725826208112
esp32,1787200725831356674
lidar,1787200725925218175
esp32,1787200725931031381
lidar,1787200726026042326
esp32,1787200726031392554
lidar,1787200726126362730
esp32,1787200726131344262
lidar,1787200726226728093
esp32,1787200726231287042
lidar,1787200726327695712
esp32,1787200726331247368
lidar,1787200726427771535
esp32,1787200726431324917
lidar,1787200726528220146
esp32,1787200726531360861
lidar,1787200726628061007
esp32,1787200726631281323
lidar,1787200726728120454
esp32,1787200726731309359
lidar,1787200726827693244
esp32,1787200726831263881
lidar,1787200726927406739
esp32,1787200726931259327
lidar,1787200727027313893
esp32,1787200727031341249
lidar,1787200727127068225
esp32,1787200727131476527
lidar,1787200727227017764
esp32,1787200727231339373
lidar,1787200727326828406
esp32,1787200727331258866
lidar,1787200727426455989
esp32,1787200727431345573
lidar,1787200727526873692
esp32,1787200727531417566
lidar,1787200727626365217
esp32,1787200727631363233
lidar,1787200727726352711
esp32,1787200727731263312
lidar,1787200727826146303
esp32,1787200727831257961
lidar,1787200727926126789
esp32,1787200727931307943
lidar,1787200728026110650
esp32,1787200728031381309
lidar,1787200728126058507
esp32,1787200728131398639
lidar,1787200728225815013
esp32,1787200728231345624
lidar,1787200728325577659
esp32,1787200728331324719
lidar,1787200728425811618
esp32,1787200728431271597
lidar,1787200728525949041
esp32,1787200728531341623
lidar,1787200728625203250
esp32,1787200728631387599
lidar,1787200728725389521
esp32,1787200728731398313
lidar,1787200728825219924
esp32,1787200728831353042
lidar,1787200728924816948
esp32,1787200728931556046
lidar,1787200729024626048
esp32,1787200729031361253
lidar,1787200729124429423
esp32,1787200729131305804
lidar,1787200729224189393
esp32,1787200729231363894
lidar,1787200729323847841
esp32,1787200729331254366
lidar,1787200729424128949
esp32,1787200729431283123
lidar,1787200729524108101
esp32,1787200729531578228
lidar,1787200729623660060
esp32,1787200729631278192
lidar,1787200729723857072
esp32,1787200729731311771
lidar,1787200729823643653
esp32,1787200729831434443
lidar,1787200729923161205
esp32,1787200729931175082
lidar,1787200730023151850
esp32,1787200730031240527
lidar,1787200730123047230
esp32,1787200730131258399
lidar,1787200730222788297
esp32,1787200730231331190
lidar,1787200730322512268
esp32,1787200730331210193
lidar,1787200730422730068
esp32,1787200730431665364
lidar,1787200730522785298
esp32,1787200730531241626
lidar,1787200730622213832
esp32,1787200730631248046
lidar,1787200730722287966
esp32,1787200730731274908
lidar,1787200730821959321
esp32,1787200730831285260
lidar,1787200730921894166
esp32,1787200730931362309
lidar,1787200731022032660
esp32,1787200731031328456
lidar,1787200731121495234
esp32,1787200731131284011
lidar,1787200731221355888
esp32,1787200731231289138
lidar,1787200731321138002
esp32,1787200731331418247
lidar,1787200731421119068
esp32,1787200731431281104
lidar,1787200731520636090
esp32,1787200731531203854
lidar,1787200731620431870
esp32,1787200731631314535
lidar,1787200731720314655
esp32,1787200731731320426
lidar,1787200731819977691
esp32,1787200731831399833
lidar,1787200731919565066
esp32,1787200731931363755
lidar,1787200732019113146
esp32,1787200732031269777
lidar,1787200732119342198
esp32,1787200732131398781
lidar,1787200732218853555
esp32,1787200732231336132
lidar,1787200732319100754
esp32,1787200732331334271
lidar,1787200732419284160
esp32,1787200732431319407
lidar,1787200732519598255
esp32,1787200732531419708
lidar,1787200732619961232
esp32,1787200732631406972
lidar,1787200732720293441
esp32,1787200732731309996
lidar,1787200732820611635
esp32,1787200732831320372
lidar,1787200732920843274
esp32,1787200732931363518
lidar,1787200733020951582
esp32,1787200733031485668
lidar,1787200733120627286
esp32,1787200733131318375
lidar,1787200733220371977
esp32,1787200733231301715
lidar,1787200733320108015
esp32,1787200733351964895
lidar,1787200733419976453
esp32,1787200733431292758
lidar,1787200733519605970
esp32,1787200733531342847
lidar,1787200733619415271
esp32,1787200733631242564
lidar,1787200733719102741
esp32,1787200733731337563
lidar,1787200733819331336
esp32,1787200733831523359
lidar,1787200733919109707
esp32,1787200733931301758
lidar,1787200734018980260
esp32,1787200734031332162
lidar,1787200734118602410
esp32,1787200734131224859
lidar,1787200734218204751
esp32,1787200734231261656
lidar,1787200734318438021
esp32,1787200734331386084
lidar,1787200734418237375
esp32,1787200734431335438
lidar,1787200734518336122
esp32,1787200734531273966
lidar,1787200734617859721
esp32,1787200734631379180
lidar,1787200734717850645
esp32,1787200734731430768
lidar,1787200734817227588
esp32,1787200734831335400
lidar,1787200734916765157
esp32,1787200734931532197
lidar,1787200735016376758
esp32,1787200735031422985
lidar,1787200735116568294
esp32,1787200735131458611
lidar,1787200735216472304
esp32,1787200735231339543
lidar,1787200735316590107
esp32,1787200735331517963
lidar,1787200735417354918
esp32,1787200735431397065
lidar,1787200735517821938
esp32,1787200735531619825
lidar,1787200735618268239
esp32,1787200735631254345
lidar,1787200735718426883
esp32,1787200735731338897
lidar,1787200735818623943
esp32,1787200735831339383
lidar,1787200735918639300
esp32,1787200735931347834
lidar,1787200736018610757
esp32,1787200736031333475
lidar,1787200736118769132
esp32,1787200736131485526
lidar,1787200736218662476
esp32,1787200736231431925
lidar,1787200736318542809
esp32,1787200736331553182
lidar,1787200736418317385
esp32,1787200736431381836
lidar,1787200736517969061
esp32,1787200736531418531
lidar,1787200736617534893
esp32,1787200736631320825
lidar,1787200736717220719
esp32,1787200736731345121
esp32,1787200736812950057
lidar,1787200736816734315
lidar,1787200736916766975
esp32,1787200736931457878
lidar,1787200737016529629
esp32,1787200737031376694
lidar,1787200737116377187
esp32,1787200737131182367
lidar,1787200737216003411
esp32,1787200737231302787
lidar,1787200737316026333
esp32,1787200737330605477
lidar,1787200737415954242
esp32,1787200737431246445
lidar,1787200737516014225
esp32,1787200737531357618
lidar,1787200737615603001
esp32,1787200737631444281
lidar,1787200737714940006
esp32,1787200737731345084
lidar,1787200737814645845
esp32,1787200737831350261
lidar,1787200737914522855
esp32,1787200737931497797
lidar,1787200738014058170
esp32,1787200738031319578
lidar,1787200738113783234
esp32,1787200738131474163
lidar,1787200738213482771
esp32,1787200738231408362
lidar,1787200738313905869
esp32,1787200738331251055
lidar,1787200738414246263
esp32,1787200738431460415
lidar,1787200738514402537
esp32,1787200738531356651
lidar,1787200738615128209
esp32,1787200738631602181
lidar,1787200738715429656
esp32,1787200738731372433
lidar,1787200738816310799
esp32,1787200738831410345
lidar,1787200738916476251
esp32,1787200738931409240
lidar,1787200739016309204
esp32,1787200739031428063
lidar,1787200739116301822
esp32,1787200739131180571
lidar,1787200739215983867
esp32,1787200739231412282
lidar,1787200739316447638
esp32,1787200739331279107
lidar,1787200739416117242
esp32,1787200739431313658
lidar,1787200739515700697
esp32,1787200739531279804
lidar,1787200739615747469
esp32,1787200739631531506
lidar,1787200739715929379
esp32,1787200739731739208
lidar,1787200739815432017
esp32,1787200739831544101
lidar,1787200739914785734
esp32,1787200739931543010
lidar,1787200740014900861
esp32,1787200740031596593
lidar,1787200740114726254
esp32,1787200740131381755
esp32,1787200740212841072
lidar,1787200740214301966
lidar,1787200740314097544
esp32,1787200740331529811
lidar,1787200740414262224
esp32,1787200740431516576
lidar,1787200740513475011
esp32,1787200740531467077
lidar,1787200740613578706
esp32,1787200740631391390
lidar,1787200740713047440
esp32,1787200740731548888
lidar,1787200740812516308
esp32,1787200740831516532
lidar,1787200740912598661
esp32,1787200740931691556
lidar,1787200741012166872
esp32,1787200741031521495
lidar,1787200741111798687
esp32,1787200741131314026
lidar,1787200741211905025
esp32,1787200741231428514
lidar,1787200741311694061
esp32,1787200741331425262
lidar,1787200741411126167
esp32,1787200741431382563
lidar,1787200741510896680
esp32,1787200741531627905
lidar,1787200741610621058
esp32,1787200741631398779
lidar,1787200741710444118
esp32,1787200741731451856
lidar,1787200741810312704
esp32,1787200741831316128
lidar,1787200741910417029
esp32,1787200741931443526
lidar,1787200742009892580
esp32,1787200742031402575
lidar,1787200742109645290
esp32,1787200742130867288
lidar,1787200742209697866
esp32,1787200742231469243
lidar,1787200742309772744
esp32,1787200742331331011
lidar,1787200742410534563
esp32,1787200742431398184
lidar,1787200742510560142
esp32,1787200742531366060
lidar,1787200742610730972
esp32,1787200742631183558
lidar,1787200742711376161
esp32,1787200742731386183
lidar,1787200742811294320
esp32,1787200742831285563
lidar,1787200742911380837
esp32,1787200742931243440
lidar,1787200743011094425
esp32,1787200743031434104
lidar,1787200743110726108
esp32,1787200743131281909
lidar,1787200743210367734
esp32,1787200743231370522
lidar,1787200743310303720
esp32,1787200743331401642
lidar,1787200743409842908
esp32,1787200743431262504
lidar,1787200743509394969
esp32,1787200743531280423
lidar,1787200743609110603
esp32,1787200743631260433
lidar,1787200743708751218
esp32,1787200743731268065
lidar,1787200743808448227
esp32,1787200743831446507
lidar,1787200743908217819
esp32,1787200743931430518
lidar,1787200744008002569
esp32,1787200744031481734
lidar,1787200744107402858
esp32,1787200744131233150
lidar,1787200744207578800
esp32,1787200744231293102
lidar,1787200744307888445
esp32,1787200744331284843
lidar,1787200744408194371
esp32,1787200744431409905
lidar,1787200744508483349
esp32,1787200744531705852
lidar,1787200744609250011
esp32,1787200744631271011
lidar,1787200744709646474
esp32,1787200744731504214
lidar,1787200744810348946
esp32,1787200744831492696
lidar,1787200744910350047
esp32,1787200744931258229
lidar,1787200745010556617
esp32,1787200745031353512
lidar,1787200745110991930
esp32,1787200745131426766
lidar,1787200745210281642
esp32,1787200745231280348
lidar,1787200745310322108
esp32,1787200745331389346
lidar,1787200745409787661
esp32,1787200745431295268
lidar,1787200745509793251
esp32,1787200745531421912
lidar,1787200745609820740
esp32,1787200745631221738
lidar,1787200745709443266
esp32,1787200745731682055
lidar,1787200745809322659
esp32,1787200745831393591
lidar,1787200745908855329
esp32,1787200745931453112
lidar,1787200746008613357
esp32,1787200746031733866
lidar,1787200746108608281
esp32,1787200746131342618
lidar,1787200746208360685
esp32,1787200746231260649
lidar,1787200746308435052
esp32,1787200746331625491
lidar,1787200746407737238
esp32,1787200746431315875
lidar,1787200746507346956
esp32,1787200746531394101
lidar,1787200746607291931
esp32,1787200746631173142
lidar,1787200746707352353
esp32,1787200746731451388
lidar,1787200746807303985
esp32,1787200746831494639
lidar,1787200746907248517
esp32,1787200746931280637
lidar,1787200747007145271
esp32,1787200747031347341
lidar,1787200747107522024
esp32,1787200747131431088
lidar,1787200747208008912
esp32,1787200747231392709
lidar,1787200747308530297
esp32,1787200747331478204
lidar,1787200747408900025
esp32,1787200747431407126
lidar,1787200747509665575
esp32,1787200747531661084
lidar,1787200747609536693
esp32,1787200747631408966
lidar,1787200747709580263
esp32,1787200747731357616
lidar,1787200747809845827
esp32,1787200747831500461
lidar,1787200747909743498
esp32,1787200747931386862
lidar,1787200748009137849
esp32,1787200748031493857
lidar,1787200748109110953
esp32,1787200748131510868
lidar,1787200748208688844
esp32,1787200748231341004
lidar,1787200748308922851
esp32,1787200748331471618
lidar,1787200748408049210
esp32,1787200748430757590
lidar,1787200748508261409
esp32,1787200748531659281
lidar,1787200748608602251
esp32,1787200748631567677
lidar,1787200748707784214
esp32,1787200748731469806
lidar,1787200748807227620
esp32,1787200748831389975
lidar,1787200748906880834
esp32,1787200748931267666
lidar,1787200749006358695
esp32,1787200749031417933
lidar,1787200749106829124
esp32,1787200749131462967
lidar,1787200749206585411
esp32,1787200749231467885
lidar,1787200749306134523
esp32,1787200749331512061
lidar,1787200749405688183
esp32,1787200749431491141
lidar,1787200749505795694
esp32,1787200749531497641
lidar,1787200749605353804
esp32,1787200749631484490
lidar,1787200749704966613
esp32,1787200749731490204
lidar,1787200749804397338
esp32,1787200749830877528
lidar,1787200749903948934
esp32,1787200749930840648
lidar,1787200750003506468
esp32,1787200750030797343
lidar,1787200750103122199
esp32,1787200750131387645
lidar,1787200750203204631
esp32,1787200750231508972
lidar,1787200750302241760
esp32,1787200750330742093
lidar,1787200750402710377
esp32,1787200750431426777
lidar,1787200750502570349
esp32,1787200750531434768
lidar,1787200750603205538
esp32,1787200750631528555
lidar,1787200750703029323
esp32,1787200750731369149
lidar,1787200750803876417
esp32,1787200750831588617
lidar,1787200750904326301
esp32,1787200750931391811
lidar,1787200751004515565
esp32,1787200751031566688
lidar,1787200751105273352
esp32,1787200751131507025
lidar,1787200751205082140
esp32,1787200751231503593
lidar,1787200751305082606
esp32,1787200751331472905
lidar,1787200751404239993
esp32,1787200751431417535
lidar,1787200751504657380
esp32,1787200751531407510
lidar,1787200751603989497
esp32,1787200751631443369
lidar,1787200751703471538
esp32,1787200751731362373
lidar,1787200751803249069
esp32,1787200751831398993
lidar,1787200751903182923
esp32,1787200751931474977
lidar,1787200752002912530
esp32,1787200752031513716
lidar,1787200752102888551
esp32,1787200752131439542
lidar,1787200752202375180
esp32,1787200752231544969
lidar,1787200752301879868
esp32,1787200752330859523
lidar,1787200752401489576
esp32,1787200752431403711
lidar,1787200752501633266
esp32,1787200752531447807
lidar,1787200752601202372
esp32,1787200752631705803
lidar,1787200752701060241
esp32,1787200752731494046
lidar,1787200752801111081
esp32,1787200752831570016
lidar,1787200752900597325
esp32,1787200752931433691
lidar,1787200753000389171
esp32,1787200753031288000
lidar,1787200753100773675
esp32,1787200753131480750
lidar,1787200753200559842
esp32,1787200753231071829
lidar,1787200753300360067
esp32,1787200753330824059
lidar,1787200753400655984
esp32,1787200753430816706
lidar,1787200753500867703
esp32,1787200753530928730
lidar,1787200753601901569
esp32,1787200753631500933
lidar,1787200753701622735
esp32,1787200753731548298
lidar,1787200753801982964
esp32,1787200753831713446
lidar,1787200753901523008
esp32,1787200753931328414
lidar,1787200754001255786
esp32,1787200754031513205
lidar,1787200754101312815
esp32,1787200754131419884
lidar,1787200754200739398
esp32,1787200754231310898
lidar,1787200754299670211
esp32,1787200754331441481
lidar,1787200754399846482
esp32,1787200754431291456
lidar,1787200754500148089
esp32,1787200754531494577
lidar,1787200754599619447
esp32,1787200754631518325
lidar,1787200754699546827
esp32,1787200754731490993
lidar,1787200754799314947
esp32,1787200754831482137
lidar,1787200754899380077
esp32,1787200754931496548
lidar,1787200754999646435
esp32,1787200755031518078
lidar,1787200755099313266
esp32,1787200755131492256
lidar,1787200755199752099
esp32,1787200755231471860
lidar,1787200755300162300
esp32,1787200755331391704
lidar,1787200755400084089
esp32,1787200755431132513
lidar,1787200755500563931
esp32,1787200755531464459
lidar,1787200755600587994
esp32,1787200755631423196
lidar,1787200755700034860
esp32,1787200755731348839
lidar,1787200755800209367
esp32,1787200755831482971
lidar,1787200755899754586
esp32,1787200755931571530
lidar,1787200755999451266
esp32,1787200756031487116
lidar,1787200756099232305
esp32,1787200756131489098
lidar,1787200756198948748
esp32,1787200756231482042
lidar,1787200756298405824
esp32,1787200756330861871
lidar,1787200756398423195
esp32,1787200756431442078
lidar,1787200756497973505
esp32,1787200756536027225
lidar,1787200756597290613
esp32,1787200756631386807
lidar,1787200756696719563
esp32,1787200756731301638
lidar,1787200756796903438
esp32,1787200756831526676
lidar,1787200756897289593
esp32,1787200756931472457
lidar,1787200756997669569
esp32,1787200757031388858
lidar,1787200757098503097
esp32,1787200757131475296
lidar,1787200757198032175
esp32,1787200757231123292
lidar,1787200757298725872
esp32,1787200757331438151
lidar,1787200757399485030
esp32,1787200757431432412
lidar,1787200757499989486
esp32,1787200757531416589
lidar,1787200757600497981
esp32,1787200757631438594
lidar,1787200757700546965
esp32,1787200757731247469
lidar,1787200757800344501
esp32,1787200757831513851
lidar,1787200757900443409
esp32,1787200757931455790
lidar,1787200758000343852
esp32,1787200758031254718
lidar,1787200758100256743
esp32,1787200758131425795
lidar,1787200758199757452
esp32,1787200758231686297
lidar,1787200758299049700
esp32,1787200758331413952
lidar,1787200758398853705
esp32,1787200758431567395
lidar,1787200758498543825
esp32,1787200758531537493
lidar,1787200758598526536
esp32,1787200758631479947
lidar,1787200758698268077
esp32,1787200758731552922
lidar,1787200758797994941
esp32,1787200758831548771
lidar,1787200758897375354
esp32,1787200758931549382
lidar,1787200758997352791
esp32,1787200759031530022
lidar,1787200759096955222
esp32,1787200759131536318
lidar,1787200759196818557
esp32,1787200759231514129
lidar,1787200759296857104
esp32,1787200759331544793
lidar,1787200759397284160
esp32,1787200759431505241
lidar,1787200759497340364
esp32,1787200759531483291
lidar,1787200759597607767
esp32,1787200759631615737
lidar,1787200759697954001
esp32,1787200759731521510
lidar,1787200759798417192
esp32,1787200759831626162
lidar,1787200759898313856
esp32,1787200759931491489
lidar,1787200759997916498
esp32,1787200760031447428
lidar,1787200760098086604
esp32,1787200760131463575
lidar,1787200760197547386
esp32,1787200760231416500
lidar,1787200760297540544
esp32,1787200760331470497
lidar,1787200760397018815
esp32,1787200760431407963
lidar,1787200760496777769
esp32,1787200760531436301
lidar,1787200760596476855
esp32,1787200760631379280
lidar,1787200760696208406
esp32,1787200760731391829
lidar,1787200760795823066
esp32,1787200760831536481
lidar,1787200760895571737
esp32,1787200760931459355
lidar,1787200760995068961
esp32,1787200761031335040
lidar,1787200761094875753
esp32,1787200761131451834
lidar,1787200761194571702
esp32,1787200761231434595
lidar,1787200761294739255
esp32,1787200761331412759
lidar,1787200761394934121
esp32,1787200761431404449
lidar,1787200761495242316
esp32,1787200761531434272
lidar,1787200761595315961
esp32,1787200761631362836
lidar,1787200761695921740
esp32,1787200761731446444
lidar,1787200761796392990
esp32,1787200761831528241
lidar,1787200761896499778
esp32,1787200761931524426
lidar,1787200761996346237
esp32,1787200762031518411
lidar,1787200762096158131
esp32,1787200762131481259
lidar,1787200762195760786
esp32,1787200762231543394
lidar,1787200762295483005
esp32,1787200762331424734
lidar,1787200762394865015
esp32,1787200762431398709
lidar,1787200762495167458
esp32,1787200762531544794
lidar,1787200762594723429
esp32,1787200762631564872
lidar,1787200762694303408
esp32,1787200762731392740
lidar,1787200762794007194
esp32,1787200762831542027
lidar,1787200762893663731
esp32,1787200762931476280
lidar,1787200762993453654
esp32,1787200763031482762
lidar,1787200763093241216
esp32,1787200763131615683
lidar,1787200763192621444
esp32,1787200763231666443
lidar,1787200763292414392
esp32,1787200763331613211
lidar,1787200763391880133
esp32,1787200763431508224
lidar,1787200763491727382
esp32,1787200763531190099
lidar,1787200763590903413
esp32,1787200763630778969
lidar,1787200763690648754
esp32,1787200763730833956
lidar,1787200763790860211
esp32,1787200763830908395
lidar,1787200763891302438
esp32,1787200763931419645
lidar,1787200763992092778
esp32,1787200764031522775
lidar,1787200764092375660
esp32,1787200764131419474
lidar,1787200764193103359
esp32,1787200764231428849
lidar,1787200764293299525
esp32,1787200764331433398
lidar,1787200764393498516
esp32,1787200764431417128
lidar,1787200764494064283
esp32,1787200764531574723
lidar,1787200764594360634
esp32,1787200764631539128
lidar,1787200764694692719
esp32,1787200764731535749
lidar,1787200764794531459
esp32,1787200764831550728
lidar,1787200764894243036
esp32,1787200764931286296
lidar,1787200764993914210
esp32,1787200765031521940
lidar,1787200765093794331
esp32,1787200765131540048
lidar,1787200765193394650
esp32,1787200765231539142
lidar,1787200765292955123
esp32,1787200765331547556
lidar,1787200765392713670
esp32,1787200765431549851
lidar,1787200765492238588
esp32,1787200765531560484
lidar,1787200765592083406
esp32,1787200765631380422
lidar,1787200765691959001
esp32,1787200765731428911
lidar,1787200765792117695
esp32,1787200765831418265
lidar,1787200765891998898
esp32,1787200765931432823
lidar,1787200765991637534
esp32,1787200766031457676
lidar,1787200766091359378
esp32,1787200766131365357
lidar,1787200766191287433
esp32,1787200766231491020
lidar,1787200766290631262
esp32,1787200766331391369
lidar,1787200766390763705
esp32,1787200766430766787
lidar,1787200766490346565
esp32,1787200766531430786
lidar,1787200766590360235
esp32,1787200766631427329
lidar,1787200766690357531
esp32,1787200766731425461
lidar,1787200766790559357
esp32,1787200766831537541
lidar,1787200766890847442
esp32,1787200766931423386
lidar,1787200766991440851
esp32,1787200767031374064
lidar,1787200767091804796
esp32,1787200767131476473
lidar,1787200767192003905
esp32,1787200767231583327
lidar,1787200767292366578
esp32,1787200767331556265
lidar,1787200767392955718
esp32,1787200767431485281
lidar,1787200767493269066
esp32,1787200767531580542
lidar,1787200767593407593
esp32,1787200767631568263
lidar,1787200767693044926
esp32,1787200767731518741
lidar,1787200767792910276
esp32,1787200767831553301
lidar,1787200767892507438
esp32,1787200767931557643
lidar,1787200767991737540
esp32,1787200768031460806
lidar,1787200768091146938
esp32,1787200768131458180
lidar,1787200768190895970
esp32,1787200768231382713
lidar,1787200768290674687
esp32,1787200768331468850
lidar,1787200768390126275
esp32,1787200768431473718
lidar,1787200768489983338
esp32,1787200768531497384
lidar,1787200768589279974
esp32,1787200768631378648
lidar,1787200768688832471
esp32,1787200768731485633
lidar,1787200768789127266
esp32,1787200768851949022
lidar,1787200768888923637
esp32,1787200768931471423
lidar,1787200768988631583
esp32,1787200769031494916
lidar,1787200769089056019
esp32,1787200769131483918
lidar,1787200769189482009
esp32,1787200769231471713
lidar,1787200769289845831
esp32,1787200769331492439
lidar,1787200769390071451
esp32,1787200769431388619
lidar,1787200769490515244
esp32,1787200769531435050
lidar,1787200769590574217
esp32,1787200769631424613
lidar,1787200769690900995
esp32,1787200769731473621
lidar,1787200769791354086
esp32,1787200769831302415
lidar,1787200769891310288
esp32,1787200769931479521
lidar,1787200769991432204
esp32,1787200770031347690
lidar,1787200770091053920
esp32,1787200770131427236
lidar,1787200770191139668
esp32,1787200770231487600
lidar,1787200770290901163
esp32,1787200770331466837
lidar,1787200770390416039
esp32,1787200770431383520
lidar,1787200770489528889
esp32,1787200770531563807
lidar,1787200770589723701
esp32,1787200770631557083
lidar,1787200770689572427
esp32,1787200770731479004
lidar,1787200770789289470
esp32,1787200770831350507
lidar,1787200770889067724
esp32,1787200770931496041
lidar,1787200770988619950
esp32,1787200771031420963
lidar,1787200771088313731
esp32,1787200771131508784
lidar,1787200771187954900
esp32,1787200771231491281
lidar,1787200771287755654
esp32,1787200771331547507
lidar,1787200771387043247
esp32,1787200771431468631
lidar,1787200771487101503
esp32,1787200771531542965
lidar,1787200771586956875
esp32,1787200771631505531
lidar,1787200771686593737
esp32,1787200771731453998
lidar,1787200771786413257
esp32,1787200771831470383
lidar,1787200771886713517
esp32,1787200771931461807
lidar,1787200771987150180
esp32,1787200772031437191
lidar,1787200772087412871
esp32,1787200772131530933
lidar,1787200772187415420
esp32,1787200772231514813
lidar,1787200772288034850
esp32,1787200772331468113
lidar,1787200772387652462
esp32,1787200772431379954
lidar,1787200772488063437
esp32,1787200772531273074
lidar,1787200772587333190
esp32,1787200772631343149
lidar,1787200772687106354
esp32,1787200772731354201
lidar,1787200772787169114
esp32,1787200772831443507
lidar,1787200772886852706
esp32,1787200772931438874
lidar,1787200772986643195
esp32,1787200773031418658
lidar,1787200773086502661
esp32,1787200773131505072
lidar,1787200773186262856
esp32,1787200773231463155
lidar,1787200773286162834
esp32,1787200773331477466
lidar,1787200773385437339
esp32,1787200773431359974
lidar,1787200773485256126
esp32,1787200773531154328
lidar,1787200773584641403
esp32,1787200773630677392
lidar,1787200773684039852
esp32,1787200773730782303
lidar,1787200773783937651
esp32,1787200773830815167
lidar,1787200773883526470
esp32,1787200773931636909
lidar,1787200773983567871
esp32,1787200774031631280
lidar,1787200774083623637
esp32,1787200774131506581
lidar,1787200774184007422
esp32,1787200774231569393
lidar,1787200774284297873
esp32,1787200774331547657
lidar,1787200774384375326
esp32,1787200774431529307
lidar,1787200774484711814
esp32,1787200774531282362
lidar,1787200774585180029
esp32,1787200774630781246
lidar,1787200774686002590
esp32,1787200774731418962
lidar,1787200774786192484
esp32,1787200774831481844
lidar,1787200774885846796
esp32,1787200774931324572
lidar,1787200774985388092
esp32,1787200775031382785
lidar,1787200775085364723
esp32,1787200775131435088
lidar,1787200775185187776
esp32,1787200775231286376
lidar,1787200775285112715
esp32,1787200775331452824
lidar,1787200775384942573
esp32,1787200775431456459
lidar,1787200775484551127
esp32,1787200775531654171
lidar,1787200775584584322
esp32,1787200775631615066
lidar,1787200775684226275
esp32,1787200775731542050
lidar,1787200775784539420
esp32,1787200775831483185
lidar,1787200775884078763
esp32,1787200775931502364
lidar,1787200775983844772
esp32,1787200776031518202
lidar,1787200776083776013
esp32,1787200776131538440
lidar,1787200776183777052
esp32,1787200776231465451
lidar,1787200776283554724
esp32,1787200776331472684
lidar,1787200776383760405
esp32,1787200776431604008
lidar,1787200776483696105
esp32,1787200776531507809
lidar,1787200776582681111
esp32,1787200776631511617
lidar,1787200776682672123
esp32,1787200776731447232
lidar,1787200776782554040
esp32,1787200776831582122
lidar,1787200776882694071
esp32,1787200776931452256
lidar,1787200776982285914
esp32,1787200777031408548
lidar,1787200777082027687
esp32,1787200777131612411
lidar,1787200777181938569
esp32,1787200777231409577
lidar,1787200777281799483
esp32,1787200777331476354
lidar,1787200777382069899
esp32,1787200777431462811
lidar,1787200777481949014
esp32,1787200777531632879
lidar,1787200777582221592
esp32,1787200777631399815
lidar,1787200777681546377
esp32,1787200777731718436
lidar,1787200777781792402
esp32,1787200777831398721
lidar,1787200777881104122
esp32,1787200777931370585
lidar,1787200777981128699
esp32,1787200778031374663
lidar,1787200778080888713
esp32,1787200778131421011
lidar,1787200778180326465
esp32,1787200778231728193
lidar,1787200778280305223
esp32,1787200778331684131
lidar,1787200778379993901
esp32,1787200778431581944
lidar,1787200778479543443
esp32,1787200778531651654
lidar,1787200778579088577
esp32,1787200778631477919
lidar,1787200778678318234
esp32,1787200778731802810
lidar,1787200778778276953
esp32,1787200778831497451
lidar,1787200778878184573
esp32,1787200778931709991
lidar,1787200778977769513
esp32,1787200779031444136
lidar,1787200779077837060
esp32,1787200779131569170
lidar,1787200779177711991
esp32,1787200779231451984
lidar,1787200779278113605
esp32,1787200779331487479
lidar,1787200779378039629
esp32,1787200779431393629
lidar,1787200779478713567
esp32,1787200779531606733
lidar,1787200779579407651
esp32,1787200779631545667
lidar,1787200779679914183
esp32,1787200779731284263
lidar,1787200779780654835
esp32,1787200779831404407
lidar,1787200779880822285
esp32,1787200779931360653
lidar,1787200779980908165
esp32,1787200780031342111
lidar,1787200780080580405
esp32,1787200780131589647
lidar,1787200780180094234
esp32,1787200780231577967
lidar,1787200780280330760
esp32,1787200780331439808
lidar,1787200780379628866
esp32,1787200780430741114
lidar,1787200780479673801
esp32,1787200780530793712
lidar,1787200780579851346
esp32,1787200780631069481
lidar,1787200780679698311
esp32,1787200780731398251
lidar,1787200780779611013
esp32,1787200780831573951
lidar,1787200780879463534
esp32,1787200780931400870
lidar,1787200780979088053
esp32,1787200781031439398
lidar,1787200781078959251
esp32,1787200781131754229
lidar,1787200781178389455
esp32,1787200781231499255
lidar,1787200781278269136
esp32,1787200781331471166
lidar,1787200781378004253
esp32,1787200781431039544
lidar,1787200781477312720
esp32,1787200781531620879
lidar,1787200781577012191
esp32,1787200781631625121
lidar,1787200781676312787
esp32,1787200781731606383
lidar,1787200781776378096
esp32,1787200781831599858
lidar,1787200781876617763
esp32,1787200781931448261
lidar,1787200781976156793
esp32,1787200782031567498
lidar,1787200782076285523
esp32,1787200782131597409
lidar,1787200782176387288
esp32,1787200782231578841
lidar,1787200782277155099
esp32,1787200782331452138
lidar,1787200782377422310
esp32,1787200782431460427
lidar,1787200782477832648
esp32,1787200782531625938
lidar,1787200782578018470
esp32,1787200782631612267
lidar,1787200782677630330
esp32,1787200782731477606
lidar,1787200782777657134
esp32,1787200782831572424
lidar,1787200782877633168
esp32,1787200782931526084
lidar,1787200782977200306
esp32,1787200783031534957
lidar,1787200783076885481
esp32,1787200783131403320
lidar,1787200783176334251
esp32,1787200783231556335
lidar,1787200783275861906
esp32,1787200783331412984
lidar,1787200783375589571
esp32,1787200783431502261
lidar,1787200783475056317
esp32,1787200783531052209
lidar,1787200783574317504
esp32,1787200783630810596
lidar,1787200783673669700
esp32,1787200783730851239
lidar,1787200783773600037
esp32,1787200783830821482
lidar,1787200783873917585
esp32,1787200783931450626
lidar,1787200783974312768
esp32,1787200784031391056
lidar,1787200784074347871
esp32,1787200784131486906
lidar,1787200784174833602
esp32,1787200784231427484
lidar,1787200784274933515
esp32,1787200784331479778
lidar,1787200784375421624
esp32,1787200784431433226
lidar,1787200784475859641
esp32,1787200784531436201
lidar,1787200784576200111
esp32,1787200784631351327
lidar,1787200784676246889
esp32,1787200784731329897
lidar,1787200784775839246
esp32,1787200784831472862
lidar,1787200784875715135
esp32,1787200784931360894
lidar,1787200784974911041
esp32,1787200785031279445
lidar,1787200785074747556
esp32,1787200785131544652
lidar,1787200785173898979
esp32,1787200785231393888
lidar,1787200785273938154
esp32,1787200785331456576
lidar,1787200785373402595
esp32,1787200785431474198
lidar,1787200785473365725
esp32,1787200785531379362
lidar,1787200785572584169
esp32,1787200785631109690
lidar,1787200785672091279
esp32,1787200785731268461
lidar,1787200785771965822
esp32,1787200785831294638
lidar,1787200785872083210
esp32,1787200785931408424
lidar,1787200785972719284
esp32,1787200786031377973
lidar,1787200786072712373
esp32,1787200786131367231
lidar,1787200786173693352
esp32,1787200786231348973
lidar,1787200786274251953
esp32,1787200786331522707
lidar,1787200786374264822
esp32,1787200786431510455
lidar,1787200786474399785
esp32,1787200786531551215
lidar,1787200786574235782
esp32,1787200786631449086
lidar,1787200786674203740
esp32,1787200786731090929
lidar,1787200786774364564
esp32,1787200786831513475
lidar,1787200786874324293
esp32,1787200786931395551
lidar,1787200786973662329
esp32,1787200787031349102
lidar,1787200787073433883
esp32,1787200787131344312
lidar,1787200787173113579
esp32,1787200787231496892
lidar,1787200787273278457
esp32,1787200787331335744
lidar,1787200787372627877
esp32,1787200787431190006
lidar,1787200787472357739
esp32,1787200787531414139
lidar,1787200787572078764
esp32,1787200787631395966
lidar,1787200787672002987
esp32,1787200787731384507
lidar,1787200787771875948
esp32,1787200787831473165
lidar,1787200787872009448
esp32,1787200787931385439
lidar,1787200787971977652
esp32,1787200788031332426
lidar,1787200788072082411
esp32,1787200788131434645
lidar,1787200788171776507
esp32,1787200788231290943
lidar,1787200788271745738
esp32,1787200788331413531
lidar,1787200788371302411
esp32,1787200788431466406
lidar,1787200788470873154
esp32,1787200788531541565
lidar,1787200788570764667
esp32,1787200788631380793
lidar,1787200788670726320
esp32,1787200788731424222
lidar,1787200788770063342
esp32,1787200788831486203
lidar,1787200788870705561
esp32,1787200788931421904
lidar,1787200788970354883
esp32,1787200789031401519
lidar,1787200789069945976
esp32,1787200789131465564
lidar,1787200789169937790
esp32,1787200789231301838
lidar,1787200789268996455
esp32,1787200789331358757
lidar,1787200789368908854
esp32,1787200789431156666
lidar,1787200789468475944
esp32,1787200789531247943
lidar,1787200789567652048
esp32,1787200789631488356
lidar,1787200789667734421
esp32,1787200789731543380
lidar,1787200789767758136
esp32,1787200789831482549
lidar,1787200789868149054
esp32,1787200789931427493
lidar,1787200789968278914
esp32,1787200790031674203
lidar,1787200790068893342
esp32,1787200790131633361
lidar,1787200790169196521
esp32,1787200790231449797
lidar,1787200790269066791
esp32,1787200790331392759
lidar,1787200790369548968
esp32,1787200790431318993
lidar,1787200790469279798
esp32,1787200790531404372
lidar,1787200790568835090
esp32,1787200790631398787
lidar,1787200790668706753
esp32,1787200790731465690
lidar,1787200790768388110
esp32,1787200790831389775
lidar,1787200790868110660
esp32,1787200790931411202
lidar,1787200790967873160
esp32,1787200791031396840
lidar,1787200791067305364
esp32,1787200791131397092
lidar,1787200791167312653
esp32,1787200791231469855
lidar,1787200791267129102
esp32,1787200791331437011
lidar,1787200791366674041
esp32,1787200791431473484
lidar,1787200791466690932
esp32,1787200791531386554
lidar,1787200791566624514
esp32,1787200791631537231
lidar,1787200791666884438
esp32,1787200791731526505
lidar,1787200791767678374
esp32,1787200791831561956
lidar,1787200791867868792
esp32,1787200791931440968
lidar,1787200791968075401
esp32,1787200792031555984
lidar,1787200792068143527
esp32,1787200792131534375
lidar,1787200792167981136
esp32,1787200792231539280
lidar,1787200792267933099
esp32,1787200792331499618
lidar,1787200792367826312
esp32,1787200792431652906
lidar,1787200792467832614
esp32,1787200792531557766
lidar,1787200792567592421
esp32,1787200792631476241
lidar,1787200792667202248
esp32,1787200792731499558
lidar,1787200792767051882
esp32,1787200792831160467
lidar,1787200792867072992
esp32,1787200792931547308
lidar,1787200792966603938
esp32,1787200793031492261
lidar,1787200793066282219
esp32,1787200793131513726
lidar,1787200793165909417
esp32,1787200793231343209
lidar,1787200793265877361
esp32,1787200793331620310
lidar,1787200793365336979
esp32,1787200793431330859
lidar,1787200793465684048
esp32,1787200793531437011
lidar,1787200793564929617
esp32,1787200793630810268
lidar,1787200793664242384
esp32,1787200793730851374
lidar,1787200793763869158
esp32,1787200793830965943
lidar,1787200793863433298
esp32,1787200793931360683
lidar,1787200793963599762
esp32,1787200794031511162
lidar,1787200794063596753
esp32,1787200794131393287
lidar,1787200794164095677
esp32,1787200794231372938
lidar,1787200794263859591
esp32,1787200794331419892
lidar,1787200794364382723
esp32,1787200794431252755
lidar,1787200794464325778
esp32,1787200794531334994
lidar,1787200794564925692
esp32,1787200794631539673
lidar,1787200794665708459
esp32,1787200794731439356
lidar,1787200794766004914
esp32,1787200794831460453
lidar,1787200794866168674
esp32,1787200794931370601
lidar,1787200794965785221
esp32,1787200795031563024
lidar,1787200795065663125
esp32,1787200795131284287
lidar,1787200795165581494
esp32,1787200795231505325
lidar,1787200795265346696
esp32,1787200795331390201
lidar,1787200795365245354
esp32,1787200795431480294
lidar,1787200795464476869
esp32,1787200795531503316
lidar,1787200795564462198
esp32,1787200795631264789
lidar,1787200795664231268
esp32,1787200795731490260
lidar,1787200795763985315
esp32,1787200795831534418
lidar,1787200795863669536
esp32,1787200795931498743
lidar,1787200795962885167
esp32,1787200796031402595
lidar,1787200796062818645
esp32,1787200796131478587
lidar,1787200796162625975
esp32,1787200796231407298
lidar,1787200796262469436
esp32,1787200796331478106
lidar,1787200796362569819
esp32,1787200796431193856
lidar,1787200796462646118
esp32,1787200796531572906
lidar,1787200796563128635
esp32,1787200796631529052
lidar,1787200796663840681
esp32,1787200796731479055
lidar,1787200796763629432
esp32,1787200796831511651
lidar,1787200796864044763
esp32,1787200796931606528
lidar,1787200796964392660
esp32,1787200797031512751
lidar,1787200797064677852
esp32,1787200797131581531
lidar,1787200797164737199
esp32,1787200797231566544
lidar,1787200797264451508
esp32,1787200797331439476
lidar,1787200797364560474
esp32,1787200797430910135
lidar,1787200797463681029
esp32,1787200797531026018
lidar,1787200797563352474
esp32,1787200797630975304
lidar,1787200797663158333
esp32,1787200797731459024
lidar,1787200797763453753
esp32,1787200797831508960
lidar,1787200797863389186
esp32,1787200797931447217
lidar,1787200797962807684
esp32,1787200798031462103
lidar,1787200798062504444
esp32,1787200798131484095
lidar,1787200798162006180
esp32,1787200798231505568
lidar,1787200798262226653
esp32,1787200798331366857
lidar,1787200798361826806
esp32,1787200798431418834
lidar,1787200798461833830
esp32,1787200798531428432
lidar,1787200798561986917
esp32,1787200798631470475
lidar,1787200798661736260
esp32,1787200798731341735
lidar,1787200798761387485
esp32,1787200798831487035
lidar,1787200798861098011
esp32,1787200798931326489
lidar,1787200798960942686
esp32,1787200799031446067
lidar,1787200799060805298
esp32,1787200799131475847
lidar,1787200799160347273
esp32,1787200799230683600
lidar,1787200799260217720
esp32,1787200799331593175
lidar,1787200799359970369
esp32,1787200799431413709
lidar,1787200799460252639
esp32,1787200799531506221
lidar,1787200799559856907
esp32,1787200799631374319
lidar,1787200799659766114
esp32,1787200799731377394
lidar,1787200799759681108
esp32,1787200799831318488
lidar,1787200799859285929
esp32,1787200799931380398
lidar,1787200799959224623
esp32,1787200800031345031
lidar,1787200800058708475
esp32,1787200800131477754
lidar,1787200800159026988
esp32,1787200800231460523
lidar,1787200800258679110
esp32,1787200800331464185
lidar,1787200800358741410
esp32,1787200800431871858
lidar,1787200800458421290
esp32,1787200800531398646
lidar,1787200800558749118
esp32,1787200800631524377
lidar,1787200800658079154
esp32,1787200800731434311
lidar,1787200800757880510
esp32,1787200800831437663
lidar,1787200800857896997
esp32,1787200800931514176
lidar,1787200800957222670
esp32,1787200801031436831
lidar,1787200801057656601
esp32,1787200801131505257
lidar,1787200801157123484
esp32,1787200801231479859
lidar,1787200801256439648
esp32,1787200801331429153
lidar,1787200801356312998
esp32,1787200801431380635
lidar,1787200801455925146
esp32,1787200801531456527
lidar,1787200801555393028
esp32,1787200801631545203
lidar,1787200801658541671
esp32,1787200801730888893
lidar,1787200801755140091
esp32,1787200801831576037
lidar,1787200801855449526
esp32,1787200801931541290
lidar,1787200801956361177
esp32,1787200802031554302
lidar,1787200802056457087
esp32,1787200802131534366
lidar,1787200802157086758
esp32,1787200802231504032
lidar,1787200802257415086
esp32,1787200802331432017
lidar,1787200802357844917
esp32,1787200802431463483
lidar,1787200802457479436
esp32,1787200802531270686
lidar,1787200802556693381
esp32,1787200802631554818
lidar,1787200802656436891
esp32,1787200802731520231
lidar,1787200802757074213
esp32,1787200802831457330
lidar,1787200802856851527
esp32,1787200802931410135
lidar,1787200802956620442
esp32,1787200803031367420
lidar,1787200803056768463
esp32,1787200803131507981
lidar,1787200803156334920
esp32,1787200803231459558
lidar,1787200803256143808
esp32,1787200803331466516
lidar,1787200803356169957
esp32,1787200803431393662
lidar,1787200803455538964
esp32,1787200803531515037
lidar,1787200803555041586
esp32,1787200803631444953
lidar,1787200803654676011
esp32,1787200803731391084
lidar,1787200803754003799
esp32,1787200803831430958
lidar,1787200803853736208
esp32,1787200803931716083
lidar,1787200803953317461
esp32,1787200804031393421
lidar,1787200804053112808
esp32,1787200804131514723
lidar,1787200804153000642
esp32,1787200804231380545
lidar,1787200804252485272
esp32,1787200804331481258
lidar,1787200804352344715
esp32,1787200804431299047
lidar,1787200804452123976
esp32,1787200804531340096
lidar,1787200804552262314
esp32,1787200804631381586
lidar,1787200804652506831
esp32,1787200804731496496
lidar,1787200804752588899
esp32,1787200804831438493
lidar,1787200804853457867
esp32,1787200804931361072
lidar,1787200804953802044
esp32,1787200805031392934
lidar,1787200805054109659
esp32,1787200805131315414
lidar,1787200805154036834
esp32,1787200805231327594
lidar,1787200805253843604
esp32,1787200805331316499
lidar,1787200805353453927
esp32,1787200805431363671
lidar,1787200805453200584
esp32,1787200805531357854
lidar,1787200805552758524
esp32,1787200805631294024
lidar,1787200805652525475
esp32,1787200805731484162
lidar,1787200805751919758
esp32,1787200805831573012
lidar,1787200805851944844
esp32,1787200805931283556
lidar,1787200805951321824
esp32,1787200806031491029
lidar,1787200806051073587
esp32,1787200806131457667
lidar,1787200806150626822
esp32,1787200806231474577
lidar,1787200806249990613
esp32,1787200806331481385
lidar,1787200806349494291
esp32,1787200806431342846
lidar,1787200806449374436
esp32,1787200806531566516
lidar,1787200806549816828
esp32,1787200806631490857
lidar,1787200806650392105
esp32,1787200806731538951
lidar,1787200806750723883
esp32,1787200806831551609
lidar,1787200806851197139
esp32,1787200806931471579
lidar,1787200806951346180
esp32,1787200807031050617
lidar,1787200807051449634
esp32,1787200807131541392
lidar,1787200807151527676
esp32,1787200807231624357
lidar,1787200807251120583
esp32,1787200807331545099
lidar,1787200807350869889
esp32,1787200807431561718
lidar,1787200807450541362
esp32,1787200807531610174
lidar,1787200807550707890
esp32,1787200807631580316
lidar,1787200807650029596
esp32,1787200807730778347
lidar,1787200807749486893
esp32,1787200807830911406
lidar,1787200807849016508
esp32,1787200807930971757
lidar,1787200807948675290
esp32,1787200808030875545
lidar,1787200808048851277
esp32,1787200808131539015
lidar,1787200808148371661
esp32,1787200808231543717
lidar,1787200808248094721
esp32,1787200808331615538
lidar,1787200808348190535
esp32,1787200808431621679
lidar,1787200808448290754
esp32,1787200808531609038
lidar,1787200808548435147
esp32,1787200808631614989
lidar,1787200808649292428
esp32,1787200808731621093
lidar,1787200808749335514
esp32,1787200808831620817
lidar,1787200808850237728
esp32,1787200808931627480
lidar,1787200808950485656
esp32,1787200809031541412
lidar,1787200809050890581
esp32,1787200809131592036
lidar,1787200809151522960
esp32,1787200809231484070
lidar,1787200809252334579
esp32,1787200809331528185
lidar,1787200809352587569
esp32,1787200809431418118
lidar,1787200809452009206
esp32,1787200809531688758
lidar,1787200809551961433
esp32,1787200809631547660
lidar,1787200809651747949
esp32,1787200809731330448
lidar,1787200809751310143
esp32,1787200809831496989
lidar,1787200809850883576
esp32,1787200809931388458
lidar,1787200809950662352
esp32,1787200810031504275
lidar,1787200810050588668
esp32,1787200810131563079
lidar,1787200810150249212
esp32,1787200810231531608
lidar,1787200810249643298
esp32,1787200810331512902
lidar,1787200810349550779
esp32,1787200810431540972
lidar,1787200810449069090
esp32,1787200810531496720
lidar,1787200810549661670
esp32,1787200810631546096
lidar,1787200810649631421
esp32,1787200810731452744
lidar,1787200810750171048
esp32,1787200810831475176
lidar,1787200810850742447
esp32,1787200810931226973
lidar,1787200810951148698
esp32,1787200811031659418
lidar,1787200811051782304
esp32,1787200811131469524
lidar,1787200811152231324
esp32,1787200811231413480
lidar,1787200811252480818
esp32,1787200811331491120
lidar,1787200811352840265
esp32,1787200811431470937
lidar,1787200811452518159
esp32,1787200811531484690
lidar,1787200811552317418
esp32,1787200811631418626
lidar,1787200811651838622
esp32,1787200811731419390
lidar,1787200811751619954
esp32,1787200811831423525
lidar,1787200811851292752
esp32,1787200811931696307
lidar,1787200811950619392
esp32,1787200812031402661
lidar,1787200812050688895
esp32,1787200812131461995
lidar,1787200812150606049
esp32,1787200812231458976
lidar,1787200812250116292
esp32,1787200812330786383
lidar,1787200812350016488
esp32,1787200812431466996
lidar,1787200812450008109
esp32,1787200812531530221
lidar,1787200812549859809
esp32,1787200812631334164
lidar,1787200812649236092
esp32,1787200812731398199
lidar,1787200812748404423
esp32,1787200812831482404
lidar,1787200812848470805
esp32,1787200812931465774
lidar,1787200812948060929
esp32,1787200813031460362
lidar,1787200813048485070
esp32,1787200813131242303
lidar,1787200813148541636
esp32,1787200813231444014
lidar,1787200813249238496
esp32,1787200813331542039
lidar,1787200813349060088
esp32,1787200813431484944
lidar,1787200813449647905
esp32,1787200813531444441
lidar,1787200813550264535
esp32,1787200813631358096
lidar,1787200813650788850
esp32,1787200813731378768
lidar,1787200813750752257
esp32,1787200813831341209
lidar,1787200813850142451
esp32,1787200813931490601
lidar,1787200813950227639
esp32,1787200814031458834
lidar,1787200814050129049
esp32,1787200814131384090
lidar,1787200814149316407
esp32,1787200814231424721
lidar,1787200814249234550
esp32,1787200814331483844
lidar,1787200814348687178
esp32,1787200814431462441
lidar,1787200814448194012
esp32,1787200814531432701
lidar,1787200814548077128
esp32,1787200814631571828
lidar,1787200814647792067
esp32,1787200814731424408
lidar,1787200814747273853
esp32,1787200814831519772
lidar,1787200814846484030
esp32,1787200814931517440
lidar,1787200814946723334
esp32,1787200815031554850
lidar,1787200815046785683
esp32,1787200815131464594
lidar,1787200815146780175
esp32,1787200815231546057
lidar,1787200815247286643
esp32,1787200815331563805
lidar,1787200815347901518
esp32,1787200815431488108
lidar,1787200815448108479
esp32,1787200815531552407
lidar,1787200815548607425
esp32,1787200815631422154
lidar,1787200815648806894
esp32,1787200815731498709
lidar,1787200815748883969
esp32,1787200815831534627
lidar,1787200815849105715
esp32,1787200815931579579
lidar,1787200815948983752
esp32,1787200816030886369
lidar,1787200816048543700
esp32,1787200816131543607
lidar,1787200816148187847
esp32,1787200816231534077
lidar,1787200816247956985
esp32,1787200816331511546
lidar,1787200816347878222
esp32,1787200816431557996
lidar,1787200816447253489
esp32,1787200816531445371
lidar,1787200816547322423
esp32,1787200816631351815
lidar,1787200816647020894
esp32,1787200816731359425
lidar,1787200816746458342
esp32,1787200816831476996
lidar,1787200816846302643
esp32,1787200816931475251
lidar,1787200816945945745
esp32,1787200817031413423
lidar,1787200817045362281
esp32,1787200817131446902
lidar,1787200817145130940
esp32,1787200817231408975
lidar,1787200817244816685
esp32,1787200817331493301
lidar,1787200817344367797
esp32,1787200817431410687
lidar,1787200817445131046
esp32,1787200817531527860
lidar,1787200817545086757
esp32,1787200817631517274
lidar,1787200817645258035
esp32,1787200817730841298
lidar,1787200817745148986
esp32,1787200817831055386
lidar,1787200817845520003
esp32,1787200817930967793
lidar,1787200817945679415
esp32,1787200818031079733
lidar,1787200818046318192
esp32,1787200818131566439
lidar,1787200818146546596
esp32,1787200818231571874
lidar,1787200818246541529
esp32,1787200818331514297
lidar,1787200818346482387
esp32,1787200818431544120
lidar,1787200818446334766
esp32,1787200818531581714
lidar,1787200818546151123
esp32,1787200818631519463
lidar,1787200818645311783
esp32,1787200818731546371
lidar,1787200818745123069
esp32,1787200818831559052
lidar,1787200818844995538
esp32,1787200818931498603
lidar,1787200818944202319
esp32,1787200819031552990
lidar,1787200819043985550
esp32,1787200819131552218
lidar,1787200819143896892
esp32,1787200819231539247
lidar,1787200819243884588
esp32,1787200819331554167
lidar,1787200819343500551
esp32,1787200819431550983
lidar,1787200819443420130
esp32,1787200819531565893
lidar,1787200819543445005
esp32,1787200819631454703
lidar,1787200819642622037
esp32,1787200819731524985
lidar,1787200819742719990
esp32,1787200819831495769
lidar,1787200819843192236
esp32,1787200819931548934
lidar,1787200819943593162
esp32,1787200820031494504
lidar,1787200820044117260
esp32,1787200820131482691
lidar,1787200820144266087
esp32,1787200820231594040
lidar,1787200820244925662
esp32,1787200820331471408
lidar,1787200820344915770
esp32,1787200820431539433
lidar,1787200820444799357
esp32,1787200820531509307
lidar,1787200820544869476
esp32,1787200820631373055
lidar,1787200820644925950
esp32,1787200820731494893
lidar,1787200820744378521
esp32,1787200820831553843
lidar,1787200820844060531
esp32,1787200820931476527
lidar,1787200820943524220
esp32,1787200821031446582
lidar,1787200821043242822
esp32,1787200821131418339
lidar,1787200821142729894
esp32,1787200821230848267
lidar,1787200821242625298
esp32,1787200821331446720
lidar,1787200821342359756
esp32,1787200821431333057
lidar,1787200821441994945
esp32,1787200821531542009
lidar,1787200821541642593
esp32,1787200821631449737
lidar,1787200821641236116
esp32,1787200821731886772
lidar,1787200821741166407
esp32,1787200821831550304
lidar,1787200821840614181
esp32,1787200821931728225
lidar,1787200821940365000
esp32,1787200822031620226
lidar,1787200822039992812
esp32,1787200822131549616
lidar,1787200822139802915
esp32,1787200822231692424
lidar,1787200822239293369
esp32,1787200822331687934
lidar,1787200822339954392
esp32,1787200822431618323
lidar,1787200822440517235
esp32,1787200822531604637
lidar,1787200822540334132
esp32,1787200822631548817
lidar,1787200822641075455
esp32,1787200822731542123
lidar,1787200822741305030
esp32,1787200822831592012
lidar,1787200822841614113
esp32,1787200822931542376
lidar,1787200822942550049
esp32,1787200823031526133
lidar,1787200823042226251
esp32,1787200823131560495
lidar,1787200823142236287
esp32,1787200823231625118
lidar,1787200823241838027
esp32,1787200823331528883
lidar,1787200823341540905
esp32,1787200823431382101
lidar,1787200823441001760
esp32,1787200823531356855
lidar,1787200823540620908
esp32,1787200823631295909
lidar,1787200823640635537
esp32,1787200823731373661
lidar,1787200823740552751
esp32,1787200823831473850
lidar,1787200823839981246
esp32,1787200823931453699
lidar,1787200823939802986
esp32,1787200824031466666
lidar,1787200824039611830
esp32,1787200824131445701
lidar,1787200824138844346
esp32,1787200824231488621
lidar,1787200824238718906
esp32,1787200824331417273
lidar,1787200824339176167
esp32,1787200824431388906
lidar,1787200824439283297
esp32,1787200824531479187
lidar,1787200824539833623
esp32,1787200824631337446
lidar,1787200824640577537
esp32,1787200824731466224
lidar,1787200824740640246
esp32,1787200824831516578
lidar,1787200824841380472
esp32,1787200824931524432
lidar,1787200824941455331
esp32,1787200825031492119
lidar,1787200825041828085
esp32,1787200825131601520
lidar,1787200825142236836
esp32,1787200825231556168
lidar,1787200825242147459
esp32,1787200825331529582
lidar,1787200825342669152
esp32,1787200825431460241
lidar,1787200825442423046
esp32,1787200825531524789
lidar,1787200825542608252
esp32,1787200825631467386
lidar,1787200825641983095
esp32,1787200825731471668
lidar,1787200825741610050
esp32,1787200825831515835
lidar,1787200825841379651
esp32,1787200825931505408
lidar,1787200825941096591
esp32,1787200826031512579
lidar,1787200826040748375
esp32,1787200826131477248
lidar,1787200826140554656
esp32,1787200826231474233
lidar,1787200826240215938
esp32,1787200826331538974
lidar,1787200826339986041
esp32,1787200826431539498
lidar,1787200826439890788
esp32,1787200826531573658
lidar,1787200826539388655
esp32,1787200826631453829
lidar,1787200826638907523
esp32,1787200826731597808
lidar,1787200826739304175
esp32,1787200826831557252
lidar,1787200826839402720
esp32,1787200826931644978
lidar,1787200826939615542
esp32,1787200827031489586
lidar,1787200827039992194
esp32,1787200827131455200
lidar,1787200827140463776
esp32,1787200827231524808
lidar,1787200827241107824
esp32,1787200827331602231
lidar,1787200827341729150
esp32,1787200827431463662
lidar,1787200827442538468
esp32,1787200827531561999
lidar,1787200827542939769
esp32,1787200827631288934
lidar,1787200827643202543
esp32,1787200827730865566
lidar,1787200827743021039
esp32,1787200827830801714
lidar,1787200827843062913
esp32,1787200827930788859
lidar,1787200827942869540
esp32,1787200828031093203
lidar,1787200828042902622
esp32,1787200828131612697
lidar,1787200828142683903
esp32,1787200828231560411
lidar,1787200828242370156
esp32,1787200828331601437
lidar,1787200828341802489
esp32,1787200828431552727
lidar,1787200828441113992
esp32,1787200828531621512
lidar,1787200828541326178
esp32,1787200828631324049
lidar,1787200828640431644
esp32,1787200828731378837
lidar,1787200828740426870
esp32,1787200828831438916
lidar,1787200828840009998
esp32,1787200828931463824
lidar,1787200828939878891
esp32,1787200829031613456
lidar,1787200829039087812
esp32,1787200829131608782
lidar,1787200829139242897
esp32,1787200829231571625
lidar,1787200829239150780
esp32,1787200829331427930
lidar,1787200829339451548
esp32,1787200829431518841
lidar,1787200829439545943
esp32,1787200829531597866
lidar,1787200829540615088
lidar,1787200829640667902
esp32,1787200829651579258
esp32,1787200829731612641
lidar,1787200829740836253
esp32,1787200829831607704
lidar,1787200829840945459
esp32,1787200829931602828
lidar,1787200829941371844
esp32,1787200830031552022
lidar,1787200830041448127
esp32,1787200830131545099
lidar,1787200830140772488
esp32,1787200830231603807
lidar,1787200830240680188
esp32,1787200830331539255
lidar,1787200830340343923
esp32,1787200830431132265
lidar,1787200830439982154
esp32,1787200830531573464
lidar,1787200830539896921
esp32,1787200830631390754
lidar,1787200830639624963
esp32,1787200830731451548
lidar,1787200830738958841
esp32,1787200830831338469
lidar,1787200830838737391
esp32,1787200830931397063
lidar,1787200830938380733
esp32,1787200831031392964
lidar,1787200831038253219
esp32,1787200831131406433
lidar,1787200831137746137
esp32,1787200831231260822
lidar,1787200831238132257
esp32,1787200831331434237
lidar,1787200831338030453
esp32,1787200831431394275
lidar,1787200831438701515
esp32,1787200831531553367
lidar,1787200831539155317
esp32,1787200831631363805
lidar,1787200831639467290
esp32,1787200831731449188
lidar,1787200831739964056
esp32,1787200831830764531
lidar,1787200831839979252
esp32,1787200831931485476
lidar,1787200831940070285
esp32,1787200832031411689
lidar,1787200832040016567
esp32,1787200832131394645
lidar,1787200832140164991
esp32,1787200832231416808
lidar,1787200832239288687
esp32,1787200832331411608
lidar,1787200832338860290
esp32,1787200832431351568
lidar,1787200832438357274
esp32,1787200832531477235
lidar,1787200832537983965
esp32,1787200832631400999
lidar,1787200832637511745
esp32,1787200832731380253
lidar,1787200832737495978
esp32,1787200832831427917
lidar,1787200832836892873
esp32,1787200832931484850
lidar,1787200832936938468
esp32,1787200833031367991
lidar,1787200833037182153
esp32,1787200833131410427
lidar,1787200833137772639
esp32,1787200833231409308
lidar,1787200833238020554
esp32,1787200833331502125
lidar,1787200833338656917
esp32,1787200833431305170
lidar,1787200833438778546
esp32,1787200833531465421
lidar,1787200833539344920
esp32,1787200833631449741
lidar,1787200833639347664
esp32,1787200833731553884
lidar,1787200833739134169
esp32,1787200833831412083
lidar,1787200833839023548
esp32,1787200833931394872
lidar,1787200833938616174
esp32,1787200834031345648
lidar,1787200834038148762
esp32,1787200834131350493
lidar,1787200834138025530
esp32,1787200834231354525
lidar,1787200834237602665
esp32,1787200834331460602
lidar,1787200834337457847
esp32,1787200834431360544
lidar,1787200834437194303
esp32,1787200834531412697
lidar,1787200834537077635
esp32,1787200834631316301
lidar,1787200834637146267
esp32,1787200834731539870
lidar,1787200834736448959
esp32,1787200834831545285
lidar,1787200834836570570
esp32,1787200834931418483
lidar,1787200834936707546
esp32,1787200835031462733
lidar,1787200835036946754
esp32,1787200835131513815
lidar,1787200835137262347
esp32,1787200835231352606
lidar,1787200835237905924
esp32,1787200835331353029
lidar,1787200835338382070
esp32,1787200835431368565
lidar,1787200835439461546
esp32,1787200835531474653
lidar,1787200835539473969
esp32,1787200835631399095
lidar,1787200835639514724
esp32,1787200835731407900
lidar,1787200835739627524
esp32,1787200835831451192
lidar,1787200835839487251
esp32,1787200835931420911
lidar,1787200835938991954
esp32,1787200836031475569
lidar,1787200836038907441
esp32,1787200836131518655
lidar,1787200836138803072
esp32,1787200836231518521
lidar,1787200836238199188
esp32,1787200836331519401
lidar,1787200836337837124
esp32,1787200836431481336
lidar,1787200836437453589
esp32,1787200836531427333
lidar,1787200836537383441
esp32,1787200836631475592
lidar,1787200836636842886
esp32,1787200836731398604
lidar,1787200836737228811
esp32,1787200836831417470
lidar,1787200836837618908
esp32,1787200836931408109
lidar,1787200836937954462
esp32,1787200837031415662
lidar,1787200837038516218
esp32,1787200837131408737
lidar,1787200837138826411
esp32,1787200837231570519
lidar,1787200837238853976
esp32,1787200837331472436
lidar,1787200837338795338
esp32,1787200837431520756
lidar,1787200837438404287
esp32,1787200837531626411
lidar,1787200837538230351
esp32,1787200837631646631
lidar,1787200837638161719
esp32,1787200837730863917
lidar,1787200837737761790
esp32,1787200837831049554
lidar,1787200837837318361
esp32,1787200837930871893
lidar,1787200837937284432
esp32,1787200838030899812
lidar,1787200838037042168
esp32,1787200838131530355
lidar,1787200838136622464
esp32,1787200838231553923
lidar,1787200838236301931
esp32,1787200838331530656
lidar,1787200838335976594
esp32,1787200838431465437
lidar,1787200838435828332
esp32,1787200838531541328
lidar,1787200838535362710
esp32,1787200838631548217
lidar,1787200838635111286
esp32,1787200838731525641
lidar,1787200838734628758
esp32,1787200838831523107
lidar,1787200838834649183
esp32,1787200838931529593
lidar,1787200838934588997
esp32,1787200839031532936
lidar,1787200839034880228
esp32,1787200839131611734
lidar,1787200839135285945
esp32,1787200839231547485
lidar,1787200839235458870
esp32,1787200839331635958
lidar,1787200839335939067
esp32,1787200839430751766
lidar,1787200839436392376
esp32,1787200839531429103
lidar,1787200839536506353
esp32,1787200839631524180
lidar,1787200839636535770
esp32,1787200839731513254
lidar,1787200839736397272
esp32,1787200839831579990
lidar,1787200839836219995
esp32,1787200839931526602
lidar,1787200839935802785
esp32,1787200840031548756
lidar,1787200840035522742
esp32,1787200840131555196
lidar,1787200840135160943
esp32,1787200840231538144
lidar,1787200840235042586
esp32,1787200840331570596
lidar,1787200840334397833
esp32,1787200840431508331
lidar,1787200840433707950
esp32,1787200840531557112
lidar,1787200840533402892
esp32,1787200840631441020
lidar,1787200840632887406
esp32,1787200840731488262
lidar,1787200840732788750
esp32,1787200840831610574
lidar,1787200840832886433
esp32,1787200840931513285
lidar,1787200840932567912
esp32,1787200841031520866
lidar,1787200841032621764
esp32,1787200841131530650
lidar,1787200841132644639
esp32,1787200841231506315
lidar,1787200841233417583
esp32,1787200841331475950
lidar,1787200841333819617
esp32,1787200841431444310
lidar,1787200841434063096
esp32,1787200841531656431
lidar,1787200841534393582
esp32,1787200841631550286
lidar,1787200841634421274
esp32,1787200841731753003
lidar,1787200841734653374
esp32,1787200841831668565
lidar,1787200841834832577
esp32,1787200841931620386
lidar,1787200841934230270
esp32,1787200842031600035
lidar,1787200842033814274
esp32,1787200842131477573
lidar,1787200842133215396
esp32,1787200842231547093
lidar,1787200842232840446
esp32,1787200842331535358
lidar,1787200842332617834
esp32,1787200842431506854
lidar,1787200842432334479
esp32,1787200842531501401
lidar,1787200842532398921
esp32,1787200842631382822
lidar,1787200842631890259
lidar,1787200842731124524
esp32,1787200842731922051
lidar,1787200842830731553
esp32,1787200842831550361
lidar,1787200842930567806
esp32,1787200842931338857
lidar,1787200843030778887
esp32,1787200843031558899
lidar,1787200843130696669
esp32,1787200843131484298
lidar,1787200843230825026
esp32,1787200843231629780
esp32,1787200843331331991
lidar,1787200843331815463
esp32,1787200843431459557
lidar,1787200843432223872
esp32,1787200843531401802
lidar,1787200843532243558
esp32,1787200843631614972
lidar,1787200843632609836
esp32,1787200843731543632
lidar,1787200843732694376
esp32,1787200843831560702
lidar,1787200843832538359
esp32,1787200843931651378
lidar,1787200843932771158
esp32,1787200844031471952
lidar,1787200844032229905
lidar,1787200844131456592
esp32,1787200844132499290
lidar,1787200844231245396
esp32,1787200844232344439
lidar,1787200844330840380
esp32,1787200844331909659
lidar,1787200844430692445
esp32,1787200844431722948
lidar,1787200844530421700
esp32,1787200844531674126
lidar,1787200844630055193
esp32,1787200844631403011
lidar,1787200844729815511
esp32,1787200844731511946
lidar,1787200844829475058
esp32,1787200844831476619
lidar,1787200844929415315
esp32,1787200844931303817
lidar,1787200845028987521
esp32,1787200845031267410
lidar,1787200845128842696
esp32,1787200845131320170
lidar,1787200845228858936
esp32,1787200845231290996
lidar,1787200845329153350
esp32,1787200845331284878
lidar,1787200845429604965
esp32,1787200845431556524
lidar,1787200845529599513
esp32,1787200845530714499
lidar,1787200845630549660
esp32,1787200845631501810
lidar,1787200845730965717
esp32,1787200845731727870
lidar,1787200845831309973
esp32,1787200845832278281
esp32,1787200845931467790
lidar,1787200845932498591
esp32,1787200846031362984
lidar,1787200846032364123
esp32,1787200846131522722
lidar,1787200846132609987
esp32,1787200846231554995
lidar,1787200846232610529
lidar,1787200846331475140
esp32,1787200846332466464
lidar,1787200846430806754
esp32,1787200846431676860
lidar,1787200846530620526
esp32,1787200846531470585
lidar,1787200846630244605
esp32,1787200846631332822
lidar,1787200846729772257
esp32,1787200846731274779
lidar,1787200846829570859
esp32,1787200846831236184
lidar,1787200846929428079
esp32,1787200846931171205
lidar,1787200847029006973
esp32,1787200847031195789
lidar,1787200847128245278
esp32,1787200847131297570
lidar,1787200847227987401
esp32,1787200847231373314
lidar,1787200847327788113
esp32,1787200847331347571
lidar,1787200847427149764
esp32,1787200847431376881
lidar,1787200847527871570
esp32,1787200847531662929
lidar,1787200847627702545
esp32,1787200847631241021
lidar,1787200847727424127
esp32,1787200847730680162
lidar,1787200847827919326
esp32,1787200847830934610
lidar,1787200847928362006
esp32,1787200847930819600
lidar,1787200848028949091
esp32,1787200848030856870
lidar,1787200848129817773
esp32,1787200848131381698
lidar,1787200848229856145
esp32,1787200848231336466
lidar,1787200848329962078
esp32,1787200848331656686
lidar,1787200848429517949
esp32,1787200848431505985
lidar,1787200848529295968
esp32,1787200848531402630
lidar,1787200848629284724
esp32,1787200848631353855
lidar,1787200848728738901
esp32,1787200848731361074
lidar,1787200848828672543
esp32,1787200848831374249
lidar,1787200848927831977
esp32,1787200848931259839
lidar,1787200849027677964
esp32,1787200849031457794
lidar,1787200849126837854
esp32,1787200849131396350
lidar,1787200849226712802
esp32,1787200849231432306
lidar,1787200849326165324
esp32,1787200849331478917
lidar,1787200849425722692
esp32,1787200849431405273
lidar,1787200849525701391
esp32,1787200849531435263
lidar,1787200849626006113
esp32,1787200849631378971
lidar,1787200849726069113
esp32,1787200849731519874
lidar,1787200849826549784
esp32,1787200849831324686
lidar,1787200849926439848
esp32,1787200849931415776
lidar,1787200850027170500
esp32,1787200850031307555
lidar,1787200850127263029
esp32,1787200850131271333
lidar,1787200850227820333
esp32,1787200850231279338
lidar,1787200850327531296
esp32,1787200850331361208
lidar,1787200850427631265
esp32,1787200850431287757
lidar,1787200850527371115
esp32,1787200850531424867
lidar,1787200850627612826
esp32,1787200850631220761
lidar,1787200850727256495
esp32,1787200850731253486
lidar,1787200850826989478
esp32,1787200850831221843
lidar,1787200850927036520
esp32,1787200850931320777
lidar,1787200851026698158
esp32,1787200851031326399
lidar,1787200851126343810
esp32,1787200851131381209
lidar,1787200851225578088
esp32,1787200851231330925
lidar,1787200851325239281
esp32,1787200851331360535
lidar,1787200851424584964
esp32,1787200851431293272
lidar,1787200851524152427
esp32,1787200851531360182
lidar,1787200851623698904
esp32,1787200851631269421
lidar,1787200851723196468
esp32,1787200851731273877
lidar,1787200851822994630
esp32,1787200851831352176
lidar,1787200851922339257
esp32,1787200851931486643
lidar,1787200852022154160
esp32,1787200852031450197
lidar,1787200852121948164
esp32,1787200852131374885
lidar,1787200852222191426
esp32,1787200852231442630
lidar,1787200852322565534
esp32,1787200852331381369
lidar,1787200852422921216
esp32,1787200852431358818
lidar,1787200852523602630
esp32,1787200852531359633
lidar,1787200852623936841
esp32,1787200852631392394
lidar,1787200852724165357
esp32,1787200852731326349
lidar,1787200852824756470
esp32,1787200852831398440
lidar,1787200852924789002
esp32,1787200852931435427
lidar,1787200853025388142
esp32,1787200853031345996
lidar,1787200853125063727
esp32,1787200853131256194
lidar,1787200853224818056
esp32,1787200853231446307
lidar,1787200853324529370
esp32,1787200853331371171
lidar,1787200853424397397
esp32,1787200853431384269
lidar,1787200853524549905
esp32,1787200853531363815
lidar,1787200853623373181
esp32,1787200853630740734
lidar,1787200853723248640
esp32,1787200853731452289
lidar,1787200853822938815
esp32,1787200853831427025
lidar,1787200853922720629
esp32,1787200853931505576
lidar,1787200854022486229
esp32,1787200854031334693
lidar,1787200854122234923
esp32,1787200854131360902
lidar,1787200854221375434
esp32,1787200854231526754
lidar,1787200854321077932
esp32,1787200854331374024
lidar,1787200854421366214
esp32,1787200854431395737
lidar,1787200854521594378
esp32,1787200854531427088
lidar,1787200854621480824
esp32,1787200854631390051
lidar,1787200854721891024
esp32,1787200854731473266
lidar,1787200854822399367
esp32,1787200854831383696
lidar,1787200854922508037
esp32,1787200854931377804
lidar,1787200855022949360
esp32,1787200855031377555
lidar,1787200855123479437
esp32,1787200855131481820
lidar,1787200855222969910
esp32,1787200855231482615
lidar,1787200855322673058
esp32,1787200855331475514
lidar,1787200855422575891
esp32,1787200855431327802
lidar,1787200855522295259
esp32,1787200855531408977
lidar,1787200855621716832
esp32,1787200855631387848
lidar,1787200855721399472
esp32,1787200855731436318
lidar,1787200855820806652
esp32,1787200855831307504
lidar,1787200855920484805
esp32,1787200855931334237
lidar,1787200856020543896
esp32,1787200856031416398
lidar,1787200856120112811
esp32,1787200856131356093
lidar,1787200856220057858
esp32,1787200856231404211
lidar,1787200856319743930
esp32,1787200856331398213
lidar,1787200856419326699
esp32,1787200856431411850
lidar,1787200856518826159
esp32,1787200856531336984
lidar,1787200856618829579
esp32,1787200856631414921
lidar,1787200856718206040
esp32,1787200856731396941
lidar,1787200856818581036
esp32,1787200856831290442
lidar,1787200856919167036
esp32,1787200856931419100
lidar,1787200857019523473
esp32,1787200857031419409
lidar,1787200857119869504
esp32,1787200857131356854
lidar,1787200857220365167
esp32,1787200857231495170
lidar,1787200857320243002
esp32,1787200857331365422
lidar,1787200857420331000
esp32,1787200857431443466
lidar,1787200857520279451
esp32,1787200857531383472
lidar,1787200857620312924
esp32,1787200857631355734
lidar,1787200857719750764
esp32,1787200857730657978
lidar,1787200857819498522
esp32,1787200857830840442
lidar,1787200857919198942
esp32,1787200857930763820
lidar,1787200858018732182
esp32,1787200858031409353
lidar,1787200858118647920
esp32,1787200858131322127
lidar,1787200858217993866
esp32,1787200858231228952
lidar,1787200858317641518
esp32,1787200858331354889
lidar,1787200858416884767
esp32,1787200858431318592
lidar,1787200858516982006
esp32,1787200858531473496
lidar,1787200858617497207
esp32,1787200858631470483
lidar,1787200858717646391
esp32,1787200858731245770
lidar,1787200858817913389
esp32,1787200858831418950
lidar,1787200858918328340
esp32,1787200858931386183
lidar,1787200859018927371
esp32,1787200859031388804
lidar,1787200859119134457
esp32,1787200859131358170
lidar,1787200859218834510
esp32,1787200859231395606
lidar,1787200859319019460
esp32,1787200859331349861
lidar,1787200859418441100
esp32,1787200859431472947
lidar,1787200859518294514
esp32,1787200859531481767
lidar,1787200859617716489
esp32,1787200859631279413
lidar,1787200859717208949
esp32,1787200859731428727
lidar,1787200859817126115
esp32,1787200859831302661
lidar,1787200859917070255
esp32,1787200859931273899
lidar,1787200860016679599
esp32,1787200860051861042
lidar,1787200860116809733
esp32,1787200860131369225
lidar,1787200860216924524
esp32,1787200860231268096
lidar,1787200860317419264
esp32,1787200860331299485
lidar,1787200860417185660
esp32,1787200860431613536
lidar,1787200860518004127
esp32,1787200860531411771
lidar,1787200860618694803
esp32,1787200860631352415
lidar,1787200860718778128
esp32,1787200860731280279
lidar,1787200860819061193
esp32,1787200860831413512
lidar,1787200860919152320
esp32,1787200860931335357
lidar,1787200861018523589
esp32,1787200861031337052
lidar,1787200861118207118
esp32,1787200861131403035
lidar,1787200861217916307
esp32,1787200861231330041
lidar,1787200861317533014
esp32,1787200861331397089
lidar,1787200861416745671
esp32,1787200861431327833
lidar,1787200861516348224
esp32,1787200861531358010
lidar,1787200861616066717
esp32,1787200861631469478
lidar,1787200861715473789
esp32,1787200861730876316
lidar,1787200861815542149
esp32,1787200861831511016
lidar,1787200861915111198
esp32,1787200861931477466
lidar,1787200862014630937
esp32,1787200862031441288
lidar,1787200862114482672
esp32,1787200862131452683
lidar,1787200862214177667
esp32,1787200862231202683
lidar,1787200862313473291
esp32,1787200862331469554
lidar,1787200862412790836
esp32,1787200862431371360
lidar,1787200862512700243
esp32,1787200862531230468
lidar,1787200862613056622
esp32,1787200862631188322
lidar,1787200862712833688
esp32,1787200862731252519
lidar,1787200862813118200
esp32,1787200862831462477
lidar,1787200862913263679
esp32,1787200862931459582
lidar,1787200863013140819
esp32,1787200863031425332
lidar,1787200863113351859
esp32,1787200863131398803
lidar,1787200863214030102
esp32,1787200863231368858
lidar,1787200863314364207
esp32,1787200863331455066
lidar,1787200863413965248
esp32,1787200863431493615
lidar,1787200863514161658
esp32,1787200863531440805
lidar,1787200863614020866
esp32,1787200863631479854
lidar,1787200863713302275
esp32,1787200863731390210
lidar,1787200863812858429
esp32,1787200863831241836
lidar,1787200863912478307
esp32,1787200863930759556
lidar,1787200864012274508
esp32,1787200864031417219
lidar,1787200864112047201
esp32,1787200864131316561
lidar,1787200864211722072
esp32,1787200864231563607
lidar,1787200864311796316
esp32,1787200864331448241
lidar,1787200864410787083
esp32,1787200864431386284
lidar,1787200864510534657
esp32,1787200864531512608
lidar,1787200864610423726
esp32,1787200864631498158
lidar,1787200864710529880
esp32,1787200864731280671
lidar,1787200864810949722
esp32,1787200864831473741
lidar,1787200864910623318
esp32,1787200864931664174
lidar,1787200865011383813
esp32,1787200865031937412
lidar,1787200865111375005
esp32,1787200865131522368
lidar,1787200865212097831
esp32,1787200865231295575
lidar,1787200865312381294
esp32,1787200865331630741
lidar,1787200865412302800
esp32,1787200865431376292
lidar,1787200865512984651
esp32,1787200865531450595
lidar,1787200865613284574
esp32,1787200865631377765
lidar,1787200865712954167
esp32,1787200865731487639
lidar,1787200865812888412
esp32,1787200865831747066
lidar,1787200865912563102
esp32,1787200865931480960
lidar,1787200866012226645
esp32,1787200866031614295
lidar,1787200866111766491
esp32,1787200866131565997
lidar,1787200866211788063
esp32,1787200866231469725
lidar,1787200866311329767
esp32,1787200866331475967
lidar,1787200866411179608
esp32,1787200866431431774
lidar,1787200866510772036
esp32,1787200866531270062
lidar,1787200866610151120
esp32,1787200866631331627
lidar,1787200866710155400
esp32,1787200866731241182
lidar,1787200866810097652
esp32,1787200866831388472
lidar,1787200866910003503
esp32,1787200866931443175
lidar,1787200867009983200
esp32,1787200867031559717
lidar,1787200867110152676
esp32,1787200867131412235
lidar,1787200867210150760
esp32,1787200867231473902
lidar,1787200867310178291
esp32,1787200867331364050
lidar,1787200867409980192
esp32,1787200867431489541
lidar,1787200867510472539
esp32,1787200867531474655
lidar,1787200867610958467
esp32,1787200867631444327
lidar,1787200867710737964
esp32,1787200867730685893
lidar,1787200867810840955
esp32,1787200867830946310
lidar,1787200867910257891
esp32,1787200867930856755
lidar,1787200868009629264
esp32,1787200868030841176
lidar,1787200868110287058
esp32,1787200868131406922
lidar,1787200868210165337
esp32,1787200868231562325
lidar,1787200868309847439
esp32,1787200868331443247
lidar,1787200868409086709
esp32,1787200868431414965
lidar,1787200868508690767
esp32,1787200868531509097
lidar,1787200868608535891
esp32,1787200868631418308
lidar,1787200868707967608
esp32,1787200868731382863
lidar,1787200868808236694
esp32,1787200868831464397
lidar,1787200868908029492
esp32,1787200868931433513
lidar,1787200869008373029
esp32,1787200869031095675
lidar,1787200869108559739
esp32,1787200869131362518
lidar,1787200869208913320
esp32,1787200869231498818
lidar,1787200869309710772
esp32,1787200869331362634
lidar,1787200869409845717
esp32,1787200869431341093
lidar,1787200869509814013
esp32,1787200869531297160
lidar,1787200869610000399
esp32,1787200869631362884
lidar,1787200869709662220
esp32,1787200869731516625
lidar,1787200869809054318
esp32,1787200869831433855
lidar,1787200869908845432
esp32,1787200869931593179
lidar,1787200870008419600
esp32,1787200870031584694
lidar,1787200870108229034
esp32,1787200870131503312
lidar,1787200870207801899
esp32,1787200870231248462
lidar,1787200870307460504
esp32,1787200870331445083
lidar,1787200870406809737
esp32,1787200870431424544
lidar,1787200870506615550
esp32,1787200870531482316
lidar,1787200870606816840
esp32,1787200870631468400
lidar,1787200870706977282
esp32,1787200870731328915
lidar,1787200870807358750
esp32,1787200870831358991
lidar,1787200870907500005
esp32,1787200870931367003
lidar,1787200871007811318
esp32,1787200871031513810
lidar,1787200871108213128
esp32,1787200871131384658
lidar,1787200871208294758
esp32,1787200871231339466
lidar,1787200871308155599
esp32,1787200871331410319
lidar,1787200871408529169
esp32,1787200871431351150
lidar,1787200871508789157
esp32,1787200871531356137
lidar,1787200871608693904
esp32,1787200871631422646
lidar,1787200871708189934
esp32,1787200871731335155
lidar,1787200871808122861
esp32,1787200871831761547
lidar,1787200871907802958
esp32,1787200871931440680
lidar,1787200872008103546
esp32,1787200872031414919
lidar,1787200872107617905
esp32,1787200872131719595
lidar,1787200872207105244
esp32,1787200872231680405
lidar,1787200872306547203
esp32,1787200872330762726
lidar,1787200872406978837
esp32,1787200872431378114
lidar,1787200872506741086
esp32,1787200872531515374
lidar,1787200872606572935
esp32,1787200872631346461
lidar,1787200872706187834
esp32,1787200872731508932
lidar,1787200872806370615
esp32,1787200872831373999
lidar,1787200872905779361
esp32,1787200872931388280
lidar,1787200873005702437
esp32,1787200873031382787
lidar,1787200873105450867
esp32,1787200873131479616
lidar,1787200873205170584
esp32,1787200873231418791
lidar,1787200873304682904
esp32,1787200873331438243
lidar,1787200873404237223
esp32,1787200873431686887
lidar,1787200873504539967
esp32,1787200873531457960
lidar,1787200873604345758
esp32,1787200873631438872
lidar,1787200873704196684
esp32,1787200873731397106
lidar,1787200873804533468
esp32,1787200873831402005
lidar,1787200873904829861
esp32,1787200873931802469
lidar,1787200874005141666
esp32,1787200874031455897
lidar,1787200874105459240
esp32,1787200874131541587
lidar,1787200874205856913
esp32,1787200874231446765
lidar,1787200874305857651
esp32,1787200874331406158
lidar,1787200874405980085
esp32,1787200874431394403
lidar,1787200874505770185
esp32,1787200874531394896
lidar,1787200874605603691
esp32,1787200874631454629
lidar,1787200874704835649
esp32,1787200874731390246
lidar,1787200874804883130
esp32,1787200874831429210
lidar,1787200874904470469
esp32,1787200874931440639
lidar,1787200875004137664
esp32,1787200875031340402
lidar,1787200875104056627
esp32,1787200875131439029
lidar,1787200875203305422
esp32,1787200875252158638
lidar,1787200875303183777
esp32,1787200875331289426
lidar,1787200875402621501
esp32,1787200875431495572
lidar,1787200875502349753
esp32,1787200875531434131
lidar,1787200875602913359
esp32,1787200875631506562
lidar,1787200875702387412
esp32,1787200875731412188
lidar,1787200875802967145
esp32,1787200875831484084
lidar,1787200875903500718
esp32,1787200875931544192
lidar,1787200876003876713
esp32,1787200876031595031
lidar,1787200876104549658
esp32,1787200876130775155
lidar,1787200876204796977
esp32,1787200876231420084
lidar,1787200876305441409
esp32,1787200876331579098
lidar,1787200876405568500
esp32,1787200876431529317
lidar,1787200876505558711
esp32,1787200876531590842
lidar,1787200876605375646
esp32,1787200876631535419
lidar,1787200876704785392
esp32,1787200876731573414
lidar,1787200876804961485
esp32,1787200876831459336
lidar,1787200876904447469
esp32,1787200876931574716
lidar,1787200877004097504
esp32,1787200877031571941
lidar,1787200877103805467
esp32,1787200877131570896
lidar,1787200877203387818
esp32,1787200877231664780
lidar,1787200877302686332
esp32,1787200877331479325
lidar,1787200877402397622
esp32,1787200877431510924
lidar,1787200877502087336
esp32,1787200877531502315
lidar,1787200877601556215
esp32,1787200877631487515
lidar,1787200877700653246
esp32,1787200877730820928
lidar,1787200877800707466
esp32,1787200877831072110
lidar,1787200877900723090
esp32,1787200877930728892
lidar,1787200878000809751
esp32,1787200878030995009
lidar,1787200878101821337
esp32,1787200878131463966
lidar,1787200878201970676
esp32,1787200878231428377
lidar,1787200878302433751
esp32,1787200878331460547
lidar,1787200878403087686
esp32,1787200878431378864
lidar,1787200878503238225
esp32,1787200878531489846
lidar,1787200878603945339
esp32,1787200878631380748
lidar,1787200878704151033
esp32,1787200878731349493
lidar,1787200878803989029
esp32,1787200878831395800
lidar,1787200878903967201
esp32,1787200878931519037
lidar,1787200879003796568
esp32,1787200879031426439
lidar,1787200879103554897
esp32,1787200879131385572
lidar,1787200879203344625
esp32,1787200879231355504
lidar,1787200879303319544
esp32,1787200879331452429
lidar,1787200879402600730
esp32,1787200879431399901
lidar,1787200879502125813
esp32,1787200879531490900
lidar,1787200879601854830
esp32,1787200879631524404
lidar,1787200879701776653
esp32,1787200879731455001
lidar,1787200879801445469
esp32,1787200879831454315
lidar,1787200879901221583
esp32,1787200879931147739
lidar,1787200880000693238
esp32,1787200880031425876
lidar,1787200880100346422
esp32,1787200880131466228
lidar,1787200880199672071
esp32,1787200880231230889
lidar,1787200880299362642
esp32,1787200880331518915
lidar,1787200880398614927
esp32,1787200880431385517
lidar,1787200880498649923
esp32,1787200880531467140
lidar,1787200880598967786
esp32,1787200880631447263
lidar,1787200880698792779
esp32,1787200880731338325
lidar,1787200880799393945
esp32,1787200880831437303
lidar,1787200880899192056
esp32,1787200880931407016
lidar,1787200880999183064
esp32,1787200881031333679
lidar,1787200881099868345
esp32,1787200881131516545
lidar,1787200881199895879
esp32,1787200881231338624
lidar,1787200881300253212
esp32,1787200881331467588
lidar,1787200881400561126
esp32,1787200881431449856
lidar,1787200881500941289
esp32,1787200881531293438
lidar,1787200881601392536
esp32,1787200881631442581
lidar,1787200881701143344
esp32,1787200881731341171
lidar,1787200881800993969
esp32,1787200881831464895
lidar,1787200881900818517
esp32,1787200881931447408
lidar,1787200882000480917
esp32,1787200882031336348
lidar,1787200882099862637
esp32,1787200882131367272
lidar,1787200882199341323
esp32,1787200882231220294
lidar,1787200882299047868
esp32,1787200882331518420
lidar,1787200882398583870
esp32,1787200882430920948
lidar,1787200882498466373
esp32,1787200882531361091
lidar,1787200882597914091
esp32,1787200882631267274
lidar,1787200882698362942
esp32,1787200882731453250
lidar,1787200882798071689
esp32,1787200882830963424
lidar,1787200882898661605
esp32,1787200882931280185
lidar,1787200882999088629
esp32,1787200883031444113
lidar,1787200883099686917
esp32,1787200883131495834
lidar,1787200883200694721
esp32,1787200883231493807
lidar,1787200883300613875
esp32,1787200883331534277
lidar,1787200883400772532
esp32,1787200883431471243
lidar,1787200883500343539
esp32,1787200883531305404
lidar,1787200883600491186
esp32,1787200883631404560
lidar,1787200883700493623
esp32,1787200883731435280
lidar,1787200883800475368
esp32,1787200883831450765
lidar,1787200883900173272
esp32,1787200883931746277
lidar,1787200883999626423
esp32,1787200884031513387
lidar,1787200884099945179
esp32,1787200884131454725
lidar,1787200884199631834
esp32,1787200884231403215
lidar,1787200884299274490
esp32,1787200884331489585
lidar,1787200884399094222
esp32,1787200884431506948
lidar,1787200884498385295
esp32,1787200884531466776
lidar,1787200884598449326
esp32,1787200884631469012
lidar,1787200884697534990
esp32,1787200884731350616
lidar,1787200884797858986
esp32,1787200884831439546
lidar,1787200884897842692
esp32,1787200884931510505
lidar,1787200884998023466
esp32,1787200885031389216
lidar,1787200885098494247
esp32,1787200885131305621
lidar,1787200885199567950
esp32,1787200885231385251
lidar,1787200885299396407
esp32,1787200885331484319
lidar,1787200885399765948
esp32,1787200885431328940
lidar,1787200885499829244
esp32,1787200885531491508
lidar,1787200885599810935
esp32,1787200885631397877
lidar,1787200885699566087
esp32,1787200885731669362
lidar,1787200885799447178
esp32,1787200885831477300
lidar,1787200885898871526
esp32,1787200885931469336
lidar,1787200885998717253
esp32,1787200886030669945
lidar,1787200886098327328
esp32,1787200886131537275
lidar,1787200886197684171
esp32,1787200886231374887
lidar,1787200886297629232
esp32,1787200886331355534
lidar,1787200886397111082
esp32,1787200886431441041
lidar,1787200886496569451
esp32,1787200886531311757
lidar,1787200886596031064
esp32,1787200886631437558
lidar,1787200886695702093
esp32,1787200886731355523
lidar,1787200886795067272
esp32,1787200886831295905
lidar,1787200886894483446
esp32,1787200886931315608
lidar,1787200886994662874
esp32,1787200887031293430
lidar,1787200887094665677
esp32,1787200887131427535
lidar,1787200887194719692
esp32,1787200887231448068
lidar,1787200887295072385
esp32,1787200887331427442
lidar,1787200887395442107
esp32,1787200887431363283
lidar,1787200887495499942
esp32,1787200887531433399
lidar,1787200887595845693
esp32,1787200887631532893
lidar,1787200887695843558
esp32,1787200887730776380
lidar,1787200887795768182
esp32,1787200887831110368
lidar,1787200887895520711
esp32,1787200887930791589
lidar,1787200887995453770
esp32,1787200888031040282
lidar,1787200888095600409
esp32,1787200888131458460
lidar,1787200888195621070
esp32,1787200888231471480
lidar,1787200888295533889
esp32,1787200888331515636
lidar,1787200888395655252
esp32,1787200888431476002
lidar,1787200888495193552
esp32,1787200888531561578
lidar,1787200888594607418
esp32,1787200888631546471
lidar,1787200888694532595
esp32,1787200888731511692
lidar,1787200888794167857
esp32,1787200888831541976
lidar,1787200888893884928
esp32,1787200888931510233
lidar,1787200888993506668
esp32,1787200889031549975
lidar,1787200889093670486
esp32,1787200889131538717
lidar,1787200889192569563
esp32,1787200889231594845
lidar,1787200889291896816
esp32,1787200889331539780
lidar,1787200889391584831
esp32,1787200889431500701
lidar,1787200889491287538
esp32,1787200889531588155
lidar,1787200889590739621
esp32,1787200889631576118
lidar,1787200889690216805
esp32,1787200889731658611
lidar,1787200889790103108
esp32,1787200889831636052
lidar,1787200889890173734
esp32,1787200889931541722
lidar,1787200889990079429
esp32,1787200890031364755
lidar,1787200890090262442
esp32,1787200890131411091
lidar,1787200890190680040
esp32,1787200890231508168
lidar,1787200890290950899
esp32,1787200890331333472
lidar,1787200890391340931
esp32,1787200890431424248
lidar,1787200890491805666
esp32,1787200890531785225
lidar,1787200890591954289
esp32,1787200890631431180
lidar,1787200890692135627
esp32,1787200890731518896
lidar,1787200890792681221
esp32,1787200890831611062
lidar,1787200890892245776
esp32,1787200890931344840
lidar,1787200890992122919
esp32,1787200891031486843
lidar,1787200891091818200
esp32,1787200891131495322
lidar,1787200891191741271
esp32,1787200891231487958
lidar,1787200891291220387
esp32,1787200891331535840
lidar,1787200891390846624
esp32,1787200891431525953
lidar,1787200891490566654
esp32,1787200891531661957
lidar,1787200891590503985
esp32,1787200891631649603
lidar,1787200891690294755
esp32,1787200891731540200
lidar,1787200891790059848
esp32,1787200891831650797
lidar,1787200891889571206
esp32,1787200891931490068
lidar,1787200891989041016
esp32,1787200892031586685
lidar,1787200892088716220
esp32,1787200892131401616
lidar,1787200892188207674
esp32,1787200892231601018
lidar,1787200892287941946
esp32,1787200892331529647
lidar,1787200892388285008
esp32,1787200892431495339
lidar,1787200892488299219
esp32,1787200892531499360
lidar,1787200892588629325
esp32,1787200892631520622
lidar,1787200892688546275
esp32,1787200892731542548
lidar,1787200892789103892
esp32,1787200892831572684
lidar,1787200892889348918
esp32,1787200892931457784
lidar,1787200892989534132
esp32,1787200893031541653
lidar,1787200893089983733
esp32,1787200893131747185
lidar,1787200893190119668
esp32,1787200893231460641
lidar,1787200893290565037
esp32,1787200893331500738
lidar,1787200893390586218
esp32,1787200893431538934
lidar,1787200893490859644
esp32,1787200893531623715
lidar,1787200893590680317
esp32,1787200893631683179
lidar,1787200893690911535
esp32,1787200893731387444
lidar,1787200893790499598
esp32,1787200893831558176
lidar,1787200893889688728
esp32,1787200893931610193
lidar,1787200893989309499
esp32,1787200894031558548
lidar,1787200894088785556
esp32,1787200894131290831
lidar,1787200894188404953
esp32,1787200894231552816
lidar,1787200894287724430
esp32,1787200894331591032
lidar,1787200894387429415
esp32,1787200894431581133
lidar,1787200894486817066
esp32,1787200894531575029
lidar,1787200894586480966
esp32,1787200894631439455
lidar,1787200894686305975
esp32,1787200894731334989
lidar,1787200894786136079
esp32,1787200894831533431
lidar,1787200894885658939
esp32,1787200894931526199
lidar,1787200894985875887
esp32,1787200895031456283
lidar,1787200895085993240
esp32,1787200895131589147
lidar,1787200895186153575
esp32,1787200895231531828
lidar,1787200895286557827
esp32,1787200895331536488
lidar,1787200895386269525
esp32,1787200895431340352
lidar,1787200895486313442
esp32,1787200895531427056
lidar,1787200895586338139
esp32,1787200895631385076
lidar,1787200895686188228
esp32,1787200895731516158
lidar,1787200895785925056
esp32,1787200895831451023
lidar,1787200895885466601
esp32,1787200895931444736
lidar,1787200895985836418
esp32,1787200896031384874
lidar,1787200896085240540
esp32,1787200896131401815
lidar,1787200896184766463
esp32,1787200896231459364
lidar,1787200896284293342
esp32,1787200896331389899
lidar,1787200896383687316
esp32,1787200896431345389
lidar,1787200896483191537
esp32,1787200896531454020
lidar,1787200896582883471
esp32,1787200896631577083
lidar,1787200896682372668
esp32,1787200896731577848
lidar,1787200896782303012
esp32,1787200896831519800
lidar,1787200896881676944
esp32,1787200896931525274
lidar,1787200896981413749
esp32,1787200897031414556
lidar,1787200897080944434
esp32,1787200897131402351
lidar,1787200897180576921
esp32,1787200897231424536
lidar,1787200897280308534
esp32,1787200897331489989
lidar,1787200897379622509
esp32,1787200897431391965
lidar,1787200897479590067
esp32,1787200897531471787
lidar,1787200897579552696
esp32,1787200897631419241
lidar,1787200897679383833
esp32,1787200897730806429
lidar,1787200897779415391
esp32,1787200897831031364
lidar,1787200897879821564
esp32,1787200897930980779
lidar,1787200897979652985
esp32,1787200898031100214
lidar,1787200898080687248
esp32,1787200898131597132
lidar,1787200898180669238
esp32,1787200898231455665
lidar,1787200898281427782
esp32,1787200898331609883
lidar,1787200898381328143
esp32,1787200898431377169
lidar,1787200898481554778
esp32,1787200898531551010
lidar,1787200898582069837
esp32,1787200898631477394
lidar,1787200898681591616
esp32,1787200898731486646
lidar,1787200898781717029
esp32,1787200898831547727
lidar,1787200898881338931
esp32,1787200898931642646
lidar,1787200898980891775
esp32,1787200899031350666
lidar,1787200899080376730
esp32,1787200899131489476
lidar,1787200899179948037
esp32,1787200899231387009
lidar,1787200899280017410
esp32,1787200899331543912
lidar,1787200899379743687
esp32,1787200899431469154
lidar,1787200899479622691
esp32,1787200899531338903
lidar,1787200899579245819
esp32,1787200899631488662
lidar,1787200899678645474
esp32,1787200899731477502
lidar,1787200899778552692
esp32,1787200899831437030
lidar,1787200899878675534
esp32,1787200899931603218
lidar,1787200899978604739
esp32,1787200900031470436
lidar,1787200900079071045
esp32,1787200900131542628
lidar,1787200900179092089
esp32,1787200900231011124
lidar,1787200900279148788
esp32,1787200900331600553
lidar,1787200900379560035
esp32,1787200900431301922
lidar,1787200900479997897
esp32,1787200900531442337
lidar,1787200900580654475
esp32,1787200900631310066
lidar,1787200900680967377
esp32,1787200900731525627
lidar,1787200900781276084
esp32,1787200900831437307
lidar,1787200900880899921
esp32,1787200900931453054
lidar,1787200900980407205
esp32,1787200901031521194
lidar,1787200901080136851
esp32,1787200901131508077
lidar,1787200901179731570
esp32,1787200901231446155
lidar,1787200901279446968
esp32,1787200901331374897
lidar,1787200901379156724
esp32,1787200901431320571
lidar,1787200901479132605
esp32,1787200901531301459
lidar,1787200901578686246
esp32,1787200901631745892
lidar,1787200901678192639
esp32,1787200901731455197
lidar,1787200901777615681
esp32,1787200901831735913
lidar,1787200901877451672
esp32,1787200901931541222
lidar,1787200901977110730
esp32,1787200902031439574
lidar,1787200902077161554
esp32,1787200902131484659
lidar,1787200902177134294
esp32,1787200902231524150
lidar,1787200902277132477
esp32,1787200902331487909
lidar,1787200902377639529
esp32,1787200902431398096
lidar,1787200902477865786
esp32,1787200902531547524
lidar,1787200902577922034
esp32,1787200902631537903
lidar,1787200902678327512
esp32,1787200902731485391
lidar,1787200902778747731
esp32,1787200902831481899
lidar,1787200902878669745
esp32,1787200902931427359
lidar,1787200902979228153
esp32,1787200903031524998
lidar,1787200903079322393
esp32,1787200903131532694
lidar,1787200903179306501
esp32,1787200903231537863
lidar,1787200903279419207
esp32,1787200903331545390
lidar,1787200903379312123
esp32,1787200903431417249
lidar,1787200903478966717
esp32,1787200903531501863
lidar,1787200903578327933
esp32,1787200903631508565
lidar,1787200903677992109
esp32,1787200903731703941
lidar,1787200903777625672
esp32,1787200903831474833
lidar,1787200903877316143
esp32,1787200903931553503
lidar,1787200903977018708
esp32,1787200904031494276
lidar,1787200904076871910
esp32,1787200904131600081
lidar,1787200904176780133
esp32,1787200904231546728
lidar,1787200904276405299
esp32,1787200904331449212
lidar,1787200904377144644
esp32,1787200904431416328
lidar,1787200904477420696
esp32,1787200904531460999
lidar,1787200904577922227
esp32,1787200904631506654
lidar,1787200904678395076
esp32,1787200904731355024
lidar,1787200904778675026
esp32,1787200904831412568
lidar,1787200904878441472
esp32,1787200904931519115
lidar,1787200904978020051
esp32,1787200905032173402
lidar,1787200905078006607
esp32,1787200905131513386
lidar,1787200905177859877
esp32,1787200905231491412
lidar,1787200905277308054
esp32,1787200905331402554
lidar,1787200905377323696
esp32,1787200905431352580
lidar,1787200905476634405
esp32,1787200905531518317
lidar,1787200905576189160
esp32,1787200905651782015
lidar,1787200905675747752
esp32,1787200905731578252
lidar,1787200905776084511
esp32,1787200905831362367
lidar,1787200905875928700
esp32,1787200905931454649
lidar,1787200905976427443
esp32,1787200906031362218
lidar,1787200906076336100
esp32,1787200906131721800
lidar,1787200906177185223
esp32,1787200906231464246
lidar,1787200906277344119
esp32,1787200906330847589
lidar,1787200906377487922
esp32,1787200906431429926
lidar,1787200906477695906
esp32,1787200906531477781
lidar,1787200906577813982
esp32,1787200906631519182
lidar,1787200906678011141
esp32,1787200906731586471
lidar,1787200906778002056
esp32,1787200906831259319
lidar,1787200906877605968
esp32,1787200906931657450
lidar,1787200906977259115
esp32,1787200907031601250
lidar,1787200907077033751
esp32,1787200907131578601
lidar,1787200907176708524
esp32,1787200907231338339
lidar,1787200907276541254
esp32,1787200907331519024
lidar,1787200907376170761
esp32,1787200907431510821
lidar,1787200907475974520
esp32,1787200907531564039
lidar,1787200907575653079
esp32,1787200907631646446
lidar,1787200907675574673
esp32,1787200907750999902
lidar,1787200907774587288
esp32,1787200907830889491
lidar,1787200907874084232
esp32,1787200907930857413
lidar,1787200907973824292
esp32,1787200908030813813
lidar,1787200908074167024
esp32,1787200908131564370
lidar,1787200908174047454
esp32,1787200908231430975
lidar,1787200908274658981
esp32,1787200908331461371
lidar,1787200908374924118
esp32,1787200908431456089
lidar,1787200908475342056
esp32,1787200908531489410
lidar,1787200908575228070
esp32,1787200908631406768
lidar,1787200908675938472
esp32,1787200908731489771
lidar,1787200908776043187
esp32,1787200908831349739
lidar,1787200908876133002
esp32,1787200908931399076
lidar,1787200908975691512
esp32,1787200909031391623
lidar,1787200909075155046
esp32,1787200909131475552
lidar,1787200909174792511
esp32,1787200909231395515
lidar,1787200909274262200
esp32,1787200909331530110
lidar,1787200909373969573
esp32,1787200909431370493
lidar,1787200909473382392
esp32,1787200909531473020
lidar,1787200909573095188
esp32,1787200909631411799
lidar,1787200909672305356
esp32,1787200909731586728
lidar,1787200909772139485
esp32,1787200909831320945
lidar,1787200909871687185
esp32,1787200909931470556
lidar,1787200909971495472
esp32,1787200910031627623
lidar,1787200910071869298
esp32,1787200910131567805
lidar,1787200910171742641
esp32,1787200910231470350
lidar,1787200910272160326
esp32,1787200910331603976
lidar,1787200910372630056
esp32,1787200910431434932
lidar,1787200910472867843
esp32,1787200910531499613
lidar,1787200910572860639
esp32,1787200910631419624
lidar,1787200910673636508
esp32,1787200910731424278
lidar,1787200910773996957
esp32,1787200910831529836
lidar,1787200910874090604
esp32,1787200910931466772
lidar,1787200910973657694
esp32,1787200911031471081
lidar,1787200911072965737
esp32,1787200911131416813
lidar,1787200911172645830
esp32,1787200911231413868
lidar,1787200911272141133
esp32,1787200911331517397
lidar,1787200911372039904
esp32,1787200911431344588
lidar,1787200911471313449
esp32,1787200911531527096
lidar,1787200911570941148
esp32,1787200911631462420
lidar,1787200911670826790
esp32,1787200911731418432
lidar,1787200911770372371
esp32,1787200911831563282
lidar,1787200911869968028
esp32,1787200911931154013
lidar,1787200911969739589
esp32,1787200912031493116
lidar,1787200912070064251
esp32,1787200912131385407
lidar,1787200912170264236
esp32,1787200912231511902
lidar,1787200912270466062
esp32,1787200912331538029
lidar,1787200912370862694
esp32,1787200912431195635
lidar,1787200912471105860
esp32,1787200912531501036
lidar,1787200912571850130
esp32,1787200912631343751
lidar,1787200912672538208
esp32,1787200912731484205
lidar,1787200912773476572
esp32,1787200912831287207
lidar,1787200912873403072
esp32,1787200912931420856
lidar,1787200912974028354
esp32,1787200913031480375
lidar,1787200913073934835
esp32,1787200913131522503
lidar,1787200913173628655
esp32,1787200913231562581
lidar,1787200913273401798
esp32,1787200913331606093
lidar,1787200913372842353
esp32,1787200913431532468
lidar,1787200913472776163
esp32,1787200913531520827
lidar,1787200913572236062
esp32,1787200913631442623
lidar,1787200913671753660
esp32,1787200913731397183
lidar,1787200913771235809
esp32,1787200913831373124
lidar,1787200913871107402
esp32,1787200913931510344
lidar,1787200913970638435
esp32,1787200914031512682
lidar,1787200914070405326
esp32,1787200914131615223
lidar,1787200914170234293
esp32,1787200914231495984
lidar,1787200914269918708
esp32,1787200914331615372
lidar,1787200914369924617
esp32,1787200914431452600
lidar,1787200914470227078
esp32,1787200914531639673
lidar,1787200914570222041
esp32,1787200914631577332
lidar,1787200914670140230
esp32,1787200914731605817
lidar,1787200914770413696
esp32,1787200914831510709
lidar,1787200914870778339
esp32,1787200914931549134
lidar,1787200914971158200
esp32,1787200915031375524
lidar,1787200915071493628
esp32,1787200915131629588
lidar,1787200915171877048
esp32,1787200915231403122
lidar,1787200915272063152
esp32,1787200915331596714
lidar,1787200915371939877
esp32,1787200915430840455
lidar,1787200915471847677
esp32,1787200915531475941
lidar,1787200915571754135
esp32,1787200915631404470
lidar,1787200915671506264
esp32,1787200915731526249
lidar,1787200915771281445
esp32,1787200915831494683
lidar,1787200915871173766
esp32,1787200915931498690
lidar,1787200915970720721
esp32,1787200916031420276
lidar,1787200916070390311
esp32,1787200916131542111
lidar,1787200916169972784
esp32,1787200916231419037
lidar,1787200916269733484
esp32,1787200916331522923
lidar,1787200916369450781
esp32,1787200916431371535
lidar,1787200916468518537
esp32,1787200916531569136
lidar,1787200916568461549
esp32,1787200916631592668
lidar,1787200916668170993
esp32,1787200916731391580
lidar,1787200916767825507
esp32,1787200916831523518
lidar,1787200916867822849
esp32,1787200916931590032
lidar,1787200916967261906
esp32,1787200917031463119
lidar,1787200917067290627
esp32,1787200917131544811
lidar,1787200917167302962
esp32,1787200917231588766
lidar,1787200917267821959
esp32,1787200917331423311
lidar,1787200917367901221
esp32,1787200917431350814
lidar,1787200917468279149
esp32,1787200917531522934
lidar,1787200917568655779
esp32,1787200917631608658
lidar,1787200917669101065
esp32,1787200917730890476
lidar,1787200917768849021
esp32,1787200917831062771
lidar,1787200917869151185
esp32,1787200917930947448
lidar,1787200917969419086
esp32,1787200918030939528
lidar,1787200918069842104
esp32,1787200918131564271
lidar,1787200918169664219
esp32,1787200918231557619
lidar,1787200918269253204
esp32,1787200918331559549
lidar,1787200918369317637
esp32,1787200918431378622
lidar,1787200918468885104
esp32,1787200918531434854
lidar,1787200918568330638
esp32,1787200918631645111
lidar,1787200918668494541
esp32,1787200918731662425
lidar,1787200918767681374
esp32,1787200918831618163
lidar,1787200918867854347
esp32,1787200918931605440
lidar,1787200918967238891
esp32,1787200919031486206
lidar,1787200919066658893
esp32,1787200919131621170
lidar,1787200919166489450
esp32,1787200919231447834
lidar,1787200919266103144
esp32,1787200919331282120
lidar,1787200919366357244
esp32,1787200919431254834
lidar,1787200919466793878
esp32,1787200919531723745
lidar,1787200919567242408
esp32,1787200919631521682
lidar,1787200919667945848
esp32,1787200919731472050
lidar,1787200919768475527
esp32,1787200919831514710
lidar,1787200919868887621
esp32,1787200919931462629
lidar,1787200919968991819
esp32,1787200920031616358
lidar,1787200920069312003
esp32,1787200920131398858
lidar,1787200920168816851
esp32,1787200920231530270
lidar,1787200920269019997
esp32,1787200920331510258
lidar,1787200920368833660
esp32,1787200920431382417
lidar,1787200920468157885
esp32,1787200920531021557
lidar,1787200920568076946
esp32,1787200920631457604
lidar,1787200920667948108
esp32,1787200920731549699
lidar,1787200920767592317
esp32,1787200920831546990
lidar,1787200920867521166
esp32,1787200920931284949
lidar,1787200920967191929
esp32,1787200921031472676
lidar,1787200921066740381
esp32,1787200921131479985
lidar,1787200921166254726
esp32,1787200921231359794
lidar,1787200921265849802
esp32,1787200921331530791
lidar,1787200921365274710
esp32,1787200921431384048
lidar,1787200921465296369
esp32,1787200921531656382
lidar,1787200921565622084
esp32,1787200921631603136
lidar,1787200921665191168
esp32,1787200921731616295
lidar,1787200921766089476
esp32,1787200921831576845
lidar,1787200921866144884
esp32,1787200921931469571
lidar,1787200921966300464
esp32,1787200922031701504
lidar,1787200922066696549
esp32,1787200922131462786
lidar,1787200922166771285
esp32,1787200922231499943
lidar,1787200922267320781
esp32,1787200922331537108
lidar,1787200922366824329
esp32,1787200922432019262
lidar,1787200922466904893
esp32,1787200922531464485
lidar,1787200922565957667
esp32,1787200922631578860
lidar,1787200922666063377
esp32,1787200922731494490
lidar,1787200922766079879
esp32,1787200922831418953
lidar,1787200922865826001
esp32,1787200922931553948
lidar,1787200922965499744
esp32,1787200923031504955
lidar,1787200923065154281
esp32,1787200923131457619
lidar,1787200923165007895
esp32,1787200923231400889
lidar,1787200923264992367
esp32,1787200923331535639
lidar,1787200923364943174
esp32,1787200923431365699
lidar,1787200923464904130
esp32,1787200923531429702
lidar,1787200923565078374
esp32,1787200923631431360
lidar,1787200923665605769
esp32,1787200923731482199
lidar,1787200923765336868
esp32,1787200923831613553
lidar,1787200923866096462
esp32,1787200923931456228
lidar,1787200923965846247
esp32,1787200924031518233
lidar,1787200924065801259
esp32,1787200924131372247
lidar,1787200924165396414
esp32,1787200924231408760
lidar,1787200924264911570
esp32,1787200924331489537
lidar,1787200924364642947
esp32,1787200924431276153
lidar,1787200924464489862
esp32,1787200924531574616
lidar,1787200924563851330
esp32,1787200924631487305
esp32,1787200924731624445
lidar,1787200924764155565
esp32,1787200924831562874
lidar,1787200924863145905
esp32,1787200924931680139
lidar,1787200924962654734
esp32,1787200925031516847
lidar,1787200925062134457
esp32,1787200925131597197
lidar,1787200925161693571
esp32,1787200925231709772
lidar,1787200925261357713
esp32,1787200925331716250
lidar,1787200925361536203
esp32,1787200925431346694
lidar,1787200925461225823
esp32,1787200925531561983
lidar,1787200925561381752
esp32,1787200925631500560
lidar,1787200925661708936
esp32,1787200925731657685
lidar,1787200925762174000
esp32,1787200925831610255
lidar,1787200925862770889
esp32,1787200925931640772
lidar,1787200925963035786
esp32,1787200926031624562
lidar,1787200926063588176
esp32,1787200926131545415
lidar,1787200926163696168
esp32,1787200926231633273
lidar,1787200926263570788
esp32,1787200926331591767
lidar,1787200926363842395
esp32,1787200926431740452
lidar,1787200926463383250
esp32,1787200926531565803
lidar,1787200926563203793
esp32,1787200926631127035
lidar,1787200926663028764
esp32,1787200926731535000
lidar,1787200926762512303
esp32,1787200926831443170
lidar,1787200926862294889
esp32,1787200926931400423
lidar,1787200926961393753
esp32,1787200927031551446
lidar,1787200927061365865
esp32,1787200927131669172
lidar,1787200927160881217
esp32,1787200927232138810
lidar,1787200927260189598
esp32,1787200927331317305
lidar,1787200927360375910
esp32,1787200927431320225
lidar,1787200927459692925
esp32,1787200927531290932
lidar,1787200927559732521
esp32,1787200927631513963
lidar,1787200927659691126
esp32,1787200927730791869
lidar,1787200927759315183
esp32,1787200927830914099
lidar,1787200927859786104
esp32,1787200927930791634
lidar,1787200927959796070
esp32,1787200928030819046
lidar,1787200928060783022
esp32,1787200928131486084
lidar,1787200928161194217
esp32,1787200928231458597
lidar,1787200928261614307
esp32,1787200928331446970
lidar,1787200928361570638
esp32,1787200928431430296
lidar,1787200928461284602
esp32,1787200928531501277
lidar,1787200928561127494
esp32,1787200928631388507
lidar,1787200928660994436
esp32,1787200928731432636
lidar,1787200928761119451
esp32,1787200928831474945
lidar,1787200928860665880
esp32,1787200928931446106
lidar,1787200928960226449
esp32,1787200929031428589
lidar,1787200929060287286
esp32,1787200929151864594
lidar,1787200929159947499
esp32,1787200929231487331
lidar,1787200929260071052
esp32,1787200929331496996
lidar,1787200929359807339
esp32,1787200929431597874
lidar,1787200929459375918
esp32,1787200929531278847
lidar,1787200929559230476
esp32,1787200929631515909
lidar,1787200929658743204
esp32,1787200929731572805
lidar,1787200929758679093
esp32,1787200929831608577
lidar,1787200929858717440
esp32,1787200929931502608
lidar,1787200929958287208
esp32,1787200930031376602
lidar,1787200930057883251
esp32,1787200930131443812
lidar,1787200930157856617
esp32,1787200930231385366
lidar,1787200930258177048
esp32,1787200930331550942
lidar,1787200930358025281
esp32,1787200930431284804
lidar,1787200930458521640
esp32,1787200930531479294
lidar,1787200930558901465
esp32,1787200930631573049
lidar,1787200930659124467
esp32,1787200930731495368
lidar,1787200930759649810
esp32,1787200930831498394
lidar,1787200930860758967
esp32,1787200930931467742
lidar,1787200930960596027
esp32,1787200931031555130
lidar,1787200931060772810
esp32,1787200931131543615
lidar,1787200931160634009
esp32,1787200931231460416
lidar,1787200931260826093
esp32,1787200931331460559
lidar,1787200931360713848
esp32,1787200931431555509
lidar,1787200931459839361
esp32,1787200931531804760
lidar,1787200931559589895
esp32,1787200931631658786
lidar,1787200931659883220
esp32,1787200931731580713
lidar,1787200931759582843
esp32,1787200931831391285
lidar,1787200931859174492
esp32,1787200931931510049
lidar,1787200931958764046
esp32,1787200932031548121
lidar,1787200932058876792
esp32,1787200932131434286
lidar,1787200932158726492
esp32,1787200932231505664
lidar,1787200932258163481
esp32,1787200932330986963
lidar,1787200932358487550
esp32,1787200932431472955
lidar,1787200932458017359
esp32,1787200932531560225
lidar,1787200932557840711
esp32,1787200932631457675
lidar,1787200932657634634
esp32,1787200932731368484
lidar,1787200932757948239
esp32,1787200932831413395
lidar,1787200932858574517
esp32,1787200932931411298
lidar,1787200932958741487
esp32,1787200933031441977
lidar,1787200933059176619
esp32,1787200933131483275
lidar,1787200933158936210
esp32,1787200933231513641
lidar,1787200933259275537
esp32,1787200933331495044
lidar,1787200933359053652
esp32,1787200933431511540
lidar,1787200933458452009
esp32,1787200933531553560
lidar,1787200933558918985
esp32,1787200933631258691
lidar,1787200933658665088
esp32,1787200933731368938
lidar,1787200933758534483
esp32,1787200933831472485
lidar,1787200933858590359
esp32,1787200933931466281
lidar,1787200933958278908
esp32,1787200934031372406
lidar,1787200934058077025
esp32,1787200934131382205
lidar,1787200934157713156
esp32,1787200934231442927
lidar,1787200934257185151
esp32,1787200934331497908
lidar,1787200934357196868
esp32,1787200934431676572
lidar,1787200934456792586
esp32,1787200934531386218
lidar,1787200934556762241
esp32,1787200934631444024
lidar,1787200934656695667
esp32,1787200934730956761
lidar,1787200934755573981
esp32,1787200934831390008
lidar,1787200934856008649
esp32,1787200934931338383
lidar,1787200934955621936
esp32,1787200935031495560
lidar,1787200935055193976
esp32,1787200935131383518
lidar,1787200935155481721
esp32,1787200935231380209
lidar,1787200935255426322
esp32,1787200935331347396
lidar,1787200935355646239
esp32,1787200935431595003
lidar,1787200935455981074
esp32,1787200935531435355
lidar,1787200935556314379
esp32,1787200935631623184
lidar,1787200935656442669
esp32,1787200935731505404
lidar,1787200935756558529
esp32,1787200935831436273
lidar,1787200935856994921
esp32,1787200935931497796
lidar,1787200935957138391
esp32,1787200936031561255
lidar,1787200936057036475
esp32,1787200936131631002
lidar,1787200936157621393
esp32,1787200936231508930
lidar,1787200936257222057
esp32,1787200936331514896
lidar,1787200936357211008
esp32,1787200936431907927
lidar,1787200936456481970
esp32,1787200936531488895
lidar,1787200936556367759
esp32,1787200936631428242
lidar,1787200936656331796
esp32,1787200936731505815
lidar,1787200936756076215
esp32,1787200936831424460
lidar,1787200936855766965
esp32,1787200936931654822
lidar,1787200936955685957
esp32,1787200937031532993
lidar,1787200937055733109
esp32,1787200937131549605
lidar,1787200937155326285
esp32,1787200937231592608
lidar,1787200937254650657
esp32,1787200937331469319
lidar,1787200937354520895
esp32,1787200937431844193
lidar,1787200937454064491
esp32,1787200937531546124
lidar,1787200937554031077
esp32,1787200937631861241
lidar,1787200937653879767
esp32,1787200937730779277
lidar,1787200937753275020
esp32,1787200937831062416
lidar,1787200937853014112
esp32,1787200937931135899
lidar,1787200937952681388
esp32,1787200938030943280
lidar,1787200938052895437
esp32,1787200938131607501
lidar,1787200938152536576
esp32,1787200938231583611
lidar,1787200938252695206
esp32,1787200938331475150
lidar,1787200938352779775
esp32,1787200938431649231
lidar,1787200938453849597
esp32,1787200938531593801
lidar,1787200938554022484
esp32,1787200938631453516
lidar,1787200938654568848
esp32,1787200938731570642
lidar,1787200938754736251
esp32,1787200938831325926
lidar,1787200938854793265
esp32,1787200938931392233
lidar,1787200938954941516
esp32,1787200939031424568
lidar,1787200939054736343
esp32,1787200939131360633
lidar,1787200939154266261
esp32,1787200939231469739
lidar,1787200939254198107
esp32,1787200939331468563
lidar,1787200939354036000
esp32,1787200939431619234
lidar,1787200939453269989
esp32,1787200939531688022
lidar,1787200939553244064
esp32,1787200939631572732
lidar,1787200939652611573
esp32,1787200939731612823
lidar,1787200939752168538
esp32,1787200939831514191
lidar,1787200939851945211
esp32,1787200939931493903
lidar,1787200939951219634
esp32,1787200940031579591
lidar,1787200940051118649
esp32,1787200940131577466
lidar,1787200940150678298
esp32,1787200940231640238
lidar,1787200940250987415
esp32,1787200940331597640
lidar,1787200940350883486
esp32,1787200940431811777
lidar,1787200940450985720
esp32,1787200940531511887
lidar,1787200940551515896
esp32,1787200940631586771
lidar,1787200940652010908
esp32,1787200940731674870
lidar,1787200940752483309
esp32,1787200940831860996
lidar,1787200940853106630
esp32,1787200940931556818
lidar,1787200940953713394
esp32,1787200941031368851
lidar,1787200941054582202
esp32,1787200941131471796
lidar,1787200941154794778
esp32,1787200941231547580
lidar,1787200941254770607
esp32,1787200941331352229
lidar,1787200941354820516
esp32,1787200941431797743
lidar,1787200941454590197
esp32,1787200941531428085
lidar,1787200941554374884
esp32,1787200941631689075
lidar,1787200941654105861
esp32,1787200941731644423
lidar,1787200941753548030
esp32,1787200941831425574
lidar,1787200941853305496
esp32,1787200941931678380
lidar,1787200941953036905
esp32,1787200942031505501
lidar,1787200942052733091
esp32,1787200942131600983
lidar,1787200942152466482
esp32,1787200942231639489
lidar,1787200942252124947
esp32,1787200942331520393
lidar,1787200942352361521
esp32,1787200942431599658
lidar,1787200942452069481
esp32,1787200942531605772
lidar,1787200942551501106
esp32,1787200942631561461
lidar,1787200942651557338
esp32,1787200942731662129
lidar,1787200942751093415
esp32,1787200942831579186
lidar,1787200942849986942
esp32,1787200942931510942
lidar,1787200942950516743
esp32,1787200943031563749
lidar,1787200943050236553
esp32,1787200943131542870
lidar,1787200943150001448
esp32,1787200943231574797
lidar,1787200943249641356
esp32,1787200943331508990
lidar,1787200943349574579
esp32,1787200943431559162
lidar,1787200943449177308
esp32,1787200943531448612
lidar,1787200943549280207
esp32,1787200943631476341
lidar,1787200943649187804
esp32,1787200943731482778
lidar,1787200943749386858
esp32,1787200943831582575
lidar,1787200943849893091
esp32,1787200943931597313
lidar,1787200943950433347
esp32,1787200944031544359
lidar,1787200944051049524
esp32,1787200944131524063
lidar,1787200944151325887
esp32,1787200944231646535
lidar,1787200944251356949
esp32,1787200944331427548
lidar,1787200944351919247
esp32,1787200944431836848
lidar,1787200944451613859
esp32,1787200944531018403
lidar,1787200944551501858
esp32,1787200944631470734
lidar,1787200944651294125
esp32,1787200944731584705
lidar,1787200944750799165
esp32,1787200944831502464
lidar,1787200944850109385
esp32,1787200944931589630
lidar,1787200944949474282
esp32,1787200945031526860
lidar,1787200945048871817
esp32,1787200945131420576
lidar,1787200945149043571
esp32,1787200945231607960
lidar,1787200945248755841
esp32,1787200945331699804
lidar,1787200945348821138
esp32,1787200945431560787
lidar,1787200945448492402
esp32,1787200945531444729
lidar,1787200945548345055
esp32,1787200945631614177
lidar,1787200945648282301
esp32,1787200945731842181
lidar,1787200945748823139
esp32,1787200945831559062
lidar,1787200945849087903
esp32,1787200945931567869
lidar,1787200945949122275
esp32,1787200946031425680
lidar,1787200946049379000
esp32,1787200946131414489
lidar,1787200946149348669
esp32,1787200946231585553
lidar,1787200946249146054
esp32,1787200946331604263
lidar,1787200946348953322
esp32,1787200946431551482
lidar,1787200946448165366
esp32,1787200946531503845
lidar,1787200946548067760
esp32,1787200946631378485
lidar,1787200946648011904
esp32,1787200946731549240
lidar,1787200946747514009
esp32,1787200946831536260
lidar,1787200946847191913
esp32,1787200946931327120
lidar,1787200946946314036
esp32,1787200947031419548
lidar,1787200947046598528
esp32,1787200947131161234
lidar,1787200947145663019
esp32,1787200947231444289
lidar,1787200947245916756
esp32,1787200947331539558
lidar,1787200947345518910
esp32,1787200947431620437
lidar,1787200947445532548
esp32,1787200947531451323
lidar,1787200947545518594
esp32,1787200947631536686
lidar,1787200947645621289
esp32,1787200947730773784
lidar,1787200947745492077
esp32,1787200947830866144
lidar,1787200947845818346
esp32,1787200947930943689
lidar,1787200947945932495
esp32,1787200948031042514
lidar,1787200948046460052
esp32,1787200948131712680
lidar,1787200948146624423
esp32,1787200948231642703
lidar,1787200948247090342
esp32,1787200948331613356
lidar,1787200948347478442
esp32,1787200948431701233
lidar,1787200948447901706
esp32,1787200948531451869
lidar,1787200948547743440
esp32,1787200948631596155
lidar,1787200948647557641
esp32,1787200948731477440
lidar,1787200948747371097
esp32,1787200948831436813
lidar,1787200948847181983
esp32,1787200948931535695
lidar,1787200948946548174
esp32,1787200949031458899
lidar,1787200949046467174
esp32,1787200949131401737
lidar,1787200949146369145
esp32,1787200949231590865
lidar,1787200949246017929
esp32,1787200949331701536
lidar,1787200949345520388
esp32,1787200949431431751
lidar,1787200949445166759
esp32,1787200949531616226
lidar,1787200949544839176
esp32,1787200949631540535
lidar,1787200949644595773
esp32,1787200949731506937
lidar,1787200949743990627
esp32,1787200949831371908
lidar,1787200949843789943
esp32,1787200949931539575
lidar,1787200949943138377
esp32,1787200950031512548
lidar,1787200950042951019
esp32,1787200950131476875
lidar,1787200950142218825
esp32,1787200950231503615
lidar,1787200950241440277
esp32,1787200950331623892
lidar,1787200950340955594
esp32,1787200950431724651
lidar,1787200950441143962
esp32,1787200950531370340
lidar,1787200950541389512
esp32,1787200950631497499
lidar,1787200950641590289
esp32,1787200950731318599
lidar,1787200950741736536
esp32,1787200950831830362
lidar,1787200950842156513
esp32,1787200950931487363
lidar,1787200950942533431
esp32,1787200951031337972
lidar,1787200951042976315
esp32,1787200951131561535
lidar,1787200951143827269
lidar,1787200951244320166
esp32,1787200951272267099
esp32,1787200951331490378
lidar,1787200951344751245
esp32,1787200951431622813
lidar,1787200951444070484
esp32,1787200951531315982
lidar,1787200951544207952
esp32,1787200951631381469
lidar,1787200951643405199
esp32,1787200951731342003
lidar,1787200951743393716
esp32,1787200951831298886
lidar,1787200951842916144
esp32,1787200951931459060
lidar,1787200951942709042
esp32,1787200952031346721
lidar,1787200952042344836
esp32,1787200952131425188
lidar,1787200952142042985
esp32,1787200952231385354
lidar,1787200952241742242
esp32,1787200952331376166
lidar,1787200952341507488
esp32,1787200952431402529
lidar,1787200952441247612
esp32,1787200952531602310
lidar,1787200952541027290
esp32,1787200952631504016
lidar,1787200952640809140
esp32,1787200952731586243
lidar,1787200952740496693
esp32,1787200952831446561
lidar,1787200952840754284
esp32,1787200952931618748
lidar,1787200952940832436
esp32,1787200953031410543
lidar,1787200953040919325
esp32,1787200953131481002
lidar,1787200953141224897
esp32,1787200953231456509
lidar,1787200953241424660
esp32,1787200953331498091
lidar,1787200953342029691
esp32,1787200953431431092
lidar,1787200953442719230
esp32,1787200953530754646
lidar,1787200953542569792
esp32,1787200953631570515
lidar,1787200953642816335
esp32,1787200953731393331
lidar,1787200953742977951
esp32,1787200953831609746
lidar,1787200953842545935
esp32,1787200953931512512
lidar,1787200953942594656
esp32,1787200954031564768
lidar,1787200954042567852
esp32,1787200954131482779
lidar,1787200954141956708
esp32,1787200954231594841
lidar,1787200954241517968
esp32,1787200954331497306
lidar,1787200954341015825
esp32,1787200954431469478
lidar,1787200954440849736
esp32,1787200954531471550
lidar,1787200954540353664
esp32,1787200954631463349
lidar,1787200954639958462
esp32,1787200954731326041
lidar,1787200954739565913
esp32,1787200954831370559
lidar,1787200954839575381
esp32,1787200954931453274
lidar,1787200954939181233
esp32,1787200955031557533
lidar,1787200955038405013
esp32,1787200955131448544
lidar,1787200955138286300
esp32,1787200955231400021
lidar,1787200955238288245
esp32,1787200955331406397
lidar,1787200955338407536
esp32,1787200955431653831
lidar,1787200955437973179
esp32,1787200955531605001
lidar,1787200955538338237
esp32,1787200955631550930
lidar,1787200955638462639
esp32,1787200955731371698
lidar,1787200955738505902
esp32,1787200955831443388
lidar,1787200955839013317
esp32,1787200955931360130
lidar,1787200955939199307
esp32,1787200956031462060
lidar,1787200956039892525
esp32,1787200956131408556
lidar,1787200956139632917
esp32,1787200956231533095
lidar,1787200956239864372
esp32,1787200956331380104
lidar,1787200956339251672
esp32,1787200956431482386
lidar,1787200956439101535
esp32,1787200956530766769
lidar,1787200956538527622
esp32,1787200956631640774
lidar,1787200956638522462
esp32,1787200956731504543
lidar,1787200956738296822
esp32,1787200956831464810
lidar,1787200956837810552
esp32,1787200956931571015
lidar,1787200956937463867
esp32,1787200957031546724
lidar,1787200957037347000
esp32,1787200957131558620
lidar,1787200957137408088
esp32,1787200957231725607
lidar,1787200957237041046
esp32,1787200957331683402
lidar,1787200957336817102
esp32,1787200957431503614
lidar,1787200957436976835
esp32,1787200957531633111
lidar,1787200957537167807
esp32,1787200957631513077
lidar,1787200957637476197
esp32,1787200957730857027
lidar,1787200957737683952
esp32,1787200957830808626
lidar,1787200957837947744
esp32,1787200957930939862
lidar,1787200957938394752
esp32,1787200958030790806
lidar,1787200958038132765
esp32,1787200958131505112
lidar,1787200958138621739
esp32,1787200958231486089
lidar,1787200958238257704
esp32,1787200958331455731
lidar,1787200958338274240
esp32,1787200958431547698
lidar,1787200958437930154
esp32,1787200958531409602
lidar,1787200958537449401
esp32,1787200958631624530
lidar,1787200958636972152
