topic,recv_ns
lidar,1788162980700671106
lidar,1788162980779542476
lidar,1788162980880379206
lidar,1788162980980062897
lidar,1788162981079955001
lidar,1788162981179767832
lidar,1788162981279658294
lidar,1788162981379349662
lidar,1788162981481199136
lidar,1788162981578009162
lidar,1788162981677715082
lidar,1788162981777659797
lidar,1788162981877710688
lidar,1788162981977648192
lidar,1788162982077072924
lidar,1788162982176654179
lidar,1788162982277317345
lidar,1788162982375943023
lidar,1788162982476789192
lidar,1788162982575940214
lidar,1788162982675743444
esp32,1788162982767931585
lidar,1788162982775767320
esp32,1788162982866150237
lidar,1788162982875813926
esp32,1788162982966166314
lidar,1788162982976256205
esp32,1788162983066073623
lidar,1788162983076661434
esp32,1788162983166205826
lidar,1788162983177075306
esp32,1788162983266117648
lidar,1788162983277699697
esp32,1788162983366514149
lidar,1788162983377726583
esp32,1788162983466117770
lidar,1788162983477827296
esp32,1788162983565913250
lidar,1788162983577745767
esp32,1788162983666268674
lidar,1788162983677757772
esp32,1788162983766098609
lidar,1788162983777592265
esp32,1788162983866138884
lidar,1788162983877412534
esp32,1788162983966132296
lidar,1788162983977699616
esp32,1788162984066093502
lidar,1788162984077844214
esp32,1788162984165987704
lidar,1788162984176228066
esp32,1788162984266098394
lidar,1788162984276020307
esp32,1788162984366347936
lidar,1788162984375622974
esp32,1788162984466125430
lidar,1788162984475136353
esp32,1788162984565981800
lidar,1788162984577242952
esp32,1788162984666032434
lidar,1788162984674426168
esp32,1788162984766041570
lidar,1788162984773988725
esp32,1788162984866170797
lidar,1788162984873897360
lidar,1788162984985632169
esp32,1788162984987022005
esp32,1788162985066226807
lidar,1788162985073552660
esp32,1788162985165906425
lidar,1788162985174058424
esp32,1788162985265980647
lidar,1788162985274924662
esp32,1788162985366229395
lidar,1788162985374878134
esp32,1788162985466170257
lidar,1788162985475588985
esp32,1788162985566108391
lidar,1788162985576989013
esp32,1788162985665984488
lidar,1788162985679982844
esp32,1788162985766245114
lidar,1788162985775709916
esp32,1788162985866059774
lidar,1788162985875358557
esp32,1788162985966051118
lidar,1788162985974595548
esp32,1788162986066173520
lidar,1788162986074040841
esp32,1788162986165967603
lidar,1788162986174850936
esp32,1788162986266101377
lidar,1788162986272960916
esp32,1788162986366303068
lidar,1788162986374581139
esp32,1788162986466162766
lidar,1788162986472095087
esp32,1788162986565753770
lidar,1788162986571193154
esp32,1788162986666362690
lidar,1788162986671001525
esp32,1788162986766156521
lidar,1788162986770898504
esp32,1788162986865176393
lidar,1788162986870589855
esp32,1788162986965194815
lidar,1788162986970542091
esp32,1788162987065254273
lidar,1788162987071149152
esp32,1788162987166197660
lidar,1788162987171605224
esp32,1788162987266174653
lidar,1788162987271771544
esp32,1788162987366232835
lidar,1788162987372363801
esp32,1788162987466215437
lidar,1788162987472404576
esp32,1788162987566052799
lidar,1788162987573061140
esp32,1788162987666048898
lidar,1788162987672937027
esp32,1788162987765970007
lidar,1788162987772756507
esp32,1788162987866137839
lidar,1788162987872327584
esp32,1788162987966212041
lidar,1788162987976256674
esp32,1788162988066206856
lidar,1788162988072534271
esp32,1788162988165185959
lidar,1788162988173545893
esp32,1788162988266116852
lidar,1788162988271156945
esp32,1788162988366352528
lidar,1788162988370531391
esp32,1788162988466211022
lidar,1788162988470532862
esp32,1788162988566226662
lidar,1788162988571954775
esp32,1788162988666130088
lidar,1788162988669888397
esp32,1788162988766152366
lidar,1788162988769648043
esp32,1788162988866245391
lidar,1788162988869620756
esp32,1788162988966244936
lidar,1788162988969423265
esp32,1788162989066205243
lidar,1788162989068967298
esp32,1788162989166201914
lidar,1788162989171158625
esp32,1788162989266229620
lidar,1788162989268367438
esp32,1788162989366347800
lidar,1788162989368316423
esp32,1788162989466019935
lidar,1788162989469512696
esp32,1788162989565814770
lidar,1788162989570730778
esp32,1788162989666105650
lidar,1788162989669346027
esp32,1788162989766036915
lidar,1788162989769972055
esp32,1788162989866131018
lidar,1788162989870983895
esp32,1788162989966233413
lidar,1788162989971171824
esp32,1788162990065983247
lidar,1788162990070861203
esp32,1788162990166002149
lidar,1788162990170641479
esp32,1788162990265277097
lidar,1788162990270009548
esp32,1788162990366157292
lidar,1788162990370166980
esp32,1788162990466156986
lidar,1788162990475546973
esp32,1788162990566125825
lidar,1788162990572499013
esp32,1788162990666044152
lidar,1788162990669370527
esp32,1788162990766035954
lidar,1788162990768988539
esp32,1788162990866307769
lidar,1788162990868444073
esp32,1788162990966123425
lidar,1788162990967876705
esp32,1788162991066117604
lidar,1788162991067205080
esp32,1788162991166172265
lidar,1788162991166885587
esp32,1788162991266250597
lidar,1788162991266964831
lidar,1788162991365847487
esp32,1788162991366414305
lidar,1788162991465934864
esp32,1788162991466623127
lidar,1788162991566022457
esp32,1788162991566663826
esp32,1788162991665939836
lidar,1788162991666589431
esp32,1788162991766114576
lidar,1788162991766842174
esp32,1788162991866206603
lidar,1788162991867635008
esp32,1788162991965908613
lidar,1788162991967222674
esp32,1788162992066163304
lidar,1788162992068379490
esp32,1788162992165577411
lidar,1788162992168403868
esp32,1788162992265113232
lidar,1788162992269651994
esp32,1788162992365164393
lidar,1788162992368356521
esp32,1788162992465998336
lidar,1788162992469342042
esp32,1788162992566013910
lidar,1788162992568954767
esp32,1788162992666187671
lidar,1788162992670650253
esp32,1788162992766087005
lidar,1788162992767778487
esp32,1788162992866105610
lidar,1788162992867434202
esp32,1788162992966017551
lidar,1788162992966976581
esp32,1788162993066243873
lidar,1788162993068740396
esp32,1788162993166203408
lidar,1788162993167230291
esp32,1788162993266143687
lidar,1788162993267424860
esp32,1788162993366200079
lidar,1788162993366681284
esp32,1788162993466100253
lidar,1788162993468184021
lidar,1788162993565888058
esp32,1788162993566877249
lidar,1788162993665541284
esp32,1788162993666553412
lidar,1788162993765600155
esp32,1788162993766185445
esp32,1788162993866107303
lidar,1788162993866817658
esp32,1788162993966005945
lidar,1788162993966736226
esp32,1788162994066053719
lidar,1788162994067003078
esp32,1788162994166144719
lidar,1788162994167114949
esp32,1788162994265813347
lidar,1788162994267603303
esp32,1788162994366115599
lidar,1788162994368396904
esp32,1788162994466203085
lidar,1788162994468246954
esp32,1788162994566177289
lidar,1788162994568872237
esp32,1788162994666083916
lidar,1788162994668973950
esp32,1788162994766230332
lidar,1788162994770542227
esp32,1788162994866443560
lidar,1788162994875683385
esp32,1788162994965952945
lidar,1788162994966725188
esp32,1788162995066044870
lidar,1788162995074761378
lidar,1788162995169441047
esp32,1788162995186642022
esp32,1788162995266017705
lidar,1788162995269036248
lidar,1788162995365514578
esp32,1788162995366093147
lidar,1788162995466235901
esp32,1788162995486287621
lidar,1788162995565040056
esp32,1788162995565711775
lidar,1788162995664089440
esp32,1788162995665815488
lidar,1788162995764524542
esp32,1788162995766061382
lidar,1788162995863801883
esp32,1788162995865879780
lidar,1788162995963910196
esp32,1788162995965862831
lidar,1788162996064413316
esp32,1788162996086895699
lidar,1788162996164320981
esp32,1788162996165788287
lidar,1788162996265011201
esp32,1788162996265667192
lidar,1788162996365989547
esp32,1788162996366653629
lidar,1788162996465450343
esp32,1788162996466091647
esp32,1788162996565771245
lidar,1788162996566067658
esp32,1788162996665950686
lidar,1788162996666603774
lidar,1788162996765846991
esp32,1788162996766443208
esp32,1788162996865117646
lidar,1788162996865527060
esp32,1788162996965240289
lidar,1788162996965645323
esp32,1788162997065275399
lidar,1788162997065416964
lidar,1788162997166210907
esp32,1788162997166885240
lidar,1788162997264556617
esp32,1788162997265816300
lidar,1788162997364116790
esp32,1788162997365705221
lidar,1788162997463865898
esp32,1788162997465668633
lidar,1788162997563827395
esp32,1788162997565969184
lidar,1788162997664052508
esp32,1788162997665873521
lidar,1788162997764942073
esp32,1788162997766230904
esp32,1788162997866291411
lidar,1788162997866636167
lidar,1788162997964979852
esp32,1788162997965655828
lidar,1788162998065031995
esp32,1788162998065899884
lidar,1788162998165290305
esp32,1788162998166110888
lidar,1788162998265200284
esp32,1788162998265871573
lidar,1788162998364900211
esp32,1788162998365757855
lidar,1788162998464840588
esp32,1788162998466032786
lidar,1788162998564367641
esp32,1788162998565727101
lidar,1788162998664276816
esp32,1788162998666077308
lidar,1788162998766074679
esp32,1788162998766740731
esp32,1788162998866139639
lidar,1788162998872873398
esp32,1788162998966172549
lidar,1788162998974625279
lidar,1788162999064669044
esp32,1788162999066062582
lidar,1788162999162698999
esp32,1788162999165890525
lidar,1788162999262060220
esp32,1788162999265853596
lidar,1788162999361760903
esp32,1788162999365960838
lidar,1788162999463380524
esp32,1788162999465835107
lidar,1788162999561518914
esp32,1788162999565732048
lidar,1788162999670999287
esp32,1788162999686588233
lidar,1788162999769212086
esp32,1788162999786510580
esp32,1788162999866034027
lidar,1788162999867501091
esp32,1788162999966020741
lidar,1788162999971582344
lidar,1788163000062648528
esp32,1788163000065978380
lidar,1788163000162996245
esp32,1788163000165889596
esp32,1788163000266035528
lidar,1788163000268435418
lidar,1788163000366650458
esp32,1788163000386491771
lidar,1788163000465370949
esp32,1788163000486831533
lidar,1788163000564577052
esp32,1788163000566033474
lidar,1788163000663213930
esp32,1788163000665839764
lidar,1788163000763170732
esp32,1788163000765907727
lidar,1788163000863288757
esp32,1788163000865785441
lidar,1788163000962659640
esp32,1788163000965747052
lidar,1788163001064540112
esp32,1788163001066042030
lidar,1788163001162126561
esp32,1788163001165882819
lidar,1788163001261530429
esp32,1788163001266357042
lidar,1788163001361545618
esp32,1788163001365798130
lidar,1788163001460670581
esp32,1788163001465809341
lidar,1788163001559955730
esp32,1788163001565861424
lidar,1788163001659741082
esp32,1788163001666272202
lidar,1788163001759414742
esp32,1788163001765862636
lidar,1788163001858943741
esp32,1788163001866092899
lidar,1788163001958550620
esp32,1788163001965930305
lidar,1788163002058295564
esp32,1788163002086644818
lidar,1788163002158020712
esp32,1788163002185391919
lidar,1788163002257448661
esp32,1788163002265046899
lidar,1788163002357526921
esp32,1788163002365078379
lidar,1788163002458030674
esp32,1788163002465703224
lidar,1788163002558658763
esp32,1788163002565861305
lidar,1788163002659062879
esp32,1788163002665845549
lidar,1788163002760320745
esp32,1788163002765779123
lidar,1788163002861381079
esp32,1788163002865882380
lidar,1788163002963707886
esp32,1788163002965780566
lidar,1788163003060775834
esp32,1788163003065930644
lidar,1788163003162156456
esp32,1788163003165972578
lidar,1788163003260902356
esp32,1788163003265942818
lidar,1788163003360777361
esp32,1788163003365921374
lidar,1788163003460174562
esp32,1788163003465966838
lidar,1788163003559926305
esp32,1788163003566028405
lidar,1788163003660680544
esp32,1788163003665826395
lidar,1788163003759308674
esp32,1788163003765774524
lidar,1788163003861096201
esp32,1788163003865960545
lidar,1788163003959188321
esp32,1788163003965984209
lidar,1788163004058664194
esp32,1788163004066138694
lidar,1788163004158279672
esp32,1788163004166280182
lidar,1788163004257676507
esp32,1788163004266259916
lidar,1788163004356964937
esp32,1788163004366044031
lidar,1788163004457369809
esp32,1788163004466025005
lidar,1788163004558042118
esp32,1788163004565815571
lidar,1788163004656323025
esp32,1788163004666110517
lidar,1788163004755948722
esp32,1788163004765806506
lidar,1788163004856313833
esp32,1788163004866231421
lidar,1788163004956391126
esp32,1788163004966037476
lidar,1788163005058197927
esp32,1788163005065929592
lidar,1788163005156863490
esp32,1788163005165882082
lidar,1788163005257445933
esp32,1788163005266112703
lidar,1788163005357962307
esp32,1788163005366090026
lidar,1788163005458004465
esp32,1788163005466194531
lidar,1788163005558104682
esp32,1788163005566041736
lidar,1788163005657855676
esp32,1788163005666253648
lidar,1788163005757563743
esp32,1788163005765923736
lidar,1788163005857228938
esp32,1788163005866144272
lidar,1788163005956600707
esp32,1788163005965154935
lidar,1788163006059487530
esp32,1788163006065996846
lidar,1788163006156454764
esp32,1788163006165937887
lidar,1788163006255889616
esp32,1788163006266014104
lidar,1788163006355080548
esp32,1788163006365936300
lidar,1788163006454702878
esp32,1788163006465899454
lidar,1788163006554405021
esp32,1788163006565843254
lidar,1788163006654802349
esp32,1788163006665947008
lidar,1788163006754581799
esp32,1788163006766068448
lidar,1788163006853711761
esp32,1788163006864961178
lidar,1788163006955691204
esp32,1788163006965032970
lidar,1788163007054178897
esp32,1788163007065262748
lidar,1788163007155728770
esp32,1788163007164883440
lidar,1788163007255580516
esp32,1788163007286896145
lidar,1788163007355369168
esp32,1788163007386644675
lidar,1788163007455156554
esp32,1788163007487141910
lidar,1788163007554952120
esp32,1788163007565772996
lidar,1788163007654628428
esp32,1788163007666340017
lidar,1788163007754155365
esp32,1788163007766153996
lidar,1788163007853785112
esp32,1788163007866070107
lidar,1788163007953532892
esp32,1788163007966032780
lidar,1788163008053210565
esp32,1788163008086490376
lidar,1788163008152433431
esp32,1788163008165940721
lidar,1788163008252274801
esp32,1788163008266035237
lidar,1788163008351353963
esp32,1788163008365721233
lidar,1788163008450845452
esp32,1788163008465564804
lidar,1788163008551739992
esp32,1788163008566165684
lidar,1788163008653957127
esp32,1788163008666171215
lidar,1788163008751276708
esp32,1788163008766179618
lidar,1788163008851686107
esp32,1788163008865952284
lidar,1788163008951531920
esp32,1788163008966175891
lidar,1788163009051956406
esp32,1788163009066144277
lidar,1788163009152085674
esp32,1788163009166228241
lidar,1788163009252543255
esp32,1788163009266109815
lidar,1788163009352677456
esp32,1788163009366176621
lidar,1788163009452602685
esp32,1788163009466028210
lidar,1788163009559304252
esp32,1788163009586572516
lidar,1788163009651769074
esp32,1788163009686610082
lidar,1788163009751414532
esp32,1788163009766072152
lidar,1788163009851054374
esp32,1788163009866027754
lidar,1788163009950479368
esp32,1788163009965908147
lidar,1788163010051130447
esp32,1788163010065903537
lidar,1788163010149802822
esp32,1788163010186612858
lidar,1788163010250283823
esp32,1788163010265966267
lidar,1788163010349287468
esp32,1788163010365875968
lidar,1788163010448358882
esp32,1788163010465959451
lidar,1788163010548105601
esp32,1788163010565927113
lidar,1788163010648542988
esp32,1788163010666545119
lidar,1788163010748760036
esp32,1788163010766077819
lidar,1788163010849277070
esp32,1788163010865227326
lidar,1788163010949946193
esp32,1788163010986518844
lidar,1788163011052656147
esp32,1788163011066041167
lidar,1788163011150630996
esp32,1788163011166060011
lidar,1788163011250706794
esp32,1788163011266260485
lidar,1788163011351042411
esp32,1788163011386363539
lidar,1788163011451166805
esp32,1788163011466050013
lidar,1788163011551188747
esp32,1788163011586958168
lidar,1788163011650988759
esp32,1788163011686841030
lidar,1788163011750860747
esp32,1788163011765990249
lidar,1788163011850381804
esp32,1788163011866299731
lidar,1788163011949778190
esp32,1788163011966083275
lidar,1788163012049649107
esp32,1788163012066125862
lidar,1788163012148879698
esp32,1788163012165187572
lidar,1788163012249002896
esp32,1788163012265094580
lidar,1788163012348207388
esp32,1788163012365408906
lidar,1788163012448619382
esp32,1788163012466260416
lidar,1788163012548001070
esp32,1788163012565608057
lidar,1788163012648786120
esp32,1788163012665946745
lidar,1788163012750373874
esp32,1788163012765979994
lidar,1788163012852761548
esp32,1788163012866126077
lidar,1788163012949929102
esp32,1788163012966035413
lidar,1788163013050251738
esp32,1788163013066043351
lidar,1788163013150676787
esp32,1788163013166134699
lidar,1788163013251209833
esp32,1788163013266336022
lidar,1788163013351347054
esp32,1788163013366088474
lidar,1788163013451360309
esp32,1788163013466240118
lidar,1788163013550962412
esp32,1788163013565809076
lidar,1788163013650615478
esp32,1788163013666373205
lidar,1788163013750289532
esp32,1788163013766229027
lidar,1788163013849971881
esp32,1788163013866110426
lidar,1788163013949273084
esp32,1788163013966154648
lidar,1788163014048803466
esp32,1788163014065989010
lidar,1788163014148485796
esp32,1788163014165992613
lidar,1788163014249384076
esp32,1788163014286431618
lidar,1788163014347953083
esp32,1788163014366097621
lidar,1788163014448913164
esp32,1788163014466247577
lidar,1788163014547639095
esp32,1788163014585141141
lidar,1788163014647376171
esp32,1788163014666158678
lidar,1788163014747699425
esp32,1788163014786331028
lidar,1788163014847777063
esp32,1788163014886646239
lidar,1788163014948154673
esp32,1788163014966244311
lidar,1788163015048679124
esp32,1788163015066156959
lidar,1788163015149110107
esp32,1788163015166142937
lidar,1788163015250846318
esp32,1788163015266327958
lidar,1788163015349845257
esp32,1788163015386379726
lidar,1788163015449766828
esp32,1788163015466226323
lidar,1788163015549810456
esp32,1788163015566171791
lidar,1788163015649491470
esp32,1788163015666061381
lidar,1788163015749655914
esp32,1788163015766208387
lidar,1788163015849612203
esp32,1788163015866159776
lidar,1788163015949252123
esp32,1788163015966144383
lidar,1788163016049169176
esp32,1788163016066133103
lidar,1788163016148629568
esp32,1788163016166010644
lidar,1788163016248377696
esp32,1788163016266139281
lidar,1788163016348152377
esp32,1788163016366087536
lidar,1788163016447397580
esp32,1788163016466246822
lidar,1788163016546613482
esp32,1788163016566028949
lidar,1788163016647184513
esp32,1788163016665804444
lidar,1788163016746030668
esp32,1788163016766199765
lidar,1788163016845948442
esp32,1788163016864995171
lidar,1788163016948310209
esp32,1788163016965247347
lidar,1788163017046363273
esp32,1788163017065339286
lidar,1788163017147391312
esp32,1788163017166390669
lidar,1788163017247609256
esp32,1788163017286507373
lidar,1788163017348080559
esp32,1788163017366290097
lidar,1788163017448531555
esp32,1788163017466128592
lidar,1788163017549210352
esp32,1788163017565941566
lidar,1788163017649001583
esp32,1788163017666138322
lidar,1788163017748848431
esp32,1788163017766102077
lidar,1788163017849000883
esp32,1788163017865867455
lidar,1788163017948790418
esp32,1788163017965997940
lidar,1788163018048207881
esp32,1788163018066030168
lidar,1788163018147368354
esp32,1788163018166119126
lidar,1788163018247040128
esp32,1788163018266048702
lidar,1788163018346364462
esp32,1788163018366785057
lidar,1788163018447840696
esp32,1788163018466125730
lidar,1788163018545539505
esp32,1788163018566052311
lidar,1788163018645382451
esp32,1788163018666005977
lidar,1788163018747560075
esp32,1788163018766439771
lidar,1788163018845559537
esp32,1788163018866255983
lidar,1788163018945359172
esp32,1788163018966700341
lidar,1788163019045699698
esp32,1788163019066021088
lidar,1788163019145977463
esp32,1788163019166023229
lidar,1788163019246147068
esp32,1788163019266038473
lidar,1788163019346869282
esp32,1788163019366093961
lidar,1788163019449148467
esp32,1788163019465935486
lidar,1788163019546999008
esp32,1788163019566633371
lidar,1788163019646757918
esp32,1788163019666202943
lidar,1788163019746244005
esp32,1788163019765949940
lidar,1788163019845834677
esp32,1788163019865962713
lidar,1788163019945576998
esp32,1788163019966236471
lidar,1788163020045123641
esp32,1788163020086425206
lidar,1788163020144748340
esp32,1788163020186638660
lidar,1788163020244285769
esp32,1788163020266080047
lidar,1788163020344028745
esp32,1788163020366124616
lidar,1788163020443764297
esp32,1788163020465900176
lidar,1788163020543642108
esp32,1788163020565928707
lidar,1788163020643225955
esp32,1788163020665110095
lidar,1788163020743699832
esp32,1788163020766217125
lidar,1788163020843546861
esp32,1788163020866252273
lidar,1788163020943945583
esp32,1788163020965873029
lidar,1788163021044636885
esp32,1788163021066032117
lidar,1788163021147008853
esp32,1788163021166007583
lidar,1788163021244728682
esp32,1788163021266174324
lidar,1788163021344852086
esp32,1788163021366215292
lidar,1788163021444777596
esp32,1788163021466040067
lidar,1788163021544189210
esp32,1788163021566215167
lidar,1788163021646289536
esp32,1788163021666093249
lidar,1788163021743651155
esp32,1788163021766174400
lidar,1788163021843293232
esp32,1788163021866172971
lidar,1788163021943665135
esp32,1788163021966289955
lidar,1788163022042586082
esp32,1788163022066071076
lidar,1788163022141982911
esp32,1788163022165406150
lidar,1788163022241208987
esp32,1788163022265120946
lidar,1788163022340965859
esp32,1788163022365262515
lidar,1788163022440881036
esp32,1788163022465972522
lidar,1788163022540885473
esp32,1788163022565889454
lidar,1788163022640771635
esp32,1788163022666421532
lidar,1788163022741407522
esp32,1788163022766118642
lidar,1788163022841420983
esp32,1788163022866017123
lidar,1788163022941575324
esp32,1788163022965966756
lidar,1788163023041729381
esp32,1788163023065974251
lidar,1788163023141777781
esp32,1788163023166061560
lidar,1788163023241822113
esp32,1788163023266015337
lidar,1788163023342065524
esp32,1788163023366135011
lidar,1788163023442874437
esp32,1788163023466228861
lidar,1788163023541537008
esp32,1788163023566286769
lidar,1788163023642186586
esp32,1788163023666344912
lidar,1788163023741787040
esp32,1788163023766174382
lidar,1788163023841168578
esp32,1788163023866259742
lidar,1788163023940804487
esp32,1788163023966215199
lidar,1788163024040594627
esp32,1788163024066265357
lidar,1788163024140599775
esp32,1788163024166225388
lidar,1788163024240315057
esp32,1788163024286203955
lidar,1788163024339734432
esp32,1788163024366130574
lidar,1788163024439559012
esp32,1788163024486580702
lidar,1788163024539063724
esp32,1788163024566098946
lidar,1788163024638600487
esp32,1788163024666157246
lidar,1788163024738751545
esp32,1788163024765938678
lidar,1788163024839173081
esp32,1788163024866115761
lidar,1788163024938977270
esp32,1788163024966058374
lidar,1788163025039379568
esp32,1788163025066219965
lidar,1788163025141097928
esp32,1788163025166234425
lidar,1788163025243127304
esp32,1788163025266130050
lidar,1788163025340608505
esp32,1788163025366536705
lidar,1788163025440199009
esp32,1788163025466073069
lidar,1788163025540604295
esp32,1788163025565994250
lidar,1788163025641709522
esp32,1788163025666328321
lidar,1788163025742959966
esp32,1788163025766004603
lidar,1788163025841907186
esp32,1788163025866004917
lidar,1788163025942582648
esp32,1788163025965965115
lidar,1788163026042248314
esp32,1788163026086479264
lidar,1788163026143043550
esp32,1788163026166036130
lidar,1788163026242182961
esp32,1788163026285339292
lidar,1788163026342047674
esp32,1788163026365215926
lidar,1788163026442496077
esp32,1788163026486523527
lidar,1788163026542114348
esp32,1788163026566123953
lidar,1788163026641924878
esp32,1788163026665979635
lidar,1788163026742677025
esp32,1788163026786173708
lidar,1788163026840690627
esp32,1788163026864954190
lidar,1788163026940227069
esp32,1788163026965302925
lidar,1788163027039740549
esp32,1788163027065319560
lidar,1788163027140414587
esp32,1788163027166256507
lidar,1788163027242049708
esp32,1788163027266321869
lidar,1788163027339366646
esp32,1788163027366253934
lidar,1788163027439136053
esp32,1788163027466194825
lidar,1788163027538973319
esp32,1788163027566103448
lidar,1788163027641628581
esp32,1788163027666245311
lidar,1788163027738726529
esp32,1788163027786393371
lidar,1788163027838408192
esp32,1788163027866225551
lidar,1788163027937759339
esp32,1788163027966081792
lidar,1788163028037736574
esp32,1788163028065914091
lidar,1788163028137569672
esp32,1788163028166108247
lidar,1788163028237843532
esp32,1788163028265975444
lidar,1788163028337723745
esp32,1788163028366207771
lidar,1788163028438183750
esp32,1788163028465996993
lidar,1788163028538726950
esp32,1788163028565936750
lidar,1788163028638802954
esp32,1788163028666260138
lidar,1788163028739812107
esp32,1788163028766201895
lidar,1788163028839545375
esp32,1788163028865798388
lidar,1788163028939329707
esp32,1788163028966086288
lidar,1788163029039263250
esp32,1788163029086598949
lidar,1788163029138492518
esp32,1788163029187081444
lidar,1788163029238046682
esp32,1788163029266185420
lidar,1788163029339193873
esp32,1788163029366263950
lidar,1788163029437794656
esp32,1788163029466269108
lidar,1788163029537767671
esp32,1788163029566006019
lidar,1788163029637495260
esp32,1788163029666025009
lidar,1788163029737589725
esp32,1788163029766077540
lidar,1788163029836806693
esp32,1788163029866127845
lidar,1788163029936804780
esp32,1788163029966186110
lidar,1788163030036228497
esp32,1788163030066025701
lidar,1788163030136129216
esp32,1788163030166037059
lidar,1788163030236194201
esp32,1788163030266134253
lidar,1788163030335729557
esp32,1788163030366110766
lidar,1788163030435983567
esp32,1788163030466240448
lidar,1788163030536250007
esp32,1788163030566060422
lidar,1788163030636520554
esp32,1788163030666205727
lidar,1788163030736776892
esp32,1788163030766154928
lidar,1788163030839328334
esp32,1788163030865855325
lidar,1788163030937753727
esp32,1788163030966138408
lidar,1788163031037977560
esp32,1788163031066103995
lidar,1788163031137671848
esp32,1788163031166217777
lidar,1788163031237730181
esp32,1788163031266139463
lidar,1788163031337488809
esp32,1788163031365948252
lidar,1788163031438069661
esp32,1788163031466064613
lidar,1788163031536446144
esp32,1788163031565991281
lidar,1788163031637541672
esp32,1788163031666304697
lidar,1788163031737162881
esp32,1788163031765921422
lidar,1788163031836163043
esp32,1788163031866011788
lidar,1788163031936481431
esp32,1788163031965992295
lidar,1788163032035522740
esp32,1788163032066049199
lidar,1788163032134761043
esp32,1788163032165492992
lidar,1788163032234124855
esp32,1788163032265229831
lidar,1788163032334500542
esp32,1788163032365085488
lidar,1788163032434328450
esp32,1788163032465930704
lidar,1788163032535237031
esp32,1788163032566050704
lidar,1788163032635324654
esp32,1788163032666215122
lidar,1788163032736010702
esp32,1788163032766035704
lidar,1788163032835877881
esp32,1788163032865788051
lidar,1788163032936139885
esp32,1788163032986446641
lidar,1788163033037103423
esp32,1788163033066025835
lidar,1788163033137253968
esp32,1788163033166064911
lidar,1788163033236850433
esp32,1788163033266188377
lidar,1788163033337121804
esp32,1788163033366314971
lidar,1788163033436705053
esp32,1788163033466225306
lidar,1788163033537614090
esp32,1788163033566152665
lidar,1788163033635840233
esp32,1788163033666133820
lidar,1788163033735501530
esp32,1788163033766111799
lidar,1788163033835320353
esp32,1788163033866164849
lidar,1788163033935143748
esp32,1788163033966184011
lidar,1788163034034870365
esp32,1788163034066162172
lidar,1788163034134696133
esp32,1788163034166280688
lidar,1788163034234916007
esp32,1788163034266231834
lidar,1788163034335231011
esp32,1788163034386274170
lidar,1788163034435319149
esp32,1788163034466241178
lidar,1788163034535903897
esp32,1788163034565883276
lidar,1788163034635728351
esp32,1788163034666488873
lidar,1788163034736612460
esp32,1788163034765891477
lidar,1788163034836541611
esp32,1788163034866146870
lidar,1788163034936445845
esp32,1788163034966077222
lidar,1788163035041521320
esp32,1788163035086524752
lidar,1788163035138570968
esp32,1788163035166270855
lidar,1788163035235317394
esp32,1788163035286778152
lidar,1788163035335319048
esp32,1788163035366058937
lidar,1788163035434512370
esp32,1788163035466427627
lidar,1788163035534184700
esp32,1788163035586560282
lidar,1788163035633613917
esp32,1788163035665905896
lidar,1788163035733837417
esp32,1788163035765968117
lidar,1788163035833680515
esp32,1788163035866148640
lidar,1788163035935655979
esp32,1788163035966313762
lidar,1788163036033168571
esp32,1788163036066199047
lidar,1788163036132746541
esp32,1788163036166055194
lidar,1788163036232531862
esp32,1788163036266344851
lidar,1788163036332873678
esp32,1788163036366417573
lidar,1788163036433393299
esp32,1788163036465852221
lidar,1788163036533490712
esp32,1788163036565988875
lidar,1788163036633722416
esp32,1788163036666216941
lidar,1788163036733798239
esp32,1788163036766267801
lidar,1788163036834002010
esp32,1788163036865356037
lidar,1788163036934137001
esp32,1788163036965308423
lidar,1788163037033859208
esp32,1788163037085464384
lidar,1788163037133810013
esp32,1788163037166245098
lidar,1788163037233584493
esp32,1788163037286443254
lidar,1788163037333517993
esp32,1788163037366041798
lidar,1788163037432829346
esp32,1788163037466240497
lidar,1788163037532741498
esp32,1788163037566116081
lidar,1788163037634099661
esp32,1788163037686657847
lidar,1788163037732266323
esp32,1788163037766223709
lidar,1788163037832032256
esp32,1788163037866194137
lidar,1788163037931524445
esp32,1788163037966064703
lidar,1788163038031320767
esp32,1788163038066216012
lidar,1788163038133848299
esp32,1788163038166117590
lidar,1788163038230879904
esp32,1788163038266304068
lidar,1788163038331082919
esp32,1788163038366309454
lidar,1788163038430920376
esp32,1788163038466202163
lidar,1788163038531428187
esp32,1788163038566005981
lidar,1788163038631558435
esp32,1788163038665906569
lidar,1788163038732039285
esp32,1788163038766105953
lidar,1788163038832792361
esp32,1788163038886630872
lidar,1788163038933089957
esp32,1788163038965320741
lidar,1788163039033812177
esp32,1788163039066079284
lidar,1788163039134242558
esp32,1788163039166117533
lidar,1788163039234907859
esp32,1788163039266007167
lidar,1788163039334322911
esp32,1788163039366084370
lidar,1788163039434111540
esp32,1788163039466123520
lidar,1788163039534059593
esp32,1788163039566076119
lidar,1788163039633440778
esp32,1788163039666012536
lidar,1788163039733392576
esp32,1788163039766020992
lidar,1788163039832569313
esp32,1788163039866067706
lidar,1788163039932617192
esp32,1788163039966359124
lidar,1788163040031860690
esp32,1788163040066256348
lidar,1788163040134043525
esp32,1788163040166121045
lidar,1788163040231620967
esp32,1788163040266026410
lidar,1788163040331529968
esp32,1788163040366357382
lidar,1788163040431362649
esp32,1788163040466188290
lidar,1788163040531748896
esp32,1788163040565924857
lidar,1788163040632574129
esp32,1788163040666066220
lidar,1788163040732585648
esp32,1788163040766180060
lidar,1788163040833036738
esp32,1788163040866314514
lidar,1788163040933513017
esp32,1788163040965960154
lidar,1788163041033541773
esp32,1788163041086197888
lidar,1788163041133569846
esp32,1788163041166053574
lidar,1788163041233388900
esp32,1788163041265989073
lidar,1788163041333164789
esp32,1788163041365932002
lidar,1788163041432507457
esp32,1788163041466049218
lidar,1788163041534625776
esp32,1788163041566198709
lidar,1788163041631944133
esp32,1788163041665973562
lidar,1788163041731672857
esp32,1788163041766153876
lidar,1788163041832007189
esp32,1788163041866162008
lidar,1788163041931139036
esp32,1788163041986377938
lidar,1788163042030536175
esp32,1788163042086504874
lidar,1788163042129749102
esp32,1788163042165827478
lidar,1788163042229208412
esp32,1788163042265357593
lidar,1788163042329061635
esp32,1788163042365124753
lidar,1788163042429188796
esp32,1788163042466073981
lidar,1788163042530221777
esp32,1788163042586439131
lidar,1788163042630705061
esp32,1788163042665916115
lidar,1788163042730841079
esp32,1788163042766197260
lidar,1788163042831156771
esp32,1788163042886421001
lidar,1788163042931386412
esp32,1788163042986426852
lidar,1788163043031898279
esp32,1788163043086315793
lidar,1788163043132769191
esp32,1788163043165951908
lidar,1788163043232856854
esp32,1788163043286255929
lidar,1788163043333263870
esp32,1788163043366076752
lidar,1788163043432866117
esp32,1788163043465943013
lidar,1788163043532637297
esp32,1788163043565882100
lidar,1788163043632984026
esp32,1788163043686579747
lidar,1788163043731639964
esp32,1788163043766125296
lidar,1788163043831644583
esp32,1788163043866008320
lidar,1788163043931250626
esp32,1788163043986244116
lidar,1788163044030954537
esp32,1788163044086352893
lidar,1788163044130708032
esp32,1788163044166035209
lidar,1788163044230535398
esp32,1788163044266077607
lidar,1788163044331517050
esp32,1788163044366023573
lidar,1788163044430051936
esp32,1788163044466043653
lidar,1788163044529774267
esp32,1788163044566166267
lidar,1788163044629694344
esp32,1788163044665973845
lidar,1788163044729570944
esp32,1788163044766029879
lidar,1788163044829330854
esp32,1788163044886291007
lidar,1788163044929070398
esp32,1788163044966030365
lidar,1788163045029379821
esp32,1788163045065271988
lidar,1788163045129773371
esp32,1788163045166077135
lidar,1788163045230101686
esp32,1788163045266041312
lidar,1788163045330504966
esp32,1788163045365969898
lidar,1788163045431149302
esp32,1788163045465837437
lidar,1788163045531036686
esp32,1788163045566231146
lidar,1788163045630859228
esp32,1788163045686333052
lidar,1788163045733257000
esp32,1788163045786425306
lidar,1788163045835700217
esp32,1788163045886344567
lidar,1788163045931001566
esp32,1788163045986748359
lidar,1788163046031869876
esp32,1788163046086680480
lidar,1788163046133052000
esp32,1788163046166040959
lidar,1788163046228523428
esp32,1788163046266290098
lidar,1788163046328236267
esp32,1788163046366265324
lidar,1788163046428454974
esp32,1788163046486489896
lidar,1788163046530759951
esp32,1788163046565963264
lidar,1788163046627510957
esp32,1788163046666327358
lidar,1788163046727454572
esp32,1788163046766132271
lidar,1788163046826974570
esp32,1788163046865164576
lidar,1788163046927356891
esp32,1788163046965146508
lidar,1788163047027992265
esp32,1788163047085265349
lidar,1788163047128613390
esp32,1788163047166114781
lidar,1788163047229051672
esp32,1788163047266287753
lidar,1788163047329184084
esp32,1788163047366146501
lidar,1788163047429152065
esp32,1788163047466191499
lidar,1788163047529496096
esp32,1788163047566243514
lidar,1788163047628629508
esp32,1788163047666133008
lidar,1788163047728394690
esp32,1788163047766249604
lidar,1788163047827735006
esp32,1788163047866345472
lidar,1788163047927135141
esp32,1788163047966180408
lidar,1788163048026729481
esp32,1788163048086551775
lidar,1788163048126915181
esp32,1788163048166265961
lidar,1788163048226206291
esp32,1788163048266236424
lidar,1788163048327074704
esp32,1788163048386373673
lidar,1788163048426134193
esp32,1788163048465866511
lidar,1788163048525355630
esp32,1788163048566063857
lidar,1788163048625837350
esp32,1788163048666244925
lidar,1788163048726507397
esp32,1788163048766270154
lidar,1788163048826801609
esp32,1788163048866112468
lidar,1788163048927007591
esp32,1788163048966281953
lidar,1788163049027694437
esp32,1788163049066282108
lidar,1788163049127766733
esp32,1788163049165989705
lidar,1788163049228422105
esp32,1788163049266139501
lidar,1788163049328523637
esp32,1788163049366175517
lidar,1788163049428167968
esp32,1788163049466175400
lidar,1788163049527835772
esp32,1788163049566042493
lidar,1788163049627948741
esp32,1788163049666396998
lidar,1788163049727642407
esp32,1788163049766267688
lidar,1788163049827315302
esp32,1788163049886689709
lidar,1788163049926865031
esp32,1788163049966164390
lidar,1788163050026592289
esp32,1788163050086721270
lidar,1788163050127062981
esp32,1788163050166039464
lidar,1788163050228523520
esp32,1788163050266397441
lidar,1788163050325728538
esp32,1788163050366125947
lidar,1788163050425844061
esp32,1788163050465952553
lidar,1788163050525788997
esp32,1788163050565956583
lidar,1788163050626761359
esp32,1788163050666190517
lidar,1788163050729144033
esp32,1788163050766006955
lidar,1788163050827191118
esp32,1788163050865972428
lidar,1788163050926994937
esp32,1788163050966094987
lidar,1788163051027789776
esp32,1788163051066097691
lidar,1788163051128202897
esp32,1788163051165967616
lidar,1788163051228496108
esp32,1788163051266244495
lidar,1788163051328631867
esp32,1788163051366107619
lidar,1788163051428403756
esp32,1788163051466030268
lidar,1788163051528302562
esp32,1788163051566118340
lidar,1788163051628155272
esp32,1788163051686489694
lidar,1788163051727416628
esp32,1788163051765951707
lidar,1788163051827035725
esp32,1788163051886382380
lidar,1788163051926897350
esp32,1788163051986567990
lidar,1788163052026154889
esp32,1788163052066022526
lidar,1788163052125960620
esp32,1788163052165734704
lidar,1788163052224696723
esp32,1788163052265175655
lidar,1788163052324228465
esp32,1788163052365247155
lidar,1788163052423954267
esp32,1788163052466013572
lidar,1788163052524714847
esp32,1788163052565894199
lidar,1788163052627361574
esp32,1788163052666281222
lidar,1788163052725105740
esp32,1788163052766184330
lidar,1788163052824122725
esp32,1788163052866104675
lidar,1788163052924276844
esp32,1788163052966215700
lidar,1788163053024580281
esp32,1788163053066053166
lidar,1788163053124937433
esp32,1788163053165945657
lidar,1788163053225797214
esp32,1788163053266222300
lidar,1788163053325431580
esp32,1788163053386864534
lidar,1788163053425344483
esp32,1788163053466163872
lidar,1788163053525092187
esp32,1788163053586608562
lidar,1788163053624707470
esp32,1788163053666035034
lidar,1788163053724408406
esp32,1788163053766206651
lidar,1788163053823939488
esp32,1788163053866155305
lidar,1788163053923541270
esp32,1788163053966098243
lidar,1788163054023250101
esp32,1788163054066120952
lidar,1788163054122838189
esp32,1788163054166069511
lidar,1788163054222657193
esp32,1788163054286311535
lidar,1788163054324742136
esp32,1788163054366104017
lidar,1788163054421933015
esp32,1788163054466208940
lidar,1788163054521813879
esp32,1788163054586526183
lidar,1788163054622017580
esp32,1788163054666268051
lidar,1788163054722304933
esp32,1788163054766153121
lidar,1788163054825290397
esp32,1788163054866016178
lidar,1788163054922550616
esp32,1788163054966126386
lidar,1788163055023132738
esp32,1788163055066107660
lidar,1788163055123697620
esp32,1788163055166087001
lidar,1788163055223409253
esp32,1788163055265909565
lidar,1788163055324296404
esp32,1788163055366090145
lidar,1788163055423973606
esp32,1788163055466021173
lidar,1788163055523953857
esp32,1788163055586823185
lidar,1788163055623454389
esp32,1788163055666198953
lidar,1788163055722886668
esp32,1788163055787028631
lidar,1788163055822590472
esp32,1788163055886974017
lidar,1788163055921840915
esp32,1788163055986808983
lidar,1788163056021512224
esp32,1788163056086731113
lidar,1788163056121272887
esp32,1788163056186965608
lidar,1788163056220745699
esp32,1788163056266017528
lidar,1788163056320714160
esp32,1788163056366244206
lidar,1788163056419690432
esp32,1788163056466143943
lidar,1788163056519490329
esp32,1788163056565816183
lidar,1788163056621765006
esp32,1788163056665964277
lidar,1788163056719191237
esp32,1788163056766255343
lidar,1788163056818894516
esp32,1788163056865164340
lidar,1788163056919014272
esp32,1788163056985188697
lidar,1788163057018967423
esp32,1788163057065347382
lidar,1788163057119851319
esp32,1788163057166177377
lidar,1788163057220499543
esp32,1788163057265876903
lidar,1788163057320766825
esp32,1788163057366033860
lidar,1788163057420877606
esp32,1788163057466028058
lidar,1788163057521832894
esp32,1788163057566067557
lidar,1788163057621439229
esp32,1788163057686708320
lidar,1788163057721403063
esp32,1788163057786575759
lidar,1788163057821064738
esp32,1788163057866170386
lidar,1788163057923141574
esp32,1788163057965951745
lidar,1788163058020908082
esp32,1788163058066047346
lidar,1788163058119835517
esp32,1788163058165887937
lidar,1788163058219548584
esp32,1788163058266335493
lidar,1788163058319242578
esp32,1788163058366330050
lidar,1788163058420995502
esp32,1788163058466039304
lidar,1788163058518815731
esp32,1788163058565899969
lidar,1788163058618775769
esp32,1788163058666233779
lidar,1788163058719013896
esp32,1788163058765980258
lidar,1788163058819669342
esp32,1788163058866149962
lidar,1788163058919088216
esp32,1788163058966123021
lidar,1788163059019224825
esp32,1788163059066043034
lidar,1788163059119108125
esp32,1788163059166258515
lidar,1788163059219392137
esp32,1788163059266158378
lidar,1788163059319687565
esp32,1788163059366240939
lidar,1788163059432900075
esp32,1788163059466331154
lidar,1788163059519774757
esp32,1788163059566091413
lidar,1788163059619743216
esp32,1788163059666034708
lidar,1788163059719349160
esp32,1788163059766129111
lidar,1788163059818940233
esp32,1788163059866154330
lidar,1788163059918748742
esp32,1788163059966402257
lidar,1788163060018179061
esp32,1788163060066222877
lidar,1788163060118157381
esp32,1788163060166254205
lidar,1788163060217680611
esp32,1788163060266098871
lidar,1788163060318145798
esp32,1788163060366123615
lidar,1788163060416949860
esp32,1788163060466202907
lidar,1788163060516876508
esp32,1788163060566039291
lidar,1788163060616723987
esp32,1788163060666190950
lidar,1788163060717143464
esp32,1788163060766239713
lidar,1788163060819168942
esp32,1788163060886528677
lidar,1788163060917616231
esp32,1788163060986376782
lidar,1788163061018624441
esp32,1788163061066109293
lidar,1788163061119071417
esp32,1788163061166233931
lidar,1788163061219284110
esp32,1788163061266237299
lidar,1788163061319444960
esp32,1788163061365976769
lidar,1788163061420414256
esp32,1788163061486492788
lidar,1788163061520158937
esp32,1788163061566097528
lidar,1788163061620370585
esp32,1788163061666234808
lidar,1788163061719765899
esp32,1788163061765991632
lidar,1788163061818930778
esp32,1788163061886534632
lidar,1788163061918866611
esp32,1788163061966081020
lidar,1788163062018369011
esp32,1788163062066018485
lidar,1788163062118129325
esp32,1788163062165523029
lidar,1788163062217237880
esp32,1788163062265342533
lidar,1788163062316549852
esp32,1788163062365190057
lidar,1788163062416310120
esp32,1788163062466070258
lidar,1788163062517520804
esp32,1788163062566146564
lidar,1788163062619355315
esp32,1788163062666109791
lidar,1788163062717568835
esp32,1788163062766150394
lidar,1788163062818421605
esp32,1788163062886655973
lidar,1788163062918756613
esp32,1788163062986580668
lidar,1788163063023299632
esp32,1788163063086239076
lidar,1788163063119538951
esp32,1788163063166264796
lidar,1788163063222178782
esp32,1788163063286425369
lidar,1788163063319740838
esp32,1788163063386251770
lidar,1788163063419585502
esp32,1788163063466259531
lidar,1788163063519543215
esp32,1788163063566246763
lidar,1788163063619141115
esp32,1788163063666248586
lidar,1788163063719124662
esp32,1788163063766350200
lidar,1788163063818534163
esp32,1788163063865985587
lidar,1788163063918449517
esp32,1788163063966281168
lidar,1788163064017892129
esp32,1788163064066050336
lidar,1788163064118765972
esp32,1788163064166132551
lidar,1788163064216937693
esp32,1788163064266141886
lidar,1788163064317049964
esp32,1788163064386550475
lidar,1788163064417218455
esp32,1788163064466015052
lidar,1788163064517348695
esp32,1788163064565757434
lidar,1788163064617590740
esp32,1788163064666552110
lidar,1788163064718073940
esp32,1788163064766087569
lidar,1788163064818074898
esp32,1788163064866261541
lidar,1788163064918753569
esp32,1788163064966210122
lidar,1788163065018890564
esp32,1788163065065995316
lidar,1788163065119641706
esp32,1788163065186785363
lidar,1788163065219180092
esp32,1788163065266091544
lidar,1788163065319328957
esp32,1788163065365882080
lidar,1788163065418522999
esp32,1788163065466121037
lidar,1788163065518404878
esp32,1788163065565893644
lidar,1788163065617053419
esp32,1788163065666172658
lidar,1788163065716881470
esp32,1788163065766236413
lidar,1788163065816166996
esp32,1788163065866042772
lidar,1788163065916341779
esp32,1788163065966001172
lidar,1788163066015534021
esp32,1788163066066160826
lidar,1788163066118000432
esp32,1788163066166169734
lidar,1788163066215139449
esp32,1788163066266254519
lidar,1788163066317495306
esp32,1788163066366195304
lidar,1788163066415735828
esp32,1788163066466069470
lidar,1788163066515949138
esp32,1788163066566150141
lidar,1788163066616409724
esp32,1788163066686935301
lidar,1788163066716870243
esp32,1788163066766292342
lidar,1788163066817847851
esp32,1788163066885337346
lidar,1788163066920121212
esp32,1788163066964977754
lidar,1788163067017914786
esp32,1788163067065093817
lidar,1788163067118285217
esp32,1788163067186638673
lidar,1788163067218383702
esp32,1788163067266108520
lidar,1788163067318255698
esp32,1788163067366028401
lidar,1788163067419757061
esp32,1788163067466056365
lidar,1788163067517670596
esp32,1788163067565966537
lidar,1788163067618401880
esp32,1788163067666159695
lidar,1788163067717167097
esp32,1788163067766077187
lidar,1788163067816668848
esp32,1788163067866219687
lidar,1788163067916270851
esp32,1788163067966193246
lidar,1788163068016298870
esp32,1788163068086305769
lidar,1788163068115887822
esp32,1788163068166059317
lidar,1788163068215936878
esp32,1788163068286662225
lidar,1788163068316868987
esp32,1788163068366030272
lidar,1788163068416344547
esp32,1788163068466102803
lidar,1788163068517049714
esp32,1788163068566088431
lidar,1788163068617208384
esp32,1788163068666107411
lidar,1788163068717626347
esp32,1788163068766218164
lidar,1788163068817973643
esp32,1788163068886562253
lidar,1788163068918387485
esp32,1788163068966704961
lidar,1788163069018412454
esp32,1788163069086244884
lidar,1788163069118262368
esp32,1788163069166058813
lidar,1788163069217725878
esp32,1788163069266078183
lidar,1788163069318346169
esp32,1788163069366114242
lidar,1788163069416929006
esp32,1788163069465836796
lidar,1788163069518043830
esp32,1788163069566039612
lidar,1788163069616184807
esp32,1788163069666244487
lidar,1788163069715586983
esp32,1788163069766043257
lidar,1788163069816501877
esp32,1788163069866031669
lidar,1788163069914894309
esp32,1788163069966050442
lidar,1788163070014598086
esp32,1788163070066075238
lidar,1788163070114254789
esp32,1788163070166069008
lidar,1788163070213870759
esp32,1788163070286543186
lidar,1788163070313977174
esp32,1788163070366360090
lidar,1788163070413889275
esp32,1788163070486359115
lidar,1788163070514133740
esp32,1788163070565845137
lidar,1788163070614866521
esp32,1788163070666123096
lidar,1788163070716215718
esp32,1788163070786393358
lidar,1788163070815594407
esp32,1788163070865948568
lidar,1788163070915925920
esp32,1788163070986359482
lidar,1788163071016314304
esp32,1788163071086246145
lidar,1788163071118673690
esp32,1788163071166114903
lidar,1788163071216087482
esp32,1788163071286315208
lidar,1788163071315857934
esp32,1788163071386597747
lidar,1788163071415352420
esp32,1788163071465194227
lidar,1788163071516355160
esp32,1788163071566289058
lidar,1788163071613933977
esp32,1788163071666503710
lidar,1788163071713481732
esp32,1788163071766143207
lidar,1788163071813143501
esp32,1788163071866267071
lidar,1788163071912486263
esp32,1788163071986501790
lidar,1788163072012007523
esp32,1788163072066191156
lidar,1788163072111562961
esp32,1788163072165623701
lidar,1788163072211254183
esp32,1788163072265288590
lidar,1788163072311325555
esp32,1788163072365196307
lidar,1788163072413209317
esp32,1788163072466090260
lidar,1788163072512121604
esp32,1788163072566255441
lidar,1788163072612320684
esp32,1788163072686584022
lidar,1788163072712344137
esp32,1788163072786529445
lidar,1788163072812939948
esp32,1788163072886153313
lidar,1788163072913209214
esp32,1788163072986271903
lidar,1788163073013223492
esp32,1788163073066026684
lidar,1788163073118803355
esp32,1788163073166231288
lidar,1788163073212360014
esp32,1788163073266109713
lidar,1788163073311583719
esp32,1788163073366226056
lidar,1788163073411228592
esp32,1788163073466019293
lidar,1788163073511226576
esp32,1788163073566039464
lidar,1788163073610074671
esp32,1788163073666541402
lidar,1788163073709496339
esp32,1788163073766304498
lidar,1788163073809199313
esp32,1788163073865931283
lidar,1788163073909805862
esp32,1788163073966032584
lidar,1788163074008532931
esp32,1788163074086838683
lidar,1788163074109221279
esp32,1788163074166007208
lidar,1788163074209304408
esp32,1788163074286578358
lidar,1788163074309677850
esp32,1788163074366287671
lidar,1788163074409775456
esp32,1788163074465955138
lidar,1788163074510316523
esp32,1788163074586456251
lidar,1788163074610679967
esp32,1788163074686778352
lidar,1788163074710994214
esp32,1788163074786482473
lidar,1788163074811723969
esp32,1788163074866229619
lidar,1788163074911448045
esp32,1788163074966048326
lidar,1788163075010857635
esp32,1788163075066360487
lidar,1788163075112270207
esp32,1788163075166276933
lidar,1788163075210443501
esp32,1788163075266157996
lidar,1788163075309978710
esp32,1788163075366086075
lidar,1788163075409765385
esp32,1788163075466279437
lidar,1788163075510733478
esp32,1788163075566054159
lidar,1788163075608522032
esp32,1788163075666206037
lidar,1788163075708325231
esp32,1788163075766121326
lidar,1788163075807646952
esp32,1788163075866183568
lidar,1788163075908543389
esp32,1788163075986641492
lidar,1788163076007567743
esp32,1788163076066179297
lidar,1788163076108677870
esp32,1788163076166143815
lidar,1788163076208059827
esp32,1788163076266103112
lidar,1788163076308800598
esp32,1788163076387025727
lidar,1788163076409198753
esp32,1788163076486611152
lidar,1788163076509895032
esp32,1788163076586289745
lidar,1788163076611313542
esp32,1788163076686799808
lidar,1788163076710351942
esp32,1788163076766206865
lidar,1788163076810597779
esp32,1788163076865363756
lidar,1788163076910014945
esp32,1788163076985494290
lidar,1788163077009910255
esp32,1788163077065288261
lidar,1788163077109945609
esp32,1788163077165888894
lidar,1788163077209759093
esp32,1788163077266247257
lidar,1788163077309730642
esp32,1788163077365926003
lidar,1788163077409016269
esp32,1788163077466132975
lidar,1788163077511275014
esp32,1788163077565938886
lidar,1788163077608493647
esp32,1788163077666185673
lidar,1788163077708169363
esp32,1788163077766315059
lidar,1788163077807845921
esp32,1788163077866537655
lidar,1788163077907536544
esp32,1788163077966129623
lidar,1788163078007365242
esp32,1788163078066144380
lidar,1788163078111008790
esp32,1788163078166132174
lidar,1788163078208431519
esp32,1788163078266075199
lidar,1788163078310877979
esp32,1788163078366174418
lidar,1788163078409366073
esp32,1788163078465931954
lidar,1788163078509874887
esp32,1788163078566043341
lidar,1788163078610223945
esp32,1788163078666158073
lidar,1788163078710703773
esp32,1788163078765899422
lidar,1788163078811612946
esp32,1788163078865872002
lidar,1788163078910692431
esp32,1788163078986343450
lidar,1788163079010312397
esp32,1788163079066130153
lidar,1788163079110436549
esp32,1788163079166196776
lidar,1788163079209865554
esp32,1788163079266186241
lidar,1788163079310568759
esp32,1788163079366115106
lidar,1788163079409827424
esp32,1788163079466152358
lidar,1788163079509671953
esp32,1788163079565958806
lidar,1788163079608969279
esp32,1788163079666150910
lidar,1788163079708979527
esp32,1788163079766144378
lidar,1788163079810902785
esp32,1788163079886559920
lidar,1788163079908454982
esp32,1788163079986513401
lidar,1788163080007329332
esp32,1788163080086617065
lidar,1788163080106876842
esp32,1788163080186839915
lidar,1788163080206361862
esp32,1788163080286357942
lidar,1788163080305695561
esp32,1788163080366069514
lidar,1788163080405289505
esp32,1788163080466149549
lidar,1788163080504948891
esp32,1788163080566169393
lidar,1788163080605121832
esp32,1788163080666138747
lidar,1788163080706862620
esp32,1788163080766155898
lidar,1788163080806162978
esp32,1788163080866277854
lidar,1788163080905971753
esp32,1788163080986640723
lidar,1788163081005955263
esp32,1788163081066236200
lidar,1788163081106550719
esp32,1788163081166147080
lidar,1788163081206729065
esp32,1788163081266139190
lidar,1788163081307217070
esp32,1788163081366301417
lidar,1788163081407677723
esp32,1788163081466322839
lidar,1788163081507692346
esp32,1788163081566224507
lidar,1788163081607443117
esp32,1788163081686541441
lidar,1788163081708704494
esp32,1788163081766115305
lidar,1788163081806804750
esp32,1788163081866356485
lidar,1788163081907726779
esp32,1788163081966539137
lidar,1788163082007166140
esp32,1788163082086446703
lidar,1788163082105310808
esp32,1788163082185262618
lidar,1788163082204267169
esp32,1788163082265310436
lidar,1788163082303951174
esp32,1788163082365079167
lidar,1788163082404781883
esp32,1788163082465971735
lidar,1788163082503407175
esp32,1788163082565925680
lidar,1788163082602659323
esp32,1788163082666195312
lidar,1788163082702076027
esp32,1788163082766431092
lidar,1788163082801908301
esp32,1788163082866084230
lidar,1788163082902179413
esp32,1788163082965882059
lidar,1788163083002030637
esp32,1788163083065974402
lidar,1788163083102490432
esp32,1788163083166089327
lidar,1788163083202633671
esp32,1788163083266327178
lidar,1788163083304318812
esp32,1788163083366131840
lidar,1788163083403063609
esp32,1788163083466147468
lidar,1788163083503511033
esp32,1788163083566115184
lidar,1788163083604028727
esp32,1788163083665898591
lidar,1788163083704042573
esp32,1788163083766087734
lidar,1788163083804642337
esp32,1788163083886448359
lidar,1788163083906895182
esp32,1788163083986341788
lidar,1788163084003516164
esp32,1788163084066285511
lidar,1788163084103655199
esp32,1788163084186705121
lidar,1788163084203418941
esp32,1788163084265926368
lidar,1788163084303104130
esp32,1788163084366162458
lidar,1788163084402190754
esp32,1788163084466102804
lidar,1788163084501956613
esp32,1788163084566029125
lidar,1788163084601561709
esp32,1788163084665918469
lidar,1788163084702008000
esp32,1788163084766041695
lidar,1788163084803219911
esp32,1788163084865966875
lidar,1788163084899724935
esp32,1788163084966095816
lidar,1788163085001559646
esp32,1788163085066147967
lidar,1788163085098668683
esp32,1788163085166131166
lidar,1788163085198101670
lidar,1788163085298008406
esp32,1788163085305995663
esp32,1788163085386529902
lidar,1788163085397784949
esp32,1788163085466010416
lidar,1788163085498192564
esp32,1788163085586259053
lidar,1788163085600401719
esp32,1788163085686740304
lidar,1788163085698308794
esp32,1788163085785988523
lidar,1788163085799386653
esp32,1788163085886300550
lidar,1788163085898859735
esp32,1788163085986228809
lidar,1788163085999559495
esp32,1788163086065915635
lidar,1788163086100913457
esp32,1788163086165990166
lidar,1788163086200225976
esp32,1788163086265148548
lidar,1788163086299887576
esp32,1788163086365357916
lidar,1788163086399348900
esp32,1788163086465931808
lidar,1788163086499417674
esp32,1788163086586241724
lidar,1788163086602406667
esp32,1788163086665976664
lidar,1788163086698556359
esp32,1788163086766109104
lidar,1788163086797945829
esp32,1788163086865080696
lidar,1788163086897060127
esp32,1788163086965077702
lidar,1788163086996814882
esp32,1788163087065206387
lidar,1788163087096467498
esp32,1788163087165944272
lidar,1788163087196441773
esp32,1788163087266092990
lidar,1788163087298102127
esp32,1788163087366000348
lidar,1788163087396226754
esp32,1788163087466158574
lidar,1788163087496053447
esp32,1788163087565969579
lidar,1788163087596524458
esp32,1788163087666140232
lidar,1788163087696617749
esp32,1788163087765269411
lidar,1788163087797956865
esp32,1788163087865864269
lidar,1788163087901065787
esp32,1788163087966266133
lidar,1788163087997925998
esp32,1788163088066104556
lidar,1788163088098518359
esp32,1788163088166052264
lidar,1788163088199063569
esp32,1788163088265936814
lidar,1788163088299278796
esp32,1788163088386254944
lidar,1788163088401901841
esp32,1788163088486359914
lidar,1788163088505832941
esp32,1788163088565876499
lidar,1788163088601712882
esp32,1788163088687049210
lidar,1788163088702001782
esp32,1788163088786693891
lidar,1788163088797675944
esp32,1788163088886922865
lidar,1788163088900529653
esp32,1788163088986220678
lidar,1788163088996334527
esp32,1788163089086277440
lidar,1788163089095563649
esp32,1788163089186570875
lidar,1788163089194987406
esp32,1788163089286299335
lidar,1788163089294855600
esp32,1788163089386374261
lidar,1788163089394254267
esp32,1788163089486391100
lidar,1788163089494034292
esp32,1788163089586889413
lidar,1788163089594953492
esp32,1788163089666313093
lidar,1788163089696290165
esp32,1788163089786049279
lidar,1788163089797654110
esp32,1788163089865940085
lidar,1788163089896765535
esp32,1788163089965970039
lidar,1788163089995658993
esp32,1788163090066132395
lidar,1788163090096427526
esp32,1788163090187063902
lidar,1788163090196771096
esp32,1788163090265963143
lidar,1788163090297323935
esp32,1788163090366003684
lidar,1788163090396736927
esp32,1788163090466162060
lidar,1788163090496319008
esp32,1788163090566358709
lidar,1788163090596364970
esp32,1788163090665141810
lidar,1788163090695684121
esp32,1788163090766164098
lidar,1788163090795589989
esp32,1788163090866001427
lidar,1788163090895453655
esp32,1788163090965894712
lidar,1788163090994138799
esp32,1788163091086239484
lidar,1788163091093572689
esp32,1788163091186522526
lidar,1788163091192702344
esp32,1788163091286422199
lidar,1788163091297439805
esp32,1788163091386428282
lidar,1788163091394353298
esp32,1788163091486352123
lidar,1788163091493165188
esp32,1788163091565903634
lidar,1788163091591704175
esp32,1788163091666114997
lidar,1788163091691815647
esp32,1788163091765966090
lidar,1788163091791843520
esp32,1788163091866024927
lidar,1788163091894384647
esp32,1788163091966000361
lidar,1788163091992627635
esp32,1788163092065909360
lidar,1788163092092428291
esp32,1788163092165608355
lidar,1788163092192607657
esp32,1788163092265293218
lidar,1788163092292878212
esp32,1788163092365282237
lidar,1788163092392913191
esp32,1788163092465937059
lidar,1788163092493955371
esp32,1788163092565963944
lidar,1788163092593756555
esp32,1788163092686426948
lidar,1788163092693119335
esp32,1788163092786306762
lidar,1788163092792978655
esp32,1788163092866097715
lidar,1788163092894746130
esp32,1788163092966154453
lidar,1788163092992031638
esp32,1788163093086584660
lidar,1788163093091718637
esp32,1788163093186721051
lidar,1788163093191659578
esp32,1788163093286592102
lidar,1788163093291229395
esp32,1788163093386612076
lidar,1788163093390841370
esp32,1788163093466058371
lidar,1788163093490587981
esp32,1788163093566004162
lidar,1788163093590365508
esp32,1788163093665993475
lidar,1788163093689627360
esp32,1788163093766395955
lidar,1788163093792152545
esp32,1788163093886360296
lidar,1788163093890747552
esp32,1788163093986493428
lidar,1788163093991568515
esp32,1788163094066285869
lidar,1788163094090678284
esp32,1788163094166143016
lidar,1788163094191377673
esp32,1788163094286315165
lidar,1788163094291426847
esp32,1788163094366421515
lidar,1788163094393196125
esp32,1788163094486487823
lidar,1788163094491912116
esp32,1788163094565915942
lidar,1788163094592244474
esp32,1788163094666279076
lidar,1788163094691984933
esp32,1788163094766140674
lidar,1788163094792070733
esp32,1788163094886430611
lidar,1788163094891442715
esp32,1788163094986436627
lidar,1788163094990973206
esp32,1788163095086555132
lidar,1788163095090871451
esp32,1788163095186772107
lidar,1788163095189851500
esp32,1788163095266088654
lidar,1788163095289733578
esp32,1788163095366392838
lidar,1788163095388996326
esp32,1788163095486457516
lidar,1788163095489894413
esp32,1788163095566207514
lidar,1788163095588164678
esp32,1788163095666112252
lidar,1788163095688159887
esp32,1788163095766296885
lidar,1788163095788370123
esp32,1788163095865851829
lidar,1788163095891324253
esp32,1788163095966066996
lidar,1788163095989611553
esp32,1788163096066171387
lidar,1788163096089496968
esp32,1788163096166234042
lidar,1788163096189800714
esp32,1788163096265911081
lidar,1788163096290145162
esp32,1788163096366070092
lidar,1788163096390454114
esp32,1788163096466386842
lidar,1788163096490522896
esp32,1788163096566020652
lidar,1788163096590294700
esp32,1788163096665812914
lidar,1788163096690019316
esp32,1788163096766243235
lidar,1788163096790114673
esp32,1788163096865204050
lidar,1788163096889035586
esp32,1788163096985240903
lidar,1788163096988506429
esp32,1788163097065214188
lidar,1788163097087867110
esp32,1788163097166162274
lidar,1788163097187706343
esp32,1788163097286569503
lidar,1788163097287287049
esp32,1788163097366185272
lidar,1788163097386321411
esp32,1788163097465889012
lidar,1788163097485717864
esp32,1788163097566167225
lidar,1788163097585358765
esp32,1788163097666158095
lidar,1788163097685056542
esp32,1788163097766286425
lidar,1788163097785768943
esp32,1788163097866190243
lidar,1788163097887784987
lidar,1788163097985131028
esp32,1788163097986680130
esp32,1788163098065869198
lidar,1788163098085778394
lidar,1788163098186127726
esp32,1788163098186815658
esp32,1788163098286878230
lidar,1788163098287232247
esp32,1788163098386810499
lidar,1788163098387660232
esp32,1788163098486807045
lidar,1788163098487554808
esp32,1788163098586804170
lidar,1788163098588001976
esp32,1788163098686521450
lidar,1788163098687722236
esp32,1788163098786451079
lidar,1788163098787675597
esp32,1788163098866202484
lidar,1788163098887805149
esp32,1788163098966278792
lidar,1788163098987555268
esp32,1788163099065934649
lidar,1788163099087373053
esp32,1788163099166000863
lidar,1788163099187072215
esp32,1788163099265961767
lidar,1788163099286722045
esp32,1788163099366157916
lidar,1788163099386043227
esp32,1788163099466355407
lidar,1788163099485578547
lidar,1788163099586011141
esp32,1788163099586665230
esp32,1788163099666181802
lidar,1788163099684983415
esp32,1788163099766091875
lidar,1788163099784659685
esp32,1788163099865972748
lidar,1788163099884451361
esp32,1788163099965938780
lidar,1788163099984364355
esp32,1788163100066216400
lidar,1788163100086577151
lidar,1788163100184954752
esp32,1788163100186562586
esp32,1788163100266186923
lidar,1788163100285170316
lidar,1788163100385712076
esp32,1788163100386398379
lidar,1788163100485939035
esp32,1788163100486585083
lidar,1788163100586217782
esp32,1788163100586861366
esp32,1788163100666397643
lidar,1788163100686868955
lidar,1788163100786784951
esp32,1788163100787428333
esp32,1788163100866053826
lidar,1788163100886435236
esp32,1788163100965920034
lidar,1788163100986443625
esp32,1788163101065932317
lidar,1788163101086015441
esp32,1788163101166259858
lidar,1788163101187037818
esp32,1788163101266095118
lidar,1788163101284862496
esp32,1788163101365985619
lidar,1788163101384516634
esp32,1788163101465897340
lidar,1788163101484430963
esp32,1788163101565857680
lidar,1788163101584561925
esp32,1788163101665847643
lidar,1788163101684084035
esp32,1788163101766020528
lidar,1788163101783621659
esp32,1788163101866028739
lidar,1788163101883112573
esp32,1788163101965439797
lidar,1788163101984048682
lidar,1788163102082693855
esp32,1788163102086013563
lidar,1788163102182270484
esp32,1788163102185181525
lidar,1788163102283509551
esp32,1788163102285063451
lidar,1788163102383723675
esp32,1788163102385073881
lidar,1788163102483797578
esp32,1788163102486105283
lidar,1788163102584073354
esp32,1788163102586065585
esp32,1788163102666080464
lidar,1788163102684262391
esp32,1788163102765791196
lidar,1788163102784985626
esp32,1788163102865864493
lidar,1788163102884597233
esp32,1788163102966268698
lidar,1788163102984643216
lidar,1788163103084323073
esp32,1788163103086133717
esp32,1788163103166215846
lidar,1788163103184494228
esp32,1788163103266036602
lidar,1788163103283846734
esp32,1788163103366141367
lidar,1788163103383501690
esp32,1788163103466091476
lidar,1788163103483340203
esp32,1788163103565807030
lidar,1788163103582907725
esp32,1788163103665997804
lidar,1788163103682411514
esp32,1788163103766086993
lidar,1788163103784368805
esp32,1788163103866056160
lidar,1788163103881440109
lidar,1788163103980887416
esp32,1788163103986072686
lidar,1788163104080753760
esp32,1788163104086022670
lidar,1788163104181633534
esp32,1788163104186593021
esp32,1788163104266441905
lidar,1788163104281178275
lidar,1788163104381195409
esp32,1788163104386310582
esp32,1788163104466143904
lidar,1788163104481389463
lidar,1788163104581751952
esp32,1788163104586137364
esp32,1788163104666252751
lidar,1788163104681987938
esp32,1788163104766187589
lidar,1788163104782503465
esp32,1788163104866264237
lidar,1788163104882842725
esp32,1788163104966121879
lidar,1788163104982996882
esp32,1788163105066362557
lidar,1788163105088478993
esp32,1788163105166344097
lidar,1788163105182499944
lidar,1788163105283110830
esp32,1788163105286172859
esp32,1788163105366297640
lidar,1788163105381501920
esp32,1788163105466338102
lidar,1788163105481086475
esp32,1788163105566061994
lidar,1788163105580337937
esp32,1788163105666167969
lidar,1788163105679966317
esp32,1788163105766015845
lidar,1788163105779768599
esp32,1788163105866267963
lidar,1788163105879362314
esp32,1788163105966366526
lidar,1788163105979024109
esp32,1788163106066149717
lidar,1788163106080227127
esp32,1788163106166154190
lidar,1788163106179190060
lidar,1788163106279669149
esp32,1788163106286360582
esp32,1788163106366203757
lidar,1788163106379931435
esp32,1788163106466029797
lidar,1788163106480172562
esp32,1788163106565882530
lidar,1788163106581145489
esp32,1788163106666210429
lidar,1788163106680351438
esp32,1788163106766099207
lidar,1788163106781294418
esp32,1788163106865096625
lidar,1788163106880830745
lidar,1788163106980357212
esp32,1788163106985197009
lidar,1788163107080095706
esp32,1788163107085377024
lidar,1788163107180105739
esp32,1788163107186857532
lidar,1788163107279616333
esp32,1788163107286668968
esp32,1788163107366211986
lidar,1788163107379235227
lidar,1788163107478725138
esp32,1788163107486746812
lidar,1788163107578426022
esp32,1788163107586566029
lidar,1788163107677568047
esp32,1788163107686578041
lidar,1788163107778615830
esp32,1788163107786563401
lidar,1788163107880239281
esp32,1788163107886580611
lidar,1788163107983740290
esp32,1788163107986192169
esp32,1788163108065103291
lidar,1788163108077907802
esp32,1788163108166085190
lidar,1788163108178730045
esp32,1788163108266403905
lidar,1788163108279300463
esp32,1788163108366318401
lidar,1788163108380866345
esp32,1788163108466051441
lidar,1788163108482357437
esp32,1788163108566253152
lidar,1788163108579667719
esp32,1788163108665992951
lidar,1788163108679357553
esp32,1788163108766159721
lidar,1788163108779592599
esp32,1788163108866127384
lidar,1788163108878627116
esp32,1788163108966127878
lidar,1788163108978520946
esp32,1788163109066099923
lidar,1788163109077874430
esp32,1788163109166088921
lidar,1788163109177212906
lidar,1788163109276585396
esp32,1788163109286650791
lidar,1788163109376088399
esp32,1788163109386635160
lidar,1788163109476267275
esp32,1788163109486594923
lidar,1788163109575772716
esp32,1788163109586854919
lidar,1788163109675906644
esp32,1788163109687070268
lidar,1788163109776213251
esp32,1788163109787002190
esp32,1788163109866037139
lidar,1788163109877140730
esp32,1788163109966050281
lidar,1788163109977541782
esp32,1788163110066045958
lidar,1788163110077709891
esp32,1788163110166022153
lidar,1788163110178531876
esp32,1788163110266181204
lidar,1788163110279383493
esp32,1788163110366450413
lidar,1788163110381200795
esp32,1788163110465962717
lidar,1788163110478806340
lidar,1788163110578788587
esp32,1788163110586928872
esp32,1788163110665998277
lidar,1788163110678096337
esp32,1788163110766201262
lidar,1788163110777806759
esp32,1788163110866117854
lidar,1788163110877689754
lidar,1788163110980878535
esp32,1788163110986266422
lidar,1788163111077527390
esp32,1788163111086751308
lidar,1788163111176928323
esp32,1788163111187190045
lidar,1788163111277130070
esp32,1788163111286884282
lidar,1788163111376644121
esp32,1788163111386763818
lidar,1788163111476240888
esp32,1788163111486346628
lidar,1788163111576269194
esp32,1788163111586517296
lidar,1788163111675410269
esp32,1788163111686431239
esp32,1788163111766073467
lidar,1788163111775012260
esp32,1788163111866013078
lidar,1788163111875161186
esp32,1788163111966186211
lidar,1788163111976620675
lidar,1788163112075332580
esp32,1788163112086558935
esp32,1788163112165096631
lidar,1788163112175983689
esp32,1788163112265088112
lidar,1788163112275382205
esp32,1788163112365090490
lidar,1788163112375980420
esp32,1788163112465884465
lidar,1788163112476786331
esp32,1788163112565908437
lidar,1788163112579381160
esp32,1788163112666292672
lidar,1788163112677033142
esp32,1788163112766048002
lidar,1788163112776744456
esp32,1788163112865957666
lidar,1788163112876906810
esp32,1788163112965970248
lidar,1788163112976665018
esp32,1788163113065825793
lidar,1788163113076322911
lidar,1788163113175880079
esp32,1788163113186482351
lidar,1788163113275314987
esp32,1788163113286421446
lidar,1788163113375040415
esp32,1788163113386692198
lidar,1788163113476398949
esp32,1788163113486525726
lidar,1788163113573857530
esp32,1788163113586406367
lidar,1788163113673491139
esp32,1788163113686512363
esp32,1788163113766272668
lidar,1788163113773038874
esp32,1788163113866328745
lidar,1788163113872752518
esp32,1788163113966155711
lidar,1788163113972321589
esp32,1788163114066137131
lidar,1788163114072452970
esp32,1788163114165894139
lidar,1788163114171847791
esp32,1788163114265983856
lidar,1788163114272187122
esp32,1788163114366183885
lidar,1788163114374550285
esp32,1788163114466155014
lidar,1788163114472797267
esp32,1788163114566099730
lidar,1788163114573215212
esp32,1788163114666034312
lidar,1788163114673926377
lidar,1788163114774506691
esp32,1788163114786289077
esp32,1788163114866032838
lidar,1788163114875120277
esp32,1788163114966034526
lidar,1788163114975157021
esp32,1788163115066150770
lidar,1788163115075028995
lidar,1788163115175021845
esp32,1788163115186632161
esp32,1788163115265924757
lidar,1788163115274736641
esp32,1788163115366132620
lidar,1788163115374425901
esp32,1788163115465983778
lidar,1788163115473979772
esp32,1788163115566006357
lidar,1788163115573511458
lidar,1788163115673254998
esp32,1788163115686489787
lidar,1788163115773046654
esp32,1788163115786174070
esp32,1788163115865952123
lidar,1788163115872880384
lidar,1788163115972260436
esp32,1788163115986393151
esp32,1788163116065931437
lidar,1788163116072626144
esp32,1788163116165829814
lidar,1788163116171213942
esp32,1788163116266210858
lidar,1788163116270527838
lidar,1788163116370120410
esp32,1788163116386440634
esp32,1788163116466007310
lidar,1788163116469528383
esp32,1788163116566040645
lidar,1788163116569546440
lidar,1788163116669837478
esp32,1788163116686242242
lidar,1788163116769884574
esp32,1788163116786494725
lidar,1788163116869789501
esp32,1788163116885388606
lidar,1788163116970287212
esp32,1788163116985339097
lidar,1788163117071004814
esp32,1788163117085395873
lidar,1788163117171746741
esp32,1788163117186596074
lidar,1788163117271924541
esp32,1788163117286306315
lidar,1788163117372112227
esp32,1788163117386626892
esp32,1788163117466087505
lidar,1788163117471992678
esp32,1788163117566339742
lidar,1788163117573005148
esp32,1788163117666281775
lidar,1788163117672672065
esp32,1788163117765975027
lidar,1788163117771427979
esp32,1788163117865969674
lidar,1788163117871091596
esp32,1788163117966356897
lidar,1788163117970657657
esp32,1788163118066348029
lidar,1788163118070222988
esp32,1788163118165982147
lidar,1788163118169356143
lidar,1788163118269519117
esp32,1788163118286430226
esp32,1788163118365905902
lidar,1788163118369504049
esp32,1788163118466097248
lidar,1788163118470603916
esp32,1788163118566027520
lidar,1788163118568457644
esp32,1788163118666559046
lidar,1788163118668720058
esp32,1788163118766397752
lidar,1788163118768749519
lidar,1788163118869295937
esp32,1788163118885039986
lidar,1788163118969394041
esp32,1788163118985155591
lidar,1788163119069770912
esp32,1788163119085174610
lidar,1788163119170158234
esp32,1788163119185077423
lidar,1788163119270241444
esp32,1788163119284985386
esp32,1788163119364986780
lidar,1788163119370414488
esp32,1788163119465419301
lidar,1788163119470745120
esp32,1788163119565200266
lidar,1788163119571051335
esp32,1788163119665480478
lidar,1788163119670672060
esp32,1788163119765112353
lidar,1788163119770563229
lidar,1788163119869783225
esp32,1788163119885370266
lidar,1788163119969452462
esp32,1788163119985065138
lidar,1788163120069352234
esp32,1788163120085279872
lidar,1788163120170475838
esp32,1788163120185312805
esp32,1788163120265336147
lidar,1788163120273264660
esp32,1788163120365176003
lidar,1788163120368159425
esp32,1788163120465128070
lidar,1788163120467670505
lidar,1788163120567422413
esp32,1788163120586264296
lidar,1788163120668887052
esp32,1788163120686237132
lidar,1788163120770850270
esp32,1788163120786167814
lidar,1788163120867983335
esp32,1788163120886364532
lidar,1788163120968127132
esp32,1788163120986510261
lidar,1788163121068718025
esp32,1788163121086502038
lidar,1788163121168716774
esp32,1788163121186643281
lidar,1788163121270379686
esp32,1788163121286327716
esp32,1788163121366358463
lidar,1788163121369181666
esp32,1788163121466322336
lidar,1788163121469500558
esp32,1788163121566202873
lidar,1788163121569270832
esp32,1788163121666022599
lidar,1788163121669075412
esp32,1788163121766028266
lidar,1788163121770929203
esp32,1788163121866009290
lidar,1788163121868621507
esp32,1788163121966295641
lidar,1788163121968502195
esp32,1788163122066186626
lidar,1788163122070193180
esp32,1788163122165535078
lidar,1788163122167575489
lidar,1788163122267252640
esp32,1788163122285196735
lidar,1788163122368682222
esp32,1788163122385194705
lidar,1788163122467165737
esp32,1788163122486366186
lidar,1788163122569422812
esp32,1788163122586618204
lidar,1788163122671939638
esp32,1788163122686825418
lidar,1788163122767407574
esp32,1788163122785353257
lidar,1788163122865672206
esp32,1788163122885644852
lidar,1788163122964962841
esp32,1788163122986184992
lidar,1788163123066287212
esp32,1788163123086231198
lidar,1788163123164930261
esp32,1788163123165571037
lidar,1788163123266768302
esp32,1788163123286517639
lidar,1788163123365632729
esp32,1788163123366252736
esp32,1788163123466175591
lidar,1788163123466539167
esp32,1788163123565931022
lidar,1788163123566731275
lidar,1788163123668779254
esp32,1788163123686474600
lidar,1788163123767671985
esp32,1788163123786248604
lidar,1788163123873912249
esp32,1788163123886481878
lidar,1788163123968536283
esp32,1788163123986571354
lidar,1788163124066589387
esp32,1788163124086381396
lidar,1788163124166337233
esp32,1788163124186666277
lidar,1788163124265930256
esp32,1788163124285757040
lidar,1788163124367053614
esp32,1788163124386489670
lidar,1788163124471639622
esp32,1788163124486331860
lidar,1788163124564968168
esp32,1788163124586118795
lidar,1788163124673890971
esp32,1788163124686666196
lidar,1788163124764917598
esp32,1788163124786391603
lidar,1788163124870855727
esp32,1788163124886272008
lidar,1788163124963703250
esp32,1788163124986044500
lidar,1788163125065413359
esp32,1788163125086319069
lidar,1788163125163891428
esp32,1788163125186590387
lidar,1788163125270851153
esp32,1788163125286484594
lidar,1788163125365957545
esp32,1788163125386566692
lidar,1788163125465000370
esp32,1788163125486498068
lidar,1788163125568126903
esp32,1788163125586397815
lidar,1788163125665743915
esp32,1788163125686523980
lidar,1788163125765763083
esp32,1788163125786337211
lidar,1788163125867315102
esp32,1788163125886558120
lidar,1788163125968212570
esp32,1788163125986555247
lidar,1788163126075242766
esp32,1788163126086258853
lidar,1788163126174269624
esp32,1788163126206145901
lidar,1788163126265114034
esp32,1788163126286351540
lidar,1788163126364804343
esp32,1788163126386390205
lidar,1788163126464510357
esp32,1788163126486440747
lidar,1788163126563619164
esp32,1788163126586563089
lidar,1788163126663100044
esp32,1788163126686389872
lidar,1788163126768708026
esp32,1788163126786557883
lidar,1788163126864634626
esp32,1788163126885308041
lidar,1788163126983662173
esp32,1788163126985219910
lidar,1788163127062791027
esp32,1788163127085322911
lidar,1788163127165627793
esp32,1788163127186672707
lidar,1788163127263127632
esp32,1788163127286289049
lidar,1788163127363507631
esp32,1788163127366111853
lidar,1788163127463830138
esp32,1788163127465685293
lidar,1788163127570722756
esp32,1788163127586539863
lidar,1788163127664169580
esp32,1788163127666607543
lidar,1788163127764797927
esp32,1788163127786518603
lidar,1788163127863824314
esp32,1788163127886545056
lidar,1788163127969757734
esp32,1788163127986324290
lidar,1788163128064638450
esp32,1788163128086303584
lidar,1788163128163211889
esp32,1788163128186396297
lidar,1788163128262602714
esp32,1788163128286617298
lidar,1788163128362097367
esp32,1788163128386187331
lidar,1788163128463796510
esp32,1788163128486151141
lidar,1788163128561700001
esp32,1788163128586217724
lidar,1788163128670334193
esp32,1788163128686252393
lidar,1788163128773059930
esp32,1788163128786409811
lidar,1788163128867598604
esp32,1788163128886436539
lidar,1788163128963651052
esp32,1788163128986605830
lidar,1788163129066268442
esp32,1788163129086137674
lidar,1788163129169840162
esp32,1788163129186558076
lidar,1788163129262055788
esp32,1788163129286540805
lidar,1788163129362221509
esp32,1788163129386529421
lidar,1788163129467942075
esp32,1788163129486518489
lidar,1788163129567256326
esp32,1788163129586189662
lidar,1788163129663089604
esp32,1788163129687018858
lidar,1788163129763775744
esp32,1788163129787043175
lidar,1788163129868105894
esp32,1788163129886852570
lidar,1788163129979668385
esp32,1788163129986809233
lidar,1788163130063168348
esp32,1788163130086998544
lidar,1788163130165531957
esp32,1788163130187115220
lidar,1788163130266626234
esp32,1788163130286966164
lidar,1788163130362528873
esp32,1788163130386183591
lidar,1788163130462980926
esp32,1788163130486938217
lidar,1788163130566395194
esp32,1788163130586718248
lidar,1788163130661348054
esp32,1788163130686975567
lidar,1788163130770684549
esp32,1788163130786909625
lidar,1788163130861846041
esp32,1788163130886988292
lidar,1788163130968831465
esp32,1788163131005846075
lidar,1788163131059924376
esp32,1788163131086718350
lidar,1788163131169256721
esp32,1788163131186874355
lidar,1788163131259931857
esp32,1788163131286872053
lidar,1788163131359118485
esp32,1788163131386850457
lidar,1788163131458628431
esp32,1788163131486853976
lidar,1788163131558816373
esp32,1788163131586845232
lidar,1788163131658839704
esp32,1788163131687025424
lidar,1788163131758954522
esp32,1788163131786523275
lidar,1788163131866546242
esp32,1788163131886560239
lidar,1788163131959343143
esp32,1788163131986330389
lidar,1788163132061892164
esp32,1788163132086307034
lidar,1788163132159828796
esp32,1788163132185366387
lidar,1788163132268238480
esp32,1788163132285142902
lidar,1788163132360177797
esp32,1788163132385171743
lidar,1788163132462279316
esp32,1788163132486741803
lidar,1788163132560143668
esp32,1788163132586871970
lidar,1788163132663416837
esp32,1788163132687120654
lidar,1788163132765390811
esp32,1788163132786935639
lidar,1788163132858776205
esp32,1788163132885626105
lidar,1788163132959047770
esp32,1788163132986374997
lidar,1788163133058363488
esp32,1788163133086427389
lidar,1788163133161538688
esp32,1788163133186871306
lidar,1788163133257060514
esp32,1788163133286762229
lidar,1788163133360644748
esp32,1788163133386849504
lidar,1788163133456063357
esp32,1788163133486657139
lidar,1788163133556300169
esp32,1788163133586098719
lidar,1788163133656643775
esp32,1788163133687030176
lidar,1788163133757028765
esp32,1788163133786808548
lidar,1788163133857696654
esp32,1788163133886832788
lidar,1788163133959067072
esp32,1788163133986827537
lidar,1788163134062773749
esp32,1788163134086716050
lidar,1788163134160227885
esp32,1788163134187013848
lidar,1788163134259524311
esp32,1788163134265988845
lidar,1788163134361719745
esp32,1788163134387058469
lidar,1788163134462693287
esp32,1788163134486824128
lidar,1788163134559822281
esp32,1788163134586846460
lidar,1788163134659649105
esp32,1788163134666018914
lidar,1788163134764758691
esp32,1788163134786757335
lidar,1788163134858865436
esp32,1788163134866276850
lidar,1788163134958251433
esp32,1788163134986796451
lidar,1788163135059742518
esp32,1788163135086615847
lidar,1788163135157405815
esp32,1788163135187028081
lidar,1788163135256923482
esp32,1788163135286762162
lidar,1788163135356714129
esp32,1788163135386851606
lidar,1788163135460409099
esp32,1788163135486889687
lidar,1788163135556173776
esp32,1788163135586715072
lidar,1788163135655812223
esp32,1788163135687046716
lidar,1788163135758398293
esp32,1788163135786735940
lidar,1788163135855923522
esp32,1788163135886966795
lidar,1788163135956069150
esp32,1788163135986675665
lidar,1788163136059635859
esp32,1788163136086397174
lidar,1788163136158003241
esp32,1788163136186603379
lidar,1788163136257514250
esp32,1788163136286400100
lidar,1788163136363082372
esp32,1788163136386450881
lidar,1788163136458940024
esp32,1788163136485169150
lidar,1788163136559766660
esp32,1788163136586264884
lidar,1788163136659734254
esp32,1788163136687074053
lidar,1788163136759618044
esp32,1788163136786730134
lidar,1788163136859592070
esp32,1788163136885315419
lidar,1788163136962277041
esp32,1788163136985466397
lidar,1788163137058486728
esp32,1788163137085398179
lidar,1788163137168018787
esp32,1788163137187022037
lidar,1788163137264581434
esp32,1788163137286916278
lidar,1788163137356784519
esp32,1788163137386890019
lidar,1788163137456435867
esp32,1788163137486507056
lidar,1788163137556157363
esp32,1788163137586513874
lidar,1788163137655633129
esp32,1788163137686664005
lidar,1788163137755130373
esp32,1788163137786492980
lidar,1788163137855613881
esp32,1788163137886546204
lidar,1788163137955088832
esp32,1788163137987046775
lidar,1788163138055414004
esp32,1788163138086932695
lidar,1788163138155741043
esp32,1788163138187013570
lidar,1788163138256008907
esp32,1788163138286978724
lidar,1788163138358877935
esp32,1788163138386933049
lidar,1788163138457157250
esp32,1788163138466513094
lidar,1788163138557616450
esp32,1788163138586639342
lidar,1788163138657794805
esp32,1788163138687214188
lidar,1788163138757787101
esp32,1788163138786933163
lidar,1788163138857675920
esp32,1788163138886919468
lidar,1788163138960946698
esp32,1788163138986986082
lidar,1788163139057018555
esp32,1788163139086885854
lidar,1788163139156781462
esp32,1788163139186978967
lidar,1788163139258204750
esp32,1788163139286939020
lidar,1788163139356193656
esp32,1788163139386980411
lidar,1788163139455564367
esp32,1788163139486757163
lidar,1788163139554697079
esp32,1788163139586652860
lidar,1788163139654558714
esp32,1788163139687048642
lidar,1788163139753700829
esp32,1788163139786948814
lidar,1788163139852999618
esp32,1788163139886979797
lidar,1788163139952998955
esp32,1788163139986971001
lidar,1788163140053263769
esp32,1788163140086712190
lidar,1788163140153712340
esp32,1788163140187019286
lidar,1788163140253745275
esp32,1788163140286862661
lidar,1788163140354080138
esp32,1788163140387037429
lidar,1788163140454799095
esp32,1788163140486421205
lidar,1788163140555242655
esp32,1788163140586244643
lidar,1788163140655620075
esp32,1788163140686375472
lidar,1788163140755095540
esp32,1788163140786541766
lidar,1788163140855021781
esp32,1788163140886547813
lidar,1788163140956218703
esp32,1788163140986537167
lidar,1788163141054456777
esp32,1788163141086454892
lidar,1788163141154050993
esp32,1788163141186632610
lidar,1788163141254015249
esp32,1788163141286281494
lidar,1788163141354019107
esp32,1788163141386472295
lidar,1788163141453006164
esp32,1788163141486543348
lidar,1788163141552714117
esp32,1788163141586529949
lidar,1788163141652368937
esp32,1788163141686656986
lidar,1788163141752418291
esp32,1788163141786454753
lidar,1788163141852568203
esp32,1788163141886488031
lidar,1788163141953322809
esp32,1788163141986214198
lidar,1788163142053422877
esp32,1788163142086559155
lidar,1788163142153267376
esp32,1788163142185215466
lidar,1788163142254065997
esp32,1788163142285274686
lidar,1788163142353549894
esp32,1788163142385516222
lidar,1788163142453882093
esp32,1788163142486440694
lidar,1788163142554269217
esp32,1788163142585234728
lidar,1788163142653693142
esp32,1788163142686613916
lidar,1788163142753218303
esp32,1788163142786425709
lidar,1788163142852898742
esp32,1788163142886359343
lidar,1788163142952573498
esp32,1788163142986597061
lidar,1788163143052233568
esp32,1788163143086391655
lidar,1788163143151850015
esp32,1788163143186682331
lidar,1788163143251528832
esp32,1788163143286488611
lidar,1788163143354013263
esp32,1788163143386602628
lidar,1788163143450893855
esp32,1788163143486434830
lidar,1788163143551086599
esp32,1788163143566347110
lidar,1788163143650992905
esp32,1788163143686702932
lidar,1788163143750691288
esp32,1788163143786251503
lidar,1788163143850826356
esp32,1788163143886439570
lidar,1788163143951064182
esp32,1788163143986335645
lidar,1788163144051904611
esp32,1788163144086517965
lidar,1788163144152601603
esp32,1788163144186764523
lidar,1788163144252961389
esp32,1788163144286522530
lidar,1788163144353366795
esp32,1788163144386480995
lidar,1788163144453670481
esp32,1788163144486438074
lidar,1788163144553764779
esp32,1788163144585453400
lidar,1788163144653971034
esp32,1788163144686549212
lidar,1788163144753339597
esp32,1788163144786296764
lidar,1788163144853579320
esp32,1788163144886535993
lidar,1788163144953373679
esp32,1788163144986545598
lidar,1788163145053229332
esp32,1788163145086501168
lidar,1788163145154878867
esp32,1788163145186585608
lidar,1788163145251722193
esp32,1788163145286318865
lidar,1788163145351495153
esp32,1788163145386333635
lidar,1788163145450697005
esp32,1788163145486444078
lidar,1788163145552198111
esp32,1788163145585848850
lidar,1788163145654901631
esp32,1788163145686528149
lidar,1788163145750172049
esp32,1788163145786456216
lidar,1788163145850501688
esp32,1788163145886159117
lidar,1788163145950683491
esp32,1788163145986495216
lidar,1788163146051138781
esp32,1788163146086443886
lidar,1788163146151639618
esp32,1788163146186597575
lidar,1788163146251440255
esp32,1788163146285209673
lidar,1788163146351876300
esp32,1788163146385168567
lidar,1788163146452786162
esp32,1788163146485455009
lidar,1788163146552629045
esp32,1788163146586366389
lidar,1788163146652789728
esp32,1788163146686637181
lidar,1788163146752658128
esp32,1788163146786456432
lidar,1788163146851479462
esp32,1788163146885199778
lidar,1788163146952200966
esp32,1788163146985414163
lidar,1788163147051974789
esp32,1788163147085601966
lidar,1788163147150201401
esp32,1788163147186661297
lidar,1788163147250161955
esp32,1788163147286521622
lidar,1788163147349235821
esp32,1788163147386313611
lidar,1788163147449782522
esp32,1788163147486616462
lidar,1788163147551866407
esp32,1788163147586628149
lidar,1788163147648349303
esp32,1788163147686939697
lidar,1788163147748596067
esp32,1788163147786708438
lidar,1788163147850278920
esp32,1788163147886406642
lidar,1788163147948806980
esp32,1788163147986716429
lidar,1788163148059615029
esp32,1788163148105941318
lidar,1788163148156020039
esp32,1788163148186547095
lidar,1788163148250524063
esp32,1788163148286621574
lidar,1788163148359016765
esp32,1788163148386592506
lidar,1788163148453033730
esp32,1788163148486330750
lidar,1788163148551843378
esp32,1788163148606131537
lidar,1788163148656224826
esp32,1788163148686277946
lidar,1788163148750783255
esp32,1788163148786694936
lidar,1788163148857792345
esp32,1788163148886137624
lidar,1788163148953629817
esp32,1788163148986293074
lidar,1788163149049762808
esp32,1788163149086536654
lidar,1788163149149170529
esp32,1788163149186646990
lidar,1788163149254515423
esp32,1788163149286502791
lidar,1788163149357095851
esp32,1788163149386552355
lidar,1788163149456916024
esp32,1788163149486600222
lidar,1788163149547697645
esp32,1788163149586648339
lidar,1788163149655865777
esp32,1788163149686729383
lidar,1788163149746951067
esp32,1788163149786641244
lidar,1788163149857939714
esp32,1788163149886553145
lidar,1788163149955861465
esp32,1788163149986384338
lidar,1788163150049132549
esp32,1788163150086574727
lidar,1788163150155516604
esp32,1788163150186672824
lidar,1788163150252580256
esp32,1788163150286374784
lidar,1788163150350615959
esp32,1788163150386590047
lidar,1788163150451372857
esp32,1788163150486435889
lidar,1788163150559740902
esp32,1788163150586113069
lidar,1788163150651373247
esp32,1788163150686647534
lidar,1788163150753927498
esp32,1788163150786334959
lidar,1788163150855453991
esp32,1788163150886214139
lidar,1788163150955655398
esp32,1788163151005947094
lidar,1788163151052580068
esp32,1788163151086597917
lidar,1788163151149961567
esp32,1788163151187019577
lidar,1788163151252842328
esp32,1788163151286434855
lidar,1788163151348209099
esp32,1788163151386347339
lidar,1788163151451686841
esp32,1788163151486439026
lidar,1788163151549907683
esp32,1788163151586396117
lidar,1788163151647923353
esp32,1788163151686829543
lidar,1788163151746894815
esp32,1788163151786431551
lidar,1788163151848924727
esp32,1788163151886314738
lidar,1788163151953633784
esp32,1788163151986575534
lidar,1788163152051708373
esp32,1788163152086358385
lidar,1788163152153219186
esp32,1788163152185286736
lidar,1788163152251047526
esp32,1788163152285289715
lidar,1788163152359763495
esp32,1788163152385234379
lidar,1788163152454591325
esp32,1788163152506007366
lidar,1788163152553148416
esp32,1788163152586489389
lidar,1788163152656074376
esp32,1788163152686526228
lidar,1788163152760121855
esp32,1788163152786341399
lidar,1788163152857827564
esp32,1788163152886607426
lidar,1788163152954806278
esp32,1788163152986625952
lidar,1788163153051489060
esp32,1788163153086491162
lidar,1788163153148141799
esp32,1788163153186631068
lidar,1788163153256916689
esp32,1788163153286302464
lidar,1788163153346794868
esp32,1788163153386547576
lidar,1788163153449777188
esp32,1788163153506059109
lidar,1788163153551071960
esp32,1788163153605969646
lidar,1788163153660965279
esp32,1788163153686407832
lidar,1788163153758017998
esp32,1788163153786387133
lidar,1788163153851608475
esp32,1788163153886421105
lidar,1788163153949322619
esp32,1788163153986500545
lidar,1788163154048160277
esp32,1788163154086406749
lidar,1788163154148297924
esp32,1788163154186650030
lidar,1788163154248713095
esp32,1788163154286411980
lidar,1788163154351438327
esp32,1788163154386642388
lidar,1788163154448429363
esp32,1788163154486368961
lidar,1788163154548891721
esp32,1788163154586156717
lidar,1788163154647709168
esp32,1788163154686716139
lidar,1788163154747325138
esp32,1788163154785258153
lidar,1788163154847250976
esp32,1788163154886282645
lidar,1788163154948990898
esp32,1788163154986336008
lidar,1788163155046633967
esp32,1788163155086321046
lidar,1788163155146187815
esp32,1788163155186488476
lidar,1788163155246372223
esp32,1788163155286537685
lidar,1788163155347049922
esp32,1788163155386484088
lidar,1788163155446939643
esp32,1788163155486373836
lidar,1788163155547482734
esp32,1788163155586410861
lidar,1788163155647872559
esp32,1788163155686717088
lidar,1788163155748342857
esp32,1788163155786537551
lidar,1788163155848839819
esp32,1788163155886523197
lidar,1788163155949408277
esp32,1788163155986457879
lidar,1788163156052362304
esp32,1788163156086348455
lidar,1788163156149122149
esp32,1788163156186630888
lidar,1788163156248726366
esp32,1788163156286417496
lidar,1788163156348418640
esp32,1788163156386540073
lidar,1788163156448035800
esp32,1788163156486560143
lidar,1788163156547735016
esp32,1788163156586355000
lidar,1788163156646778850
esp32,1788163156686563216
lidar,1788163156746561294
esp32,1788163156786781122
lidar,1788163156845982787
esp32,1788163156885234276
lidar,1788163156945559671
esp32,1788163156985621333
lidar,1788163157045476390
esp32,1788163157085780267
lidar,1788163157145082167
esp32,1788163157186725247
lidar,1788163157245179120
esp32,1788163157286382414
lidar,1788163157345184741
esp32,1788163157386289179
lidar,1788163157445361063
esp32,1788163157486572245
lidar,1788163157545845467
esp32,1788163157586347768
lidar,1788163157647561274
esp32,1788163157686579124
lidar,1788163157749605791
esp32,1788163157786517115
lidar,1788163157847527908
esp32,1788163157886366724
lidar,1788163157947852425
esp32,1788163157986547038
lidar,1788163158047995203
esp32,1788163158086543217
lidar,1788163158148595579
esp32,1788163158186597237
lidar,1788163158250189157
esp32,1788163158286345238
lidar,1788163158347791893
esp32,1788163158386408678
lidar,1788163158447647745
esp32,1788163158486550091
lidar,1788163158547656585
esp32,1788163158586240564
lidar,1788163158646881578
esp32,1788163158686339364
lidar,1788163158746277996
esp32,1788163158786441802
lidar,1788163158845821522
esp32,1788163158886194708
lidar,1788163158945687989
esp32,1788163158986287399
lidar,1788163159045149344
esp32,1788163159086453436
lidar,1788163159145881628
esp32,1788163159186617603
lidar,1788163159244346006
esp32,1788163159286276182
lidar,1788163159344268214
esp32,1788163159386586303
lidar,1788163159443735695
esp32,1788163159486393837
lidar,1788163159543895468
esp32,1788163159586484508
lidar,1788163159643831115
esp32,1788163159686583709
lidar,1788163159744697896
esp32,1788163159786595108
lidar,1788163159844520729
esp32,1788163159886454774
lidar,1788163159944488941
esp32,1788163159986586034
lidar,1788163160046191579
esp32,1788163160086592687
lidar,1788163160147951249
esp32,1788163160186682632
lidar,1788163160245362494
esp32,1788163160286514580
lidar,1788163160345599548
esp32,1788163160386541542
lidar,1788163160445587320
esp32,1788163160486393064
lidar,1788163160545268686
esp32,1788163160586177842
lidar,1788163160645612328
esp32,1788163160686735519
lidar,1788163160745312998
esp32,1788163160786284786
lidar,1788163160845193313
esp32,1788163160885633308
lidar,1788163160944667865
esp32,1788163160986279082
lidar,1788163161044355169
esp32,1788163161086049204
lidar,1788163161143514804
esp32,1788163161186549587
lidar,1788163161243354178
esp32,1788163161286302924
lidar,1788163161343652892
esp32,1788163161386235900
lidar,1788163161443010295
esp32,1788163161486426257
lidar,1788163161542761113
esp32,1788163161586391425
lidar,1788163161642229620
esp32,1788163161686592550
lidar,1788163161743482928
esp32,1788163161786261763
lidar,1788163161841656623
esp32,1788163161886545156
lidar,1788163161941117241
esp32,1788163161986263396
lidar,1788163162041125873
esp32,1788163162086350110
lidar,1788163162141935692
esp32,1788163162185372398
lidar,1788163162241956960
esp32,1788163162285233639
lidar,1788163162341168485
esp32,1788163162385229851
lidar,1788163162441906229
esp32,1788163162486385790
lidar,1788163162542145073
esp32,1788163162586226757
lidar,1788163162643036342
esp32,1788163162686349471
lidar,1788163162743176918
esp32,1788163162786173340
lidar,1788163162845316570
esp32,1788163162886538455
lidar,1788163162942551185
esp32,1788163162986191365
lidar,1788163163042891678
esp32,1788163163086434989
lidar,1788163163142301022
esp32,1788163163186627670
lidar,1788163163244172963
esp32,1788163163286442544
lidar,1788163163343935525
esp32,1788163163386239575
lidar,1788163163440879957
esp32,1788163163486450429
lidar,1788163163540592508
esp32,1788163163585863277
lidar,1788163163640178017
esp32,1788163163686682301
lidar,1788163163739910781
esp32,1788163163786287593
lidar,1788163163839286440
esp32,1788163163886682811
lidar,1788163163939351069
esp32,1788163163986755377
lidar,1788163164044335078
esp32,1788163164085351497
lidar,1788163164142817872
esp32,1788163164186937789
lidar,1788163164239873785
esp32,1788163164286629907
lidar,1788163164340698707
esp32,1788163164386574830
lidar,1788163164441619548
esp32,1788163164486716843
lidar,1788163164541495781
esp32,1788163164586919177
lidar,1788163164641910773
esp32,1788163164686817234
lidar,1788163164742095953
esp32,1788163164786679234
lidar,1788163164842637699
esp32,1788163164886677476
lidar,1788163164941541291
esp32,1788163164986495079
lidar,1788163165041552877
esp32,1788163165086693626
lidar,1788163165141609290
esp32,1788163165186682756
lidar,1788163165240943921
esp32,1788163165286373743
lidar,1788163165340956418
esp32,1788163165386434018
lidar,1788163165440722434
esp32,1788163165486489126
lidar,1788163165540847529
esp32,1788163165586622893
lidar,1788163165640788461
esp32,1788163165686794809
lidar,1788163165740789368
esp32,1788163165786643738
lidar,1788163165840270324
esp32,1788163165886306732
lidar,1788163165942056796
esp32,1788163165986486729
lidar,1788163166040050933
esp32,1788163166086225856
lidar,1788163166140054459
esp32,1788163166186551160
lidar,1788163166239992636
esp32,1788163166286239371
lidar,1788163166340091850
esp32,1788163166386585103
lidar,1788163166438927897
esp32,1788163166486825848
lidar,1788163166538773664
esp32,1788163166586427774
lidar,1788163166638187929
esp32,1788163166687156253
lidar,1788163166738062590
esp32,1788163166787045937
lidar,1788163166837657710
esp32,1788163166885413051
lidar,1788163166939343079
esp32,1788163166985217468
lidar,1788163167040715010
esp32,1788163167085264881
lidar,1788163167138890289
esp32,1788163167186456432
lidar,1788163167239649179
esp32,1788163167286343304
lidar,1788163167339789254
esp32,1788163167386630832
lidar,1788163167440509293
esp32,1788163167486410428
lidar,1788163167542488016
esp32,1788163167586394454
lidar,1788163167641003777
esp32,1788163167687025053
lidar,1788163167741369537
esp32,1788163167786792167
lidar,1788163167841156051
esp32,1788163167886912992
lidar,1788163167941038664
esp32,1788163167986323880
lidar,1788163168040426471
esp32,1788163168086553254
lidar,1788163168140289490
esp32,1788163168186601682
lidar,1788163168240004290
esp32,1788163168286297379
lidar,1788163168340351258
esp32,1788163168386637260
lidar,1788163168442249905
esp32,1788163168486332771
lidar,1788163168539508193
esp32,1788163168586205097
lidar,1788163168639302192
esp32,1788163168686686365
lidar,1788163168738705321
esp32,1788163168786712560
lidar,1788163168838412324
esp32,1788163168886593999
lidar,1788163168937893594
esp32,1788163168986204749
lidar,1788163169038027620
esp32,1788163169086301247
lidar,1788163169138361834
esp32,1788163169186487193
lidar,1788163169238248981
esp32,1788163169286899223
lidar,1788163169338749331
esp32,1788163169387026783
lidar,1788163169438936335
esp32,1788163169486384880
lidar,1788163169539654294
esp32,1788163169586435982
lidar,1788163169640405256
esp32,1788163169686802629
lidar,1788163169740529011
esp32,1788163169786438691
lidar,1788163169841134791
esp32,1788163169886521678
lidar,1788163169941536847
esp32,1788163169986517332
lidar,1788163170044319208
esp32,1788163170086235601
lidar,1788163170141683889
esp32,1788163170186594881
lidar,1788163170242671019
esp32,1788163170286513744
lidar,1788163170340429561
esp32,1788163170386482460
lidar,1788163170439880193
esp32,1788163170486450219
lidar,1788163170540074579
esp32,1788163170586389377
lidar,1788163170639107235
esp32,1788163170686609613
lidar,1788163170738754464
esp32,1788163170786485537
lidar,1788163170838783847
esp32,1788163170886327176
lidar,1788163170938338960
esp32,1788163170986204476
lidar,1788163171038750668
esp32,1788163171086229033
lidar,1788163171140010687
esp32,1788163171186701727
lidar,1788163171240111987
esp32,1788163171286484476
lidar,1788163171341105907
esp32,1788163171386176813
lidar,1788163171439767596
esp32,1788163171486451191
lidar,1788163171540119751
esp32,1788163171586443542
lidar,1788163171640579526
esp32,1788163171686399163
lidar,1788163171740715234
esp32,1788163171786433002
lidar,1788163171840385941
esp32,1788163171886354144
lidar,1788163171939863521
esp32,1788163171986491178
lidar,1788163172039245471
esp32,1788163172086590072
lidar,1788163172138913541
esp32,1788163172185207117
lidar,1788163172238380607
esp32,1788163172285142344
lidar,1788163172338484691
esp32,1788163172385273736
lidar,1788163172437504253
esp32,1788163172486230089
lidar,1788163172538095914
esp32,1788163172586421088
lidar,1788163172637156292
esp32,1788163172686435275
lidar,1788163172738048719
esp32,1788163172786586962
lidar,1788163172837325535
esp32,1788163172886443462
lidar,1788163172937049652
esp32,1788163172986573574
lidar,1788163173037157585
esp32,1788163173086170975
lidar,1788163173137803163
esp32,1788163173186572418
lidar,1788163173238485963
esp32,1788163173286575009
lidar,1788163173338394963
esp32,1788163173386582841
lidar,1788163173441634597
esp32,1788163173486340208
lidar,1788163173538880592
esp32,1788163173586354774
lidar,1788163173638658782
esp32,1788163173686452573
lidar,1788163173738600919
esp32,1788163173786561511
lidar,1788163173838131704
esp32,1788163173886302664
lidar,1788163173938015471
esp32,1788163173986311016
lidar,1788163174037435366
esp32,1788163174086334975
lidar,1788163174137413975
esp32,1788163174186567517
lidar,1788163174237087020
esp32,1788163174286501929
lidar,1788163174338784215
esp32,1788163174386421997
lidar,1788163174436547036
esp32,1788163174486571175
lidar,1788163174535947608
esp32,1788163174586530571
lidar,1788163174635939866
esp32,1788163174686795153
lidar,1788163174735587450
esp32,1788163174786632114
lidar,1788163174836277337
esp32,1788163174886652260
lidar,1788163174936539317
esp32,1788163174986389090
lidar,1788163175037034948
esp32,1788163175085926629
lidar,1788163175137405385
esp32,1788163175186559116
lidar,1788163175237312182
esp32,1788163175286592636
lidar,1788163175337889407
esp32,1788163175386530501
lidar,1788163175438038568
esp32,1788163175486581644
lidar,1788163175537951445
esp32,1788163175586099612
lidar,1788163175638506538
esp32,1788163175686733755
lidar,1788163175738061052
esp32,1788163175786552841
lidar,1788163175838483517
esp32,1788163175886558039
lidar,1788163175937943301
esp32,1788163175986535165
lidar,1788163176037584942
esp32,1788163176086266092
lidar,1788163176137381529
esp32,1788163176186906145
lidar,1788163176237079781
esp32,1788163176286503635
lidar,1788163176336614356
esp32,1788163176386558082
lidar,1788163176436245913
esp32,1788163176486654098
lidar,1788163176536219929
esp32,1788163176586682306
lidar,1788163176635868884
esp32,1788163176686776654
lidar,1788163176736811935
esp32,1788163176786553978
lidar,1788163176835597069
esp32,1788163176885239231
lidar,1788163176934587560
esp32,1788163176985113167
lidar,1788163177034355979
esp32,1788163177085171397
lidar,1788163177134209426
esp32,1788163177186532754
lidar,1788163177234879336
esp32,1788163177286712722
lidar,1788163177335397214
esp32,1788163177386934005
lidar,1788163177435509018
esp32,1788163177486952068
lidar,1788163177535545768
esp32,1788163177586909728
lidar,1788163177635806453
esp32,1788163177687073033
lidar,1788163177735993195
esp32,1788163177787090574
lidar,1788163177836030101
esp32,1788163177886476295
lidar,1788163177936543671
esp32,1788163177986619792
lidar,1788163178035796153
esp32,1788163178086641577
lidar,1788163178135454855
esp32,1788163178186236385
lidar,1788163178235084705
esp32,1788163178286387948
lidar,1788163178334774904
esp32,1788163178386543153
lidar,1788163178434831642
esp32,1788163178486183690
lidar,1788163178534007597
esp32,1788163178586028034
lidar,1788163178633953467
esp32,1788163178686717982
lidar,1788163178733200780
esp32,1788163178786579295
lidar,1788163178833267736
esp32,1788163178886368360
lidar,1788163178935439999
esp32,1788163178986035561
lidar,1788163179033096775
esp32,1788163179086125801
lidar,1788163179133026906
esp32,1788163179186492355
lidar,1788163179233753846
esp32,1788163179286584023
lidar,1788163179333989470
esp32,1788163179386450519
lidar,1788163179434069025
esp32,1788163179486622037
lidar,1788163179534759502
esp32,1788163179586392832
lidar,1788163179634602807
esp32,1788163179686584817
lidar,1788163179735919989
esp32,1788163179786495424
lidar,1788163179834501752
esp32,1788163179886192504
lidar,1788163179933627130
esp32,1788163179986218891
lidar,1788163180032754990
esp32,1788163180086753607
lidar,1788163180132234662
esp32,1788163180186737973
lidar,1788163180231547076
esp32,1788163180286125395
lidar,1788163180331034087
esp32,1788163180386127655
lidar,1788163180430451031
esp32,1788163180486305647
lidar,1788163180530318154
esp32,1788163180586499225
lidar,1788163180630591160
esp32,1788163180686457580
lidar,1788163180731292123
esp32,1788163180786400019
lidar,1788163180832762976
esp32,1788163180886279684
lidar,1788163180931102713
esp32,1788163180986035916
lidar,1788163181031352299
esp32,1788163181086287658
lidar,1788163181131600492
esp32,1788163181185250970
lidar,1788163181232013928
esp32,1788163181286388499
lidar,1788163181331917340
esp32,1788163181386377197
lidar,1788163181432167874
esp32,1788163181486447029
lidar,1788163181532560166
esp32,1788163181586511646
lidar,1788163181632742526
esp32,1788163181686718362
lidar,1788163181732532407
esp32,1788163181786496086
lidar,1788163181832268259
esp32,1788163181886575720
lidar,1788163181931768598
esp32,1788163181986659602
lidar,1788163182031146501
esp32,1788163182086157240
lidar,1788163182130886395
esp32,1788163182185191509
lidar,1788163182229803830
esp32,1788163182285181752
lidar,1788163182329593290
esp32,1788163182385223421
lidar,1788163182429233797
esp32,1788163182486415418
lidar,1788163182531048687
esp32,1788163182586404857
lidar,1788163182629990146
esp32,1788163182686560696
lidar,1788163182730760302
esp32,1788163182786537385
lidar,1788163182830646492
esp32,1788163182886506957
lidar,1788163182931549751
esp32,1788163182986296268
lidar,1788163183031983448
esp32,1788163183086337956
lidar,1788163183133957547
esp32,1788163183186654951
lidar,1788163183232174216
esp32,1788163183286068148
lidar,1788163183332907649
esp32,1788163183386393908
lidar,1788163183432561321
esp32,1788163183486504878
lidar,1788163183532203813
esp32,1788163183586289956
lidar,1788163183631976769
esp32,1788163183686415275
lidar,1788163183731013337
esp32,1788163183786201836
lidar,1788163183830899297
esp32,1788163183886418021
lidar,1788163183930869032
esp32,1788163183986442081
lidar,1788163184031259577
esp32,1788163184086339838
lidar,1788163184133218346
esp32,1788163184186695139
lidar,1788163184230032310
esp32,1788163184286629098
lidar,1788163184329779113
esp32,1788163184386539906
lidar,1788163184429332894
esp32,1788163184486661551
lidar,1788163184528904382
esp32,1788163184586295866
lidar,1788163184628546647
esp32,1788163184686938290
lidar,1788163184728426793
esp32,1788163184786584787
lidar,1788163184828814598
esp32,1788163184886521205
lidar,1788163184928582341
esp32,1788163184986522676
lidar,1788163185031264259
esp32,1788163185086115116
lidar,1788163185129202426
esp32,1788163185186509326
lidar,1788163185229721461
esp32,1788163185286110336
lidar,1788163185330067242
esp32,1788163185386328047
lidar,1788163185430576312
esp32,1788163185486541279
lidar,1788163185531119821
esp32,1788163185586443173
lidar,1788163185632081109
esp32,1788163185686638415
lidar,1788163185731090361
esp32,1788163185786303049
lidar,1788163185830960583
esp32,1788163185886617777
lidar,1788163185930543920
esp32,1788163185986380109
lidar,1788163186029585032
esp32,1788163186086242314
lidar,1788163186130041506
esp32,1788163186186333154
lidar,1788163186228907237
esp32,1788163186286432804
lidar,1788163186328918686
esp32,1788163186386396554
lidar,1788163186428341559
esp32,1788163186486410580
lidar,1788163186528132052
esp32,1788163186586435684
lidar,1788163186628665723
esp32,1788163186686457860
lidar,1788163186729505400
esp32,1788163186786486543
lidar,1788163186827385194
esp32,1788163186885348212
lidar,1788163186926821640
esp32,1788163186985843501
lidar,1788163187026710826
esp32,1788163187085338601
lidar,1788163187126915878
esp32,1788163187186696359
lidar,1788163187229864262
esp32,1788163187286337804
lidar,1788163187327982815
esp32,1788163187386414211
lidar,1788163187428249173
esp32,1788163187486455445
lidar,1788163187528638356
esp32,1788163187586154223
lidar,1788163187629081989
esp32,1788163187686649267
lidar,1788163187729157123
esp32,1788163187786480051
lidar,1788163187829088644
esp32,1788163187886444659
lidar,1788163187928515995
esp32,1788163187986646159
lidar,1788163188028080462
esp32,1788163188086525123
lidar,1788163188127497210
esp32,1788163188186615592
lidar,1788163188227022063
esp32,1788163188286576714
lidar,1788163188328994709
esp32,1788163188386530933
lidar,1788163188426129129
esp32,1788163188486576726
lidar,1788163188527954898
esp32,1788163188586413641
lidar,1788163188625905161
esp32,1788163188686655350
lidar,1788163188725098473
esp32,1788163188786438600
lidar,1788163188824920754
esp32,1788163188886479519
lidar,1788163188924494241
esp32,1788163188986534158
lidar,1788163189025124690
esp32,1788163189086683458
lidar,1788163189127883342
esp32,1788163189186797692
lidar,1788163189225048214
esp32,1788163189286614098
lidar,1788163189325204442
esp32,1788163189386508897
lidar,1788163189426152382
esp32,1788163189486626793
lidar,1788163189526020068
esp32,1788163189586553250
lidar,1788163189626550779
esp32,1788163189686704835
lidar,1788163189726221804
esp32,1788163189786585465
lidar,1788163189826328942
esp32,1788163189886483821
lidar,1788163189925757576
esp32,1788163189986685529
lidar,1788163190025414684
esp32,1788163190086739096
lidar,1788163190125334283
esp32,1788163190186782918
lidar,1788163190224989728
esp32,1788163190286431523
lidar,1788163190324930979
esp32,1788163190386514577
lidar,1788163190424488474
esp32,1788163190486513005
lidar,1788163190523725723
esp32,1788163190586497852
lidar,1788163190623829213
esp32,1788163190686512560
lidar,1788163190723188398
esp32,1788163190786512979
lidar,1788163190825486765
esp32,1788163190886593478
lidar,1788163190923422475
esp32,1788163190986570416
lidar,1788163191023773181
esp32,1788163191086368130
lidar,1788163191124339874
esp32,1788163191186509293
lidar,1788163191227355805
esp32,1788163191286366232
lidar,1788163191326220270
esp32,1788163191386147156
lidar,1788163191426198727
esp32,1788163191486335877
lidar,1788163191525708680
esp32,1788163191586409806
lidar,1788163191625866762
esp32,1788163191686525794
lidar,1788163191725629467
esp32,1788163191786303987
lidar,1788163191825431463
esp32,1788163191886155976
lidar,1788163191925151586
esp32,1788163191986430812
lidar,1788163192024841980
esp32,1788163192086496813
lidar,1788163192124075249
esp32,1788163192185263455
lidar,1788163192223642309
esp32,1788163192285305840
lidar,1788163192323302377
esp32,1788163192385507441
lidar,1788163192422475027
esp32,1788163192486548961
lidar,1788163192522723661
esp32,1788163192586297991
lidar,1788163192622596831
esp32,1788163192686549090
lidar,1788163192721928762
esp32,1788163192786257292
lidar,1788163192821423819
esp32,1788163192886230188
lidar,1788163192921695181
esp32,1788163192986331441
lidar,1788163193021056714
esp32,1788163193086573406
lidar,1788163193120748934
esp32,1788163193186685093
lidar,1788163193223194486
esp32,1788163193286411345
lidar,1788163193321096007
esp32,1788163193385284026
lidar,1788163193421239780
esp32,1788163193486433787
lidar,1788163193521581513
esp32,1788163193586361164
lidar,1788163193623164366
esp32,1788163193686306465
lidar,1788163193723169896
esp32,1788163193786259659
lidar,1788163193823208945
esp32,1788163193886639358
lidar,1788163193923665830
esp32,1788163193986712424
lidar,1788163194023457463
esp32,1788163194086260957
lidar,1788163194123078322
esp32,1788163194186641521
lidar,1788163194222877002
esp32,1788163194286457726
lidar,1788163194322605675
esp32,1788163194386723442
lidar,1788163194422252119
esp32,1788163194486394072
lidar,1788163194521976118
esp32,1788163194586456676
lidar,1788163194621742663
esp32,1788163194686654083
lidar,1788163194721521049
esp32,1788163194786585634
lidar,1788163194820897245
esp32,1788163194886593365
lidar,1788163194921395028
esp32,1788163194986294704
lidar,1788163195020125064
esp32,1788163195086270751
lidar,1788163195120576400
esp32,1788163195186561992
lidar,1788163195220022728
esp32,1788163195286588141
lidar,1788163195319494624
esp32,1788163195386412295
lidar,1788163195421497802
esp32,1788163195486445508
lidar,1788163195519100628
esp32,1788163195586514165
lidar,1788163195619172365
esp32,1788163195686582980
lidar,1788163195719895548
esp32,1788163195786591278
lidar,1788163195820209784
esp32,1788163195886566032
lidar,1788163195920692467
esp32,1788163195986611736
lidar,1788163196020579315
esp32,1788163196086580548
lidar,1788163196123836513
esp32,1788163196186806610
lidar,1788163196220957336
esp32,1788163196286535185
lidar,1788163196321192994
esp32,1788163196386664180
lidar,1788163196420604014
esp32,1788163196486259830
lidar,1788163196520261236
esp32,1788163196586550299
lidar,1788163196619822036
esp32,1788163196686861569
lidar,1788163196720838434
esp32,1788163196786444610
lidar,1788163196819160680
esp32,1788163196885193053
lidar,1788163196918440120
esp32,1788163196985248931
lidar,1788163197018004395
esp32,1788163197085435856
lidar,1788163197117708883
esp32,1788163197186380005
lidar,1788163197218336175
esp32,1788163197286337650
lidar,1788163197319569842
esp32,1788163197386367992
lidar,1788163197417865207
esp32,1788163197486425183
lidar,1788163197517682116
esp32,1788163197586613445
lidar,1788163197617962153
esp32,1788163197686566075
lidar,1788163197718049568
esp32,1788163197786372388
lidar,1788163197818174095
esp32,1788163197886386762
lidar,1788163197918701410
esp32,1788163197986627907
lidar,1788163198018497504
esp32,1788163198086589108
lidar,1788163198119515683
esp32,1788163198186555420
lidar,1788163198219844272
esp32,1788163198286493782
lidar,1788163198319939287
esp32,1788163198386570849
lidar,1788163198420238745
esp32,1788163198486296068
lidar,1788163198520363903
esp32,1788163198586195637
lidar,1788163198619751432
esp32,1788163198686391599
lidar,1788163198719385231
esp32,1788163198786525620
lidar,1788163198819307567
esp32,1788163198886657038
lidar,1788163198918524654
esp32,1788163198986606871
lidar,1788163199018105899
esp32,1788163199086508785
lidar,1788163199119916978
esp32,1788163199186822096
lidar,1788163199217456197
esp32,1788163199286176184
lidar,1788163199317133667
esp32,1788163199386598291
lidar,1788163199417121967
esp32,1788163199485378657
lidar,1788163199518168365
esp32,1788163199586247300
lidar,1788163199615897583
esp32,1788163199686702249
lidar,1788163199715855707
esp32,1788163199786343654
lidar,1788163199815910659
esp32,1788163199886329469
lidar,1788163199916108571
esp32,1788163199986314021
lidar,1788163200016234591
esp32,1788163200086398100
lidar,1788163200116420794
esp32,1788163200186305470
lidar,1788163200216737665
esp32,1788163200286337861
lidar,1788163200316906814
esp32,1788163200386476768
lidar,1788163200416983952
esp32,1788163200486673346
lidar,1788163200517213864
esp32,1788163200586507688
lidar,1788163200617557144
esp32,1788163200686482861
lidar,1788163200717641118
esp32,1788163200786653533
lidar,1788163200819160944
esp32,1788163200886655704
lidar,1788163200917748992
esp32,1788163200986549072
lidar,1788163201016511239
esp32,1788163201086544846
lidar,1788163201115528895
esp32,1788163201186719730
lidar,1788163201214892921
esp32,1788163201286552364
lidar,1788163201314387808
esp32,1788163201386612971
lidar,1788163201415212358
esp32,1788163201486280329
lidar,1788163201512647484
esp32,1788163201586722498
lidar,1788163201612782226
esp32,1788163201686729155
lidar,1788163201712625593
esp32,1788163201786674736
lidar,1788163201812635772
esp32,1788163201886377440
lidar,1788163201912945339
esp32,1788163201986549539
lidar,1788163202013246797
esp32,1788163202086683511
lidar,1788163202114830308
esp32,1788163202185368009
lidar,1788163202214092188
esp32,1788163202285368760
lidar,1788163202314368245
esp32,1788163202385241088
lidar,1788163202415071779
esp32,1788163202486524607
lidar,1788163202515825588
esp32,1788163202586236489
lidar,1788163202616020645
esp32,1788163202686603689
lidar,1788163202716596804
esp32,1788163202786545709
lidar,1788163202816704680
esp32,1788163202886277690
lidar,1788163202916567504
esp32,1788163202986501628
lidar,1788163203016520095
esp32,1788163203086160143
lidar,1788163203116324464
esp32,1788163203186486358
lidar,1788163203215945171
esp32,1788163203286408517
lidar,1788163203318215770
esp32,1788163203386399919
lidar,1788163203414267678
esp32,1788163203486425930
lidar,1788163203513886955
esp32,1788163203586225003
lidar,1788163203613894000
esp32,1788163203686133185
lidar,1788163203712522488
esp32,1788163203786553005
lidar,1788163203812058586
esp32,1788163203886502973
lidar,1788163203911562174
esp32,1788163203986720750
lidar,1788163204010945119
esp32,1788163204086612823
lidar,1788163204110822062
esp32,1788163204186768446
lidar,1788163204210514443
esp32,1788163204286249849
lidar,1788163204310689165
esp32,1788163204386403267
lidar,1788163204410885573
esp32,1788163204486588598
lidar,1788163204510887425
esp32,1788163204586511887
lidar,1788163204611559472
esp32,1788163204686701349
lidar,1788163204714846761
esp32,1788163204786688899
lidar,1788163204812194323
esp32,1788163204886312477
lidar,1788163204912396859
esp32,1788163204986635189
lidar,1788163205015221693
esp32,1788163205086185327
lidar,1788163205113887511
esp32,1788163205186683412
lidar,1788163205215378687
esp32,1788163205286718215
lidar,1788163205312855987
esp32,1788163205386561766
lidar,1788163205412656448
esp32,1788163205486529016
lidar,1788163205512226328
esp32,1788163205585174947
lidar,1788163205614106400
esp32,1788163205686443045
lidar,1788163205711781727
esp32,1788163205786541476
lidar,1788163205811250497
esp32,1788163205886626105
lidar,1788163205910746346
esp32,1788163205986606435
lidar,1788163206010284249
esp32,1788163206086422630
lidar,1788163206110302560
esp32,1788163206186271353
lidar,1788163206210737797
esp32,1788163206285293236
lidar,1788163206310498910
esp32,1788163206385231292
lidar,1788163206411321459
esp32,1788163206486400227
lidar,1788163206512479992
esp32,1788163206586501684
lidar,1788163206611975533
esp32,1788163206686486595
lidar,1788163206712240722
esp32,1788163206786509444
lidar,1788163206812094563
esp32,1788163206885178515
lidar,1788163206911768641
esp32,1788163206985218807
lidar,1788163207011520851
esp32,1788163207085211039
lidar,1788163207110951525
esp32,1788163207187181579
lidar,1788163207211196738
esp32,1788163207286810240
lidar,1788163207311988859
esp32,1788163207386724919
lidar,1788163207410097105
esp32,1788163207486418665
lidar,1788163207509676964
esp32,1788163207586237567
lidar,1788163207609493100
esp32,1788163207686293648
lidar,1788163207709891101
esp32,1788163207787087738
lidar,1788163207812525990
esp32,1788163207887152228
lidar,1788163207910589552
esp32,1788163207986262677
lidar,1788163208013614083
esp32,1788163208086545746
lidar,1788163208110974901
esp32,1788163208186644838
lidar,1788163208212086879
esp32,1788163208286584915
lidar,1788163208312526270
esp32,1788163208386492535
lidar,1788163208412959846
esp32,1788163208486485198
lidar,1788163208513126971
esp32,1788163208586969813
lidar,1788163208613348358
esp32,1788163208687212981
lidar,1788163208713297727
esp32,1788163208786838710
lidar,1788163208812879552
esp32,1788163208886910531
lidar,1788163208912260559
esp32,1788163208986556186
lidar,1788163209011861945
esp32,1788163209086073291
lidar,1788163209111779631
esp32,1788163209186175679
lidar,1788163209211330305
esp32,1788163209286285122
lidar,1788163209311047676
esp32,1788163209386353345
lidar,1788163209411424378
esp32,1788163209486527983
lidar,1788163209510216392
esp32,1788163209586579228
lidar,1788163209610262338
esp32,1788163209686158356
lidar,1788163209710900463
esp32,1788163209786175379
lidar,1788163209812974865
esp32,1788163209886379856
lidar,1788163209917436451
esp32,1788163209986088905
lidar,1788163210012245388
esp32,1788163210086236799
lidar,1788163210112756206
esp32,1788163210186762002
lidar,1788163210212732197
esp32,1788163210286450775
lidar,1788163210312817222
esp32,1788163210386527455
lidar,1788163210413084085
esp32,1788163210486415312
lidar,1788163210512860108
esp32,1788163210586426936
lidar,1788163210612608724
esp32,1788163210686404992
lidar,1788163210712358016
esp32,1788163210786548383
lidar,1788163210811767005
esp32,1788163210886451786
lidar,1788163210911691853
esp32,1788163210986312381
lidar,1788163211013624244
esp32,1788163211086096143
lidar,1788163211111133859
esp32,1788163211186635003
lidar,1788163211210805256
esp32,1788163211286572328
lidar,1788163211310064868
esp32,1788163211386413146
lidar,1788163211409713121
esp32,1788163211486333707
lidar,1788163211510397905
esp32,1788163211586239048
lidar,1788163211608643495
esp32,1788163211686158919
lidar,1788163211707817177
esp32,1788163211786544248
lidar,1788163211807572189
esp32,1788163211886691180
lidar,1788163211909554844
esp32,1788163211986590492
lidar,1788163212010741323
esp32,1788163212086526233
lidar,1788163212108718346
esp32,1788163212185376939
lidar,1788163212208379749
esp32,1788163212285168421
lidar,1788163212309079337
esp32,1788163212385621604
lidar,1788163212409622956
esp32,1788163212486310324
lidar,1788163212510643759
esp32,1788163212586615559
lidar,1788163212611017706
esp32,1788163212686594052
lidar,1788163212711207166
esp32,1788163212786389713
lidar,1788163212811186934
esp32,1788163212886270542
lidar,1788163212910637822
esp32,1788163212986326356
lidar,1788163213010519647
esp32,1788163213086393357
lidar,1788163213109975297
esp32,1788163213186487155
lidar,1788163213210456773
esp32,1788163213286443978
lidar,1788163213309398443
esp32,1788163213386431191
lidar,1788163213408632949
esp32,1788163213486486915
lidar,1788163213508015563
esp32,1788163213586456723
lidar,1788163213607756906
esp32,1788163213686293816
lidar,1788163213707089141
esp32,1788163213786252115
lidar,1788163213806958841
esp32,1788163213886341496
lidar,1788163213908866712
esp32,1788163213986137958
lidar,1788163214007151379
esp32,1788163214086181105
lidar,1788163214113248765
esp32,1788163214186279059
lidar,1788163214207537338
esp32,1788163214286087227
lidar,1788163214307944888
esp32,1788163214386128685
lidar,1788163214408414677
esp32,1788163214486348236
lidar,1788163214508684699
esp32,1788163214587078469
lidar,1788163214609300526
esp32,1788163214687231590
lidar,1788163214709631907
esp32,1788163214786870473
lidar,1788163214810270778
esp32,1788163214886507047
lidar,1788163214909986022
esp32,1788163214986905383
lidar,1788163215009631877
esp32,1788163215086806788
lidar,1788163215109641291
esp32,1788163215186908740
lidar,1788163215209574492
esp32,1788163215286741118
lidar,1788163215309382306
esp32,1788163215386909587
lidar,1788163215409327922
esp32,1788163215486850688
lidar,1788163215508598796
esp32,1788163215586732001
lidar,1788163215608437955
esp32,1788163215686910654
lidar,1788163215708689479
esp32,1788163215786167680
lidar,1788163215807697918
esp32,1788163215886457341
lidar,1788163215907421593
esp32,1788163215986721477
lidar,1788163216007695902
esp32,1788163216086909703
lidar,1788163216107635132
esp32,1788163216187174568
lidar,1788163216209757885
esp32,1788163216286887773
lidar,1788163216308376135
esp32,1788163216386837763
lidar,1788163216408474543
esp32,1788163216486910158
lidar,1788163216508605914
esp32,1788163216586798459
lidar,1788163216608951893
esp32,1788163216687305391
lidar,1788163216709658542
esp32,1788163216786971701
lidar,1788163216809933530
esp32,1788163216885392244
lidar,1788163216908828954
esp32,1788163216985507157
lidar,1788163217008562498
esp32,1788163217085245193
lidar,1788163217108311808
esp32,1788163217186666490
lidar,1788163217208445478
esp32,1788163217286623135
lidar,1788163217309163157
esp32,1788163217386568082
lidar,1788163217407541018
esp32,1788163217486824273
lidar,1788163217507029780
esp32,1788163217586897709
lidar,1788163217606780347
esp32,1788163217686637610
lidar,1788163217706360868
esp32,1788163217786539234
lidar,1788163217806168882
esp32,1788163217886821008
lidar,1788163217906217980
esp32,1788163217986827248
lidar,1788163218008279305
esp32,1788163218086834913
lidar,1788163218107139959
esp32,1788163218186933811
lidar,1788163218205783052
esp32,1788163218286889535
lidar,1788163218306936813
esp32,1788163218386860582
lidar,1788163218406283943
esp32,1788163218486929539
lidar,1788163218506704200
esp32,1788163218587008874
lidar,1788163218607172919
esp32,1788163218687031259
lidar,1788163218707609460
esp32,1788163218787065659
lidar,1788163218808121606
esp32,1788163218906238940
lidar,1788163218908657294
esp32,1788163218986879192
lidar,1788163219008710872
esp32,1788163219087011054
lidar,1788163219108612305
esp32,1788163219186815471
lidar,1788163219208412264
esp32,1788163219286556263
lidar,1788163219308129230
esp32,1788163219386568457
lidar,1788163219407618231
esp32,1788163219486899447
lidar,1788163219507318737
esp32,1788163219586957671
lidar,1788163219606961396
esp32,1788163219686648799
lidar,1788163219706562910
esp32,1788163219786717131
lidar,1788163219806415079
esp32,1788163219886637653
lidar,1788163219907329584
esp32,1788163219987009243
lidar,1788163220005743604
esp32,1788163220086956606
lidar,1788163220105081482
esp32,1788163220187062264
lidar,1788163220204542739
esp32,1788163220286670985
lidar,1788163220305404756
esp32,1788163220386978263
lidar,1788163220403783548
esp32,1788163220486977390
lidar,1788163220503840657
esp32,1788163220586915312
lidar,1788163220604437246
esp32,1788163220686896606
lidar,1788163220705093735
esp32,1788163220786699127
lidar,1788163220805903391
esp32,1788163220887052801
lidar,1788163220906903688
esp32,1788163220987049264
lidar,1788163221006920477
esp32,1788163221086751393
lidar,1788163221107778603
esp32,1788163221186727245
lidar,1788163221208219375
esp32,1788163221286591743
lidar,1788163221309050259
esp32,1788163221386573010
lidar,1788163221409862154
esp32,1788163221486882394
lidar,1788163221510284748
esp32,1788163221586845405
lidar,1788163221610500794
esp32,1788163221686934423
lidar,1788163221712378740
esp32,1788163221786735975
lidar,1788163221810239851
esp32,1788163221886295449
lidar,1788163221909869138
esp32,1788163221986764493
lidar,1788163222009951837
esp32,1788163222086906592
lidar,1788163222109801089
esp32,1788163222185296203
lidar,1788163222209004798
esp32,1788163222285573731
lidar,1788163222308244896
esp32,1788163222385189341
lidar,1788163222409350853
esp32,1788163222486128306
lidar,1788163222511603790
esp32,1788163222586263395
lidar,1788163222607589254
esp32,1788163222686744126
lidar,1788163222707028500
esp32,1788163222786641477
lidar,1788163222807002066
esp32,1788163222886565092
lidar,1788163222907102720
esp32,1788163222986723159
lidar,1788163223007642345
esp32,1788163223086561273
lidar,1788163223107788509
esp32,1788163223186643376
lidar,1788163223207986277
esp32,1788163223286511476
lidar,1788163223308235177
esp32,1788163223386530865
lidar,1788163223409217758
esp32,1788163223486511628
lidar,1788163223509015985
esp32,1788163223586205251
lidar,1788163223608927521
esp32,1788163223686832686
lidar,1788163223708666784
esp32,1788163223786644342
lidar,1788163223808625218
esp32,1788163223885248629
lidar,1788163223908244696
esp32,1788163223986437093
lidar,1788163224007802086
esp32,1788163224086227137
lidar,1788163224107616509
esp32,1788163224186796320
lidar,1788163224208102252
esp32,1788163224286505398
lidar,1788163224306610128
esp32,1788163224386451730
lidar,1788163224406360403
esp32,1788163224486617980
lidar,1788163224506179947
esp32,1788163224586603667
lidar,1788163224605800060
esp32,1788163224686754158
lidar,1788163224705850495
esp32,1788163224786536353
lidar,1788163224805990094
esp32,1788163224886382184
lidar,1788163224906532584
esp32,1788163224986368263
lidar,1788163225006718272
esp32,1788163225086402540
lidar,1788163225107305441
esp32,1788163225186638004
lidar,1788163225207657051
esp32,1788163225286382042
lidar,1788163225308279828
esp32,1788163225386568551
lidar,1788163225408347823
esp32,1788163225486585877
lidar,1788163225508148245
esp32,1788163225586752200
lidar,1788163225608362910
esp32,1788163225686683665
lidar,1788163225707628051
esp32,1788163225786500308
lidar,1788163225808215780
esp32,1788163225886380812
lidar,1788163225906351996
esp32,1788163225986632415
lidar,1788163226006387519
esp32,1788163226086769889
lidar,1788163226105811288
esp32,1788163226186593873
lidar,1788163226205382008
esp32,1788163226286272278
lidar,1788163226305511765
esp32,1788163226386502823
lidar,1788163226404419215
esp32,1788163226486121346
lidar,1788163226505704481
esp32,1788163226586161926
lidar,1788163226608308519
esp32,1788163226686803676
lidar,1788163226704301229
esp32,1788163226786636465
lidar,1788163226806071045
esp32,1788163226885240120
lidar,1788163226904710621
esp32,1788163226985565546
lidar,1788163227005223533
esp32,1788163227085457408
lidar,1788163227105690810
esp32,1788163227186867586
lidar,1788163227205980317
esp32,1788163227286925510
lidar,1788163227306733305
esp32,1788163227386585767
lidar,1788163227406445664
esp32,1788163227486685621
lidar,1788163227506405310
esp32,1788163227586404825
lidar,1788163227606251537
esp32,1788163227685338499
lidar,1788163227705542660
esp32,1788163227785215987
lidar,1788163227804914283
esp32,1788163227885172502
lidar,1788163227904842704
esp32,1788163227985102600
lidar,1788163228004293374
esp32,1788163228085557529
lidar,1788163228104706143
esp32,1788163228186571704
lidar,1788163228204063886
esp32,1788163228286402932
lidar,1788163228304800304
esp32,1788163228386670817
lidar,1788163228403167601
esp32,1788163228486200547
lidar,1788163228502926980
esp32,1788163228586170944
lidar,1788163228602429664
esp32,1788163228686416942
lidar,1788163228702358586
esp32,1788163228786536761
lidar,1788163228802082208
esp32,1788163228886258019
lidar,1788163228902303853
esp32,1788163228986223670
lidar,1788163229002452109
esp32,1788163229086283004
lidar,1788163229102638617
esp32,1788163229186325797
lidar,1788163229202953114
esp32,1788163229286390981
lidar,1788163229303456489
esp32,1788163229386309433
lidar,1788163229403508618
esp32,1788163229486271648
lidar,1788163229503456656
esp32,1788163229586197448
lidar,1788163229603155125
esp32,1788163229686596372
lidar,1788163229703385217
esp32,1788163229786397900
lidar,1788163229803233548
esp32,1788163229886571729
lidar,1788163229904292385
esp32,1788163229986083467
lidar,1788163230002639891
esp32,1788163230086681455
lidar,1788163230102382409
esp32,1788163230186833870
lidar,1788163230201829715
esp32,1788163230286409437
lidar,1788163230301600888
esp32,1788163230386384887
lidar,1788163230400791883
esp32,1788163230486568530
lidar,1788163230500454831
esp32,1788163230586558271
lidar,1788163230600610109
esp32,1788163230686677432
lidar,1788163230703278945
esp32,1788163230786301418
lidar,1788163230805019025
esp32,1788163230886406877
lidar,1788163230900713911
esp32,1788163230986279360
lidar,1788163231000449959
esp32,1788163231086644654
lidar,1788163231100926216
esp32,1788163231186566481
lidar,1788163231200921168
esp32,1788163231286624217
lidar,1788163231301739943
esp32,1788163231386604292
lidar,1788163231401891430
esp32,1788163231486650996
lidar,1788163231502022106
esp32,1788163231586678964
lidar,1788163231602304220
esp32,1788163231686656598
lidar,1788163231702389980
esp32,1788163231786422573
lidar,1788163231802457940
esp32,1788163231886414608
lidar,1788163231901835579
esp32,1788163231985734299
lidar,1788163232000765041
esp32,1788163232086689223
lidar,1788163232100913869
esp32,1788163232185266582
lidar,1788163232200382005
esp32,1788163232285432782
lidar,1788163232299698414
esp32,1788163232385373944
lidar,1788163232399753757
esp32,1788163232486770274
lidar,1788163232502444422
esp32,1788163232586897802
lidar,1788163232598663169
esp32,1788163232687061169
lidar,1788163232697850702
esp32,1788163232787079941
lidar,1788163232797705200
esp32,1788163232886962059
lidar,1788163232897444901
esp32,1788163232986953014
lidar,1788163232998097811
esp32,1788163233086817060
lidar,1788163233098350019
esp32,1788163233186710471
lidar,1788163233198629520
esp32,1788163233286509164
lidar,1788163233298939510
esp32,1788163233386730028
lidar,1788163233399451775
esp32,1788163233486929452
lidar,1788163233499751583
esp32,1788163233586975920
lidar,1788163233600085487
esp32,1788163233687202635
lidar,1788163233700749131
esp32,1788163233786868608
lidar,1788163233800882027
esp32,1788163233887047711
lidar,1788163233900915149
esp32,1788163233986908621
lidar,1788163234000930082
esp32,1788163234086919692
lidar,1788163234102804810
esp32,1788163234186858864
lidar,1788163234199942711
esp32,1788163234286506938
lidar,1788163234299820847
esp32,1788163234386419376
lidar,1788163234399330864
esp32,1788163234486973358
lidar,1788163234498913074
esp32,1788163234587064085
lidar,1788163234598973453
esp32,1788163234687157905
lidar,1788163234698862402
esp32,1788163234786825369
lidar,1788163234798868753
esp32,1788163234886712928
lidar,1788163234901138117
esp32,1788163234986977193
lidar,1788163234998112159
esp32,1788163235086905745
lidar,1788163235099445060
esp32,1788163235186481551
lidar,1788163235197262465
esp32,1788163235286592551
lidar,1788163235297409530
esp32,1788163235386314289
lidar,1788163235397646881
esp32,1788163235486782646
lidar,1788163235498021305
esp32,1788163235586361069
lidar,1788163235598318063
esp32,1788163235686499784
lidar,1788163235699307946
esp32,1788163235785263286
lidar,1788163235799661692
esp32,1788163235886476414
lidar,1788163235900499471
esp32,1788163235986622181
lidar,1788163236000800072
esp32,1788163236086205205
lidar,1788163236101677778
esp32,1788163236186499118
lidar,1788163236201828891
esp32,1788163236286230399
lidar,1788163236301878665
esp32,1788163236386496931
lidar,1788163236401882700
esp32,1788163236486483619
lidar,1788163236502057574
esp32,1788163236586357515
lidar,1788163236601896932
esp32,1788163236686295343
lidar,1788163236702195522
esp32,1788163236786357421
lidar,1788163236803532357
esp32,1788163236885227495
lidar,1788163236901203608
esp32,1788163236985321093
lidar,1788163237001063486
esp32,1788163237085363773
lidar,1788163237100764454
esp32,1788163237186379078
lidar,1788163237200396077
esp32,1788163237286538029
lidar,1788163237300011181
esp32,1788163237386542900
lidar,1788163237399682993
esp32,1788163237486530047
lidar,1788163237499206908
esp32,1788163237586369421
lidar,1788163237599234267
esp32,1788163237686658175
lidar,1788163237699078937
esp32,1788163237786539833
lidar,1788163237799138317
esp32,1788163237886584419
lidar,1788163237899016751
esp32,1788163237986604253
lidar,1788163237998841391
esp32,1788163238089610588
lidar,1788163238098327318
esp32,1788163238186419309
lidar,1788163238197772114
esp32,1788163238286745292
lidar,1788163238297495461
esp32,1788163238386767946
lidar,1788163238397379316
esp32,1788163238486664434
lidar,1788163238497009817
esp32,1788163238586421663
lidar,1788163238597066272
esp32,1788163238687026940
lidar,1788163238696880970
esp32,1788163238786810264
lidar,1788163238797337007
esp32,1788163238886861151
lidar,1788163238896856071
esp32,1788163238986858347
lidar,1788163238998160596
esp32,1788163239086764449
lidar,1788163239098955894
esp32,1788163239186963644
lidar,1788163239201401232
esp32,1788163239286760720
lidar,1788163239298749912
esp32,1788163239386755661
lidar,1788163239399053599
esp32,1788163239486986563
lidar,1788163239500085885
esp32,1788163239586911676
lidar,1788163239602608441
esp32,1788163239686869606
lidar,1788163239698907479
esp32,1788163239786781404
lidar,1788163239798557775
esp32,1788163239886635452
lidar,1788163239898064944
esp32,1788163239986823752
lidar,1788163239998031598
esp32,1788163240086939294
lidar,1788163240097480692
esp32,1788163240186775253
lidar,1788163240196654322
esp32,1788163240286549575
lidar,1788163240296367804
esp32,1788163240386783962
lidar,1788163240395520912
esp32,1788163240486412312
lidar,1788163240495349155
esp32,1788163240586611440
lidar,1788163240595122652
esp32,1788163240686662976
lidar,1788163240695374121
esp32,1788163240786514239
lidar,1788163240797015056
esp32,1788163240886306598
lidar,1788163240895838246
esp32,1788163240986345767
lidar,1788163240995963101
esp32,1788163241086324123
lidar,1788163241096489133
esp32,1788163241186409398
lidar,1788163241196640944
esp32,1788163241286342165
lidar,1788163241297078522
esp32,1788163241386407646
lidar,1788163241399910891
esp32,1788163241486427149
lidar,1788163241496904162
esp32,1788163241586164401
lidar,1788163241596387677
esp32,1788163241686682442
lidar,1788163241696002381
esp32,1788163241786275276
lidar,1788163241796370272
esp32,1788163241886761895
lidar,1788163241895807573
esp32,1788163241986543463
lidar,1788163241995701019
esp32,1788163242086445219
lidar,1788163242095407319
esp32,1788163242185358041
lidar,1788163242194914046
esp32,1788163242285230396
lidar,1788163242295232977
esp32,1788163242385195117
lidar,1788163242396650449
esp32,1788163242486806958
lidar,1788163242494768331
esp32,1788163242586794028
lidar,1788163242595355277
esp32,1788163242687024921
lidar,1788163242694110593
esp32,1788163242786836939
lidar,1788163242793646280
esp32,1788163242886696196
lidar,1788163242893803963
esp32,1788163242986770884
lidar,1788163242993943218
esp32,1788163243086727028
lidar,1788163243094562080
esp32,1788163243186853051
lidar,1788163243195871881
esp32,1788163243286734100
lidar,1788163243297773170
esp32,1788163243386843907
lidar,1788163243395883683
esp32,1788163243486716946
lidar,1788163243497620880
esp32,1788163243586584782
lidar,1788163243596749667
esp32,1788163243686397449
lidar,1788163243696593164
esp32,1788163243786339353
lidar,1788163243798569817
esp32,1788163243886344449
lidar,1788163243896228363
esp32,1788163243986889039
lidar,1788163243995816751
esp32,1788163244086848712
lidar,1788163244095483940
esp32,1788163244186489123
lidar,1788163244194434599
esp32,1788163244286704089
lidar,1788163244294697719
esp32,1788163244386220608
lidar,1788163244393768014
esp32,1788163244486735880
lidar,1788163244493874128
esp32,1788163244586564495
lidar,1788163244593727803
esp32,1788163244686911074
lidar,1788163244693562903
esp32,1788163244786492870
lidar,1788163244794315142
esp32,1788163244886552487
lidar,1788163244894633807
esp32,1788163244986616573
lidar,1788163244995780933
esp32,1788163245086666705
lidar,1788163245097967398
esp32,1788163245186869681
lidar,1788163245195421136
esp32,1788163245285827025
lidar,1788163245295696818
esp32,1788163245386783790
lidar,1788163245395369260
esp32,1788163245486389203
lidar,1788163245496530925
esp32,1788163245586506092
lidar,1788163245595195909
esp32,1788163245686474728
lidar,1788163245694614408
esp32,1788163245786434305
lidar,1788163245794318806
esp32,1788163245886255348
lidar,1788163245894079785
esp32,1788163245986207250
lidar,1788163245993297593
esp32,1788163246086421702
lidar,1788163246092996627
esp32,1788163246186690179
lidar,1788163246192842008
esp32,1788163246285991170
lidar,1788163246292687530
esp32,1788163246386414120
lidar,1788163246391985495
esp32,1788163246486453661
lidar,1788163246493238735
esp32,1788163246586215525
lidar,1788163246592184012
esp32,1788163246686488928
lidar,1788163246693665271
esp32,1788163246786380458
lidar,1788163246793263509
esp32,1788163246885279006
lidar,1788163246893112260
esp32,1788163246985230511
lidar,1788163246993332504
esp32,1788163247085353564
lidar,1788163247093773066
esp32,1788163247186456478
lidar,1788163247194568215
esp32,1788163247286059926
lidar,1788163247294512155
esp32,1788163247386635429
lidar,1788163247393999908
esp32,1788163247486213156
lidar,1788163247495751390
esp32,1788163247586284128
lidar,1788163247593516323
esp32,1788163247686431883
lidar,1788163247693209287
esp32,1788163247786511315
lidar,1788163247793104106
esp32,1788163247886340176
lidar,1788163247892358430
esp32,1788163247986664171
lidar,1788163247994716595
esp32,1788163248086008061
lidar,1788163248091795425
esp32,1788163248186355649
lidar,1788163248191545158
esp32,1788163248285993358
lidar,1788163248291537576
esp32,1788163248386453610
lidar,1788163248390745671
esp32,1788163248486408226
lidar,1788163248491184242
esp32,1788163248586357202
lidar,1788163248591197015
esp32,1788163248686403651
lidar,1788163248691839573
esp32,1788163248785229766
lidar,1788163248792252995
esp32,1788163248886112193
lidar,1788163248892904588
esp32,1788163248986228365
lidar,1788163248993272212
esp32,1788163249087143336
lidar,1788163249093864366
esp32,1788163249186944012
lidar,1788163249194695693
esp32,1788163249286752121
lidar,1788163249296508794
esp32,1788163249386834242
lidar,1788163249398580525
esp32,1788163249486728937
lidar,1788163249496604752
esp32,1788163249586743050
lidar,1788163249596766218
esp32,1788163249686982407
lidar,1788163249696388840
esp32,1788163249786393493
lidar,1788163249796871164
esp32,1788163249886304417
lidar,1788163249900255561
esp32,1788163249986637581
lidar,1788163249996285753
esp32,1788163250086521498
lidar,1788163250095703694
esp32,1788163250186597496
lidar,1788163250194977275
esp32,1788163250285626971
lidar,1788163250293916158
esp32,1788163250386490024
lidar,1788163250394216399
esp32,1788163250486643634
lidar,1788163250493974381
esp32,1788163250586190589
lidar,1788163250594406094
esp32,1788163250686680300
lidar,1788163250694101184
esp32,1788163250786535796
lidar,1788163250794486819
esp32,1788163250886403671
lidar,1788163250896527261
esp32,1788163250986631132
lidar,1788163250995154212
esp32,1788163251086551118
lidar,1788163251095341754
esp32,1788163251186793450
lidar,1788163251195540701
esp32,1788163251286246551
lidar,1788163251295599980
esp32,1788163251386632130
lidar,1788163251395715535
esp32,1788163251486531640
lidar,1788163251495699426
esp32,1788163251586164053
lidar,1788163251595672583
esp32,1788163251686385831
lidar,1788163251695367313
esp32,1788163251786908888
lidar,1788163251797920844
esp32,1788163251886421983
lidar,1788163251894863934
esp32,1788163251986264122
lidar,1788163251994304109
esp32,1788163252086520644
lidar,1788163252094255167
esp32,1788163252185338376
lidar,1788163252193665495
esp32,1788163252285425102
lidar,1788163252293635806
esp32,1788163252385511513
lidar,1788163252394823875
esp32,1788163252486447991
lidar,1788163252493409196
esp32,1788163252586264692
lidar,1788163252593396506
esp32,1788163252686864938
lidar,1788163252692479564
esp32,1788163252786363465
lidar,1788163252792142284
esp32,1788163252886552566
lidar,1788163252891784500
esp32,1788163252986286262
lidar,1788163252992195272
esp32,1788163253086519025
lidar,1788163253092783910
esp32,1788163253186836726
lidar,1788163253193065056
esp32,1788163253286740555
lidar,1788163253292947437
esp32,1788163253386736381
lidar,1788163253393788675
esp32,1788163253486185722
lidar,1788163253494830799
esp32,1788163253586241086
lidar,1788163253598265159
esp32,1788163253686543233
lidar,1788163253695861973
esp32,1788163253786772692
lidar,1788163253796037611
esp32,1788163253886697648
lidar,1788163253896436863
esp32,1788163253986779307
lidar,1788163253996207885
esp32,1788163254086674098
lidar,1788163254096174958
esp32,1788163254186840846
lidar,1788163254195604057
esp32,1788163254286751576
lidar,1788163254295431644
esp32,1788163254386734022
lidar,1788163254395216383
esp32,1788163254486783898
lidar,1788163254494763571
esp32,1788163254586629904
lidar,1788163254595092021
esp32,1788163254686964856
lidar,1788163254694516856
esp32,1788163254786544899
lidar,1788163254793932320
esp32,1788163254886376191
lidar,1788163254893819070
esp32,1788163254986339630
lidar,1788163254995583004
esp32,1788163255086515198
lidar,1788163255094707417
esp32,1788163255186686380
lidar,1788163255192815671
esp32,1788163255286232506
lidar,1788163255292741044
esp32,1788163255386603260
lidar,1788163255393077383
esp32,1788163255486324032
lidar,1788163255492010324
esp32,1788163255586273947
lidar,1788163255591845396
esp32,1788163255686494941
lidar,1788163255691446040
esp32,1788163255786306163
lidar,1788163255791195860
esp32,1788163255886426370
lidar,1788163255891672036
esp32,1788163255986590237
lidar,1788163255990919932
esp32,1788163256086485281
lidar,1788163256090396233
esp32,1788163256186717054
lidar,1788163256190275288
esp32,1788163256286252964
lidar,1788163256290058275
esp32,1788163256385830208
lidar,1788163256390142249
esp32,1788163256486317911
lidar,1788163256489517802
esp32,1788163256586094887
lidar,1788163256591408945
esp32,1788163256686526364
lidar,1788163256689050948
esp32,1788163256786363946
lidar,1788163256789878711
esp32,1788163256885299529
lidar,1788163256890312832
esp32,1788163256985244030
lidar,1788163256990110873
esp32,1788163257085234795
lidar,1788163257090201897
esp32,1788163257186495117
lidar,1788163257191022616
esp32,1788163257286433696
lidar,1788163257291311941
esp32,1788163257386259699
lidar,1788163257391581027
esp32,1788163257486509361
lidar,1788163257491395688
esp32,1788163257586539534
lidar,1788163257591648045
esp32,1788163257686904648
lidar,1788163257693196785
esp32,1788163257786726172
lidar,1788163257791319755
esp32,1788163257886856170
lidar,1788163257891211803
esp32,1788163257986593042
lidar,1788163257990047408
esp32,1788163258086853815
lidar,1788163258091242506
esp32,1788163258185207455
lidar,1788163258189041853
esp32,1788163258286360896
lidar,1788163258289257662
esp32,1788163258386598283
lidar,1788163258388375429
esp32,1788163258486745676
lidar,1788163258488214508
esp32,1788163258586571628
lidar,1788163258587605558
esp32,1788163258686555912
lidar,1788163258687480469
esp32,1788163258786607964
lidar,1788163258787609649
esp32,1788163258886277834
lidar,1788163258887254066
esp32,1788163258986492684
lidar,1788163258986972093
esp32,1788163259086236155
lidar,1788163259088239574
esp32,1788163259186384047
lidar,1788163259187495025
esp32,1788163259286342142
lidar,1788163259287275584
esp32,1788163259386382289
lidar,1788163259387525760
esp32,1788163259486349897
lidar,1788163259487774703
esp32,1788163259586937204
lidar,1788163259588312267
esp32,1788163259686523048
lidar,1788163259688032400
esp32,1788163259786225862
lidar,1788163259789413684
esp32,1788163259886608817
lidar,1788163259888254994
esp32,1788163259986776357
lidar,1788163259988611354
esp32,1788163260086633535
lidar,1788163260090941869
esp32,1788163260186648915
lidar,1788163260187581702
esp32,1788163260286520933
lidar,1788163260287571162
esp32,1788163260386703554
lidar,1788163260387526675
lidar,1788163260486868289
esp32,1788163260487831944
esp32,1788163260586715882
lidar,1788163260587694396
lidar,1788163260686107893
esp32,1788163260686999127
esp32,1788163260786499086
lidar,1788163260787486199
lidar,1788163260885444638
esp32,1788163260886872758
esp32,1788163260986791891
lidar,1788163260988547570
lidar,1788163261084950139
esp32,1788163261086739435
lidar,1788163261184445596
esp32,1788163261185232225
lidar,1788163261284905286
esp32,1788163261286214767
lidar,1788163261385556808
esp32,1788163261386577351
lidar,1788163261485700158
esp32,1788163261486342616
lidar,1788163261586112402
esp32,1788163261586917479
esp32,1788163261686726029
lidar,1788163261687188041
esp32,1788163261786309606
lidar,1788163261789133679
esp32,1788163261886163551
lidar,1788163261887301568
esp32,1788163261986288996
lidar,1788163261987391441
esp32,1788163262086348254
lidar,1788163262087449773
esp32,1788163262185451558
lidar,1788163262186841408
esp32,1788163262285397119
lidar,1788163262286545147
esp32,1788163262385332658
lidar,1788163262386154563
lidar,1788163262485807263
esp32,1788163262486236084
lidar,1788163262586005101
esp32,1788163262586655411
lidar,1788163262685615447
esp32,1788163262686538702
lidar,1788163262785337707
esp32,1788163262786644363
lidar,1788163262885150488
esp32,1788163262886572882
lidar,1788163262984901807
esp32,1788163262986624127
lidar,1788163263084548193
esp32,1788163263086537268
lidar,1788163263184129196
esp32,1788163263186846951
lidar,1788163263284262846
esp32,1788163263286133598
lidar,1788163263385070158
esp32,1788163263386536110
lidar,1788163263485167366
esp32,1788163263486568035
lidar,1788163263585492973
esp32,1788163263586634548
lidar,1788163263685850635
esp32,1788163263686743210
esp32,1788163263786769805
lidar,1788163263787088876
lidar,1788163263886170091
esp32,1788163263886806197
esp32,1788163263986894876
lidar,1788163263988436729
lidar,1788163264086408833
esp32,1788163264087106599
esp32,1788163264186575161
lidar,1788163264187347478
lidar,1788163264286070400
esp32,1788163264286766316
lidar,1788163264385731359
esp32,1788163264386378888
lidar,1788163264485552989
esp32,1788163264486432288
lidar,1788163264585813074
esp32,1788163264586426849
lidar,1788163264685195063
esp32,1788163264686355131
lidar,1788163264784964742
esp32,1788163264786296207
lidar,1788163264884942059
esp32,1788163264886088121
lidar,1788163264984953922
esp32,1788163264986270974
lidar,1788163265085815651
esp32,1788163265086418326
lidar,1788163265183890819
esp32,1788163265185973347
lidar,1788163265284033983
esp32,1788163265285866895
lidar,1788163265383148403
esp32,1788163265386172693
lidar,1788163265483494979
esp32,1788163265485931700
lidar,1788163265583206653
esp32,1788163265586072407
lidar,1788163265683514611
esp32,1788163265686349515
lidar,1788163265783987092
esp32,1788163265786323711
lidar,1788163265885528068
esp32,1788163265886216587
esp32,1788163265986589235
lidar,1788163265987309815
lidar,1788163266085598391
esp32,1788163266086255707
lidar,1788163266186073266
esp32,1788163266186706895
esp32,1788163266285339535
lidar,1788163266285740830
esp32,1788163266385280778
lidar,1788163266385566913
esp32,1788163266486206484
lidar,1788163266488067388
lidar,1788163266586015904
esp32,1788163266586631687
lidar,1788163266685645071
esp32,1788163266686338476
lidar,1788163266785621340
esp32,1788163266786286671
lidar,1788163266885089089
esp32,1788163266885341731
esp32,1788163266985096150
lidar,1788163266987799974
lidar,1788163267084207378
esp32,1788163267085233761
lidar,1788163267184104104
esp32,1788163267186509825
lidar,1788163267283648743
esp32,1788163267285986990
lidar,1788163267383628657
esp32,1788163267386068451
lidar,1788163267485448108
esp32,1788163267486305284
lidar,1788163267582981825
esp32,1788163267586248301
lidar,1788163267682279480
esp32,1788163267686249828
lidar,1788163267782274734
esp32,1788163267786123391
lidar,1788163267882580027
esp32,1788163267886087571
lidar,1788163267982298704
esp32,1788163267986525496
lidar,1788163268082940023
esp32,1788163268086001292
lidar,1788163268183309430
esp32,1788163268186294216
lidar,1788163268285108309
esp32,1788163268286021426
lidar,1788163268385564218
esp32,1788163268386159726
lidar,1788163268486344886
esp32,1788163268487081327
lidar,1788163268585389690
esp32,1788163268585957235
lidar,1788163268685778297
esp32,1788163268686361780
lidar,1788163268785370198
esp32,1788163268786233121
lidar,1788163268885000752
esp32,1788163268885337995
lidar,1788163268985334124
esp32,1788163268986710336
lidar,1788163269084970743
esp32,1788163269086645974
lidar,1788163269184689343
esp32,1788163269186644810
lidar,1788163269284143041
esp32,1788163269286367798
lidar,1788163269384421016
esp32,1788163269386531260
lidar,1788163269485752320
esp32,1788163269486384812
lidar,1788163269583386795
esp32,1788163269586261492
lidar,1788163269683377770
esp32,1788163269686382357
lidar,1788163269783068914
esp32,1788163269786144647
lidar,1788163269883454382
esp32,1788163269886180496
lidar,1788163269983437921
esp32,1788163269985965347
lidar,1788163270083744536
esp32,1788163270086114853
lidar,1788163270186034820
esp32,1788163270186670150
lidar,1788163270284645570
esp32,1788163270286160826
lidar,1788163270384713680
esp32,1788163270386101203
lidar,1788163270484956610
esp32,1788163270486191611
lidar,1788163270584867792
esp32,1788163270586079498
lidar,1788163270686688059
esp32,1788163270687339031
lidar,1788163270784143743
esp32,1788163270786130015
lidar,1788163270883723520
esp32,1788163270886192055
lidar,1788163270983183763
esp32,1788163270986221253
lidar,1788163271083101848
esp32,1788163271086275745
lidar,1788163271182456450
esp32,1788163271186134667
lidar,1788163271282740887
esp32,1788163271286141976
lidar,1788163271382122825
esp32,1788163271386108418
lidar,1788163271481891132
esp32,1788163271486183635
lidar,1788163271581617581
esp32,1788163271586027253
lidar,1788163271683682177
esp32,1788163271686245628
lidar,1788163271781030900
esp32,1788163271786300509
lidar,1788163271881205618
esp32,1788163271886212574
lidar,1788163271981611641
esp32,1788163271986356879
lidar,1788163272082482653
esp32,1788163272086090243
lidar,1788163272182266577
esp32,1788163272185247766
lidar,1788163272282857629
esp32,1788163272285070197
lidar,1788163272383549180
esp32,1788163272385444581
lidar,1788163272484041768
esp32,1788163272486315760
lidar,1788163272584748291
esp32,1788163272586789150
esp32,1788163272686877781
lidar,1788163272687163888
lidar,1788163272784649680
esp32,1788163272786520897
lidar,1788163272884762829
esp32,1788163272886598805
lidar,1788163272983952393
esp32,1788163272986249492
lidar,1788163273084247420
esp32,1788163273086608444
lidar,1788163273183672945
esp32,1788163273186252189
lidar,1788163273283206034
esp32,1788163273286646571
lidar,1788163273382988862
esp32,1788163273386600652
lidar,1788163273482442155
esp32,1788163273486167996
lidar,1788163273582033026
esp32,1788163273586237838
lidar,1788163273682778312
esp32,1788163273686248253
lidar,1788163273781731269
esp32,1788163273786047054
lidar,1788163273881301225
esp32,1788163273886390097
lidar,1788163273980943157
esp32,1788163273986036136
lidar,1788163274080947967
esp32,1788163274085930349
lidar,1788163274180516835
esp32,1788163274186427383
lidar,1788163274282290747
esp32,1788163274286001961
lidar,1788163274380014766
esp32,1788163274385379456
lidar,1788163274480331029
esp32,1788163274485027292
lidar,1788163274581001158
esp32,1788163274586159475
lidar,1788163274680945273
esp32,1788163274686170146
lidar,1788163274784079485
esp32,1788163274786491629
lidar,1788163274881634744
esp32,1788163274886421311
lidar,1788163274981844635
esp32,1788163274986142139
lidar,1788163275081940023
esp32,1788163275086146600
lidar,1788163275182544921
esp32,1788163275186308352
lidar,1788163275282335162
esp32,1788163275286098776
lidar,1788163275382190256
esp32,1788163275386103605
lidar,1788163275482035224
esp32,1788163275486236749
lidar,1788163275582130216
esp32,1788163275586223861
lidar,1788163275681703369
esp32,1788163275686493887
lidar,1788163275781324200
esp32,1788163275785991076
lidar,1788163275882825137
esp32,1788163275886200634
lidar,1788163275980677734
esp32,1788163275986070401
lidar,1788163276080538615
esp32,1788163276086379389
lidar,1788163276179963575
esp32,1788163276186628205
lidar,1788163276280102952
esp32,1788163276286405655
lidar,1788163276379499078
esp32,1788163276386250160
lidar,1788163276478823421
esp32,1788163276486194911
lidar,1788163276578027272
esp32,1788163276586204640
lidar,1788163276681114090
esp32,1788163276686306362
lidar,1788163276777847918
esp32,1788163276786147560
lidar,1788163276877433347
esp32,1788163276885138750
lidar,1788163276977971271
esp32,1788163276985106635
lidar,1788163277078264527
esp32,1788163277085076983
lidar,1788163277179399628
esp32,1788163277186060044
lidar,1788163277279825293
esp32,1788163277286029509
lidar,1788163277380752584
esp32,1788163277386335742
lidar,1788163277480737617
esp32,1788163277485892073
lidar,1788163277580983693
esp32,1788163277585891750
lidar,1788163277680707814
esp32,1788163277686195363
lidar,1788163277780425171
esp32,1788163277785991902
lidar,1788163277880723017
esp32,1788163277886003463
lidar,1788163277981515321
esp32,1788163277986411745
lidar,1788163278079972758
esp32,1788163278085980023
lidar,1788163278179495582
esp32,1788163278186432044
lidar,1788163278279594438
esp32,1788163278286289877
lidar,1788163278379337214
esp32,1788163278386280924
lidar,1788163278480777807
esp32,1788163278486041556
lidar,1788163278578602658
esp32,1788163278586303546
lidar,1788163278678647850
esp32,1788163278686204409
lidar,1788163278778129899
esp32,1788163278786029295
lidar,1788163278879227987
esp32,1788163278886215911
lidar,1788163278978292031
esp32,1788163278986151670
lidar,1788163279077819505
esp32,1788163279086273140
lidar,1788163279177493531
esp32,1788163279186413797
lidar,1788163279277988007
esp32,1788163279286362872
lidar,1788163279376987916
esp32,1788163279386417090
lidar,1788163279476703619
esp32,1788163279486125843
lidar,1788163279577145143
esp32,1788163279586184093
lidar,1788163279676913174
esp32,1788163279686342637
lidar,1788163279777495931
esp32,1788163279785975322
lidar,1788163279877704034
esp32,1788163279886373759
lidar,1788163279978383114
esp32,1788163279986205799
lidar,1788163280080618661
esp32,1788163280086090075
lidar,1788163280178752294
esp32,1788163280186303857
lidar,1788163280279195728
esp32,1788163280285986127
lidar,1788163280379417147
esp32,1788163280386057621
lidar,1788163280478906648
esp32,1788163280485998460
lidar,1788163280578839931
esp32,1788163280586122912
lidar,1788163280679060326
esp32,1788163280686065099
lidar,1788163280778241959
esp32,1788163280785124314
lidar,1788163280879433177
esp32,1788163280885997253
lidar,1788163280977528443
esp32,1788163280986257012
lidar,1788163281079121377
esp32,1788163281086403943
lidar,1788163281177449770
esp32,1788163281186404867
lidar,1788163281277105042
esp32,1788163281285958319
lidar,1788163281376969146
esp32,1788163281386213803
lidar,1788163281477152303
esp32,1788163281486101920
lidar,1788163281577014849
esp32,1788163281585938887
lidar,1788163281677491523
esp32,1788163281686344806
lidar,1788163281778056995
esp32,1788163281786037004
lidar,1788163281878724203
esp32,1788163281886015585
lidar,1788163281978904372
esp32,1788163281986047318
lidar,1788163282079289352
esp32,1788163282086032390
lidar,1788163282178433466
esp32,1788163282185180935
lidar,1788163282279285077
esp32,1788163282285372522
lidar,1788163282378602624
esp32,1788163282385319080
lidar,1788163282479115223
esp32,1788163282486794453
lidar,1788163282578643946
esp32,1788163282586031295
lidar,1788163282679153467
esp32,1788163282686572013
lidar,1788163282778098958
esp32,1788163282786293126
lidar,1788163282877662720
esp32,1788163282886266505
lidar,1788163282976888971
esp32,1788163282986713396
lidar,1788163283077690641
esp32,1788163283086120548
lidar,1788163283176097840
esp32,1788163283186497204
lidar,1788163283276019491
esp32,1788163283286403918
lidar,1788163283375785941
esp32,1788163283386266600
lidar,1788163283475415590
esp32,1788163283486505899
lidar,1788163283575088169
esp32,1788163283586207835
lidar,1788163283675190796
esp32,1788163283686623402
lidar,1788163283775785207
esp32,1788163283786214019
lidar,1788163283876169592
esp32,1788163283886541738
lidar,1788163283976604486
esp32,1788163283986637636
lidar,1788163284078076621
esp32,1788163284085914736
lidar,1788163284178499831
esp32,1788163284186028880
lidar,1788163284279004002
esp32,1788163284286277197
lidar,1788163284377118995
esp32,1788163284386582125
lidar,1788163284477005980
esp32,1788163284486184535
lidar,1788163284576640660
esp32,1788163284586555217
lidar,1788163284676564742
esp32,1788163284686850833
lidar,1788163284775971920
esp32,1788163284786259137
lidar,1788163284875623451
esp32,1788163284886086081
lidar,1788163284975282838
esp32,1788163284986069728
lidar,1788163285077304702
esp32,1788163285086439564
lidar,1788163285174737417
esp32,1788163285186549470
lidar,1788163285274359267
esp32,1788163285286361277
lidar,1788163285374523614
esp32,1788163285386253561
lidar,1788163285475252403
esp32,1788163285486416790
lidar,1788163285575759900
esp32,1788163285586265075
lidar,1788163285676321653
esp32,1788163285686621324
lidar,1788163285777301187
esp32,1788163285786486149
lidar,1788163285877879930
esp32,1788163285887041458
lidar,1788163285978407877
esp32,1788163285987015322
lidar,1788163286079150276
esp32,1788163286086996577
lidar,1788163286178871200
esp32,1788163286186755224
lidar,1788163286278607881
esp32,1788163286286474217
lidar,1788163286379359711
esp32,1788163286386827355
lidar,1788163286478958578
esp32,1788163286486663224
lidar,1788163286578213432
esp32,1788163286586181871
lidar,1788163286680226645
esp32,1788163286686718709
lidar,1788163286778213337
esp32,1788163286786738148
lidar,1788163286878004738
esp32,1788163286885445319
lidar,1788163286979788426
esp32,1788163286985150890
lidar,1788163287076701663
esp32,1788163287085250527
lidar,1788163287176337522
esp32,1788163287186296278
lidar,1788163287276206449
esp32,1788163287286784686
lidar,1788163287378162566
esp32,1788163287386700201
lidar,1788163287475947549
esp32,1788163287486886893
lidar,1788163287576133559
esp32,1788163287586961552
lidar,1788163287676109566
esp32,1788163287687060997
lidar,1788163287776408756
esp32,1788163287786324660
lidar,1788163287876841141
esp32,1788163287886282577
lidar,1788163287977450845
esp32,1788163287986299069
lidar,1788163288078166352
esp32,1788163288086247811
lidar,1788163288178934875
esp32,1788163288186576031
lidar,1788163288279218311
esp32,1788163288286375045
lidar,1788163288379289424
esp32,1788163288386399575
lidar,1788163288479617161
esp32,1788163288486368386
lidar,1788163288579878844
esp32,1788163288586413376
lidar,1788163288679289992
esp32,1788163288686398407
lidar,1788163288779030012
esp32,1788163288786351856
lidar,1788163288878648355
esp32,1788163288886087055
lidar,1788163288978333784
esp32,1788163288986324295
lidar,1788163289077942743
esp32,1788163289086923464
lidar,1788163289178257197
esp32,1788163289186792081
lidar,1788163289277384613
esp32,1788163289286548726
lidar,1788163289378140886
esp32,1788163289386603304
lidar,1788163289480260641
esp32,1788163289486692534
lidar,1788163289577911376
esp32,1788163289586376958
lidar,1788163289676770231
esp32,1788163289686741742
lidar,1788163289776567262
esp32,1788163289786247211
lidar,1788163289876651526
esp32,1788163289886451258
lidar,1788163289976405841
esp32,1788163289986310171
lidar,1788163290077537295
esp32,1788163290086616372
lidar,1788163290176367747
esp32,1788163290186498593
lidar,1788163290276929932
esp32,1788163290286266096
lidar,1788163290377752885
esp32,1788163290386442253
lidar,1788163290477772534
esp32,1788163290486258041
lidar,1788163290578550985
esp32,1788163290586551357
lidar,1788163290678494198
esp32,1788163290686826515
lidar,1788163290778229319
esp32,1788163290786661385
lidar,1788163290878196849
esp32,1788163290886723297
lidar,1788163290978405523
esp32,1788163290986032362
lidar,1788163291078125161
esp32,1788163291086250416
lidar,1788163291178610549
esp32,1788163291186152741
lidar,1788163291280735437
esp32,1788163291286246829
lidar,1788163291377735385
esp32,1788163291386074940
lidar,1788163291477654073
esp32,1788163291486320175
lidar,1788163291577333608
esp32,1788163291586172692
lidar,1788163291679621841
esp32,1788163291686368632
lidar,1788163291776925068
esp32,1788163291786223241
lidar,1788163291876247921
esp32,1788163291886771642
lidar,1788163291976320481
esp32,1788163291987048309
lidar,1788163292076703256
esp32,1788163292086794432
lidar,1788163292175532265
esp32,1788163292185256019
lidar,1788163292275699115
esp32,1788163292285221440
lidar,1788163292375382026
esp32,1788163292385237775
lidar,1788163292475657237
esp32,1788163292486954294
lidar,1788163292575716687
esp32,1788163292586191657
lidar,1788163292675706055
esp32,1788163292686333416
lidar,1788163292775301908
esp32,1788163292786195210
lidar,1788163292875170825
esp32,1788163292886266383
lidar,1788163292974682112
esp32,1788163292986508829
lidar,1788163293077554269
esp32,1788163293086746384
lidar,1788163293174548017
esp32,1788163293186829745
lidar,1788163293274192428
esp32,1788163293286793115
lidar,1788163293373753048
esp32,1788163293386670976
lidar,1788163293473569856
esp32,1788163293486819669
lidar,1788163293576651182
esp32,1788163293586824658
lidar,1788163293672978617
esp32,1788163293687171050
lidar,1788163293772728698
esp32,1788163293786890933
lidar,1788163293873016883
esp32,1788163293886809393
lidar,1788163293973263798
esp32,1788163293986868468
lidar,1788163294073784658
esp32,1788163294086728339
lidar,1788163294174564702
esp32,1788163294186910869
lidar,1788163294274975014
esp32,1788163294286552222
lidar,1788163294375892608
esp32,1788163294386715314
lidar,1788163294475490294
esp32,1788163294486966728
lidar,1788163294575983360
esp32,1788163294586824322
lidar,1788163294675604869
esp32,1788163294686951066
lidar,1788163294775506108
esp32,1788163294786942644
lidar,1788163294875222106
esp32,1788163294886534951
lidar,1788163294974862083
esp32,1788163294985323027
lidar,1788163295074506994
esp32,1788163295086756756
lidar,1788163295183662736
esp32,1788163295187152167
lidar,1788163295298160884
esp32,1788163295306116848
lidar,1788163295378936003
esp32,1788163295386269745
lidar,1788163295473416122
esp32,1788163295486379937
lidar,1788163295573503903
esp32,1788163295586274102
lidar,1788163295673400530
esp32,1788163295686694242
lidar,1788163295775073980
esp32,1788163295787260477
lidar,1788163295873563688
esp32,1788163295886150548
lidar,1788163295973885347
esp32,1788163295986352251
lidar,1788163296077672564
esp32,1788163296086006356
lidar,1788163296174662863
esp32,1788163296186315031
lidar,1788163296275127033
esp32,1788163296306051234
lidar,1788163296375591982
esp32,1788163296386511851
lidar,1788163296476099747
esp32,1788163296486588782
lidar,1788163296576487258
esp32,1788163296586635888
lidar,1788163296676347013
esp32,1788163296686528679
lidar,1788163296776429860
esp32,1788163296785368155
lidar,1788163296876344043
esp32,1788163296885279246
lidar,1788163296976044992
esp32,1788163296985170613
lidar,1788163297075720621
esp32,1788163297085213840
lidar,1788163297176012620
esp32,1788163297186496777
lidar,1788163297275585545
esp32,1788163297286481910
lidar,1788163297375216231
esp32,1788163297386594402
lidar,1788163297474982720
esp32,1788163297486706405
lidar,1788163297574986268
esp32,1788163297586777681
lidar,1788163297674630980
esp32,1788163297686558101
lidar,1788163297776207085
esp32,1788163297786245285
lidar,1788163297881206385
esp32,1788163297886140282
lidar,1788163297975858956
esp32,1788163298006183195
lidar,1788163298074216414
esp32,1788163298105451911
lidar,1788163298173079030
esp32,1788163298186414440
lidar,1788163298273420511
esp32,1788163298286530654
lidar,1788163298373645674
esp32,1788163298386348918
lidar,1788163298473999398
esp32,1788163298486663959
lidar,1788163298574572208
esp32,1788163298586228799
lidar,1788163298674828469
esp32,1788163298686402145
lidar,1788163298775687887
esp32,1788163298786273912
lidar,1788163298876255000
esp32,1788163298886343347
lidar,1788163298976257300
esp32,1788163298986712547
lidar,1788163299077928588
esp32,1788163299086186046
lidar,1788163299175859318
esp32,1788163299186388543
lidar,1788163299276103884
esp32,1788163299286270408
lidar,1788163299376006811
esp32,1788163299386718664
lidar,1788163299475538535
esp32,1788163299486586558
lidar,1788163299577715838
esp32,1788163299586497555
lidar,1788163299679767142
esp32,1788163299686398176
lidar,1788163299774122118
esp32,1788163299786557817
lidar,1788163299874412500
esp32,1788163299886695750
lidar,1788163299974100125
esp32,1788163299986513441
lidar,1788163300078542016
esp32,1788163300086511351
lidar,1788163300173247867
esp32,1788163300187005515
lidar,1788163300272882946
esp32,1788163300286770167
lidar,1788163300372984097
esp32,1788163300387065423
lidar,1788163300473426979
esp32,1788163300506155353
lidar,1788163300572887248
esp32,1788163300586631338
lidar,1788163300672591316
esp32,1788163300686647726
lidar,1788163300772688989
esp32,1788163300786375997
lidar,1788163300872748925
esp32,1788163300886278028
lidar,1788163300972843893
esp32,1788163300986392605
lidar,1788163301072953966
esp32,1788163301085287599
lidar,1788163301175052833
esp32,1788163301185397815
lidar,1788163301273596438
esp32,1788163301286402897
lidar,1788163301374072464
esp32,1788163301386646619
lidar,1788163301473883945
esp32,1788163301486959008
lidar,1788163301573479634
esp32,1788163301586598871
lidar,1788163301673195380
esp32,1788163301687055973
lidar,1788163301773510502
esp32,1788163301786870746
lidar,1788163301873403553
esp32,1788163301886718960
lidar,1788163301981781898
esp32,1788163301986720760
lidar,1788163302083848424
esp32,1788163302086632725
lidar,1788163302172298637
esp32,1788163302185333490
lidar,1788163302271098423
esp32,1788163302285292741
lidar,1788163302370908675
esp32,1788163302405446314
lidar,1788163302470989493
esp32,1788163302486787962
lidar,1788163302570928470
esp32,1788163302586736499
lidar,1788163302671433760
esp32,1788163302686931567
lidar,1788163302770105294
esp32,1788163302786909443
lidar,1788163302870007398
esp32,1788163302886720167
lidar,1788163302969740536
esp32,1788163302987005111
lidar,1788163303069521461
esp32,1788163303086960679
lidar,1788163303169678550
esp32,1788163303186655751
lidar,1788163303270691303
esp32,1788163303286680969
lidar,1788163303370713461
esp32,1788163303386897663
lidar,1788163303470910291
esp32,1788163303486701731
lidar,1788163303571190097
esp32,1788163303586696004
lidar,1788163303673972036
esp32,1788163303687063967
lidar,1788163303774030081
esp32,1788163303786838779
lidar,1788163303878001896
esp32,1788163303886598196
lidar,1788163303972973764
esp32,1788163303986792557
lidar,1788163304073354979
esp32,1788163304086805450
lidar,1788163304172924496
esp32,1788163304186674312
lidar,1788163304274349410
esp32,1788163304286839297
lidar,1788163304373277076
esp32,1788163304386843084
lidar,1788163304472746721
esp32,1788163304486671135
lidar,1788163304572992764
esp32,1788163304587122016
lidar,1788163304672518472
esp32,1788163304686657249
lidar,1788163304772046076
esp32,1788163304786559971
lidar,1788163304870872370
esp32,1788163304886227010
lidar,1788163304969954024
esp32,1788163304986212783
lidar,1788163305069236491
esp32,1788163305086277485
lidar,1788163305168753679
esp32,1788163305185333637
lidar,1788163305266675944
esp32,1788163305286857886
lidar,1788163305365868168
esp32,1788163305386911056
lidar,1788163305465261018
esp32,1788163305486773914
lidar,1788163305565052663
esp32,1788163305586909557
lidar,1788163305664535911
esp32,1788163305687051708
lidar,1788163305764873315
esp32,1788163305786792862
lidar,1788163305864632441
esp32,1788163305886882691
lidar,1788163305966596644
esp32,1788163305986293519
lidar,1788163306064898367
esp32,1788163306086392416
lidar,1788163306163790646
esp32,1788163306186413334
lidar,1788163306263666129
esp32,1788163306286590060
lidar,1788163306363536125
esp32,1788163306386532298
lidar,1788163306462919199
esp32,1788163306487172113
lidar,1788163306562388622
esp32,1788163306586857731
lidar,1788163306662336551
esp32,1788163306686998294
lidar,1788163306762940603
esp32,1788163306786876875
lidar,1788163306862955849
esp32,1788163306885326357
lidar,1788163306962572794
esp32,1788163306985220152
lidar,1788163307062785098
esp32,1788163307085337884
lidar,1788163307162862243
esp32,1788163307186281025
lidar,1788163307263919834
esp32,1788163307286927398
lidar,1788163307365605277
esp32,1788163307386377428
lidar,1788163307464481351
esp32,1788163307486147927
lidar,1788163307564629291
esp32,1788163307586252131
lidar,1788163307665006569
esp32,1788163307686695170
lidar,1788163307764139092
esp32,1788163307786112856
lidar,1788163307865158471
esp32,1788163307886292134
lidar,1788163307973481082
esp32,1788163307986346583
lidar,1788163308063385078
esp32,1788163308086100213
lidar,1788163308165775224
esp32,1788163308186337870
lidar,1788163308262808446
esp32,1788163308286853628
lidar,1788163308363014042
esp32,1788163308386568668
lidar,1788163308462115865
esp32,1788163308486548215
lidar,1788163308561776153
esp32,1788163308586699646
lidar,1788163308661236131
esp32,1788163308686727153
lidar,1788163308761118520
esp32,1788163308786668201
lidar,1788163308861071577
esp32,1788163308886098168
lidar,1788163308961136673
esp32,1788163308986265467
lidar,1788163309061422335
esp32,1788163309086715817
lidar,1788163309162233292
esp32,1788163309186428101
lidar,1788163309264625635
esp32,1788163309286666340
lidar,1788163309362769386
esp32,1788163309386525865
lidar,1788163309463025863
esp32,1788163309486254746
lidar,1788163309563436179
esp32,1788163309586406701
lidar,1788163309663781403
esp32,1788163309686571587
lidar,1788163309763988770
esp32,1788163309786393091
lidar,1788163309863817163
esp32,1788163309886258277
lidar,1788163309963704685
esp32,1788163309986514973
lidar,1788163310063681677
esp32,1788163310086401742
lidar,1788163310164869619
esp32,1788163310185515454
lidar,1788163310263142045
esp32,1788163310286417713
lidar,1788163310362926716
esp32,1788163310386431620
lidar,1788163310462023722
esp32,1788163310486498944
lidar,1788163310561976223
esp32,1788163310586204295
lidar,1788163310661534271
esp32,1788163310686518867
lidar,1788163310761295160
esp32,1788163310786356573
lidar,1788163310861110284
esp32,1788163310886405647
lidar,1788163310960894992
esp32,1788163310986251290
lidar,1788163311060887691
esp32,1788163311086617867
lidar,1788163311160512594
esp32,1788163311186485237
lidar,1788163311260055311
esp32,1788163311286223631
lidar,1788163311359703600
esp32,1788163311385738170
lidar,1788163311460144585
esp32,1788163311486791775
lidar,1788163311560411811
esp32,1788163311587122330
lidar,1788163311660865352
esp32,1788163311686876207
lidar,1788163311761953974
esp32,1788163311786677196
lidar,1788163311863805218
esp32,1788163311886679881
lidar,1788163311962256894
esp32,1788163311986829265
lidar,1788163312063097243
esp32,1788163312086877983
lidar,1788163312163121540
esp32,1788163312185141825
lidar,1788163312265195750
esp32,1788163312285203178
lidar,1788163312363884663
esp32,1788163312385287510
lidar,1788163312466654872
esp32,1788163312486284383
lidar,1788163312564109261
esp32,1788163312587268071
lidar,1788163312664057303
esp32,1788163312686491013
lidar,1788163312763834169
esp32,1788163312786230348
lidar,1788163312863590723
esp32,1788163312886170548
lidar,1788163312963329425
esp32,1788163312986454740
lidar,1788163313063015971
esp32,1788163313086369745
lidar,1788163313162505166
esp32,1788163313186267108
lidar,1788163313261754509
esp32,1788163313306032678
lidar,1788163313361551478
esp32,1788163313386267227
lidar,1788163313462884930
esp32,1788163313486054924
lidar,1788163313561567211
esp32,1788163313586286099
lidar,1788163313660681193
esp32,1788163313686544668
lidar,1788163313760431568
esp32,1788163313786636846
lidar,1788163313860397991
esp32,1788163313886218112
lidar,1788163313961081296
esp32,1788163313986729993
lidar,1788163314065776587
esp32,1788163314086746541
lidar,1788163314160441572
esp32,1788163314186786094
lidar,1788163314261362409
esp32,1788163314286434218
lidar,1788163314359973397
esp32,1788163314386523190
lidar,1788163314460730076
esp32,1788163314486323592
lidar,1788163314560895850
esp32,1788163314586556019
lidar,1788163314660975532
esp32,1788163314686428818
lidar,1788163314761311285
esp32,1788163314786742816
lidar,1788163314861969847
esp32,1788163314886567873
lidar,1788163314962654125
esp32,1788163314986625838
lidar,1788163315063049523
esp32,1788163315086347724
lidar,1788163315163121728
esp32,1788163315186547190
lidar,1788163315263161413
esp32,1788163315285496847
lidar,1788163315362925800
esp32,1788163315386509253
lidar,1788163315462657942
esp32,1788163315486870313
lidar,1788163315562898918
esp32,1788163315587011040
lidar,1788163315662689093
esp32,1788163315687057608
lidar,1788163315762495469
esp32,1788163315786975492
lidar,1788163315862133599
esp32,1788163315886713802
lidar,1788163315961946505
esp32,1788163315986420551
lidar,1788163316062136561
esp32,1788163316086567495
lidar,1788163316164487457
esp32,1788163316186349694
lidar,1788163316261791684
esp32,1788163316286331606
lidar,1788163316361598529
esp32,1788163316386192225
lidar,1788163316465760973
esp32,1788163316486582765
lidar,1788163316562448195
esp32,1788163316586099947
lidar,1788163316660862269
esp32,1788163316686724787
lidar,1788163316760456131
esp32,1788163316786233463
lidar,1788163316860436475
esp32,1788163316885217230
lidar,1788163316959208633
esp32,1788163316985208623
lidar,1788163317059668479
esp32,1788163317085231152
lidar,1788163317159963369
esp32,1788163317186252251
lidar,1788163317260692846
esp32,1788163317286233660
lidar,1788163317360969355
esp32,1788163317386586606
lidar,1788163317461253877
esp32,1788163317486396668
lidar,1788163317561928901
esp32,1788163317586411489
lidar,1788163317662016496
esp32,1788163317686748349
lidar,1788163317763729787
esp32,1788163317787259004
lidar,1788163317862685372
esp32,1788163317886583691
lidar,1788163317962331867
esp32,1788163317986679285
lidar,1788163318062372090
esp32,1788163318086611327
lidar,1788163318162073387
esp32,1788163318186487463
lidar,1788163318261921991
esp32,1788163318286397354
lidar,1788163318361775933
esp32,1788163318386320579
lidar,1788163318461524245
esp32,1788163318486378434
lidar,1788163318561788482
esp32,1788163318586284193
lidar,1788163318660365140
esp32,1788163318686406461
lidar,1788163318760257303
esp32,1788163318786586008
lidar,1788163318859955675
esp32,1788163318886161315
lidar,1788163318959435887
esp32,1788163318986207526
lidar,1788163319059435421
esp32,1788163319086401001
lidar,1788163319158995697
esp32,1788163319187040670
lidar,1788163319259773200
esp32,1788163319286340439
lidar,1788163319358426527
esp32,1788163319386308546
lidar,1788163319459479565
esp32,1788163319486264318
lidar,1788163319559477500
esp32,1788163319586561766
lidar,1788163319660187309
esp32,1788163319687043037
lidar,1788163319760523061
esp32,1788163319786297889
lidar,1788163319861742923
esp32,1788163319887027966
lidar,1788163319961765783
esp32,1788163319986481876
lidar,1788163320062342679
esp32,1788163320086192439
lidar,1788163320162615610
esp32,1788163320186749789
lidar,1788163320262655680
esp32,1788163320286323776
lidar,1788163320362673006
esp32,1788163320386271920
lidar,1788163320461926837
esp32,1788163320486219437
lidar,1788163320561979213
esp32,1788163320586297664
lidar,1788163320661704095
esp32,1788163320686335651
lidar,1788163320761309070
esp32,1788163320806227220
lidar,1788163320863752153
esp32,1788163320886296233
lidar,1788163320960682206
esp32,1788163320986315314
lidar,1788163321060189848
esp32,1788163321086236219
lidar,1788163321160451076
esp32,1788163321186621723
lidar,1788163321260320085
esp32,1788163321286244908
lidar,1788163321360741669
esp32,1788163321385469460
lidar,1788163321461030834
esp32,1788163321486132093
lidar,1788163321561421570
esp32,1788163321586206089
lidar,1788163321661978508
esp32,1788163321686564171
lidar,1788163321762695074
esp32,1788163321786225471
lidar,1788163321862717538
esp32,1788163321886317058
lidar,1788163321963045010
esp32,1788163321986353654
lidar,1788163322065105207
esp32,1788163322086336253
lidar,1788163322162737017
esp32,1788163322185270420
lidar,1788163322261817104
esp32,1788163322285347207
lidar,1788163322362172223
esp32,1788163322385233460
lidar,1788163322462494455
esp32,1788163322486200192
lidar,1788163322562579138
esp32,1788163322586216321
lidar,1788163322662236641
esp32,1788163322686393493
lidar,1788163322762080586
esp32,1788163322786571981
lidar,1788163322862704876
esp32,1788163322886382456
lidar,1788163322961361217
esp32,1788163322986707766
lidar,1788163323061311923
esp32,1788163323086419059
lidar,1788163323161116479
esp32,1788163323186520821
lidar,1788163323260856290
esp32,1788163323286611536
lidar,1788163323360735758
esp32,1788163323386547657
lidar,1788163323461276885
esp32,1788163323486204744
lidar,1788163323560589053
esp32,1788163323586654985
lidar,1788163323660421697
esp32,1788163323686851670
lidar,1788163323760138341
esp32,1788163323786215174
lidar,1788163323860014370
esp32,1788163323886559341
lidar,1788163323959601039
esp32,1788163323986544483
lidar,1788163324059785886
esp32,1788163324086860717
lidar,1788163324158577966
esp32,1788163324186834808
lidar,1788163324258664889
esp32,1788163324286706596
lidar,1788163324359627274
esp32,1788163324386318186
lidar,1788163324459663619
esp32,1788163324486422291
lidar,1788163324561155270
esp32,1788163324586246488
lidar,1788163324660303060
esp32,1788163324686744037
lidar,1788163324760579440
esp32,1788163324786349865
lidar,1788163324861106664
esp32,1788163324886648662
lidar,1788163324961350648
esp32,1788163324986374782
lidar,1788163325061753967
esp32,1788163325087361036
lidar,1788163325164523905
esp32,1788163325186583378
lidar,1788163325260556358
esp32,1788163325286300309
lidar,1788163325360166224
esp32,1788163325387237398
lidar,1788163325459767990
esp32,1788163325486353229
lidar,1788163325558942532
esp32,1788163325586302627
lidar,1788163325658593700
esp32,1788163325686773743
lidar,1788163325758328866
esp32,1788163325786518167
lidar,1788163325857967522
esp32,1788163325886145600
lidar,1788163325957237575
esp32,1788163325986316620
lidar,1788163326058623609
esp32,1788163326086521213
lidar,1788163326157208623
esp32,1788163326186732087
lidar,1788163326257077334
esp32,1788163326285312676
lidar,1788163326357602183
esp32,1788163326385240969
lidar,1788163326457816393
esp32,1788163326485451273
lidar,1788163326558841970
esp32,1788163326586146814
lidar,1788163326659177863
esp32,1788163326686687763
lidar,1788163326759776892
esp32,1788163326786407371
lidar,1788163326860234090
esp32,1788163326885621866
lidar,1788163326959672679
esp32,1788163326985219844
lidar,1788163327061337532
esp32,1788163327085255978
lidar,1788163327158758392
esp32,1788163327186718450
lidar,1788163327259688532
esp32,1788163327286568882
lidar,1788163327358249989
esp32,1788163327386851682
lidar,1788163327457858048
esp32,1788163327485457164
lidar,1788163327557342173
esp32,1788163327587051712
lidar,1788163327657096466
esp32,1788163327687035475
lidar,1788163327756888695
esp32,1788163327786955346
lidar,1788163327856546501
esp32,1788163327886240075
lidar,1788163327956089220
esp32,1788163327986362224
lidar,1788163328056170994
esp32,1788163328086619354
lidar,1788163328156589361
esp32,1788163328186532953
lidar,1788163328256999410
esp32,1788163328286620413
lidar,1788163328357124337
esp32,1788163328386443142
lidar,1788163328457424502
esp32,1788163328486291990
lidar,1788163328557849162
esp32,1788163328585977417
lidar,1788163328658650394
esp32,1788163328686683625
lidar,1788163328759633983
esp32,1788163328786452408
lidar,1788163328862312836
esp32,1788163328886240667
lidar,1788163328959852656
esp32,1788163328986404388
lidar,1788163329059900741
esp32,1788163329086518930
lidar,1788163329160792200
esp32,1788163329186657018
lidar,1788163329260333276
esp32,1788163329286553719
lidar,1788163329359560493
esp32,1788163329386359825
lidar,1788163329459656137
esp32,1788163329486223957
lidar,1788163329559113989
esp32,1788163329586488052
lidar,1788163329658398720
esp32,1788163329686577675
lidar,1788163329758180142
esp32,1788163329786362828
lidar,1788163329857976685
esp32,1788163329886512385
lidar,1788163329957818819
esp32,1788163329987066989
lidar,1788163330057454186
esp32,1788163330086394152
lidar,1788163330157902692
esp32,1788163330186454667
lidar,1788163330257423437
esp32,1788163330286286100
lidar,1788163330358913005
esp32,1788163330386512512
lidar,1788163330456943536
esp32,1788163330486393465
lidar,1788163330556892375
esp32,1788163330586528656
lidar,1788163330657536529
esp32,1788163330686549847
lidar,1788163330757552062
esp32,1788163330786705395
lidar,1788163330858016528
esp32,1788163330886352156
lidar,1788163330958357664
esp32,1788163330986329535
lidar,1788163331058800076
esp32,1788163331086543940
lidar,1788163331159368464
esp32,1788163331187083357
lidar,1788163331260067688
esp32,1788163331286601429
lidar,1788163331362294137
esp32,1788163331386845338
lidar,1788163331460118784
esp32,1788163331486684016
lidar,1788163331559362088
esp32,1788163331585962957
lidar,1788163331659205938
esp32,1788163331686666466
lidar,1788163331758840635
esp32,1788163331786363840
lidar,1788163331858718265
esp32,1788163331886240542
lidar,1788163331958517648
esp32,1788163331986670977
lidar,1788163332058116168
esp32,1788163332086356045
lidar,1788163332157628992
esp32,1788163332185228970
lidar,1788163332256748708
esp32,1788163332285319633
lidar,1788163332356259801
esp32,1788163332385553347
lidar,1788163332456425539
esp32,1788163332486448568
lidar,1788163332556886131
esp32,1788163332586390267
lidar,1788163332657296973
esp32,1788163332686764457
lidar,1788163332757371629
esp32,1788163332786489590
lidar,1788163332858430038
esp32,1788163332886556361
lidar,1788163332958123874
esp32,1788163332986394010
lidar,1788163333060526145
esp32,1788163333086642059
lidar,1788163333158642786
esp32,1788163333186603850
lidar,1788163333258802333
esp32,1788163333286789215
lidar,1788163333358230223
esp32,1788163333386431982
lidar,1788163333458700727
esp32,1788163333486371194
lidar,1788163333560095070
esp32,1788163333585218450
lidar,1788163333656876236
esp32,1788163333686622515
lidar,1788163333757738862
esp32,1788163333786835719
lidar,1788163333856622211
esp32,1788163333886624867
lidar,1788163333956176584
esp32,1788163333986837722
lidar,1788163334056103207
esp32,1788163334086437640
lidar,1788163334155705269
esp32,1788163334186949866
lidar,1788163334255706786
esp32,1788163334286620501
lidar,1788163334356288864
esp32,1788163334386428557
lidar,1788163334456325880
esp32,1788163334486414043
lidar,1788163334557386180
esp32,1788163334586401024
lidar,1788163334659696160
esp32,1788163334686806700
lidar,1788163334757521359
esp32,1788163334786780433
lidar,1788163334857895523
esp32,1788163334886892860
lidar,1788163334958149318
esp32,1788163334986849811
lidar,1788163335058067868
esp32,1788163335086225092
lidar,1788163335157830588
esp32,1788163335186652380
lidar,1788163335257668592
esp32,1788163335286611444
lidar,1788163335357284180
esp32,1788163335386400517
lidar,1788163335458600342
esp32,1788163335486271069
lidar,1788163335556412168
esp32,1788163335586316694
lidar,1788163335655890369
esp32,1788163335686853292
lidar,1788163335755657536
esp32,1788163335786733938
lidar,1788163335855089260
esp32,1788163335886710502
lidar,1788163335954874388
esp32,1788163335986278207
lidar,1788163336054587646
esp32,1788163336086281935
lidar,1788163336154136977
esp32,1788163336186786870
lidar,1788163336254284689
esp32,1788163336286124351
lidar,1788163336354284720
esp32,1788163336387170683
lidar,1788163336454249804
esp32,1788163336486392022
lidar,1788163336554489036
esp32,1788163336586381231
lidar,1788163336655235165
esp32,1788163336687064325
lidar,1788163336755692929
esp32,1788163336786087589
lidar,1788163336856417196
esp32,1788163336885244551
lidar,1788163336956715742
esp32,1788163336985240863
lidar,1788163337064663799
esp32,1788163337085589399
lidar,1788163337156913991
esp32,1788163337185496925
lidar,1788163337259216435
esp32,1788163337286283641
lidar,1788163337356626599
esp32,1788163337386486337
lidar,1788163337456386612
esp32,1788163337486403658
lidar,1788163337555797007
esp32,1788163337586087826
lidar,1788163337656657105
esp32,1788163337686602369
lidar,1788163337755555453
esp32,1788163337786397321
lidar,1788163337855488281
esp32,1788163337886287033
lidar,1788163337954977482
esp32,1788163337986649063
lidar,1788163338055927867
esp32,1788163338086475249
lidar,1788163338154193179
esp32,1788163338186370591
lidar,1788163338253905117
esp32,1788163338286331264
lidar,1788163338353729726
esp32,1788163338386452457
lidar,1788163338453665433
esp32,1788163338486303431
lidar,1788163338553874888
esp32,1788163338586499904
lidar,1788163338654099142
esp32,1788163338686690981
lidar,1788163338756282687
esp32,1788163338786544233
lidar,1788163338854623039
esp32,1788163338886881090
lidar,1788163338954731976
esp32,1788163338986431936
lidar,1788163339055306691
esp32,1788163339086541390
lidar,1788163339155763038
esp32,1788163339186749154
lidar,1788163339256214104
esp32,1788163339286493202
lidar,1788163339356404820
esp32,1788163339387043961
lidar,1788163339456335490
esp32,1788163339486477589
lidar,1788163339555988282
esp32,1788163339586357167
lidar,1788163339657335696
esp32,1788163339685961963
lidar,1788163339758664373
esp32,1788163339786352645
lidar,1788163339857145447
esp32,1788163339886813634
lidar,1788163339955752395
esp32,1788163339986416445
lidar,1788163340055710156
esp32,1788163340086576222
lidar,1788163340155424861
esp32,1788163340186590383
lidar,1788163340255205852
esp32,1788163340286557758
lidar,1788163340354561483
esp32,1788163340386514340
lidar,1788163340454291367
esp32,1788163340487193188
lidar,1788163340553876849
esp32,1788163340586285454
lidar,1788163340653522441
esp32,1788163340686655943
lidar,1788163340753201361
esp32,1788163340786335758
lidar,1788163340852300028
esp32,1788163340886446845
lidar,1788163340952073281
esp32,1788163340986320203
lidar,1788163341051748057
esp32,1788163341086527017
lidar,1788163341151504475
esp32,1788163341186641394
lidar,1788163341252925304
esp32,1788163341286410419
lidar,1788163341351139640
esp32,1788163341386579039
lidar,1788163341450999879
esp32,1788163341486534586
lidar,1788163341551691519
esp32,1788163341586393707
lidar,1788163341652137484
esp32,1788163341686904301
lidar,1788163341753404967
esp32,1788163341786626448
lidar,1788163341855680783
esp32,1788163341886675309
lidar,1788163341953564908
esp32,1788163341986424783
lidar,1788163342053508411
esp32,1788163342086734999
lidar,1788163342153825134
esp32,1788163342185201719
lidar,1788163342252937272
esp32,1788163342285143531
lidar,1788163342353991279
esp32,1788163342385248098
lidar,1788163342452403481
esp32,1788163342487168877
lidar,1788163342552771313
esp32,1788163342586347335
lidar,1788163342652566371
esp32,1788163342686896722
lidar,1788163342751924253
esp32,1788163342786480126
lidar,1788163342851759277
esp32,1788163342886346999
lidar,1788163342954042788
esp32,1788163342986247274
lidar,1788163343051596889
esp32,1788163343086509357
lidar,1788163343151402539
esp32,1788163343186858739
lidar,1788163343251372820
esp32,1788163343286479734
lidar,1788163343350900612
esp32,1788163343386527284
lidar,1788163343450888423
esp32,1788163343486439370
lidar,1788163343550449769
esp32,1788163343586681133
lidar,1788163343650866110
esp32,1788163343686821974
lidar,1788163343752900551
esp32,1788163343786279166
lidar,1788163343850567761
esp32,1788163343886639112
lidar,1788163343949960704
esp32,1788163343986642004
lidar,1788163344050641451
esp32,1788163344086223898
lidar,1788163344149413910
esp32,1788163344186795469
lidar,1788163344249143278
esp32,1788163344286370689
lidar,1788163344349011169
esp32,1788163344386169418
lidar,1788163344449288280
esp32,1788163344486220875
lidar,1788163344549912466
esp32,1788163344586194514
lidar,1788163344650607336
esp32,1788163344686948969
lidar,1788163344750669023
esp32,1788163344786289463
lidar,1788163344851440017
esp32,1788163344886324527
lidar,1788163344951853725
esp32,1788163344986414089
lidar,1788163345052661782
esp32,1788163345086438211
lidar,1788163345152709664
esp32,1788163345187510258
lidar,1788163345252538863
esp32,1788163345286339593
lidar,1788163345352291250
esp32,1788163345386237500
lidar,1788163345452601360
esp32,1788163345486224940
lidar,1788163345553519061
esp32,1788163345585092011
lidar,1788163345652117691
esp32,1788163345686512913
lidar,1788163345751907970
esp32,1788163345786094077
lidar,1788163345851428706
esp32,1788163345886248451
lidar,1788163345951949901
esp32,1788163346006200373
lidar,1788163346050866366
esp32,1788163346086185478
lidar,1788163346150005742
esp32,1788163346186633533
lidar,1788163346250015984
esp32,1788163346286801945
lidar,1788163346349509458
esp32,1788163346386316798
lidar,1788163346449266490
esp32,1788163346486261314
lidar,1788163346550360980
esp32,1788163346586242111
lidar,1788163346648427722
esp32,1788163346686801918
lidar,1788163346748296108
esp32,1788163346786413310
lidar,1788163346847894463
esp32,1788163346885203547
lidar,1788163346947322916
esp32,1788163346985162338
lidar,1788163347050078912
esp32,1788163347085303807
lidar,1788163347147065942
esp32,1788163347186514434
lidar,1788163347247924024
esp32,1788163347286360574
lidar,1788163347348621019
esp32,1788163347386370578
lidar,1788163347448960300
esp32,1788163347486946761
lidar,1788163347549696264
esp32,1788163347586649076
lidar,1788163347649602616
esp32,1788163347686715245
lidar,1788163347750318720
esp32,1788163347786819548
lidar,1788163347850268689
esp32,1788163347886296595
lidar,1788163347951711048
esp32,1788163347987049448
lidar,1788163348053577080
esp32,1788163348086432917
lidar,1788163348151634280
esp32,1788163348186740260
lidar,1788163348249851260
esp32,1788163348286118456
lidar,1788163348349934763
esp32,1788163348386152899
lidar,1788163348449433600
esp32,1788163348486091674
lidar,1788163348549011832
esp32,1788163348586939038
lidar,1788163348650380355
esp32,1788163348686329436
lidar,1788163348749098045
esp32,1788163348786166233
lidar,1788163348849176203
esp32,1788163348886106286
lidar,1788163348948237435
esp32,1788163348986901662
lidar,1788163349047745118
esp32,1788163349086336436
lidar,1788163349147497086
esp32,1788163349186858641
lidar,1788163349247306625
esp32,1788163349286996309
lidar,1788163349346218454
esp32,1788163349386189774
lidar,1788163349446231475
esp32,1788163349486767150
lidar,1788163349546900543
esp32,1788163349586289325
lidar,1788163349646103671
esp32,1788163349686588290
lidar,1788163349746869195
esp32,1788163349786180762
lidar,1788163349846745638
esp32,1788163349886154469
lidar,1788163349947612316
esp32,1788163349986343324
lidar,1788163350051606049
esp32,1788163350086201432
lidar,1788163350150069264
esp32,1788163350186536950
lidar,1788163350249314478
esp32,1788163350286580044
lidar,1788163350349789516
esp32,1788163350386278819
lidar,1788163350450052583
esp32,1788163350486385449
lidar,1788163350550506280
esp32,1788163350586354726
lidar,1788163350650864702
esp32,1788163350686826437
lidar,1788163350750612715
esp32,1788163350787051464
lidar,1788163350850594869
esp32,1788163350886201929
lidar,1788163350951314449
esp32,1788163350986241288
lidar,1788163351049685106
esp32,1788163351086286353
lidar,1788163351149540705
esp32,1788163351186691868
lidar,1788163351249178388
esp32,1788163351286331663
lidar,1788163351350997120
esp32,1788163351386439448
lidar,1788163351448423610
esp32,1788163351486629107
lidar,1788163351548576337
esp32,1788163351587123725
lidar,1788163351648243053
esp32,1788163351686962100
lidar,1788163351747726872
esp32,1788163351786554121
lidar,1788163351847646652
esp32,1788163351885895964
lidar,1788163351947156476
esp32,1788163351986579295
lidar,1788163352047238939
esp32,1788163352086522455
lidar,1788163352147527349
esp32,1788163352186603837
lidar,1788163352247990456
esp32,1788163352286360024
lidar,1788163352348154372
esp32,1788163352386726813
lidar,1788163352448733737
esp32,1788163352486732776
lidar,1788163352549186453
esp32,1788163352586190593
lidar,1788163352649607295
esp32,1788163352686566613
lidar,1788163352749986220
esp32,1788163352786251437
lidar,1788163352850957357
esp32,1788163352886513362
lidar,1788163352951323441
esp32,1788163352986411825
lidar,1788163353050898977
esp32,1788163353086258922
lidar,1788163353150390705
esp32,1788163353186579023
lidar,1788163353250078838
esp32,1788163353286211639
lidar,1788163353350258901
esp32,1788163353387094093
lidar,1788163353449809568
esp32,1788163353486586687
lidar,1788163353549715683
esp32,1788163353586221469
lidar,1788163353649293686
esp32,1788163353706133736
lidar,1788163353749267236
esp32,1788163353786414358
lidar,1788163353849083408
esp32,1788163353886386444
lidar,1788163353949811671
esp32,1788163353986280707
lidar,1788163354048291329
esp32,1788163354086450485
lidar,1788163354149087452
esp32,1788163354186861701
lidar,1788163354247344606
esp32,1788163354287214600
lidar,1788163354352047788
esp32,1788163354386529085
lidar,1788163354446955730
esp32,1788163354486511231
lidar,1788163354547398626
esp32,1788163354586367343
lidar,1788163354647770126
esp32,1788163354685352747
lidar,1788163354747201210
esp32,1788163354785260130
lidar,1788163354848448655
esp32,1788163354885436036
lidar,1788163354948187932
esp32,1788163354986289921
lidar,1788163355048907084
esp32,1788163355086900864
lidar,1788163355149271863
esp32,1788163355186802471
lidar,1788163355249766311
esp32,1788163355286674269
lidar,1788163355354006477
esp32,1788163355386395544
lidar,1788163355449313320
esp32,1788163355486160329
lidar,1788163355549785247
esp32,1788163355586076897
lidar,1788163355648513024
esp32,1788163355686865173
lidar,1788163355748030443
esp32,1788163355786433386
lidar,1788163355847880565
esp32,1788163355886252743
lidar,1788163355947545727
esp32,1788163355985427457
lidar,1788163356046732817
esp32,1788163356086916352
lidar,1788163356146601346
esp32,1788163356186821809
lidar,1788163356248531696
esp32,1788163356286741697
lidar,1788163356348833014
esp32,1788163356386737842
lidar,1788163356446307513
esp32,1788163356486645742
lidar,1788163356546449926
esp32,1788163356586161191
lidar,1788163356646824494
esp32,1788163356686433174
lidar,1788163356746958935
esp32,1788163356786670286
lidar,1788163356847654495
esp32,1788163356886538471
lidar,1788163356947473311
esp32,1788163356985364929
lidar,1788163357048382320
esp32,1788163357085149224
lidar,1788163357148699965
esp32,1788163357186630091
lidar,1788163357249113213
esp32,1788163357287014622
lidar,1788163357348721740
esp32,1788163357386765587
lidar,1788163357448311585
esp32,1788163357486055316
lidar,1788163357548704825
esp32,1788163357586744756
lidar,1788163357647434116
esp32,1788163357686787308
lidar,1788163357750862152
esp32,1788163357786564226
lidar,1788163357847271099
esp32,1788163357887134031
lidar,1788163357946726567
esp32,1788163357986377459
lidar,1788163358046682255
esp32,1788163358086625282
lidar,1788163358148756642
esp32,1788163358186823742
lidar,1788163358246398527
esp32,1788163358286517667
lidar,1788163358347044011
esp32,1788163358386952657
lidar,1788163358447371890
esp32,1788163358486720910
lidar,1788163358547575095
esp32,1788163358586302753
lidar,1788163358649514111
esp32,1788163358686503071
lidar,1788163358748573958
esp32,1788163358786176581
lidar,1788163358849150121
esp32,1788163358886524137
lidar,1788163358949174635
esp32,1788163358986348735
lidar,1788163359051234843
esp32,1788163359086451674
lidar,1788163359149213879
esp32,1788163359186409904
lidar,1788163359248899560
esp32,1788163359286105385
lidar,1788163359348716043
esp32,1788163359386445714
lidar,1788163359448526214
esp32,1788163359486900603
lidar,1788163359547992254
esp32,1788163359586400913
lidar,1788163359649873670
esp32,1788163359686366010
lidar,1788163359747873257
esp32,1788163359786786264
lidar,1788163359847475887
esp32,1788163359886802760
lidar,1788163359946918605
esp32,1788163359986379465
lidar,1788163360046220040
esp32,1788163360086143386
lidar,1788163360146316082
esp32,1788163360186724254
lidar,1788163360245648544
esp32,1788163360286242603
lidar,1788163360345275550
esp32,1788163360386265098
lidar,1788163360444822384
esp32,1788163360486264613
lidar,1788163360546510114
esp32,1788163360586261717
lidar,1788163360644778983
esp32,1788163360686442769
lidar,1788163360744366575
esp32,1788163360786236255
lidar,1788163360844651564
esp32,1788163360886348540
lidar,1788163360944785944
esp32,1788163360986512428
lidar,1788163361044697765
esp32,1788163361086257067
lidar,1788163361145645803
esp32,1788163361186607352
lidar,1788163361246147840
esp32,1788163361286160749
lidar,1788163361345751342
esp32,1788163361386151024
lidar,1788163361445306141
esp32,1788163361486404286
lidar,1788163361545136996
esp32,1788163361586298294
lidar,1788163361644697406
esp32,1788163361686359293
lidar,1788163361744664002
esp32,1788163361786328305
lidar,1788163361844377305
esp32,1788163361886094947
lidar,1788163361943937561
esp32,1788163361986936771
lidar,1788163362043586713
esp32,1788163362085771790
lidar,1788163362142874153
esp32,1788163362186545978
lidar,1788163362244781793
esp32,1788163362286607934
lidar,1788163362342506729
esp32,1788163362386347519
lidar,1788163362442974863
esp32,1788163362486524841
lidar,1788163362543127769
esp32,1788163362586060165
lidar,1788163362645693307
esp32,1788163362686319059
lidar,1788163362745543628
esp32,1788163362786592468
lidar,1788163362848236688
esp32,1788163362886401758
lidar,1788163362945585525
esp32,1788163362986575834
lidar,1788163363046045652
esp32,1788163363086237163
lidar,1788163363146213728
esp32,1788163363186537573
lidar,1788163363245782932
esp32,1788163363286203246
lidar,1788163363347286748
esp32,1788163363386311590
lidar,1788163363446140709
esp32,1788163363486845360
lidar,1788163363546539275
esp32,1788163363586381796
lidar,1788163363646277542
esp32,1788163363686665389
lidar,1788163363745809869
esp32,1788163363786601184
lidar,1788163363846318563
esp32,1788163363886423624
lidar,1788163363948766159
esp32,1788163363986580438
lidar,1788163364043978511
esp32,1788163364086370660
lidar,1788163364142917175
esp32,1788163364186643236
lidar,1788163364243055881
esp32,1788163364286256777
lidar,1788163364342431548
esp32,1788163364386590360
lidar,1788163364442681652
esp32,1788163364487263542
lidar,1788163364542004001
esp32,1788163364586224153
lidar,1788163364642684763
esp32,1788163364686541969
lidar,1788163364745118080
esp32,1788163364786477985
lidar,1788163364842967954
esp32,1788163364887259479
lidar,1788163364942099115
esp32,1788163364985373633
lidar,1788163365042037506
esp32,1788163365085268654
lidar,1788163365142815999
esp32,1788163365185421392
lidar,1788163365244767111
esp32,1788163365286095729
lidar,1788163365344298666
esp32,1788163365386387529
lidar,1788163365444721778
esp32,1788163365486597603
lidar,1788163365545662110
esp32,1788163365586727086
lidar,1788163365645514317
esp32,1788163365686536947
lidar,1788163365745305592
esp32,1788163365786784821
lidar,1788163365845222081
esp32,1788163365886633938
lidar,1788163365945132752
esp32,1788163365986574035
lidar,1788163366045185502
esp32,1788163366086259337
lidar,1788163366145011687
esp32,1788163366186396322
lidar,1788163366245151191
esp32,1788163366286149061
lidar,1788163366345099951
esp32,1788163366386119020
lidar,1788163366445189319
esp32,1788163366486187670
lidar,1788163366545561565
esp32,1788163366586259807
lidar,1788163366647833775
esp32,1788163366686336548
lidar,1788163366745146212
esp32,1788163366786541281
lidar,1788163366843981664
esp32,1788163366886487208
lidar,1788163366944081483
esp32,1788163366985475046
lidar,1788163367041118795
esp32,1788163367085298997
lidar,1788163367139836935
esp32,1788163367186630537
lidar,1788163367240553859
esp32,1788163367286297835
lidar,1788163367337979478
esp32,1788163367386319739
lidar,1788163367436357752
esp32,1788163367486246931
lidar,1788163367535588467
esp32,1788163367586144183
lidar,1788163367635361025
esp32,1788163367686618735
lidar,1788163367737661986
esp32,1788163367786496620
lidar,1788163367832212713
esp32,1788163367886818199
lidar,1788163367930980734
esp32,1788163367986319487
lidar,1788163368029576428
esp32,1788163368086398163
lidar,1788163368128399945
esp32,1788163368185705627
lidar,1788163368227203604
esp32,1788163368287190765
lidar,1788163368328895137
esp32,1788163368386588575
lidar,1788163368427092893
esp32,1788163368486420101
lidar,1788163368523858422
esp32,1788163368586289481
lidar,1788163368622947886
esp32,1788163368686936708
lidar,1788163368721883629
esp32,1788163368786508441
lidar,1788163368821030996
esp32,1788163368886158341
lidar,1788163368919082112
esp32,1788163368986179547
lidar,1788163369018011863
esp32,1788163369086252854
lidar,1788163369117298522
esp32,1788163369186631871
lidar,1788163369216019114
esp32,1788163369286788887
lidar,1788163369315286052
esp32,1788163369387345784
lidar,1788163369414715871
esp32,1788163369486379466
lidar,1788163369515189150
esp32,1788163369586712499
lidar,1788163369614074284
esp32,1788163369686453439
lidar,1788163369713883762
esp32,1788163369786648425
lidar,1788163369813538334
esp32,1788163369886420743
lidar,1788163369913398465
esp32,1788163369986549391
lidar,1788163370016171292
esp32,1788163370086127602
lidar,1788163370112942122
esp32,1788163370186856806
lidar,1788163370212267890
esp32,1788163370286284094
lidar,1788163370312115710
esp32,1788163370386174612
lidar,1788163370411627839
esp32,1788163370486305937
lidar,1788163370511924267
esp32,1788163370586164094
lidar,1788163370612188615
esp32,1788163370686602582
lidar,1788163370712249571
esp32,1788163370786400718
lidar,1788163370812965853
esp32,1788163370886210449
lidar,1788163370913481674
esp32,1788163370986524060
lidar,1788163371013966390
esp32,1788163371086087842
lidar,1788163371114080638
esp32,1788163371186936263
lidar,1788163371215122451
esp32,1788163371286890471
lidar,1788163371314284231
esp32,1788163371386371744
lidar,1788163371413927280
esp32,1788163371486642543
lidar,1788163371513447040
esp32,1788163371586392532
lidar,1788163371613026973
esp32,1788163371686223520
lidar,1788163371713737400
esp32,1788163371786533886
lidar,1788163371812636365
esp32,1788163371886619531
lidar,1788163371912540151
esp32,1788163371986833622
lidar,1788163372011952066
esp32,1788163372087101685
lidar,1788163372124324641
esp32,1788163372186720766
lidar,1788163372211498757
esp32,1788163372286365162
lidar,1788163372311139349
esp32,1788163372386386799
lidar,1788163372410985471
esp32,1788163372486193091
lidar,1788163372511199657
esp32,1788163372586675694
lidar,1788163372611936232
esp32,1788163372686390274
lidar,1788163372711975424
esp32,1788163372786227241
lidar,1788163372812738396
esp32,1788163372886257281
lidar,1788163372913448639
esp32,1788163372986952799
lidar,1788163373014445086
esp32,1788163373086411860
lidar,1788163373114664358
esp32,1788163373187549690
lidar,1788163373215215958
esp32,1788163373286202011
lidar,1788163373315033006
esp32,1788163373386489316
lidar,1788163373414982240
esp32,1788163373486261254
lidar,1788163373515114682
esp32,1788163373586116072
lidar,1788163373614715631
esp32,1788163373686665353
lidar,1788163373714255995
esp32,1788163373786357260
lidar,1788163373816681413
esp32,1788163373886313633
lidar,1788163373914079266
esp32,1788163373986343035
lidar,1788163374013550183
esp32,1788163374086330746
lidar,1788163374113138622
esp32,1788163374185553031
lidar,1788163374212423113
esp32,1788163374286097387
lidar,1788163374312421019
esp32,1788163374386451282
lidar,1788163374412350203
esp32,1788163374486298120
lidar,1788163374512206668
esp32,1788163374586144216
lidar,1788163374612583034
esp32,1788163374686578691
lidar,1788163374712906845
esp32,1788163374786670429
lidar,1788163374813678956
esp32,1788163374886652646
lidar,1788163374913733350
esp32,1788163374985307882
lidar,1788163375013898675
esp32,1788163375085454118
lidar,1788163375114326081
esp32,1788163375185285125
lidar,1788163375214845798
esp32,1788163375286297254
lidar,1788163375315450005
esp32,1788163375386425181
lidar,1788163375415703045
esp32,1788163375486150162
lidar,1788163375515202102
esp32,1788163375586602911
lidar,1788163375616527066
esp32,1788163375686495798
lidar,1788163375714626381
esp32,1788163375786422218
lidar,1788163375814859629
esp32,1788163375886382111
lidar,1788163375914507324
esp32,1788163375986299115
lidar,1788163376014714213
esp32,1788163376086397275
lidar,1788163376114298026
esp32,1788163376186599595
lidar,1788163376213968344
esp32,1788163376286078803
lidar,1788163376315545618
esp32,1788163376386731684
lidar,1788163376413682097
esp32,1788163376486390151
lidar,1788163376513084696
esp32,1788163376586344633
lidar,1788163376612721453
esp32,1788163376686563038
lidar,1788163376712328736
esp32,1788163376786447110
lidar,1788163376811870063
esp32,1788163376886514156
lidar,1788163376910995037
esp32,1788163376985259964
lidar,1788163377011055681
esp32,1788163377105267446
lidar,1788163377110636824
esp32,1788163377185399320
lidar,1788163377210978435
esp32,1788163377287327925
lidar,1788163377311264656
esp32,1788163377386543098
lidar,1788163377411336348
esp32,1788163377487240314
lidar,1788163377512050699
esp32,1788163377586705916
lidar,1788163377612291654
esp32,1788163377686919313
lidar,1788163377712194109
esp32,1788163377786873296
lidar,1788163377812920389
esp32,1788163377886751897
lidar,1788163377913366590
esp32,1788163377986517250
lidar,1788163378014509957
esp32,1788163378086259551
lidar,1788163378113581372
esp32,1788163378186506291
lidar,1788163378212815622
esp32,1788163378286254360
lidar,1788163378312782277
esp32,1788163378386270294
lidar,1788163378412293565
esp32,1788163378486328673
lidar,1788163378513323165
esp32,1788163378586450270
lidar,1788163378611944428
esp32,1788163378686689346
lidar,1788163378711695347
esp32,1788163378786574457
lidar,1788163378811051400
esp32,1788163378886319700
lidar,1788163378910965133
esp32,1788163378986623098
lidar,1788163379010639432
esp32,1788163379086423952
lidar,1788163379110869823
esp32,1788163379186828215
lidar,1788163379211199086
esp32,1788163379286764821
lidar,1788163379311895396
esp32,1788163379386523851
lidar,1788163379412290498
esp32,1788163379486853359
lidar,1788163379512999618
esp32,1788163379586110448
lidar,1788163379613140110
esp32,1788163379686526391
lidar,1788163379713187974
esp32,1788163379786669240
lidar,1788163379813582427
esp32,1788163379886447561
lidar,1788163379914438103
esp32,1788163379987112867
lidar,1788163380013571514
esp32,1788163380086210348
lidar,1788163380113713950
esp32,1788163380186868289
lidar,1788163380213651025
esp32,1788163380286244762
lidar,1788163380313149467
esp32,1788163380386175034
lidar,1788163380413061937
esp32,1788163380486719710
lidar,1788163380512274549
esp32,1788163380586159320
lidar,1788163380611768002
esp32,1788163380686398727
lidar,1788163380711700288
esp32,1788163380786594045
lidar,1788163380811327732
esp32,1788163380886330926
lidar,1788163380910925285
esp32,1788163380986289326
lidar,1788163381010096906
esp32,1788163381087032960
lidar,1788163381109726891
esp32,1788163381186498743
lidar,1788163381209627512
esp32,1788163381286621065
lidar,1788163381309958176
esp32,1788163381386387748
lidar,1788163381409841007
esp32,1788163381486232815
lidar,1788163381510421708
esp32,1788163381586155573
lidar,1788163381611093008
esp32,1788163381686389326
lidar,1788163381711263137
esp32,1788163381786900056
lidar,1788163381811805272
esp32,1788163381886845766
lidar,1788163381911985159
esp32,1788163381986947741
lidar,1788163382012323168
esp32,1788163382086931219
lidar,1788163382112722231
esp32,1788163382187035565
lidar,1788163382212824899
esp32,1788163382287014958
lidar,1788163382315012969
esp32,1788163382386831917
lidar,1788163382412022165
esp32,1788163382486288810
lidar,1788163382511774643
esp32,1788163382606110511
lidar,1788163382611421233
esp32,1788163382686563338
lidar,1788163382711088964
esp32,1788163382786656763
lidar,1788163382811045520
esp32,1788163382886386063
lidar,1788163382910623522
esp32,1788163382987058143
lidar,1788163383010589577
esp32,1788163383086310304
lidar,1788163383110012166
esp32,1788163383186780870
lidar,1788163383209916737
esp32,1788163383286142536
lidar,1788163383309129990
esp32,1788163383386430471
lidar,1788163383408682248
esp32,1788163383486513445
lidar,1788163383508230970
esp32,1788163383586910394
lidar,1788163383607800060
esp32,1788163383686666912
lidar,1788163383707862552
esp32,1788163383786545340
lidar,1788163383807655647
esp32,1788163383886521413
lidar,1788163383907701926
esp32,1788163383986578014
lidar,1788163384008214209
esp32,1788163384086435450
lidar,1788163384110415975
esp32,1788163384186501376
lidar,1788163384208996453
esp32,1788163384286409932
lidar,1788163384309446870
esp32,1788163384386272163
lidar,1788163384409743481
esp32,1788163384486246430
lidar,1788163384510430325
esp32,1788163384586618382
lidar,1788163384610641726
esp32,1788163384686773405
lidar,1788163384713250583
esp32,1788163384786407914
lidar,1788163384810972851
esp32,1788163384886298516
lidar,1788163384910439776
esp32,1788163384985268333
lidar,1788163385010105788
esp32,1788163385085189996
lidar,1788163385109989335
esp32,1788163385185233521
lidar,1788163385209742946
esp32,1788163385286656886
lidar,1788163385309943694
esp32,1788163385386106812
lidar,1788163385410161324
esp32,1788163385486281947
lidar,1788163385509609730
esp32,1788163385586374861
lidar,1788163385609671551
esp32,1788163385686884265
lidar,1788163385709737424
esp32,1788163385786696810
lidar,1788163385809403966
esp32,1788163385886268639
lidar,1788163385908841247
esp32,1788163385986071114
lidar,1788163386008967327
esp32,1788163386086178964
lidar,1788163386108453926
esp32,1788163386186498846
lidar,1788163386207732714
esp32,1788163386285271125
lidar,1788163386308693617
esp32,1788163386385485694
lidar,1788163386406663940
esp32,1788163386485467424
lidar,1788163386507007854
esp32,1788163386586357833
lidar,1788163386607161117
esp32,1788163386687219597
lidar,1788163386708027160
esp32,1788163386786719328
lidar,1788163386808333641
esp32,1788163386886707559
lidar,1788163386908496580
esp32,1788163386985405026
lidar,1788163387009332997
esp32,1788163387085192586
lidar,1788163387109785264
esp32,1788163387185294721
lidar,1788163387210585406
esp32,1788163387286638601
lidar,1788163387311167863
esp32,1788163387386708655
lidar,1788163387411036578
esp32,1788163387486201351
lidar,1788163387511014784
esp32,1788163387586413981
lidar,1788163387610975540
esp32,1788163387686326426
lidar,1788163387710645410
esp32,1788163387787143624
lidar,1788163387810084580
esp32,1788163387906109519
lidar,1788163387909989798
esp32,1788163387986539518
lidar,1788163388009932604
esp32,1788163388086381391
lidar,1788163388109427712
esp32,1788163388186689550
lidar,1788163388209720306
esp32,1788163388286362845
lidar,1788163388309353663
esp32,1788163388406102191
lidar,1788163388409332221
esp32,1788163388486841764
lidar,1788163388510590366
esp32,1788163388586501133
lidar,1788163388609043302
esp32,1788163388686620391
lidar,1788163388709558264
esp32,1788163388786250232
lidar,1788163388809144516
esp32,1788163388886877345
lidar,1788163388911110305
esp32,1788163388986277711
lidar,1788163389007975751
esp32,1788163389086273656
lidar,1788163389108379035
esp32,1788163389186630465
lidar,1788163389208358436
esp32,1788163389286507818
lidar,1788163389308976693
esp32,1788163389386516869
lidar,1788163389409589852
esp32,1788163389486284011
lidar,1788163389509974020
esp32,1788163389586795435
lidar,1788163389611228678
esp32,1788163389686708785
lidar,1788163389711399682
esp32,1788163389786422427
lidar,1788163389811965149
esp32,1788163389886249413
lidar,1788163389912767215
esp32,1788163389986237750
lidar,1788163390012968013
esp32,1788163390086657912
lidar,1788163390113700802
esp32,1788163390186660182
lidar,1788163390213983446
esp32,1788163390286491550
lidar,1788163390313638435
esp32,1788163390386324126
lidar,1788163390413300455
esp32,1788163390486583720
lidar,1788163390512831529
esp32,1788163390586479761
lidar,1788163390612693165
esp32,1788163390687000814
lidar,1788163390712342482
esp32,1788163390786478564
lidar,1788163390814689792
esp32,1788163390886372501
lidar,1788163390912328172
esp32,1788163390986405431
lidar,1788163391012139722
esp32,1788163391086418482
lidar,1788163391111965882
esp32,1788163391186483376
lidar,1788163391211670845
esp32,1788163391286379047
lidar,1788163391311362007
esp32,1788163391386484518
lidar,1788163391410943452
esp32,1788163391486681616
lidar,1788163391510559848
lidar,1788163391618158176
esp32,1788163391625990143
esp32,1788163391686577510
lidar,1788163391710353501
esp32,1788163391786626922
lidar,1788163391810038184
esp32,1788163391886654425
lidar,1788163391909674975
lidar,1788163392010544934
esp32,1788163392026188407
esp32,1788163392106128753
lidar,1788163392109672798
esp32,1788163392206013145
lidar,1788163392209989626
esp32,1788163392286601774
lidar,1788163392310953369
lidar,1788163392421714829
esp32,1788163392425851765
esp32,1788163392486547955
lidar,1788163392511735800
esp32,1788163392586306946
lidar,1788163392612343415
esp32,1788163392686434714
lidar,1788163392712903055
esp32,1788163392786650487
lidar,1788163392813163255
esp32,1788163392906098701
lidar,1788163392913017579
esp32,1788163392986909995
lidar,1788163393014163857
esp32,1788163393086702435
lidar,1788163393132732592
esp32,1788163393186856204
lidar,1788163393213088739
esp32,1788163393286605990
lidar,1788163393314703072
esp32,1788163393386554732
lidar,1788163393412698589
esp32,1788163393486542983
lidar,1788163393511949027
esp32,1788163393605942939
lidar,1788163393611045406
esp32,1788163393686883169
lidar,1788163393710523098
esp32,1788163393786237026
lidar,1788163393809685387
esp32,1788163393886322195
lidar,1788163393908816696
esp32,1788163393986450694
lidar,1788163394008129354
esp32,1788163394086728854
lidar,1788163394107614588
esp32,1788163394186899231
lidar,1788163394207270050
lidar,1788163394317015124
esp32,1788163394325785287
esp32,1788163394386632685
lidar,1788163394406764119
esp32,1788163394487213236
lidar,1788163394506237174
esp32,1788163394585596909
lidar,1788163394605794251
esp32,1788163394686580167
lidar,1788163394705804499
esp32,1788163394805922191
lidar,1788163394808233138
esp32,1788163394886547005
lidar,1788163394905321358
esp32,1788163394985300646
lidar,1788163395005370606
esp32,1788163395085085519
lidar,1788163395104617555
esp32,1788163395185594992
lidar,1788163395206257854
esp32,1788163395286427369
lidar,1788163395309155138
esp32,1788163395386699658
lidar,1788163395406944390
esp32,1788163395506004478
lidar,1788163395507218528
esp32,1788163395586435643
lidar,1788163395608173728
esp32,1788163395686711482
lidar,1788163395709156744
esp32,1788163395786144899
lidar,1788163395809593363
esp32,1788163395906097353
lidar,1788163395909856101
esp32,1788163395987294038
lidar,1788163396009824804
esp32,1788163396086739399
lidar,1788163396122985540
esp32,1788163396187143328
lidar,1788163396209605524
esp32,1788163396286773847
lidar,1788163396309255557
esp32,1788163396387006643
lidar,1788163396408904986
esp32,1788163396486661078
lidar,1788163396508822982
esp32,1788163396586822540
lidar,1788163396608391333
esp32,1788163396686846401
lidar,1788163396708405101
lidar,1788163396887390870
esp32,1788163396905047611
esp32,1788163396905360094
lidar,1788163396907598464
esp32,1788163396985179690
lidar,1788163397007203512
esp32,1788163397085176664
lidar,1788163397107325988
esp32,1788163397185260758
lidar,1788163397207103567
esp32,1788163397286155770
lidar,1788163397308673998
esp32,1788163397386555677
lidar,1788163397407083570
esp32,1788163397486566591
lidar,1788163397506602872
esp32,1788163397586436286
lidar,1788163397606646045
esp32,1788163397686840963
lidar,1788163397706534086
esp32,1788163397786133599
lidar,1788163397807413402
esp32,1788163397886253675
lidar,1788163397907664542
esp32,1788163397986529076
lidar,1788163398008001738
esp32,1788163398086222740
lidar,1788163398109290351
esp32,1788163398186789361
lidar,1788163398212104117
esp32,1788163398286256353
lidar,1788163398309169974
esp32,1788163398386802653
lidar,1788163398409118745
esp32,1788163398486927842
lidar,1788163398511657604
esp32,1788163398586638322
lidar,1788163398608935756
esp32,1788163398686493266
lidar,1788163398708417809
esp32,1788163398786520106
lidar,1788163398808340334
esp32,1788163398886257610
lidar,1788163398907974374
esp32,1788163398986452327
lidar,1788163399007721971
esp32,1788163399086824757
lidar,1788163399108949078
esp32,1788163399186561540
lidar,1788163399207546726
esp32,1788163399286512905
lidar,1788163399307038030
esp32,1788163399386666901
lidar,1788163399406824975
esp32,1788163399486629976
lidar,1788163399506588983
esp32,1788163399586770806
lidar,1788163399606089023
lidar,1788163399706082461
esp32,1788163399706719906
esp32,1788163399786992968
lidar,1788163399805690661
esp32,1788163399886708217
lidar,1788163399905666072
esp32,1788163399986484159
lidar,1788163400005719494
esp32,1788163400086765353
lidar,1788163400105518266
esp32,1788163400186604988
lidar,1788163400205552649
esp32,1788163400286741570
lidar,1788163400306162073
esp32,1788163400386493804
lidar,1788163400406333313
esp32,1788163400486505559
lidar,1788163400507119768
esp32,1788163400586240277
lidar,1788163400607954821
esp32,1788163400685231965
lidar,1788163400708531147
esp32,1788163400786610143
lidar,1788163400809279880
esp32,1788163400886230417
lidar,1788163400909743270
esp32,1788163400986402924
lidar,1788163401009781685
esp32,1788163401086642747
lidar,1788163401109745071
esp32,1788163401186814047
lidar,1788163401209415953
esp32,1788163401286566074
lidar,1788163401309091541
esp32,1788163401387123452
lidar,1788163401408755997
esp32,1788163401486439653
lidar,1788163401509267317
esp32,1788163401586430874
lidar,1788163401611185284
esp32,1788163401686401683
lidar,1788163401713527562
esp32,1788163401805969391
lidar,1788163401808091664
esp32,1788163401886590156
lidar,1788163401907863331
esp32,1788163401986401126
lidar,1788163402008052963
esp32,1788163402086312989
lidar,1788163402107975780
esp32,1788163402186819610
lidar,1788163402208011605
esp32,1788163402286544989
lidar,1788163402308287654
esp32,1788163402386973756
lidar,1788163402408048306
esp32,1788163402486406930
lidar,1788163402508175718
esp32,1788163402586518644
lidar,1788163402607740744
esp32,1788163402686388966
lidar,1788163402707450710
esp32,1788163402786212935
lidar,1788163402807286580
esp32,1788163402906329873
lidar,1788163402907080442
esp32,1788163402986661305
lidar,1788163403007003279
esp32,1788163403086525469
lidar,1788163403106714941
esp32,1788163403186775755
lidar,1788163403206560532
esp32,1788163403286927564
lidar,1788163403307606350
esp32,1788163403386427381
lidar,1788163403409605474
esp32,1788163403486269267
lidar,1788163403507489324
esp32,1788163403586121432
lidar,1788163403608201813
esp32,1788163403686648395
lidar,1788163403708866387
esp32,1788163403786616659
lidar,1788163403808959911
esp32,1788163403886179441
lidar,1788163403910722035
esp32,1788163403986432242
lidar,1788163404009914283
esp32,1788163404086115919
lidar,1788163404110002360
esp32,1788163404186641980
lidar,1788163404209648213
esp32,1788163404286312443
lidar,1788163404309875924
esp32,1788163404386350829
lidar,1788163404409394713
esp32,1788163404506022521
lidar,1788163404508773980
esp32,1788163404586645846
lidar,1788163404608952071
esp32,1788163404686288560
lidar,1788163404709291749
esp32,1788163404806092242
lidar,1788163404808579342
esp32,1788163404906221649
lidar,1788163404908379755
esp32,1788163405005226300
lidar,1788163405007553328
esp32,1788163405085196575
lidar,1788163405107080799
esp32,1788163405205135083
lidar,1788163405207160973
esp32,1788163405306203405
lidar,1788163405307321872
esp32,1788163405406234221
lidar,1788163405406932351
esp32,1788163405506503813
lidar,1788163405507164010
esp32,1788163405586319393
lidar,1788163405606701310
esp32,1788163405686959528
lidar,1788163405708341706
esp32,1788163405786832112
lidar,1788163405809969382
esp32,1788163405886230717
lidar,1788163405906588516
esp32,1788163405986095363
lidar,1788163406007084991
esp32,1788163406086561033
lidar,1788163406107995402
esp32,1788163406186509961
lidar,1788163406208657316
esp32,1788163406287081801
lidar,1788163406309013641
esp32,1788163406386664281
lidar,1788163406409163283
esp32,1788163406506232298
lidar,1788163406509097729
esp32,1788163406586219498
lidar,1788163406608564991
esp32,1788163406686495386
lidar,1788163406708483175
esp32,1788163406806135216
lidar,1788163406808578234
esp32,1788163406886140887
lidar,1788163406907744017
esp32,1788163406985138864
lidar,1788163407007436275
esp32,1788163407105062814
lidar,1788163407106436452
esp32,1788163407186027091
lidar,1788163407206611069
esp32,1788163407286193527
lidar,1788163407306440396
esp32,1788163407386742132
lidar,1788163407405804928
esp32,1788163407486191795
lidar,1788163407505901399
esp32,1788163407586336305
lidar,1788163407608454118
esp32,1788163407686733438
lidar,1788163407706245892
esp32,1788163407786495274
lidar,1788163407806744438
esp32,1788163407886676612
lidar,1788163407907067388
esp32,1788163407986555298
lidar,1788163408007093282
esp32,1788163408086279586
lidar,1788163408107567304
esp32,1788163408186999889
lidar,1788163408207539220
esp32,1788163408286544748
lidar,1788163408307688771
esp32,1788163408386714786
lidar,1788163408407871168
esp32,1788163408486403527
lidar,1788163408507704475
esp32,1788163408586685251
lidar,1788163408607526804
esp32,1788163408686645039
lidar,1788163408707120989
esp32,1788163408786266669
lidar,1788163408806882393
esp32,1788163408886535918
lidar,1788163408906636037
esp32,1788163408986433167
lidar,1788163409006871589
esp32,1788163409106081952
lidar,1788163409106754616
lidar,1788163409205889139
esp32,1788163409206564445
esp32,1788163409286338813
lidar,1788163409305742266
esp32,1788163409386598940
lidar,1788163409405801905
lidar,1788163409505441347
esp32,1788163409506073346
esp32,1788163409586345659
lidar,1788163409605035587
esp32,1788163409686917695
lidar,1788163409704705398
esp32,1788163409786162112
lidar,1788163409804401558
esp32,1788163409887187333
lidar,1788163409904044495
esp32,1788163409987089665
lidar,1788163410005780577
esp32,1788163410086208330
lidar,1788163410105085930
esp32,1788163410186866088
lidar,1788163410205165096
esp32,1788163410286155200
lidar,1788163410305507852
esp32,1788163410386518291
lidar,1788163410406171296
esp32,1788163410486528919
lidar,1788163410506723830
esp32,1788163410606328368
lidar,1788163410607032113
esp32,1788163410686218942
lidar,1788163410707531013
esp32,1788163410806100450
lidar,1788163410807186798
esp32,1788163410886351304
lidar,1788163410907795745
esp32,1788163410986506447
lidar,1788163411007523216
esp32,1788163411086653091
lidar,1788163411106935190
esp32,1788163411186721171
lidar,1788163411206624282
esp32,1788163411286484133
lidar,1788163411306443246
esp32,1788163411386952584
lidar,1788163411406308609
esp32,1788163411486544506
lidar,1788163411506566454
esp32,1788163411586393583
lidar,1788163411606204046
esp32,1788163411686630380
lidar,1788163411706047455
esp32,1788163411786383268
lidar,1788163411806685745
esp32,1788163411886493619
lidar,1788163411905743911
esp32,1788163411986596291
lidar,1788163412005319305
esp32,1788163412086605844
lidar,1788163412105045400
esp32,1788163412186821817
lidar,1788163412204629295
esp32,1788163412286381588
lidar,1788163412304062031
esp32,1788163412386555873
lidar,1788163412404140213
esp32,1788163412486539565
lidar,1788163412503654445
esp32,1788163412586148442
lidar,1788163412603070308
esp32,1788163412686386838
lidar,1788163412702686776
esp32,1788163412786417497
lidar,1788163412802666244
esp32,1788163412886153027
lidar,1788163412903094396
esp32,1788163412986309517
lidar,1788163413003389846
esp32,1788163413086340353
lidar,1788163413103958097
esp32,1788163413186549420
lidar,1788163413204512528
esp32,1788163413286511790
lidar,1788163413305291161
esp32,1788163413386414258
lidar,1788163413405911158
esp32,1788163413486272904
lidar,1788163413506005248
esp32,1788163413586315083
lidar,1788163413606842147
esp32,1788163413686316049
lidar,1788163413706895386
esp32,1788163413786487019
lidar,1788163413807580521
esp32,1788163413886195839
lidar,1788163413908142046
esp32,1788163413986386162
lidar,1788163414008410493
esp32,1788163414086407676
lidar,1788163414108613478
esp32,1788163414186419861
lidar,1788163414208626373
esp32,1788163414286628665
lidar,1788163414308810544
esp32,1788163414406285768
lidar,1788163414408665602
esp32,1788163414506037381
lidar,1788163414511334614
esp32,1788163414586485361
lidar,1788163414609973727
esp32,1788163414706055929
lidar,1788163414711669836
esp32,1788163414786718093
lidar,1788163414808620726
esp32,1788163414886206016
lidar,1788163414907774889
esp32,1788163414985175263
lidar,1788163415007682502
esp32,1788163415085163834
lidar,1788163415107233684
esp32,1788163415205203452
lidar,1788163415207064723
esp32,1788163415286284336
lidar,1788163415307091192
esp32,1788163415386491237
lidar,1788163415406794845
esp32,1788163415486608975
lidar,1788163415506759035
esp32,1788163415586140343
lidar,1788163415606806372
esp32,1788163415706150847
lidar,1788163415706817985
esp32,1788163415786650524
lidar,1788163415806501162
esp32,1788163415886543637
lidar,1788163415905955025
esp32,1788163415986488653
lidar,1788163416005830842
esp32,1788163416106300474
lidar,1788163416107308274
lidar,1788163416205661780
esp32,1788163416206304278
esp32,1788163416286373044
lidar,1788163416305117334
esp32,1788163416386862389
lidar,1788163416404731678
esp32,1788163416486347335
lidar,1788163416506204050
esp32,1788163416586436733
lidar,1788163416604643092
esp32,1788163416686802140
lidar,1788163416704339184
esp32,1788163416786983053
lidar,1788163416804266406
esp32,1788163416886808221
lidar,1788163416903554198
esp32,1788163416985369767
lidar,1788163417003313706
esp32,1788163417085344380
lidar,1788163417103391414
esp32,1788163417185376234
lidar,1788163417202569687
esp32,1788163417286251313
lidar,1788163417302970820
esp32,1788163417387032316
lidar,1788163417402872431
esp32,1788163417486290376
lidar,1788163417503204165
esp32,1788163417586324407
lidar,1788163417603644236
esp32,1788163417686446935
lidar,1788163417704058021
lidar,1788163417804830401
esp32,1788163417805773529
esp32,1788163417886263018
lidar,1788163417904968275
esp32,1788163417986833147
lidar,1788163418004912865
esp32,1788163418089204067
lidar,1788163418104552306
esp32,1788163418186585817
lidar,1788163418204154283
esp32,1788163418286262204
lidar,1788163418304396306
esp32,1788163418386845151
lidar,1788163418403965773
esp32,1788163418486427114
lidar,1788163418505504906
esp32,1788163418586178371
lidar,1788163418604011029
esp32,1788163418686613948
lidar,1788163418703537017
esp32,1788163418786163873
lidar,1788163418805455645
lidar,1788163418902873108
esp32,1788163418906052771
esp32,1788163418986333190
lidar,1788163419002391594
esp32,1788163419086237898
lidar,1788163419102325377
lidar,1788163419202019457
esp32,1788163419205969634
lidar,1788163419302148574
esp32,1788163419305711598
esp32,1788163419386835592
lidar,1788163419401754916
lidar,1788163419501279831
esp32,1788163419505848518
esp32,1788163419586648845
lidar,1788163419601293552
esp32,1788163419686909583
lidar,1788163419700614440
lidar,1788163419800795010
esp32,1788163419806015140
lidar,1788163419900657502
esp32,1788163419906047150
lidar,1788163420001238681
esp32,1788163420006126233
esp32,1788163420086834559
lidar,1788163420101770387
lidar,1788163420203535183
esp32,1788163420205908194
esp32,1788163420286909870
lidar,1788163420302646574
esp32,1788163420386763061
lidar,1788163420403564666
esp32,1788163420486475837
lidar,1788163420504013627
esp32,1788163420586278250
lidar,1788163420604243027
esp32,1788163420686518391
lidar,1788163420704553093
esp32,1788163420786267984
lidar,1788163420806981440
esp32,1788163420886348050
lidar,1788163420903918824
esp32,1788163420986414497
lidar,1788163421003756769
esp32,1788163421086082475
lidar,1788163421103908317
esp32,1788163421186521179
lidar,1788163421203791890
esp32,1788163421286364138
lidar,1788163421303620615
esp32,1788163421386747844
lidar,1788163421403873555
esp32,1788163421486425303
lidar,1788163421503184443
esp32,1788163421586226420
lidar,1788163421602786560
esp32,1788163421686418395
lidar,1788163421702648962
esp32,1788163421786402147
lidar,1788163421802237681
esp32,1788163421886009879
lidar,1788163421901923317
esp32,1788163421987002477
lidar,1788163422002148277
lidar,1788163422101692136
esp32,1788163422105939398
esp32,1788163422186905807
lidar,1788163422201650090
esp32,1788163422286367261
lidar,1788163422301096852
esp32,1788163422386423826
lidar,1788163422401609292
esp32,1788163422486268033
lidar,1788163422501078017
esp32,1788163422586362867
lidar,1788163422602211826
esp32,1788163422686720684
lidar,1788163422704057747
esp32,1788163422786509944
lidar,1788163422800667939
lidar,1788163422900643355
esp32,1788163422906217171
esp32,1788163422986397058
lidar,1788163423000942493
esp32,1788163423086381718
lidar,1788163423102989780
lidar,1788163423201611623
esp32,1788163423205999327
esp32,1788163423286133203
lidar,1788163423302074700
lidar,1788163423401852195
esp32,1788163423405901867
lidar,1788163423501833331
esp32,1788163423505644481
lidar,1788163423602191403
esp32,1788163423606049838
esp32,1788163423686681593
lidar,1788163423702043063
esp32,1788163423786328421
lidar,1788163423801712542
esp32,1788163423886598270
lidar,1788163423901058495
esp32,1788163423986303460
lidar,1788163424000813415
esp32,1788163424086499485
lidar,1788163424100622393
esp32,1788163424186641452
lidar,1788163424200398728
esp32,1788163424286159695
lidar,1788163424299867741
esp32,1788163424386201372
lidar,1788163424402199548
esp32,1788163424486426047
lidar,1788163424498935581
esp32,1788163424586166798
lidar,1788163424598898982
esp32,1788163424686724226
lidar,1788163424699422637
esp32,1788163424786822103
lidar,1788163424800665507
esp32,1788163424886554191
lidar,1788163424902845326
esp32,1788163424985326738
lidar,1788163424999602931
esp32,1788163425085195319
lidar,1788163425099629359
esp32,1788163425185248404
lidar,1788163425199578928
esp32,1788163425286230498
lidar,1788163425300604978
lidar,1788163425401269389
esp32,1788163425406021790
esp32,1788163425486295883
lidar,1788163425501398461
esp32,1788163425586447365
lidar,1788163425601513654
esp32,1788163425686631064
lidar,1788163425701111386
esp32,1788163425786908917
lidar,1788163425800905142
esp32,1788163425886697469
lidar,1788163425900353337
esp32,1788163425986316892
lidar,1788163426002823387
esp32,1788163426086370917
lidar,1788163426100696295
esp32,1788163426186566248
lidar,1788163426200336743
esp32,1788163426286267870
lidar,1788163426304743570
esp32,1788163426387139634
lidar,1788163426400183677
esp32,1788163426486251683
lidar,1788163426499981406
esp32,1788163426586514741
lidar,1788163426599812138
esp32,1788163426686595049
lidar,1788163426699427601
lidar,1788163426800779313
esp32,1788163426805876588
esp32,1788163426886762664
lidar,1788163426898713490
lidar,1788163426997680684
esp32,1788163427005214052
esp32,1788163427085196211
lidar,1788163427097314219
lidar,1788163427196803575
esp32,1788163427205181482
lidar,1788163427298644843
esp32,1788163427306065210
lidar,1788163427397043984
esp32,1788163427406218050
lidar,1788163427496965960
esp32,1788163427506082566
esp32,1788163427586531563
lidar,1788163427596883081
esp32,1788163427686968035
lidar,1788163427697445896
esp32,1788163427787076914
lidar,1788163427797687030
lidar,1788163427897935906
esp32,1788163427905808725
lidar,1788163427998230431
esp32,1788163428006048786
esp32,1788163428086277752
lidar,1788163428099293138
esp32,1788163428186674581
lidar,1788163428199065881
esp32,1788163428285220638
lidar,1788163428298724315
esp32,1788163428386627236
lidar,1788163428398518821
esp32,1788163428486425337
lidar,1788163428498288343
esp32,1788163428586241686
lidar,1788163428600933036
esp32,1788163428686649591
lidar,1788163428697597223
esp32,1788163428786333051
lidar,1788163428797448843
esp32,1788163428886296964
lidar,1788163428897380972
esp32,1788163428986480537
lidar,1788163428999318355
esp32,1788163429086008937
lidar,1788163429096950852
esp32,1788163429186365816
lidar,1788163429197385891
esp32,1788163429286446500
lidar,1788163429297519641
esp32,1788163429386297313
lidar,1788163429397295274
esp32,1788163429486832915
lidar,1788163429496910974
esp32,1788163429586380840
lidar,1788163429606293958
esp32,1788163429686671152
lidar,1788163429696199984
lidar,1788163429796145030
esp32,1788163429806240260
esp32,1788163429886606169
lidar,1788163429896241991
lidar,1788163429995975548
esp32,1788163430005892787
esp32,1788163430086502092
lidar,1788163430096963552
esp32,1788163430186716757
lidar,1788163430195126607
lidar,1788163430295163247
esp32,1788163430306120647
esp32,1788163430386547369
lidar,1788163430394867757
lidar,1788163430495070641
esp32,1788163430506151509
esp32,1788163430586112717
lidar,1788163430594291579
esp32,1788163430686656895
lidar,1788163430695274379
esp32,1788163430786361808
lidar,1788163430795168722
esp32,1788163430886233383
lidar,1788163430897055124
esp32,1788163430986486454
lidar,1788163430994655215
lidar,1788163431094889696
esp32,1788163431106219543
esp32,1788163431186617164
lidar,1788163431195688437
esp32,1788163431286361999
lidar,1788163431296258564
esp32,1788163431386320436
lidar,1788163431396107179
esp32,1788163431486561526
lidar,1788163431495960683
esp32,1788163431586333364
lidar,1788163431597331907
esp32,1788163431686803656
lidar,1788163431694974605
esp32,1788163431786679717
lidar,1788163431794876537
esp32,1788163431886235038
lidar,1788163431894903012
esp32,1788163431986599175
lidar,1788163431995560617
esp32,1788163432086282236
lidar,1788163432093874466
esp32,1788163432186624565
lidar,1788163432193693947
esp32,1788163432286265499
lidar,1788163432293574631
esp32,1788163432386567095
lidar,1788163432393316313
esp32,1788163432486572625
lidar,1788163432493688566
esp32,1788163432586591605
lidar,1788163432594819473
esp32,1788163432686726086
lidar,1788163432696703853
lidar,1788163432794748436
esp32,1788163432806225788
lidar,1788163432895078268
esp32,1788163432906090977
lidar,1788163432996058391
esp32,1788163433006149864
lidar,1788163433096534319
esp32,1788163433106168102
esp32,1788163433186618603
lidar,1788163433196680389
esp32,1788163433286322039
lidar,1788163433296425903
esp32,1788163433386084973
lidar,1788163433396088378
esp32,1788163433486212927
lidar,1788163433496124035
esp32,1788163433586193412
lidar,1788163433596630871
esp32,1788163433686876633
lidar,1788163433695370479
esp32,1788163433786720204
lidar,1788163433795769099
lidar,1788163433895081188
esp32,1788163433905993527
esp32,1788163433986634993
lidar,1788163433995061843
esp32,1788163434086143707
lidar,1788163434095015936
esp32,1788163434185300804
lidar,1788163434193881619
esp32,1788163434286249257
lidar,1788163434296683593
esp32,1788163434386314486
lidar,1788163434393583632
esp32,1788163434486186118
lidar,1788163434493579822
lidar,1788163434592970834
esp32,1788163434606324153
esp32,1788163434686550434
lidar,1788163434692562315
lidar,1788163434792573006
esp32,1788163434806188571
lidar,1788163434893031432
esp32,1788163434906234786
lidar,1788163434995800052
esp32,1788163435005157285
esp32,1788163435085174545
lidar,1788163435094449587
esp32,1788163435185392560
lidar,1788163435196630822
esp32,1788163435286190805
lidar,1788163435294000126
esp32,1788163435386366450
lidar,1788163435394803901
esp32,1788163435486573678
lidar,1788163435495847999
esp32,1788163435586402087
lidar,1788163435597079698
esp32,1788163435686558560
lidar,1788163435697425749
esp32,1788163435786701132
lidar,1788163435798028852
esp32,1788163435885349014
lidar,1788163435898737761
lidar,1788163435998873831
esp32,1788163436005993281
esp32,1788163436086592431
lidar,1788163436100256392
esp32,1788163436186716462
lidar,1788163436199581289
lidar,1788163436299701063
esp32,1788163436306041964
lidar,1788163436399587845
esp32,1788163436405917766
esp32,1788163436486527263
lidar,1788163436498988558
lidar,1788163436598437744
esp32,1788163436605676560
esp32,1788163436686564815
lidar,1788163436698270970
esp32,1788163436786528491
lidar,1788163436798312572
lidar,1788163436898769245
esp32,1788163436905771814
lidar,1788163436997430252
esp32,1788163437005140753
esp32,1788163437085200614
lidar,1788163437099283238
esp32,1788163437185205792
lidar,1788163437196943322
esp32,1788163437286435438
lidar,1788163437297633754
esp32,1788163437386340141
lidar,1788163437397370497
esp32,1788163437486730026
lidar,1788163437498530649
esp32,1788163437586689667
lidar,1788163437601122617
esp32,1788163437686710697
lidar,1788163437699042785
esp32,1788163437787294235
lidar,1788163437800020290
esp32,1788163437886517657
lidar,1788163437899860948
esp32,1788163437986440796
lidar,1788163437999208536
esp32,1788163438086256116
lidar,1788163438099710704
lidar,1788163438198736657
esp32,1788163438206200924
esp32,1788163438286367298
lidar,1788163438298994284
lidar,1788163438398589137
esp32,1788163438406016778
lidar,1788163438498036380
esp32,1788163438506109476
lidar,1788163438597838842
esp32,1788163438606098573
esp32,1788163438686650394
lidar,1788163438699174938
esp32,1788163438786522716
lidar,1788163438797615096
esp32,1788163438886393584
lidar,1788163438897772860
esp32,1788163438986949113
lidar,1788163438997933685
esp32,1788163439086610376
lidar,1788163439098631685
esp32,1788163439186830782
lidar,1788163439198721322
esp32,1788163439286582698
lidar,1788163439299161411
lidar,1788163439399413932
esp32,1788163439405809984
esp32,1788163439486500533
lidar,1788163439500608299
esp32,1788163439586172095
lidar,1788163439600676860
esp32,1788163439686542000
lidar,1788163439702504562
esp32,1788163439786242937
lidar,1788163439801125191
lidar,1788163439902389203
esp32,1788163439905789166
esp32,1788163439986209677
lidar,1788163440000951053
esp32,1788163440086726918
lidar,1788163440100542890
esp32,1788163440186632873
lidar,1788163440200366686
esp32,1788163440286705707
lidar,1788163440300304962
esp32,1788163440386526437
lidar,1788163440399906481
esp32,1788163440486832606
lidar,1788163440500906400
esp32,1788163440586579673
lidar,1788163440598959063
esp32,1788163440686295756
lidar,1788163440698669637
esp32,1788163440786948939
lidar,1788163440798540247
esp32,1788163440886518645
lidar,1788163440898579106
esp32,1788163440986553050
lidar,1788163440998084493
esp32,1788163441086493473
lidar,1788163441098375976
esp32,1788163441186491090
lidar,1788163441198433094
esp32,1788163441286408958
lidar,1788163441298827213
esp32,1788163441386599355
lidar,1788163441400807908
esp32,1788163441486122480
lidar,1788163441499883992
esp32,1788163441586372132
lidar,1788163441600596566
esp32,1788163441686273793
lidar,1788163441700702473
esp32,1788163441786425905
lidar,1788163441800823605
esp32,1788163441886303099
lidar,1788163441900721046
lidar,1788163442003259013
esp32,1788163442005846402
esp32,1788163442087129667
lidar,1788163442100075830
lidar,1788163442199575928
esp32,1788163442206175398
lidar,1788163442298945634
esp32,1788163442305987575
esp32,1788163442386536860
lidar,1788163442398937333
esp32,1788163442486262490
lidar,1788163442498479990
esp32,1788163442586100827
lidar,1788163442598670317
esp32,1788163442686388357
lidar,1788163442698133918
esp32,1788163442786157881
lidar,1788163442798495066
lidar,1788163442898601721
esp32,1788163442906085587
esp32,1788163442986474000
lidar,1788163442999363627
lidar,1788163443101711041
esp32,1788163443105896267
lidar,1788163443200432708
esp32,1788163443206013904
lidar,1788163443299884427
esp32,1788163443305229337
lidar,1788163443400741361
esp32,1788163443406164566
esp32,1788163443486677855
lidar,1788163443501006052
esp32,1788163443586278873
lidar,1788163443601699957
lidar,1788163443701265397
esp32,1788163443705919862
esp32,1788163443786548590
lidar,1788163443800869176
lidar,1788163443900889917
esp32,1788163443905910290
lidar,1788163444004075033
esp32,1788163444005895897
esp32,1788163444087311027
lidar,1788163444099846436
lidar,1788163444199761690
esp32,1788163444206117389
esp32,1788163444286440518
lidar,1788163444299060437
esp32,1788163444386201654
lidar,1788163444399442350
esp32,1788163444486480952
lidar,1788163444499262510
esp32,1788163444586709252
lidar,1788163444598894040
esp32,1788163444687152004
lidar,1788163444699536123
esp32,1788163444786403757
lidar,1788163444800182774
esp32,1788163444886491569
lidar,1788163444902326315
esp32,1788163444985277598
lidar,1788163445000628539
lidar,1788163445114111973
esp32,1788163445125112715
esp32,1788163445185341264
lidar,1788163445201742236
esp32,1788163445286121519
lidar,1788163445300963827
esp32,1788163445386715217
lidar,1788163445401010117
lidar,1788163445500592938
esp32,1788163445505872378
esp32,1788163445586210015
lidar,1788163445600956433
esp32,1788163445686593815
lidar,1788163445701600199
lidar,1788163445800120897
esp32,1788163445805948647
lidar,1788163445899439538
esp32,1788163445905967847
lidar,1788163445999011273
esp32,1788163446005798188
lidar,1788163446100287422
esp32,1788163446105901112
esp32,1788163446186683274
lidar,1788163446198654963
esp32,1788163446285344648
lidar,1788163446297871147
esp32,1788163446385481856
lidar,1788163446397596186
lidar,1788163446497273111
esp32,1788163446505742705
esp32,1788163446586301422
lidar,1788163446598265323
esp32,1788163446687347898
lidar,1788163446698544813
esp32,1788163446786178480
lidar,1788163446798832492
lidar,1788163446898903431
esp32,1788163446905488664
lidar,1788163446998571952
esp32,1788163447005013214
esp32,1788163447085311218
lidar,1788163447099445309
esp32,1788163447185279293
lidar,1788163447200381522
esp32,1788163447286209209
lidar,1788163447300994026
esp32,1788163447386297422
lidar,1788163447402545682
esp32,1788163447486158680
lidar,1788163447501699766
lidar,1788163447601586675
esp32,1788163447606131061
lidar,1788163447701695395
esp32,1788163447705970739
lidar,1788163447801569928
esp32,1788163447806032760
lidar,1788163447900875563
esp32,1788163447906035946
esp32,1788163447986367666
lidar,1788163448000445785
esp32,1788163448086377258
lidar,1788163448100423701
lidar,1788163448201241332
esp32,1788163448205877565
esp32,1788163448286488329
lidar,1788163448299900438
esp32,1788163448386506968
lidar,1788163448399525837
esp32,1788163448486214422
lidar,1788163448498971755
lidar,1788163448598875189
esp32,1788163448606000536
lidar,1788163448698894715
esp32,1788163448706034049
esp32,1788163448786436467
lidar,1788163448799117192
esp32,1788163448886418048
lidar,1788163448900329809
lidar,1788163448999891887
esp32,1788163449005868127
lidar,1788163449100414044
esp32,1788163449106092058
esp32,1788163449186565453
lidar,1788163449200926137
lidar,1788163449302473851
esp32,1788163449305972579
esp32,1788163449385341522
lidar,1788163449401410522
esp32,1788163449486501221
lidar,1788163449501928890
esp32,1788163449586610363
lidar,1788163449602194528
esp32,1788163449686515799
lidar,1788163449703024554
esp32,1788163449786314047
lidar,1788163449801882144
esp32,1788163449886531936
lidar,1788163449901985867
esp32,1788163449986136518
lidar,1788163450002303124
esp32,1788163450086385640
lidar,1788163450101307726
esp32,1788163450186822957
lidar,1788163450201175983
esp32,1788163450286759601
lidar,1788163450300717168
esp32,1788163450386433074
lidar,1788163450402979342
esp32,1788163450486356669
lidar,1788163450500905072
esp32,1788163450586491148
lidar,1788163450600766050
esp32,1788163450686731782
lidar,1788163450700113515
esp32,1788163450786292026
lidar,1788163450799802831
esp32,1788163450886654464
lidar,1788163450899768750
lidar,1788163451000128284
esp32,1788163451006004620
esp32,1788163451086074324
lidar,1788163451099723739
esp32,1788163451186602421
lidar,1788163451199679241
esp32,1788163451286368993
lidar,1788163451299501386
lidar,1788163451398947810
esp32,1788163451404965131
lidar,1788163451499200078
esp32,1788163451505818847
lidar,1788163451599493679
esp32,1788163451605778505
esp32,1788163451686476669
lidar,1788163451699307230
esp32,1788163451786603399
lidar,1788163451798481855
esp32,1788163451886142911
lidar,1788163451897893697
esp32,1788163451986491267
lidar,1788163451997622652
lidar,1788163452097755354
esp32,1788163452106052881
esp32,1788163452187007854
lidar,1788163452197677089
lidar,1788163452298923072
esp32,1788163452305839405
lidar,1788163452399888383
esp32,1788163452406119964
esp32,1788163452486742447
lidar,1788163452498713283
esp32,1788163452586963888
lidar,1788163452599291004
lidar,1788163452700012791
esp32,1788163452705967884
esp32,1788163452786316672
lidar,1788163452800384987
esp32,1788163452886407893
lidar,1788163452900574758
lidar,1788163453000986713
esp32,1788163453005870517
lidar,1788163453101342219
esp32,1788163453105819331
lidar,1788163453201519315
esp32,1788163453205825813
lidar,1788163453301107198
esp32,1788163453305745545
lidar,1788163453401028864
esp32,1788163453405834165
lidar,1788163453500517189
esp32,1788163453505690001
lidar,1788163453600715076
esp32,1788163453606146021
esp32,1788163453686626158
lidar,1788163453699854454
esp32,1788163453786825667
lidar,1788163453799869597
esp32,1788163453886588752
lidar,1788163453899161141
esp32,1788163453987343085
lidar,1788163453998578402
esp32,1788163454086644315
lidar,1788163454098320445
esp32,1788163454187654063
lidar,1788163454200640058
esp32,1788163454286743141
lidar,1788163454297660165
esp32,1788163454386295027
lidar,1788163454397232647
esp32,1788163454486691290
lidar,1788163454497292320
esp32,1788163454586199408
lidar,1788163454599518914
esp32,1788163454686429332
lidar,1788163454697738377
esp32,1788163454786567698
lidar,1788163454797837172
esp32,1788163454886352776
lidar,1788163454898113744
esp32,1788163454985234408
lidar,1788163454997688127
lidar,1788163455098260853
esp32,1788163455105164458
lidar,1788163455197939544
esp32,1788163455205070795
lidar,1788163455298163226
esp32,1788163455305820010
esp32,1788163455386427632
lidar,1788163455397906486
esp32,1788163455485953282
lidar,1788163455497687682
esp32,1788163455586528016
lidar,1788163455597872579
esp32,1788163455686981559
lidar,1788163455697443712
esp32,1788163455786408626
lidar,1788163455799921504
esp32,1788163455886513863
lidar,1788163455897332111
esp32,1788163455986838157
lidar,1788163455996766121
lidar,1788163456096541049
esp32,1788163456106090983
esp32,1788163456186630475
lidar,1788163456196327054
esp32,1788163456286369215
lidar,1788163456296213999
esp32,1788163456386681287
lidar,1788163456395618428
esp32,1788163456486431574
lidar,1788163456495750303
esp32,1788163456586673217
lidar,1788163456594631267
esp32,1788163456686574228
lidar,1788163456694574036
lidar,1788163456794485259
esp32,1788163456806182595
lidar,1788163456894201035
esp32,1788163456905407831
lidar,1788163456994565528
esp32,1788163457005204363
lidar,1788163457094707321
esp32,1788163457105074091
lidar,1788163457195805102
esp32,1788163457206025843
esp32,1788163457286065800
lidar,1788163457296649296
lidar,1788163457396927425
esp32,1788163457406017583
esp32,1788163457485747925
lidar,1788163457497012544
esp32,1788163457586221390
lidar,1788163457597029712
esp32,1788163457686622880
lidar,1788163457697949439
esp32,1788163457786507963
lidar,1788163457796915475
esp32,1788163457886365282
lidar,1788163457899007421
esp32,1788163457986344471
lidar,1788163457996350334
lidar,1788163458095999500
esp32,1788163458105825934
esp32,1788163458186373251
lidar,1788163458195659906
esp32,1788163458287211650
lidar,1788163458296810888
esp32,1788163458386156519
lidar,1788163458394851811
esp32,1788163458486271660
lidar,1788163458495697781
esp32,1788163458586317029
lidar,1788163458594330565
esp32,1788163458686305780
lidar,1788163458697456073
esp32,1788163458786980946
lidar,1788163458793863645
esp32,1788163458886548322
lidar,1788163458893793972
esp32,1788163458986827368
lidar,1788163458996330867
esp32,1788163459086547027
lidar,1788163459094037122
esp32,1788163459186835583
lidar,1788163459194942192
esp32,1788163459286359578
lidar,1788163459295235537
esp32,1788163459386420851
lidar,1788163459395537617
esp32,1788163459486374799
lidar,1788163459495992704
esp32,1788163459586601815
lidar,1788163459595676180
esp32,1788163459686813004
lidar,1788163459695671834
esp32,1788163459786704662
lidar,1788163459795860117
esp32,1788163459886418089
lidar,1788163459895429568
esp32,1788163459986567225
lidar,1788163459994801239
esp32,1788163460086453846
lidar,1788163460094813123
esp32,1788163460186534318
lidar,1788163460194483818
esp32,1788163460286377004
lidar,1788163460293721780
lidar,1788163460392991664
esp32,1788163460406158338
lidar,1788163460492551895
esp32,1788163460506181631
esp32,1788163460587038405
lidar,1788163460592938907
lidar,1788163460694199740
esp32,1788163460706112470
lidar,1788163460792688800
esp32,1788163460806261507
esp32,1788163460886207434
lidar,1788163460892906442
lidar,1788163460992970038
esp32,1788163461005989865
lidar,1788163461093042188
esp32,1788163461106063557
esp32,1788163461186450225
lidar,1788163461193591511
esp32,1788163461286134666
lidar,1788163461294045751
esp32,1788163461386223930
lidar,1788163461394336502
esp32,1788163461486241458
lidar,1788163461493707121
esp32,1788163461585293774
lidar,1788163461593449702
lidar,1788163461693026403
esp32,1788163461705925333
esp32,1788163461786422816
lidar,1788163461792887296
esp32,1788163461885692685
lidar,1788163461892972149
lidar,1788163461998598329
esp32,1788163462005962070
lidar,1788163462092575745
esp32,1788163462106216793
esp32,1788163462186560955
lidar,1788163462192445651
lidar,1788163462291892242
esp32,1788163462306054745
lidar,1788163462393665059
esp32,1788163462406228090
lidar,1788163462491003964
esp32,1788163462506244038
lidar,1788163462591136527
esp32,1788163462606247494
lidar,1788163462690632835
esp32,1788163462705994602
lidar,1788163462791481837
esp32,1788163462806224162
lidar,1788163462891421021
esp32,1788163462906029212
lidar,1788163462992402885
esp32,1788163463006252575
lidar,1788163463092240296
esp32,1788163463105927821
lidar,1788163463192624983
esp32,1788163463206075409
esp32,1788163463286188921
lidar,1788163463293435067
esp32,1788163463386095679
lidar,1788163463393937320
esp32,1788163463486807886
lidar,1788163463494288833
esp32,1788163463586666249
lidar,1788163463593800431
esp32,1788163463687083805
lidar,1788163463693639400
lidar,1788163463793521654
esp32,1788163463806204654
lidar,1788163463893441262
esp32,1788163463906003574
lidar,1788163463993160171
esp32,1788163464006026253
lidar,1788163464092828693
esp32,1788163464106020244
lidar,1788163464192370311
esp32,1788163464206007546
lidar,1788163464292450910
esp32,1788163464305996433
lidar,1788163464391974320
esp32,1788163464406040122
lidar,1788163464491424347
esp32,1788163464506138154
lidar,1788163464590860218
esp32,1788163464606040736
lidar,1788163464690624392
esp32,1788163464706040535
lidar,1788163464790410593
esp32,1788163464806060778
lidar,1788163464892949250
esp32,1788163464906005774
lidar,1788163464989751670
esp32,1788163465004983463
esp32,1788163465085307195
lidar,1788163465090296981
esp32,1788163465185613111
lidar,1788163465190578806
esp32,1788163465286472028
lidar,1788163465291576418
esp32,1788163465386289958
lidar,1788163465391911972
esp32,1788163465486830552
lidar,1788163465492450029
esp32,1788163465586858082
lidar,1788163465593159127
lidar,1788163465693008378
esp32,1788163465705711488
lidar,1788163465793833322
esp32,1788163465806193535
lidar,1788163465893735849
esp32,1788163465906048839
lidar,1788163465993159276
esp32,1788163466006221082
lidar,1788163466092901038
esp32,1788163466106110545
lidar,1788163466192417469
esp32,1788163466206036274
lidar,1788163466292643438
esp32,1788163466306111225
lidar,1788163466393749971
esp32,1788163466406009294
lidar,1788163466491050987
esp32,1788163466506112858
lidar,1788163466591099352
esp32,1788163466606154239
lidar,1788163466689704825
esp32,1788163466706143613
esp32,1788163466786865623
lidar,1788163466789958141
lidar,1788163466890009176
esp32,1788163466905966363
esp32,1788163466985220429
lidar,1788163466990387640
lidar,1788163467091914905
esp32,1788163467105048101
esp32,1788163467185213208
lidar,1788163467190623906
esp32,1788163467286649914
lidar,1788163467291483904
esp32,1788163467386322652
lidar,1788163467391812512
lidar,1788163467492203227
esp32,1788163467506191797
esp32,1788163467586195522
lidar,1788163467592582748
esp32,1788163467686130976
lidar,1788163467692272795
esp32,1788163467786750845
lidar,1788163467792504003
lidar,1788163467892115694
esp32,1788163467906063094
esp32,1788163467986220048
lidar,1788163467995960470
esp32,1788163468086221483
lidar,1788163468091256337
esp32,1788163468186483664
lidar,1788163468191605037
esp32,1788163468286599836
lidar,1788163468290858228
esp32,1788163468386375696
lidar,1788163468390901077
esp32,1788163468486633979
lidar,1788163468490585496
esp32,1788163468586347301
lidar,1788163468590962177
esp32,1788163468686689597
lidar,1788163468690106374
esp32,1788163468786835182
lidar,1788163468790370311
lidar,1788163468890653093
esp32,1788163468906198637
lidar,1788163468990888368
esp32,1788163469006199248
esp32,1788163469086500772
lidar,1788163469090765794
esp32,1788163469186777660
lidar,1788163469193014105
lidar,1788163469289772401
esp32,1788163469306042013
lidar,1788163469390138037
esp32,1788163469406144031
lidar,1788163469490040756
esp32,1788163469506121415
esp32,1788163469586940293
lidar,1788163469589990924
lidar,1788163469690556103
esp32,1788163469705925183
lidar,1788163469791372571
esp32,1788163469806046741
lidar,1788163469893122438
esp32,1788163469905814948
lidar,1788163469991805391
esp32,1788163470006114915
lidar,1788163470092392428
esp32,1788163470105968397
lidar,1788163470191976576
esp32,1788163470206254745
lidar,1788163470291500755
esp32,1788163470306075943
lidar,1788163470391602623
esp32,1788163470406146119
lidar,1788163470491632425
esp32,1788163470506215225
esp32,1788163470586448826
lidar,1788163470591399328
lidar,1788163470696841512
esp32,1788163470706061041
esp32,1788163470786614069
lidar,1788163470791194634
esp32,1788163470886604030
lidar,1788163470892117189
lidar,1788163470990858060
esp32,1788163471006187026
lidar,1788163471090825020
esp32,1788163471106196515
esp32,1788163471186631145
lidar,1788163471191614414
lidar,1788163471290201618
esp32,1788163471306194955
lidar,1788163471389841386
esp32,1788163471406104386
lidar,1788163471490529646
esp32,1788163471506098230
lidar,1788163471588806524
esp32,1788163471606088707
lidar,1788163471688706415
esp32,1788163471706207054
lidar,1788163471789940399
esp32,1788163471806084960
lidar,1788163471888884104
esp32,1788163471906206925
lidar,1788163471988504813
esp32,1788163472006132687
lidar,1788163472088894507
esp32,1788163472106197062
lidar,1788163472189484036
esp32,1788163472206233397
lidar,1788163472289972398
esp32,1788163472306265620
esp32,1788163472386941560
lidar,1788163472389850497
esp32,1788163472486283718
lidar,1788163472490283358
esp32,1788163472586238468
lidar,1788163472590276100
esp32,1788163472686623601
lidar,1788163472690218045
esp32,1788163472786580971
lidar,1788163472790204573
esp32,1788163472886371479
lidar,1788163472890381664
esp32,1788163472986467877
lidar,1788163472990053173
lidar,1788163473090068329
esp32,1788163473106188736
lidar,1788163473189959328
esp32,1788163473206123135
lidar,1788163473290117024
esp32,1788163473306208666
lidar,1788163473388174956
esp32,1788163473406258158
lidar,1788163473488171575
esp32,1788163473506067025
lidar,1788163473587821987
esp32,1788163473606088860
lidar,1788163473687792562
esp32,1788163473706231820
lidar,1788163473787912069
esp32,1788163473806029993
lidar,1788163473887874869
esp32,1788163473906072054
lidar,1788163473988370495
esp32,1788163474005909862
lidar,1788163474089033008
esp32,1788163474105663224
lidar,1788163474189816795
esp32,1788163474206199710
lidar,1788163474290147756
esp32,1788163474306230435
lidar,1788163474390346055
esp32,1788163474406092990
esp32,1788163474486272586
lidar,1788163474490000308
esp32,1788163474586341137
lidar,1788163474589456367
esp32,1788163474686660729
lidar,1788163474689296008
lidar,1788163474788792669
esp32,1788163474806167774
lidar,1788163474888680241
esp32,1788163474906156051
esp32,1788163474985250245
lidar,1788163474990048977
esp32,1788163475085217249
lidar,1788163475092635896
esp32,1788163475185322224
lidar,1788163475187389636
lidar,1788163475287564435
esp32,1788163475305925563
lidar,1788163475387563125
esp32,1788163475405986401
lidar,1788163475487411197
esp32,1788163475506002585
lidar,1788163475586806821
esp32,1788163475606080471
lidar,1788163475686989920
esp32,1788163475706207872
lidar,1788163475814103651
esp32,1788163475825123910
lidar,1788163475886435913
esp32,1788163475906076102
lidar,1788163475986322106
esp32,1788163476006003412
lidar,1788163476087095673
esp32,1788163476105673496
lidar,1788163476186068483
esp32,1788163476206110207
lidar,1788163476285954330
esp32,1788163476306159075
lidar,1788163476386057635
esp32,1788163476406217127
lidar,1788163476486272884
esp32,1788163476506266908
lidar,1788163476586867924
esp32,1788163476606019040
esp32,1788163476686409760
lidar,1788163476687425070
lidar,1788163476787916927
esp32,1788163476806171373
lidar,1788163476887955527
esp32,1788163476905809476
lidar,1788163476988088063
esp32,1788163477005244974
lidar,1788163477088320038
esp32,1788163477105248808
lidar,1788163477188000819
esp32,1788163477205277211
lidar,1788163477288499500
esp32,1788163477306127622
lidar,1788163477388426360
esp32,1788163477406052501
lidar,1788163477488066825
esp32,1788163477505820872
lidar,1788163477591058334
esp32,1788163477605440994
lidar,1788163477687665773
esp32,1788163477706125315
esp32,1788163477786256685
lidar,1788163477787193915
esp32,1788163477886177529
lidar,1788163477886873742
esp32,1788163477986470903
lidar,1788163477986813967
lidar,1788163478086866715
esp32,1788163478088102262
lidar,1788163478186345003
esp32,1788163478187012560
lidar,1788163478285837740
esp32,1788163478286581232
lidar,1788163478385804647
esp32,1788163478406031187
lidar,1788163478485445285
esp32,1788163478506074046
lidar,1788163478585245374
esp32,1788163478586144989
lidar,1788163478684889818
esp32,1788163478706191609
lidar,1788163478784781532
esp32,1788163478786968350
lidar,1788163478884829212
esp32,1788163478906128595
lidar,1788163478985029609
esp32,1788163479006112393
lidar,1788163479088393855
esp32,1788163479106172980
lidar,1788163479186851190
esp32,1788163479206132336
lidar,1788163479291494004
esp32,1788163479306005383
lidar,1788163479386837081
esp32,1788163479406040455
lidar,1788163479487366289
esp32,1788163479506025698
lidar,1788163479587680516
esp32,1788163479605985218
lidar,1788163479687312567
esp32,1788163479706039092
lidar,1788163479787518120
esp32,1788163479806197351
lidar,1788163479887026177
esp32,1788163479905929265
lidar,1788163479987048656
esp32,1788163480006154882
lidar,1788163480086593840
esp32,1788163480105759640
lidar,1788163480186437196
esp32,1788163480187059934
lidar,1788163480286400832
esp32,1788163480306167997
lidar,1788163480385931154
esp32,1788163480386604600
lidar,1788163480485426025
esp32,1788163480486053646
lidar,1788163480587151387
esp32,1788163480606068641
lidar,1788163480685129532
esp32,1788163480706088326
lidar,1788163480785065592
esp32,1788163480806244185
lidar,1788163480884102193
esp32,1788163480906283019
lidar,1788163480984545429
esp32,1788163481006027329
lidar,1788163481085037900
esp32,1788163481087008734
lidar,1788163481184971333
esp32,1788163481206004470
lidar,1788163481285558966
esp32,1788163481306020909
lidar,1788163481386172036
esp32,1788163481406007765
lidar,1788163481486951872
esp32,1788163481505962746
lidar,1788163481587836860
esp32,1788163481605914296
lidar,1788163481688337381
esp32,1788163481706118594
lidar,1788163481788857412
esp32,1788163481806036151
lidar,1788163481892186981
esp32,1788163481905397360
lidar,1788163481989582998
esp32,1788163482006208044
lidar,1788163482089738293
esp32,1788163482106087286
esp32,1788163482186399763
lidar,1788163482189339952
lidar,1788163482289513618
esp32,1788163482306026684
lidar,1788163482389307216
esp32,1788163482406034278
lidar,1788163482488849510
esp32,1788163482506025705
lidar,1788163482589293770
esp32,1788163482606023000
lidar,1788163482688845683
esp32,1788163482706075712
lidar,1788163482788897792
esp32,1788163482806020151
lidar,1788163482888138137
esp32,1788163482906103814
lidar,1788163482987774459
esp32,1788163483006008946
lidar,1788163483087821403
esp32,1788163483105888137
lidar,1788163483187660350
esp32,1788163483206000453
lidar,1788163483287647821
esp32,1788163483306041451
lidar,1788163483386968633
esp32,1788163483405962839
lidar,1788163483487443027
esp32,1788163483506270081
lidar,1788163483590199543
esp32,1788163483605889467
lidar,1788163483693010022
esp32,1788163483706062263
lidar,1788163483787663987
esp32,1788163483806115584
lidar,1788163483887874133
esp32,1788163483906189394
esp32,1788163483986107248
lidar,1788163483988175114
esp32,1788163484086515155
lidar,1788163484088558334
esp32,1788163484186534535
lidar,1788163484188915352
esp32,1788163484286117526
lidar,1788163484289059219
esp32,1788163484386245182
lidar,1788163484389094454
esp32,1788163484486297869
lidar,1788163484488973394
esp32,1788163484586198144
lidar,1788163484588935070
lidar,1788163484689073269
esp32,1788163484706120777
lidar,1788163484788805026
esp32,1788163484806133369
lidar,1788163484888968715
esp32,1788163484905925310
lidar,1788163484988089622
esp32,1788163485005226064
lidar,1788163485089508671
esp32,1788163485105153329
lidar,1788163485187501306
esp32,1788163485205103680
lidar,1788163485287632189
esp32,1788163485305913526
lidar,1788163485387631023
esp32,1788163485406210890
lidar,1788163485487375422
esp32,1788163485506079999
lidar,1788163485587155166
esp32,1788163485606120038
lidar,1788163485687277926
esp32,1788163485706063563
esp32,1788163485786548782
lidar,1788163485787228038
esp32,1788163485886512583
lidar,1788163485887140680
lidar,1788163485987443422
esp32,1788163486005837358
lidar,1788163486089719296
esp32,1788163486106135083
lidar,1788163486186645510
esp32,1788163486206093742
lidar,1788163486286532478
esp32,1788163486287182181
lidar,1788163486386130638
esp32,1788163486386966429
lidar,1788163486485391769
esp32,1788163486505967780
lidar,1788163486585128693
esp32,1788163486606117486
lidar,1788163486685230366
esp32,1788163486706023125
lidar,1788163486785143228
esp32,1788163486805986088
lidar,1788163486890720976
esp32,1788163486905864022
lidar,1788163486984581344
esp32,1788163487005073995
lidar,1788163487084753041
esp32,1788163487085256846
lidar,1788163487184892161
esp32,1788163487185360432
lidar,1788163487285672999
esp32,1788163487286725629
lidar,1788163487385582202
esp32,1788163487387157610
lidar,1788163487485701022
esp32,1788163487506249153
lidar,1788163487585668719
esp32,1788163487586621922
lidar,1788163487685885015
esp32,1788163487706236288
lidar,1788163487784965742
esp32,1788163487786693646
lidar,1788163487890581097
esp32,1788163487906156801
lidar,1788163487984145475
esp32,1788163488005523847
lidar,1788163488090545973
esp32,1788163488106164844
lidar,1788163488183879034
esp32,1788163488206271119
lidar,1788163488283341804
esp32,1788163488306140785
lidar,1788163488383281400
esp32,1788163488406273471
lidar,1788163488483093538
esp32,1788163488506197037
lidar,1788163488583438280
esp32,1788163488606098802
lidar,1788163488683802590
esp32,1788163488706281066
lidar,1788163488784717136
esp32,1788163488806263289
lidar,1788163488885231207
esp32,1788163488906230722
lidar,1788163488985455154
esp32,1788163489006100401
lidar,1788163489085683957
esp32,1788163489106016585
lidar,1788163489185697557
esp32,1788163489206255872
lidar,1788163489285486383
esp32,1788163489306204022
lidar,1788163489385345594
esp32,1788163489406195944
lidar,1788163489484757758
esp32,1788163489506258233
lidar,1788163489584734399
esp32,1788163489606107524
lidar,1788163489684166930
esp32,1788163489686624126
lidar,1788163489783850500
esp32,1788163489786100179
lidar,1788163489884126521
esp32,1788163489886103838
lidar,1788163489983719900
esp32,1788163490006133152
lidar,1788163490083553126
esp32,1788163490086623837
lidar,1788163490185746068
esp32,1788163490206365221
lidar,1788163490283237802
esp32,1788163490306225629
lidar,1788163490382286352
esp32,1788163490406240535
lidar,1788163490481979657
esp32,1788163490506109846
lidar,1788163490581476324
esp32,1788163490606049160
lidar,1788163490681607473
esp32,1788163490706205914
lidar,1788163490781508387
esp32,1788163490806026140
lidar,1788163490880974820
esp32,1788163490906073799
lidar,1788163490981285918
esp32,1788163491006146250
lidar,1788163491081346370
esp32,1788163491106108297
lidar,1788163491181799936
esp32,1788163491206161650
lidar,1788163491282689026
esp32,1788163491306136930
lidar,1788163491382954812
esp32,1788163491406230513
lidar,1788163491483133386
esp32,1788163491486542632
lidar,1788163491584048065
esp32,1788163491586536939
lidar,1788163491684214342
esp32,1788163491706269190
lidar,1788163491784536062
esp32,1788163491806154460
lidar,1788163491884874573
esp32,1788163491906110511
lidar,1788163491986682533
esp32,1788163492005751382
lidar,1788163492084801695
esp32,1788163492106151940
lidar,1788163492184335477
esp32,1788163492206006351
lidar,1788163492284774521
esp32,1788163492305999431
lidar,1788163492385741461
esp32,1788163492406112837
lidar,1788163492483892025
esp32,1788163492506138851
lidar,1788163492583836278
esp32,1788163492606191962
lidar,1788163492683564738
esp32,1788163492706208584
lidar,1788163492783597042
esp32,1788163492806105736
lidar,1788163492882938243
esp32,1788163492906057257
lidar,1788163492983022966
esp32,1788163493006102825
lidar,1788163493083091608
esp32,1788163493086409745
lidar,1788163493182492882
esp32,1788163493206105511
lidar,1788163493282103642
esp32,1788163493286114324
lidar,1788163493382103319
esp32,1788163493386009980
lidar,1788163493482771865
esp32,1788163493486070354
lidar,1788163493581310850
esp32,1788163493606022933
lidar,1788163493681161119
esp32,1788163493706127949
lidar,1788163493781011687
esp32,1788163493806232690
lidar,1788163493880684835
esp32,1788163493905980959
lidar,1788163493980081754
esp32,1788163494006030022
lidar,1788163494080058164
esp32,1788163494105891045
lidar,1788163494182892602
esp32,1788163494206077529
lidar,1788163494281819448
esp32,1788163494306213187
lidar,1788163494384094598
esp32,1788163494406131100
lidar,1788163494481370891
esp32,1788163494506013860
lidar,1788163494581774874
esp32,1788163494605916896
lidar,1788163494681990326
esp32,1788163494705988002
lidar,1788163494782354207
esp32,1788163494806206532
lidar,1788163494882506579
esp32,1788163494906136456
lidar,1788163494981981344
esp32,1788163494985148778
lidar,1788163495081772436
esp32,1788163495085092572
lidar,1788163495181066960
esp32,1788163495185215211
lidar,1788163495281436594
esp32,1788163495285890249
lidar,1788163495381145133
esp32,1788163495386133605
lidar,1788163495481060370
esp32,1788163495506070266
lidar,1788163495580625009
esp32,1788163495606026596
lidar,1788163495680306598
esp32,1788163495706121389
lidar,1788163495780489644
esp32,1788163495806096969
lidar,1788163495880573006
esp32,1788163495906090316
lidar,1788163495980926800
esp32,1788163496006125358
lidar,1788163496082846475
esp32,1788163496105686166
lidar,1788163496181629895
esp32,1788163496206178647
lidar,1788163496282151354
esp32,1788163496306128142
lidar,1788163496382342573
esp32,1788163496386246194
lidar,1788163496483238771
esp32,1788163496486054563
lidar,1788163496584916616
esp32,1788163496606003310
lidar,1788163496685912547
esp32,1788163496706095630
lidar,1788163496782911683
esp32,1788163496806242758
lidar,1788163496883171976
esp32,1788163496886050270
lidar,1788163496982351978
esp32,1788163496985143524
lidar,1788163497082368338
esp32,1788163497105216871
lidar,1788163497181883059
esp32,1788163497185074254
lidar,1788163497282089196
esp32,1788163497306393317
lidar,1788163497381908829
esp32,1788163497406142185
lidar,1788163497481414154
esp32,1788163497506250787
lidar,1788163497580943618
esp32,1788163497606079142
lidar,1788163497680770277
esp32,1788163497706142513
lidar,1788163497780196473
esp32,1788163497806144183
lidar,1788163497880494621
esp32,1788163497905987751
lidar,1788163497980714229
esp32,1788163498006201672
lidar,1788163498080753590
esp32,1788163498106234200
lidar,1788163498180663537
esp32,1788163498206016849
lidar,1788163498281614981
esp32,1788163498306177005
lidar,1788163498381856281
esp32,1788163498406266578
lidar,1788163498482828078
esp32,1788163498506179224
lidar,1788163498582874933
esp32,1788163498606095040
lidar,1788163498685727988
esp32,1788163498706147767
lidar,1788163498786883307
esp32,1788163498806239789
lidar,1788163498882894078
esp32,1788163498906291521
lidar,1788163498982605838
esp32,1788163498986116326
lidar,1788163499082498678
esp32,1788163499106099739
lidar,1788163499181794230
esp32,1788163499205981034
lidar,1788163499281328545
esp32,1788163499306167884
lidar,1788163499381281920
esp32,1788163499387114458
lidar,1788163499480850883
esp32,1788163499506184314
lidar,1788163499580631502
esp32,1788163499606132209
lidar,1788163499680307377
esp32,1788163499706119018
lidar,1788163499779921774
esp32,1788163499806213707
lidar,1788163499879698226
esp32,1788163499906220145
lidar,1788163499979652081
esp32,1788163500006163413
lidar,1788163500080286561
esp32,1788163500106219392
lidar,1788163500182195954
esp32,1788163500206102827
lidar,1788163500281379694
esp32,1788163500306217521
lidar,1788163500380173956
esp32,1788163500406165513
lidar,1788163500480746858
esp32,1788163500506201746
lidar,1788163500580902718
esp32,1788163500606097139
lidar,1788163500681901488
esp32,1788163500686815658
lidar,1788163500782307642
esp32,1788163500786160209
lidar,1788163500884770298
esp32,1788163500905947441
lidar,1788163500982930431
esp32,1788163501006182074
lidar,1788163501083568118
esp32,1788163501106220159
lidar,1788163501183168185
esp32,1788163501186409572
lidar,1788163501282994437
esp32,1788163501306224883
lidar,1788163501394945250
esp32,1788163501406207934
lidar,1788163501482996142
esp32,1788163501506250958
lidar,1788163501582513017
esp32,1788163501606261793
lidar,1788163501682228492
esp32,1788163501706175332
lidar,1788163501782337741
esp32,1788163501806109011
lidar,1788163501881430613
esp32,1788163501906235168
lidar,1788163501981240888
esp32,1788163502006121811
lidar,1788163502081424518
esp32,1788163502106158894
lidar,1788163502180741095
esp32,1788163502205063343
lidar,1788163502280640779
esp32,1788163502306194027
lidar,1788163502380190802
esp32,1788163502406234053
lidar,1788163502480114750
esp32,1788163502506306382
lidar,1788163502579632268
esp32,1788163502605961537
lidar,1788163502679219445
esp32,1788163502686400839
lidar,1788163502781357280
esp32,1788163502786037309
lidar,1788163502879690580
esp32,1788163502886083900
lidar,1788163502980177832
esp32,1788163503006100850
lidar,1788163503080362098
esp32,1788163503105974908
lidar,1788163503180630163
esp32,1788163503206180177
lidar,1788163503280737321
esp32,1788163503306230521
lidar,1788163503381678975
esp32,1788163503406151777
lidar,1788163503481627683
esp32,1788163503506027662
lidar,1788163503582479529
esp32,1788163503606096441
lidar,1788163503682503411
esp32,1788163503706153864
lidar,1788163503782592283
esp32,1788163503806103365
lidar,1788163503882135453
esp32,1788163503906084718
lidar,1788163503981918471
esp32,1788163504006160384
lidar,1788163504081509687
esp32,1788163504106249127
lidar,1788163504181597984
esp32,1788163504206439316
lidar,1788163504281597230
esp32,1788163504306189501
lidar,1788163504381070026
esp32,1788163504406064291
lidar,1788163504480576796
esp32,1788163504486389298
lidar,1788163504582237362
esp32,1788163504587089661
lidar,1788163504680599580
esp32,1788163504686299442
lidar,1788163504779965094
esp32,1788163504806151731
lidar,1788163504879570417
esp32,1788163504906197847
lidar,1788163504978867290
esp32,1788163504985557026
lidar,1788163505079147550
esp32,1788163505105175560
lidar,1788163505178882394
esp32,1788163505205383245
lidar,1788163505279668301
esp32,1788163505306211267
lidar,1788163505379910045
esp32,1788163505406119530
lidar,1788163505480200208
esp32,1788163505506427053
lidar,1788163505580568441
esp32,1788163505605967791
lidar,1788163505680668240
esp32,1788163505686296309
lidar,1788163505781031805
esp32,1788163505786053387
lidar,1788163505881745101
esp32,1788163505886131629
lidar,1788163505981727454
esp32,1788163505986225108
lidar,1788163506081652034
esp32,1788163506106153067
lidar,1788163506181628841
esp32,1788163506206021277
lidar,1788163506280305088
esp32,1788163506285101955
lidar,1788163506380182361
esp32,1788163506405322387
lidar,1788163506480338132
esp32,1788163506525770925
lidar,1788163506580422053
esp32,1788163506606107679
lidar,1788163506680111624
esp32,1788163506706098520
lidar,1788163506780078800
esp32,1788163506806125107
lidar,1788163506879655928
esp32,1788163506906086010
lidar,1788163506979088781
esp32,1788163507005088408
lidar,1788163507081333958
esp32,1788163507105030268
lidar,1788163507179622262
esp32,1788163507205181188
lidar,1788163507278684895
esp32,1788163507306004796
lidar,1788163507378745721
esp32,1788163507406112853
lidar,1788163507478813583
esp32,1788163507506296876
lidar,1788163507580018600
esp32,1788163507606202369
lidar,1788163507679857891
esp32,1788163507706153251
lidar,1788163507780289386
esp32,1788163507806108778
lidar,1788163507880662892
esp32,1788163507906247588
lidar,1788163507981022792
esp32,1788163508006036575
lidar,1788163508080705688
esp32,1788163508105802039
lidar,1788163508180695260
esp32,1788163508206046288
lidar,1788163508280523643
esp32,1788163508305139159
lidar,1788163508380967034
esp32,1788163508406058622
lidar,1788163508480678388
esp32,1788163508506162387
lidar,1788163508580113168
esp32,1788163508606105399
lidar,1788163508679930187
esp32,1788163508706140384
lidar,1788163508780666338
esp32,1788163508806118719
lidar,1788163508879317435
esp32,1788163508906061827
lidar,1788163508978864610
esp32,1788163509006089058
lidar,1788163509078682857
esp32,1788163509105997366
lidar,1788163509183643808
esp32,1788163509206061903
lidar,1788163509277654703
esp32,1788163509306099789
lidar,1788163509377387680
esp32,1788163509406150545
lidar,1788163509479892358
esp32,1788163509506102438
lidar,1788163509577985102
esp32,1788163509606175402
lidar,1788163509678216742
esp32,1788163509706156481
lidar,1788163509778919043
esp32,1788163509805994117
lidar,1788163509879126358
esp32,1788163509906059969
lidar,1788163509979255203
esp32,1788163510006089946
lidar,1788163510079767255
esp32,1788163510106003646
lidar,1788163510179703827
esp32,1788163510206130400
lidar,1788163510279309661
esp32,1788163510305992058
lidar,1788163510379249761
esp32,1788163510406055863
lidar,1788163510481206306
esp32,1788163510505964188
lidar,1788163510578188113
esp32,1788163510606083593
lidar,1788163510692749860
esp32,1788163510706252647
lidar,1788163510777710798
esp32,1788163510806100934
lidar,1788163510877765941
esp32,1788163510906265467
lidar,1788163510977249005
lidar,1788163511077335440
lidar,1788163511177668712
lidar,1788163511280220791
lidar,1788163511379083869
lidar,1788163511478971700
lidar,1788163511579022038
lidar,1788163511679048580
lidar,1788163511779007549
lidar,1788163511878890862
lidar,1788163511978375477
lidar,1788163512078089085
esp32,1788163512127206819
esp32,1788163512127856764
esp32,1788163512128292426
esp32,1788163512166146028
lidar,1788163512180881652
esp32,1788163512266101144
lidar,1788163512277776401
esp32,1788163512365226921
lidar,1788163512377856479
esp32,1788163512466052505
lidar,1788163512476910323
esp32,1788163512566042267
lidar,1788163512576876246
esp32,1788163512666056982
lidar,1788163512676554737
esp32,1788163512766060005
lidar,1788163512776006724
esp32,1788163512866003528
lidar,1788163512876624974
esp32,1788163512966186262
lidar,1788163512975245722
esp32,1788163513066260912
lidar,1788163513075047648
esp32,1788163513166111613
lidar,1788163513175083498
esp32,1788163513266122786
lidar,1788163513275956223
esp32,1788163513366118050
lidar,1788163513378174606
esp32,1788163513466139986
lidar,1788163513476104554
esp32,1788163513566141656
lidar,1788163513576587891
esp32,1788163513666002700
lidar,1788163513676956520
esp32,1788163513766155430
lidar,1788163513777413919
esp32,1788163513865988354
lidar,1788163513877598931
esp32,1788163513966109576
lidar,1788163513977259412
esp32,1788163514066212155
lidar,1788163514076743181
esp32,1788163514166032940
lidar,1788163514176609394
esp32,1788163514265934129
lidar,1788163514276347680
esp32,1788163514365134393
lidar,1788163514375552473
esp32,1788163514466022251
lidar,1788163514475554542
esp32,1788163514565744172
lidar,1788163514574962869
esp32,1788163514666073073
lidar,1788163514674749578
esp32,1788163514766040923
lidar,1788163514774491150
esp32,1788163514865890424
lidar,1788163514873981153
esp32,1788163514965906657
lidar,1788163514973623871
esp32,1788163515065203662
lidar,1788163515073031690
esp32,1788163515165102829
lidar,1788163515173314485
esp32,1788163515265689804
lidar,1788163515273903307
esp32,1788163515366118686
lidar,1788163515376199888
esp32,1788163515465985506
lidar,1788163515478010344
esp32,1788163515566219160
lidar,1788163515574707668
esp32,1788163515666227291
lidar,1788163515674946955
esp32,1788163515766013962
lidar,1788163515775801625
esp32,1788163515866009182
lidar,1788163515876197863
esp32,1788163515966008425
lidar,1788163515975886847
esp32,1788163516066064687
lidar,1788163516075943272
esp32,1788163516166402709
lidar,1788163516175573298
esp32,1788163516266113097
lidar,1788163516275144363
esp32,1788163516365919944
lidar,1788163516374615104
esp32,1788163516466008473
lidar,1788163516473905212
esp32,1788163516566098526
lidar,1788163516573534575
esp32,1788163516666081818
lidar,1788163516673204053
esp32,1788163516766274302
lidar,1788163516773018701
esp32,1788163516866084628
lidar,1788163516873297112
esp32,1788163516965077178
lidar,1788163516972681922
esp32,1788163517065207288
lidar,1788163517074631104
esp32,1788163517165250874
lidar,1788163517172839252
esp32,1788163517265990725
lidar,1788163517273427387
esp32,1788163517366200461
lidar,1788163517373960384
esp32,1788163517465958251
lidar,1788163517473955273
esp32,1788163517565884037
lidar,1788163517576275629
esp32,1788163517665998483
lidar,1788163517674661052
esp32,1788163517766003596
lidar,1788163517774267616
esp32,1788163517865846171
lidar,1788163517873772559
esp32,1788163517965922893
lidar,1788163517973814922
esp32,1788163518065877923
lidar,1788163518073308431
esp32,1788163518166115946
lidar,1788163518173115599
esp32,1788163518266075242
lidar,1788163518272764815
esp32,1788163518365980631
lidar,1788163518372481715
esp32,1788163518465219631
lidar,1788163518471803758
esp32,1788163518566131757
lidar,1788163518571974222
esp32,1788163518666130849
lidar,1788163518673181186
esp32,1788163518766322987
lidar,1788163518771374557
esp32,1788163518866319751
lidar,1788163518871588904
esp32,1788163518966096256
lidar,1788163518971555016
esp32,1788163519066267541
lidar,1788163519072013765
esp32,1788163519166254352
lidar,1788163519172531636
esp32,1788163519266365743
lidar,1788163519273325234
esp32,1788163519366135061
lidar,1788163519373712329
esp32,1788163519466249922
lidar,1788163519473874067
esp32,1788163519566343387
lidar,1788163519574422903
esp32,1788163519666053255
lidar,1788163519677088754
esp32,1788163519766275536
lidar,1788163519779402684
esp32,1788163519866262943
lidar,1788163519875062200
esp32,1788163519966115028
lidar,1788163519974896597
esp32,1788163520066285002
lidar,1788163520074909893
esp32,1788163520166196545
lidar,1788163520174874151
esp32,1788163520265898452
lidar,1788163520274507964
esp32,1788163520366270998
lidar,1788163520374582554
esp32,1788163520466094412
lidar,1788163520473829011
esp32,1788163520565762768
lidar,1788163520573816929
esp32,1788163520665928284
lidar,1788163520673391022
esp32,1788163520766175139
lidar,1788163520773107894
esp32,1788163520865878668
lidar,1788163520872962491
esp32,1788163520966208522
lidar,1788163520972597931
esp32,1788163521066064148
lidar,1788163521072099017
esp32,1788163521166170136
lidar,1788163521171965806
esp32,1788163521266132573
lidar,1788163521273483922
esp32,1788163521366014232
lidar,1788163521371371238
esp32,1788163521465911251
lidar,1788163521471308835
esp32,1788163521566040888
lidar,1788163521570991506
esp32,1788163521665946614
lidar,1788163521671004632
esp32,1788163521765940725
lidar,1788163521771535548
lidar,1788163521873535323
esp32,1788163521886433419
esp32,1788163521965981981
lidar,1788163521971649605
esp32,1788163522065937524
lidar,1788163522072254003
esp32,1788163522166214492
lidar,1788163522172631244
esp32,1788163522266093490
lidar,1788163522272112627
esp32,1788163522366088995
lidar,1788163522372440018
esp32,1788163522466068456
lidar,1788163522472156271
esp32,1788163522566179732
lidar,1788163522572148857
esp32,1788163522666092162
lidar,1788163522671731133
esp32,1788163522766018502
lidar,1788163522771756508
esp32,1788163522866223680
lidar,1788163522872084405
esp32,1788163522966245012
lidar,1788163522974061572
esp32,1788163523066252332
lidar,1788163523071649125
esp32,1788163523166312710
lidar,1788163523171192178
esp32,1788163523266095173
lidar,1788163523271332909
esp32,1788163523366081190
lidar,1788163523371062229
esp32,1788163523466256672
lidar,1788163523470254995
esp32,1788163523565930933
lidar,1788163523569991482
esp32,1788163523665949152
lidar,1788163523672350647
esp32,1788163523766203397
lidar,1788163523769335404
esp32,1788163523866150611
lidar,1788163523869418556
esp32,1788163523966160025
lidar,1788163523969999078
esp32,1788163524066238353
lidar,1788163524070449452
esp32,1788163524166202012
lidar,1788163524170508146
esp32,1788163524266254079
lidar,1788163524270608552
esp32,1788163524366205714
lidar,1788163524371586295
esp32,1788163524466150745
lidar,1788163524471893272
esp32,1788163524565171566
lidar,1788163524571431778
esp32,1788163524666065264
lidar,1788163524671892537
esp32,1788163524766038041
lidar,1788163524771644729
esp32,1788163524866197700
lidar,1788163524871512991
esp32,1788163524965599333
lidar,1788163524970452795
esp32,1788163525065195287
lidar,1788163525069717329
esp32,1788163525165138950
lidar,1788163525169641141
esp32,1788163525265560169
lidar,1788163525269416115
esp32,1788163525366231742
lidar,1788163525369887765
esp32,1788163525466183813
lidar,1788163525471874910
esp32,1788163525566172699
lidar,1788163525569402558
esp32,1788163525666113202
lidar,1788163525669752138
esp32,1788163525766102104
lidar,1788163525770200815
esp32,1788163525866192805
lidar,1788163525870742968
esp32,1788163525966204972
lidar,1788163525971236426
esp32,1788163526066182985
lidar,1788163526071533174
esp32,1788163526166114619
lidar,1788163526171600973
esp32,1788163526266020852
lidar,1788163526271666786
esp32,1788163526366159253
lidar,1788163526371790628
esp32,1788163526466237834
lidar,1788163526471336125
esp32,1788163526565793387
lidar,1788163526571045963
esp32,1788163526666304543
lidar,1788163526670835838
esp32,1788163526766180681
lidar,1788163526770440145
esp32,1788163526866050011
lidar,1788163526870741095
esp32,1788163526965143486
lidar,1788163526996668142
esp32,1788163527065153388
lidar,1788163527069319886
esp32,1788163527165252122
lidar,1788163527168951544
esp32,1788163527266018864
lidar,1788163527268502172
esp32,1788163527365918464
lidar,1788163527368004517
esp32,1788163527466153456
lidar,1788163527467765461
esp32,1788163527566081169
lidar,1788163527567548472
esp32,1788163527666138296
lidar,1788163527667937186
esp32,1788163527766240003
lidar,1788163527768715139
esp32,1788163527866210479
lidar,1788163527869038367
esp32,1788163527965946706
lidar,1788163527971874718
esp32,1788163528066046898
lidar,1788163528070371304
esp32,1788163528166209005
lidar,1788163528170432444
esp32,1788163528266196636
lidar,1788163528271330929
esp32,1788163528366140990
lidar,1788163528370775997
esp32,1788163528466281031
lidar,1788163528470614959
esp32,1788163528566249584
lidar,1788163528570824253
esp32,1788163528665786630
lidar,1788163528670202092
esp32,1788163528766059426
lidar,1788163528770241867
esp32,1788163528866140042
lidar,1788163528869967532
esp32,1788163528966214604
lidar,1788163528969248975
esp32,1788163529066035408
lidar,1788163529068832161
esp32,1788163529166165998
lidar,1788163529169068004
esp32,1788163529266040040
lidar,1788163529267959337
esp32,1788163529365882732
lidar,1788163529367494397
esp32,1788163529466192877
lidar,1788163529467745411
esp32,1788163529565986831
lidar,1788163529567692707
esp32,1788163529666362375
lidar,1788163529667070656
esp32,1788163529766065528
lidar,1788163529766780404
esp32,1788163529866281276
lidar,1788163529867039300
esp32,1788163529966229714
lidar,1788163529966910487
esp32,1788163530066018635
lidar,1788163530069147008
esp32,1788163530165957127
lidar,1788163530166946321
esp32,1788163530265998991
lidar,1788163530267101718
esp32,1788163530365909373
lidar,1788163530367789434
esp32,1788163530465904134
lidar,1788163530467862247
esp32,1788163530566030488
lidar,1788163530568003873
esp32,1788163530665185583
lidar,1788163530667392055
esp32,1788163530766092200
lidar,1788163530767607065
esp32,1788163530866169025
lidar,1788163530869713536
esp32,1788163530966071625
lidar,1788163530967306356
esp32,1788163531066100833
lidar,1788163531066972776
esp32,1788163531166279150
lidar,1788163531166945103
esp32,1788163531266067770
lidar,1788163531269157045
lidar,1788163531365853857
esp32,1788163531366456762
lidar,1788163531465704267
esp32,1788163531466389386
lidar,1788163531565366283
esp32,1788163531566042397
lidar,1788163531665113575
esp32,1788163531665764027
lidar,1788163531764647053
esp32,1788163531765690921
lidar,1788163531864445576
esp32,1788163531865902871
lidar,1788163531965226197
esp32,1788163531966114455
lidar,1788163532064295852
esp32,1788163532065923653
lidar,1788163532164096370
esp32,1788163532165859394
lidar,1788163532264330256
esp32,1788163532265829413
lidar,1788163532364865969
esp32,1788163532365753836
lidar,1788163532464953958
esp32,1788163532465854394
lidar,1788163532565810067
esp32,1788163532566421799
esp32,1788163532666156985
lidar,1788163532666588410
esp32,1788163532766027478
lidar,1788163532766654119
esp32,1788163532865324362
lidar,1788163532866689748
esp32,1788163532966092707
lidar,1788163532966999479
esp32,1788163533066126033
lidar,1788163533067024487
esp32,1788163533166277712
lidar,1788163533167358171
esp32,1788163533266061126
lidar,1788163533267288001
esp32,1788163533365994110
lidar,1788163533366720521
esp32,1788163533465936610
lidar,1788163533466608808
esp32,1788163533566040557
lidar,1788163533566452584
lidar,1788163533665794367
esp32,1788163533666404843
esp32,1788163533765943054
lidar,1788163533766737415
esp32,1788163533866002847
lidar,1788163533867952212
lidar,1788163533965295040
esp32,1788163533965948560
lidar,1788163534064922034
esp32,1788163534065800137
lidar,1788163534165223976
esp32,1788163534165885631
lidar,1788163534264042091
esp32,1788163534265936183
lidar,1788163534363641362
esp32,1788163534365801073
lidar,1788163534463379281
esp32,1788163534465812619
lidar,1788163534563149790
esp32,1788163534565806897
lidar,1788163534663954975
esp32,1788163534665824870
lidar,1788163534763829960
esp32,1788163534765944183
lidar,1788163534864216950
esp32,1788163534865880646
lidar,1788163534964652055
esp32,1788163534966302322
lidar,1788163535064835831
esp32,1788163535065133241
esp32,1788163535165006282
lidar,1788163535165178575
esp32,1788163535265202089
lidar,1788163535265914820
esp32,1788163535366146473
lidar,1788163535366851506
esp32,1788163535466484556
lidar,1788163535467201479
esp32,1788163535565859263
lidar,1788163535568960050
esp32,1788163535665961391
lidar,1788163535666962736
esp32,1788163535766199856
lidar,1788163535767185788
esp32,1788163535866150183
lidar,1788163535867122729
esp32,1788163535966064321
lidar,1788163535967050429
esp32,1788163536066054353
lidar,1788163536066931864
lidar,1788163536165854082
esp32,1788163536166826700
esp32,1788163536266067316
lidar,1788163536266553615
esp32,1788163536365998719
lidar,1788163536368770150
lidar,1788163536465103916
esp32,1788163536466445322
lidar,1788163536564324594
esp32,1788163536566076222
lidar,1788163536664106134
esp32,1788163536665604020
lidar,1788163536763568303
esp32,1788163536765355969
lidar,1788163536863636027
esp32,1788163536865884588
lidar,1788163536962607462
esp32,1788163536964942718
lidar,1788163537062366319
esp32,1788163537065211999
lidar,1788163537161403736
esp32,1788163537165106267
lidar,1788163537261213348
esp32,1788163537265784381
lidar,1788163537361635548
esp32,1788163537365835026
lidar,1788163537462120815
esp32,1788163537466089585
lidar,1788163537562422857
esp32,1788163537565917289
lidar,1788163537663158568
esp32,1788163537665714255
lidar,1788163537763905687
esp32,1788163537765770674
lidar,1788163537865096869
esp32,1788163537865940401
lidar,1788163537965073483
esp32,1788163537965913754
esp32,1788163538066169046
lidar,1788163538066878745
esp32,1788163538165956499
lidar,1788163538166620332
esp32,1788163538265995559
lidar,1788163538266753444
esp32,1788163538365894531
lidar,1788163538366181056
esp32,1788163538466228380
lidar,1788163538466981693
esp32,1788163538565795807
lidar,1788163538568147311
lidar,1788163538665404035
esp32,1788163538666079874
lidar,1788163538765626899
esp32,1788163538766265753
lidar,1788163538864754359
esp32,1788163538865665983
lidar,1788163538965044296
esp32,1788163538965761298
lidar,1788163539064735319
esp32,1788163539065735167
lidar,1788163539164401810
esp32,1788163539165719182
lidar,1788163539264062471
esp32,1788163539265858467
lidar,1788163539363886775
esp32,1788163539366078200
lidar,1788163539464359913
esp32,1788163539465733679
lidar,1788163539564506273
esp32,1788163539565753425
lidar,1788163539665383731
esp32,1788163539666116157
lidar,1788163539763006351
esp32,1788163539765818921
lidar,1788163539863052900
esp32,1788163539865843024
lidar,1788163539962251300
esp32,1788163539965818657
lidar,1788163540061666120
esp32,1788163540065861405
lidar,1788163540161858462
esp32,1788163540165790206
lidar,1788163540260778683
esp32,1788163540265887526
lidar,1788163540361919995
esp32,1788163540365106213
lidar,1788163540464103097
esp32,1788163540465966305
lidar,1788163540560809433
esp32,1788163540565974325
lidar,1788163540661062862
esp32,1788163540665681850
lidar,1788163540761668175
esp32,1788163540765696131
lidar,1788163540861642572
esp32,1788163540865936308
lidar,1788163540961533138
esp32,1788163540965911017
lidar,1788163541062098808
esp32,1788163541065806484
lidar,1788163541162184944
esp32,1788163541165724801
lidar,1788163541263288004
esp32,1788163541265789646
lidar,1788163541362821467
esp32,1788163541365792559
lidar,1788163541462541227
esp32,1788163541465922820
lidar,1788163541562534054
esp32,1788163541565661174
lidar,1788163541662382701
esp32,1788163541665801713
lidar,1788163541761831176
esp32,1788163541765949366
lidar,1788163541861629249
esp32,1788163541865835648
lidar,1788163541961093166
esp32,1788163541966074266
lidar,1788163542061341618
esp32,1788163542065787895
lidar,1788163542162940256
esp32,1788163542165695380
lidar,1788163542259839173
esp32,1788163542266244543
lidar,1788163542362578431
esp32,1788163542365824380
lidar,1788163542460065076
esp32,1788163542465781855
lidar,1788163542562320448
esp32,1788163542565950050
lidar,1788163542659244778
esp32,1788163542665848364
lidar,1788163542758604120
esp32,1788163542765968068
lidar,1788163542858139905
esp32,1788163542865145860
lidar,1788163542958941805
esp32,1788163542965868319
lidar,1788163543059044571
esp32,1788163543066107226
lidar,1788163543159314500
esp32,1788163543165998306
lidar,1788163543259983856
esp32,1788163543265758727
lidar,1788163543360210358
esp32,1788163543365826281
lidar,1788163543460823226
esp32,1788163543465985758
lidar,1788163543561598731
esp32,1788163543566031085
lidar,1788163543661836028
esp32,1788163543666053175
lidar,1788163543762403762
esp32,1788163543765875619
lidar,1788163543863728223
esp32,1788163543865800641
lidar,1788163543962621878
esp32,1788163543965883225
lidar,1788163544062481763
esp32,1788163544065757419
lidar,1788163544162855438
esp32,1788163544165834401
lidar,1788163544261752633
esp32,1788163544266003438
lidar,1788163544361615070
esp32,1788163544365699435
lidar,1788163544461288238
esp32,1788163544465722709
lidar,1788163544561195372
esp32,1788163544565523859
lidar,1788163544662949557
esp32,1788163544665520274
lidar,1788163544760534744
esp32,1788163544766035381
lidar,1788163544860954053
esp32,1788163544866312600
lidar,1788163544960849909
esp32,1788163544965771160
lidar,1788163545060464477
esp32,1788163545064973298
lidar,1788163545160624615
esp32,1788163545164957584
lidar,1788163545261566548
esp32,1788163545265035514
lidar,1788163545362400297
esp32,1788163545365835883
lidar,1788163545462904008
esp32,1788163545466228624
lidar,1788163545563301096
esp32,1788163545565785029
lidar,1788163545663586442
esp32,1788163545665834010
lidar,1788163545763129603
esp32,1788163545765751840
lidar,1788163545863075753
esp32,1788163545865801239
lidar,1788163545962769885
esp32,1788163545965788544
lidar,1788163546062040573
esp32,1788163546066042863
lidar,1788163546161910086
esp32,1788163546165771709
lidar,1788163546261601815
esp32,1788163546266081672
lidar,1788163546361642410
esp32,1788163546365678870
lidar,1788163546460766761
esp32,1788163546466027565
lidar,1788163546560817713
esp32,1788163546565712022
lidar,1788163546660550812
esp32,1788163546666094817
lidar,1788163546760899738
esp32,1788163546765933147
lidar,1788163546863227708
esp32,1788163546865838783
lidar,1788163546960596330
esp32,1788163546964932040
lidar,1788163547060566665
esp32,1788163547065031347
lidar,1788163547161021611
esp32,1788163547165570567
lidar,1788163547261314933
esp32,1788163547266055190
lidar,1788163547361579463
esp32,1788163547365721025
lidar,1788163547481060928
esp32,1788163547486142744
lidar,1788163547561670668
esp32,1788163547565698285
lidar,1788163547661406073
esp32,1788163547665789761
lidar,1788163547761328979
esp32,1788163547765819053
lidar,1788163547860729289
esp32,1788163547866162561
lidar,1788163547962608406
esp32,1788163547965901919
lidar,1788163548062655920
esp32,1788163548065802868
lidar,1788163548160681103
esp32,1788163548165897424
lidar,1788163548259770059
esp32,1788163548265822282
lidar,1788163548359840539
esp32,1788163548365695886
lidar,1788163548459532463
esp32,1788163548465903848
lidar,1788163548559946546
esp32,1788163548565866219
lidar,1788163548660543886
esp32,1788163548665805819
lidar,1788163548760783557
esp32,1788163548765600849
lidar,1788163548861643397
esp32,1788163548865884164
lidar,1788163548963017116
esp32,1788163548965020857
lidar,1788163549065416298
esp32,1788163549066414539
lidar,1788163549163385866
esp32,1788163549165718774
lidar,1788163549263735370
esp32,1788163549265940144
lidar,1788163549363738552
esp32,1788163549365794290
lidar,1788163549463841163
esp32,1788163549465893749
lidar,1788163549563653983
esp32,1788163549565911319
lidar,1788163549663619365
esp32,1788163549665822110
lidar,1788163549762864208
esp32,1788163549765725098
lidar,1788163549862900379
esp32,1788163549865813945
lidar,1788163549962158410
esp32,1788163549965938327
lidar,1788163550061586225
esp32,1788163550065808688
lidar,1788163550161188888
esp32,1788163550165886530
lidar,1788163550261000885
esp32,1788163550265634681
lidar,1788163550360551039
esp32,1788163550365822779
lidar,1788163550460129947
esp32,1788163550466120353
lidar,1788163550560032632
esp32,1788163550565647511
lidar,1788163550662593218
esp32,1788163550665786023
lidar,1788163550760538983
esp32,1788163550766132171
lidar,1788163550860384529
esp32,1788163550866363595
lidar,1788163550961516227
esp32,1788163550965838729
lidar,1788163551062497171
esp32,1788163551065701174
lidar,1788163551163602124
esp32,1788163551165750177
lidar,1788163551262789049
esp32,1788163551265810027
lidar,1788163551363197921
esp32,1788163551365761979
lidar,1788163551463883453
esp32,1788163551465730427
lidar,1788163551563730665
esp32,1788163551565805201
lidar,1788163551663447669
esp32,1788163551665820393
lidar,1788163551763204199
esp32,1788163551765785859
lidar,1788163551862698575
esp32,1788163551865765926
lidar,1788163551962436863
esp32,1788163551965754078
lidar,1788163552061998400
esp32,1788163552065604268
lidar,1788163552161722199
esp32,1788163552165978412
lidar,1788163552261590267
esp32,1788163552265760505
lidar,1788163552364049957
esp32,1788163552365611513
lidar,1788163552460897363
esp32,1788163552465992613
lidar,1788163552560437744
esp32,1788163552566011829
lidar,1788163552659995723
esp32,1788163552665982856
lidar,1788163552759661476
esp32,1788163552765837300
lidar,1788163552859900235
esp32,1788163552866016335
lidar,1788163552960144590
esp32,1788163552966062236
lidar,1788163553060725900
esp32,1788163553065813818
lidar,1788163553162278176
esp32,1788163553165760362
lidar,1788163553265119087
esp32,1788163553266089363
esp32,1788163553366005090
lidar,1788163553366683998
lidar,1788163553463062148
esp32,1788163553465771946
lidar,1788163553563041297
esp32,1788163553565696704
lidar,1788163553663541981
esp32,1788163553666043750
lidar,1788163553763501157
esp32,1788163553765629273
lidar,1788163553863199209
esp32,1788163553865970969
lidar,1788163553962821959
esp32,1788163553965713489
lidar,1788163554062476440
esp32,1788163554065747024
lidar,1788163554162325083
esp32,1788163554165722323
lidar,1788163554262003420
esp32,1788163554265708282
lidar,1788163554362168778
esp32,1788163554365696703
lidar,1788163554461715631
esp32,1788163554465728456
lidar,1788163554561321323
esp32,1788163554565894774
lidar,1788163554661023077
esp32,1788163554665876681
lidar,1788163554761071013
esp32,1788163554765855346
lidar,1788163554861183549
esp32,1788163554865770404
lidar,1788163554963199463
esp32,1788163554965797831
lidar,1788163555059784722
esp32,1788163555065246807
lidar,1788163555160271205
esp32,1788163555165045286
lidar,1788163555259880660
esp32,1788163555265170198
lidar,1788163555362923451
esp32,1788163555365711269
lidar,1788163555461080743
esp32,1788163555465735132
lidar,1788163555561713426
esp32,1788163555565676233
lidar,1788163555662239093
esp32,1788163555665736114
lidar,1788163555762994319
esp32,1788163555765798097
lidar,1788163555863605028
esp32,1788163555865725670
lidar,1788163555963842685
esp32,1788163555965738279
lidar,1788163556063572825
esp32,1788163556065738996
lidar,1788163556163131944
esp32,1788163556165063172
lidar,1788163556263146473
esp32,1788163556265812836
lidar,1788163556363088469
esp32,1788163556365666885
lidar,1788163556463016799
esp32,1788163556465874675
lidar,1788163556563082076
esp32,1788163556565497254
lidar,1788163556663054799
esp32,1788163556665821704
lidar,1788163556762931640
esp32,1788163556765862642
lidar,1788163556862671892
esp32,1788163556865691949
lidar,1788163556962052735
esp32,1788163556965084494
lidar,1788163557061427713
esp32,1788163557065186899
lidar,1788163557161008101
esp32,1788163557165090534
lidar,1788163557261193675
esp32,1788163557265709697
lidar,1788163557360417571
esp32,1788163557364876795
lidar,1788163557460372054
esp32,1788163557465728291
lidar,1788163557560028061
esp32,1788163557565819206
lidar,1788163557659501006
esp32,1788163557665720564
lidar,1788163557758885773
esp32,1788163557766055396
lidar,1788163557858655714
esp32,1788163557865804561
lidar,1788163557957987143
esp32,1788163557965994843
lidar,1788163558057966184
esp32,1788163558065703331
lidar,1788163558158154643
esp32,1788163558165737871
lidar,1788163558258864578
esp32,1788163558265618593
lidar,1788163558358578472
esp32,1788163558365781655
lidar,1788163558459103204
esp32,1788163558465682892
lidar,1788163558559454780
esp32,1788163558566036825
lidar,1788163558659507017
esp32,1788163558665061460
lidar,1788163558760366490
esp32,1788163558765724472
lidar,1788163558860275436
esp32,1788163558865678506
lidar,1788163558960063747
esp32,1788163558965632400
lidar,1788163559059987268
esp32,1788163559065824129
lidar,1788163559162041550
esp32,1788163559165838166
lidar,1788163559259659673
esp32,1788163559266172800
lidar,1788163559359307893
esp32,1788163559365776007
lidar,1788163559458960065
esp32,1788163559465920869
lidar,1788163559558822086
esp32,1788163559565566192
lidar,1788163559658538286
esp32,1788163559665801752
lidar,1788163559758969376
esp32,1788163559765894767
lidar,1788163559857843710
esp32,1788163559865917214
lidar,1788163559957163422
esp32,1788163559966182846
lidar,1788163560059621901
esp32,1788163560065921109
lidar,1788163560156249810
esp32,1788163560166007593
lidar,1788163560256183474
esp32,1788163560265789385
lidar,1788163560355297318
esp32,1788163560366018222
lidar,1788163560455369986
esp32,1788163560465996159
lidar,1788163560555832140
esp32,1788163560566034211
lidar,1788163560658389696
esp32,1788163560665552204
lidar,1788163560756581828
esp32,1788163560766184640
lidar,1788163560857253957
esp32,1788163560865995660
lidar,1788163560957119538
esp32,1788163560966144070
lidar,1788163561057093785
esp32,1788163561065855378
lidar,1788163561156880045
esp32,1788163561166141724
lidar,1788163561256274850
esp32,1788163561265980903
lidar,1788163561356097799
esp32,1788163561366239581
lidar,1788163561456673777
esp32,1788163561465659289
lidar,1788163561555525501
esp32,1788163561566014200
lidar,1788163561654593031
esp32,1788163561665158906
lidar,1788163561754737404
esp32,1788163561766107592
lidar,1788163561854371761
esp32,1788163561866160307
lidar,1788163561954058079
esp32,1788163561966119698
lidar,1788163562054163118
esp32,1788163562066198281
lidar,1788163562153566897
esp32,1788163562165983155
lidar,1788163562253727462
esp32,1788163562265795409
lidar,1788163562353899467
esp32,1788163562366138983
lidar,1788163562454639512
esp32,1788163562466091839
lidar,1788163562554943980
esp32,1788163562565653393
lidar,1788163562655281483
esp32,1788163562665818472
lidar,1788163562755243026
esp32,1788163562766091716
lidar,1788163562855808686
esp32,1788163562866026817
lidar,1788163562956155552
esp32,1788163562965890515
lidar,1788163563059942501
esp32,1788163563065811157
lidar,1788163563156317305
esp32,1788163563165725919
lidar,1788163563258009690
esp32,1788163563266177221
lidar,1788163563356997216
esp32,1788163563366166396
lidar,1788163563457089687
esp32,1788163563465734724
lidar,1788163563557071041
esp32,1788163563566007041
lidar,1788163563656628147
esp32,1788163563665797465
lidar,1788163563759975868
esp32,1788163563765927024
lidar,1788163563855853516
esp32,1788163563866019269
lidar,1788163563955606226
esp32,1788163563966028662
lidar,1788163564055310393
esp32,1788163564065826538
lidar,1788163564155189909
esp32,1788163564166043438
lidar,1788163564254712522
esp32,1788163564266202158
lidar,1788163564354348837
esp32,1788163564366212405
lidar,1788163564454072801
esp32,1788163564466083337
lidar,1788163564553893727
esp32,1788163564566203563
lidar,1788163564653983705
esp32,1788163564665951702
lidar,1788163564754807578
esp32,1788163564766251755
lidar,1788163564855851134
esp32,1788163564866239169
lidar,1788163564954949308
esp32,1788163564965999619
lidar,1788163565054843443
esp32,1788163565064996401
lidar,1788163565155339791
esp32,1788163565165234839
lidar,1788163565256269839
esp32,1788163565265033792
lidar,1788163565357298886
esp32,1788163565366126136
lidar,1788163565457814726
esp32,1788163565466063705
lidar,1788163565557451131
esp32,1788163565565653943
lidar,1788163565657674754
esp32,1788163565666278695
lidar,1788163565757511275
esp32,1788163565765815367
lidar,1788163565860091118
esp32,1788163565865847400
lidar,1788163565956677229
esp32,1788163565966062296
lidar,1788163566056678623
esp32,1788163566065853520
lidar,1788163566155363958
esp32,1788163566166144679
lidar,1788163566255013800
esp32,1788163566265080710
lidar,1788163566354342929
esp32,1788163566365158234
lidar,1788163566454306988
esp32,1788163566465295789
lidar,1788163566554232443
esp32,1788163566566104088
lidar,1788163566653904770
esp32,1788163566665882107
lidar,1788163566753819216
esp32,1788163566766222812
lidar,1788163566853841567
esp32,1788163566865812261
lidar,1788163566953080138
esp32,1788163566964873405
lidar,1788163567053153873
esp32,1788163567065092525
lidar,1788163567153320362
esp32,1788163567165308102
lidar,1788163567254522924
esp32,1788163567265852767
lidar,1788163567355237661
esp32,1788163567365982134
lidar,1788163567456362125
esp32,1788163567466225970
lidar,1788163567558823444
esp32,1788163567565853908
lidar,1788163567656735335
esp32,1788163567666036957
lidar,1788163567757631857
esp32,1788163567765713810
lidar,1788163567857710309
esp32,1788163567865962150
lidar,1788163567962888120
esp32,1788163567986405740
lidar,1788163568057636883
esp32,1788163568066117999
lidar,1788163568157403052
esp32,1788163568166056655
lidar,1788163568257214003
esp32,1788163568286240000
lidar,1788163568357194032
esp32,1788163568366089725
lidar,1788163568456989620
esp32,1788163568486212304
lidar,1788163568556724756
esp32,1788163568565765250
lidar,1788163568656595123
esp32,1788163568665943685
lidar,1788163568756079562
esp32,1788163568766081591
lidar,1788163568856100946
esp32,1788163568866020910
lidar,1788163568955498331
esp32,1788163568966125315
lidar,1788163569054664346
esp32,1788163569066031884
lidar,1788163569156563320
esp32,1788163569165707900
lidar,1788163569254443832
esp32,1788163569266089396
lidar,1788163569354149418
esp32,1788163569366067840
lidar,1788163569454419854
esp32,1788163569466063868
lidar,1788163569554886889
esp32,1788163569566050502
lidar,1788163569654813795
esp32,1788163569666135990
lidar,1788163569755205865
esp32,1788163569765965371
lidar,1788163569856061712
esp32,1788163569866131822
lidar,1788163569956044446
esp32,1788163569966008242
lidar,1788163570058176335
esp32,1788163570065744668
lidar,1788163570160232045
esp32,1788163570165699495
lidar,1788163570256298526
esp32,1788163570266250643
lidar,1788163570356036703
esp32,1788163570366048778
lidar,1788163570455642487
esp32,1788163570465831340
lidar,1788163570555190832
esp32,1788163570566012070
lidar,1788163570655212608
esp32,1788163570666137972
lidar,1788163570754893881
esp32,1788163570766260411
lidar,1788163570854913527
esp32,1788163570866056358
lidar,1788163570954780512
esp32,1788163570966075886
lidar,1788163571054422457
esp32,1788163571065922485
lidar,1788163571153930641
esp32,1788163571165848340
lidar,1788163571253087804
esp32,1788163571266116830
lidar,1788163571352561047
esp32,1788163571366156004
lidar,1788163571452542313
esp32,1788163571466129027
lidar,1788163571552933863
esp32,1788163571565772791
lidar,1788163571655040733
esp32,1788163571666006082
lidar,1788163571751638963
esp32,1788163571766022313
lidar,1788163571851983364
esp32,1788163571866196333
lidar,1788163571952087174
esp32,1788163571966195806
lidar,1788163572052309486
esp32,1788163572066092050
lidar,1788163572156288768
esp32,1788163572165906054
lidar,1788163572252684768
esp32,1788163572266148198
lidar,1788163572352876462
esp32,1788163572366030221
lidar,1788163572452672299
esp32,1788163572466000932
lidar,1788163572553618921
esp32,1788163572566135028
lidar,1788163572653232899
esp32,1788163572666138271
lidar,1788163572754448766
esp32,1788163572765913533
lidar,1788163572853587329
esp32,1788163572866020494
lidar,1788163572953840466
esp32,1788163572966041940
lidar,1788163573079620931
esp32,1788163573086008433
lidar,1788163573153234763
esp32,1788163573166056464
lidar,1788163573252614318
esp32,1788163573265285692
lidar,1788163573353040688
esp32,1788163573366020854
lidar,1788163573452333402
esp32,1788163573466224515
lidar,1788163573551958870
esp32,1788163573566009824
lidar,1788163573651513988
esp32,1788163573666146996
lidar,1788163573751429038
esp32,1788163573765970504
lidar,1788163573850980919
esp32,1788163573866156874
lidar,1788163573950426693
esp32,1788163573966100125
lidar,1788163574051847583
esp32,1788163574065925644
lidar,1788163574149929419
esp32,1788163574166131582
lidar,1788163574249994944
esp32,1788163574266100789
lidar,1788163574350040231
esp32,1788163574365999746
lidar,1788163574450249092
esp32,1788163574465837295
lidar,1788163574550542580
esp32,1788163574565821931
lidar,1788163574650805181
esp32,1788163574666039092
lidar,1788163574750954547
esp32,1788163574766269320
lidar,1788163574851311908
esp32,1788163574866493531
lidar,1788163574951713022
esp32,1788163574966093401
lidar,1788163575050476043
esp32,1788163575065049258
lidar,1788163575150252627
esp32,1788163575165139822
lidar,1788163575250248638
esp32,1788163575265150543
lidar,1788163575349996284
esp32,1788163575365964194
lidar,1788163575449885806
esp32,1788163575466068572
lidar,1788163575549679021
esp32,1788163575565937330
lidar,1788163575649594126
esp32,1788163575666154752
lidar,1788163575750815834
esp32,1788163575766165113
lidar,1788163575849756503
esp32,1788163575866293437
lidar,1788163575950056709
esp32,1788163575966204645
lidar,1788163576050653088
esp32,1788163576066165786
lidar,1788163576150928467
esp32,1788163576166199330
lidar,1788163576252234349
esp32,1788163576266147231
lidar,1788163576354719683
esp32,1788163576366117370
lidar,1788163576456536407
esp32,1788163576487051660
lidar,1788163576551659340
esp32,1788163576565830497
lidar,1788163576651638452
esp32,1788163576666040475
lidar,1788163576751671719
esp32,1788163576766124268
lidar,1788163576850579181
esp32,1788163576865816059
lidar,1788163576949703615
esp32,1788163576965053756
lidar,1788163577049293344
esp32,1788163577065176277
lidar,1788163577148749679
esp32,1788163577165209842
lidar,1788163577248531585
esp32,1788163577265980735
lidar,1788163577348566976
esp32,1788163577366150085
lidar,1788163577447855589
esp32,1788163577466189861
lidar,1788163577547838417
esp32,1788163577565686968
lidar,1788163577648223365
esp32,1788163577666116773
lidar,1788163577748374148
esp32,1788163577766169630
lidar,1788163577848837938
esp32,1788163577866217631
lidar,1788163577948629562
esp32,1788163577966014994
lidar,1788163578048996886
esp32,1788163578065992682
lidar,1788163578149186041
esp32,1788163578166092189
lidar,1788163578250413528
esp32,1788163578266353840
lidar,1788163578352755880
esp32,1788163578366253567
lidar,1788163578450186187
esp32,1788163578466091745
lidar,1788163578549795000
esp32,1788163578565938135
lidar,1788163578649742622
esp32,1788163578666190404
lidar,1788163578749653722
esp32,1788163578765960906
lidar,1788163578849423783
esp32,1788163578866186348
lidar,1788163578948883291
esp32,1788163578966197217
lidar,1788163579048554373
esp32,1788163579066046798
lidar,1788163579148058273
esp32,1788163579166040071
lidar,1788163579248059112
esp32,1788163579266128786
lidar,1788163579347589572
esp32,1788163579365867561
lidar,1788163579447541115
esp32,1788163579466217102
lidar,1788163579547539860
esp32,1788163579565943500
lidar,1788163579647122870
esp32,1788163579666049645
lidar,1788163579746689233
esp32,1788163579766040296
lidar,1788163579846980263
esp32,1788163579866034318
lidar,1788163579946016333
esp32,1788163579966000533
lidar,1788163580046253382
esp32,1788163580066174231
lidar,1788163580145971299
esp32,1788163580166051920
lidar,1788163580246355997
esp32,1788163580266222396
lidar,1788163580348227891
esp32,1788163580366191457
lidar,1788163580447559417
esp32,1788163580466328101
lidar,1788163580548223453
esp32,1788163580565802770
lidar,1788163580648417998
esp32,1788163580666282752
lidar,1788163580749062849
esp32,1788163580765990726
lidar,1788163580849650672
esp32,1788163580866022247
lidar,1788163580950207778
esp32,1788163580966179227
lidar,1788163581050880824
esp32,1788163581066037053
lidar,1788163581151312072
esp32,1788163581166208813
lidar,1788163581251134199
esp32,1788163581266174531
lidar,1788163581350903826
esp32,1788163581365075962
lidar,1788163581450883993
esp32,1788163581465997492
lidar,1788163581550717047
esp32,1788163581565828465
lidar,1788163581650111533
esp32,1788163581666047942
lidar,1788163581749897681
esp32,1788163581766007489
lidar,1788163581850097159
esp32,1788163581866055638
lidar,1788163581949533220
esp32,1788163581965939715
lidar,1788163582048978247
esp32,1788163582066220408
lidar,1788163582148630267
esp32,1788163582166006453
lidar,1788163582248437152
esp32,1788163582266101519
lidar,1788163582349168851
esp32,1788163582366126911
lidar,1788163582451111374
esp32,1788163582466010135
lidar,1788163582548180005
esp32,1788163582566136468
lidar,1788163582652386489
esp32,1788163582666174220
lidar,1788163582748392713
esp32,1788163582765987300
lidar,1788163582848831327
esp32,1788163582866006339
lidar,1788163582948951832
esp32,1788163582965788461
lidar,1788163583049618881
esp32,1788163583065995186
lidar,1788163583149959558
esp32,1788163583166275216
lidar,1788163583249963455
esp32,1788163583266249126
lidar,1788163583349713928
esp32,1788163583366195298
lidar,1788163583449916098
esp32,1788163583466139158
lidar,1788163583549843397
esp32,1788163583565974657
lidar,1788163583649487100
esp32,1788163583666017968
lidar,1788163583749148714
esp32,1788163583766078647
lidar,1788163583849202904
esp32,1788163583866120687
lidar,1788163583949193112
esp32,1788163583966197623
lidar,1788163584049392716
esp32,1788163584066157313
lidar,1788163584148667729
esp32,1788163584165954547
lidar,1788163584249975955
esp32,1788163584266110643
lidar,1788163584348349867
esp32,1788163584366097457
lidar,1788163584448204479
esp32,1788163584466062923
lidar,1788163584547624300
esp32,1788163584566011391
lidar,1788163584647611616
esp32,1788163584666296367
lidar,1788163584747537855
esp32,1788163584766168702
lidar,1788163584847192923
esp32,1788163584866130867
lidar,1788163584946805572
esp32,1788163584966198169
lidar,1788163585046141224
esp32,1788163585065237261
lidar,1788163585145537720
esp32,1788163585165041504
lidar,1788163585245316534
esp32,1788163585265305289
lidar,1788163585345274913
esp32,1788163585366193622
lidar,1788163585444728500
esp32,1788163585466133462
lidar,1788163585545175384
esp32,1788163585566056966
lidar,1788163585645651087
esp32,1788163585666222740
lidar,1788163585745972988
esp32,1788163585766219112
lidar,1788163585846118864
esp32,1788163585866014201
lidar,1788163585946304802
esp32,1788163585966015297
lidar,1788163586046757975
esp32,1788163586065988782
lidar,1788163586146978519
esp32,1788163586166021336
lidar,1788163586246739530
esp32,1788163586266280652
lidar,1788163586346740221
esp32,1788163586366010197
lidar,1788163586446555081
esp32,1788163586466060025
lidar,1788163586546154666
esp32,1788163586565618361
lidar,1788163586649367808
esp32,1788163586666318927
lidar,1788163586751616713
esp32,1788163586766206569
lidar,1788163586845499493
esp32,1788163586865971501
lidar,1788163586944762548
esp32,1788163586965245085
lidar,1788163587044259202
esp32,1788163587065356553
lidar,1788163587143902098
esp32,1788163587165425635
lidar,1788163587243533412
esp32,1788163587266109169
lidar,1788163587343223302
esp32,1788163587386418422
lidar,1788163587443262636
esp32,1788163587465792298
lidar,1788163587543354828
esp32,1788163587566232882
lidar,1788163587644426103
esp32,1788163587666032868
lidar,1788163587744177922
esp32,1788163587766102960
lidar,1788163587844616230
esp32,1788163587866031951
lidar,1788163587944956222
esp32,1788163587966002181
lidar,1788163588045398970
esp32,1788163588066020433
lidar,1788163588145423448
esp32,1788163588166086244
lidar,1788163588245372689
esp32,1788163588266208182
lidar,1788163588346307066
esp32,1788163588366078362
lidar,1788163588444902302
esp32,1788163588466033767
lidar,1788163588544390742
esp32,1788163588566031626
lidar,1788163588644234606
esp32,1788163588666331807
lidar,1788163588745121480
esp32,1788163588766174758
lidar,1788163588843450346
esp32,1788163588866196469
lidar,1788163588942557061
esp32,1788163588966387782
lidar,1788163589042400051
esp32,1788163589066192829
lidar,1788163589142223428
esp32,1788163589166152467
lidar,1788163589242568130
esp32,1788163589266239544
lidar,1788163589343512510
esp32,1788163589366262907
lidar,1788163589442897251
esp32,1788163589466064368
lidar,1788163589543057857
esp32,1788163589565769332
lidar,1788163589643551533
esp32,1788163589666122258
lidar,1788163589743830054
esp32,1788163589765953904
lidar,1788163589844538594
esp32,1788163589865988945
lidar,1788163589944626829
esp32,1788163589966153801
lidar,1788163590044396417
esp32,1788163590066051699
lidar,1788163590144305625
esp32,1788163590166197776
lidar,1788163590244004691
esp32,1788163590266072148
lidar,1788163590343845038
esp32,1788163590366210366
lidar,1788163590443837448
esp32,1788163590466004129
lidar,1788163590543374740
esp32,1788163590565918809
lidar,1788163590643556386
esp32,1788163590666279705
lidar,1788163590743745281
esp32,1788163590766264177
lidar,1788163590845684865
esp32,1788163590866003132
lidar,1788163590947873148
esp32,1788163590966182605
lidar,1788163591042007804
esp32,1788163591066036684
lidar,1788163591141648261
esp32,1788163591166100643
lidar,1788163591242098463
esp32,1788163591265936824
lidar,1788163591342589055
esp32,1788163591365887497
lidar,1788163591442631549
esp32,1788163591466054860
lidar,1788163591542809448
esp32,1788163591565711594
lidar,1788163591643183413
esp32,1788163591666107176
lidar,1788163591743966348
esp32,1788163591766171327
lidar,1788163591844548914
esp32,1788163591866081728
lidar,1788163591944487333
esp32,1788163591966033200
lidar,1788163592044456298
esp32,1788163592066044687
lidar,1788163592144535526
esp32,1788163592166127201
lidar,1788163592244611833
esp32,1788163592266086350
lidar,1788163592344384648
esp32,1788163592366193651
lidar,1788163592444118759
esp32,1788163592466280992
lidar,1788163592544510642
esp32,1788163592565860645
lidar,1788163592643446742
esp32,1788163592665935294
lidar,1788163592743124054
esp32,1788163592766056955
lidar,1788163592843016561
esp32,1788163592866082536
lidar,1788163592943660743
esp32,1788163592966237916
lidar,1788163593042808274
esp32,1788163593066149375
lidar,1788163593142701869
esp32,1788163593166231000
lidar,1788163593242543056
esp32,1788163593266191109
lidar,1788163593342762059
esp32,1788163593365931319
lidar,1788163593442443723
esp32,1788163593466042175
lidar,1788163593542147152
esp32,1788163593565226168
lidar,1788163593641675291
esp32,1788163593666224964
lidar,1788163593741686539
esp32,1788163593766207990
lidar,1788163593841282218
esp32,1788163593866143061
lidar,1788163593940942682
esp32,1788163593966182391
lidar,1788163594040721314
esp32,1788163594066180987
lidar,1788163594140127749
esp32,1788163594166094632
lidar,1788163594240582029
esp32,1788163594266220970
lidar,1788163594340297840
esp32,1788163594366095476
lidar,1788163594440681758
esp32,1788163594466389158
lidar,1788163594541043706
esp32,1788163594566104213
lidar,1788163594641975213
esp32,1788163594666268352
lidar,1788163594742531992
esp32,1788163594766298399
lidar,1788163594843134120
esp32,1788163594866568988
lidar,1788163594943537264
esp32,1788163594965156826
lidar,1788163595045495531
esp32,1788163595065211019
lidar,1788163595143602708
esp32,1788163595165110090
lidar,1788163595243315598
esp32,1788163595266063155
lidar,1788163595345897922
lidar,1788163595443410155
