topic,recv_ns
lidar,1787196344484117969
lidar,1787196344584927844
esp32,1787196344665901037
lidar,1787196344684260260
esp32,1787196344764277571
lidar,1787196344780768033
esp32,1787196344863954305
lidar,1787196344881063544
esp32,1787196344963980642
lidar,1787196344981576175
esp32,1787196345064208050
lidar,1787196345083386769
esp32,1787196345164002244
lidar,1787196345181613802
esp32,1787196345263833681
lidar,1787196345283562810
esp32,1787196345383907265
esp32,1787196345464070954
lidar,1787196345479009739
lidar,1787196345580892320
esp32,1787196345584002523
esp32,1787196345663740673
lidar,1787196345680862054
esp32,1787196345763877520
lidar,1787196345778613643
esp32,1787196345863781989
lidar,1787196345881386666
esp32,1787196345963926787
lidar,1787196345982651795
esp32,1787196346063954359
lidar,1787196346083148665
esp32,1787196346163832835
lidar,1787196346183608780
esp32,1787196346263820812
lidar,1787196346286126468
lidar,1787196346381388390
esp32,1787196346383586742
esp32,1787196346463953752
lidar,1787196346481201272
esp32,1787196346563813666
lidar,1787196346582492230
esp32,1787196346663777760
lidar,1787196346679716755
esp32,1787196346763743596
lidar,1787196346783203886
esp32,1787196346863761405
lidar,1787196346884250194
esp32,1787196346963823909
lidar,1787196346978490531
esp32,1787196347063806706
lidar,1787196347080458263
esp32,1787196347164066559
lidar,1787196347178282363
esp32,1787196347263761328
lidar,1787196347278190703
esp32,1787196347363754927
lidar,1787196347378254675
esp32,1787196347463740496
lidar,1787196347477891898
esp32,1787196347563884017
lidar,1787196347577326591
esp32,1787196347663820261
lidar,1787196347680830297
esp32,1787196347763891432
lidar,1787196347781925443
esp32,1787196347863976593
lidar,1787196347880076675
esp32,1787196347964036728
lidar,1787196347981652858
esp32,1787196348063795473
lidar,1787196348079813182
esp32,1787196348163868043
lidar,1787196348183895291
esp32,1787196348263709983
lidar,1787196348279263909
esp32,1787196348363851284
lidar,1787196348380458785
esp32,1787196348464298118
lidar,1787196348480174534
esp32,1787196348563874647
lidar,1787196348580423691
esp32,1787196348663970607
lidar,1787196348681923110
esp32,1787196348763799880
lidar,1787196348780976023
esp32,1787196348863776795
lidar,1787196348882344293
lidar,1787196348979430592
esp32,1787196348983867010
esp32,1787196349063887794
lidar,1787196349079017257
esp32,1787196349163744401
lidar,1787196349179655451
esp32,1787196349263719147
lidar,1787196349277936040
esp32,1787196349363796523
lidar,1787196349380025721
esp32,1787196349463880421
lidar,1787196349479108631
esp32,1787196349563847466
lidar,1787196349579727630
lidar,1787196349676351516
esp32,1787196349683769564
esp32,1787196349763778049
lidar,1787196349775572903
esp32,1787196349863801671
lidar,1787196349876888109
esp32,1787196349963799265
lidar,1787196349976469619
esp32,1787196350063990376
lidar,1787196350079498991
esp32,1787196350164553273
lidar,1787196350176269633
esp32,1787196350263780889
lidar,1787196350280297641
esp32,1787196350363955510
lidar,1787196350382743511
esp32,1787196350464052864
lidar,1787196350474674254
esp32,1787196350563775927
lidar,1787196350575848040
esp32,1787196350664000763
lidar,1787196350676982005
esp32,1787196350764051110
lidar,1787196350776362813
esp32,1787196350863752438
lidar,1787196350881103641
esp32,1787196350964064698
lidar,1787196350982008651
esp32,1787196351063743415
lidar,1787196351077297491
esp32,1787196351163763190
lidar,1787196351180413499
esp32,1787196351263799857
lidar,1787196351277289138
esp32,1787196351364177765
lidar,1787196351377013334
esp32,1787196351463768012
lidar,1787196351477119194
esp32,1787196351563743579
lidar,1787196351577180051
lidar,1787196351675220488
esp32,1787196351683572969
esp32,1787196351763750137
lidar,1787196351776216335
esp32,1787196351863768420
lidar,1787196351874904377
esp32,1787196351963829560
lidar,1787196351977474514
esp32,1787196352063752965
lidar,1787196352077989453
esp32,1787196352163789927
lidar,1787196352180070963
esp32,1787196352263742564
lidar,1787196352283546408
esp32,1787196352363776104
lidar,1787196352373149877
esp32,1787196352463772126
lidar,1787196352472986380
esp32,1787196352563681990
lidar,1787196352574695742
esp32,1787196352663826284
lidar,1787196352676676352
esp32,1787196352763794909
lidar,1787196352774425841
esp32,1787196352863883788
lidar,1787196352877627671
esp32,1787196352964045608
lidar,1787196352974870896
esp32,1787196353064298663
lidar,1787196353075450465
esp32,1787196353164317935
lidar,1787196353175503853
lidar,1787196353275372166
esp32,1787196353284012099
esp32,1787196353363669788
lidar,1787196353377448577
esp32,1787196353463680358
lidar,1787196353476198991
esp32,1787196353563859457
lidar,1787196353579307608
esp32,1787196353663793498
lidar,1787196353676771951
lidar,1787196353775488295
esp32,1787196353783831125
lidar,1787196353874089720
esp32,1787196353883799589
lidar,1787196353973228508
esp32,1787196353983823371
esp32,1787196354063834362
lidar,1787196354075312367
esp32,1787196354163929403
lidar,1787196354176168667
esp32,1787196354263874918
lidar,1787196354275629338
esp32,1787196354363662681
lidar,1787196354376066239
esp32,1787196354463735091
lidar,1787196354478542011
esp32,1787196354563872979
lidar,1787196354575993331
esp32,1787196354663696664
lidar,1787196354682904138
esp32,1787196354763776149
lidar,1787196354773919895
esp32,1787196354863732222
lidar,1787196354873917378
esp32,1787196354963743940
lidar,1787196354974377201
esp32,1787196355063743765
lidar,1787196355074118411
esp32,1787196355163811075
lidar,1787196355174046594
esp32,1787196355263955252
lidar,1787196355273874393
esp32,1787196355363685337
lidar,1787196355376725666
esp32,1787196355463773517
lidar,1787196355475196315
esp32,1787196355563800875
lidar,1787196355573969062
esp32,1787196355663883501
lidar,1787196355674899270
esp32,1787196355763672058
lidar,1787196355774981162
esp32,1787196355863915040
lidar,1787196355875277731
esp32,1787196355964407357
lidar,1787196355975283798
esp32,1787196356064521129
lidar,1787196356074093897
esp32,1787196356164306442
lidar,1787196356175493735
esp32,1787196356263774913
lidar,1787196356275167229
esp32,1787196356363784861
lidar,1787196356377019453
esp32,1787196356463790957
lidar,1787196356479766824
esp32,1787196356563875296
lidar,1787196356574541686
lidar,1787196356672640302
esp32,1787196356683869305
esp32,1787196356763757241
lidar,1787196356773289705
lidar,1787196356877722998
esp32,1787196356883649302
lidar,1787196356974278049
esp32,1787196356983830819
esp32,1787196357063745033
lidar,1787196357074250655
esp32,1787196357163804224
lidar,1787196357171026008
esp32,1787196357263856075
lidar,1787196357269917587
esp32,1787196357363755982
lidar,1787196357370640220
esp32,1787196357464152696
lidar,1787196357470358610
esp32,1787196357563758887
lidar,1787196357576777643
esp32,1787196357663703383
lidar,1787196357674680487
esp32,1787196357763666847
lidar,1787196357773081163
esp32,1787196357863815379
lidar,1787196357873889813
esp32,1787196357963747020
lidar,1787196357976130588
esp32,1787196358063875931
lidar,1787196358071197048
lidar,1787196358172452765
esp32,1787196358184188031
lidar,1787196358273285409
esp32,1787196358284203027
esp32,1787196358364342294
lidar,1787196358374236471
esp32,1787196358463996829
lidar,1787196358475107060
esp32,1787196358563955164
lidar,1787196358573464838
esp32,1787196358664707228
lidar,1787196358670774045
esp32,1787196358763923684
lidar,1787196358768711778
esp32,1787196358864604294
lidar,1787196358869400407
esp32,1787196358964566014
lidar,1787196358969041900
esp32,1787196359064539112
lidar,1787196359069819690
esp32,1787196359164420464
lidar,1787196359167707358
esp32,1787196359264487450
lidar,1787196359268368634
esp32,1787196359365053712
lidar,1787196359367820217
esp32,1787196359465190950
lidar,1787196359466871895
esp32,1787196359564716597
lidar,1787196359565987010
esp32,1787196359664544724
lidar,1787196359667998165
esp32,1787196359764516383
lidar,1787196359765639861
lidar,1787196359865540833
esp32,1787196359884253185
esp32,1787196359964811379
lidar,1787196359968494763
esp32,1787196360064675654
lidar,1787196360067283536
lidar,1787196360167125527
esp32,1787196360184709797
esp32,1787196360265260458
lidar,1787196360268328482
lidar,1787196360370273168
esp32,1787196360384356939
esp32,1787196360464828283
lidar,1787196360472390507
lidar,1787196360572735545
esp32,1787196360584282999
lidar,1787196360669666640
esp32,1787196360684349679
lidar,1787196360770523568
esp32,1787196360784167818
lidar,1787196360869150650
esp32,1787196360884700453
lidar,1787196360970286933
esp32,1787196360983811890
lidar,1787196361072847269
esp32,1787196361083828380
esp32,1787196361163744064
lidar,1787196361166583322
lidar,1787196361266247286
esp32,1787196361284642344
esp32,1787196361364667322
lidar,1787196361366252831
esp32,1787196361463972384
lidar,1787196361466586097
esp32,1787196361564691478
lidar,1787196361565742183
esp32,1787196361664659375
lidar,1787196361670479835
lidar,1787196361765891591
esp32,1787196361784583338
lidar,1787196361865581660
esp32,1787196361884743824
lidar,1787196361963840228
esp32,1787196361984614281
lidar,1787196362063953855
esp32,1787196362084462060
lidar,1787196362167717267
esp32,1787196362184676971
lidar,1787196362264389802
esp32,1787196362284735089
lidar,1787196362367487531
esp32,1787196362384692332
lidar,1787196362467840587
esp32,1787196362484750936
lidar,1787196362569062946
esp32,1787196362583778111
lidar,1787196362663311188
esp32,1787196362683746013
lidar,1787196362794624055
esp32,1787196362803814462
lidar,1787196362864407464
esp32,1787196362884533593
esp32,1787196362964561415
lidar,1787196362967520302
lidar,1787196363064490921
esp32,1787196363084714965
lidar,1787196363167436624
esp32,1787196363184402581
lidar,1787196363263249639
esp32,1787196363284770925
lidar,1787196363364381782
esp32,1787196363384858088
lidar,1787196363462937425
esp32,1787196363484773745
lidar,1787196363562737179
esp32,1787196363584029750
lidar,1787196363662786280
esp32,1787196363684633788
lidar,1787196363767565170
esp32,1787196363784694607
lidar,1787196363865962190
esp32,1787196363883958042
lidar,1787196363963994456
esp32,1787196363984038720
lidar,1787196364062532361
esp32,1787196364083991785
lidar,1787196364162496832
esp32,1787196364184266104
lidar,1787196364263322061
esp32,1787196364285213569
lidar,1787196364363656644
esp32,1787196364384635296
lidar,1787196364463034108
esp32,1787196364484526224
lidar,1787196364565855813
esp32,1787196364584668868
lidar,1787196364668745885
esp32,1787196364684794727
lidar,1787196364766824020
esp32,1787196364784480534
lidar,1787196364866501379
esp32,1787196364884635827
lidar,1787196364966806655
esp32,1787196364984647420
lidar,1787196365066272571
esp32,1787196365084752196
lidar,1787196365166726180
esp32,1787196365184561770
lidar,1787196365268959188
esp32,1787196365284794899
lidar,1787196365362907497
esp32,1787196365384911099
lidar,1787196365463446904
esp32,1787196365484780900
lidar,1787196365564225185
esp32,1787196365584862238
lidar,1787196365666820686
esp32,1787196365684986608
lidar,1787196365764620187
esp32,1787196365784694069
lidar,1787196365864579883
esp32,1787196365884773249
lidar,1787196365967900085
esp32,1787196365984514586
lidar,1787196366059044242
esp32,1787196366084866878
lidar,1787196366169212120
esp32,1787196366184784489
lidar,1787196366258765732
esp32,1787196366284825007
lidar,1787196366364775592
esp32,1787196366384891749
lidar,1787196366459880948
esp32,1787196366484841177
lidar,1787196366563511122
esp32,1787196366584619122
lidar,1787196366658306976
esp32,1787196366684754298
lidar,1787196366772758687
esp32,1787196366784323940
lidar,1787196366859884137
esp32,1787196366884689800
lidar,1787196366960404830
esp32,1787196366984820626
lidar,1787196367060350688
esp32,1787196367084734261
lidar,1787196367167628514
esp32,1787196367184843904
lidar,1787196367264794324
esp32,1787196367284760899
lidar,1787196367366796486
esp32,1787196367384904380
lidar,1787196367463653230
esp32,1787196367484671842
lidar,1787196367562183040
esp32,1787196367584733642
lidar,1787196367661610559
esp32,1787196367684713258
lidar,1787196367763891196
esp32,1787196367784765624
lidar,1787196367861311854
esp32,1787196367884814989
lidar,1787196367960055441
esp32,1787196367984661453
lidar,1787196368059720337
esp32,1787196368084651233
lidar,1787196368159010551
esp32,1787196368185107838
lidar,1787196368258733226
esp32,1787196368284689004
lidar,1787196368359723261
esp32,1787196368384696125
lidar,1787196368460410611
esp32,1787196368484577328
lidar,1787196368559680784
esp32,1787196368584580390
lidar,1787196368659966583
esp32,1787196368684730631
lidar,1787196368758041964
esp32,1787196368784019347
lidar,1787196368864152568
esp32,1787196368884705868
lidar,1787196368958800213
esp32,1787196368984758754
lidar,1787196369062132142
esp32,1787196369084363092
lidar,1787196369158995609
esp32,1787196369184956350
lidar,1787196369261470488
esp32,1787196369284576105
lidar,1787196369369693538
esp32,1787196369384810507
lidar,1787196369460172388
esp32,1787196369484692189
lidar,1787196369559160066
esp32,1787196369584864677
lidar,1787196369659922697
esp32,1787196369684598303
lidar,1787196369765060526
esp32,1787196369784543164
lidar,1787196369860500717
esp32,1787196369884501273
lidar,1787196369963603380
esp32,1787196369984366846
lidar,1787196370066018626
esp32,1787196370084607914
lidar,1787196370166239221
esp32,1787196370184641424
lidar,1787196370259102846
esp32,1787196370284669468
lidar,1787196370358928082
esp32,1787196370384819489
lidar,1787196370458082140
esp32,1787196370484822549
lidar,1787196370562022616
esp32,1787196370584596292
lidar,1787196370666986112
esp32,1787196370684645655
lidar,1787196370761604113
esp32,1787196370784790478
lidar,1787196370867511207
esp32,1787196370884510058
lidar,1787196370956771723
esp32,1787196370983765306
lidar,1787196371056724681
esp32,1787196371083726633
lidar,1787196371156535105
esp32,1787196371183664078
lidar,1787196371257723898
esp32,1787196371284657273
lidar,1787196371358133086
esp32,1787196371384592288
lidar,1787196371457537929
esp32,1787196371484699943
lidar,1787196371558004190
esp32,1787196371585012920
lidar,1787196371657961512
esp32,1787196371684650879
lidar,1787196371758247776
esp32,1787196371784404645
lidar,1787196371860273231
esp32,1787196371884646750
lidar,1787196371958724932
esp32,1787196371984642848
lidar,1787196372059332389
esp32,1787196372084075116
lidar,1787196372160123395
esp32,1787196372184681583
lidar,1787196372258096753
esp32,1787196372283849513
lidar,1787196372358101848
esp32,1787196372384757439
lidar,1787196372458116852
esp32,1787196372484693341
lidar,1787196372560804751
esp32,1787196372584544443
lidar,1787196372660453107
esp32,1787196372684704266
lidar,1787196372756715356
esp32,1787196372784705673
lidar,1787196372856832319
esp32,1787196372884855157
lidar,1787196372955134889
esp32,1787196372984984398
lidar,1787196373056928479
esp32,1787196373084413508
lidar,1787196373159083517
esp32,1787196373184600962
lidar,1787196373257013742
esp32,1787196373284500939
lidar,1787196373358841247
esp32,1787196373384694138
lidar,1787196373455559557
esp32,1787196373484644817
lidar,1787196373556347353
esp32,1787196373584796824
lidar,1787196373656347820
esp32,1787196373684763255
lidar,1787196373756182361
esp32,1787196373784527281
lidar,1787196373858058125
esp32,1787196373884718794
lidar,1787196373957219431
esp32,1787196373984806090
lidar,1787196374058944829
esp32,1787196374084727047
lidar,1787196374167514020
esp32,1787196374184738612
lidar,1787196374260211576
esp32,1787196374284621436
lidar,1787196374360769358
esp32,1787196374384694619
lidar,1787196374466711746
esp32,1787196374484216109
lidar,1787196374555948293
esp32,1787196374584645032
lidar,1787196374658449127
esp32,1787196374684663280
lidar,1787196374760096200
esp32,1787196374784359079
lidar,1787196374860635242
esp32,1787196374884551699
lidar,1787196374958221670
esp32,1787196374984596827
lidar,1787196375060227247
esp32,1787196375084739172
lidar,1787196375164815479
esp32,1787196375184557402
lidar,1787196375256110318
esp32,1787196375284400458
lidar,1787196375354903788
esp32,1787196375384407352
lidar,1787196375455360778
esp32,1787196375484817976
lidar,1787196375558110143
esp32,1787196375584295797
lidar,1787196375655149608
esp32,1787196375684758401
lidar,1787196375757207433
esp32,1787196375784542493
lidar,1787196375856163670
esp32,1787196375884470575
lidar,1787196375954814191
esp32,1787196375984829941
lidar,1787196376054755421
esp32,1787196376084756189
lidar,1787196376153329710
esp32,1787196376184463982
lidar,1787196376254018301
esp32,1787196376284654689
lidar,1787196376356720876
esp32,1787196376384464313
lidar,1787196376451839465
esp32,1787196376484773913
lidar,1787196376553303185
esp32,1787196376584765694
lidar,1787196376652368009
esp32,1787196376684790419
lidar,1787196376751015076
esp32,1787196376784717576
lidar,1787196376852365355
esp32,1787196376884901371
lidar,1787196376952809905
esp32,1787196376984737561
lidar,1787196377052848770
esp32,1787196377084907957
lidar,1787196377152056866
esp32,1787196377184695993
lidar,1787196377253094313
esp32,1787196377284500530
lidar,1787196377355867263
esp32,1787196377384722063
lidar,1787196377455473866
esp32,1787196377484725848
lidar,1787196377557459403
esp32,1787196377584492317
lidar,1787196377652850538
esp32,1787196377684711688
lidar,1787196377752380915
esp32,1787196377784754501
lidar,1787196377853900738
esp32,1787196377884784620
lidar,1787196377951419968
esp32,1787196377984661119
lidar,1787196378052065938
esp32,1787196378084760432
lidar,1787196378151978937
esp32,1787196378184232106
lidar,1787196378252213327
esp32,1787196378284315395
lidar,1787196378354824077
esp32,1787196378384740403
lidar,1787196378449283935
esp32,1787196378484664109
lidar,1787196378550919552
esp32,1787196378584625227
lidar,1787196378650664017
esp32,1787196378684724285
lidar,1787196378755853948
esp32,1787196378784100463
lidar,1787196378851124846
esp32,1787196378884698784
lidar,1787196378952308224
esp32,1787196378984522100
lidar,1787196379055314513
esp32,1787196379084826452
lidar,1787196379152656923
esp32,1787196379184907967
lidar,1787196379251669858
esp32,1787196379284709926
lidar,1787196379351159451
esp32,1787196379384665670
lidar,1787196379451986731
esp32,1787196379484645050
lidar,1787196379551024353
esp32,1787196379584556994
lidar,1787196379650840587
esp32,1787196379684831974
lidar,1787196379750241233
esp32,1787196379784318320
lidar,1787196379850896076
esp32,1787196379884553314
lidar,1787196379952400953
esp32,1787196379983993026
lidar,1787196380054174558
esp32,1787196380084712301
lidar,1787196380149938341
esp32,1787196380184973033
lidar,1787196380249121332
esp32,1787196380284717296
lidar,1787196380348439334
esp32,1787196380384686330
lidar,1787196380451058368
esp32,1787196380484706769
lidar,1787196380547064436
esp32,1787196380584708898
lidar,1787196380647994393
esp32,1787196380684736521
lidar,1787196380749772150
esp32,1787196380784754740
lidar,1787196380847046161
esp32,1787196380884468630
lidar,1787196380945297891
esp32,1787196380984084704
lidar,1787196381045498103
esp32,1787196381083981906
lidar,1787196381146437043
esp32,1787196381183669559
lidar,1787196381248205185
esp32,1787196381284586335
lidar,1787196381351076981
esp32,1787196381384610952
lidar,1787196381452132355
esp32,1787196381484622528
lidar,1787196381552183672
esp32,1787196381584599329
lidar,1787196381652771022
esp32,1787196381684685628
lidar,1787196381754396550
esp32,1787196381784552633
lidar,1787196381849888954
esp32,1787196381884587834
lidar,1787196381947892187
esp32,1787196381983777974
lidar,1787196382047997962
esp32,1787196382084752855
lidar,1787196382148567677
esp32,1787196382184778873
lidar,1787196382250769196
esp32,1787196382284661108
lidar,1787196382347757276
esp32,1787196382384651061
lidar,1787196382450240887
esp32,1787196382484782337
lidar,1787196382545947820
esp32,1787196382584791728
lidar,1787196382645529285
esp32,1787196382684858560
lidar,1787196382745737185
esp32,1787196382784505580
lidar,1787196382850426621
esp32,1787196382884908454
lidar,1787196382945723138
esp32,1787196382984632088
lidar,1787196383049737550
esp32,1787196383084711000
lidar,1787196383150745381
esp32,1787196383184843912
lidar,1787196383246587994
esp32,1787196383284622428
lidar,1787196383345109494
esp32,1787196383384684663
lidar,1787196383445807543
esp32,1787196383484697961
lidar,1787196383545632799
esp32,1787196383584605319
lidar,1787196383649126238
esp32,1787196383684664834
lidar,1787196383746429186
esp32,1787196383784561571
lidar,1787196383845867856
esp32,1787196383884739287
lidar,1787196383947676883
esp32,1787196383984705446
lidar,1787196384045599112
esp32,1787196384084701483
lidar,1787196384144510439
esp32,1787196384184864814
lidar,1787196384245906483
esp32,1787196384284028712
lidar,1787196384344404514
esp32,1787196384384474851
lidar,1787196384443823305
esp32,1787196384484580976
lidar,1787196384543349026
esp32,1787196384584653132
lidar,1787196384643397789
esp32,1787196384684682440
lidar,1787196384747946184
esp32,1787196384784564638
lidar,1787196384844687363
esp32,1787196384884574613
lidar,1787196384948529338
esp32,1787196384984441488
lidar,1787196385046627214
esp32,1787196385084639571
lidar,1787196385146663966
esp32,1787196385184642712
lidar,1787196385244550757
esp32,1787196385284609235
lidar,1787196385345055939
esp32,1787196385384654935
lidar,1787196385444859009
esp32,1787196385484658122
lidar,1787196385548034135
esp32,1787196385584771894
lidar,1787196385647511741
esp32,1787196385684722828
lidar,1787196385748800547
esp32,1787196385784796126
lidar,1787196385849599113
esp32,1787196385884766402
lidar,1787196385947203392
esp32,1787196385984945679
lidar,1787196386044952050
esp32,1787196386084304484
lidar,1787196386145101623
esp32,1787196386184759169
lidar,1787196386244391134
esp32,1787196386284433534
lidar,1787196386348042561
esp32,1787196386384802373
lidar,1787196386445419201
esp32,1787196386484250556
lidar,1787196386543609543
esp32,1787196386584714352
lidar,1787196386643009543
esp32,1787196386684598351
lidar,1787196386742488710
esp32,1787196386784686060
lidar,1787196386843673109
esp32,1787196386884665361
lidar,1787196386942786556
esp32,1787196386984755921
lidar,1787196387042286657
esp32,1787196387083975707
lidar,1787196387140587359
esp32,1787196387184028859
lidar,1787196387246295837
esp32,1787196387284428374
lidar,1787196387340967982
esp32,1787196387384331835
lidar,1787196387440634294
esp32,1787196387483782324
lidar,1787196387542845273
esp32,1787196387583981832
lidar,1787196387642170336
esp32,1787196387683735861
lidar,1787196387746179247
esp32,1787196387784758453
lidar,1787196387842715433
esp32,1787196387884532331
lidar,1787196387942598420
esp32,1787196387984821255
lidar,1787196388043626969
esp32,1787196388084570726
lidar,1787196388141874112
esp32,1787196388184547737
lidar,1787196388241135624
esp32,1787196388304673479
lidar,1787196388342043642
esp32,1787196388384410360
lidar,1787196388440522901
esp32,1787196388484948765
lidar,1787196388540231352
esp32,1787196388584608743
lidar,1787196388642639804
esp32,1787196388684762109
lidar,1787196388739859939
esp32,1787196388784493636
lidar,1787196388840194452
esp32,1787196388883546461
lidar,1787196388940833197
esp32,1787196388984419984
lidar,1787196389039474098
esp32,1787196389084375695
lidar,1787196389138454445
esp32,1787196389184441431
lidar,1787196389237205265
esp32,1787196389283842407
lidar,1787196389338337510
esp32,1787196389383718483
lidar,1787196389438618024
esp32,1787196389483853272
lidar,1787196389539913808
esp32,1787196389584589211
lidar,1787196389645220177
esp32,1787196389684837111
lidar,1787196389740788806
esp32,1787196389784579065
lidar,1787196389843193733
esp32,1787196389884705667
lidar,1787196389939684492
esp32,1787196389984770856
lidar,1787196390042087649
esp32,1787196390084506745
lidar,1787196390139268862
esp32,1787196390184540763
lidar,1787196390239603401
esp32,1787196390285105832
lidar,1787196390340553656
esp32,1787196390383937297
lidar,1787196390444960893
esp32,1787196390484286167
lidar,1787196390542533174
esp32,1787196390584639126
lidar,1787196390642340364
esp32,1787196390684769439
lidar,1787196390739525851
esp32,1787196390784769592
lidar,1787196390839188656
esp32,1787196390884818701
lidar,1787196390937984021
esp32,1787196390983905270
lidar,1787196391039938214
esp32,1787196391083783272
lidar,1787196391140416367
esp32,1787196391183762796
lidar,1787196391239312456
esp32,1787196391284597541
lidar,1787196391338391420
esp32,1787196391384777427
lidar,1787196391444373177
esp32,1787196391484589813
lidar,1787196391537529289
esp32,1787196391584579384
lidar,1787196391636485103
esp32,1787196391684539408
lidar,1787196391736239858
esp32,1787196391784676751
lidar,1787196391839681240
esp32,1787196391884644284
lidar,1787196391936406421
esp32,1787196391984657512
lidar,1787196392037095032
esp32,1787196392084715765
lidar,1787196392136531608
esp32,1787196392184926208
lidar,1787196392239925303
esp32,1787196392284750454
lidar,1787196392338042429
esp32,1787196392384685476
lidar,1787196392437859335
esp32,1787196392484575049
lidar,1787196392538058715
esp32,1787196392584589940
lidar,1787196392637931128
esp32,1787196392684793292
lidar,1787196392737679608
esp32,1787196392784773358
lidar,1787196392836865118
esp32,1787196392884811157
lidar,1787196392939171673
esp32,1787196392984750635
lidar,1787196393061882305
esp32,1787196393084764932
lidar,1787196393136736408
esp32,1787196393184898439
lidar,1787196393239477692
esp32,1787196393284536229
lidar,1787196393337050658
esp32,1787196393384825684
lidar,1787196393434919037
esp32,1787196393484079436
lidar,1787196393534842331
esp32,1787196393584786548
lidar,1787196393637240133
esp32,1787196393684717605
lidar,1787196393743547454
esp32,1787196393784526014
lidar,1787196393836997259
esp32,1787196393884614405
lidar,1787196393935111896
esp32,1787196393985023041
lidar,1787196394037224450
esp32,1787196394084665681
lidar,1787196394137218690
esp32,1787196394184696303
lidar,1787196394237190798
esp32,1787196394284898981
lidar,1787196394336254483
esp32,1787196394384752054
lidar,1787196394435454519
esp32,1787196394484455545
lidar,1787196394537287645
esp32,1787196394584866136
lidar,1787196394636104245
esp32,1787196394684850551
lidar,1787196394738806710
esp32,1787196394784512167
lidar,1787196394839830847
esp32,1787196394884766006
lidar,1787196394937042923
esp32,1787196394984796680
lidar,1787196395036532651
esp32,1787196395084800499
lidar,1787196395135785684
esp32,1787196395184946563
lidar,1787196395238788786
esp32,1787196395284807489
lidar,1787196395337822787
esp32,1787196395384773481
lidar,1787196395438650102
esp32,1787196395484828827
lidar,1787196395534560220
esp32,1787196395584973796
lidar,1787196395635225488
esp32,1787196395684867391
lidar,1787196395734657250
esp32,1787196395785085411
lidar,1787196395833785944
esp32,1787196395884782825
lidar,1787196395936423256
esp32,1787196395984661676
lidar,1787196396038447372
esp32,1787196396084698115
lidar,1787196396136168237
esp32,1787196396184129713
lidar,1787196396234127435
esp32,1787196396284813490
lidar,1787196396334166362
esp32,1787196396384680749
lidar,1787196396434156920
esp32,1787196396484699144
lidar,1787196396534878139
esp32,1787196396584601854
lidar,1787196396634478050
esp32,1787196396684837023
lidar,1787196396735996069
esp32,1787196396784921889
lidar,1787196396834332052
esp32,1787196396884960845
lidar,1787196396936820441
esp32,1787196396984885921
lidar,1787196397035016798
esp32,1787196397084741466
lidar,1787196397133246625
esp32,1787196397184945666
lidar,1787196397234487392
esp32,1787196397284898771
lidar,1787196397338680928
esp32,1787196397384401714
lidar,1787196397436425199
esp32,1787196397484887872
lidar,1787196397532334727
esp32,1787196397584934400
lidar,1787196397632349914
esp32,1787196397684839324
lidar,1787196397733936911
esp32,1787196397784715986
lidar,1787196397831829030
esp32,1787196397884519429
lidar,1787196397933929780
esp32,1787196397984865446
lidar,1787196398036820092
esp32,1787196398084804403
lidar,1787196398137727274
esp32,1787196398184900134
lidar,1787196398233045872
esp32,1787196398284792923
lidar,1787196398335426671
esp32,1787196398384911602
lidar,1787196398435368493
esp32,1787196398484607087
lidar,1787196398535116728
esp32,1787196398584816836
lidar,1787196398634442881
esp32,1787196398684697119
lidar,1787196398736914335
esp32,1787196398784587318
lidar,1787196398835746365
esp32,1787196398884507899
lidar,1787196398936465632
esp32,1787196398984748785
lidar,1787196399032786990
esp32,1787196399104642243
lidar,1787196399133714467
esp32,1787196399184754258
lidar,1787196399232437511
esp32,1787196399284745324
lidar,1787196399335323867
esp32,1787196399384692930
lidar,1787196399432756607
esp32,1787196399484833535
lidar,1787196399530714489
esp32,1787196399584654135
lidar,1787196399630495628
esp32,1787196399684570137
lidar,1787196399730392263
esp32,1787196399784038358
lidar,1787196399833483773
esp32,1787196399884885107
lidar,1787196399932780832
esp32,1787196399984824351
lidar,1787196400031468267
esp32,1787196400084782093
lidar,1787196400133427110
esp32,1787196400184874524
lidar,1787196400233265532
esp32,1787196400284873233
lidar,1787196400333010745
esp32,1787196400384793118
lidar,1787196400435135475
esp32,1787196400484669519
lidar,1787196400534135184
esp32,1787196400584801076
lidar,1787196400632740621
esp32,1787196400684789645
lidar,1787196400732570677
esp32,1787196400784512428
lidar,1787196400832182344
esp32,1787196400884693300
lidar,1787196400934127359
esp32,1787196400983783536
lidar,1787196401030556474
esp32,1787196401083768727
lidar,1787196401130294538
esp32,1787196401183672551
lidar,1787196401231844589
esp32,1787196401284678778
lidar,1787196401333348348
esp32,1787196401384684201
lidar,1787196401429820333
esp32,1787196401484525958
lidar,1787196401530546613
esp32,1787196401584664590
lidar,1787196401629023506
esp32,1787196401684870297
lidar,1787196401730016455
esp32,1787196401784823279
lidar,1787196401830489098
esp32,1787196401884812399
lidar,1787196401931488575
esp32,1787196401984857336
lidar,1787196402029769636
esp32,1787196402084609095
lidar,1787196402133400103
esp32,1787196402184484058
lidar,1787196402229422473
esp32,1787196402284816384
lidar,1787196402329878888
esp32,1787196402384923351
lidar,1787196402429704935
esp32,1787196402484728855
lidar,1787196402533726829
esp32,1787196402584566018
lidar,1787196402630592484
esp32,1787196402684693036
lidar,1787196402732342970
esp32,1787196402784798628
lidar,1787196402833960027
esp32,1787196402884774463
lidar,1787196402932468477
esp32,1787196402984863266
lidar,1787196403034740474
esp32,1787196403084861757
lidar,1787196403130447380
esp32,1787196403204628750
lidar,1787196403229332332
esp32,1787196403284843699
lidar,1787196403328901960
esp32,1787196403384781000
lidar,1787196403430839572
esp32,1787196403484843754
lidar,1787196403528817290
esp32,1787196403584629268
lidar,1787196403631799646
esp32,1787196403684673209
lidar,1787196403726144605
esp32,1787196403784529504
lidar,1787196403825997213
esp32,1787196403884718005
lidar,1787196403926966493
esp32,1787196403984642175
lidar,1787196404027305034
esp32,1787196404084472576
lidar,1787196404126282378
esp32,1787196404184502946
lidar,1787196404226370925
esp32,1787196404284608498
lidar,1787196404330998150
esp32,1787196404384558864
lidar,1787196404427969214
esp32,1787196404484608278
lidar,1787196404528293794
esp32,1787196404584427286
lidar,1787196404628378298
esp32,1787196404684486359
lidar,1787196404729381106
esp32,1787196404784390223
lidar,1787196404827928417
esp32,1787196404884629057
lidar,1787196404926125559
esp32,1787196404984619371
lidar,1787196405027698345
esp32,1787196405084696754
lidar,1787196405131431768
esp32,1787196405184651236
lidar,1787196405225158056
esp32,1787196405284839090
lidar,1787196405327402096
esp32,1787196405384688753
lidar,1787196405428275299
esp32,1787196405484701206
lidar,1787196405528388633
esp32,1787196405584654519
lidar,1787196405628851141
esp32,1787196405684650370
lidar,1787196405724538986
esp32,1787196405784743100
lidar,1787196405824404027
esp32,1787196405884807896
lidar,1787196405925838704
esp32,1787196405983774004
lidar,1787196406027627411
esp32,1787196406084670035
lidar,1787196406126456214
esp32,1787196406184687157
lidar,1787196406227516107
esp32,1787196406283935764
lidar,1787196406324598070
esp32,1787196406384065514
lidar,1787196406426000800
esp32,1787196406483823919
lidar,1787196406523953222
esp32,1787196406583769429
lidar,1787196406624284822
esp32,1787196406684670775
lidar,1787196406726466527
esp32,1787196406784711664
lidar,1787196406826730310
esp32,1787196406884666612
lidar,1787196406923475659
esp32,1787196406984667540
lidar,1787196407030700880
esp32,1787196407084733983
lidar,1787196407121393358
esp32,1787196407184719649
lidar,1787196407221541602
esp32,1787196407284696878
lidar,1787196407321713874
esp32,1787196407384733580
lidar,1787196407427474415
esp32,1787196407484785323
lidar,1787196407523736123
esp32,1787196407584767565
lidar,1787196407624156955
esp32,1787196407684621866
lidar,1787196407722433572
esp32,1787196407784607541
lidar,1787196407821155728
esp32,1787196407884819859
lidar,1787196407921139868
esp32,1787196407984491229
lidar,1787196408022637518
esp32,1787196408084867394
lidar,1787196408124289651
esp32,1787196408184689223
lidar,1787196408224691553
esp32,1787196408284651151
lidar,1787196408324908764
esp32,1787196408384699104
lidar,1787196408422155294
esp32,1787196408484683473
lidar,1787196408522710151
esp32,1787196408584693886
lidar,1787196408621473884
esp32,1787196408684682459
lidar,1787196408721518956
esp32,1787196408784555080
lidar,1787196408821349839
esp32,1787196408884700170
lidar,1787196408923824334
esp32,1787196408984889205
lidar,1787196409023163998
esp32,1787196409084666916
lidar,1787196409120189895
esp32,1787196409184842589
lidar,1787196409219486619
esp32,1787196409284750860
lidar,1787196409320445648
esp32,1787196409384748225
lidar,1787196409422550627
esp32,1787196409484737982
lidar,1787196409518843317
esp32,1787196409584848092
lidar,1787196409620109045
esp32,1787196409684748137
lidar,1787196409717426962
esp32,1787196409784861185
lidar,1787196409816907655
esp32,1787196409884655495
lidar,1787196409919174570
esp32,1787196409984798626
lidar,1787196410023472197
esp32,1787196410084831444
lidar,1787196410118510225
esp32,1787196410184730169
lidar,1787196410217237263
esp32,1787196410284963532
lidar,1787196410318018102
esp32,1787196410384823920
lidar,1787196410419625494
esp32,1787196410484868919
lidar,1787196410518390713
esp32,1787196410584834695
lidar,1787196410618583361
esp32,1787196410684529025
lidar,1787196410723349049
esp32,1787196410784798329
lidar,1787196410823710603
esp32,1787196410884876628
lidar,1787196410924121751
esp32,1787196410983778782
lidar,1787196411025102151
esp32,1787196411083937054
lidar,1787196411123698186
esp32,1787196411183938621
lidar,1787196411218193167
esp32,1787196411284635884
lidar,1787196411320070336
esp32,1787196411384599573
lidar,1787196411418674414
esp32,1787196411484744636
lidar,1787196411519984875
esp32,1787196411584636228
lidar,1787196411625332810
esp32,1787196411684691396
lidar,1787196411720532710
esp32,1787196411784812244
lidar,1787196411824280283
esp32,1787196411884907880
lidar,1787196411916731457
esp32,1787196411984570473
lidar,1787196412016682794
esp32,1787196412084654765
lidar,1787196412117723848
esp32,1787196412184619728
lidar,1787196412217778515
esp32,1787196412284814844
lidar,1787196412318750081
esp32,1787196412384845515
lidar,1787196412416947935
esp32,1787196412484845542
lidar,1787196412517408360
esp32,1787196412590795598
lidar,1787196412617467879
esp32,1787196412683784580
lidar,1787196412718840676
esp32,1787196412784724305
lidar,1787196412818242671
esp32,1787196412884812396
lidar,1787196412919002513
esp32,1787196412984684459
lidar,1787196413022276918
esp32,1787196413084805257
lidar,1787196413118895992
esp32,1787196413184955427
lidar,1787196413217680876
esp32,1787196413283981345
lidar,1787196413337131981
esp32,1787196413384673970
lidar,1787196413416943797
esp32,1787196413484793053
lidar,1787196413517925450
esp32,1787196413584272177
lidar,1787196413622704965
esp32,1787196413684902413
lidar,1787196413717300657
esp32,1787196413784865709
lidar,1787196413816262253
esp32,1787196413884677966
lidar,1787196413915597037
esp32,1787196413984712528
lidar,1787196414014983524
esp32,1787196414084444209
lidar,1787196414117168944
esp32,1787196414184604293
lidar,1787196414217801540
esp32,1787196414284674310
lidar,1787196414317778478
esp32,1787196414384650028
lidar,1787196414420620427
esp32,1787196414484693425
lidar,1787196414516226721
esp32,1787196414584273948
lidar,1787196414617330599
esp32,1787196414684751527
lidar,1787196414717400532
esp32,1787196414784541001
lidar,1787196414818692229
esp32,1787196414884763216
lidar,1787196414918070217
esp32,1787196414984696824
lidar,1787196415020894633
esp32,1787196415084706274
lidar,1787196415122995073
esp32,1787196415184578306
lidar,1787196415222380563
esp32,1787196415284736595
lidar,1787196415320909161
esp32,1787196415384803728
lidar,1787196415415650770
esp32,1787196415484763073
lidar,1787196415516217857
esp32,1787196415584712893
lidar,1787196415615958963
esp32,1787196415684756722
lidar,1787196415719359737
esp32,1787196415784504902
lidar,1787196415816648710
esp32,1787196415884619364
lidar,1787196415918427754
esp32,1787196415984678772
lidar,1787196416023219559
esp32,1787196416084679481
lidar,1787196416113665168
esp32,1787196416184829021
lidar,1787196416214144856
esp32,1787196416284726667
lidar,1787196416313518341
esp32,1787196416384607370
lidar,1787196416414680992
esp32,1787196416484720815
lidar,1787196416514126391
esp32,1787196416584396220
lidar,1787196416613886389
esp32,1787196416684843423
lidar,1787196416713644974
esp32,1787196416784775819
lidar,1787196416814667499
esp32,1787196416884610714
lidar,1787196416915287183
esp32,1787196416984847117
lidar,1787196417014983116
esp32,1787196417084736160
lidar,1787196417114951510
esp32,1787196417184871183
lidar,1787196417214767688
esp32,1787196417284742179
lidar,1787196417314542451
esp32,1787196417384633022
lidar,1787196417416660390
esp32,1787196417484833698
lidar,1787196417516844840
esp32,1787196417584769721
lidar,1787196417615039070
esp32,1787196417684720612
lidar,1787196417715232341
esp32,1787196417784742604
lidar,1787196417814817635
esp32,1787196417884827210
lidar,1787196417913719753
esp32,1787196417984777569
lidar,1787196418014035334
esp32,1787196418084967132
lidar,1787196418112169544
esp32,1787196418184972848
lidar,1787196418213899930
esp32,1787196418284997908
lidar,1787196418312903096
esp32,1787196418384784971
lidar,1787196418414017128
esp32,1787196418484857018
lidar,1787196418510824234
esp32,1787196418584663838
lidar,1787196418610813067
esp32,1787196418684890605
lidar,1787196418710531711
esp32,1787196418784693907
lidar,1787196418811304175
esp32,1787196418884601503
lidar,1787196418912354453
esp32,1787196418984764643
lidar,1787196419023532578
esp32,1787196419084798829
lidar,1787196419117623659
esp32,1787196419184802771
lidar,1787196419217241938
esp32,1787196419284820462
lidar,1787196419315918775
esp32,1787196419384676213
lidar,1787196419417392109
esp32,1787196419484802920
lidar,1787196419510804659
esp32,1787196419584768987
lidar,1787196419610789693
esp32,1787196419684801163
lidar,1787196419713159112
esp32,1787196419784860014
lidar,1787196419812849375
esp32,1787196419884837760
lidar,1787196419914094018
esp32,1787196419984754150
lidar,1787196420010269799
esp32,1787196420084806361
lidar,1787196420108350746
esp32,1787196420184839474
lidar,1787196420208198289
esp32,1787196420284910951
lidar,1787196420307857231
esp32,1787196420384865929
lidar,1787196420409486530
esp32,1787196420484794638
lidar,1787196420508129101
esp32,1787196420584476575
lidar,1787196420608194661
esp32,1787196420684898470
lidar,1787196420708873506
esp32,1787196420784417935
lidar,1787196420808345531
esp32,1787196420884865135
lidar,1787196420908939125
esp32,1787196420983848963
lidar,1787196421009372995
esp32,1787196421083896519
lidar,1787196421111374311
esp32,1787196421183673889
lidar,1787196421212223445
esp32,1787196421284735284
lidar,1787196421310235242
esp32,1787196421384708563
lidar,1787196421409558196
esp32,1787196421484778824
lidar,1787196421509598951
esp32,1787196421584770267
lidar,1787196421610239476
esp32,1787196421684755774
lidar,1787196421712101544
esp32,1787196421784691362
lidar,1787196421812825630
esp32,1787196421884770397
lidar,1787196421912198495
esp32,1787196421984761474
lidar,1787196422010523195
esp32,1787196422084591982
lidar,1787196422106896413
esp32,1787196422184775805
lidar,1787196422207764903
esp32,1787196422284689092
lidar,1787196422309047728
esp32,1787196422384798842
lidar,1787196422407411692
esp32,1787196422484792676
lidar,1787196422510533639
esp32,1787196422584685433
lidar,1787196422605837973
esp32,1787196422684871987
lidar,1787196422706987590
esp32,1787196422804885039
lidar,1787196422816900514
esp32,1787196422884604459
lidar,1787196422907158029
esp32,1787196422984490439
lidar,1787196423006288635
esp32,1787196423084792368
lidar,1787196423110134909
esp32,1787196423184842461
lidar,1787196423211871946
esp32,1787196423284461955
lidar,1787196423308411181
esp32,1787196423384516310
lidar,1787196423410013236
esp32,1787196423484839371
lidar,1787196423507018750
esp32,1787196423584684845
lidar,1787196423605698144
esp32,1787196423684701600
lidar,1787196423706833764
esp32,1787196423784798522
lidar,1787196423806280159
esp32,1787196423884739951
lidar,1787196423908108430
esp32,1787196423984744319
lidar,1787196424009694900
esp32,1787196424084763602
lidar,1787196424106645443
esp32,1787196424184728231
lidar,1787196424203759126
esp32,1787196424284835536
lidar,1787196424304438165
esp32,1787196424384631758
lidar,1787196424402752582
esp32,1787196424484810315
lidar,1787196424502660076
esp32,1787196424584756005
lidar,1787196424606757353
esp32,1787196424684621352
lidar,1787196424703083898
esp32,1787196424784822852
lidar,1787196424804012459
esp32,1787196424884716223
lidar,1787196424904373313
esp32,1787196424984805058
lidar,1787196425005982680
esp32,1787196425084831185
lidar,1787196425105177469
esp32,1787196425184894548
lidar,1787196425205614094
esp32,1787196425284762873
lidar,1787196425304838528
esp32,1787196425384838266
lidar,1787196425404410110
esp32,1787196425484819335
lidar,1787196425505876736
esp32,1787196425584794171
lidar,1787196425605419981
esp32,1787196425686895297
lidar,1787196425703218899
esp32,1787196425785048165
lidar,1787196425805419596
esp32,1787196425884747401
lidar,1787196425904887383
esp32,1787196425984814648
lidar,1787196426003204433
esp32,1787196426084721501
lidar,1787196426104188749
esp32,1787196426184739620
lidar,1787196426203186617
esp32,1787196426284749829
lidar,1787196426303165791
esp32,1787196426384954417
lidar,1787196426405313409
esp32,1787196426484630542
lidar,1787196426503719797
esp32,1787196426584664232
lidar,1787196426601299046
esp32,1787196426684735458
lidar,1787196426702819294
esp32,1787196426784560470
lidar,1787196426802183298
esp32,1787196426883756340
lidar,1787196426900247120
esp32,1787196426984891003
lidar,1787196427000844023
esp32,1787196427084766918
lidar,1787196427105776761
esp32,1787196427184616718
lidar,1787196427202588606
lidar,1787196427303182070
esp32,1787196427304508037
esp32,1787196427384710044
lidar,1787196427406206231
esp32,1787196427484762560
lidar,1787196427506143883
esp32,1787196427584910954
lidar,1787196427600515765
esp32,1787196427684723885
lidar,1787196427702662907
esp32,1787196427784871303
lidar,1787196427804738321
esp32,1787196427884706215
lidar,1787196427907992369
esp32,1787196427984823830
lidar,1787196428004024332
esp32,1787196428084892821
lidar,1787196428104922426
esp32,1787196428184864740
lidar,1787196428206872074
esp32,1787196428284913469
lidar,1787196428308486896
esp32,1787196428384627150
lidar,1787196428401417200
esp32,1787196428484728735
lidar,1787196428503006879
lidar,1787196428602058719
esp32,1787196428604240522
esp32,1787196428684981147
lidar,1787196428700704726
esp32,1787196428784914938
lidar,1787196428800330659
esp32,1787196428884581753
lidar,1787196428900365071
esp32,1787196428984879403
lidar,1787196428999502490
esp32,1787196429084908724
lidar,1787196429099004812
esp32,1787196429184768710
lidar,1787196429200133174
esp32,1787196429284599690
lidar,1787196429299151266
esp32,1787196429384872954
lidar,1787196429399933933
esp32,1787196429484610098
lidar,1787196429497420682
esp32,1787196429584818600
lidar,1787196429597941979
esp32,1787196429684813347
lidar,1787196429697744813
esp32,1787196429784920833
lidar,1787196429799990107
esp32,1787196429884803818
lidar,1787196429899561008
esp32,1787196429984876343
lidar,1787196430004584016
esp32,1787196430084834645
lidar,1787196430100284323
esp32,1787196430184654608
lidar,1787196430198106747
esp32,1787196430284818787
lidar,1787196430298545814
esp32,1787196430384419891
lidar,1787196430401385623
esp32,1787196430484582412
lidar,1787196430504446305
esp32,1787196430584615042
lidar,1787196430600829077
esp32,1787196430684609410
lidar,1787196430701881770
esp32,1787196430784472916
lidar,1787196430800179664
esp32,1787196430884673923
lidar,1787196430900758984
esp32,1787196430983744396
lidar,1787196431001261759
esp32,1787196431083843432
lidar,1787196431100332578
esp32,1787196431183658040
lidar,1787196431197878524
esp32,1787196431284543160
lidar,1787196431300822063
esp32,1787196431384552240
lidar,1787196431400925455
lidar,1787196431500380152
esp32,1787196431504411287
esp32,1787196431584588836
lidar,1787196431597118620
esp32,1787196431684539808
lidar,1787196431698696782
esp32,1787196431784656328
lidar,1787196431796521195
esp32,1787196431884904244
lidar,1787196431899309902
esp32,1787196431984644085
lidar,1787196432002667065
esp32,1787196432084812290
lidar,1787196432104499306
esp32,1787196432184781199
lidar,1787196432205474219
esp32,1787196432283845151
lidar,1787196432296583907
esp32,1787196432384746186
lidar,1787196432396485613
esp32,1787196432484599792
lidar,1787196432499337343
esp32,1787196432584414584
lidar,1787196432598894186
esp32,1787196432684482460
lidar,1787196432698301323
esp32,1787196432784638098
lidar,1787196432802404900
esp32,1787196432884604473
lidar,1787196432897849197
esp32,1787196432984455640
lidar,1787196432996831332
esp32,1787196433084524628
lidar,1787196433097304775
esp32,1787196433184905541
lidar,1787196433196272289
esp32,1787196433284640867
lidar,1787196433296709082
esp32,1787196433384567048
lidar,1787196433398169215
esp32,1787196433484835039
lidar,1787196433494921563
esp32,1787196433584668813
lidar,1787196433595410075
esp32,1787196433684766042
lidar,1787196433693833824
esp32,1787196433784750020
lidar,1787196433794351321
esp32,1787196433884610094
lidar,1787196433895678038
esp32,1787196433984759058
lidar,1787196433995211512
esp32,1787196434084718467
lidar,1787196434094971388
esp32,1787196434184997870
lidar,1787196434196883983
esp32,1787196434284827799
lidar,1787196434298582736
esp32,1787196434384686722
lidar,1787196434394577347
esp32,1787196434484816457
lidar,1787196434495772621
esp32,1787196434584816965
lidar,1787196434597864063
esp32,1787196434684823601
lidar,1787196434700274195
esp32,1787196434784842195
lidar,1787196434798910124
esp32,1787196434884734683
lidar,1787196434900234700
esp32,1787196434983944687
lidar,1787196434997310213
esp32,1787196435084902004
lidar,1787196435096776899
esp32,1787196435185044918
lidar,1787196435196516270
esp32,1787196435284813068
lidar,1787196435296686662
esp32,1787196435384712167
lidar,1787196435396719626
esp32,1787196435484679274
lidar,1787196435502130059
lidar,1787196435600777239
esp32,1787196435604521423
lidar,1787196435698741814
esp32,1787196435704534283
esp32,1787196435784856491
lidar,1787196435794145840
esp32,1787196435884825579
lidar,1787196435895197924
esp32,1787196435984765891
lidar,1787196435994395945
esp32,1787196436084664082
lidar,1787196436095527498
esp32,1787196436184872389
lidar,1787196436197709438
esp32,1787196436284911038
lidar,1787196436300359097
esp32,1787196436384845374
lidar,1787196436398785642
esp32,1787196436484712204
lidar,1787196436493781295
esp32,1787196436584822525
lidar,1787196436594486122
esp32,1787196436684900671
lidar,1787196436695060627
esp32,1787196436784961101
lidar,1787196436795662832
esp32,1787196436884756035
lidar,1787196436897361974
esp32,1787196436984877802
lidar,1787196436997342905
esp32,1787196437084684791
lidar,1787196437096270225
esp32,1787196437184946891
lidar,1787196437196478799
esp32,1787196437284699942
lidar,1787196437296380655
esp32,1787196437384968372
lidar,1787196437396907181
esp32,1787196437484689103
lidar,1787196437497054324
esp32,1787196437584784877
lidar,1787196437595631731
esp32,1787196437684628256
lidar,1787196437695093150
esp32,1787196437784752176
lidar,1787196437794791576
esp32,1787196437884798930
lidar,1787196437894096833
esp32,1787196437984987491
lidar,1787196437995927765
esp32,1787196438084860389
lidar,1787196438095689109
esp32,1787196438184650523
lidar,1787196438198711984
esp32,1787196438284855813
lidar,1787196438296012968
esp32,1787196438384793044
lidar,1787196438394987772
esp32,1787196438484985864
lidar,1787196438496532838
esp32,1787196438584775584
lidar,1787196438595068140
esp32,1787196438684776845
lidar,1787196438695282992
esp32,1787196438784841743
lidar,1787196438797003437
esp32,1787196438884800886
lidar,1787196438901024228
esp32,1787196438984709579
lidar,1787196438997365178
esp32,1787196439084756640
lidar,1787196439098563503
esp32,1787196439184917079
lidar,1787196439195448633
esp32,1787196439284963319
esp32,1787196439384832787
lidar,1787196439394540683
esp32,1787196439484852881
lidar,1787196439497246557
esp32,1787196439584718083
lidar,1787196439594549216
esp32,1787196439684927847
lidar,1787196439697108301
esp32,1787196439784883505
lidar,1787196439793520697
esp32,1787196439884713807
lidar,1787196439898822249
esp32,1787196439984688729
lidar,1787196439992373061
esp32,1787196440084895811
lidar,1787196440095636439
esp32,1787196440184807482
lidar,1787196440197744590
esp32,1787196440284851305
lidar,1787196440296911030
esp32,1787196440384437491
lidar,1787196440406201839
esp32,1787196440484836016
lidar,1787196440497965384
esp32,1787196440584789785
lidar,1787196440599186759
esp32,1787196440684889610
lidar,1787196440690072600
esp32,1787196440784922119
lidar,1787196440790926094
esp32,1787196440884835567
lidar,1787196440892079072
esp32,1787196440983757896
lidar,1787196440993692442
esp32,1787196441083777584
lidar,1787196441090714893
esp32,1787196441183631378
lidar,1787196441192751806
esp32,1787196441284874824
lidar,1787196441292236661
esp32,1787196441384812826
lidar,1787196441391908422
esp32,1787196441484922541
lidar,1787196441492607055
esp32,1787196441584620970
lidar,1787196441593200423
esp32,1787196441684738903
lidar,1787196441694782164
esp32,1787196441784738479
lidar,1787196441794895487
esp32,1787196441884913036
lidar,1787196441895019578
esp32,1787196441984987420
lidar,1787196441996820086
lidar,1787196442095420697
esp32,1787196442104320420
lidar,1787196442194777115
esp32,1787196442204284397
lidar,1787196442294619680
esp32,1787196442304172358
lidar,1787196442394615080
esp32,1787196442404190482
lidar,1787196442496818357
esp32,1787196442504810086
esp32,1787196442584870688
lidar,1787196442594597908
lidar,1787196442694352739
esp32,1787196442704146795
lidar,1787196442792629348
esp32,1787196442804095323
lidar,1787196442895019211
esp32,1787196442904284914
esp32,1787196442984756197
lidar,1787196442994886171
esp32,1787196443084255940
lidar,1787196443092940328
esp32,1787196443184829018
lidar,1787196443195006283
esp32,1787196443284877514
lidar,1787196443296923160
esp32,1787196443385047383
lidar,1787196443393433157
esp32,1787196443484703990
lidar,1787196443493484679
lidar,1787196443595651685
esp32,1787196443604164455
lidar,1787196443696501166
esp32,1787196443704870320
lidar,1787196443816674603
esp32,1787196443824251311
lidar,1787196443896149378
esp32,1787196443904258448
lidar,1787196443993711379
esp32,1787196444004318874
lidar,1787196444096813706
esp32,1787196444104349713
lidar,1787196444191569709
esp32,1787196444204216660
lidar,1787196444292277001
esp32,1787196444304625039
lidar,1787196444391853086
esp32,1787196444404174756
lidar,1787196444494983794
esp32,1787196444504326747
lidar,1787196444594950285
esp32,1787196444604744346
lidar,1787196444697027926
esp32,1787196444704203509
lidar,1787196444796796728
esp32,1787196444804445970
lidar,1787196444904077302
esp32,1787196444924683262
lidar,1787196444992340685
esp32,1787196445004237460
lidar,1787196445091637926
esp32,1787196445104354230
lidar,1787196445194090525
esp32,1787196445204648054
lidar,1787196445293705519
esp32,1787196445304227439
lidar,1787196445392432929
esp32,1787196445404223982
lidar,1787196445493343895
esp32,1787196445504250976
lidar,1787196445594872242
esp32,1787196445604244459
lidar,1787196445693848601
esp32,1787196445704247911
lidar,1787196445794341333
esp32,1787196445803888696
lidar,1787196445893430956
esp32,1787196445904600670
lidar,1787196445991549063
esp32,1787196446004176991
lidar,1787196446091298703
esp32,1787196446104159456
lidar,1787196446191653672
esp32,1787196446204166922
lidar,1787196446291176332
esp32,1787196446304194241
lidar,1787196446395021814
esp32,1787196446404325358
lidar,1787196446492126323
esp32,1787196446504101316
lidar,1787196446591703815
esp32,1787196446604724692
lidar,1787196446695587915
esp32,1787196446704384326
lidar,1787196446794653520
esp32,1787196446804697924
lidar,1787196446892032217
esp32,1787196446904927658
lidar,1787196446988352839
esp32,1787196447004690426
lidar,1787196447093634846
esp32,1787196447104449881
lidar,1787196447188858639
esp32,1787196447204669050
lidar,1787196447290650024
esp32,1787196447304252107
lidar,1787196447388126405
esp32,1787196447404815739
lidar,1787196447489801054
esp32,1787196447504256248
lidar,1787196447589981732
esp32,1787196447604218138
lidar,1787196447691067186
esp32,1787196447704740807
lidar,1787196447789712701
esp32,1787196447804714158
lidar,1787196447891336642
esp32,1787196447904807944
lidar,1787196447990028587
esp32,1787196448004313824
lidar,1787196448094014641
esp32,1787196448104315711
lidar,1787196448193518387
esp32,1787196448204267717
lidar,1787196448293442681
esp32,1787196448304562648
lidar,1787196448390166619
esp32,1787196448404794690
lidar,1787196448491236868
esp32,1787196448504192758
lidar,1787196448590081571
esp32,1787196448604259333
lidar,1787196448690566529
esp32,1787196448704811454
lidar,1787196448797042182
esp32,1787196448804435600
lidar,1787196448895447171
esp32,1787196448904330459
lidar,1787196448997356688
esp32,1787196449004337379
lidar,1787196449089020703
esp32,1787196449104810282
lidar,1787196449187444866
esp32,1787196449204715435
lidar,1787196449288426890
esp32,1787196449304481284
lidar,1787196449390539846
esp32,1787196449404163708
lidar,1787196449486911229
esp32,1787196449504706323
lidar,1787196449593011210
esp32,1787196449604107566
lidar,1787196449688205903
esp32,1787196449704664108
lidar,1787196449787743922
esp32,1787196449804221110
lidar,1787196449893809184
esp32,1787196449904167912
lidar,1787196449987763556
esp32,1787196450004803264
lidar,1787196450088970885
esp32,1787196450104648267
lidar,1787196450193567710
esp32,1787196450204270265
lidar,1787196450293548858
esp32,1787196450304684978
lidar,1787196450386600013
esp32,1787196450404258717
lidar,1787196450486764678
esp32,1787196450504658078
lidar,1787196450588370277
esp32,1787196450604598522
lidar,1787196450695059883
esp32,1787196450704126366
lidar,1787196450786270800
esp32,1787196450804754895
lidar,1787196450889924276
esp32,1787196450903814517
lidar,1787196450984140392
esp32,1787196451003893458
lidar,1787196451091254535
esp32,1787196451103852302
lidar,1787196451188118468
esp32,1787196451203953639
lidar,1787196451290355505
esp32,1787196451304595917
lidar,1787196451387415454
esp32,1787196451404625452
lidar,1787196451495861877
esp32,1787196451504095831
lidar,1787196451587954547
esp32,1787196451604306847
lidar,1787196451689462795
esp32,1787196451704140331
lidar,1787196451789717651
esp32,1787196451804593175
lidar,1787196451891892335
esp32,1787196451904775767
lidar,1787196451987136231
esp32,1787196452004682603
lidar,1787196452088302303
esp32,1787196452104660970
lidar,1787196452189029475
esp32,1787196452204065629
lidar,1787196452287610858
esp32,1787196452304614787
lidar,1787196452389777353
esp32,1787196452404146325
lidar,1787196452492603720
esp32,1787196452504656331
lidar,1787196452589624403
esp32,1787196452604111925
lidar,1787196452689530151
esp32,1787196452704004978
lidar,1787196452790300551
esp32,1787196452804061905
lidar,1787196452893373626
esp32,1787196452904214824
lidar,1787196452988571968
esp32,1787196453004371446
lidar,1787196453091347216
esp32,1787196453104172032
lidar,1787196453181147086
esp32,1787196453204708063
lidar,1787196453284995281
esp32,1787196453304124244
lidar,1787196453384017153
esp32,1787196453404722640
lidar,1787196453485546521
esp32,1787196453504217727
lidar,1787196453582428373
esp32,1787196453604108159
lidar,1787196453693297680
esp32,1787196453704141106
lidar,1787196453781553888
esp32,1787196453804610221
lidar,1787196453884112030
esp32,1787196453904601603
lidar,1787196453984851205
esp32,1787196454004626731
lidar,1787196454084643677
esp32,1787196454104638405
lidar,1787196454183391871
esp32,1787196454204637402
lidar,1787196454285315496
esp32,1787196454304722485
lidar,1787196454383955860
esp32,1787196454404788610
lidar,1787196454484713465
esp32,1787196454504592009
lidar,1787196454583658213
esp32,1787196454604638266
lidar,1787196454684126498
esp32,1787196454704748349
lidar,1787196454781317022
esp32,1787196454804678049
lidar,1787196454889127686
esp32,1787196454904712584
lidar,1787196454982290469
esp32,1787196455004016489
lidar,1787196455080125254
esp32,1787196455104695829
lidar,1787196455181865140
esp32,1787196455204565063
lidar,1787196455285594542
esp32,1787196455304653997
lidar,1787196455382859984
esp32,1787196455404613313
lidar,1787196455478888137
esp32,1787196455504761731
lidar,1787196455579134379
esp32,1787196455604746975
lidar,1787196455679897182
esp32,1787196455704668707
lidar,1787196455778306601
esp32,1787196455804619033
lidar,1787196455878235040
esp32,1787196455904777344
lidar,1787196455983062194
esp32,1787196456004782425
lidar,1787196456082181321
esp32,1787196456104783260
lidar,1787196456182703364
esp32,1787196456204727997
lidar,1787196456281344246
esp32,1787196456304846383
lidar,1787196456381645332
esp32,1787196456404651559
lidar,1787196456484117608
esp32,1787196456504779094
lidar,1787196456582426410
esp32,1787196456604677208
lidar,1787196456681786425
esp32,1787196456704747708
lidar,1787196456785947355
esp32,1787196456804653971
lidar,1787196456883290039
esp32,1787196456904762612
lidar,1787196456981462149
esp32,1787196457004672226
lidar,1787196457084079887
esp32,1787196457104782636
lidar,1787196457178131374
esp32,1787196457204184750
lidar,1787196457281043695
esp32,1787196457304502584
lidar,1787196457377727335
esp32,1787196457404762948
lidar,1787196457477796440
esp32,1787196457504815490
lidar,1787196457576753788
esp32,1787196457604791725
lidar,1787196457678659794
esp32,1787196457704680234
lidar,1787196457778034492
esp32,1787196457804837123
lidar,1787196457883692796
esp32,1787196457904770369
lidar,1787196457985804184
esp32,1787196458004796223
lidar,1787196458077960074
esp32,1787196458104756200
lidar,1787196458178503923
esp32,1787196458204687232
lidar,1787196458278756795
esp32,1787196458304732337
lidar,1787196458383986440
esp32,1787196458404642458
lidar,1787196458478805673
esp32,1787196458504791965
lidar,1787196458583158291
esp32,1787196458604740388
lidar,1787196458685738548
esp32,1787196458704238665
lidar,1787196458784713863
esp32,1787196458804757069
lidar,1787196458884552131
esp32,1787196458904688550
lidar,1787196459007327738
esp32,1787196459024688971
lidar,1787196459079933489
esp32,1787196459104748544
lidar,1787196459177599502
esp32,1787196459204616518
lidar,1787196459276738281
esp32,1787196459304340269
lidar,1787196459382544164
esp32,1787196459404232397
lidar,1787196459477936584
esp32,1787196459504151820
lidar,1787196459578339880
esp32,1787196459604679428
lidar,1787196459675429851
esp32,1787196459704642193
lidar,1787196459776580434
esp32,1787196459804252946
lidar,1787196459877266924
esp32,1787196459904158358
lidar,1787196459974855853
esp32,1787196460004125158
lidar,1787196460075311013
esp32,1787196460104172603
lidar,1787196460177831186
esp32,1787196460204531405
lidar,1787196460284247800
esp32,1787196460304230631
lidar,1787196460385293355
esp32,1787196460404223003
lidar,1787196460477534126
esp32,1787196460504231380
lidar,1787196460575812913
esp32,1787196460604619584
lidar,1787196460676563335
esp32,1787196460704264025
lidar,1787196460777289139
esp32,1787196460804760612
lidar,1787196460876560619
esp32,1787196460904501160
lidar,1787196461006440456
esp32,1787196461023681778
lidar,1787196461077119076
esp32,1787196461103767585
lidar,1787196461187427058
esp32,1787196461203685130
lidar,1787196461287424987
esp32,1787196461304412245
lidar,1787196461376605891
esp32,1787196461404736714
lidar,1787196461475251957
esp32,1787196461504227388
lidar,1787196461578793720
esp32,1787196461604613079
lidar,1787196461683189185
esp32,1787196461704644127
lidar,1787196461776759807
esp32,1787196461804269391
lidar,1787196461874593593
esp32,1787196461904132541
lidar,1787196461976591346
esp32,1787196462004174918
lidar,1787196462076004011
esp32,1787196462104162571
lidar,1787196462174587764
esp32,1787196462204434494
lidar,1787196462274676269
esp32,1787196462304208970
lidar,1787196462376841734
esp32,1787196462404174901
lidar,1787196462475427296
esp32,1787196462504559267
lidar,1787196462576476420
esp32,1787196462604127028
lidar,1787196462675755277
esp32,1787196462704238577
lidar,1787196462776277020
esp32,1787196462804248736
lidar,1787196462877499593
esp32,1787196462904034529
lidar,1787196462978575734
esp32,1787196463004261114
lidar,1787196463083939269
esp32,1787196463104810702
lidar,1787196463184941206
esp32,1787196463204877422
lidar,1787196463277624608
esp32,1787196463304722854
lidar,1787196463374212079
esp32,1787196463404709896
lidar,1787196463475191770
esp32,1787196463504641410
lidar,1787196463575065549
esp32,1787196463604693169
lidar,1787196463675484010
esp32,1787196463704582481
lidar,1787196463772433643
esp32,1787196463804642966
lidar,1787196463874352061
esp32,1787196463904619598
lidar,1787196463971444724
esp32,1787196464004855907
lidar,1787196464077578597
esp32,1787196464104092461
lidar,1787196464175713293
esp32,1787196464204816942
lidar,1787196464272708824
esp32,1787196464304723690
lidar,1787196464374614607
esp32,1787196464404131246
lidar,1787196464473139112
esp32,1787196464504076267
lidar,1787196464573005328
esp32,1787196464604755880
lidar,1787196464670992325
esp32,1787196464704760165
lidar,1787196464772848996
esp32,1787196464804882310
lidar,1787196464873294904
esp32,1787196464904735630
lidar,1787196464974615071
esp32,1787196465004009110
lidar,1787196465073342393
esp32,1787196465104616656
lidar,1787196465175640253
esp32,1787196465204093031
lidar,1787196465277329268
esp32,1787196465304194828
lidar,1787196465381684183
esp32,1787196465404445221
lidar,1787196465471514851
esp32,1787196465504796851
lidar,1787196465572247194
esp32,1787196465604699124
lidar,1787196465672841406
esp32,1787196465704601043
lidar,1787196465774817220
esp32,1787196465804819040
lidar,1787196465869874835
esp32,1787196465904683712
lidar,1787196465969346964
esp32,1787196466004397207
lidar,1787196466070732916
esp32,1787196466104576437
lidar,1787196466168349296
esp32,1787196466204655292
lidar,1787196466268900643
esp32,1787196466304428769
lidar,1787196466367618781
esp32,1787196466404778358
lidar,1787196466472295107
esp32,1787196466504799069
lidar,1787196466567782386
esp32,1787196466604636568
lidar,1787196466668123274
esp32,1787196466704683618
lidar,1787196466770007201
esp32,1787196466804730239
lidar,1787196466869891667
esp32,1787196466904749787
lidar,1787196466971655576
esp32,1787196467004590491
lidar,1787196467073671562
esp32,1787196467104723519
lidar,1787196467175960507
esp32,1787196467204725187
lidar,1787196467278383285
esp32,1787196467304846774
lidar,1787196467369262765
esp32,1787196467404244813
lidar,1787196467468857903
esp32,1787196467504803342
lidar,1787196467571155869
esp32,1787196467604728842
lidar,1787196467670448916
esp32,1787196467704655072
lidar,1787196467770443199
esp32,1787196467804665742
lidar,1787196467867717043
esp32,1787196467904923329
lidar,1787196467967415354
esp32,1787196468004720251
lidar,1787196468066969607
esp32,1787196468104887454
lidar,1787196468166082435
esp32,1787196468204284547
lidar,1787196468267362331
esp32,1787196468304801761
lidar,1787196468367561899
esp32,1787196468404796752
lidar,1787196468471648741
esp32,1787196468504911939
lidar,1787196468567849909
esp32,1787196468604625318
lidar,1787196468668957017
esp32,1787196468704691204
lidar,1787196468767535680
esp32,1787196468804722059
lidar,1787196468870406434
esp32,1787196468904754952
lidar,1787196468967858200
esp32,1787196469004750840
lidar,1787196469071683411
esp32,1787196469104662235
lidar,1787196469170718978
esp32,1787196469204742952
lidar,1787196469270673943
esp32,1787196469304627263
lidar,1787196469372860182
esp32,1787196469404755747
lidar,1787196469473722011
esp32,1787196469504619041
lidar,1787196469570999158
esp32,1787196469604638766
lidar,1787196469679144064
esp32,1787196469704026166
lidar,1787196469770823360
esp32,1787196469804741435
lidar,1787196469869979301
esp32,1787196469904742604
lidar,1787196469966970491
esp32,1787196470004730142
lidar,1787196470068662412
esp32,1787196470103969572
lidar,1787196470166547985
esp32,1787196470204740013
lidar,1787196470267679154
esp32,1787196470304760939
lidar,1787196470366579255
esp32,1787196470404626288
lidar,1787196470465972491
esp32,1787196470504641101
lidar,1787196470566583420
esp32,1787196470604641663
lidar,1787196470664908154
esp32,1787196470704536910
lidar,1787196470766735241
esp32,1787196470804801640
lidar,1787196470868121947
esp32,1787196470904380904
lidar,1787196470965857557
esp32,1787196471003682310
lidar,1787196471067292955
esp32,1787196471103706057
lidar,1787196471166210961
esp32,1787196471203946411
lidar,1787196471265934162
esp32,1787196471304816955
lidar,1787196471372918003
esp32,1787196471404765390
lidar,1787196471472745737
esp32,1787196471504489175
lidar,1787196471567140520
esp32,1787196471604789390
lidar,1787196471669698630
esp32,1787196471704642876
lidar,1787196471767379513
esp32,1787196471804595117
lidar,1787196471867335589
esp32,1787196471904697509
lidar,1787196471964206993
esp32,1787196472004734392
lidar,1787196472064307939
esp32,1787196472104667722
lidar,1787196472163336804
esp32,1787196472204777651
lidar,1787196472263266033
esp32,1787196472304568215
lidar,1787196472362884538
esp32,1787196472404609466
lidar,1787196472465245786
esp32,1787196472504746631
lidar,1787196472565616281
esp32,1787196472604726209
lidar,1787196472665467530
esp32,1787196472704689904
lidar,1787196472765021417
esp32,1787196472804734102
lidar,1787196472864304186
esp32,1787196472904709036
lidar,1787196472964009979
esp32,1787196473004694981
lidar,1787196473065152819
esp32,1787196473104706541
lidar,1787196473166810462
esp32,1787196473204742385
lidar,1787196473268465019
esp32,1787196473304740090
lidar,1787196473370092271
esp32,1787196473404740347
lidar,1787196473473118550
esp32,1787196473503681598
lidar,1787196473569970461
esp32,1787196473604446925
lidar,1787196473672608917
esp32,1787196473704718057
lidar,1787196473764441944
esp32,1787196473804765912
lidar,1787196473865282777
esp32,1787196473904809356
lidar,1787196473970416597
esp32,1787196474004803920
lidar,1787196474067575123
esp32,1787196474104779686
lidar,1787196474163063250
esp32,1787196474204904917
lidar,1787196474262796781
esp32,1787196474304695315
lidar,1787196474362799477
esp32,1787196474404606508
lidar,1787196474462565899
esp32,1787196474504721787
lidar,1787196474562190508
esp32,1787196474604600101
lidar,1787196474662481370
esp32,1787196474704706700
lidar,1787196474761999947
esp32,1787196474804588838
lidar,1787196474864325265
esp32,1787196474904833597
lidar,1787196474963600677
esp32,1787196475004622516
lidar,1787196475062431612
esp32,1787196475104608801
lidar,1787196475162823968
esp32,1787196475204453137
lidar,1787196475266448029
esp32,1787196475304680109
lidar,1787196475386376296
esp32,1787196475404731310
lidar,1787196475467920180
esp32,1787196475504745916
lidar,1787196475565256782
esp32,1787196475604482217
lidar,1787196475663238707
esp32,1787196475704581217
lidar,1787196475762814877
esp32,1787196475804721974
lidar,1787196475865182494
esp32,1787196475904626946
lidar,1787196475963721172
esp32,1787196476004367073
lidar,1787196476061516028
esp32,1787196476104642071
lidar,1787196476160920467
esp32,1787196476204624185
lidar,1787196476261020165
esp32,1787196476304609962
lidar,1787196476360312678
esp32,1787196476404661780
lidar,1787196476460216730
esp32,1787196476504630607
lidar,1787196476560885206
esp32,1787196476604580636
lidar,1787196476662034004
esp32,1787196476704642005
lidar,1787196476761568727
esp32,1787196476804665374
lidar,1787196476868112663
esp32,1787196476904755884
lidar,1787196476963901804
esp32,1787196477004550066
lidar,1787196477063046046
esp32,1787196477104592392
lidar,1787196477161596924
esp32,1787196477204670575
lidar,1787196477264475683
esp32,1787196477304527052
lidar,1787196477363976294
esp32,1787196477404508742
lidar,1787196477466891274
esp32,1787196477504556900
lidar,1787196477566859346
esp32,1787196477604589483
lidar,1787196477665536281
esp32,1787196477704143571
lidar,1787196477767532877
esp32,1787196477804800155
lidar,1787196477860244289
esp32,1787196477904768370
lidar,1787196477962214370
esp32,1787196478004641268
lidar,1787196478060179044
esp32,1787196478104450406
lidar,1787196478160871404
esp32,1787196478204548062
lidar,1787196478259352701
esp32,1787196478304545491
lidar,1787196478362353766
esp32,1787196478404668973
lidar,1787196478457883177
esp32,1787196478504545938
lidar,1787196478558728297
esp32,1787196478604581920
lidar,1787196478657563958
esp32,1787196478704561291
lidar,1787196478760472019
esp32,1787196478804690333
lidar,1787196478859338261
esp32,1787196478904658944
lidar,1787196478958397409
esp32,1787196479004523114
lidar,1787196479059239609
esp32,1787196479104699017
lidar,1787196479159475534
esp32,1787196479204441332
lidar,1787196479264473326
esp32,1787196479304574435
lidar,1787196479362984149
esp32,1787196479404563610
lidar,1787196479460903962
esp32,1787196479504548114
lidar,1787196479558305415
esp32,1787196479604280742
lidar,1787196479658090262
esp32,1787196479704621421
lidar,1787196479757232133
esp32,1787196479804634745
lidar,1787196479860575346
esp32,1787196479904631337
lidar,1787196479959356681
esp32,1787196480004522223
lidar,1787196480061193180
esp32,1787196480104753183
lidar,1787196480156099661
esp32,1787196480204654460
lidar,1787196480256245127
esp32,1787196480304639264
lidar,1787196480359226971
esp32,1787196480404525024
lidar,1787196480458816544
esp32,1787196480504628439
lidar,1787196480557685481
esp32,1787196480604684904
lidar,1787196480658271633
esp32,1787196480704372287
lidar,1787196480757421508
esp32,1787196480804759652
lidar,1787196480860266487
esp32,1787196480904417776
lidar,1787196480959876064
esp32,1787196481003942868
lidar,1787196481060119132
esp32,1787196481103816478
lidar,1787196481162449255
esp32,1787196481203755677
lidar,1787196481258534289
esp32,1787196481304505251
lidar,1787196481359461052
esp32,1787196481404579936
lidar,1787196481460255733
esp32,1787196481504631188
lidar,1787196481560479600
esp32,1787196481604552398
lidar,1787196481686768203
esp32,1787196481704542404
lidar,1787196481765771135
esp32,1787196481804644348
lidar,1787196481859164858
esp32,1787196481904664720
lidar,1787196481958174079
esp32,1787196482004608764
lidar,1787196482058762269
esp32,1787196482104747118
lidar,1787196482158101529
esp32,1787196482204712189
lidar,1787196482256744800
esp32,1787196482304475510
lidar,1787196482358566236
esp32,1787196482404614856
lidar,1787196482456212199
esp32,1787196482504737870
lidar,1787196482560552128
esp32,1787196482604613229
lidar,1787196482655208122
esp32,1787196482704276266
lidar,1787196482755260710
esp32,1787196482804670501
lidar,1787196482860188554
esp32,1787196482904783042
lidar,1787196482956247779
esp32,1787196483004793563
lidar,1787196483056985694
esp32,1787196483104552568
lidar,1787196483157185582
esp32,1787196483204774429
lidar,1787196483256413984
esp32,1787196483304365593
lidar,1787196483356673698
esp32,1787196483404712680
lidar,1787196483456620229
esp32,1787196483504779517
lidar,1787196483558599746
esp32,1787196483604781112
lidar,1787196483656106447
esp32,1787196483704684475
lidar,1787196483757653490
esp32,1787196483804664884
lidar,1787196483856518864
esp32,1787196483904565684
lidar,1787196483955381218
esp32,1787196484004779099
lidar,1787196484057574077
esp32,1787196484104667018
lidar,1787196484155764375
esp32,1787196484204685808
lidar,1787196484259377846
esp32,1787196484304575857
lidar,1787196484354509321
esp32,1787196484404663614
lidar,1787196484453969564
esp32,1787196484504667670
lidar,1787196484554591723
esp32,1787196484604438077
lidar,1787196484655108863
esp32,1787196484704196900
lidar,1787196484754705952
esp32,1787196484804774687
lidar,1787196484856623423
esp32,1787196484904739744
lidar,1787196484956273472
esp32,1787196485004519595
lidar,1787196485058681651
esp32,1787196485104517247
lidar,1787196485159074173
esp32,1787196485204549807
lidar,1787196485258360005
esp32,1787196485304630704
lidar,1787196485356158324
esp32,1787196485404724583
lidar,1787196485455930902
esp32,1787196485504567114
lidar,1787196485557157323
esp32,1787196485604498810
lidar,1787196485659732616
esp32,1787196485704275613
lidar,1787196485759213075
esp32,1787196485804506347
lidar,1787196485858053564
esp32,1787196485904584922
lidar,1787196485961799853
esp32,1787196486004758142
lidar,1787196486052748319
esp32,1787196486104613689
lidar,1787196486152220554
esp32,1787196486204697642
lidar,1787196486252183113
esp32,1787196486304734946
lidar,1787196486358376441
esp32,1787196486404688589
lidar,1787196486454204171
esp32,1787196486504637746
lidar,1787196486556256956
esp32,1787196486604566317
lidar,1787196486652674398
esp32,1787196486704223310
lidar,1787196486754596530
esp32,1787196486804654592
lidar,1787196486852906655
esp32,1787196486904829240
lidar,1787196486954163875
esp32,1787196487004684037
lidar,1787196487054798654
esp32,1787196487104564343
lidar,1787196487154445309
esp32,1787196487204831294
lidar,1787196487253870184
esp32,1787196487304633790
lidar,1787196487357405238
esp32,1787196487404797717
lidar,1787196487455307414
esp32,1787196487504745908
lidar,1787196487553783111
esp32,1787196487604847042
lidar,1787196487676691273
esp32,1787196487703859862
lidar,1787196487755617420
esp32,1787196487804703684
lidar,1787196487852768361
esp32,1787196487904675324
lidar,1787196487952662923
esp32,1787196488004696412
lidar,1787196488052355153
esp32,1787196488104826483
lidar,1787196488155236575
esp32,1787196488204672213
lidar,1787196488251870031
esp32,1787196488304646990
lidar,1787196488353047958
esp32,1787196488404797418
lidar,1787196488450874904
esp32,1787196488504524247
lidar,1787196488551468479
esp32,1787196488604765612
lidar,1787196488652637274
esp32,1787196488704440161
lidar,1787196488755035444
esp32,1787196488804779643
lidar,1787196488852798644
esp32,1787196488904772166
lidar,1787196488952980333
esp32,1787196489004775986
lidar,1787196489052638478
esp32,1787196489104789164
lidar,1787196489156868704
esp32,1787196489204876628
lidar,1787196489256767171
esp32,1787196489304762772
lidar,1787196489351436983
esp32,1787196489404785203
lidar,1787196489453724498
esp32,1787196489504635110
lidar,1787196489551897532
esp32,1787196489604708442
lidar,1787196489652261779
esp32,1787196489705008038
lidar,1787196489752071444
esp32,1787196489804875094
lidar,1787196489852030694
esp32,1787196489904783240
lidar,1787196489953967110
esp32,1787196490004660574
lidar,1787196490049210198
esp32,1787196490104957500
lidar,1787196490151044437
esp32,1787196490204949228
lidar,1787196490250824121
esp32,1787196490304730814
lidar,1787196490351215271
esp32,1787196490404799568
lidar,1787196490453455468
esp32,1787196490504787609
lidar,1787196490550753961
esp32,1787196490604866706
lidar,1787196490655749545
esp32,1787196490704778400
lidar,1787196490756126566
esp32,1787196490804740000
lidar,1787196490855328107
esp32,1787196490904468015
lidar,1787196490953035328
esp32,1787196491003815262
lidar,1787196491053571791
esp32,1787196491104129755
lidar,1787196491154808973
esp32,1787196491203672518
lidar,1787196491251812605
esp32,1787196491304600908
lidar,1787196491351101317
esp32,1787196491404484074
lidar,1787196491452949284
esp32,1787196491504428244
lidar,1787196491555243046
esp32,1787196491604729285
lidar,1787196491654788944
esp32,1787196491704583606
lidar,1787196491749114194
esp32,1787196491804601903
lidar,1787196491850416478
esp32,1787196491904652322
lidar,1787196491948212601
esp32,1787196492004719143
lidar,1787196492048480132
esp32,1787196492104641837
lidar,1787196492146980060
esp32,1787196492204605772
lidar,1787196492247787283
esp32,1787196492304582824
lidar,1787196492348913126
esp32,1787196492404760627
lidar,1787196492453523786
esp32,1787196492504575316
lidar,1787196492546039424
esp32,1787196492604322817
lidar,1787196492645531131
esp32,1787196492704572838
lidar,1787196492745185790
esp32,1787196492804706640
lidar,1787196492845596993
esp32,1787196492904806774
lidar,1787196492946163965
esp32,1787196493004629398
lidar,1787196493047748662
esp32,1787196493104687654
lidar,1787196493150679093
esp32,1787196493204702878
lidar,1787196493246792532
esp32,1787196493304740646
lidar,1787196493348934622
esp32,1787196493404622729
lidar,1787196493446815490
esp32,1787196493504835744
lidar,1787196493548653210
esp32,1787196493604700230
lidar,1787196493649429211
esp32,1787196493704828110
lidar,1787196493749650531
esp32,1787196493804604693
lidar,1787196493859670929
esp32,1787196493904868651
lidar,1787196493951719979
esp32,1787196494004805882
lidar,1787196494052162879
esp32,1787196494104882090
lidar,1787196494156310703
esp32,1787196494204623665
lidar,1787196494246877265
esp32,1787196494304975586
lidar,1787196494347526033
esp32,1787196494404832879
lidar,1787196494446144305
esp32,1787196494504857103
lidar,1787196494548589559
esp32,1787196494604745933
lidar,1787196494648947015
esp32,1787196494704746570
lidar,1787196494746247254
esp32,1787196494804768511
lidar,1787196494845007268
esp32,1787196494904694472
lidar,1787196494946416692
esp32,1787196495004701258
lidar,1787196495047989577
esp32,1787196495104624844
lidar,1787196495146807245
esp32,1787196495204814065
lidar,1787196495249522142
esp32,1787196495304745636
lidar,1787196495347987623
esp32,1787196495404702626
lidar,1787196495450518853
esp32,1787196495504678049
lidar,1787196495548846522
esp32,1787196495604807811
lidar,1787196495651599784
esp32,1787196495704713802
lidar,1787196495748876330
esp32,1787196495804434970
lidar,1787196495848905409
esp32,1787196495904688630
lidar,1787196495947478758
esp32,1787196496004715008
lidar,1787196496052306282
esp32,1787196496104817474
lidar,1787196496153853951
esp32,1787196496204714872
lidar,1787196496247884947
esp32,1787196496304867552
lidar,1787196496346962351
esp32,1787196496404715056
lidar,1787196496448667485
esp32,1787196496504858203
lidar,1787196496546563128
esp32,1787196496604662284
lidar,1787196496647795598
esp32,1787196496704601804
lidar,1787196496745873554
esp32,1787196496804794540
lidar,1787196496847262151
esp32,1787196496904641808
lidar,1787196496945743919
esp32,1787196497004783555
lidar,1787196497043938713
esp32,1787196497104784046
lidar,1787196497144713375
esp32,1787196497204853563
lidar,1787196497244007368
esp32,1787196497304744759
lidar,1787196497346194187
esp32,1787196497404637286
lidar,1787196497444600689
esp32,1787196497504517598
lidar,1787196497549781994
esp32,1787196497604948911
lidar,1787196497644570784
esp32,1787196497704755495
lidar,1787196497746052344
esp32,1787196497804341517
lidar,1787196497844765700
esp32,1787196497904792739
lidar,1787196497946065076
esp32,1787196498004612025
lidar,1787196498050060195
esp32,1787196498104814841
lidar,1787196498147720277
esp32,1787196498204803145
lidar,1787196498252967001
esp32,1787196498304628449
lidar,1787196498347536565
esp32,1787196498404729658
lidar,1787196498445372024
esp32,1787196498504707471
lidar,1787196498546413925
esp32,1787196498604499648
lidar,1787196498645355144
esp32,1787196498704586290
lidar,1787196498747529733
esp32,1787196498804617405
lidar,1787196498844949631
esp32,1787196498904709394
lidar,1787196498945037480
esp32,1787196499004611334
lidar,1787196499044664596
esp32,1787196499104699979
lidar,1787196499143833650
esp32,1787196499204705919
lidar,1787196499245036944
esp32,1787196499304699147
lidar,1787196499344165788
esp32,1787196499404706998
lidar,1787196499444127567
esp32,1787196499504609189
lidar,1787196499542454185
esp32,1787196499604616111
lidar,1787196499644551189
esp32,1787196499704197405
lidar,1787196499744828368
esp32,1787196499804684547
lidar,1787196499847555512
esp32,1787196499904744731
lidar,1787196499951721695
esp32,1787196500004743830
lidar,1787196500046145598
esp32,1787196500104625931
lidar,1787196500147594279
esp32,1787196500204668874
lidar,1787196500244914893
esp32,1787196500304671623
lidar,1787196500345203758
esp32,1787196500404608697
lidar,1787196500444141261
esp32,1787196500504647445
lidar,1787196500545727306
esp32,1787196500604560371
lidar,1787196500644741025
esp32,1787196500704611282
lidar,1787196500745581891
esp32,1787196500804333654
lidar,1787196500847898588
esp32,1787196500904373263
lidar,1787196500941626883
esp32,1787196501003744514
lidar,1787196501042645881
esp32,1787196501103894819
lidar,1787196501143739327
esp32,1787196501203793609
lidar,1787196501241737356
esp32,1787196501304677651
lidar,1787196501343658600
esp32,1787196501404565438
lidar,1787196501443531089
esp32,1787196501504815237
lidar,1787196501544894493
esp32,1787196501604715859
lidar,1787196501645058223
esp32,1787196501704830141
lidar,1787196501744781616
esp32,1787196501804716007
lidar,1787196501843999288
esp32,1787196501904802197
lidar,1787196501942944338
esp32,1787196502004606827
lidar,1787196502042282473
esp32,1787196502104605721
lidar,1787196502143952812
esp32,1787196502204377324
lidar,1787196502263198536
esp32,1787196502304714687
lidar,1787196502343048899
esp32,1787196502404763834
lidar,1787196502447764250
esp32,1787196502504509330
lidar,1787196502541017584
esp32,1787196502604602329
lidar,1787196502641175545
esp32,1787196502704622997
lidar,1787196502741022293
esp32,1787196502804676996
lidar,1787196502839551341
esp32,1787196502904669152
lidar,1787196502944867261
esp32,1787196503004565326
lidar,1787196503039670323
esp32,1787196503104558751
lidar,1787196503140670594
esp32,1787196503204573505
lidar,1787196503238450654
esp32,1787196503304610040
lidar,1787196503340883137
esp32,1787196503404605990
lidar,1787196503441907027
esp32,1787196503504522747
lidar,1787196503541618085
esp32,1787196503604649389
lidar,1787196503642701445
esp32,1787196503704758914
lidar,1787196503742719216
esp32,1787196503804643307
lidar,1787196503840926776
esp32,1787196503903619735
lidar,1787196503940295612
esp32,1787196504004585006
lidar,1787196504041802936
esp32,1787196504104431586
lidar,1787196504142710912
esp32,1787196504204725723
lidar,1787196504240394509
esp32,1787196504304639584
lidar,1787196504344000680
esp32,1787196504404510051
lidar,1787196504439422704
esp32,1787196504504610653
lidar,1787196504538805657
esp32,1787196504604524044
lidar,1787196504664274366
esp32,1787196504704518020
lidar,1787196504738578255
esp32,1787196504804578273
lidar,1787196504839825790
esp32,1787196504904501309
lidar,1787196504936554320
esp32,1787196505004573912
lidar,1787196505036656585
esp32,1787196505104590701
lidar,1787196505138974471
esp32,1787196505204551099
lidar,1787196505236350137
esp32,1787196505304449562
lidar,1787196505337899722
esp32,1787196505404621894
lidar,1787196505436414066
esp32,1787196505504494260
lidar,1787196505541252861
esp32,1787196505604588240
lidar,1787196505641973575
esp32,1787196505704617509
lidar,1787196505743299831
esp32,1787196505804494567
lidar,1787196505837935246
esp32,1787196505904481293
lidar,1787196505937633809
esp32,1787196506004519299
lidar,1787196506038184153
esp32,1787196506104597911
lidar,1787196506140127140
esp32,1787196506204739220
lidar,1787196506241781555
esp32,1787196506304587681
lidar,1787196506341141565
esp32,1787196506404774217
lidar,1787196506443297122
esp32,1787196506504720189
lidar,1787196506543882067
esp32,1787196506604609936
lidar,1787196506637863201
esp32,1787196506704717234
lidar,1787196506750429639
esp32,1787196506804778248
lidar,1787196506838566698
esp32,1787196506904694433
lidar,1787196506942883844
esp32,1787196507004589138
lidar,1787196507043335287
esp32,1787196507104676019
lidar,1787196507136489056
esp32,1787196507204571028
lidar,1787196507236453099
esp32,1787196507304570223
lidar,1787196507339074156
esp32,1787196507404115510
lidar,1787196507433744425
esp32,1787196507503750235
lidar,1787196507539917023
esp32,1787196507604626254
lidar,1787196507638833257
esp32,1787196507704639479
lidar,1787196507734562887
esp32,1787196507804740731
lidar,1787196507836065745
esp32,1787196507904900092
lidar,1787196507934241032
esp32,1787196508004514875
lidar,1787196508036052931
esp32,1787196508104759136
lidar,1787196508136923854
esp32,1787196508204663496
lidar,1787196508241626034
esp32,1787196508304727910
lidar,1787196508337862204
esp32,1787196508405033542
lidar,1787196508441112084
esp32,1787196508504743841
lidar,1787196508534988714
esp32,1787196508604772098
lidar,1787196508634973699
esp32,1787196508704786309
lidar,1787196508738602796
esp32,1787196508804626861
lidar,1787196508836606702
esp32,1787196508904760494
lidar,1787196508936741669
esp32,1787196509004505538
lidar,1787196509033997665
esp32,1787196509104622966
lidar,1787196509133645432
esp32,1787196509204704306
lidar,1787196509233675593
esp32,1787196509304767840
lidar,1787196509332398180
esp32,1787196509404641529
lidar,1787196509433177297
esp32,1787196509504936957
lidar,1787196509533811040
esp32,1787196509604721379
lidar,1787196509633590369
esp32,1787196509704801274
lidar,1787196509732528894
esp32,1787196509804609635
lidar,1787196509830739946
esp32,1787196509904596550
lidar,1787196509930660775
esp32,1787196510004302676
lidar,1787196510033137356
esp32,1787196510104789552
lidar,1787196510134445543
esp32,1787196510204605146
lidar,1787196510235030211
esp32,1787196510304630157
lidar,1787196510333256447
esp32,1787196510404658872
lidar,1787196510437926256
esp32,1787196510504508428
lidar,1787196510537726962
esp32,1787196510604619455
lidar,1787196510640064477
esp32,1787196510704549937
lidar,1787196510733959096
esp32,1787196510804690716
lidar,1787196510835056860
esp32,1787196510904450300
lidar,1787196510934326570
esp32,1787196511003811262
lidar,1787196511035241497
esp32,1787196511103963234
lidar,1787196511130600750
esp32,1787196511203944522
lidar,1787196511232880686
esp32,1787196511304800816
lidar,1787196511331135356
esp32,1787196511404652883
lidar,1787196511434549114
esp32,1787196511504831841
lidar,1787196511530468628
esp32,1787196511604793541
lidar,1787196511630515380
esp32,1787196511704835027
lidar,1787196511732851319
esp32,1787196511804820408
lidar,1787196511830664108
esp32,1787196511904724577
lidar,1787196511931703722
esp32,1787196512004479802
lidar,1787196512029166033
esp32,1787196512104735987
lidar,1787196512130894543
esp32,1787196512204816817
lidar,1787196512233952975
esp32,1787196512304953026
lidar,1787196512336346941
esp32,1787196512404541399
lidar,1787196512429796150
esp32,1787196512504659950
lidar,1787196512532895747
esp32,1787196512604615512
lidar,1787196512630434333
esp32,1787196512704614728
lidar,1787196512730668904
esp32,1787196512804811368
lidar,1787196512834263086
esp32,1787196512904786592
lidar,1787196512932524163
esp32,1787196513004791423
lidar,1787196513033468051
esp32,1787196513104772481
lidar,1787196513130498645
esp32,1787196513204757544
lidar,1787196513228800935
esp32,1787196513304725088
lidar,1787196513329509926
esp32,1787196513404677983
lidar,1787196513428102687
esp32,1787196513504677407
lidar,1787196513530067825
esp32,1787196513604702430
lidar,1787196513646658396
esp32,1787196513704922607
lidar,1787196513733634800
esp32,1787196513804506148
lidar,1787196513832717725
esp32,1787196513904990975
lidar,1787196513927923661
esp32,1787196514004931849
lidar,1787196514027183378
esp32,1787196514104823209
lidar,1787196514126844729
esp32,1787196514204693969
lidar,1787196514230187864
esp32,1787196514304897497
lidar,1787196514332468003
esp32,1787196514404698199
lidar,1787196514431602512
esp32,1787196514504556945
lidar,1787196514534803353
esp32,1787196514604637060
lidar,1787196514634811917
esp32,1787196514704636386
lidar,1787196514736834733
esp32,1787196514804650561
lidar,1787196514858004579
esp32,1787196514904634613
lidar,1787196514931022505
esp32,1787196515024579712
lidar,1787196515030856229
esp32,1787196515104529662
lidar,1787196515130708930
esp32,1787196515204709109
lidar,1787196515231754695
esp32,1787196515304635089
lidar,1787196515329132019
esp32,1787196515404686038
lidar,1787196515428736907
esp32,1787196515504516741
lidar,1787196515526508719
esp32,1787196515604546919
lidar,1787196515627167615
esp32,1787196515704639973
lidar,1787196515726464773
esp32,1787196515804774452
lidar,1787196515824720739
esp32,1787196515904834692
lidar,1787196515925581846
esp32,1787196516004749756
lidar,1787196516025581799
esp32,1787196516104732255
lidar,1787196516126799776
esp32,1787196516204756844
lidar,1787196516228849123
esp32,1787196516304820922
lidar,1787196516323971207
esp32,1787196516404064083
lidar,1787196516423615444
esp32,1787196516504749288
lidar,1787196516529030671
esp32,1787196516604604854
lidar,1787196516624583079
esp32,1787196516704766698
lidar,1787196516725709519
esp32,1787196516804607690
lidar,1787196516827058808
esp32,1787196516904654031
lidar,1787196516928478948
esp32,1787196517004801289
lidar,1787196517028701163
esp32,1787196517104542128
lidar,1787196517129487374
esp32,1787196517204714751
lidar,1787196517230720697
esp32,1787196517304849781
lidar,1787196517327120761
esp32,1787196517404814047
lidar,1787196517426437395
esp32,1787196517504780169
lidar,1787196517532114969
esp32,1787196517604749359
lidar,1787196517626040350
esp32,1787196517704729715
lidar,1787196517726566700
esp32,1787196517804846517
lidar,1787196517825153317
esp32,1787196517904762645
lidar,1787196517931140794
esp32,1787196518004631377
lidar,1787196518031151117
esp32,1787196518104358075
lidar,1787196518121836305
esp32,1787196518204619889
lidar,1787196518221617125
esp32,1787196518304730296
lidar,1787196518324489155
esp32,1787196518404708014
lidar,1787196518424479519
esp32,1787196518504615212
lidar,1787196518527322434
esp32,1787196518604581460
lidar,1787196518628400333
esp32,1787196518704708277
lidar,1787196518728507390
esp32,1787196518804678046
lidar,1787196518829163742
esp32,1787196518904792397
lidar,1787196518924520051
esp32,1787196519004683382
lidar,1787196519026974814
esp32,1787196519104725498
lidar,1787196519127017375
esp32,1787196519204811027
lidar,1787196519223861141
esp32,1787196519304704867
lidar,1787196519323392034
esp32,1787196519404835854
lidar,1787196519422954573
esp32,1787196519504737026
lidar,1787196519523040121
esp32,1787196519604520103
lidar,1787196519624060283
esp32,1787196519704749702
lidar,1787196519722170834
esp32,1787196519804870191
lidar,1787196519823046206
lidar,1787196519922581982
esp32,1787196519924554175
esp32,1787196520004628173
lidar,1787196520021174452
esp32,1787196520103714491
lidar,1787196520123591751
esp32,1787196520204629100
lidar,1787196520221794459
esp32,1787196520304605051
lidar,1787196520326193536
esp32,1787196520404645970
lidar,1787196520429931749
esp32,1787196520504824009
lidar,1787196520527222005
esp32,1787196520604782939
lidar,1787196520630658790
esp32,1787196520704681314
lidar,1787196520725120241
esp32,1787196520804835263
lidar,1787196520822079915
esp32,1787196520904546002
lidar,1787196520922299346
esp32,1787196521003718840
lidar,1787196521028226323
esp32,1787196521103895768
lidar,1787196521122618163
esp32,1787196521203606994
lidar,1787196521223309150
esp32,1787196521304277988
lidar,1787196521328069776
esp32,1787196521404436849
lidar,1787196521423133238
esp32,1787196521504543949
lidar,1787196521523345487
esp32,1787196521604656532
lidar,1787196521622868952
esp32,1787196521704657131
lidar,1787196521723046441
esp32,1787196521804621082
lidar,1787196521823677726
esp32,1787196521905053324
lidar,1787196521923088014
esp32,1787196522004745835
lidar,1787196522025045102
esp32,1787196522104737888
lidar,1787196522123023032
esp32,1787196522204706270
lidar,1787196522224620866
esp32,1787196522304693756
lidar,1787196522323118583
esp32,1787196522404632364
lidar,1787196522421147432
esp32,1787196522504599784
lidar,1787196522523145292
esp32,1787196522604806845
lidar,1787196522626680931
esp32,1787196522704709305
lidar,1787196522722982521
esp32,1787196522804678074
lidar,1787196522827623481
esp32,1787196522904785216
lidar,1787196522919392888
esp32,1787196523004943684
lidar,1787196523018741930
esp32,1787196523104736176
lidar,1787196523119615816
esp32,1787196523204890569
lidar,1787196523220589945
esp32,1787196523305007204
lidar,1787196523318624967
esp32,1787196523404841292
lidar,1787196523418014773
esp32,1787196523504740307
lidar,1787196523519958116
esp32,1787196523604786986
lidar,1787196523619519705
esp32,1787196523704755938
lidar,1787196523719028917
esp32,1787196523804651589
lidar,1787196523821863515
esp32,1787196523904639521
lidar,1787196523923300214
esp32,1787196524004891963
lidar,1787196524020749557
esp32,1787196524104456976
lidar,1787196524121103701
esp32,1787196524204619373
lidar,1787196524223142287
esp32,1787196524304655476
lidar,1787196524320401463
esp32,1787196524404525800
lidar,1787196524421299141
esp32,1787196524504521010
lidar,1787196524522851421
esp32,1787196524604533057
lidar,1787196524621365546
esp32,1787196524704724641
lidar,1787196524727452943
esp32,1787196524804649495
lidar,1787196524825136696
esp32,1787196524904678593
lidar,1787196524918190204
esp32,1787196525004610387
lidar,1787196525045551109
esp32,1787196525104740626
lidar,1787196525123726540
esp32,1787196525204728558
lidar,1787196525220720025
esp32,1787196525304824008
lidar,1787196525319967741
esp32,1787196525404577024
lidar,1787196525417768505
esp32,1787196525504649755
lidar,1787196525519130132
esp32,1787196525604643249
lidar,1787196525617566979
esp32,1787196525704814612
lidar,1787196525715941934
esp32,1787196525804646049
lidar,1787196525816847754
esp32,1787196525904739227
lidar,1787196525917562316
esp32,1787196526004708715
lidar,1787196526019245536
esp32,1787196526104585636
lidar,1787196526119946542
esp32,1787196526204423016
lidar,1787196526218861634
esp32,1787196526304655259
lidar,1787196526320474459
esp32,1787196526404383621
lidar,1787196526417306137
esp32,1787196526504537146
lidar,1787196526517090347
esp32,1787196526604658433
lidar,1787196526621622276
esp32,1787196526704622580
lidar,1787196526720283401
esp32,1787196526804624885
lidar,1787196526818349531
esp32,1787196526904734085
lidar,1787196526922014786
esp32,1787196527004520054
lidar,1787196527014651260
esp32,1787196527104615057
lidar,1787196527113787475
esp32,1787196527204657007
lidar,1787196527214877759
esp32,1787196527304746534
lidar,1787196527317426788
esp32,1787196527404617672
lidar,1787196527414044620
esp32,1787196527504742764
lidar,1787196527514348679
esp32,1787196527604621743
lidar,1787196527615305581
esp32,1787196527704523979
lidar,1787196527717121960
esp32,1787196527804704243
lidar,1787196527820294026
esp32,1787196527904619857
lidar,1787196527917824969
esp32,1787196528004785624
lidar,1787196528017830226
esp32,1787196528104552316
lidar,1787196528117863862
esp32,1787196528204582573
lidar,1787196528217586726
esp32,1787196528304782101
lidar,1787196528318223291
esp32,1787196528404612055
lidar,1787196528417892713
esp32,1787196528504607925
lidar,1787196528521323645
esp32,1787196528604734180
lidar,1787196528617447902
esp32,1787196528704621058
lidar,1787196528720251498
esp32,1787196528804512928
lidar,1787196528823800783
esp32,1787196528904722345
lidar,1787196528924021352
esp32,1787196529004732036
lidar,1787196529015973018
esp32,1787196529104739292
lidar,1787196529116671366
esp32,1787196529204737056
lidar,1787196529216103711
esp32,1787196529304769988
lidar,1787196529318151553
esp32,1787196529404862327
lidar,1787196529416575961
esp32,1787196529504740384
lidar,1787196529518190375
esp32,1787196529604594167
lidar,1787196529614973572
esp32,1787196529704788966
lidar,1787196529723308580
esp32,1787196529804717915
lidar,1787196529819069670
esp32,1787196529904783677
lidar,1787196529918538969
esp32,1787196530004932811
lidar,1787196530031110022
esp32,1787196530104753696
lidar,1787196530118415895
esp32,1787196530204660982
lidar,1787196530219763501
esp32,1787196530304662783
lidar,1787196530322236547
esp32,1787196530404647627
lidar,1787196530418570024
esp32,1787196530504406220
lidar,1787196530518863006
esp32,1787196530604671349
lidar,1787196530622593626
esp32,1787196530704731987
lidar,1787196530718446275
esp32,1787196530804633313
lidar,1787196530817118924
esp32,1787196530904719095
lidar,1787196530918315474
esp32,1787196531003682609
lidar,1787196531018547590
esp32,1787196531103885810
lidar,1787196531115522594
esp32,1787196531203880720
lidar,1787196531213592760
esp32,1787196531304664775
lidar,1787196531320084790
esp32,1787196531404778405
lidar,1787196531415503606
esp32,1787196531504701336
lidar,1787196531513840366
esp32,1787196531604692581
lidar,1787196531613226386
esp32,1787196531704689053
lidar,1787196531713388695
esp32,1787196531804703699
lidar,1787196531814420481
esp32,1787196531904676654
lidar,1787196531915309961
esp32,1787196532004669525
lidar,1787196532016081015
esp32,1787196532104663391
lidar,1787196532115902406
esp32,1787196532204839848
lidar,1787196532214658015
esp32,1787196532304689442
lidar,1787196532315811505
esp32,1787196532404703137
lidar,1787196532416173388
esp32,1787196532504802180
lidar,1787196532518630895
esp32,1787196532604752444
lidar,1787196532614481293
esp32,1787196532704835460
lidar,1787196532716547541
esp32,1787196532804851016
lidar,1787196532815435305
esp32,1787196532904711577
lidar,1787196532917369973
esp32,1787196533004802380
lidar,1787196533015101310
esp32,1787196533104678117
lidar,1787196533117549270
esp32,1787196533204779270
lidar,1787196533212295716
esp32,1787196533304716931
lidar,1787196533312693822
esp32,1787196533404825460
lidar,1787196533413717830
esp32,1787196533504953867
lidar,1787196533512962535
esp32,1787196533604821546
lidar,1787196533615139157
esp32,1787196533704864205
lidar,1787196533711398679
esp32,1787196533804833184
lidar,1787196533811814654
esp32,1787196533904713167
lidar,1787196533912801950
esp32,1787196534004693383
lidar,1787196534015054891
esp32,1787196534104712129
lidar,1787196534113369494
esp32,1787196534204726193
lidar,1787196534216856793
esp32,1787196534304170954
lidar,1787196534313145989
esp32,1787196534404725139
lidar,1787196534415764962
esp32,1787196534504833070
lidar,1787196534516156807
esp32,1787196534604534706
lidar,1787196534611775552
esp32,1787196534704819024
lidar,1787196534711704049
esp32,1787196534804659708
lidar,1787196534811161117
esp32,1787196534904750276
lidar,1787196534913207318
esp32,1787196535004745521
lidar,1787196535016735649
esp32,1787196535104703988
lidar,1787196535115491095
esp32,1787196535204782206
lidar,1787196535215388001
esp32,1787196535304825518
lidar,1787196535312720245
esp32,1787196535404776268
lidar,1787196535410362572
esp32,1787196535504602714
lidar,1787196535510743497
esp32,1787196535604734710
lidar,1787196535613739303
esp32,1787196535704744377
lidar,1787196535713021717
esp32,1787196535804643717
lidar,1787196535811013911
esp32,1787196535904795132
lidar,1787196535912265144
esp32,1787196536004809945
lidar,1787196536015484124
esp32,1787196536104638073
lidar,1787196536113679783
esp32,1787196536204712984
lidar,1787196536214112830
esp32,1787196536304792645
lidar,1787196536311152608
esp32,1787196536404718092
lidar,1787196536410694667
esp32,1787196536504292821
lidar,1787196536510839844
esp32,1787196536604742887
lidar,1787196536609837280
esp32,1787196536704766961
lidar,1787196536709521596
esp32,1787196536804894429
lidar,1787196536810198728
esp32,1787196536904827120
lidar,1787196536910752012
esp32,1787196537004592910
lidar,1787196537008248726
esp32,1787196537104797160
lidar,1787196537108077412
esp32,1787196537204696744
lidar,1787196537208082393
esp32,1787196537304646791
lidar,1787196537306738936
esp32,1787196537404693586
lidar,1787196537408579928
esp32,1787196537504802200
lidar,1787196537507557561
esp32,1787196537604716217
lidar,1787196537608444919
esp32,1787196537704830421
lidar,1787196537709978840
esp32,1787196537804665838
lidar,1787196537807303690
esp32,1787196537904814313
lidar,1787196537908724674
esp32,1787196538004674943
lidar,1787196538009732057
esp32,1787196538104591853
lidar,1787196538111299999
esp32,1787196538204705403
lidar,1787196538211409793
esp32,1787196538304651131
lidar,1787196538311091816
esp32,1787196538404626747
lidar,1787196538409379639
esp32,1787196538504727701
lidar,1787196538511511883
esp32,1787196538604730096
lidar,1787196538608915519
esp32,1787196538704441793
lidar,1787196538710738794
esp32,1787196538804665137
lidar,1787196538807973886
esp32,1787196538904836361
lidar,1787196538907898159
esp32,1787196539004586207
lidar,1787196539008270719
esp32,1787196539104488368
lidar,1787196539108366675
esp32,1787196539204713079
lidar,1787196539208266136
esp32,1787196539304728109
lidar,1787196539310787851
esp32,1787196539404749503
lidar,1787196539408666663
esp32,1787196539504560596
lidar,1787196539506108405
esp32,1787196539604850279
lidar,1787196539609411759
esp32,1787196539704717449
lidar,1787196539709741641
esp32,1787196539804833814
lidar,1787196539809566260
esp32,1787196539904621505
lidar,1787196539911289211
esp32,1787196540004662564
lidar,1787196540008602008
esp32,1787196540104715899
lidar,1787196540108276352
esp32,1787196540204734067
lidar,1787196540208413439
esp32,1787196540304796487
lidar,1787196540308119973
esp32,1787196540404535325
lidar,1787196540409020783
esp32,1787196540504686661
lidar,1787196540508333599
esp32,1787196540604671778
lidar,1787196540607301778
esp32,1787196540704713910
lidar,1787196540708741821
esp32,1787196540804740520
lidar,1787196540806832714
esp32,1787196540905025160
lidar,1787196540906646665
esp32,1787196541003711762
lidar,1787196541006730379
esp32,1787196541103865353
lidar,1787196541111211498
esp32,1787196541203824766
lidar,1787196541211159799
esp32,1787196541304708502
lidar,1787196541312496861
esp32,1787196541404835614
lidar,1787196541412679733
esp32,1787196541504805826
lidar,1787196541506388088
esp32,1787196541604781818
lidar,1787196541609005859
esp32,1787196541704842534
lidar,1787196541707561925
esp32,1787196541804289435
lidar,1787196541806964346
esp32,1787196541904818483
lidar,1787196541908804649
esp32,1787196542004635539
lidar,1787196542006027646
esp32,1787196542104678466
lidar,1787196542106620543
esp32,1787196542204727554
lidar,1787196542207569015
esp32,1787196542304744547
lidar,1787196542305837088
esp32,1787196542404636677
lidar,1787196542406714983
esp32,1787196542504815814
lidar,1787196542505617599
esp32,1787196542604614832
lidar,1787196542607351561
esp32,1787196542704744131
lidar,1787196542706395789
esp32,1787196542804659211
lidar,1787196542806642617
esp32,1787196542904752017
lidar,1787196542906523159
esp32,1787196543004668650
lidar,1787196543005455952
esp32,1787196543104586498
lidar,1787196543120556989
esp32,1787196543204636698
lidar,1787196543207205142
esp32,1787196543304222441
lidar,1787196543307033814
esp32,1787196543404633120
lidar,1787196543408575375
esp32,1787196543504644512
lidar,1787196543508533561
lidar,1787196543603316272
esp32,1787196543604320772
esp32,1787196543704814213
lidar,1787196543705792932
lidar,1787196543802019440
esp32,1787196543804100010
lidar,1787196543903981692
esp32,1787196543905142246
lidar,1787196544003546225
esp32,1787196544004648532
lidar,1787196544103847311
esp32,1787196544104771535
esp32,1787196544204775672
lidar,1787196544205507624
esp32,1787196544304848632
lidar,1787196544305888921
esp32,1787196544404706872
lidar,1787196544405733247
lidar,1787196544504203899
esp32,1787196544505131151
esp32,1787196544604787018
lidar,1787196544611463556
esp32,1787196544704753760
lidar,1787196544705782361
esp32,1787196544804771730
lidar,1787196544805481896
esp32,1787196544904707030
lidar,1787196544905487887
esp32,1787196545004726824
lidar,1787196545006007290
esp32,1787196545104758444
lidar,1787196545107364560
esp32,1787196545204793101
lidar,1787196545206966817
lidar,1787196545302552556
esp32,1787196545304482560
esp32,1787196545404625437
lidar,1787196545405641755
esp32,1787196545504732172
lidar,1787196545505953276
lidar,1787196545601820329
esp32,1787196545604445318
lidar,1787196545704246441
esp32,1787196545705266722
esp32,1787196545804724570
lidar,1787196545805503835
lidar,1787196545904097165
esp32,1787196545904896781
lidar,1787196546001500421
esp32,1787196546004357992
esp32,1787196546104732906
lidar,1787196546106952168
lidar,1787196546202421554
esp32,1787196546204560239
lidar,1787196546304141740
esp32,1787196546305095825
esp32,1787196546404748420
lidar,1787196546406642369
lidar,1787196546503348055
esp32,1787196546504454898
esp32,1787196546604819792
lidar,1787196546605994804
esp32,1787196546704685873
lidar,1787196546705947024
lidar,1787196546801629514
esp32,1787196546804525675
esp32,1787196546904806182
lidar,1787196546906990607
lidar,1787196547000241313
esp32,1787196547004334914
lidar,1787196547099995635
esp32,1787196547104436381
esp32,1787196547204788679
lidar,1787196547205917267
lidar,1787196547304245426
esp32,1787196547305216515
lidar,1787196547400643991
esp32,1787196547404495222
lidar,1787196547499200225
esp32,1787196547504298948
lidar,1787196547597724713
esp32,1787196547604450654
lidar,1787196547698384657
esp32,1787196547704512426
lidar,1787196547799539156
esp32,1787196547804275406
lidar,1787196547900920305
esp32,1787196547903633934
lidar,1787196548003943615
esp32,1787196548004942707
lidar,1787196548099504846
esp32,1787196548104385942
lidar,1787196548200147746
esp32,1787196548204488788
lidar,1787196548301630470
esp32,1787196548305022249
lidar,1787196548401402394
esp32,1787196548404404553
lidar,1787196548498989844
esp32,1787196548504309835
lidar,1787196548599988439
esp32,1787196548604300259
lidar,1787196548699943457
esp32,1787196548704361910
lidar,1787196548799032972
esp32,1787196548804299458
lidar,1787196548901544667
esp32,1787196548903540994
lidar,1787196549000281341
esp32,1787196549004180828
lidar,1787196549101360923
esp32,1787196549104293838
lidar,1787196549201244426
esp32,1787196549204259111
lidar,1787196549302603971
esp32,1787196549304401528
lidar,1787196549407040495
esp32,1787196549424924868
lidar,1787196549497743074
esp32,1787196549504277257
lidar,1787196549597207948
esp32,1787196549604337862
lidar,1787196549701332110
esp32,1787196549704449387
lidar,1787196549801093533
esp32,1787196549803701737
esp32,1787196549904863655
lidar,1787196549905843869
esp32,1787196550004646646
lidar,1787196550006495143
lidar,1787196550104024552
esp32,1787196550105151565
lidar,1787196550198799658
esp32,1787196550204464642
lidar,1787196550299672579
esp32,1787196550304344580
lidar,1787196550400912704
esp32,1787196550404392909
lidar,1787196550501279484
esp32,1787196550504658963
esp32,1787196550604611423
lidar,1787196550607016146
lidar,1787196550696878383
esp32,1787196550704291677
lidar,1787196550799766156
esp32,1787196550804381015
esp32,1787196550905228745
lidar,1787196550905820350
lidar,1787196550998652207
esp32,1787196551003735072
lidar,1787196551095489060
esp32,1787196551103887673
lidar,1787196551198004386
esp32,1787196551203585469
lidar,1787196551300674069
esp32,1787196551304445186
lidar,1787196551399259891
esp32,1787196551404452136
lidar,1787196551499385820
esp32,1787196551504199509
lidar,1787196551600931903
esp32,1787196551604346222
lidar,1787196551696208841
esp32,1787196551704250555
lidar,1787196551795327356
esp32,1787196551804265202
lidar,1787196551898548542
esp32,1787196551904372089
lidar,1787196551996328173
esp32,1787196552004231370
lidar,1787196552096503749
esp32,1787196552104149534
lidar,1787196552200007539
esp32,1787196552204627941
lidar,1787196552296521022
esp32,1787196552303863465
lidar,1787196552397636485
esp32,1787196552403897389
lidar,1787196552500381481
esp32,1787196552504364633
lidar,1787196552596835939
esp32,1787196552604131914
lidar,1787196552700521828
esp32,1787196552704267664
lidar,1787196552798478696
esp32,1787196552804376748
lidar,1787196552897398010
esp32,1787196552904285092
lidar,1787196552996064887
esp32,1787196553004321042
lidar,1787196553095971084
esp32,1787196553104290540
esp32,1787196553204722769
lidar,1787196553206302933
lidar,1787196553299202955
esp32,1787196553304294204
lidar,1787196553400383061
esp32,1787196553404463580
lidar,1787196553500778959
esp32,1787196553504760824
lidar,1787196553600536201
esp32,1787196553604502488
lidar,1787196553702256968
esp32,1787196553704456265
lidar,1787196553808528781
esp32,1787196553824669729
lidar,1787196553913230017
esp32,1787196553924452764
lidar,1787196554001674310
esp32,1787196554004242359
lidar,1787196554101920334
esp32,1787196554104456821
lidar,1787196554199899434
esp32,1787196554204398097
lidar,1787196554294864652
esp32,1787196554304322611
lidar,1787196554396423990
esp32,1787196554404097451
lidar,1787196554496617942
esp32,1787196554504138663
lidar,1787196554597680873
esp32,1787196554604080831
lidar,1787196554699663845
esp32,1787196554704633266
lidar,1787196554799111283
esp32,1787196554804157014
lidar,1787196554896419800
esp32,1787196554904243199
lidar,1787196554998726755
esp32,1787196555004309675
lidar,1787196555097008190
esp32,1787196555104205792
lidar,1787196555204182704
esp32,1787196555224658904
lidar,1787196555300016221
esp32,1787196555324633146
lidar,1787196555398525566
esp32,1787196555404215985
lidar,1787196555496678557
esp32,1787196555504323814
lidar,1787196555599130065
esp32,1787196555604464711
lidar,1787196555727978708
esp32,1787196555745038035
lidar,1787196555800367783
esp32,1787196555804371735
lidar,1787196555902204954
esp32,1787196555904591887
lidar,1787196555994620128
esp32,1787196556004294199
lidar,1787196556095029352
esp32,1787196556104169643
lidar,1787196556195717928
esp32,1787196556204278711
lidar,1787196556297837167
esp32,1787196556304517702
lidar,1787196556398698299
esp32,1787196556404476536
lidar,1787196556495091689
esp32,1787196556504443663
lidar,1787196556595081239
esp32,1787196556603730948
lidar,1787196556699024522
esp32,1787196556704300855
lidar,1787196556795873073
esp32,1787196556804223476
lidar,1787196556897801539
esp32,1787196556904099187
lidar,1787196556997151773
esp32,1787196557004414750
lidar,1787196557096459536
esp32,1787196557104522022
lidar,1787196557196175804
esp32,1787196557204229244
lidar,1787196557296132044
esp32,1787196557304866828
lidar,1787196557399787882
esp32,1787196557404324681
lidar,1787196557495722721
esp32,1787196557504080432
lidar,1787196557595206105
esp32,1787196557604748404
lidar,1787196557698774588
esp32,1787196557704404012
lidar,1787196557801386710
esp32,1787196557804539835
lidar,1787196557903415173
esp32,1787196557904606937
lidar,1787196557994371275
esp32,1787196558004415712
lidar,1787196558094572871
esp32,1787196558104779875
lidar,1787196558197010207
esp32,1787196558204246203
lidar,1787196558296043630
esp32,1787196558304693281
lidar,1787196558397520589
esp32,1787196558404148739
lidar,1787196558498443666
esp32,1787196558504104679
lidar,1787196558592276310
esp32,1787196558604475849
lidar,1787196558691569520
esp32,1787196558704611190
lidar,1787196558795878033
esp32,1787196558804203051
lidar,1787196558898020281
esp32,1787196558904208975
lidar,1787196558995099470
esp32,1787196559004265866
lidar,1787196559095165436
esp32,1787196559104386446
lidar,1787196559196029430
esp32,1787196559204317043
lidar,1787196559298377366
esp32,1787196559304117604
lidar,1787196559396044089
esp32,1787196559404665599
lidar,1787196559496711363
esp32,1787196559504248171
lidar,1787196559594734475
esp32,1787196559604254091
lidar,1787196559695236160
esp32,1787196559704236503
lidar,1787196559798672380
esp32,1787196559804328757
lidar,1787196559900324689
esp32,1787196559904211160
lidar,1787196560001174362
esp32,1787196560004287238
lidar,1787196560099134475
esp32,1787196560104334637
lidar,1787196560193630888
esp32,1787196560204360988
lidar,1787196560294304052
esp32,1787196560304725537
lidar,1787196560393893139
esp32,1787196560404685540
lidar,1787196560496168592
esp32,1787196560504299633
lidar,1787196560593346217
esp32,1787196560604169712
lidar,1787196560697919034
esp32,1787196560704162967
lidar,1787196560795924881
esp32,1787196560804166011
lidar,1787196560893936114
esp32,1787196560904525060
lidar,1787196560991259196
esp32,1787196561003737231
lidar,1787196561091479867
esp32,1787196561103772615
lidar,1787196561189314766
esp32,1787196561203706373
lidar,1787196561290425421
esp32,1787196561304616018
lidar,1787196561387615473
esp32,1787196561404713055
lidar,1787196561488331109
esp32,1787196561504704202
lidar,1787196561589422732
esp32,1787196561604744568
lidar,1787196561693119351
esp32,1787196561704738124
lidar,1787196561791647162
esp32,1787196561804750328
lidar,1787196561890866989
esp32,1787196561904691294
lidar,1787196561992223224
esp32,1787196562004640125
lidar,1787196562094982099
esp32,1787196562104310861
lidar,1787196562191678568
esp32,1787196562204251879
lidar,1787196562295658511
esp32,1787196562304232990
lidar,1787196562393606036
esp32,1787196562404218840
lidar,1787196562495403605
esp32,1787196562504265841
lidar,1787196562595539398
esp32,1787196562604228110
lidar,1787196562691930473
esp32,1787196562704142959
lidar,1787196562788466888
esp32,1787196562804667061
lidar,1787196562888833405
esp32,1787196562904750008
lidar,1787196562991398262
esp32,1787196563004542884
lidar,1787196563090726354
esp32,1787196563104746847
lidar,1787196563191752523
esp32,1787196563204262904
lidar,1787196563288958056
esp32,1787196563304527510
lidar,1787196563390284293
esp32,1787196563404728963
lidar,1787196563486777880
esp32,1787196563504731523
lidar,1787196563590768267
esp32,1787196563604561261
lidar,1787196563715214155
esp32,1787196563724037610
lidar,1787196563792004705
esp32,1787196563804206570
lidar,1787196563893987887
esp32,1787196563904555698
lidar,1787196563992606794
esp32,1787196564004329933
lidar,1787196564092821989
esp32,1787196564104139359
lidar,1787196564187909340
esp32,1787196564204578142
lidar,1787196564288200683
esp32,1787196564304051642
lidar,1787196564389444826
esp32,1787196564404640911
lidar,1787196564487655031
esp32,1787196564504717418
lidar,1787196564587380130
esp32,1787196564603937013
lidar,1787196564686864718
esp32,1787196564704364039
lidar,1787196564786989537
esp32,1787196564804666627
lidar,1787196564887274243
esp32,1787196564904907644
lidar,1787196564987849401
esp32,1787196565004550912
lidar,1787196565087432348
esp32,1787196565104618437
lidar,1787196565186877132
esp32,1787196565204742907
lidar,1787196565287096492
esp32,1787196565304754063
lidar,1787196565387743844
esp32,1787196565404532209
lidar,1787196565484556607
esp32,1787196565504713305
lidar,1787196565586174678
esp32,1787196565604474358
lidar,1787196565686063296
esp32,1787196565704558338
lidar,1787196565789794821
esp32,1787196565804585485
lidar,1787196565888703996
esp32,1787196565904550675
lidar,1787196565987266751
esp32,1787196566004642815
lidar,1787196566086015912
esp32,1787196566104762461
lidar,1787196566186158795
esp32,1787196566204551768
lidar,1787196566287616461
esp32,1787196566304843045
lidar,1787196566387825762
esp32,1787196566404466887
lidar,1787196566490094464
esp32,1787196566504161578
lidar,1787196566588913262
esp32,1787196566604624667
lidar,1787196566693586393
esp32,1787196566704321112
lidar,1787196566786027483
esp32,1787196566804511599
lidar,1787196566888067051
esp32,1787196566904814870
lidar,1787196566990165367
esp32,1787196567004217633
lidar,1787196567085054556
esp32,1787196567104532605
lidar,1787196567184165019
esp32,1787196567204773196
lidar,1787196567286469164
esp32,1787196567304601450
lidar,1787196567387625271
esp32,1787196567404547182
lidar,1787196567482764071
esp32,1787196567504437080
lidar,1787196567584034012
esp32,1787196567604614255
lidar,1787196567684078777
esp32,1787196567704615765
lidar,1787196567785604255
esp32,1787196567804451135
lidar,1787196567889122784
esp32,1787196567904590235
lidar,1787196567985004733
esp32,1787196568004676509
lidar,1787196568086933290
esp32,1787196568104461942
lidar,1787196568190288720
esp32,1787196568204138232
lidar,1787196568291013657
esp32,1787196568304127781
lidar,1787196568393512406
esp32,1787196568404176135
lidar,1787196568498138381
esp32,1787196568504164477
lidar,1787196568585725204
esp32,1787196568604533716
lidar,1787196568686638302
esp32,1787196568704555244
lidar,1787196568785478141
esp32,1787196568804548657
lidar,1787196568885184539
esp32,1787196568904767352
lidar,1787196568984354496
esp32,1787196569004450286
lidar,1787196569085376227
esp32,1787196569104543841
lidar,1787196569182843259
esp32,1787196569204539250
lidar,1787196569282999058
esp32,1787196569304286576
lidar,1787196569382156526
esp32,1787196569404671788
lidar,1787196569482293416
esp32,1787196569504482525
lidar,1787196569581243810
esp32,1787196569604762413
lidar,1787196569684866514
esp32,1787196569704634636
lidar,1787196569782582201
esp32,1787196569804793984
lidar,1787196569885308844
esp32,1787196569904558881
lidar,1787196569983921744
esp32,1787196570004491770
lidar,1787196570083933761
esp32,1787196570104384036
lidar,1787196570182087017
esp32,1787196570204486063
lidar,1787196570282576673
esp32,1787196570304530995
lidar,1787196570382809770
esp32,1787196570404229438
lidar,1787196570484090507
esp32,1787196570504564854
lidar,1787196570588697007
esp32,1787196570604088581
lidar,1787196570684418074
esp32,1787196570704395752
lidar,1787196570783008831
esp32,1787196570804061985
lidar,1787196570915979902
esp32,1787196570923589147
lidar,1787196570982790371
esp32,1787196571003777346
lidar,1787196571083331939
esp32,1787196571103756705
lidar,1787196571181452292
esp32,1787196571203807027
lidar,1787196571292968301
esp32,1787196571304240767
lidar,1787196571382812231
esp32,1787196571404633004
lidar,1787196571480819728
esp32,1787196571504578703
lidar,1787196571581435189
esp32,1787196571604683346
lidar,1787196571680337125
esp32,1787196571704758995
lidar,1787196571780183267
esp32,1787196571804566044
lidar,1787196571880456461
esp32,1787196571904645488
lidar,1787196571984177715
esp32,1787196572004626230
lidar,1787196572084306525
esp32,1787196572104521263
lidar,1787196572183976091
esp32,1787196572204876229
lidar,1787196572284068253
esp32,1787196572304661770
lidar,1787196572382702002
esp32,1787196572404642552
lidar,1787196572479408289
esp32,1787196572504751388
lidar,1787196572581417144
esp32,1787196572604637226
lidar,1787196572681145079
esp32,1787196572704494613
lidar,1787196572783308948
esp32,1787196572804814475
lidar,1787196572885018880
esp32,1787196572904562848
lidar,1787196572986480613
esp32,1787196573004617368
lidar,1787196573083151643
esp32,1787196573104152961
lidar,1787196573185003852
esp32,1787196573204165965
lidar,1787196573284369714
esp32,1787196573304182160
lidar,1787196573382773643
esp32,1787196573404700674
lidar,1787196573490570127
esp32,1787196573504286804
lidar,1787196573587379502
esp32,1787196573604540716
lidar,1787196573704901513
esp32,1787196573724563790
lidar,1787196573782922505
esp32,1787196573804663028
lidar,1787196573882134486
esp32,1787196573904147327
lidar,1787196573980899402
esp32,1787196574004604189
lidar,1787196574084175139
esp32,1787196574104750664
lidar,1787196574183806950
esp32,1787196574204627699
lidar,1787196574281960249
esp32,1787196574304336919
lidar,1787196574386938214
esp32,1787196574404611317
lidar,1787196574480563377
esp32,1787196574504787684
lidar,1787196574581505374
esp32,1787196574604547257
lidar,1787196574684000353
esp32,1787196574704526440
lidar,1787196574781170394
esp32,1787196574804558267
lidar,1787196574884940164
esp32,1787196574904612528
lidar,1787196574980092282
esp32,1787196575004517569
lidar,1787196575081582902
esp32,1787196575104484048
lidar,1787196575183655046
esp32,1787196575204583544
lidar,1787196575280293406
esp32,1787196575304174869
lidar,1787196575379632981
esp32,1787196575404519275
lidar,1787196575484565074
esp32,1787196575504710370
lidar,1787196575588306391
esp32,1787196575604287001
lidar,1787196575685086184
esp32,1787196575704139220
lidar,1787196575784473107
esp32,1787196575804626215
lidar,1787196575883170536
esp32,1787196575904618386
lidar,1787196575981277725
esp32,1787196576004640606
lidar,1787196576084017180
esp32,1787196576104175354
lidar,1787196576183854356
esp32,1787196576204497086
lidar,1787196576288475543
esp32,1787196576304579838
lidar,1787196576384536590
esp32,1787196576404844826
lidar,1787196576483821283
esp32,1787196576504765246
lidar,1787196576584744826
esp32,1787196576604674309
lidar,1787196576678972643
esp32,1787196576704702125
lidar,1787196576779887181
esp32,1787196576804794696
lidar,1787196576876773481
esp32,1787196576904576220
lidar,1787196576978848217
esp32,1787196577004579770
lidar,1787196577075448821
esp32,1787196577104734162
lidar,1787196577174654863
esp32,1787196577204744292
lidar,1787196577276409594
esp32,1787196577304144915
lidar,1787196577372003821
esp32,1787196577404277491
lidar,1787196577472047771
esp32,1787196577504739002
lidar,1787196577574813380
esp32,1787196577604834701
lidar,1787196577670597193
esp32,1787196577704576650
lidar,1787196577770399872
esp32,1787196577804734966
lidar,1787196577870169293
esp32,1787196577904921419
lidar,1787196577971066995
esp32,1787196578004743919
lidar,1787196578074331092
esp32,1787196578104174403
lidar,1787196578170876708
esp32,1787196578204812570
lidar,1787196578271431862
esp32,1787196578304817108
lidar,1787196578369589062
esp32,1787196578404835774
lidar,1787196578471342594
esp32,1787196578504828599
lidar,1787196578572952235
esp32,1787196578604820037
lidar,1787196578672082448
esp32,1787196578704877769
lidar,1787196578776464258
esp32,1787196578804685972
lidar,1787196578871144677
esp32,1787196578903787748
lidar,1787196578971733869
esp32,1787196579004721054
lidar,1787196579072141583
esp32,1787196579104995402
lidar,1787196579175698655
esp32,1787196579204827347
lidar,1787196579274918114
esp32,1787196579304744941
lidar,1787196579374268948
esp32,1787196579404651623
lidar,1787196579471621785
esp32,1787196579504706832
lidar,1787196579572506791
esp32,1787196579604829822
lidar,1787196579672310491
esp32,1787196579704809301
lidar,1787196579770575650
esp32,1787196579804811053
lidar,1787196579870538704
esp32,1787196579904652880
lidar,1787196579970995107
esp32,1787196580004578112
lidar,1787196580072598936
esp32,1787196580104741269
lidar,1787196580169102745
esp32,1787196580204743032
lidar,1787196580273016836
esp32,1787196580304758049
lidar,1787196580374708156
esp32,1787196580405004140
lidar,1787196580472429055
esp32,1787196580504872999
lidar,1787196580567893607
esp32,1787196580604683819
lidar,1787196580667866517
esp32,1787196580704581360
lidar,1787196580766226108
esp32,1787196580804928918
lidar,1787196580867103207
esp32,1787196580904805970
lidar,1787196580969558827
esp32,1787196581003776353
lidar,1787196581069081643
esp32,1787196581103913873
lidar,1787196581169007088
esp32,1787196581203818993
lidar,1787196581267736755
esp32,1787196581304816402
lidar,1787196581368280955
esp32,1787196581404802689
lidar,1787196581468951971
esp32,1787196581504553140
lidar,1787196581571851502
esp32,1787196581604861048
lidar,1787196581673361313
esp32,1787196581704277554
lidar,1787196581771442780
esp32,1787196581804750882
lidar,1787196581873190316
esp32,1787196581904778421
lidar,1787196581985271015
esp32,1787196582004227279
lidar,1787196582069954566
esp32,1787196582104791502
lidar,1787196582168930915
esp32,1787196582204672101
lidar,1787196582275987826
esp32,1787196582304764604
lidar,1787196582375056648
esp32,1787196582404682751
lidar,1787196582468456138
esp32,1787196582504844347
lidar,1787196582569604175
esp32,1787196582604636435
lidar,1787196582669607016
esp32,1787196582704667756
lidar,1787196582781973997
esp32,1787196582804826362
lidar,1787196582870613542
esp32,1787196582904816397
lidar,1787196582967037896
esp32,1787196583004610745
lidar,1787196583068183078
esp32,1787196583104815086
lidar,1787196583168200569
esp32,1787196583204553122
lidar,1787196583270997545
esp32,1787196583303737779
lidar,1787196583375407874
esp32,1787196583404857404
lidar,1787196583469143254
esp32,1787196583504875445
lidar,1787196583572304535
esp32,1787196583604879282
lidar,1787196583673556326
esp32,1787196583704748125
lidar,1787196583770586179
esp32,1787196583804757375
lidar,1787196583870173962
esp32,1787196583904799418
lidar,1787196583973789687
esp32,1787196584004821209
lidar,1787196584069919723
esp32,1787196584104854478
lidar,1787196584169453635
esp32,1787196584204852469
lidar,1787196584271352580
esp32,1787196584304692183
lidar,1787196584373595353
esp32,1787196584404889226
lidar,1787196584470026517
esp32,1787196584504635223
lidar,1787196584573147245
esp32,1787196584604752179
lidar,1787196584668201713
esp32,1787196584704910861
lidar,1787196584772994469
esp32,1787196584804728104
lidar,1787196584869513086
esp32,1787196584904922701
lidar,1787196584969815350
esp32,1787196585004565474
lidar,1787196585066901587
esp32,1787196585104924600
lidar,1787196585166418564
esp32,1787196585204745710
lidar,1787196585267575209
esp32,1787196585304576034
lidar,1787196585368490077
esp32,1787196585404684471
lidar,1787196585466538614
esp32,1787196585504734067
lidar,1787196585564982023
esp32,1787196585604879037
lidar,1787196585664707390
esp32,1787196585704760726
lidar,1787196585764882241
esp32,1787196585804876754
lidar,1787196585865379070
esp32,1787196585904881817
lidar,1787196585965502856
esp32,1787196586004862756
lidar,1787196586065360945
esp32,1787196586124615267
lidar,1787196586167549834
esp32,1787196586204838236
lidar,1787196586268429718
esp32,1787196586304794006
lidar,1787196586368699842
esp32,1787196586404757509
lidar,1787196586467964689
esp32,1787196586504858676
lidar,1787196586573962714
esp32,1787196586604864409
lidar,1787196586667682297
esp32,1787196586704865519
lidar,1787196586766614500
esp32,1787196586804678611
lidar,1787196586867687132
esp32,1787196586903612101
lidar,1787196586968413218
esp32,1787196587004294724
lidar,1787196587069069439
esp32,1787196587104767185
lidar,1787196587165817393
esp32,1787196587204710834
lidar,1787196587266067322
esp32,1787196587304852368
lidar,1787196587365466456
esp32,1787196587404728606
lidar,1787196587465392061
esp32,1787196587504506673
lidar,1787196587570235420
esp32,1787196587604724006
lidar,1787196587667363159
esp32,1787196587704731966
lidar,1787196587770137712
esp32,1787196587804731653
lidar,1787196587865013215
esp32,1787196587904696034
lidar,1787196587966719239
esp32,1787196588004746875
lidar,1787196588064900591
esp32,1787196588104877226
lidar,1787196588164856433
esp32,1787196588204800937
lidar,1787196588265514856
esp32,1787196588304674568
lidar,1787196588368555389
esp32,1787196588404747360
lidar,1787196588470084246
esp32,1787196588504562770
lidar,1787196588569070414
esp32,1787196588604422544
lidar,1787196588675639361
esp32,1787196588704740807
lidar,1787196588773285657
esp32,1787196588804770994
lidar,1787196588869063345
esp32,1787196588904718204
lidar,1787196588965493782
esp32,1787196589004623528
lidar,1787196589064799900
esp32,1787196589104791158
lidar,1787196589165073233
esp32,1787196589204612043
lidar,1787196589268910244
esp32,1787196589304878746
lidar,1787196589366746009
esp32,1787196589404891123
lidar,1787196589463488440
esp32,1787196589504793592
lidar,1787196589563952584
esp32,1787196589604810012
lidar,1787196589663231098
esp32,1787196589704760852
lidar,1787196589765109774
esp32,1787196589804805786
lidar,1787196589863668274
esp32,1787196589904714174
lidar,1787196589963817305
esp32,1787196590004706823
lidar,1787196590063609772
esp32,1787196590104677911
lidar,1787196590166336059
esp32,1787196590204629564
lidar,1787196590263759549
esp32,1787196590304750782
lidar,1787196590366197955
esp32,1787196590404658036
lidar,1787196590466282248
esp32,1787196590504746120
lidar,1787196590566348316
esp32,1787196590604793969
lidar,1787196590668937962
esp32,1787196590704630291
lidar,1787196590765894086
esp32,1787196590804739203
lidar,1787196590865980111
esp32,1787196590904725949
lidar,1787196590965168962
esp32,1787196591003808333
lidar,1787196591066398574
esp32,1787196591103750759
lidar,1787196591187347713
esp32,1787196591203607861
lidar,1787196591266881985
esp32,1787196591304819200
lidar,1787196591365182308
esp32,1787196591404608507
lidar,1787196591465020761
esp32,1787196591504441897
lidar,1787196591565034576
esp32,1787196591604774836
lidar,1787196591667152958
esp32,1787196591704794816
lidar,1787196591764391347
esp32,1787196591804545603
lidar,1787196591865402183
esp32,1787196591904582848
lidar,1787196591968981750
esp32,1787196592004704079
lidar,1787196592064516823
esp32,1787196592104819336
lidar,1787196592169094282
esp32,1787196592205086104
lidar,1787196592262052825
esp32,1787196592304702741
lidar,1787196592362212779
esp32,1787196592404841346
lidar,1787196592462888998
esp32,1787196592504509168
lidar,1787196592566957331
esp32,1787196592604754085
lidar,1787196592685264591
esp32,1787196592704833273
lidar,1787196592766982499
esp32,1787196592805069608
lidar,1787196592868059433
esp32,1787196592904622983
lidar,1787196592968593166
esp32,1787196593004650609
lidar,1787196593064964847
esp32,1787196593104412701
lidar,1787196593164738552
esp32,1787196593204538116
lidar,1787196593266539124
esp32,1787196593304534052
lidar,1787196593366370636
esp32,1787196593404564885
lidar,1787196593464966694
esp32,1787196593504621475
lidar,1787196593564641313
esp32,1787196593604598463
lidar,1787196593666388880
esp32,1787196593704872097
lidar,1787196593766644636
esp32,1787196593804962423
lidar,1787196593865352807
esp32,1787196593904707315
lidar,1787196593963155013
esp32,1787196594004684002
lidar,1787196594062882158
esp32,1787196594104739983
lidar,1787196594162272455
esp32,1787196594204564395
lidar,1787196594262640942
esp32,1787196594304792478
lidar,1787196594361784700
esp32,1787196594404649723
lidar,1787196594461934790
esp32,1787196594504584234
lidar,1787196594563748972
esp32,1787196594604477727
lidar,1787196594664789463
esp32,1787196594704653099
lidar,1787196594765598566
esp32,1787196594804821560
lidar,1787196594864778593
esp32,1787196594904769977
lidar,1787196594965360260
esp32,1787196595004601656
lidar,1787196595064340982
esp32,1787196595104106284
lidar,1787196595165701213
esp32,1787196595204769870
lidar,1787196595265021152
esp32,1787196595304768611
lidar,1787196595367594261
esp32,1787196595404561081
lidar,1787196595465869163
esp32,1787196595504788962
lidar,1787196595567382535
esp32,1787196595604773396
lidar,1787196595663844342
esp32,1787196595704763592
lidar,1787196595763620657
esp32,1787196595804800056
lidar,1787196595865028671
esp32,1787196595904583148
lidar,1787196595963265839
esp32,1787196596004524578
lidar,1787196596064439381
esp32,1787196596104722968
lidar,1787196596164819698
esp32,1787196596204764544
lidar,1787196596264548203
esp32,1787196596304731322
lidar,1787196596367274251
esp32,1787196596404692785
lidar,1787196596461609237
esp32,1787196596504884933
lidar,1787196596560708719
esp32,1787196596604770652
lidar,1787196596660792960
esp32,1787196596704806210
lidar,1787196596763597410
esp32,1787196596804944247
lidar,1787196596865067715
esp32,1787196596904161217
lidar,1787196596964395288
esp32,1787196597004731156
lidar,1787196597066207504
esp32,1787196597104693030
lidar,1787196597168545986
esp32,1787196597204727162
lidar,1787196597260330569
esp32,1787196597304792839
lidar,1787196597360587241
esp32,1787196597404845152
lidar,1787196597462803414
esp32,1787196597504801026
lidar,1787196597562951645
esp32,1787196597604731198
lidar,1787196597661702624
esp32,1787196597704790964
lidar,1787196597761258102
esp32,1787196597804977664
lidar,1787196597863102729
esp32,1787196597904779643
lidar,1787196597962948232
esp32,1787196598004883871
lidar,1787196598064018373
esp32,1787196598124749192
lidar,1787196598177693923
esp32,1787196598224695593
lidar,1787196598263634522
esp32,1787196598304805597
lidar,1787196598366537953
esp32,1787196598404833517
lidar,1787196598466305069
esp32,1787196598504768215
lidar,1787196598561461495
esp32,1787196598604739105
lidar,1787196598659970774
esp32,1787196598705081610
lidar,1787196598765375742
esp32,1787196598804778258
lidar,1787196598862239850
esp32,1787196598904800412
lidar,1787196598959629038
esp32,1787196599004826674
lidar,1787196599058152303
esp32,1787196599104711228
lidar,1787196599157615630
esp32,1787196599204638128
lidar,1787196599259582544
esp32,1787196599304950847
lidar,1787196599359958169
esp32,1787196599404787867
lidar,1787196599459153443
esp32,1787196599504773130
lidar,1787196599562553515
esp32,1787196599604801223
lidar,1787196599658521610
esp32,1787196599704688726
lidar,1787196599759547909
esp32,1787196599804798467
lidar,1787196599861148002
esp32,1787196599904244863
lidar,1787196599962684119
esp32,1787196600004669066
lidar,1787196600059527021
esp32,1787196600104932725
lidar,1787196600161907134
esp32,1787196600204879203
lidar,1787196600261338622
esp32,1787196600304649237
lidar,1787196600358495774
esp32,1787196600404663871
lidar,1787196600465567547
esp32,1787196600504678008
lidar,1787196600561294156
esp32,1787196600604769791
lidar,1787196600658137227
esp32,1787196600704868165
lidar,1787196600758970227
esp32,1787196600804729943
lidar,1787196600859213913
esp32,1787196600904722528
lidar,1787196600956543353
esp32,1787196601003827398
lidar,1787196601059552421
esp32,1787196601103896618
lidar,1787196601157619703
esp32,1787196601203741688
lidar,1787196601304996882
esp32,1787196601324595750
lidar,1787196601356144332
esp32,1787196601404644283
lidar,1787196601456128408
esp32,1787196601504660250
lidar,1787196601557851203
esp32,1787196601604595668
lidar,1787196601656202344
esp32,1787196601704642871
lidar,1787196601757361046
esp32,1787196601804568333
lidar,1787196601858251003
esp32,1787196601904646473
lidar,1787196601958227795
esp32,1787196602004627761
lidar,1787196602059081631
esp32,1787196602104826633
lidar,1787196602158455228
esp32,1787196602204723336
lidar,1787196602262255325
esp32,1787196602304438170
lidar,1787196602361920795
esp32,1787196602404600189
lidar,1787196602458809864
esp32,1787196602504445641
lidar,1787196602563167504
esp32,1787196602604632023
lidar,1787196602658430838
esp32,1787196602704613241
lidar,1787196602810795591
esp32,1787196602824738037
lidar,1787196602860898294
esp32,1787196602904516086
lidar,1787196602960574911
esp32,1787196603004621238
lidar,1787196603061780866
esp32,1787196603104623149
lidar,1787196603158673092
esp32,1787196603203799656
lidar,1787196603255444645
esp32,1787196603304569722
lidar,1787196603356083083
esp32,1787196603404615899
lidar,1787196603457515925
esp32,1787196603504642767
lidar,1787196603555563143
esp32,1787196603604723763
lidar,1787196603656846655
esp32,1787196603704628444
lidar,1787196603759108373
esp32,1787196603804647680
lidar,1787196603858239139
esp32,1787196603904408800
lidar,1787196603955904115
esp32,1787196604024633117
lidar,1787196604056031765
esp32,1787196604104688656
lidar,1787196604178435591
esp32,1787196604204126665
lidar,1787196604254470731
esp32,1787196604345024063
lidar,1787196604355168112
esp32,1787196604404823042
lidar,1787196604491342533
esp32,1787196604504015585
lidar,1787196604556052778
esp32,1787196604604756124
lidar,1787196604658249644
esp32,1787196604704584454
lidar,1787196604755351894
esp32,1787196604804590449
lidar,1787196604856949012
esp32,1787196604904285989
lidar,1787196604955443364
esp32,1787196605004734098
lidar,1787196605057034701
esp32,1787196605104620831
lidar,1787196605156075857
esp32,1787196605204825003
lidar,1787196605257846690
esp32,1787196605304574595
lidar,1787196605361665888
esp32,1787196605404504603
lidar,1787196605452275139
esp32,1787196605504417968
lidar,1787196605555514530
esp32,1787196605604895518
lidar,1787196605653965275
esp32,1787196605704907909
lidar,1787196605756698856
esp32,1787196605804839749
lidar,1787196605857198333
esp32,1787196605904331830
lidar,1787196605954550703
esp32,1787196606004794751
lidar,1787196606057093401
esp32,1787196606104610166
lidar,1787196606155905297
esp32,1787196606204663197
lidar,1787196606256790691
esp32,1787196606304690886
lidar,1787196606363249511
esp32,1787196606404764382
lidar,1787196606453976631
esp32,1787196606504796400
lidar,1787196606558288349
esp32,1787196606604618515
lidar,1787196606655517449
esp32,1787196606704789568
lidar,1787196606753588426
esp32,1787196606804781579
lidar,1787196606854179131
esp32,1787196606904275737
lidar,1787196606955109363
esp32,1787196607004747016
lidar,1787196607057100901
esp32,1787196607104689841
lidar,1787196607153287501
esp32,1787196607204672050
lidar,1787196607256767178
esp32,1787196607304556427
lidar,1787196607351522006
esp32,1787196607404816759
lidar,1787196607458785220
esp32,1787196607504732796
lidar,1787196607554952296
esp32,1787196607604884226
lidar,1787196607683062281
esp32,1787196607704524613
lidar,1787196607752953211
esp32,1787196607804803417
lidar,1787196607856122226
esp32,1787196607904454247
lidar,1787196607952234398
esp32,1787196608004532440
lidar,1787196608051381427
esp32,1787196608104891660
lidar,1787196608155104633
esp32,1787196608204921978
lidar,1787196608254775159
esp32,1787196608304786197
lidar,1787196608352498177
esp32,1787196608404512327
lidar,1787196608453013858
esp32,1787196608504718752
lidar,1787196608555573998
esp32,1787196608604523214
lidar,1787196608654849997
esp32,1787196608704549517
lidar,1787196608753112354
esp32,1787196608804643543
lidar,1787196608855354604
esp32,1787196608904703114
lidar,1787196608952810514
esp32,1787196609004695288
lidar,1787196609054602823
esp32,1787196609104785730
lidar,1787196609151148926
esp32,1787196609204733289
lidar,1787196609257538525
esp32,1787196609304672681
lidar,1787196609352703309
esp32,1787196609404643492
lidar,1787196609447777371
esp32,1787196609504593524
lidar,1787196609548948131
esp32,1787196609604579821
lidar,1787196609648125326
esp32,1787196609704473532
lidar,1787196609747682427
esp32,1787196609804766112
lidar,1787196609846863968
esp32,1787196609904601881
lidar,1787196609947245063
esp32,1787196610004645975
lidar,1787196610047378780
esp32,1787196610104841929
lidar,1787196610150996717
esp32,1787196610204697415
lidar,1787196610250587471
esp32,1787196610304800013
lidar,1787196610350978135
esp32,1787196610404530859
lidar,1787196610450141488
esp32,1787196610504732538
lidar,1787196610548867937
esp32,1787196610604550372
lidar,1787196610648949968
esp32,1787196610704966027
lidar,1787196610750723246
esp32,1787196610804791163
lidar,1787196610853064892
esp32,1787196610904533545
lidar,1787196610949339784
esp32,1787196611003902802
lidar,1787196611051533923
esp32,1787196611103779374
lidar,1787196611152151872
esp32,1787196611203805627
lidar,1787196611255855031
esp32,1787196611304339749
lidar,1787196611350242570
esp32,1787196611424872619
lidar,1787196611446307963
esp32,1787196611504695174
lidar,1787196611547164387
esp32,1787196611624747500
lidar,1787196611648894659
esp32,1787196611704504485
lidar,1787196611747580901
esp32,1787196611804647049
lidar,1787196611844380039
esp32,1787196611904576008
lidar,1787196611945066514
esp32,1787196612004580944
lidar,1787196612045638777
esp32,1787196612104610141
lidar,1787196612144650617
esp32,1787196612204517154
lidar,1787196612245128968
esp32,1787196612304011612
lidar,1787196612345889454
esp32,1787196612404723853
lidar,1787196612444879034
esp32,1787196612504685200
lidar,1787196612548382830
esp32,1787196612604717992
lidar,1787196612646426266
esp32,1787196612704706413
lidar,1787196612747553498
esp32,1787196612804519460
lidar,1787196612854768554
esp32,1787196612903798488
lidar,1787196612947718124
esp32,1787196613004742068
lidar,1787196613050103079
esp32,1787196613104522807
lidar,1787196613147834034
esp32,1787196613204519394
lidar,1787196613249270844
esp32,1787196613323703207
lidar,1787196613347823674
esp32,1787196613404662537
lidar,1787196613445711280
esp32,1787196613504633910
lidar,1787196613551326408
esp32,1787196613604762513
lidar,1787196613644163237
esp32,1787196613704625745
lidar,1787196613744139627
esp32,1787196613805171470
lidar,1787196613844539255
esp32,1787196613904680483
lidar,1787196613948374985
esp32,1787196614004861075
lidar,1787196614043426415
esp32,1787196614104857974
lidar,1787196614142751977
esp32,1787196614204823734
lidar,1787196614242331821
esp32,1787196614304853079
lidar,1787196614342557302
esp32,1787196614404983056
lidar,1787196614442186978
esp32,1787196614504855045
lidar,1787196614544898399
esp32,1787196614604556699
lidar,1787196614645381706
esp32,1787196614704546710
lidar,1787196614743426101
esp32,1787196614804481595
lidar,1787196614843531567
esp32,1787196614904428399
lidar,1787196614943786171
esp32,1787196615004319099
lidar,1787196615048351159
esp32,1787196615104828289
lidar,1787196615146192486
esp32,1787196615204798743
lidar,1787196615246915002
esp32,1787196615304813625
lidar,1787196615347938175
esp32,1787196615404557454
lidar,1787196615445005356
esp32,1787196615504826737
lidar,1787196615542851320
esp32,1787196615604989962
lidar,1787196615643602876
esp32,1787196615704852645
lidar,1787196615745119631
esp32,1787196615804771727
lidar,1787196615843950198
esp32,1787196615904934303
esp32,1787196616004646099
lidar,1787196616043741274
esp32,1787196616105130490
lidar,1787196616142168983
esp32,1787196616204872111
lidar,1787196616244851208
esp32,1787196616304888417
lidar,1787196616341205498
esp32,1787196616404818483
lidar,1787196616439716839
esp32,1787196616504834290
lidar,1787196616539851755
esp32,1787196616604552381
lidar,1787196616639564174
esp32,1787196616704684933
lidar,1787196616740734399
esp32,1787196616804581677
lidar,1787196616842512166
esp32,1787196616904789387
lidar,1787196616940746460
esp32,1787196617004778598
lidar,1787196617043019114
esp32,1787196617104607182
lidar,1787196617143138162
esp32,1787196617204826583
lidar,1787196617245083726
esp32,1787196617304804944
lidar,1787196617343937729
esp32,1787196617404490962
lidar,1787196617446969002
esp32,1787196617504545286
lidar,1787196617546827170
esp32,1787196617604827396
lidar,1787196617645121934
esp32,1787196617704795075
lidar,1787196617742392148
esp32,1787196617804583515
lidar,1787196617843168598
esp32,1787196617904834286
lidar,1787196617943922052
esp32,1787196618004621397
lidar,1787196618042623649
esp32,1787196618104848920
lidar,1787196618141227310
esp32,1787196618204857420
lidar,1787196618244299171
esp32,1787196618304809868
lidar,1787196618340460182
esp32,1787196618404550049
lidar,1787196618439963590
esp32,1787196618504066091
lidar,1787196618540444803
esp32,1787196618604739390
lidar,1787196618641014977
esp32,1787196618704809605
lidar,1787196618739196574
esp32,1787196618804872373
lidar,1787196618839684776
esp32,1787196618904747932
lidar,1787196618938779833
esp32,1787196619004684777
lidar,1787196619039068289
esp32,1787196619104616284
lidar,1787196619139456886
esp32,1787196619204673722
lidar,1787196619252819810
esp32,1787196619304462617
lidar,1787196619339251354
esp32,1787196619403761972
lidar,1787196619443064699
esp32,1787196619504534388
lidar,1787196619546358349
esp32,1787196619604505027
lidar,1787196619640533885
esp32,1787196619704854631
lidar,1787196619740437622
esp32,1787196619804754801
lidar,1787196619841552545
esp32,1787196619904522569
lidar,1787196619942556558
esp32,1787196620024575865
lidar,1787196620040780468
esp32,1787196620124682186
lidar,1787196620144408711
esp32,1787196620204516049
lidar,1787196620239492507
esp32,1787196620304793337
lidar,1787196620338711326
esp32,1787196620404650140
lidar,1787196620439389592
esp32,1787196620504644368
lidar,1787196620538852888
esp32,1787196620604516101
lidar,1787196620637840092
esp32,1787196620704705907
lidar,1787196620743298168
esp32,1787196620804888954
lidar,1787196620837587020
esp32,1787196620904613124
lidar,1787196620937912137
esp32,1787196621003892463
lidar,1787196621036700403
esp32,1787196621103686941
lidar,1787196621136083256
esp32,1787196621203666907
lidar,1787196621240459069
esp32,1787196621304619064
lidar,1787196621339378885
esp32,1787196621404576920
lidar,1787196621445719139
esp32,1787196621504658859
lidar,1787196621554966256
esp32,1787196621604635006
lidar,1787196621654969081
esp32,1787196621704566068
lidar,1787196621739412887
esp32,1787196621804892746
lidar,1787196621840182182
esp32,1787196621904721212
lidar,1787196621938313997
esp32,1787196622004636452
lidar,1787196622039381506
esp32,1787196622104500407
lidar,1787196622138735641
esp32,1787196622204608920
lidar,1787196622238070161
esp32,1787196622304529639
lidar,1787196622337552846
esp32,1787196622404502758
lidar,1787196622437572909
esp32,1787196622504339431
lidar,1787196622537310000
esp32,1787196622604755633
lidar,1787196622637261216
esp32,1787196622704630797
lidar,1787196622736972203
esp32,1787196622804738238
lidar,1787196622836073095
esp32,1787196622904675801
lidar,1787196622936324871
esp32,1787196623004620433
lidar,1787196623036321450
esp32,1787196623104546136
lidar,1787196623137036753
esp32,1787196623204679117
lidar,1787196623235707942
esp32,1787196623304747722
lidar,1787196623337605602
esp32,1787196623404744115
lidar,1787196623440755190
esp32,1787196623504565582
lidar,1787196623540269153
esp32,1787196623604890467
lidar,1787196623637612939
esp32,1787196623704623109
lidar,1787196623735310540
esp32,1787196623804875314
lidar,1787196623835394730
esp32,1787196623904809319
lidar,1787196623937789463
esp32,1787196624004728549
lidar,1787196624037871609
esp32,1787196624104820923
lidar,1787196624137240351
esp32,1787196624224483870
lidar,1787196624234953097
esp32,1787196624304747216
lidar,1787196624335940205
esp32,1787196624404594468
lidar,1787196624434722406
esp32,1787196624504746227
lidar,1787196624533886810
esp32,1787196624604556093
lidar,1787196624635323868
esp32,1787196624704421416
lidar,1787196624732645032
esp32,1787196624804688385
lidar,1787196624832002911
esp32,1787196624904566970
lidar,1787196624932821859
esp32,1787196625004416591
lidar,1787196625031309873
esp32,1787196625104693143
lidar,1787196625131989985
esp32,1787196625204814295
lidar,1787196625231684985
esp32,1787196625304817826
lidar,1787196625332863749
esp32,1787196625404590919
lidar,1787196625435367071
esp32,1787196625504382246
lidar,1787196625534481526
esp32,1787196625604981128
lidar,1787196625636466591
esp32,1787196625704711992
lidar,1787196625741777240
esp32,1787196625824481846
lidar,1787196625833037164
esp32,1787196625904649268
lidar,1787196625943728422
esp32,1787196626004624434
lidar,1787196626035231575
esp32,1787196626124581863
lidar,1787196626134217653
esp32,1787196626204776055
lidar,1787196626232071066
esp32,1787196626304942223
lidar,1787196626332154024
esp32,1787196626404807811
lidar,1787196626431753991
esp32,1787196626504618124
lidar,1787196626531157861
esp32,1787196626624462892
lidar,1787196626631886675
esp32,1787196626704727577
lidar,1787196626730331037
esp32,1787196626804626178
lidar,1787196626832984854
esp32,1787196626904734376
lidar,1787196626936306604
esp32,1787196627004894585
lidar,1787196627030228942
esp32,1787196627104614378
lidar,1787196627129734193
esp32,1787196627204879382
lidar,1787196627229975597
esp32,1787196627304768611
lidar,1787196627331610051
esp32,1787196627404668913
lidar,1787196627430837571
esp32,1787196627504334860
lidar,1787196627532815158
esp32,1787196627604931257
lidar,1787196627633566302
esp32,1787196627704804376
lidar,1787196627733427393
esp32,1787196627805082504
lidar,1787196627833225934
esp32,1787196627904862705
lidar,1787196627932051137
esp32,1787196628004665831
lidar,1787196628033690615
esp32,1787196628105090484
lidar,1787196628135972925
esp32,1787196628204800421
lidar,1787196628233998534
esp32,1787196628304830850
lidar,1787196628336075081
esp32,1787196628404672775
lidar,1787196628432280693
esp32,1787196628504910864
lidar,1787196628532034816
esp32,1787196628604651427
lidar,1787196628631945259
esp32,1787196628704554244
lidar,1787196628731999935
esp32,1787196628804398404
lidar,1787196628831991446
esp32,1787196628904631325
lidar,1787196628933528965
esp32,1787196629004657973
lidar,1787196629032367488
esp32,1787196629104689786
lidar,1787196629131871979
esp32,1787196629204721875
lidar,1787196629230850028
esp32,1787196629304816161
lidar,1787196629330037981
esp32,1787196629404641445
lidar,1787196629431227508
esp32,1787196629504648335
lidar,1787196629532365853
esp32,1787196629604788169
lidar,1787196629628846632
esp32,1787196629704749132
lidar,1787196629731921695
esp32,1787196629804580941
lidar,1787196629828036523
esp32,1787196629904795278
lidar,1787196629930188281
esp32,1787196630004708619
lidar,1787196630027222982
esp32,1787196630104834054
lidar,1787196630128263941
esp32,1787196630204752304
lidar,1787196630226785169
esp32,1787196630304861040
lidar,1787196630326917861
esp32,1787196630404595675
lidar,1787196630427531426
esp32,1787196630504915676
lidar,1787196630527675816
esp32,1787196630604693927
lidar,1787196630628555564
esp32,1787196630704779743
lidar,1787196630728846112
esp32,1787196630804760998
lidar,1787196630830031972
esp32,1787196630904646449
lidar,1787196630929370592
esp32,1787196631003716361
lidar,1787196631030188861
esp32,1787196631103774392
lidar,1787196631128988753
esp32,1787196631203653164
lidar,1787196631230248026
esp32,1787196631324830443
lidar,1787196631333287277
esp32,1787196631404832446
lidar,1787196631429141792
esp32,1787196631504825976
lidar,1787196631528461515
esp32,1787196631604427781
lidar,1787196631628006723
esp32,1787196631704903254
lidar,1787196631731196109
esp32,1787196631804691479
lidar,1787196631826041222
esp32,1787196631904689389
lidar,1787196631924988708
esp32,1787196632004820394
lidar,1787196632026771942
esp32,1787196632104850106
lidar,1787196632127229032
esp32,1787196632204788727
lidar,1787196632226637726
esp32,1787196632304830467
lidar,1787196632325467894
esp32,1787196632404737199
lidar,1787196632424272342
esp32,1787196632504706503
lidar,1787196632524854836
esp32,1787196632604627548
lidar,1787196632624527229
esp32,1787196632704869824
lidar,1787196632725083747
esp32,1787196632804889327
lidar,1787196632828461904
esp32,1787196632904759221
lidar,1787196632925944039
esp32,1787196633004723464
lidar,1787196633027019487
esp32,1787196633104702731
lidar,1787196633127855596
esp32,1787196633204893337
lidar,1787196633228229002
esp32,1787196633304601724
lidar,1787196633325799998
esp32,1787196633404683679
lidar,1787196633425462623
esp32,1787196633504681549
lidar,1787196633527362324
esp32,1787196633604240495
lidar,1787196633643371762
esp32,1787196633704726164
lidar,1787196633726800544
esp32,1787196633804819543
lidar,1787196633828940534
esp32,1787196633904818320
lidar,1787196633930622373
esp32,1787196634004696772
lidar,1787196634024718622
esp32,1787196634104852845
lidar,1787196634126503261
esp32,1787196634205021467
lidar,1787196634224821262
esp32,1787196634304908853
lidar,1787196634323902196
esp32,1787196634404844215
lidar,1787196634421800124
esp32,1787196634504612329
lidar,1787196634520840988
esp32,1787196634604569233
lidar,1787196634625962875
esp32,1787196634704730215
lidar,1787196634721646242
esp32,1787196634804745053
lidar,1787196634822361853
esp32,1787196634904714758
lidar,1787196634925194868
esp32,1787196635004706384
lidar,1787196635022278967
esp32,1787196635104767835
lidar,1787196635123019697
esp32,1787196635204629072
lidar,1787196635223786342
esp32,1787196635304769437
lidar,1787196635324955715
esp32,1787196635404651293
lidar,1787196635429760267
esp32,1787196635504619467
lidar,1787196635527036460
esp32,1787196635604736195
lidar,1787196635625948538
esp32,1787196635704779767
lidar,1787196635731188931
esp32,1787196635804696473
lidar,1787196635827690297
esp32,1787196635904726155
lidar,1787196635930443178
lidar,1787196636023241117
esp32,1787196636024494637
esp32,1787196636104472407
lidar,1787196636123382589
esp32,1787196636204603125
lidar,1787196636224092457
esp32,1787196636304591183
lidar,1787196636324136341
esp32,1787196636404698185
lidar,1787196636424930618
esp32,1787196636504345322
lidar,1787196636521222700
esp32,1787196636604461394
lidar,1787196636623261066
esp32,1787196636704806746
lidar,1787196636753944740
esp32,1787196636804694243
lidar,1787196636823900723
esp32,1787196636904588003
lidar,1787196636924329903
esp32,1787196637004188109
lidar,1787196637024337034
lidar,1787196637123664594
esp32,1787196637124727099
esp32,1787196637224647772
lidar,1787196637225678169
esp32,1787196637304538672
lidar,1787196637324828381
esp32,1787196637404554492
lidar,1787196637424680544
esp32,1787196637504572923
lidar,1787196637522776498
esp32,1787196637604632345
lidar,1787196637622737337
esp32,1787196637704600585
lidar,1787196637723731736
esp32,1787196637804546388
lidar,1787196637827052865
esp32,1787196637904790248
lidar,1787196637923393716
esp32,1787196638004580118
lidar,1787196638033588623
esp32,1787196638104728453
lidar,1787196638128637613
esp32,1787196638204732375
lidar,1787196638220841700
esp32,1787196638304421227
lidar,1787196638323794223
esp32,1787196638404657861
lidar,1787196638424885337
esp32,1787196638504576552
lidar,1787196638519190026
esp32,1787196638604587996
lidar,1787196638619138908
esp32,1787196638704325238
lidar,1787196638722131424
esp32,1787196638804719880
lidar,1787196638825461457
esp32,1787196638904409971
lidar,1787196638919466108
esp32,1787196639004457941
lidar,1787196639020572660
esp32,1787196639104659119
lidar,1787196639124897939
lidar,1787196639222502226
esp32,1787196639224444034
lidar,1787196639322407347
esp32,1787196639324446431
esp32,1787196639404720528
lidar,1787196639421132653
esp32,1787196639504358144
lidar,1787196639521395068
esp32,1787196639604434266
lidar,1787196639622118694
esp32,1787196639704377855
lidar,1787196639722600773
esp32,1787196639804799978
lidar,1787196639823399020
esp32,1787196639904461863
lidar,1787196639921213886
esp32,1787196640004569002
lidar,1787196640029540436
esp32,1787196640104735100
lidar,1787196640124196911
esp32,1787196640204947691
lidar,1787196640220258160
esp32,1787196640304762176
lidar,1787196640321818261
esp32,1787196640404863488
lidar,1787196640422285511
esp32,1787196640504664675
lidar,1787196640523307182
esp32,1787196640604791597
lidar,1787196640624131143
esp32,1787196640704284179
lidar,1787196640719334483
lidar,1787196640822208117
esp32,1787196640824680246
lidar,1787196640918988899
esp32,1787196640924357951
esp32,1787196641003737091
lidar,1787196641021197810
esp32,1787196641103813528
lidar,1787196641122815292
esp32,1787196641203756103
lidar,1787196641218939576
esp32,1787196641304567636
lidar,1787196641320116813
esp32,1787196641404869758
lidar,1787196641424929055
esp32,1787196641504614474
lidar,1787196641522918322
esp32,1787196641604779900
lidar,1787196641623757640
esp32,1787196641704392616
lidar,1787196641726731190
esp32,1787196641804470961
lidar,1787196641821523307
lidar,1787196641923438825
esp32,1787196641924035745
esp32,1787196642004507525
lidar,1787196642029575873
esp32,1787196642104406992
lidar,1787196642126443169
esp32,1787196642224342068
lidar,1787196642226528329
esp32,1787196642304550810
lidar,1787196642331134148
esp32,1787196642404632861
lidar,1787196642421402988
esp32,1787196642504822161
lidar,1787196642533955257
esp32,1787196642604856462
lidar,1787196642622781680
esp32,1787196642704677657
lidar,1787196642725632254
esp32,1787196642804668695
lidar,1787196642819096679
esp32,1787196642904676641
lidar,1787196642920516467
esp32,1787196643004806451
lidar,1787196643019987568
esp32,1787196643104708093
lidar,1787196643123097841
esp32,1787196643204626608
lidar,1787196643217454838
esp32,1787196643304531875
lidar,1787196643317994213
esp32,1787196643404591905
lidar,1787196643417020561
lidar,1787196643516305284
esp32,1787196643524484506
esp32,1787196643604567642
lidar,1787196643619008988
esp32,1787196643704315151
lidar,1787196643716988390
esp32,1787196643804445247
lidar,1787196643819489639
esp32,1787196643904670985
lidar,1787196643920819488
esp32,1787196644004726898
lidar,1787196644018970291
esp32,1787196644104524220
lidar,1787196644119689471
esp32,1787196644204527682
lidar,1787196644218876352
esp32,1787196644304530232
lidar,1787196644317936577
esp32,1787196644404565134
lidar,1787196644421464638
esp32,1787196644504640944
lidar,1787196644520068564
lidar,1787196644623891130
esp32,1787196644704624716
lidar,1787196644721188348
esp32,1787196644804739558
lidar,1787196644823715349
esp32,1787196644904583291
lidar,1787196644918340869
esp32,1787196645004707037
lidar,1787196645018469640
esp32,1787196645104758366
lidar,1787196645128801396
esp32,1787196645204365412
lidar,1787196645222107389
esp32,1787196645304621756
lidar,1787196645319573870
lidar,1787196645417912878
esp32,1787196645424266875
esp32,1787196645504718080
lidar,1787196645515620683
esp32,1787196645604380201
lidar,1787196645614401393
lidar,1787196645719964776
esp32,1787196645724227669
esp32,1787196645804357525
lidar,1787196645815207683
esp32,1787196645904365784
lidar,1787196645917801336
esp32,1787196646004394087
lidar,1787196646021878549
esp32,1787196646104619157
lidar,1787196646123839751
esp32,1787196646204552993
lidar,1787196646220899803
lidar,1787196646322066661
esp32,1787196646324261604
esp32,1787196646404551689
lidar,1787196646417574537
esp32,1787196646504649368
lidar,1787196646524615046
esp32,1787196646604620259
lidar,1787196646618414923
esp32,1787196646704608816
lidar,1787196646719078682
esp32,1787196646804534203
lidar,1787196646822770737
lidar,1787196646940608043
esp32,1787196646944843023
esp32,1787196647004767577
lidar,1787196647017203145
esp32,1787196647104527542
lidar,1787196647115844416
esp32,1787196647204744480
lidar,1787196647214508830
esp32,1787196647304617575
lidar,1787196647314124438
esp32,1787196647404737725
lidar,1787196647415580234
lidar,1787196647518076723
esp32,1787196647524119652
esp32,1787196647604562421
lidar,1787196647615997470
esp32,1787196647704567207
lidar,1787196647714102165
esp32,1787196647804041442
lidar,1787196647815168701
esp32,1787196647904629021
lidar,1787196647912264884
esp32,1787196648004591546
lidar,1787196648012422825
esp32,1787196648104590996
lidar,1787196648116517176
esp32,1787196648204642423
lidar,1787196648215759287
lidar,1787196648314542158
esp32,1787196648324186532
esp32,1787196648404590510
lidar,1787196648413899019
esp32,1787196648504614549
lidar,1787196648516689501
esp32,1787196648604630842
lidar,1787196648618040027
esp32,1787196648703783506
lidar,1787196648717790625
esp32,1787196648803767958
lidar,1787196648816133859
esp32,1787196648903623532
lidar,1787196648920474252
esp32,1787196649004819998
lidar,1787196649017071182
esp32,1787196649104456865
lidar,1787196649115869272
esp32,1787196649204596149
lidar,1787196649213717124
esp32,1787196649304498462
lidar,1787196649318489011
esp32,1787196649404687682
lidar,1787196649413860721
esp32,1787196649504744217
lidar,1787196649516911973
esp32,1787196649604868087
lidar,1787196649613230236
esp32,1787196649704812776
lidar,1787196649714281170
esp32,1787196649804744431
lidar,1787196649812328938
esp32,1787196649904760577
lidar,1787196649912229396
lidar,1787196650012565044
esp32,1787196650024203131
esp32,1787196650104923054
lidar,1787196650116064497
esp32,1787196650205032031
lidar,1787196650213709178
esp32,1787196650304687333
lidar,1787196650310281022
esp32,1787196650404669216
lidar,1787196650415892622
esp32,1787196650504584658
lidar,1787196650509313746
esp32,1787196650604564193
lidar,1787196650609123068
esp32,1787196650704704489
lidar,1787196650711946184
esp32,1787196650804651197
lidar,1787196650816204976
esp32,1787196650904895706
lidar,1787196650917540597
esp32,1787196651004918621
lidar,1787196651018864808
esp32,1787196651104814375
lidar,1787196651119920419
esp32,1787196651204900468
lidar,1787196651214019863
lidar,1787196651312597929
esp32,1787196651324229840
esp32,1787196651404884890
lidar,1787196651413061486
esp32,1787196651504809166
lidar,1787196651514351667
esp32,1787196651604733107
lidar,1787196651612871458
esp32,1787196651704688588
lidar,1787196651713396115
esp32,1787196651804937160
lidar,1787196651813649921
esp32,1787196651904628592
lidar,1787196651914578080
esp32,1787196652004812287
lidar,1787196652012038600
lidar,1787196652113523064
esp32,1787196652124392205
esp32,1787196652204804919
lidar,1787196652214883639
esp32,1787196652304807290
lidar,1787196652318001111
esp32,1787196652404868085
lidar,1787196652419833119
esp32,1787196652504639305
lidar,1787196652509945293
lidar,1787196652613602985
esp32,1787196652624164303
esp32,1787196652704859926
lidar,1787196652712328898
esp32,1787196652805009492
lidar,1787196652812778253
esp32,1787196652904804142
lidar,1787196652911627517
lidar,1787196653010759706
esp32,1787196653024296323
esp32,1787196653104850193
lidar,1787196653117505624
lidar,1787196653211938683
esp32,1787196653224297937
esp32,1787196653304699298
lidar,1787196653311557874
lidar,1787196653414677179
esp32,1787196653424135227
lidar,1787196653518845255
esp32,1787196653524109090
lidar,1787196653615375570
esp32,1787196653624036882
esp32,1787196653704694850
lidar,1787196653716757895
esp32,1787196653804506028
lidar,1787196653813977872
lidar,1787196653918742841
esp32,1787196653924175810
esp32,1787196654004570545
lidar,1787196654014109229
esp32,1787196654104627933
lidar,1787196654112180089
lidar,1787196654215287807
esp32,1787196654224125012
lidar,1787196654313981282
esp32,1787196654324053405
esp32,1787196654404621512
lidar,1787196654415958770
esp32,1787196654504526145
lidar,1787196654515644078
lidar,1787196654615713596
esp32,1787196654623994343
esp32,1787196654704682270
lidar,1787196654709970747
esp32,1787196654804687970
lidar,1787196654811338424
esp32,1787196654904615617
lidar,1787196654909915310
lidar,1787196655010080547
esp32,1787196655024236912
esp32,1787196655104861597
lidar,1787196655114708278
esp32,1787196655204629148
lidar,1787196655211691931
esp32,1787196655304765625
lidar,1787196655311795462
esp32,1787196655404798565
lidar,1787196655413344155
esp32,1787196655504561267
lidar,1787196655516007520
esp32,1787196655604754524
lidar,1787196655611931269
esp32,1787196655704943034
lidar,1787196655711563952
esp32,1787196655804870262
lidar,1787196655811889007
esp32,1787196655903697439
lidar,1787196655911923767
esp32,1787196656004654644
lidar,1787196656011279171
esp32,1787196656104849626
lidar,1787196656111309651
esp32,1787196656204783267
lidar,1787196656214686935
lidar,1787196656310970569
esp32,1787196656324330725
esp32,1787196656404573834
lidar,1787196656413649144
esp32,1787196656504823866
lidar,1787196656515359785
lidar,1787196656609561494
esp32,1787196656624223358
esp32,1787196656704992574
lidar,1787196656708801951
esp32,1787196656804932247
lidar,1787196656816335728
esp32,1787196656904883392
lidar,1787196656910317038
lidar,1787196657009744071
esp32,1787196657024760534
esp32,1787196657124740255
lidar,1787196657130188229
esp32,1787196657204945056
lidar,1787196657206286112
lidar,1787196657307935022
esp32,1787196657324664610
esp32,1787196657404690877
lidar,1787196657408795957
esp32,1787196657504792537
lidar,1787196657507833239
esp32,1787196657605044461
lidar,1787196657608198309
lidar,1787196657713231284
esp32,1787196657724711936
esp32,1787196657804915839
lidar,1787196657807987927
esp32,1787196657904913670
lidar,1787196657909649123
lidar,1787196658012398351
esp32,1787196658024715859
esp32,1787196658104829270
lidar,1787196658116085580
esp32,1787196658204701699
lidar,1787196658211801120
esp32,1787196658304623683
lidar,1787196658310348564
esp32,1787196658404850225
lidar,1787196658409253932
esp32,1787196658504827981
lidar,1787196658510904122
lidar,1787196658610838030
esp32,1787196658624789853
esp32,1787196658704635091
lidar,1787196658712884410
esp32,1787196658804584936
lidar,1787196658812105591
esp32,1787196658904820043
lidar,1787196658908845277
esp32,1787196659003765860
lidar,1787196659007119844
esp32,1787196659103961611
lidar,1787196659106821679
esp32,1787196659203976773
lidar,1787196659210436143
esp32,1787196659304012795
lidar,1787196659312474154
lidar,1787196659409689997
esp32,1787196659424116466
esp32,1787196659504667320
lidar,1787196659506727600
lidar,1787196659609560915
esp32,1787196659624665151
lidar,1787196659707205527
esp32,1787196659724672553
esp32,1787196659804714397
lidar,1787196659807589508
lidar,1787196659907476294
esp32,1787196659924706114
esp32,1787196660004761689
lidar,1787196660007846250
esp32,1787196660104815360
lidar,1787196660107045718
esp32,1787196660204779885
lidar,1787196660209484026
esp32,1787196660304728749
lidar,1787196660308896153
esp32,1787196660404823742
lidar,1787196660408118818
esp32,1787196660504869601
lidar,1787196660509207774
esp32,1787196660604859898
lidar,1787196660609707834
esp32,1787196660704758519
lidar,1787196660709696867
esp32,1787196660804885495
lidar,1787196660812677682
esp32,1787196660904785416
lidar,1787196660908040140
lidar,1787196661007207569
esp32,1787196661024676330
esp32,1787196661105128634
lidar,1787196661108924030
esp32,1787196661204873636
lidar,1787196661208316056
lidar,1787196661316287834
esp32,1787196661324373399
esp32,1787196661404759795
lidar,1787196661405973767
esp32,1787196661504752738
lidar,1787196661507455783
lidar,1787196661606346077
esp32,1787196661624700602
lidar,1787196661705093150
esp32,1787196661724711438
lidar,1787196661807567392
esp32,1787196661824486357
lidar,1787196661904255947
esp32,1787196661924459138
lidar,1787196662007098293
esp32,1787196662024578511
lidar,1787196662107270450
esp32,1787196662124336031
lidar,1787196662206419449
esp32,1787196662224678093
lidar,1787196662305657855
esp32,1787196662324718853
lidar,1787196662403826006
esp32,1787196662424758027
lidar,1787196662505880764
esp32,1787196662524730654
esp32,1787196662604812391
lidar,1787196662607481618
lidar,1787196662709635381
esp32,1787196662724696697
esp32,1787196662824789448
lidar,1787196662835082272
lidar,1787196662910574796
esp32,1787196662924695967
lidar,1787196663008418627
esp32,1787196663024710492
lidar,1787196663114013566
esp32,1787196663124893735
lidar,1787196663207006511
esp32,1787196663224725826
lidar,1787196663304513717
esp32,1787196663324697409
lidar,1787196663408156197
esp32,1787196663424726378
lidar,1787196663503603989
esp32,1787196663524382544
esp32,1787196663604769097
lidar,1787196663606482405
lidar,1787196663705956830
esp32,1787196663724655629
lidar,1787196663808183944
esp32,1787196663824710211
lidar,1787196663908168824
esp32,1787196663924716841
lidar,1787196664013782280
esp32,1787196664024198287
lidar,1787196664105035575
esp32,1787196664124635251
lidar,1787196664206607290
esp32,1787196664224731612
lidar,1787196664306382307
esp32,1787196664324723912
lidar,1787196664403796915
esp32,1787196664424710513
lidar,1787196664504495810
esp32,1787196664524329805
lidar,1787196664607665734
esp32,1787196664624575049
lidar,1787196664711381280
esp32,1787196664724673981
lidar,1787196664805070473
esp32,1787196664824570549
esp32,1787196664904908840
lidar,1787196664909210546
lidar,1787196665002769375
esp32,1787196665024124903
lidar,1787196665103108993
esp32,1787196665124311237
esp32,1787196665204790358
lidar,1787196665205843006
esp32,1787196665304601543
lidar,1787196665308950211
lidar,1787196665406451574
esp32,1787196665424536622
lidar,1787196665507105322
esp32,1787196665524359963
lidar,1787196665612200311
esp32,1787196665624316349
lidar,1787196665705740106
esp32,1787196665724589356
lidar,1787196665804796857
esp32,1787196665824572713
lidar,1787196665906444445
esp32,1787196665924570064
lidar,1787196666003862106
esp32,1787196666024076004
lidar,1787196666102964691
esp32,1787196666124556687
lidar,1787196666206590658
esp32,1787196666224612255
lidar,1787196666303686904
esp32,1787196666324555195
esp32,1787196666404752147
lidar,1787196666405670987
lidar,1787196666516330245
esp32,1787196666524217472
lidar,1787196666603034509
esp32,1787196666624236138
lidar,1787196666707446707
esp32,1787196666724568943
lidar,1787196666803446727
esp32,1787196666804890917
lidar,1787196666904968032
esp32,1787196666924278202
lidar,1787196667005721056
esp32,1787196667024163629
lidar,1787196667104002909
esp32,1787196667124566989
lidar,1787196667208192286
esp32,1787196667224717978
lidar,1787196667316920466
esp32,1787196667324156740
esp32,1787196667404718505
lidar,1787196667424968873
lidar,1787196667505053049
esp32,1787196667524082594
lidar,1787196667609249110
esp32,1787196667624196889
lidar,1787196667703841759
esp32,1787196667724533229
lidar,1787196667804703167
esp32,1787196667824550840
lidar,1787196667909472896
esp32,1787196667924198131
lidar,1787196668002337858
esp32,1787196668024361972
lidar,1787196668105645216
esp32,1787196668124608918
lidar,1787196668202150688
esp32,1787196668224217284
lidar,1787196668302558020
esp32,1787196668304865787
lidar,1787196668403726678
esp32,1787196668424194221
lidar,1787196668503183881
esp32,1787196668524640760
lidar,1787196668604589215
esp32,1787196668624636999
lidar,1787196668706632106
esp32,1787196668724648025
lidar,1787196668805293909
esp32,1787196668824456980
lidar,1787196668903383117
esp32,1787196668924624150
lidar,1787196669005812417
esp32,1787196669023627868
lidar,1787196669104383305
esp32,1787196669123729097
lidar,1787196669201319359
esp32,1787196669223771248
lidar,1787196669301550471
esp32,1787196669304138779
esp32,1787196669404771823
lidar,1787196669405590632
lidar,1787196669503168036
esp32,1787196669504261488
lidar,1787196669604807149
esp32,1787196669624686700
lidar,1787196669702390199
esp32,1787196669724676602
lidar,1787196669802090566
esp32,1787196669824290346
lidar,1787196669901702801
esp32,1787196669904735720
lidar,1787196670006708944
esp32,1787196670024320413
lidar,1787196670104703452
esp32,1787196670124542496
lidar,1787196670202637113
esp32,1787196670224735793
lidar,1787196670305096539
esp32,1787196670324250090
lidar,1787196670404681938
esp32,1787196670424431044
lidar,1787196670502783750
esp32,1787196670524361505
lidar,1787196670605657751
esp32,1787196670624663016
lidar,1787196670705952040
esp32,1787196670724728067
lidar,1787196670801224248
esp32,1787196670804577692
lidar,1787196670912775307
esp32,1787196670924642453
lidar,1787196671002193232
esp32,1787196671024310775
lidar,1787196671102266140
esp32,1787196671124541807
lidar,1787196671204876637
esp32,1787196671224793679
lidar,1787196671305644885
esp32,1787196671324627999
lidar,1787196671409729788
esp32,1787196671424813854
lidar,1787196671502045533
esp32,1787196671524528205
lidar,1787196671603340355
esp32,1787196671624471371
lidar,1787196671703654538
esp32,1787196671724798178
lidar,1787196671803068579
esp32,1787196671804637774
lidar,1787196671902221979
esp32,1787196671924702129
lidar,1787196672000722288
esp32,1787196672024383113
lidar,1787196672104352496
esp32,1787196672124161933
lidar,1787196672207993052
esp32,1787196672224004239
lidar,1787196672307880010
esp32,1787196672324591828
lidar,1787196672403524600
esp32,1787196672424663738
lidar,1787196672501286067
esp32,1787196672524398348
lidar,1787196672602432848
esp32,1787196672604520272
lidar,1787196672700562300
esp32,1787196672724731600
lidar,1787196672801615705
esp32,1787196672824471775
lidar,1787196672900354237
esp32,1787196672924651049
lidar,1787196673001675289
esp32,1787196673024166378
lidar,1787196673102404150
esp32,1787196673124717393
lidar,1787196673204993781
esp32,1787196673224740421
lidar,1787196673302918344
esp32,1787196673324688017
lidar,1787196673401402401
esp32,1787196673424774334
lidar,1787196673502642883
esp32,1787196673524435594
lidar,1787196673602706873
esp32,1787196673624596589
lidar,1787196673703426741
esp32,1787196673724797610
lidar,1787196673807139341
esp32,1787196673824766790
lidar,1787196673905948623
esp32,1787196673924695164
lidar,1787196674000471905
esp32,1787196674024426901
lidar,1787196674102256595
esp32,1787196674124709269
lidar,1787196674200131421
esp32,1787196674224776407
lidar,1787196674301521316
esp32,1787196674324764389
lidar,1787196674401822440
esp32,1787196674424737025
lidar,1787196674501023188
esp32,1787196674524877188
lidar,1787196674602300353
esp32,1787196674624731522
lidar,1787196674705345614
esp32,1787196674724842863
lidar,1787196674801847253
esp32,1787196674804454524
lidar,1787196674899823972
esp32,1787196674904814100
lidar,1787196674999046312
esp32,1787196675024395021
lidar,1787196675099832832
esp32,1787196675104511484
lidar,1787196675204434350
esp32,1787196675205480722
lidar,1787196675300773732
esp32,1787196675324698718
lidar,1787196675397291930
esp32,1787196675404463778
lidar,1787196675498291548
esp32,1787196675504493437
lidar,1787196675600162162
esp32,1787196675624831659
lidar,1787196675696878241
esp32,1787196675704378784
lidar,1787196675799091639
esp32,1787196675824834495
lidar,1787196675899997591
esp32,1787196675904198404
lidar,1787196675997641236
esp32,1787196676024408616
lidar,1787196676102358728
esp32,1787196676124804632
lidar,1787196676201649812
esp32,1787196676224700336
lidar,1787196676302047934
esp32,1787196676324836323
lidar,1787196676406100975
esp32,1787196676424793919
lidar,1787196676504222759
esp32,1787196676524681156
lidar,1787196676606432387
esp32,1787196676624813739
lidar,1787196676704593276
esp32,1787196676724129811
lidar,1787196676803783121
esp32,1787196676824817118
lidar,1787196676909234825
esp32,1787196676924245812
lidar,1787196677001177327
esp32,1787196677024255974
lidar,1787196677101275841
esp32,1787196677104593290
lidar,1787196677198220185
esp32,1787196677204432896
lidar,1787196677297451437
esp32,1787196677304321277
lidar,1787196677399143053
esp32,1787196677404162097
lidar,1787196677510190410
esp32,1787196677524167488
lidar,1787196677599065489
esp32,1787196677604519865
lidar,1787196677699395764
esp32,1787196677704505515
lidar,1787196677791706873
esp32,1787196677804863706
lidar,1787196677894983541
esp32,1787196677904354240
lidar,1787196677990683208
esp32,1787196678004405726
lidar,1787196678090743451
esp32,1787196678104393971
lidar,1787196678197855512
esp32,1787196678203780118
lidar,1787196678297990600
esp32,1787196678304441980
lidar,1787196678397521962
esp32,1787196678404210610
lidar,1787196678490238767
esp32,1787196678504327902
lidar,1787196678590746367
esp32,1787196678604181210
lidar,1787196678692643575
esp32,1787196678704255534
lidar,1787196678791415091
esp32,1787196678804222650
lidar,1787196678891248727
esp32,1787196678904371755
lidar,1787196678994673782
esp32,1787196679003918908
lidar,1787196679098618266
esp32,1787196679103844058
lidar,1787196679195554316
esp32,1787196679223750525
lidar,1787196679294143211
esp32,1787196679304251323
lidar,1787196679395022419
esp32,1787196679404140545
lidar,1787196679491912752
esp32,1787196679504242933
lidar,1787196679592106854
esp32,1787196679604892762
lidar,1787196679691730236
esp32,1787196679704534376
lidar,1787196679803801452
esp32,1787196679804952721
lidar,1787196679905210507
esp32,1787196679924537508
lidar,1787196679992643551
esp32,1787196680024619138
lidar,1787196680102588007
esp32,1787196680104450594
lidar,1787196680194632199
esp32,1787196680224327616
lidar,1787196680292190170
esp32,1787196680304309756
lidar,1787196680391765852
esp32,1787196680404209428
lidar,1787196680495297718
esp32,1787196680504092353
lidar,1787196680593876637
esp32,1787196680624535013
lidar,1787196680697542474
esp32,1787196680704351484
lidar,1787196680792241334
esp32,1787196680824392017
lidar,1787196680889285822
esp32,1787196680924542453
lidar,1787196680990147664
esp32,1787196681004245695
lidar,1787196681101718955
esp32,1787196681124735006
lidar,1787196681190336630
esp32,1787196681204201200
lidar,1787196681288537635
esp32,1787196681304282262
lidar,1787196681391558223
esp32,1787196681404282920
lidar,1787196681488978922
esp32,1787196681504153337
lidar,1787196681589682742
esp32,1787196681604549910
lidar,1787196681692837695
esp32,1787196681704320780
lidar,1787196681792341972
esp32,1787196681804167907
lidar,1787196681892404118
esp32,1787196681904136781
lidar,1787196681990004412
esp32,1787196682004093199
lidar,1787196682091922249
esp32,1787196682104553553
lidar,1787196682191529382
esp32,1787196682204124721
lidar,1787196682289940867
esp32,1787196682304519565
lidar,1787196682389665737
esp32,1787196682403612431
lidar,1787196682492541827
esp32,1787196682504635955
lidar,1787196682588738127
esp32,1787196682624344124
lidar,1787196682689113082
esp32,1787196682704338317
lidar,1787196682788990915
esp32,1787196682804696622
lidar,1787196682893812850
esp32,1787196682924597138
lidar,1787196682987605510
esp32,1787196683004703683
lidar,1787196683087283447
esp32,1787196683104811330
lidar,1787196683193700930
esp32,1787196683224686260
lidar,1787196683287892009
esp32,1787196683304735910
lidar,1787196683389874886
esp32,1787196683404705654
lidar,1787196683489189555
esp32,1787196683524705735
lidar,1787196683586675327
esp32,1787196683604160896
lidar,1787196683686702322
esp32,1787196683704081762
lidar,1787196683788022671
esp32,1787196683804708168
lidar,1787196683890674175
esp32,1787196683904727473
lidar,1787196683991948337
esp32,1787196684004094923
lidar,1787196684088027066
esp32,1787196684124113783
lidar,1787196684188051927
esp32,1787196684224593331
lidar,1787196684288257002
esp32,1787196684303847112
lidar,1787196684387174434
esp32,1787196684404604619
lidar,1787196684488792386
esp32,1787196684504146831
lidar,1787196684589866822
esp32,1787196684604647003
lidar,1787196684688836651
esp32,1787196684704804507
lidar,1787196684786575355
esp32,1787196684804713598
lidar,1787196684888391355
esp32,1787196684904652993
lidar,1787196684985413815
esp32,1787196685004688929
lidar,1787196685086224675
esp32,1787196685104717471
lidar,1787196685184909717
esp32,1787196685204599689
lidar,1787196685287357737
esp32,1787196685324796753
lidar,1787196685388482749
esp32,1787196685403651189
lidar,1787196685484845704
esp32,1787196685504594332
lidar,1787196685587414904
esp32,1787196685624714820
lidar,1787196685686958974
esp32,1787196685704718211
lidar,1787196685787777633
esp32,1787196685804621161
lidar,1787196685888717241
esp32,1787196685904542752
lidar,1787196685988140504
esp32,1787196686004648949
lidar,1787196686089786225
esp32,1787196686104098016
lidar,1787196686188041217
esp32,1787196686204332883
lidar,1787196686287446515
esp32,1787196686303936459
lidar,1787196686389244717
esp32,1787196686404625606
lidar,1787196686486583514
esp32,1787196686504134196
lidar,1787196686586334573
esp32,1787196686604111926
lidar,1787196686684704677
esp32,1787196686723985954
lidar,1787196686789866126
esp32,1787196686804169203
lidar,1787196686887396772
esp32,1787196686904646101
lidar,1787196686986781495
esp32,1787196687024380800
lidar,1787196687083867026
esp32,1787196687104563656
lidar,1787196687185022703
esp32,1787196687204525255
lidar,1787196687286524389
esp32,1787196687304558747
lidar,1787196687386193881
esp32,1787196687404461717
lidar,1787196687486811180
esp32,1787196687503574214
lidar,1787196687588956382
esp32,1787196687604480007
lidar,1787196687692806287
esp32,1787196687704131611
lidar,1787196687784700083
esp32,1787196687804072148
lidar,1787196687885030328
esp32,1787196687904445160
lidar,1787196687985915523
esp32,1787196688004566137
lidar,1787196688086537218
esp32,1787196688104485810
lidar,1787196688185618629
esp32,1787196688204122495
lidar,1787196688285194229
esp32,1787196688324015432
lidar,1787196688384665810
esp32,1787196688424589527
lidar,1787196688483786509
esp32,1787196688524535350
lidar,1787196688583299405
esp32,1787196688604534992
lidar,1787196688682889569
esp32,1787196688704288758
lidar,1787196688782848757
esp32,1787196688824640321
lidar,1787196688883350547
esp32,1787196688924662941
lidar,1787196688982180205
esp32,1787196689003706219
lidar,1787196689083507708
esp32,1787196689103760277
lidar,1787196689181456168
esp32,1787196689203753813
lidar,1787196689283689317
esp32,1787196689304777563
lidar,1787196689384067113
esp32,1787196689404862116
lidar,1787196689486628970
esp32,1787196689504640951
lidar,1787196689585019294
esp32,1787196689604708016
lidar,1787196689683928677
esp32,1787196689704541313
lidar,1787196689784065731
esp32,1787196689804561726
lidar,1787196689884711453
esp32,1787196689904085109
lidar,1787196689985872642
esp32,1787196690004611280
lidar,1787196690084079429
esp32,1787196690104601738
lidar,1787196690186015302
esp32,1787196690204472844
lidar,1787196690282848586
esp32,1787196690324637054
lidar,1787196690383990959
esp32,1787196690404557427
lidar,1787196690481918948
esp32,1787196690504559543
lidar,1787196690582053568
esp32,1787196690604494322
lidar,1787196690685179587
esp32,1787196690704714304
lidar,1787196690785127023
esp32,1787196690804592517
lidar,1787196690886994535
esp32,1787196690904705415
lidar,1787196690981097665
esp32,1787196691004619035
lidar,1787196691080118321
esp32,1787196691104605231
lidar,1787196691179411849
esp32,1787196691204554250
lidar,1787196691280527789
esp32,1787196691324640174
lidar,1787196691398288842
esp32,1787196691424640237
lidar,1787196691485137098
esp32,1787196691504500654
lidar,1787196691582701361
esp32,1787196691604668859
lidar,1787196691684015344
esp32,1787196691704694711
lidar,1787196691779723994
esp32,1787196691804705563
lidar,1787196691880450764
esp32,1787196691924677911
lidar,1787196691981636051
esp32,1787196692024788501
lidar,1787196692084173281
esp32,1787196692104864346
lidar,1787196692180923484
esp32,1787196692204112626
lidar,1787196692281733827
esp32,1787196692304115315
lidar,1787196692381304883
esp32,1787196692404532537
lidar,1787196692481454257
esp32,1787196692504088799
lidar,1787196692584783020
esp32,1787196692604662337
lidar,1787196692685202584
esp32,1787196692704654556
lidar,1787196692813481568
esp32,1787196692824686549
lidar,1787196692880693822
esp32,1787196692904995648
lidar,1787196692980595816
esp32,1787196693024686677
lidar,1787196693082853368
esp32,1787196693104905913
lidar,1787196693182162718
esp32,1787196693204771480
lidar,1787196693282508718
esp32,1787196693304926425
lidar,1787196693382521318
esp32,1787196693404558915
lidar,1787196693479891051
esp32,1787196693504565530
lidar,1787196693580102938
esp32,1787196693604664841
lidar,1787196693679971732
esp32,1787196693724583756
lidar,1787196693777880937
esp32,1787196693804154216
lidar,1787196693877652287
esp32,1787196693904659658
lidar,1787196693979865322
esp32,1787196694004628934
lidar,1787196694078604118
esp32,1787196694124625656
lidar,1787196694196615539
esp32,1787196694204338305
lidar,1787196694277906616
esp32,1787196694304235280
lidar,1787196694378133054
esp32,1787196694403737850
lidar,1787196694480169694
esp32,1787196694504627632
lidar,1787196694578443738
esp32,1787196694604557614
lidar,1787196694679149118
esp32,1787196694724563870
lidar,1787196694777742431
esp32,1787196694804144142
lidar,1787196694881444104
esp32,1787196694904724770
lidar,1787196694984368573
esp32,1787196695004660896
lidar,1787196695078052112
esp32,1787196695104628750
lidar,1787196695179403510
esp32,1787196695204594716
lidar,1787196695276333814
esp32,1787196695324691610
lidar,1787196695378420885
esp32,1787196695404585540
lidar,1787196695476848318
esp32,1787196695504735327
lidar,1787196695578725535
esp32,1787196695604624498
lidar,1787196695676857217
esp32,1787196695704134151
lidar,1787196695775912195
esp32,1787196695804600908
lidar,1787196695881914675
esp32,1787196695904594439
lidar,1787196695986096126
esp32,1787196696004649054
lidar,1787196696077382424
esp32,1787196696104568680
lidar,1787196696181044998
esp32,1787196696204529739
lidar,1787196696276793408
esp32,1787196696304406273
lidar,1787196696376823057
esp32,1787196696404849867
lidar,1787196696477366098
esp32,1787196696504710443
lidar,1787196696577728208
esp32,1787196696604706686
lidar,1787196696675964431
esp32,1787196696704619837
lidar,1787196696781654580
esp32,1787196696804351098
lidar,1787196696875896381
esp32,1787196696904830426
lidar,1787196696975954949
esp32,1787196697004762941
lidar,1787196697075969930
esp32,1787196697104863705
lidar,1787196697175723517
esp32,1787196697204964265
lidar,1787196697276784477
esp32,1787196697304317286
lidar,1787196697374771507
esp32,1787196697404842637
lidar,1787196697476808493
esp32,1787196697504315306
lidar,1787196697579657990
esp32,1787196697604918165
lidar,1787196697674872290
esp32,1787196697704887179
lidar,1787196697772897019
esp32,1787196697804911800
lidar,1787196697872993450
esp32,1787196697924685087
lidar,1787196697974976450
esp32,1787196698004772776
lidar,1787196698079982680
esp32,1787196698104888945
lidar,1787196698174703283
esp32,1787196698204882064
lidar,1787196698275637142
esp32,1787196698304872684
lidar,1787196698374467268
esp32,1787196698404866288
lidar,1787196698474172650
esp32,1787196698504774052
lidar,1787196698575666062
esp32,1787196698624693761
lidar,1787196698673584666
esp32,1787196698724656575
lidar,1787196698774031561
esp32,1787196698804587682
lidar,1787196698872974539
esp32,1787196698924694941
lidar,1787196698974977902
esp32,1787196699003743260
lidar,1787196699072172685
esp32,1787196699103858411
lidar,1787196699172456638
esp32,1787196699203826104
lidar,1787196699271145356
esp32,1787196699304510627
lidar,1787196699370884288
esp32,1787196699404693997
lidar,1787196699476658647
esp32,1787196699524591271
lidar,1787196699574062521
esp32,1787196699604570296
lidar,1787196699676661186
esp32,1787196699704848659
lidar,1787196699774798321
esp32,1787196699804786932
lidar,1787196699877971230
esp32,1787196699904419061
lidar,1787196699976442517
esp32,1787196700004720233
lidar,1787196700077225864
esp32,1787196700104660343
lidar,1787196700173496827
esp32,1787196700204623805
lidar,1787196700273971190
esp32,1787196700304158910
lidar,1787196700372977357
esp32,1787196700404576795
lidar,1787196700472057983
esp32,1787196700504601876
lidar,1787196700574474959
esp32,1787196700604536396
lidar,1787196700675213222
esp32,1787196700704688551
lidar,1787196700771677062
esp32,1787196700804610945
lidar,1787196700870366400
esp32,1787196700904526587
lidar,1787196700970990429
esp32,1787196701004705302
lidar,1787196701069967183
esp32,1787196701124796926
lidar,1787196701172190454
esp32,1787196701204605021
lidar,1787196701268814652
esp32,1787196701304638282
lidar,1787196701371004791
esp32,1787196701404645706
lidar,1787196701474271611
esp32,1787196701504332795
lidar,1787196701572490929
esp32,1787196701603838354
lidar,1787196701672668201
esp32,1787196701704741723
lidar,1787196701770659569
esp32,1787196701804612316
lidar,1787196701869866575
esp32,1787196701904705614
lidar,1787196701970152732
esp32,1787196702004612468
lidar,1787196702071275092
esp32,1787196702104775127
lidar,1787196702174886042
esp32,1787196702204580387
lidar,1787196702273848445
esp32,1787196702304601435
lidar,1787196702374052461
esp32,1787196702404638990
lidar,1787196702469734468
esp32,1787196702503870105
lidar,1787196702569427495
esp32,1787196702604881030
lidar,1787196702671555399
esp32,1787196702724762732
lidar,1787196702768968684
esp32,1787196702824643269
lidar,1787196702870192270
esp32,1787196702904901350
lidar,1787196702968813462
esp32,1787196703024750934
lidar,1787196703068779992
esp32,1787196703124634929
lidar,1787196703169263393
esp32,1787196703204529327
lidar,1787196703269177186
esp32,1787196703304824059
lidar,1787196703366626511
esp32,1787196703424629137
lidar,1787196703465847176
esp32,1787196703504294616
lidar,1787196703567893942
esp32,1787196703604429559
lidar,1787196703670969577
esp32,1787196703704559897
lidar,1787196703771606210
esp32,1787196703824736032
lidar,1787196703870649648
esp32,1787196703904506296
lidar,1787196703974551983
esp32,1787196704024620921
lidar,1787196704074508040
esp32,1787196704104183442
lidar,1787196704171864303
esp32,1787196704204593369
lidar,1787196704269290629
esp32,1787196704304236396
lidar,1787196704370395519
esp32,1787196704404126401
lidar,1787196704469507543
esp32,1787196704504154762
lidar,1787196704571548344
esp32,1787196704604535836
lidar,1787196704671649065
esp32,1787196704724514164
lidar,1787196704771466873
esp32,1787196704804701986
lidar,1787196704875148445
esp32,1787196704904253837
lidar,1787196704969852777
esp32,1787196705004821706
lidar,1787196705072441707
esp32,1787196705104495264
lidar,1787196705171865937
esp32,1787196705204716843
lidar,1787196705268741501
esp32,1787196705324375945
lidar,1787196705368852801
esp32,1787196705424694474
lidar,1787196705470570892
esp32,1787196705524795598
lidar,1787196705568994215
esp32,1787196705604616534
lidar,1787196705677613865
esp32,1787196705704252059
lidar,1787196705781632605
esp32,1787196705804951191
lidar,1787196705873327007
esp32,1787196705904235935
lidar,1787196705976054034
esp32,1787196706004567665
lidar,1787196706073384415
esp32,1787196706104161419
lidar,1787196706168282107
esp32,1787196706204725164
lidar,1787196706267949988
esp32,1787196706324752842
lidar,1787196706370419360
esp32,1787196706424766616
lidar,1787196706468459173
esp32,1787196706524812190
lidar,1787196706566612836
esp32,1787196706604493445
lidar,1787196706666187561
esp32,1787196706724389637
lidar,1787196706767354982
esp32,1787196706804559486
lidar,1787196706868813245
esp32,1787196706924480343
lidar,1787196706966498463
esp32,1787196707004438924
lidar,1787196707064951408
esp32,1787196707104813130
lidar,1787196707164394044
esp32,1787196707204838049
lidar,1787196707267338831
esp32,1787196707303779789
lidar,1787196707365787158
esp32,1787196707424792668
lidar,1787196707466468723
esp32,1787196707504674529
lidar,1787196707565891709
esp32,1787196707604529562
lidar,1787196707665910524
esp32,1787196707704878673
lidar,1787196707766971378
esp32,1787196707804609310
lidar,1787196707877012771
esp32,1787196707904724279
lidar,1787196707971511453
esp32,1787196708004720288
lidar,1787196708078190042
esp32,1787196708124556324
lidar,1787196708171371633
esp32,1787196708204539603
lidar,1787196708274155135
esp32,1787196708324585100
lidar,1787196708365528751
esp32,1787196708424545624
lidar,1787196708465163832
esp32,1787196708504575611
lidar,1787196708568795231
esp32,1787196708604424022
lidar,1787196708667212924
esp32,1787196708704731786
lidar,1787196708763641305
esp32,1787196708804737385
lidar,1787196708865171859
esp32,1787196708904754579
lidar,1787196708967579145
esp32,1787196709004057628
lidar,1787196709064865153
esp32,1787196709103804223
lidar,1787196709163726147
esp32,1787196709203637280
lidar,1787196709262729525
esp32,1787196709304691706
lidar,1787196709364002775
esp32,1787196709424601361
lidar,1787196709464950607
esp32,1787196709504658237
lidar,1787196709567398602
esp32,1787196709624747440
lidar,1787196709664495806
esp32,1787196709724642362
lidar,1787196709765433925
esp32,1787196709824643122
lidar,1787196709866025748
esp32,1787196709924593373
lidar,1787196709968647950
esp32,1787196710004669233
lidar,1787196710069130728
esp32,1787196710124761898
lidar,1787196710166756617
esp32,1787196710224647063
lidar,1787196710264178945
esp32,1787196710304525964
lidar,1787196710366097535
esp32,1787196710404779466
lidar,1787196710466174355
esp32,1787196710504739019
lidar,1787196710565753598
esp32,1787196710604513257
lidar,1787196710667300484
esp32,1787196710704756574
lidar,1787196710763481304
esp32,1787196710804614694
lidar,1787196710865181369
esp32,1787196710904806671
lidar,1787196710964628328
esp32,1787196711004736370
lidar,1787196711064159786
esp32,1787196711104760441
lidar,1787196711161554303
esp32,1787196711224491448
lidar,1787196711261610827
esp32,1787196711304769816
lidar,1787196711367110867
esp32,1787196711424762395
lidar,1787196711462455666
esp32,1787196711504768320
lidar,1787196711569460648
esp32,1787196711604580088
lidar,1787196711665030989
esp32,1787196711704833484
lidar,1787196711763892714
esp32,1787196711805040984
lidar,1787196711864008542
esp32,1787196711924753357
lidar,1787196711964046111
esp32,1787196712004566401
lidar,1787196712066734550
esp32,1787196712104839592
lidar,1787196712166211771
esp32,1787196712204758190
lidar,1787196712267800859
esp32,1787196712324744181
lidar,1787196712368563896
esp32,1787196712404772142
lidar,1787196712462747600
esp32,1787196712504799626
lidar,1787196712564386524
esp32,1787196712604632637
lidar,1787196712663650904
esp32,1787196712704470419
lidar,1787196712764651028
esp32,1787196712804597239
lidar,1787196712863987929
esp32,1787196712924643787
lidar,1787196712961921188
esp32,1787196713004642284
lidar,1787196713061937197
esp32,1787196713104504420
lidar,1787196713160838274
esp32,1787196713224523821
lidar,1787196713260574473
esp32,1787196713304422555
lidar,1787196713360594163
esp32,1787196713404615270
lidar,1787196713459946556
esp32,1787196713504690941
lidar,1787196713559509865
esp32,1787196713624697125
lidar,1787196713663564202
esp32,1787196713724688909
lidar,1787196713761058528
esp32,1787196713804604709
lidar,1787196713862180489
esp32,1787196713924620361
lidar,1787196713959991074
esp32,1787196714004620303
lidar,1787196714065371227
esp32,1787196714104556579
lidar,1787196714162000512
esp32,1787196714204628851
lidar,1787196714261164180
esp32,1787196714304623305
lidar,1787196714360046017
esp32,1787196714404613493
lidar,1787196714460268609
esp32,1787196714504387114
lidar,1787196714562417155
esp32,1787196714604628868
lidar,1787196714663916131
esp32,1787196714704574283
lidar,1787196714762202246
esp32,1787196714824770008
lidar,1787196714865803958
esp32,1787196714904661542
lidar,1787196714960777583
esp32,1787196715004727230
lidar,1787196715061676525
esp32,1787196715104521363
lidar,1787196715160104919
esp32,1787196715224438877
lidar,1787196715262102708
esp32,1787196715304729665
lidar,1787196715359303043
esp32,1787196715404839200
lidar,1787196715458918488
esp32,1787196715524671007
lidar,1787196715560334030
esp32,1787196715624442351
lidar,1787196715660234731
esp32,1787196715724588130
lidar,1787196715758474239
esp32,1787196715824415991
lidar,1787196715859169108
esp32,1787196715924557894
lidar,1787196715958739537
esp32,1787196716024399077
lidar,1787196716061140516
esp32,1787196716104816787
lidar,1787196716166262583
esp32,1787196716224500057
lidar,1787196716260505544
esp32,1787196716324843106
lidar,1787196716363918658
esp32,1787196716404796882
lidar,1787196716457487172
esp32,1787196716504470047
lidar,1787196716559447895
esp32,1787196716624702519
lidar,1787196716658659373
esp32,1787196716703883962
lidar,1787196716759925155
esp32,1787196716804739818
lidar,1787196716863472770
esp32,1787196716904837728
lidar,1787196716955893663
esp32,1787196717004901618
lidar,1787196717056874010
esp32,1787196717105152729
lidar,1787196717155227601
esp32,1787196717224529218
lidar,1787196717255243201
esp32,1787196717324796046
lidar,1787196717355541947
esp32,1787196717404938855
lidar,1787196717458760937
esp32,1787196717524817772
lidar,1787196717556338377
esp32,1787196717624550008
lidar,1787196717656681613
esp32,1787196717724650821
lidar,1787196717758387449
esp32,1787196717804652719
lidar,1787196717856688591
esp32,1787196717924785432
lidar,1787196717958137752
esp32,1787196718004730302
lidar,1787196718060483842
esp32,1787196718104816727
lidar,1787196718160142848
esp32,1787196718204876035
lidar,1787196718281305122
esp32,1787196718304526589
lidar,1787196718359946328
esp32,1787196718404823726
lidar,1787196718457261054
esp32,1787196718504468433
lidar,1787196718558775253
esp32,1787196718604569479
lidar,1787196718657866970
esp32,1787196718704294343
lidar,1787196718756956368
esp32,1787196718804775116
lidar,1787196718859465122
esp32,1787196718924724691
lidar,1787196718953952575
esp32,1787196719003801569
lidar,1787196719055947602
esp32,1787196719123708330
lidar,1787196719153138448
esp32,1787196719223567799
lidar,1787196719254823992
esp32,1787196719324778319
lidar,1787196719354337684
esp32,1787196719424724968
lidar,1787196719454131820
esp32,1787196719524647289
lidar,1787196719554979894
esp32,1787196719604613064
lidar,1787196719656768746
esp32,1787196719704644357
lidar,1787196719756062418
esp32,1787196719804825073
lidar,1787196719857059430
esp32,1787196719904799071
lidar,1787196719957095596
esp32,1787196720004881589
lidar,1787196720057638013
esp32,1787196720124643412
lidar,1787196720156332147
esp32,1787196720204784661
lidar,1787196720258588834
esp32,1787196720324693781
lidar,1787196720364051450
esp32,1787196720424652011
lidar,1787196720458310773
esp32,1787196720524794443
lidar,1787196720556329943
esp32,1787196720624735537
lidar,1787196720655975938
esp32,1787196720704699412
lidar,1787196720756045037
esp32,1787196720824795327
lidar,1787196720856928374
esp32,1787196720924707109
lidar,1787196720955101768
esp32,1787196721024808778
lidar,1787196721056077199
esp32,1787196721124705031
lidar,1787196721155969694
esp32,1787196721224782893
lidar,1787196721253983155
esp32,1787196721324803344
lidar,1787196721357862593
esp32,1787196721424790473
lidar,1787196721463556372
esp32,1787196721504738517
lidar,1787196721555357829
esp32,1787196721604808567
lidar,1787196721654099039
esp32,1787196721704825939
lidar,1787196721753833100
esp32,1787196721804742559
lidar,1787196721860626844
esp32,1787196721924658877
lidar,1787196721955645125
esp32,1787196722004690722
lidar,1787196722056192426
esp32,1787196722104823477
lidar,1787196722156814935
esp32,1787196722224802027
lidar,1787196722258086164
esp32,1787196722304730021
lidar,1787196722356189871
esp32,1787196722424782460
lidar,1787196722457897916
esp32,1787196722524801967
lidar,1787196722558357923
esp32,1787196722624720160
lidar,1787196722655643693
esp32,1787196722704835777
lidar,1787196722775787246
esp32,1787196722804852265
lidar,1787196722858436529
esp32,1787196722904778329
lidar,1787196722956862633
esp32,1787196723004700452
lidar,1787196723053011982
esp32,1787196723104726633
lidar,1787196723152059422
esp32,1787196723204731971
lidar,1787196723253510465
esp32,1787196723304717738
lidar,1787196723352071741
esp32,1787196723404579356
lidar,1787196723454166147
esp32,1787196723524572243
lidar,1787196723552305427
esp32,1787196723604775317
lidar,1787196723654463721
esp32,1787196723704714129
lidar,1787196723752295252
esp32,1787196723804567849
lidar,1787196723857454168
esp32,1787196723904702556
lidar,1787196723953326632
esp32,1787196724004671392
lidar,1787196724052796462
esp32,1787196724124487173
lidar,1787196724150763877
esp32,1787196724204645282
lidar,1787196724253037926
esp32,1787196724324510007
lidar,1787196724354389917
esp32,1787196724424591558
lidar,1787196724454217454
esp32,1787196724504683961
lidar,1787196724553277166
esp32,1787196724624749385
lidar,1787196724656095970
esp32,1787196724724582184
lidar,1787196724757132404
esp32,1787196724824623966
lidar,1787196724853792384
esp32,1787196724924657627
lidar,1787196724952854377
esp32,1787196725024643497
lidar,1787196725053845057
esp32,1787196725124660150
lidar,1787196725151781293
esp32,1787196725224669418
lidar,1787196725250716103
esp32,1787196725304641235
lidar,1787196725353013494
esp32,1787196725404523921
lidar,1787196725450566836
esp32,1787196725504737045
lidar,1787196725549589979
esp32,1787196725604646962
lidar,1787196725649043333
esp32,1787196725704928566
lidar,1787196725753069262
esp32,1787196725824900032
lidar,1787196725849605188
esp32,1787196725904724387
lidar,1787196725950382193
esp32,1787196726004704997
lidar,1787196726049583508
esp32,1787196726104627388
lidar,1787196726151274371
esp32,1787196726224791965
lidar,1787196726251428837
esp32,1787196726304671736
lidar,1787196726354635497
esp32,1787196726424702408
lidar,1787196726452716756
esp32,1787196726524674544
lidar,1787196726557687118
esp32,1787196726624717528
lidar,1787196726653640558
esp32,1787196726724835126
lidar,1787196726754324840
esp32,1787196726823675547
lidar,1787196726853212864
esp32,1787196726924703087
lidar,1787196726952748860
esp32,1787196727004896731
lidar,1787196727057488085
esp32,1787196727104603826
lidar,1787196727165060903
esp32,1787196727204858753
lidar,1787196727250662622
esp32,1787196727324759227
lidar,1787196727350671791
esp32,1787196727404000175
lidar,1787196727453828866
esp32,1787196727504663438
lidar,1787196727556863502
esp32,1787196727604716382
lidar,1787196727651415065
esp32,1787196727704709472
lidar,1787196727750229024
esp32,1787196727804733784
lidar,1787196727855722646
esp32,1787196727924776070
lidar,1787196727953456961
esp32,1787196728004708204
lidar,1787196728053186895
esp32,1787196728104655057
lidar,1787196728151692839
esp32,1787196728204973004
lidar,1787196728248244309
esp32,1787196728304996157
lidar,1787196728349493695
esp32,1787196728424472813
lidar,1787196728448848977
esp32,1787196728524683683
lidar,1787196728551372757
esp32,1787196728624571999
lidar,1787196728651555176
esp32,1787196728724796084
lidar,1787196728748939099
esp32,1787196728824535308
lidar,1787196728845767556
esp32,1787196728904690209
lidar,1787196728946126036
esp32,1787196729003787408
lidar,1787196729048183865
esp32,1787196729103935689
lidar,1787196729148494306
esp32,1787196729223669187
lidar,1787196729247710997
esp32,1787196729324631535
lidar,1787196729346684624
esp32,1787196729424717423
lidar,1787196729447168003
esp32,1787196729524576738
lidar,1787196729547231790
esp32,1787196729605150635
lidar,1787196729649465376
esp32,1787196729724711460
lidar,1787196729746388789
esp32,1787196729804740105
lidar,1787196729850759660
esp32,1787196729904739233
lidar,1787196729947539679
esp32,1787196730024696362
lidar,1787196730045315669
esp32,1787196730124567107
lidar,1787196730144674575
esp32,1787196730224654225
lidar,1787196730245887611
esp32,1787196730324590275
lidar,1787196730345137015
esp32,1787196730424620982
lidar,1787196730447474198
esp32,1787196730524739447
lidar,1787196730545776362
esp32,1787196730604592893
lidar,1787196730644525918
esp32,1787196730704648868
lidar,1787196730744117664
esp32,1787196730804548501
lidar,1787196730847538164
esp32,1787196730924651726
lidar,1787196730947501638
esp32,1787196731024523719
lidar,1787196731046153857
esp32,1787196731124651219
lidar,1787196731148988406
esp32,1787196731224656141
lidar,1787196731243546187
esp32,1787196731304716442
lidar,1787196731345223942
esp32,1787196731404608352
lidar,1787196731446013009
esp32,1787196731504499791
lidar,1787196731544470384
esp32,1787196731604103159
lidar,1787196731645838129
esp32,1787196731704528952
lidar,1787196731746036601
esp32,1787196731804725451
lidar,1787196731846793615
esp32,1787196731904647906
lidar,1787196731945574713
esp32,1787196732004551246
lidar,1787196732046332218
esp32,1787196732104222384
lidar,1787196732147449174
esp32,1787196732204608922
lidar,1787196732243095366
esp32,1787196732304342435
lidar,1787196732344260330
esp32,1787196732404832263
lidar,1787196732444938778
esp32,1787196732524670273
lidar,1787196732547878233
esp32,1787196732604636184
lidar,1787196732646498682
esp32,1787196732704716223
lidar,1787196732742913908
esp32,1787196732804538962
lidar,1787196732850766953
esp32,1787196732903738352
lidar,1787196732940460793
esp32,1787196733004716843
lidar,1787196733042099681
esp32,1787196733104744823
lidar,1787196733141583511
esp32,1787196733204703897
lidar,1787196733243599354
esp32,1787196733304707119
lidar,1787196733341564597
esp32,1787196733424735757
lidar,1787196733469041486
esp32,1787196733504525865
lidar,1787196733543529581
esp32,1787196733624360468
lidar,1787196733642391376
esp32,1787196733724526247
lidar,1787196733741782016
esp32,1787196733824620721
lidar,1787196733842504233
esp32,1787196733924563402
lidar,1787196733942128971
esp32,1787196734024613296
lidar,1787196734042547901
esp32,1787196734124536687
lidar,1787196734141337838
esp32,1787196734224750295
lidar,1787196734243876880
esp32,1787196734304694513
lidar,1787196734342402232
esp32,1787196734404681707
lidar,1787196734444527135
esp32,1787196734504736562
lidar,1787196734541173355
esp32,1787196734604660558
lidar,1787196734641791068
esp32,1787196734704635973
lidar,1787196734739511528
esp32,1787196734804783083
lidar,1787196734843176458
esp32,1787196734904651390
lidar,1787196734940373694
esp32,1787196735004928779
lidar,1787196735042407278
esp32,1787196735104279668
lidar,1787196735146139295
esp32,1787196735224806898
lidar,1787196735244286125
esp32,1787196735324678629
lidar,1787196735344666167
esp32,1787196735424668181
lidar,1787196735447517864
esp32,1787196735505098020
lidar,1787196735544047879
esp32,1787196735624583041
lidar,1787196735644282809
esp32,1787196735724809087
lidar,1787196735743260630
esp32,1787196735824676457
lidar,1787196735844133419
esp32,1787196735924774307
lidar,1787196735951565174
esp32,1787196736004940846
lidar,1787196736045205907
esp32,1787196736104624124
lidar,1787196736147079084
esp32,1787196736224823219
lidar,1787196736241799976
esp32,1787196736304764761
lidar,1787196736341566485
esp32,1787196736404682282
lidar,1787196736440556900
esp32,1787196736504912882
lidar,1787196736540138803
esp32,1787196736604623102
lidar,1787196736644023616
esp32,1787196736704533269
lidar,1787196736742640832
esp32,1787196736804585366
lidar,1787196736843618243
esp32,1787196736924693164
lidar,1787196736945623090
esp32,1787196737004582857
lidar,1787196737038406727
esp32,1787196737104477785
lidar,1787196737139231220
esp32,1787196737224713748
lidar,1787196737240835670
esp32,1787196737304968651
lidar,1787196737340247519
esp32,1787196737424628060
lidar,1787196737438226486
esp32,1787196737524726944
lidar,1787196737536944106
esp32,1787196737624563228
lidar,1787196737636291895
esp32,1787196737724671639
lidar,1787196737736627344
esp32,1787196737824752840
lidar,1787196737836479135
esp32,1787196737924649456
lidar,1787196737937912491
esp32,1787196738004667823
lidar,1787196738037694261
esp32,1787196738104603399
lidar,1787196738137804376
esp32,1787196738224332770
lidar,1787196738238915858
esp32,1787196738304723770
lidar,1787196738338434149
esp32,1787196738404584154
lidar,1787196738438379961
esp32,1787196738504370880
lidar,1787196738547085337
esp32,1787196738604711312
lidar,1787196738644197786
esp32,1787196738704721010
lidar,1787196738745259893
esp32,1787196738804621209
lidar,1787196738843443790
esp32,1787196738904608428
lidar,1787196738939406960
esp32,1787196739023719216
lidar,1787196739037257969
esp32,1787196739103914404
lidar,1787196739145641097
esp32,1787196739223681863
lidar,1787196739241061389
esp32,1787196739324620451
lidar,1787196739342563430
esp32,1787196739424649147
lidar,1787196739442298189
esp32,1787196739524592294
lidar,1787196739539769527
esp32,1787196739624574081
lidar,1787196739635872619
esp32,1787196739704802027
lidar,1787196739736286015
esp32,1787196739804761969
lidar,1787196739838024236
esp32,1787196739924355895
lidar,1787196739939211344
esp32,1787196740004730586
lidar,1787196740040959637
esp32,1787196740104504052
lidar,1787196740135415246
esp32,1787196740204715868
lidar,1787196740235513391
esp32,1787196740304684830
lidar,1787196740334521212
esp32,1787196740404948204
lidar,1787196740434726215
esp32,1787196740504480903
lidar,1787196740534352776
esp32,1787196740604611906
lidar,1787196740637741330
esp32,1787196740704593827
lidar,1787196740736659911
esp32,1787196740824628199
lidar,1787196740835243113
esp32,1787196740904864327
lidar,1787196740939080198
esp32,1787196741003745071
lidar,1787196741042695304
esp32,1787196741103907008
lidar,1787196741134244757
esp32,1787196741204783329
lidar,1787196741235442068
esp32,1787196741304864175
lidar,1787196741334356050
esp32,1787196741404772314
lidar,1787196741435508637
esp32,1787196741524645091
lidar,1787196741534868800
esp32,1787196741624700432
lidar,1787196741635528030
esp32,1787196741704913760
lidar,1787196741736732794
esp32,1787196741804725465
lidar,1787196741834000202
esp32,1787196741904797030
lidar,1787196741933166784
esp32,1787196742004686929
lidar,1787196742033219373
esp32,1787196742104708848
lidar,1787196742134608108
esp32,1787196742224634271
lidar,1787196742232902755
esp32,1787196742324689161
lidar,1787196742331418576
esp32,1787196742424707986
lidar,1787196742432624557
esp32,1787196742524618842
lidar,1787196742533447338
esp32,1787196742624617039
lidar,1787196742635015345
esp32,1787196742724399102
lidar,1787196742739073399
esp32,1787196742824631102
lidar,1787196742829582888
esp32,1787196742924634062
lidar,1787196742931009663
esp32,1787196743023972152
lidar,1787196743034069235
esp32,1787196743124623159
lidar,1787196743133924601
esp32,1787196743224386326
lidar,1787196743235734880
esp32,1787196743304526877
lidar,1787196743332874449
esp32,1787196743404690340
lidar,1787196743435000064
esp32,1787196743504506830
lidar,1787196743537135852
esp32,1787196743624333363
lidar,1787196743635508836
esp32,1787196743704544364
lidar,1787196743735922255
esp32,1787196743824579469
lidar,1787196743833063159
esp32,1787196743904720735
lidar,1787196743930775955
esp32,1787196744024552064
lidar,1787196744030403827
esp32,1787196744104574694
lidar,1787196744129916565
esp32,1787196744204695803
lidar,1787196744229833273
esp32,1787196744324674623
lidar,1787196744330646557
esp32,1787196744404858611
lidar,1787196744436536414
esp32,1787196744524687982
lidar,1787196744528285091
esp32,1787196744624589698
lidar,1787196744632632337
esp32,1787196744724577063
lidar,1787196744729074730
esp32,1787196744824336304
lidar,1787196744829128854
esp32,1787196744924569969
lidar,1787196744936368783
esp32,1787196745024705734
lidar,1787196745027940328
esp32,1787196745104614006
lidar,1787196745128617848
esp32,1787196745204637942
lidar,1787196745229259341
esp32,1787196745304643230
lidar,1787196745329361340
esp32,1787196745404793878
lidar,1787196745433313469
esp32,1787196745504596281
lidar,1787196745534915776
esp32,1787196745604664221
lidar,1787196745630628085
esp32,1787196745724675808
lidar,1787196745733207965
esp32,1787196745824655771
lidar,1787196745830995776
esp32,1787196745904830477
lidar,1787196745931834978
esp32,1787196746005028213
lidar,1787196746033667865
esp32,1787196746124646993
lidar,1787196746129814038
esp32,1787196746224648415
lidar,1787196746229117335
esp32,1787196746324631345
lidar,1787196746328899972
esp32,1787196746424379954
lidar,1787196746428235306
esp32,1787196746524538778
lidar,1787196746529252374
esp32,1787196746624632899
lidar,1787196746629833636
esp32,1787196746724667677
lidar,1787196746732505461
esp32,1787196746824532306
lidar,1787196746827983887
esp32,1787196746904671522
lidar,1787196746931526364
esp32,1787196747004840924
lidar,1787196747026877708
esp32,1787196747104475036
lidar,1787196747126034234
esp32,1787196747204754421
lidar,1787196747228655354
esp32,1787196747304775765
lidar,1787196747326428136
esp32,1787196747424678145
lidar,1787196747427712626
esp32,1787196747524630895
lidar,1787196747530019632
esp32,1787196747604360923
lidar,1787196747628923347
esp32,1787196747724604824
lidar,1787196747728822513
esp32,1787196747805027982
lidar,1787196747830500849
esp32,1787196747924357793
lidar,1787196747933537893
esp32,1787196748024639444
lidar,1787196748029811860
esp32,1787196748124297440
lidar,1787196748128983490
esp32,1787196748224652733
lidar,1787196748230267723
esp32,1787196748324439478
lidar,1787196748328247636
esp32,1787196748424631883
lidar,1787196748427462707
esp32,1787196748524602994
lidar,1787196748526052451
esp32,1787196748624605773
lidar,1787196748627022642
esp32,1787196748704793137
lidar,1787196748726748980
esp32,1787196748804660488
lidar,1787196748829974119
esp32,1787196748924628127
lidar,1787196748928161189
esp32,1787196749003765110
lidar,1787196749034791033
esp32,1787196749103741179
lidar,1787196749130765973
esp32,1787196749223689561
lidar,1787196749224824446
esp32,1787196749304701415
lidar,1787196749325693171
esp32,1787196749404685859
lidar,1787196749425161885
esp32,1787196749504667115
lidar,1787196749525278210
esp32,1787196749604892217
lidar,1787196749625793898
esp32,1787196749704862915
lidar,1787196749725641379
esp32,1787196749804939881
lidar,1787196749826693426
esp32,1787196749924680685
lidar,1787196749929420415
esp32,1787196750024734030
lidar,1787196750026462581
esp32,1787196750124818558
lidar,1787196750128345151
esp32,1787196750204760130
lidar,1787196750226377817
esp32,1787196750324716571
lidar,1787196750328309652
esp32,1787196750424759485
lidar,1787196750425799419
esp32,1787196750504822168
lidar,1787196750524860070
esp32,1787196750624686292
lidar,1787196750627196538
esp32,1787196750724716660
lidar,1787196750726175755
esp32,1787196750824716887
lidar,1787196750829046785
esp32,1787196750924391097
lidar,1787196750928862525
esp32,1787196751004814323
lidar,1787196751028190050
lidar,1787196751122828343
esp32,1787196751123982214
esp32,1787196751224518341
lidar,1787196751225235742
esp32,1787196751324576111
lidar,1787196751326566852
esp32,1787196751424584884
lidar,1787196751425285171
lidar,1787196751524135637
esp32,1787196751525032823
esp32,1787196751624727986
lidar,1787196751627613136
esp32,1787196751724394118
lidar,1787196751725574599
esp32,1787196751824699094
lidar,1787196751825527881
esp32,1787196751924532324
lidar,1787196751925640979
esp32,1787196752024717850
lidar,1787196752036161729
esp32,1787196752124652064
lidar,1787196752130848148
esp32,1787196752224652582
lidar,1787196752225620463
esp32,1787196752324735045
lidar,1787196752325898519
esp32,1787196752404610825
lidar,1787196752426111365
esp32,1787196752524769206
lidar,1787196752525771129
esp32,1787196752604814174
lidar,1787196752627121695
esp32,1787196752704532131
lidar,1787196752723564952
esp32,1787196752804584074
lidar,1787196752822688552
esp32,1787196752904841131
lidar,1787196752925917640
esp32,1787196753004717975
lidar,1787196753024108511
esp32,1787196753104661634
lidar,1787196753125504075
esp32,1787196753224703890
lidar,1787196753226532476
lidar,1787196753320772620
esp32,1787196753324244857
lidar,1787196753422750786
esp32,1787196753424418045
lidar,1787196753522563751
esp32,1787196753524213948
esp32,1787196753624613742
lidar,1787196753625323760
esp32,1787196753724566441
lidar,1787196753747611145
lidar,1787196753823351340
esp32,1787196753824508540
esp32,1787196753924647960
lidar,1787196753925869993
esp32,1787196754024756158
lidar,1787196754025999098
esp32,1787196754124401740
lidar,1787196754127103970
lidar,1787196754224112703
esp32,1787196754225032658
esp32,1787196754304692131
lidar,1787196754325680503
esp32,1787196754404746589
lidar,1787196754423369654
esp32,1787196754504459099
lidar,1787196754523276908
lidar,1787196754622134867
esp32,1787196754624387836
lidar,1787196754722400289
esp32,1787196754724461175
esp32,1787196754804726939
lidar,1787196754824101863
esp32,1787196754924633443
lidar,1787196754926845312
esp32,1787196755024622833
lidar,1787196755026624754
esp32,1787196755124521278
lidar,1787196755125508146
esp32,1787196755224405200
lidar,1787196755225374401
lidar,1787196755322327442
esp32,1787196755324206634
lidar,1787196755422958114
esp32,1787196755424658288
lidar,1787196755523693707
esp32,1787196755524771708
esp32,1787196755624775460
lidar,1787196755625909221
lidar,1787196755724111266
esp32,1787196755725214221
esp32,1787196755824577429
lidar,1787196755825691529
esp32,1787196755904926295
lidar,1787196755922738544
lidar,1787196756023752440
esp32,1787196756024997607
esp32,1787196756123917019
lidar,1787196756124312256
esp32,1787196756204956139
lidar,1787196756227445555
esp32,1787196756304877886
lidar,1787196756324182427
esp32,1787196756404682993
lidar,1787196756421321810
lidar,1787196756521407627
esp32,1787196756524399923
lidar,1787196756621176809
esp32,1787196756624441166
lidar,1787196756721623349
esp32,1787196756724408230
lidar,1787196756818647825
esp32,1787196756824294794
lidar,1787196756920386970
esp32,1787196756924293177
lidar,1787196757024116760
esp32,1787196757025231238
lidar,1787196757118269653
esp32,1787196757124207300
lidar,1787196757221255624
esp32,1787196757224232840
lidar,1787196757320619516
esp32,1787196757324323359
esp32,1787196757425013858
lidar,1787196757426166004
lidar,1787196757518407428
esp32,1787196757524307079
lidar,1787196757618015356
esp32,1787196757624588982
lidar,1787196757718283574
esp32,1787196757724136064
lidar,1787196757818426294
esp32,1787196757824142743
esp32,1787196757904773608
lidar,1787196757917941245
esp32,1787196758004893233
lidar,1787196758022825958
esp32,1787196758104808533
lidar,1787196758121459725
esp32,1787196758204815543
lidar,1787196758219687488
esp32,1787196758304865308
lidar,1787196758320839990
esp32,1787196758405023029
lidar,1787196758424612187
esp32,1787196758504832478
lidar,1787196758519050019
esp32,1787196758604651623
lidar,1787196758618621781
esp32,1787196758704644856
lidar,1787196758718718235
lidar,1787196758819108721
esp32,1787196758824178419
lidar,1787196758919275744
esp32,1787196758924245111
lidar,1787196759019446884
esp32,1787196759023621561
esp32,1787196759103794157
lidar,1787196759119845937
lidar,1787196759218983745
esp32,1787196759223407147
esp32,1787196759304439532
lidar,1787196759316812272
esp32,1787196759404651546
lidar,1787196759416388620
esp32,1787196759504497575
lidar,1787196759517946036
lidar,1787196759618804675
esp32,1787196759624189272
esp32,1787196759704660890
lidar,1787196759717253346
lidar,1787196759818261205
esp32,1787196759824165928
lidar,1787196759916018874
esp32,1787196759924067526
esp32,1787196760004573666
lidar,1787196760016248987
esp32,1787196760104828073
lidar,1787196760120377123
esp32,1787196760205043181
lidar,1787196760220765534
lidar,1787196760316668040
esp32,1787196760323889906
lidar,1787196760418022183
esp32,1787196760424192139
lidar,1787196760521282693
esp32,1787196760524364478
lidar,1787196760615634873
esp32,1787196760624293973
lidar,1787196760716113652
esp32,1787196760724243607
lidar,1787196760818280755
esp32,1787196760824285835
lidar,1787196760917454466
esp32,1787196760924215037
lidar,1787196761017300038
esp32,1787196761024245105
lidar,1787196761116574947
esp32,1787196761124149648
lidar,1787196761219269538
esp32,1787196761223957045
lidar,1787196761317887649
esp32,1787196761324191458
esp32,1787196761404828403
lidar,1787196761418947829
esp32,1787196761504853246
lidar,1787196761520717889
esp32,1787196761604818174
lidar,1787196761613786571
lidar,1787196761714615149
esp32,1787196761724294280
esp32,1787196761804697950
lidar,1787196761815638885
esp32,1787196761904617123
lidar,1787196761932008842
esp32,1787196762004879913
lidar,1787196762013570590
esp32,1787196762104662311
lidar,1787196762115507622
esp32,1787196762204638430
lidar,1787196762211463827
lidar,1787196762311683379
esp32,1787196762324302123
lidar,1787196762414561715
esp32,1787196762424223029
lidar,1787196762512473352
esp32,1787196762524234586
lidar,1787196762613173243
esp32,1787196762624116801
lidar,1787196762713639199
esp32,1787196762724281803
lidar,1787196762814181113
esp32,1787196762824829520
lidar,1787196762913471589
esp32,1787196762924212924
lidar,1787196763015283521
esp32,1787196763024282154
lidar,1787196763117156895
esp32,1787196763124289144
lidar,1787196763218454611
esp32,1787196763224111846
esp32,1787196763304753168
lidar,1787196763320271222
esp32,1787196763404752357
lidar,1787196763415474657
lidar,1787196763513607067
esp32,1787196763524624567
esp32,1787196763604965904
lidar,1787196763615903557
esp32,1787196763704828688
lidar,1787196763715166733
lidar,1787196763813450828
esp32,1787196763824224449
lidar,1787196763916409325
esp32,1787196763924296214
lidar,1787196764011819020
esp32,1787196764024653626
lidar,1787196764111079396
esp32,1787196764124708061
lidar,1787196764209964157
esp32,1787196764224885305
lidar,1787196764313579923
esp32,1787196764324312920
lidar,1787196764418931776
esp32,1787196764424396290
lidar,1787196764513812840
esp32,1787196764524767346
lidar,1787196764615565339
esp32,1787196764624063126
lidar,1787196764710936718
esp32,1787196764724114970
lidar,1787196764812018050
esp32,1787196764824141554
lidar,1787196764913818500
esp32,1787196764923979139
esp32,1787196765004124509
lidar,1787196765011299145
lidar,1787196765111739092
esp32,1787196765124550099
lidar,1787196765213578954
esp32,1787196765224318228
esp32,1787196765304862098
lidar,1787196765314667538
esp32,1787196765404799802
lidar,1787196765414320794
esp32,1787196765504676359
lidar,1787196765516133448
lidar,1787196765618382945
esp32,1787196765624090149
lidar,1787196765716765011
esp32,1787196765724283786
lidar,1787196765811573189
esp32,1787196765824428818
lidar,1787196765915496817
esp32,1787196765924273863
lidar,1787196766010102309
esp32,1787196766024079677
lidar,1787196766109489720
esp32,1787196766124368593
lidar,1787196766211562438
esp32,1787196766224201393
lidar,1787196766313034374
esp32,1787196766324137222
lidar,1787196766410398913
esp32,1787196766423988952
lidar,1787196766511740357
esp32,1787196766524186031
lidar,1787196766610522756
esp32,1787196766624135481
lidar,1787196766710078341
esp32,1787196766724637088
esp32,1787196766804591678
lidar,1787196766809656624
esp32,1787196766904632125
lidar,1787196766911524522
lidar,1787196767010347918
esp32,1787196767023996437
esp32,1787196767104558860
lidar,1787196767110373935
esp32,1787196767204664886
lidar,1787196767213615527
esp32,1787196767304300694
lidar,1787196767314174645
lidar,1787196767412472769
esp32,1787196767424213795
lidar,1787196767513083031
esp32,1787196767524312372
lidar,1787196767610655470
esp32,1787196767624628766
lidar,1787196767709957840
esp32,1787196767724667359
lidar,1787196767812981938
esp32,1787196767824579152
lidar,1787196767911850494
esp32,1787196767924203821
lidar,1787196768012564785
esp32,1787196768024126536
lidar,1787196768108493904
esp32,1787196768124649046
esp32,1787196768204795322
lidar,1787196768209778633
esp32,1787196768304859314
lidar,1787196768311022665
esp32,1787196768405005523
lidar,1787196768408069049
esp32,1787196768504570853
lidar,1787196768510897943
esp32,1787196768604895411
lidar,1787196768609235134
esp32,1787196768704802564
lidar,1787196768711640312
lidar,1787196768809977005
esp32,1787196768824589217
lidar,1787196768912117637
esp32,1787196768924065501
esp32,1787196769003708682
lidar,1787196769012778184
esp32,1787196769103801099
lidar,1787196769111307563
esp32,1787196769203723703
lidar,1787196769213396307
lidar,1787196769313039593
esp32,1787196769323612698
lidar,1787196769410039465
esp32,1787196769424576705
lidar,1787196769514089830
esp32,1787196769524084779
lidar,1787196769612365771
esp32,1787196769624047081
lidar,1787196769715560523
esp32,1787196769724073652
lidar,1787196769808002930
esp32,1787196769824556935
lidar,1787196769918784755
esp32,1787196769924186065
lidar,1787196770009591462
esp32,1787196770024055970
lidar,1787196770110761562
esp32,1787196770124059551
lidar,1787196770207002473
esp32,1787196770224546022
lidar,1787196770306774356
esp32,1787196770324683085
lidar,1787196770409644761
esp32,1787196770424600335
esp32,1787196770504560353
lidar,1787196770507008645
lidar,1787196770605771672
esp32,1787196770624611239
lidar,1787196770708045524
esp32,1787196770724559006
lidar,1787196770805802209
esp32,1787196770824708699
lidar,1787196770905694325
esp32,1787196770924566206
lidar,1787196771005938564
esp32,1787196771024664309
lidar,1787196771106069718
esp32,1787196771124737422
lidar,1787196771206403443
esp32,1787196771224691515
lidar,1787196771307945477
esp32,1787196771324665932
lidar,1787196771410349569
esp32,1787196771424061987
lidar,1787196771514040329
esp32,1787196771524060992
lidar,1787196771610130479
esp32,1787196771624053697
lidar,1787196771708482425
esp32,1787196771724497116
lidar,1787196771807769339
esp32,1787196771824072901
lidar,1787196771907114175
esp32,1787196771924068069
lidar,1787196772007317969
esp32,1787196772024638329
lidar,1787196772109952047
esp32,1787196772124009346
lidar,1787196772204542243
esp32,1787196772224398122
lidar,1787196772307021683
esp32,1787196772324066926
lidar,1787196772406411950
esp32,1787196772424055391
lidar,1787196772507284058
esp32,1787196772524442709
lidar,1787196772604073834
esp32,1787196772624055186
lidar,1787196772705431082
esp32,1787196772724502620
lidar,1787196772806070833
esp32,1787196772824479559
lidar,1787196772907372325
esp32,1787196772924757790
lidar,1787196773008784250
esp32,1787196773023966290
lidar,1787196773109579884
esp32,1787196773124062318
lidar,1787196773210295847
esp32,1787196773223985397
lidar,1787196773312990062
esp32,1787196773324094699
lidar,1787196773407117199
esp32,1787196773424505247
lidar,1787196773508951117
esp32,1787196773524367871
lidar,1787196773609660425
esp32,1787196773624344364
lidar,1787196773710201855
esp32,1787196773724212286
lidar,1787196773810629804
esp32,1787196773824505294
lidar,1787196773904545673
esp32,1787196773924254145
lidar,1787196774005404605
esp32,1787196774024479543
lidar,1787196774107595922
esp32,1787196774124571193
lidar,1787196774205151430
esp32,1787196774224506408
lidar,1787196774308291034
esp32,1787196774324720206
lidar,1787196774406122071
esp32,1787196774424576870
lidar,1787196774505641272
esp32,1787196774524526933
lidar,1787196774605694309
esp32,1787196774624514351
lidar,1787196774706374725
esp32,1787196774724202191
lidar,1787196774806149845
esp32,1787196774824576392
lidar,1787196774908970330
esp32,1787196774924142480
lidar,1787196775004670059
esp32,1787196775024585322
lidar,1787196775105731741
esp32,1787196775124709344
lidar,1787196775204477392
esp32,1787196775224506366
lidar,1787196775302830247
esp32,1787196775324304632
lidar,1787196775403647264
esp32,1787196775424587019
lidar,1787196775505421360
esp32,1787196775524148642
lidar,1787196775606443384
esp32,1787196775624529625
lidar,1787196775704187152
esp32,1787196775724595479
lidar,1787196775804292577
esp32,1787196775824221151
lidar,1787196775904092789
esp32,1787196775924661756
lidar,1787196776011644406
esp32,1787196776024504273
lidar,1787196776105861898
esp32,1787196776124704034
lidar,1787196776208197970
esp32,1787196776224596374
lidar,1787196776309360815
esp32,1787196776324574134
lidar,1787196776407702942
esp32,1787196776424558115
lidar,1787196776505916414
esp32,1787196776524506555
lidar,1787196776604518571
esp32,1787196776624482609
lidar,1787196776717033396
esp32,1787196776724045165
lidar,1787196776805730668
esp32,1787196776824508763
lidar,1787196776907256402
esp32,1787196776924485175
lidar,1787196777008638703
esp32,1787196777024713773
esp32,1787196777104667334
lidar,1787196777105482540
lidar,1787196777203316168
esp32,1787196777224576964
lidar,1787196777306104218
esp32,1787196777324123029
lidar,1787196777402534866
esp32,1787196777424574871
lidar,1787196777514425187
esp32,1787196777524144636
lidar,1787196777605717363
esp32,1787196777624489744
lidar,1787196777707183750
esp32,1787196777724601069
lidar,1787196777819570983
esp32,1787196777824284320
lidar,1787196777910672849
esp32,1787196777924596830
lidar,1787196778008135139
esp32,1787196778024743874
lidar,1787196778110408317
esp32,1787196778124580461
lidar,1787196778208355767
esp32,1787196778224714491
lidar,1787196778305933706
esp32,1787196778324725170
lidar,1787196778404283132
esp32,1787196778424590479
lidar,1787196778509080676
esp32,1787196778524570459
lidar,1787196778607264486
esp32,1787196778624665632
lidar,1787196778711060313
esp32,1787196778724724172
lidar,1787196778804916406
esp32,1787196778824565756
lidar,1787196778904271601
esp32,1787196778924332842
lidar,1787196779000823747
esp32,1787196779023648492
lidar,1787196779100956029
esp32,1787196779123615239
lidar,1787196779202101536
esp32,1787196779223680020
lidar,1787196779310616976
esp32,1787196779324303264
lidar,1787196779401012508
esp32,1787196779404393105
lidar,1787196779499466183
esp32,1787196779524559347
lidar,1787196779597621193
esp32,1787196779604475265
lidar,1787196779697325506
esp32,1787196779704375771
lidar,1787196779800544823
esp32,1787196779824534530
lidar,1787196779897487007
esp32,1787196779924130886
lidar,1787196779997108921
esp32,1787196780024471503
lidar,1787196780099935280
esp32,1787196780124593986
lidar,1787196780198193228
esp32,1787196780224493941
lidar,1787196780302030514
esp32,1787196780324591046
lidar,1787196780397981585
esp32,1787196780424686915
lidar,1787196780498657929
esp32,1787196780524510822
lidar,1787196780598145884
esp32,1787196780624671436
lidar,1787196780698025268
esp32,1787196780724675959
lidar,1787196780798461215
esp32,1787196780824595059
lidar,1787196780902084615
esp32,1787196780924631125
lidar,1787196780996894851
esp32,1787196781024652835
lidar,1787196781098499878
esp32,1787196781104381874
lidar,1787196781198106841
esp32,1787196781224561449
lidar,1787196781301904757
esp32,1787196781324210978
lidar,1787196781401099924
esp32,1787196781423992884
lidar,1787196781499123923
esp32,1787196781504398762
lidar,1787196781599030165
esp32,1787196781624771253
lidar,1787196781696786006
esp32,1787196781724472245
lidar,1787196781798113088
esp32,1787196781824758589
lidar,1787196781899284515
esp32,1787196781924764494
lidar,1787196782003416707
esp32,1787196782024930114
lidar,1787196782094402957
esp32,1787196782124783771
lidar,1787196782195906471
esp32,1787196782224709253
lidar,1787196782296947921
esp32,1787196782324764130
lidar,1787196782400575356
esp32,1787196782424669849
lidar,1787196782494965208
esp32,1787196782524593037
lidar,1787196782599821505
esp32,1787196782624560874
lidar,1787196782698032778
esp32,1787196782724565890
lidar,1787196782807534543
esp32,1787196782824563069
lidar,1787196782895446302
esp32,1787196782904319577
lidar,1787196782996685950
esp32,1787196783004189350
lidar,1787196783095174407
esp32,1787196783104232493
lidar,1787196783194489225
esp32,1787196783204188517
lidar,1787196783295710687
esp32,1787196783324597789
lidar,1787196783394618559
esp32,1787196783424149599
lidar,1787196783493541660
esp32,1787196783524596138
lidar,1787196783594147520
esp32,1787196783624550877
lidar,1787196783697777415
esp32,1787196783724588450
lidar,1787196783795146769
esp32,1787196783824660606
lidar,1787196783892966577
esp32,1787196783924645656
lidar,1787196783992368964
esp32,1787196784024554999
lidar,1787196784092769314
esp32,1787196784124655287
lidar,1787196784193970502
esp32,1787196784224574298
lidar,1787196784292422310
esp32,1787196784324656997
lidar,1787196784390153410
esp32,1787196784424639683
lidar,1787196784489936541
esp32,1787196784524591268
lidar,1787196784591005427
esp32,1787196784604742691
lidar,1787196784690419443
esp32,1787196784704231862
lidar,1787196784794413525
esp32,1787196784824646009
lidar,1787196784895622938
esp32,1787196784924790196
lidar,1787196784990368190
esp32,1787196785004257492
lidar,1787196785094038887
esp32,1787196785124622704
lidar,1787196785194381530
esp32,1787196785204184974
lidar,1787196785293861441
esp32,1787196785324568206
lidar,1787196785398425346
esp32,1787196785424652173
lidar,1787196785495684958
esp32,1787196785523737000
lidar,1787196785597151691
esp32,1787196785624567396
lidar,1787196785695463275
esp32,1787196785724472439
lidar,1787196785794681020
esp32,1787196785824568947
lidar,1787196785893221406
esp32,1787196785924555512
lidar,1787196785996802613
esp32,1787196786024468052
lidar,1787196786099515651
esp32,1787196786124558866
lidar,1787196786192108374
esp32,1787196786224446053
lidar,1787196786290609818
esp32,1787196786324455867
lidar,1787196786389886392
esp32,1787196786424565154
lidar,1787196786489026304
esp32,1787196786524569081
lidar,1787196786589861629
esp32,1787196786624453897
lidar,1787196786691255066
esp32,1787196786724554001
lidar,1787196786788913789
esp32,1787196786824548736
lidar,1787196786888480158
esp32,1787196786924548383
lidar,1787196786987569756
esp32,1787196787024447466
lidar,1787196787088345187
esp32,1787196787124436344
lidar,1787196787194924756
esp32,1787196787224541946
lidar,1787196787287702584
esp32,1787196787324558497
lidar,1787196787386935236
esp32,1787196787424550421
lidar,1787196787493606022
esp32,1787196787524209120
lidar,1787196787589445237
esp32,1787196787624706079
lidar,1787196787688015461
esp32,1787196787724644215
lidar,1787196787788324624
esp32,1787196787824459307
lidar,1787196787890551837
esp32,1787196787924549868
lidar,1787196787988110635
esp32,1787196788024544830
lidar,1787196788088351062
esp32,1787196788124643889
lidar,1787196788190821878
esp32,1787196788224643390
lidar,1787196788289687144
esp32,1787196788324639755
lidar,1787196788389294081
esp32,1787196788424632291
lidar,1787196788486544484
esp32,1787196788524646954
lidar,1787196788587806856
esp32,1787196788624628586
lidar,1787196788688085428
esp32,1787196788724531960
lidar,1787196788785777323
esp32,1787196788824331092
lidar,1787196788885533438
esp32,1787196788924580627
lidar,1787196788984547917
esp32,1787196789023763654
lidar,1787196789086234093
esp32,1787196789123740780
lidar,1787196789186288335
esp32,1787196789223714268
lidar,1787196789285569823
esp32,1787196789324492174
lidar,1787196789384778884
esp32,1787196789424572708
lidar,1787196789486200596
esp32,1787196789524348916
lidar,1787196789584243110
esp32,1787196789624455851
lidar,1787196789687437492
esp32,1787196789724561374
lidar,1787196789790192952
esp32,1787196789824309401
lidar,1787196789885798677
esp32,1787196789924568175
lidar,1787196789988744920
esp32,1787196790024324023
lidar,1787196790092694631
esp32,1787196790124561149
lidar,1787196790185675040
esp32,1787196790224576347
lidar,1787196790285736986
esp32,1787196790324135639
lidar,1787196790387831130
esp32,1787196790424563480
lidar,1787196790489077703
esp32,1787196790524245687
lidar,1787196790592211021
esp32,1787196790624325610
lidar,1787196790686370582
esp32,1787196790724453838
lidar,1787196790786470412
esp32,1787196790824560418
lidar,1787196790886408738
esp32,1787196790924563959
lidar,1787196790985427730
esp32,1787196791024440501
lidar,1787196791086321814
esp32,1787196791124566971
lidar,1787196791184864221
esp32,1787196791224293167
lidar,1787196791286584217
esp32,1787196791324220878
lidar,1787196791383969964
esp32,1787196791424544134
lidar,1787196791483287092
esp32,1787196791524567307
lidar,1787196791583339540
esp32,1787196791623622411
lidar,1787196791686204073
esp32,1787196791724537655
lidar,1787196791783934191
esp32,1787196791824515862
lidar,1787196791884384739
esp32,1787196791924213653
lidar,1787196791982857542
esp32,1787196792024204900
lidar,1787196792082019713
esp32,1787196792124457794
lidar,1787196792182069231
esp32,1787196792223905315
lidar,1787196792286001936
esp32,1787196792324327597
lidar,1787196792383702607
esp32,1787196792424248807
lidar,1787196792487478493
esp32,1787196792524333518
lidar,1787196792588084649
esp32,1787196792624559116
lidar,1787196792683494325
esp32,1787196792724325797
lidar,1787196792784385349
esp32,1787196792824541047
lidar,1787196792886613648
esp32,1787196792924586881
lidar,1787196792984511331
esp32,1787196793024597404
lidar,1787196793084441197
esp32,1787196793124549243
lidar,1787196793189068257
esp32,1787196793224653671
lidar,1787196793286874088
esp32,1787196793324481324
lidar,1787196793385742004
esp32,1787196793424696017
lidar,1787196793483721230
esp32,1787196793524379895
lidar,1787196793582321999
esp32,1787196793623733977
lidar,1787196793683875103
esp32,1787196793723720297
lidar,1787196793784300536
esp32,1787196793824416867
lidar,1787196793884536700
esp32,1787196793924393479
lidar,1787196793989223178
esp32,1787196794024772808
lidar,1787196794087965441
esp32,1787196794124800177
lidar,1787196794182124720
esp32,1787196794224559164
lidar,1787196794279905022
esp32,1787196794324412943
lidar,1787196794381157091
esp32,1787196794424528318
lidar,1787196794489449720
esp32,1787196794524599626
lidar,1787196794580964214
esp32,1787196794624371749
lidar,1787196794679697724
esp32,1787196794724360785
lidar,1787196794782463380
esp32,1787196794824593153
lidar,1787196794883266739
esp32,1787196794924302545
lidar,1787196794980900603
esp32,1787196795024385797
lidar,1787196795081584855
esp32,1787196795124318265
lidar,1787196795180821812
esp32,1787196795224640294
lidar,1787196795283440265
esp32,1787196795324830939
lidar,1787196795381326748
esp32,1787196795424705299
lidar,1787196795485498024
esp32,1787196795524414386
lidar,1787196795581136696
esp32,1787196795624770197
lidar,1787196795680946324
esp32,1787196795724587268
lidar,1787196795780712175
esp32,1787196795824711680
lidar,1787196795881893170
esp32,1787196795924570870
lidar,1787196795981420427
esp32,1787196796024840180
lidar,1787196796081228184
esp32,1787196796124832190
lidar,1787196796180893665
esp32,1787196796224386349
lidar,1787196796278919346
esp32,1787196796324835696
lidar,1787196796381056380
esp32,1787196796424840062
lidar,1787196796479230764
esp32,1787196796524645700
lidar,1787196796580447396
esp32,1787196796624550268
lidar,1787196796678648843
esp32,1787196796724531004
lidar,1787196796779575767
esp32,1787196796824582145
lidar,1787196796889304954
esp32,1787196796924791232
lidar,1787196796984135265
esp32,1787196797024561840
lidar,1787196797081287103
esp32,1787196797124562176
lidar,1787196797178772888
esp32,1787196797224355844
lidar,1787196797279439792
esp32,1787196797324715908
lidar,1787196797379622322
esp32,1787196797424715175
lidar,1787196797480019177
esp32,1787196797524525736
lidar,1787196797579032850
esp32,1787196797624400940
lidar,1787196797677044781
esp32,1787196797724644940
lidar,1787196797779954739
esp32,1787196797824655040
lidar,1787196797880389123
esp32,1787196797924377868
lidar,1787196797981270964
esp32,1787196798024636430
lidar,1787196798082084199
esp32,1787196798124383510
lidar,1787196798177287666
esp32,1787196798224759392
lidar,1787196798274703855
esp32,1787196798324831695
lidar,1787196798375332484
esp32,1787196798424653009
lidar,1787196798475893583
esp32,1787196798524495975
lidar,1787196798577145952
esp32,1787196798624303468
lidar,1787196798676398879
esp32,1787196798724582550
lidar,1787196798776420245
esp32,1787196798824583679
lidar,1787196798878109384
esp32,1787196798924332562
lidar,1787196798978602319
esp32,1787196799023667717
lidar,1787196799077883216
esp32,1787196799123569922
lidar,1787196799177670764
esp32,1787196799223773982
lidar,1787196799275587223
esp32,1787196799324602020
lidar,1787196799377241369
esp32,1787196799424779859
lidar,1787196799476172634
esp32,1787196799524637859
lidar,1787196799577643019
esp32,1787196799624538840
lidar,1787196799674506745
esp32,1787196799724281575
lidar,1787196799774666339
esp32,1787196799824780135
lidar,1787196799872378909
esp32,1787196799924509813
lidar,1787196799975039520
esp32,1787196800024570098
lidar,1787196800074596250
esp32,1787196800124480686
lidar,1787196800174377945
esp32,1787196800224771118
lidar,1787196800273009245
esp32,1787196800324584894
lidar,1787196800374580271
esp32,1787196800424851871
lidar,1787196800478640402
esp32,1787196800524692491
lidar,1787196800575248618
esp32,1787196800624649992
lidar,1787196800676447079
esp32,1787196800724345963
lidar,1787196800774183041
esp32,1787196800824633620
lidar,1787196800877630289
esp32,1787196800924663106
lidar,1787196800977614021
esp32,1787196801024643624
lidar,1787196801074378142
esp32,1787196801124640671
lidar,1787196801176488522
esp32,1787196801224317732
lidar,1787196801274453863
esp32,1787196801324366826
lidar,1787196801380298890
esp32,1787196801424654862
lidar,1787196801476416045
esp32,1787196801524654649
lidar,1787196801573310851
esp32,1787196801624666513
lidar,1787196801674884834
esp32,1787196801724351537
lidar,1787196801774746461
esp32,1787196801824573699
lidar,1787196801873694808
esp32,1787196801924327645
lidar,1787196801977934047
esp32,1787196802024545872
lidar,1787196802078059188
esp32,1787196802124551668
lidar,1787196802176592506
esp32,1787196802224650802
lidar,1787196802280310161
esp32,1787196802324365494
lidar,1787196802373104524
esp32,1787196802424504521
lidar,1787196802479147214
esp32,1787196802524640848
lidar,1787196802573411072
esp32,1787196802624683157
lidar,1787196802674421736
esp32,1787196802724647112
lidar,1787196802775399098
esp32,1787196802824640788
lidar,1787196802873539863
esp32,1787196802924544119
lidar,1787196802973883427
esp32,1787196803024513733
lidar,1787196803075882755
esp32,1787196803124536033
lidar,1787196803173211398
esp32,1787196803224577339
lidar,1787196803271902670
esp32,1787196803324342360
lidar,1787196803371975140
esp32,1787196803424536564
lidar,1787196803473466315
esp32,1787196803524388381
lidar,1787196803570721222
esp32,1787196803624288640
lidar,1787196803669833603
esp32,1787196803724641932
lidar,1787196803770664905
esp32,1787196803824639561
lidar,1787196803872575300
esp32,1787196803924635016
lidar,1787196803971273036
esp32,1787196804024608326
lidar,1787196804069991118
esp32,1787196804124619226
lidar,1787196804167935955
esp32,1787196804224636176
lidar,1787196804267596923
esp32,1787196804324727064
lidar,1787196804368378840
esp32,1787196804424625387
lidar,1787196804470264832
esp32,1787196804524636189
lidar,1787196804568983233
esp32,1787196804624356227
lidar,1787196804669994038
esp32,1787196804724390016
lidar,1787196804768308129
esp32,1787196804824272724
lidar,1787196804867955577
esp32,1787196804924662612
lidar,1787196804968364563
esp32,1787196805024394965
lidar,1787196805068394674
esp32,1787196805124632044
lidar,1787196805167974245
esp32,1787196805224671367
lidar,1787196805271996010
esp32,1787196805324466238
lidar,1787196805367027171
esp32,1787196805424582007
lidar,1787196805467872825
esp32,1787196805524573399
lidar,1787196805566864914
esp32,1787196805624676579
lidar,1787196805665436844
esp32,1787196805724574402
lidar,1787196805767632900
esp32,1787196805824548986
lidar,1787196805867328494
esp32,1787196805924405838
lidar,1787196805966396728
esp32,1787196806024716353
lidar,1787196806068599818
esp32,1787196806124543029
lidar,1787196806169665420
esp32,1787196806224617651
lidar,1787196806270417538
esp32,1787196806324620842
lidar,1787196806373318356
esp32,1787196806424620705
lidar,1787196806467252753
esp32,1787196806524647134
lidar,1787196806567604794
esp32,1787196806624546129
lidar,1787196806670466282
esp32,1787196806724529484
lidar,1787196806770806117
esp32,1787196806824620029
lidar,1787196806872865483
esp32,1787196806924574473
lidar,1787196806970672772
esp32,1787196807024255447
lidar,1787196807069951090
esp32,1787196807124579652
lidar,1787196807173066265
esp32,1787196807224688376
lidar,1787196807267163908
esp32,1787196807324610763
lidar,1787196807368260569
esp32,1787196807424683026
lidar,1787196807467983975
esp32,1787196807524400226
lidar,1787196807569058444
esp32,1787196807624819350
lidar,1787196807666737406
esp32,1787196807724747294
lidar,1787196807766350468
esp32,1787196807823717033
lidar,1787196807866571419
esp32,1787196807924591867
lidar,1787196807966620079
esp32,1787196808024662459
lidar,1787196808067659084
esp32,1787196808124775371
lidar,1787196808166758981
esp32,1787196808224801719
lidar,1787196808267539304
esp32,1787196808324632045
lidar,1787196808365738400
esp32,1787196808424535281
lidar,1787196808466001990
esp32,1787196808524384463
lidar,1787196808566992605
esp32,1787196808624726374
lidar,1787196808668982761
esp32,1787196808724651892
lidar,1787196808767650494
esp32,1787196808824683779
lidar,1787196808869261456
esp32,1787196808924470476
lidar,1787196808965706470
esp32,1787196809023566026
lidar,1787196809067111368
esp32,1787196809123677590
lidar,1787196809165087158
esp32,1787196809223550407
lidar,1787196809265885772
esp32,1787196809324707346
lidar,1787196809364842307
esp32,1787196809424675315
lidar,1787196809464785452
esp32,1787196809524626606
lidar,1787196809564571395
esp32,1787196809624425323
lidar,1787196809665775059
esp32,1787196809724393422
lidar,1787196809764763840
esp32,1787196809823581149
lidar,1787196809889220820
esp32,1787196809924590619
lidar,1787196809962401134
esp32,1787196810024565396
lidar,1787196810063289096
esp32,1787196810124502229
lidar,1787196810164026211
esp32,1787196810224466586
lidar,1787196810278023477
esp32,1787196810324470756
lidar,1787196810366581426
esp32,1787196810424688200
lidar,1787196810470002505
esp32,1787196810524497619
lidar,1787196810567894958
esp32,1787196810624501793
lidar,1787196810661723679
esp32,1787196810724414625
lidar,1787196810763032525
esp32,1787196810824852908
lidar,1787196810864738068
esp32,1787196810924771089
lidar,1787196810962406888
esp32,1787196811024410093
lidar,1787196811062714922
esp32,1787196811124537399
lidar,1787196811162744653
esp32,1787196811224205705
lidar,1787196811264761712
esp32,1787196811324270607
lidar,1787196811362612887
esp32,1787196811424247927
lidar,1787196811469391219
esp32,1787196811524366905
lidar,1787196811563435148
esp32,1787196811624377441
lidar,1787196811661051358
esp32,1787196811724627795
lidar,1787196811761426842
esp32,1787196811824738394
lidar,1787196811862772136
esp32,1787196811924631375
lidar,1787196811961117644
esp32,1787196812024820445
lidar,1787196812060955449
esp32,1787196812124657728
lidar,1787196812164000346
esp32,1787196812224694520
lidar,1787196812262266333
esp32,1787196812324770691
lidar,1787196812359878528
esp32,1787196812424702829
lidar,1787196812460890619
esp32,1787196812524701592
lidar,1787196812560685508
esp32,1787196812624659008
lidar,1787196812662798752
esp32,1787196812724392553
lidar,1787196812764679388
esp32,1787196812824636909
lidar,1787196812866395689
esp32,1787196812924551465
lidar,1787196812964661755
esp32,1787196813024640674
lidar,1787196813063601443
esp32,1787196813124281472
lidar,1787196813166248979
esp32,1787196813224470738
lidar,1787196813264117199
esp32,1787196813324370696
lidar,1787196813363482828
esp32,1787196813424364131
lidar,1787196813465320369
esp32,1787196813524310969
lidar,1787196813562038075
esp32,1787196813624335272
lidar,1787196813661658902
esp32,1787196813724609568
lidar,1787196813767773161
esp32,1787196813824384977
lidar,1787196813872333381
esp32,1787196813924627717
lidar,1787196813959992735
esp32,1787196814024590239
lidar,1787196814059963272
esp32,1787196814124409853
lidar,1787196814159205333
esp32,1787196814224368210
lidar,1787196814261680505
esp32,1787196814324789089
lidar,1787196814359899314
esp32,1787196814424621825
lidar,1787196814461710941
esp32,1787196814524374270
lidar,1787196814566544634
esp32,1787196814624703495
lidar,1787196814660233072
esp32,1787196814724802661
lidar,1787196814760905693
esp32,1787196814824192561
lidar,1787196814868036292
esp32,1787196814924651790
lidar,1787196814965906647
esp32,1787196815024244069
lidar,1787196815060773280
esp32,1787196815124584766
lidar,1787196815160030166
esp32,1787196815224690691
lidar,1787196815261671503
esp32,1787196815324576099
lidar,1787196815360446445
esp32,1787196815424602897
lidar,1787196815461535610
esp32,1787196815524651770
lidar,1787196815561174147
esp32,1787196815624678683
lidar,1787196815661631283
esp32,1787196815724840277
lidar,1787196815764626296
esp32,1787196815824712162
lidar,1787196815865354850
esp32,1787196815923989648
lidar,1787196815962417429
esp32,1787196816024627849
lidar,1787196816060635780
esp32,1787196816124151703
lidar,1787196816159996698
esp32,1787196816224767789
lidar,1787196816261342854
esp32,1787196816324469459
lidar,1787196816361692282
esp32,1787196816424531745
lidar,1787196816460853498
esp32,1787196816524590698
lidar,1787196816558623521
esp32,1787196816624721268
lidar,1787196816658391704
esp32,1787196816724591503
lidar,1787196816761208059
esp32,1787196816824789833
lidar,1787196816861024317
esp32,1787196816924528808
lidar,1787196816959106721
esp32,1787196817024937027
lidar,1787196817062752050
esp32,1787196817124573801
lidar,1787196817158738362
esp32,1787196817223672468
lidar,1787196817258703591
esp32,1787196817324802525
lidar,1787196817358767790
esp32,1787196817424558011
lidar,1787196817460009839
esp32,1787196817524691956
lidar,1787196817560868268
esp32,1787196817624528961
lidar,1787196817659305308
esp32,1787196817724709794
lidar,1787196817759252917
esp32,1787196817824695175
lidar,1787196817859853589
esp32,1787196817924707567
lidar,1787196817958731104
esp32,1787196818024458066
lidar,1787196818061144239
esp32,1787196818124825996
lidar,1787196818170014081
esp32,1787196818224205801
lidar,1787196818266210746
esp32,1787196818324561354
lidar,1787196818360116030
esp32,1787196818424599425
lidar,1787196818457377662
esp32,1787196818524345531
lidar,1787196818558275711
esp32,1787196818624599264
lidar,1787196818661849505
esp32,1787196818724383296
lidar,1787196818763645659
esp32,1787196818824385338
lidar,1787196818856903226
esp32,1787196818924357935
lidar,1787196818956674524
esp32,1787196819023553875
lidar,1787196819058208944
esp32,1787196819123643405
lidar,1787196819155468367
esp32,1787196819223560712
lidar,1787196819257401656
esp32,1787196819324517254
lidar,1787196819358056319
esp32,1787196819424660190
lidar,1787196819456604062
esp32,1787196819524803099
lidar,1787196819557057163
esp32,1787196819624650981
lidar,1787196819657464157
esp32,1787196819724564504
lidar,1787196819758790694
esp32,1787196819824677725
lidar,1787196819867082006
esp32,1787196819924398752
lidar,1787196819959790733
esp32,1787196820024618186
lidar,1787196820077580378
esp32,1787196820124569604
lidar,1787196820166357151
esp32,1787196820224330567
lidar,1787196820257900198
esp32,1787196820324655981
lidar,1787196820358018144
esp32,1787196820424652262
lidar,1787196820460520820
esp32,1787196820524584027
lidar,1787196820557946788
esp32,1787196820624774762
lidar,1787196820656480996
esp32,1787196820724567682
lidar,1787196820756414026
esp32,1787196820824311537
lidar,1787196820859131491
esp32,1787196820924550933
lidar,1787196820958347478
esp32,1787196821024545798
lidar,1787196821055674976
esp32,1787196821124573704
lidar,1787196821156817658
esp32,1787196821224257906
lidar,1787196821254567510
esp32,1787196821324336397
lidar,1787196821355359824
esp32,1787196821424513892
lidar,1787196821456500376
esp32,1787196821524510980
lidar,1787196821555578676
esp32,1787196821624605041
lidar,1787196821657117437
esp32,1787196821724625382
lidar,1787196821756190284
esp32,1787196821824323909
lidar,1787196821856408560
esp32,1787196821924605778
lidar,1787196821960897946
esp32,1787196822024610750
lidar,1787196822058966459
esp32,1787196822124544733
lidar,1787196822159638726
esp32,1787196822224384637
lidar,1787196822258519920
esp32,1787196822324676072
lidar,1787196822356185618
esp32,1787196822424380492
lidar,1787196822454419106
esp32,1787196822524577295
lidar,1787196822558672706
esp32,1787196822624558201
lidar,1787196822654801883
esp32,1787196822724328717
lidar,1787196822756717790
esp32,1787196822824638546
lidar,1787196822860409663
esp32,1787196822924309848
lidar,1787196822953809161
esp32,1787196823024579590
lidar,1787196823055215629
esp32,1787196823124581923
lidar,1787196823154310698
esp32,1787196823224677751
lidar,1787196823254615093
esp32,1787196823324574917
lidar,1787196823357154710
esp32,1787196823424557691
lidar,1787196823460190777
esp32,1787196823524587654
lidar,1787196823554133670
esp32,1787196823624615003
lidar,1787196823654557575
esp32,1787196823724311236
lidar,1787196823754177429
esp32,1787196823824559715
lidar,1787196823854292511
esp32,1787196823924436943
lidar,1787196823955623163
esp32,1787196824023800315
lidar,1787196824054972035
esp32,1787196824124746884
lidar,1787196824156803312
esp32,1787196824224729664
lidar,1787196824253457759
esp32,1787196824324739659
lidar,1787196824353034418
esp32,1787196824424452659
lidar,1787196824453862721
esp32,1787196824524331073
lidar,1787196824553870876
esp32,1787196824624501506
lidar,1787196824657639439
esp32,1787196824724730087
lidar,1787196824756387076
esp32,1787196824824777389
lidar,1787196824852423189
esp32,1787196824924657036
lidar,1787196824951618717
esp32,1787196825024615642
lidar,1787196825053087468
esp32,1787196825124674091
lidar,1787196825155528376
esp32,1787196825224784316
lidar,1787196825255534727
esp32,1787196825324607699
lidar,1787196825358413063
esp32,1787196825424679152
lidar,1787196825454253923
esp32,1787196825524508759
lidar,1787196825553129052
esp32,1787196825624593011
lidar,1787196825653549127
esp32,1787196825724296049
lidar,1787196825754144210
esp32,1787196825824335399
lidar,1787196825857639746
esp32,1787196825924503476
lidar,1787196825956146194
esp32,1787196826024500586
lidar,1787196826057312288
esp32,1787196826124587459
lidar,1787196826158477855
esp32,1787196826224336035
lidar,1787196826254978019
esp32,1787196826324579032
lidar,1787196826356873739
esp32,1787196826424316878
lidar,1787196826451236180
esp32,1787196826524325310
lidar,1787196826551142275
esp32,1787196826624525413
lidar,1787196826654627975
esp32,1787196826724543100
lidar,1787196826751962989
esp32,1787196826824331689
lidar,1787196826858140340
esp32,1787196826924449900
lidar,1787196826962736923
esp32,1787196827024494395
lidar,1787196827049252500
esp32,1787196827124625698
lidar,1787196827150854574
esp32,1787196827224426698
lidar,1787196827250673394
esp32,1787196827324666705
lidar,1787196827350524932
esp32,1787196827424560705
lidar,1787196827455547679
esp32,1787196827524485129
lidar,1787196827549740543
esp32,1787196827624494814
lidar,1787196827649862573
esp32,1787196827724337879
lidar,1787196827752025388
esp32,1787196827824684811
lidar,1787196827851397612
esp32,1787196827924418919
lidar,1787196827954085579
esp32,1787196828024291071
lidar,1787196828052423903
esp32,1787196828124621175
lidar,1787196828152240098
esp32,1787196828224552795
lidar,1787196828250339852
esp32,1787196828324335473
lidar,1787196828352532669
esp32,1787196828424383806
lidar,1787196828451781279
esp32,1787196828524348175
lidar,1787196828554722225
esp32,1787196828624563620
lidar,1787196828651354095
esp32,1787196828724644454
lidar,1787196828748482895
esp32,1787196828824603631
lidar,1787196828851486011
esp32,1787196828924392780
lidar,1787196828947433228
esp32,1787196829023632227
lidar,1787196829047511460
esp32,1787196829123593802
lidar,1787196829151960417
esp32,1787196829223730915
lidar,1787196829249493487
esp32,1787196829324465624
lidar,1787196829349079086
esp32,1787196829424406760
lidar,1787196829452863790
esp32,1787196829524211615
lidar,1787196829544424464
esp32,1787196829624311044
lidar,1787196829646945571
esp32,1787196829723920914
lidar,1787196829747484512
esp32,1787196829824497720
lidar,1787196829848663106
esp32,1787196829924354710
lidar,1787196829944538772
esp32,1787196830024333229
lidar,1787196830046326174
esp32,1787196830124599056
lidar,1787196830148081034
esp32,1787196830224575183
lidar,1787196830273687934
esp32,1787196830324330449
lidar,1787196830348407050
esp32,1787196830424629584
lidar,1787196830446278093
esp32,1787196830524480148
lidar,1787196830552060673
esp32,1787196830624333869
lidar,1787196830646805237
esp32,1787196830724327011
lidar,1787196830749817813
esp32,1787196830824579145
lidar,1787196830849651526
esp32,1787196830924597031
lidar,1787196830952925697
esp32,1787196831024624572
lidar,1787196831052716949
esp32,1787196831124684556
lidar,1787196831143766335
esp32,1787196831224544945
lidar,1787196831245307613
esp32,1787196831324586099
lidar,1787196831346562138
esp32,1787196831424702280
lidar,1787196831446040071
esp32,1787196831524709282
lidar,1787196831546428497
esp32,1787196831624712100
lidar,1787196831648361210
esp32,1787196831724658339
lidar,1787196831743800228
esp32,1787196831824428418
lidar,1787196831843702791
esp32,1787196831924706070
lidar,1787196831943136839
esp32,1787196832024513850
lidar,1787196832043888896
esp32,1787196832123685425
lidar,1787196832144361772
esp32,1787196832224706066
lidar,1787196832244492674
esp32,1787196832324616497
lidar,1787196832346708612
esp32,1787196832424376628
lidar,1787196832444257085
esp32,1787196832524579756
lidar,1787196832545336687
esp32,1787196832624566433
lidar,1787196832644788148
esp32,1787196832724383543
lidar,1787196832742729599
esp32,1787196832824583206
lidar,1787196832845719379
esp32,1787196832924584485
lidar,1787196832943711714
esp32,1787196833024624376
lidar,1787196833041666714
esp32,1787196833124528335
lidar,1787196833142934603
esp32,1787196833224641748
lidar,1787196833240788835
esp32,1787196833324517244
lidar,1787196833343246723
esp32,1787196833424620590
lidar,1787196833440320046
esp32,1787196833524564796
lidar,1787196833541719541
esp32,1787196833624594233
lidar,1787196833643204233
esp32,1787196833724606701
lidar,1787196833740456362
esp32,1787196833824507060
lidar,1787196833842611103
esp32,1787196833924633017
lidar,1787196833941590116
esp32,1787196834024440121
lidar,1787196834042225069
esp32,1787196834124621525
lidar,1787196834141789785
esp32,1787196834224657857
lidar,1787196834244410732
esp32,1787196834324644703
lidar,1787196834343322644
esp32,1787196834424524499
lidar,1787196834443659797
esp32,1787196834524565239
lidar,1787196834548416643
esp32,1787196834624251292
lidar,1787196834642341986
esp32,1787196834724409070
lidar,1787196834742776882
esp32,1787196834824577768
lidar,1787196834841465337
esp32,1787196834924628325
lidar,1787196834942221132
esp32,1787196835024600917
lidar,1787196835045162625
esp32,1787196835124614443
lidar,1787196835148700261
esp32,1787196835224614490
lidar,1787196835241696709
lidar,1787196835340446487
esp32,1787196835344559580
esp32,1787196835424382508
lidar,1787196835441030297
esp32,1787196835524545808
lidar,1787196835540762745
esp32,1787196835624599306
lidar,1787196835638331686
esp32,1787196835724521984
lidar,1787196835740060328
esp32,1787196835824621668
lidar,1787196835840117804
esp32,1787196835924621890
lidar,1787196835941539281
esp32,1787196836024643430
lidar,1787196836043071230
esp32,1787196836124597037
lidar,1787196836139998522
esp32,1787196836224556601
lidar,1787196836239495108
esp32,1787196836324653056
lidar,1787196836341294935
esp32,1787196836424642234
lidar,1787196836441786528
esp32,1787196836524621554
lidar,1787196836540325001
esp32,1787196836624654410
lidar,1787196836642579963
esp32,1787196836724562254
lidar,1787196836741676000
esp32,1787196836824739026
lidar,1787196836841781163
esp32,1787196836924639489
lidar,1787196836941555847
esp32,1787196837024635923
lidar,1787196837039579663
esp32,1787196837124577711
lidar,1787196837140285581
esp32,1787196837224532468
lidar,1787196837238609992
esp32,1787196837324656303
lidar,1787196837340561668
esp32,1787196837424677341
lidar,1787196837439332510
esp32,1787196837524692197
lidar,1787196837538117449
esp32,1787196837624659559
lidar,1787196837638003455
esp32,1787196837724654566
lidar,1787196837739328798
esp32,1787196837824636695
lidar,1787196837840416789
esp32,1787196837924321646
lidar,1787196837938313762
esp32,1787196838024638240
lidar,1787196838037695154
esp32,1787196838124574202
lidar,1787196838138149448
esp32,1787196838224478050
lidar,1787196838238298201
esp32,1787196838324230980
lidar,1787196838339520836
esp32,1787196838424498646
lidar,1787196838438552468
esp32,1787196838524489755
lidar,1787196838540042144
esp32,1787196838624616240
lidar,1787196838650465174
esp32,1787196838724482759
lidar,1787196838738698104
esp32,1787196838824776098
lidar,1787196838841661284
esp32,1787196838924459760
lidar,1787196838944952476
esp32,1787196839023708344
lidar,1787196839041512260
esp32,1787196839123654074
lidar,1787196839142131795
esp32,1787196839223541191
lidar,1787196839242509226
esp32,1787196839324625473
lidar,1787196839337960934
esp32,1787196839424619055
lidar,1787196839439240156
esp32,1787196839524556921
lidar,1787196839540695301
esp32,1787196839624790181
lidar,1787196839641244079
esp32,1787196839724791870
lidar,1787196839740779135
esp32,1787196839824776321
lidar,1787196839839230235
esp32,1787196839924703962
lidar,1787196839936956781
esp32,1787196840024287604
lidar,1787196840038443996
esp32,1787196840124727039
lidar,1787196840136742826
esp32,1787196840223710042
lidar,1787196840235972056
esp32,1787196840324653115
lidar,1787196840334119097
esp32,1787196840424764426
lidar,1787196840434163329
esp32,1787196840524392392
lidar,1787196840535714401
esp32,1787196840624769087
lidar,1787196840636136964
esp32,1787196840724682656
lidar,1787196840736838915
esp32,1787196840824885784
lidar,1787196840836789599
esp32,1787196840924514664
lidar,1787196840938199159
esp32,1787196841024801785
lidar,1787196841035548678
esp32,1787196841124942276
lidar,1787196841138866795
esp32,1787196841224532479
lidar,1787196841238484310
esp32,1787196841324550585
lidar,1787196841338791752
esp32,1787196841424400506
lidar,1787196841441285952
esp32,1787196841524617638
lidar,1787196841538433869
esp32,1787196841624451211
lidar,1787196841638058576
esp32,1787196841724407771
lidar,1787196841735572705
esp32,1787196841824503359
lidar,1787196841837485332
esp32,1787196841924620600
lidar,1787196841936080364
esp32,1787196842024495247
lidar,1787196842038908496
esp32,1787196842124405551
lidar,1787196842134544591
esp32,1787196842224432502
lidar,1787196842235005027
esp32,1787196842324629401
lidar,1787196842336106458
esp32,1787196842424719698
lidar,1787196842437042153
esp32,1787196842524322350
lidar,1787196842536034087
esp32,1787196842624416445
lidar,1787196842637064921
esp32,1787196842724671201
lidar,1787196842756757468
esp32,1787196842824739325
lidar,1787196842835176643
esp32,1787196842924606993
lidar,1787196842938339571
esp32,1787196843024625453
lidar,1787196843037824843
esp32,1787196843124680113
lidar,1787196843139609924
esp32,1787196843224541240
lidar,1787196843240351649
esp32,1787196843324623822
lidar,1787196843340696736
esp32,1787196843424542516
lidar,1787196843432844744
esp32,1787196843524521837
lidar,1787196843532989952
esp32,1787196843624632414
lidar,1787196843633420776
esp32,1787196843724382536
lidar,1787196843732156756
esp32,1787196843824405056
lidar,1787196843831224795
esp32,1787196843924509151
lidar,1787196843933049940
esp32,1787196844024714140
lidar,1787196844030643007
esp32,1787196844124648938
lidar,1787196844131824287
esp32,1787196844224286142
lidar,1787196844231708384
esp32,1787196844324475784
lidar,1787196844331411654
esp32,1787196844424609953
lidar,1787196844433082432
esp32,1787196844524299246
lidar,1787196844532368376
esp32,1787196844624627731
lidar,1787196844635200776
esp32,1787196844724761180
lidar,1787196844732469449
esp32,1787196844824355318
lidar,1787196844832407664
esp32,1787196844924420796
lidar,1787196844934603500
esp32,1787196845024638326
lidar,1787196845037695110
esp32,1787196845124405689
lidar,1787196845136800119
esp32,1787196845224529393
lidar,1787196845236670788
esp32,1787196845324738476
lidar,1787196845332290123
esp32,1787196845424386193
lidar,1787196845433187724
esp32,1787196845524540557
lidar,1787196845534028081
esp32,1787196845624513175
lidar,1787196845631994682
esp32,1787196845724764419
lidar,1787196845734990358
esp32,1787196845824753012
lidar,1787196845829541776
esp32,1787196845924622703
lidar,1787196845931073230
esp32,1787196846024850988
lidar,1787196846034043532
esp32,1787196846124387087
lidar,1787196846129211680
esp32,1787196846224775111
lidar,1787196846228598089
esp32,1787196846324607639
lidar,1787196846329611420
esp32,1787196846424521873
lidar,1787196846429633759
esp32,1787196846524615221
lidar,1787196846531422936
esp32,1787196846624629598
lidar,1787196846631281399
esp32,1787196846724553423
lidar,1787196846732171589
esp32,1787196846824675948
lidar,1787196846830373772
esp32,1787196846924622447
lidar,1787196846929964534
esp32,1787196847024635688
lidar,1787196847032182034
esp32,1787196847124600318
lidar,1787196847136763652
esp32,1787196847224692451
lidar,1787196847231535592
esp32,1787196847324572547
lidar,1787196847334875739
esp32,1787196847424571989
lidar,1787196847456693681
esp32,1787196847524547536
lidar,1787196847533018415
esp32,1787196847624623272
lidar,1787196847631257859
esp32,1787196847724605266
lidar,1787196847728149079
esp32,1787196847824743967
lidar,1787196847826665326
esp32,1787196847924783600
lidar,1787196847927304291
esp32,1787196848024381884
lidar,1787196848037847616
esp32,1787196848124843941
lidar,1787196848132274608
esp32,1787196848224450475
lidar,1787196848229538650
esp32,1787196848323601479
lidar,1787196848328889167
esp32,1787196848424488264
lidar,1787196848431144905
esp32,1787196848524491515
lidar,1787196848529098863
esp32,1787196848624551300
lidar,1787196848651421648
esp32,1787196848724735308
lidar,1787196848729506305
esp32,1787196848824395469
lidar,1787196848828999465
esp32,1787196848924499568
lidar,1787196848929876991
esp32,1787196849023687205
lidar,1787196849030207379
esp32,1787196849123790572
lidar,1787196849128593089
esp32,1787196849223705685
lidar,1787196849227200219
esp32,1787196849324539674
lidar,1787196849329974398
esp32,1787196849424631990
lidar,1787196849427811248
esp32,1787196849524598350
lidar,1787196849527523062
esp32,1787196849624697097
lidar,1787196849629783661
esp32,1787196849724580126
lidar,1787196849727343954
esp32,1787196849824697786
lidar,1787196849831080781
esp32,1787196849924541631
lidar,1787196849927754309
esp32,1787196850024585217
lidar,1787196850027257243
esp32,1787196850124706154
lidar,1787196850130245370
esp32,1787196850224516235
lidar,1787196850225993794
esp32,1787196850324435871
lidar,1787196850324900358
esp32,1787196850424653134
lidar,1787196850425463978
lidar,1787196850552266267
esp32,1787196850564602684
esp32,1787196850624816619
lidar,1787196850626950555
esp32,1787196850724796728
lidar,1787196850728388706
esp32,1787196850824775718
lidar,1787196850828657494
esp32,1787196850924681386
lidar,1787196850926604174
esp32,1787196851024614787
lidar,1787196851026408630
esp32,1787196851124746205
lidar,1787196851127213215
esp32,1787196851224647595
lidar,1787196851229522816
esp32,1787196851324467840
lidar,1787196851333263304
esp32,1787196851424813493
lidar,1787196851429805630
esp32,1787196851524638718
lidar,1787196851531227560
esp32,1787196851624604978
lidar,1787196851625539551
esp32,1787196851724762754
lidar,1787196851725785572
esp32,1787196851824658253
lidar,1787196851827344810
lidar,1787196851924392531
esp32,1787196851925148768
esp32,1787196852024628053
lidar,1787196852026781010
esp32,1787196852124563812
lidar,1787196852125255620
lidar,1787196852222937251
esp32,1787196852223968440
lidar,1787196852322573514
esp32,1787196852324353181
lidar,1787196852423491450
esp32,1787196852424599636
esp32,1787196852524617454
lidar,1787196852525211359
lidar,1787196852623320335
esp32,1787196852624777803
lidar,1787196852723327664
esp32,1787196852724535471
esp32,1787196852824582112
lidar,1787196852826744923
esp32,1787196852924742988
lidar,1787196852925410906
lidar,1787196853023344831
esp32,1787196853024543319
esp32,1787196853125031703
lidar,1787196853126072990
esp32,1787196853224807279
lidar,1787196853226651577
esp32,1787196853324511992
lidar,1787196853328401712
lidar,1787196853423642686
esp32,1787196853424629212
esp32,1787196853524652464
lidar,1787196853526338538
lidar,1787196853623792999
esp32,1787196853624813202
esp32,1787196853724581082
lidar,1787196853727504187
esp32,1787196853825024756
lidar,1787196853826073138
esp32,1787196853924464528
lidar,1787196853925478480
lidar,1787196854021433327
esp32,1787196854024310623
lidar,1787196854123967322
esp32,1787196854124866022
esp32,1787196854224696655
lidar,1787196854226422455
lidar,1787196854321184894
esp32,1787196854324377660
esp32,1787196854424593532
lidar,1787196854425397120
lidar,1787196854519820874
esp32,1787196854524282893
lidar,1787196854621136117
esp32,1787196854624359112
lidar,1787196854721884044
esp32,1787196854724671038
lidar,1787196854821492899
esp32,1787196854824139547
lidar,1787196854923227421
esp32,1787196854924494117
lidar,1787196855021605009
esp32,1787196855024577632
lidar,1787196855121915409
esp32,1787196855124239222
lidar,1787196855222498183
esp32,1787196855224517197
esp32,1787196855324701607
lidar,1787196855325793016
esp32,1787196855424714413
lidar,1787196855429741856
esp32,1787196855524659626
lidar,1787196855525843372
esp32,1787196855624632792
lidar,1787196855626715862
esp32,1787196855724744812
lidar,1787196855735997950
esp32,1787196855824767419
lidar,1787196855835901556
esp32,1787196855924715175
lidar,1787196855930650498
esp32,1787196856024496261
lidar,1787196856028913475
lidar,1787196856123779360
esp32,1787196856124663058
lidar,1787196856222701223
esp32,1787196856224528960
esp32,1787196856324660713
lidar,1787196856332825458
esp32,1787196856423762134
lidar,1787196856427350726
esp32,1787196856524797085
lidar,1787196856532356009
lidar,1787196856623957252
esp32,1787196856625053945
lidar,1787196856723114407
esp32,1787196856724701986
lidar,1787196856823003921
esp32,1787196856824703577
lidar,1787196856920300218
esp32,1787196856924208644
lidar,1787196857021112497
esp32,1787196857024311831
lidar,1787196857124275546
esp32,1787196857125267598
lidar,1787196857223838299
esp32,1787196857224866727
esp32,1787196857324797606
lidar,1787196857325817506
esp32,1787196857424651247
lidar,1787196857426009315
esp32,1787196857524666098
lidar,1787196857525933991
esp32,1787196857624493089
lidar,1787196857625515750
lidar,1787196857723495420
esp32,1787196857725006233
esp32,1787196857824645393
lidar,1787196857827424542
esp32,1787196857924642176
lidar,1787196857925339924
esp32,1787196858024772909
lidar,1787196858025836729
esp32,1787196858124708038
lidar,1787196858125837254
esp32,1787196858224668636
lidar,1787196858225733752
lidar,1787196858322061994
esp32,1787196858324323398
lidar,1787196858421296558
esp32,1787196858424308858
lidar,1787196858521632096
esp32,1787196858524428747
lidar,1787196858619724032
esp32,1787196858624310469
lidar,1787196858721635863
esp32,1787196858724408714
lidar,1787196858821511753
esp32,1787196858824500778
esp32,1787196858924477911
lidar,1787196858930650881
lidar,1787196859020833286
esp32,1787196859023635965
lidar,1787196859119006878
esp32,1787196859123662707
lidar,1787196859218127547
esp32,1787196859223490484
lidar,1787196859318984278
esp32,1787196859324315813
lidar,1787196859422294638
esp32,1787196859424296011
lidar,1787196859524639317
esp32,1787196859525594558
esp32,1787196859624681889
lidar,1787196859625775841
lidar,1787196859723378833
esp32,1787196859724803294
lidar,1787196859821812351
esp32,1787196859824375187
esp32,1787196859924488924
lidar,1787196859927279087
lidar,1787196860022180165
esp32,1787196860024320404
lidar,1787196860121414114
esp32,1787196860124364237
lidar,1787196860221196130
esp32,1787196860223630824
lidar,1787196860323767795
esp32,1787196860324841659
lidar,1787196860422321347
esp32,1787196860424253981
esp32,1787196860524560625
lidar,1787196860526489215
esp32,1787196860624765637
lidar,1787196860625927898
lidar,1787196860723273446
esp32,1787196860724649944
lidar,1787196860821350834
esp32,1787196860824290352
lidar,1787196860921809889
esp32,1787196860924428909
lidar,1787196861020300606
esp32,1787196861024294665
lidar,1787196861123815297
esp32,1787196861125002241
lidar,1787196861218696104
esp32,1787196861224376490
lidar,1787196861322203385
esp32,1787196861324311364
lidar,1787196861423155201
esp32,1787196861424734254
lidar,1787196861519834547
esp32,1787196861524302286
lidar,1787196861621839159
esp32,1787196861624407988
lidar,1787196861725915837
esp32,1787196861745030851
lidar,1787196861820053510
esp32,1787196861824269148
lidar,1787196861920249116
esp32,1787196861924278289
lidar,1787196862020841260
esp32,1787196862024350098
lidar,1787196862122193145
esp32,1787196862124396614
lidar,1787196862229123040
esp32,1787196862244757012
lidar,1787196862322931471
esp32,1787196862344915923
lidar,1787196862420366043
esp32,1787196862424305212
esp32,1787196862524566944
lidar,1787196862527000670
lidar,1787196862621388570
esp32,1787196862624367093
lidar,1787196862723663798
esp32,1787196862724763426
lidar,1787196862818067851
esp32,1787196862823678858
esp32,1787196862924639174
lidar,1787196862925578262
esp32,1787196863024662819
lidar,1787196863025959924
lidar,1787196863122326499
esp32,1787196863124318898
lidar,1787196863219568117
esp32,1787196863224321484
lidar,1787196863319907546
esp32,1787196863324295649
lidar,1787196863417570775
esp32,1787196863424311867
lidar,1787196863519610301
esp32,1787196863524261141
lidar,1787196863623492645
esp32,1787196863624228065
lidar,1787196863722303720
esp32,1787196863724332305
lidar,1787196863821662968
esp32,1787196863824372554
lidar,1787196863922308827
esp32,1787196863924383378
lidar,1787196864025946715
esp32,1787196864045088790
lidar,1787196864119962713
esp32,1787196864124209902
lidar,1787196864217799488
esp32,1787196864224230362
lidar,1787196864317183725
esp32,1787196864324263045
lidar,1787196864416856338
esp32,1787196864424234543
lidar,1787196864518194829
esp32,1787196864524109618
lidar,1787196864617178339
esp32,1787196864624116085
lidar,1787196864716469791
esp32,1787196864724224521
lidar,1787196864816207527
esp32,1787196864824282645
lidar,1787196864917825187
esp32,1787196864924330506
lidar,1787196865018531511
esp32,1787196865024206989
lidar,1787196865117945635
esp32,1787196865124293946
lidar,1787196865218071907
esp32,1787196865224321799
lidar,1787196865317874327
esp32,1787196865324287934
lidar,1787196865416312721
esp32,1787196865424256119
lidar,1787196865523463319
esp32,1787196865524670611
lidar,1787196865620010756
esp32,1787196865624335688
lidar,1787196865724581365
esp32,1787196865744895814
lidar,1787196865822834059
esp32,1787196865824639385
lidar,1787196865934822034
esp32,1787196865944835927
lidar,1787196866024628920
esp32,1787196866045135674
lidar,1787196866117556430
esp32,1787196866124123485
lidar,1787196866217485410
esp32,1787196866224257411
lidar,1787196866319838375
esp32,1787196866324396611
lidar,1787196866420170827
esp32,1787196866424213301
lidar,1787196866527199897
esp32,1787196866545262051
lidar,1787196866615213292
esp32,1787196866624239726
esp32,1787196866724720525
lidar,1787196866726018228
lidar,1787196866816805397
esp32,1787196866824196655
lidar,1787196866915240339
esp32,1787196866924194806
lidar,1787196867015298283
esp32,1787196867024761528
lidar,1787196867116295046
esp32,1787196867124205027
lidar,1787196867216737274
esp32,1787196867224195000
lidar,1787196867316859047
esp32,1787196867324222733
lidar,1787196867417649013
esp32,1787196867424120681
lidar,1787196867515782050
esp32,1787196867524117640
lidar,1787196867616617784
esp32,1787196867624181179
lidar,1787196867716911432
esp32,1787196867724258870
lidar,1787196867828371699
esp32,1787196867844901748
lidar,1787196867942314942
esp32,1787196867944585938
lidar,1787196868018432296
esp32,1787196868024160649
lidar,1787196868120521062
esp32,1787196868124123889
lidar,1787196868214784341
esp32,1787196868224065719
lidar,1787196868315074093
esp32,1787196868324501354
lidar,1787196868416746509
esp32,1787196868424146978
lidar,1787196868518438067
esp32,1787196868524150353
lidar,1787196868615651682
esp32,1787196868624066896
lidar,1787196868713552849
esp32,1787196868724116292
lidar,1787196868814629442
esp32,1787196868824624705
lidar,1787196868915856675
esp32,1787196868924102390
lidar,1787196869011990946
esp32,1787196869023640081
lidar,1787196869112234986
esp32,1787196869123772600
lidar,1787196869212665943
esp32,1787196869223677100
lidar,1787196869313010850
esp32,1787196869324233188
lidar,1787196869411809663
esp32,1787196869424652656
lidar,1787196869515074854
esp32,1787196869524166477
lidar,1787196869611485527
esp32,1787196869624305055
lidar,1787196869711308815
esp32,1787196869724328265
lidar,1787196869810722575
esp32,1787196869824684466
lidar,1787196869910203647
esp32,1787196869924242605
lidar,1787196870011977994
esp32,1787196870024316431
lidar,1787196870112337839
esp32,1787196870124653449
lidar,1787196870216080971
esp32,1787196870224306974
lidar,1787196870314183674
esp32,1787196870324375968
lidar,1787196870413716031
esp32,1787196870424120869
lidar,1787196870516342863
esp32,1787196870524352493
lidar,1787196870612312510
esp32,1787196870623747045
lidar,1787196870712141658
esp32,1787196870724708319
lidar,1787196870824092215
esp32,1787196870825005395
lidar,1787196870912848876
esp32,1787196870924842607
lidar,1787196871012279603
esp32,1787196871024811821
lidar,1787196871108939328
esp32,1787196871124423370
lidar,1787196871211867947
esp32,1787196871224556172
lidar,1787196871311332766
esp32,1787196871324397378
lidar,1787196871415096763
esp32,1787196871424520688
lidar,1787196871513012781
esp32,1787196871524173991
lidar,1787196871615193161
esp32,1787196871624726734
lidar,1787196871712539476
esp32,1787196871724190697
lidar,1787196871812996418
esp32,1787196871824223996
lidar,1787196871914725628
esp32,1787196871924182508
lidar,1787196872014665759
esp32,1787196872024221024
lidar,1787196872115674300
esp32,1787196872124269731
lidar,1787196872218496680
esp32,1787196872224282995
lidar,1787196872320868115
esp32,1787196872324050231
lidar,1787196872412016908
esp32,1787196872424666754
lidar,1787196872513098732
esp32,1787196872524340892
lidar,1787196872610369793
esp32,1787196872624242749
lidar,1787196872708082700
esp32,1787196872724720902
lidar,1787196872807758904
esp32,1787196872824273979
lidar,1787196872906475956
esp32,1787196872924554757
lidar,1787196873005539848
esp32,1787196873024162892
lidar,1787196873105255215
esp32,1787196873124561835
lidar,1787196873204928696
esp32,1787196873224495050
lidar,1787196873305441520
esp32,1787196873324563710
lidar,1787196873412985081
esp32,1787196873424165772
lidar,1787196873505219972
esp32,1787196873524415072
lidar,1787196873617925722
esp32,1787196873624233844
lidar,1787196873711075421
esp32,1787196873724718487
lidar,1787196873805665214
esp32,1787196873824287854
lidar,1787196873906463168
esp32,1787196873924230131
lidar,1787196874006238289
esp32,1787196874024554145
lidar,1787196874116547682
esp32,1787196874124317579
lidar,1787196874206952305
esp32,1787196874224696828
lidar,1787196874310287533
esp32,1787196874324201416
lidar,1787196874407226079
esp32,1787196874424635065
lidar,1787196874511997230
esp32,1787196874524314700
lidar,1787196874606233908
esp32,1787196874624118723
lidar,1787196874705675602
esp32,1787196874724809504
lidar,1787196874804762527
esp32,1787196874824611751
lidar,1787196874921564007
esp32,1787196874924376520
lidar,1787196875011373091
esp32,1787196875024277129
lidar,1787196875102205900
esp32,1787196875124793514
lidar,1787196875204071365
esp32,1787196875224656686
lidar,1787196875303783484
esp32,1787196875324644304
lidar,1787196875405377200
esp32,1787196875424558533
lidar,1787196875500400999
esp32,1787196875524662262
lidar,1787196875601111089
esp32,1787196875624643917
lidar,1787196875702097204
esp32,1787196875724572697
lidar,1787196875804912500
esp32,1787196875824569542
lidar,1787196875914107160
esp32,1787196875924488343
lidar,1787196876029324023
esp32,1787196876045106727
lidar,1787196876114950580
esp32,1787196876124225671
lidar,1787196876212832018
esp32,1787196876224305684
lidar,1787196876304512372
esp32,1787196876324592850
lidar,1787196876404494980
esp32,1787196876424602379
lidar,1787196876517776955
esp32,1787196876524235123
lidar,1787196876603144987
esp32,1787196876624170798
lidar,1787196876703575440
esp32,1787196876724377870
lidar,1787196876802449037
esp32,1787196876824545717
lidar,1787196876904430540
esp32,1787196876924325512
lidar,1787196877001627648
esp32,1787196877024381725
lidar,1787196877102579010
esp32,1787196877124162457
lidar,1787196877201374588
esp32,1787196877224240059
lidar,1787196877303197872
esp32,1787196877324181489
lidar,1787196877403312290
esp32,1787196877424092020
lidar,1787196877505443486
esp32,1787196877524139801
lidar,1787196877603773358
esp32,1787196877624164133
lidar,1787196877702481824
esp32,1787196877724554357
lidar,1787196877800597924
esp32,1787196877824328935
lidar,1787196877901645293
esp32,1787196877924391502
lidar,1787196877999025930
esp32,1787196878024163986
lidar,1787196878100147304
esp32,1787196878124176790
lidar,1787196878200216258
esp32,1787196878224183453
lidar,1787196878302427786
esp32,1787196878324212310
lidar,1787196878402734370
esp32,1787196878424509251
lidar,1787196878502190502
esp32,1787196878524564344
lidar,1787196878606596720
esp32,1787196878624399061
lidar,1787196878701083947
esp32,1787196878723992853
lidar,1787196878801014021
esp32,1787196878824541147
lidar,1787196878900778480
esp32,1787196878924508179
lidar,1787196879001349367
esp32,1787196879023703774
lidar,1787196879106404426
esp32,1787196879123777762
lidar,1787196879203402010
esp32,1787196879223673604
lidar,1787196879300521510
esp32,1787196879324660766
lidar,1787196879399703015
esp32,1787196879424666146
lidar,1787196879500496949
esp32,1787196879524655164
lidar,1787196879598693408
esp32,1787196879624499655
lidar,1787196879698650072
esp32,1787196879724333007
lidar,1787196879800697147
esp32,1787196879824585138
lidar,1787196879901199180
esp32,1787196879924074410
lidar,1787196879999611876
esp32,1787196880024535952
lidar,1787196880102236123
esp32,1787196880124129494
lidar,1787196880203407398
esp32,1787196880224526419
lidar,1787196880297443476
esp32,1787196880324083394
lidar,1787196880400707501
esp32,1787196880424135821
lidar,1787196880499214405
esp32,1787196880524179496
lidar,1787196880598927750
esp32,1787196880624144811
lidar,1787196880697699981
esp32,1787196880724250245
lidar,1787196880799799871
esp32,1787196880824601429
lidar,1787196880900328579
esp32,1787196880924564884
lidar,1787196880998056769
esp32,1787196881024262883
lidar,1787196881102267153
esp32,1787196881124671948
lidar,1787196881198933046
esp32,1787196881224718509
lidar,1787196881295989477
esp32,1787196881324734217
lidar,1787196881396367747
esp32,1787196881424647707
lidar,1787196881494998900
esp32,1787196881524471074
lidar,1787196881597715102
esp32,1787196881624406542
lidar,1787196881698876373
esp32,1787196881724481760
lidar,1787196881796251812
esp32,1787196881824724329
lidar,1787196881896640695
esp32,1787196881924640745
lidar,1787196881995651922
esp32,1787196882024560090
lidar,1787196882096796814
esp32,1787196882124592292
lidar,1787196882195689051
esp32,1787196882224643472
lidar,1787196882296283965
esp32,1787196882324663015
lidar,1787196882398059954
esp32,1787196882424585700
lidar,1787196882499031703
esp32,1787196882524408721
lidar,1787196882598527527
esp32,1787196882624286479
lidar,1787196882699927631
esp32,1787196882724279607
lidar,1787196882802549546
esp32,1787196882824796257
lidar,1787196882898229340
esp32,1787196882924290978
lidar,1787196882995521752
esp32,1787196883024118265
lidar,1787196883095121830
esp32,1787196883124153720
lidar,1787196883197112627
esp32,1787196883224115283
lidar,1787196883293842166
esp32,1787196883324245399
lidar,1787196883395583354
esp32,1787196883424695231
lidar,1787196883504934458
esp32,1787196883524186302
lidar,1787196883594990535
esp32,1787196883624220150
lidar,1787196883692405305
esp32,1787196883724733082
lidar,1787196883791722979
esp32,1787196883824452379
lidar,1787196883899301138
esp32,1787196883924612980
lidar,1787196884010951777
esp32,1787196884024637596
lidar,1787196884101672913
esp32,1787196884124722753
lidar,1787196884199536688
esp32,1787196884224349670
lidar,1787196884301460537
esp32,1787196884324127473
lidar,1787196884393365434
esp32,1787196884424289090
lidar,1787196884493905753
esp32,1787196884524487957
lidar,1787196884593867049
esp32,1787196884624542686
lidar,1787196884696479042
esp32,1787196884724418757
lidar,1787196884794380456
esp32,1787196884824352066
lidar,1787196884895756137
esp32,1787196884924579846
lidar,1787196884996529870
esp32,1787196885024521511
lidar,1787196885095673659
esp32,1787196885124329235
lidar,1787196885193358555
esp32,1787196885224517551
lidar,1787196885293629084
esp32,1787196885324279265
lidar,1787196885394430087
esp32,1787196885424537975
lidar,1787196885493922998
esp32,1787196885524537380
lidar,1787196885595980209
esp32,1787196885624531116
lidar,1787196885692764923
esp32,1787196885724527369
lidar,1787196885794407562
esp32,1787196885824362633
lidar,1787196885895337881
esp32,1787196885924438411
lidar,1787196886010660544
esp32,1787196886024437162
lidar,1787196886095554500
esp32,1787196886124511299
lidar,1787196886195488140
esp32,1787196886224496848
lidar,1787196886297222423
esp32,1787196886324233320
lidar,1787196886395609899
esp32,1787196886424496365
lidar,1787196886495320924
esp32,1787196886524342432
lidar,1787196886597728845
esp32,1787196886624247059
lidar,1787196886694634973
esp32,1787196886724511547
lidar,1787196886792672042
esp32,1787196886823633312
lidar,1787196886901093855
esp32,1787196886944882693
lidar,1787196887000968055
esp32,1787196887024700734
lidar,1787196887093605282
esp32,1787196887124587661
lidar,1787196887195139321
esp32,1787196887224258440
lidar,1787196887290465585
esp32,1787196887324179810
lidar,1787196887391991917
esp32,1787196887424544022
lidar,1787196887498635139
esp32,1787196887524544109
lidar,1787196887592348312
esp32,1787196887624535113
lidar,1787196887692665850
esp32,1787196887724616824
lidar,1787196887790648836
esp32,1787196887824593342
lidar,1787196887891514701
esp32,1787196887924391047
lidar,1787196887995287929
esp32,1787196888024473029
lidar,1787196888094393327
esp32,1787196888124563589
lidar,1787196888198759388
esp32,1787196888224136950
lidar,1787196888297692526
esp32,1787196888324236904
lidar,1787196888397210179
esp32,1787196888424359727
lidar,1787196888499672520
esp32,1787196888524687632
lidar,1787196888591949956
esp32,1787196888624581847
lidar,1787196888691350515
esp32,1787196888724611883
lidar,1787196888793161731
esp32,1787196888824580532
lidar,1787196888894837480
esp32,1787196888924594291
lidar,1787196888991536013
esp32,1787196889023707275
lidar,1787196889091200294
esp32,1787196889123883477
lidar,1787196889189532242
esp32,1787196889223620525
lidar,1787196889289176219
esp32,1787196889324208411
lidar,1787196889389966310
esp32,1787196889424365991
lidar,1787196889488733004
esp32,1787196889524486642
lidar,1787196889589391604
esp32,1787196889624667523
lidar,1787196889689669389
esp32,1787196889724616394
lidar,1787196889791740780
esp32,1787196889824505639
lidar,1787196889891049943
esp32,1787196889924182785
lidar,1787196889990464080
esp32,1787196890024627418
lidar,1787196890094510610
esp32,1787196890124617324
lidar,1787196890195492078
esp32,1787196890224478689
lidar,1787196890297535529
esp32,1787196890324620536
lidar,1787196890400322623
esp32,1787196890424457749
lidar,1787196890494048449
esp32,1787196890524592164
lidar,1787196890589734895
esp32,1787196890624520893
lidar,1787196890691561947
esp32,1787196890724597644
lidar,1787196890792379826
esp32,1787196890824704162
lidar,1787196890895526410
esp32,1787196890924435053
lidar,1787196890989882974
esp32,1787196891024539731
lidar,1787196891090224892
esp32,1787196891124514093
lidar,1787196891188687236
esp32,1787196891224529316
lidar,1787196891287775545
esp32,1787196891324767365
lidar,1787196891390236913
esp32,1787196891424585538
lidar,1787196891490821373
esp32,1787196891524463282
lidar,1787196891589283982
esp32,1787196891624735234
lidar,1787196891690450224
esp32,1787196891724577679
lidar,1787196891789934416
esp32,1787196891824583165
lidar,1787196891889671688
esp32,1787196891924720819
lidar,1787196891988698046
esp32,1787196892024619355
lidar,1787196892090144935
esp32,1787196892124611563
lidar,1787196892190739084
esp32,1787196892224211019
lidar,1787196892293936998
esp32,1787196892324673412
lidar,1787196892390799916
esp32,1787196892424531258
lidar,1787196892494018488
esp32,1787196892524496538
lidar,1787196892590407608
esp32,1787196892624531175
lidar,1787196892686358015
esp32,1787196892724684473
lidar,1787196892786074787
esp32,1787196892824330559
lidar,1787196892890670978
esp32,1787196892923645739
lidar,1787196892990452309
esp32,1787196893024359345
lidar,1787196893087000072
esp32,1787196893125023915
lidar,1787196893186396544
esp32,1787196893224582178
lidar,1787196893285656192
esp32,1787196893324602190
lidar,1787196893387634897
esp32,1787196893424669744
lidar,1787196893487458015
esp32,1787196893524563172
lidar,1787196893590125331
esp32,1787196893624590343
lidar,1787196893687234527
esp32,1787196893724587432
lidar,1787196893787086294
esp32,1787196893824518252
lidar,1787196893886462206
esp32,1787196893924715021
lidar,1787196893987101241
esp32,1787196894024608999
lidar,1787196894087390285
esp32,1787196894124736591
lidar,1787196894190504757
esp32,1787196894224698206
lidar,1787196894290234217
esp32,1787196894324584419
lidar,1787196894389599846
esp32,1787196894424718261
lidar,1787196894485851404
esp32,1787196894524531805
lidar,1787196894588758138
esp32,1787196894625016936
lidar,1787196894686563197
esp32,1787196894724577294
lidar,1787196894785300240
esp32,1787196894824680329
lidar,1787196894887308184
esp32,1787196894924454105
lidar,1787196894983767864
esp32,1787196895024638376
lidar,1787196895083115070
esp32,1787196895124528366
lidar,1787196895184912782
esp32,1787196895224595217
lidar,1787196895284052788
esp32,1787196895324679318
lidar,1787196895382345963
esp32,1787196895424541102
lidar,1787196895487114647
esp32,1787196895524483446
lidar,1787196895586609718
esp32,1787196895624774825
lidar,1787196895685458291
esp32,1787196895724534259
lidar,1787196895786440738
esp32,1787196895824542190
lidar,1787196895884246939
esp32,1787196895924589720
lidar,1787196895986110243
esp32,1787196896024390885
lidar,1787196896088364601
esp32,1787196896144841227
lidar,1787196896185425159
esp32,1787196896224521385
lidar,1787196896286625879
esp32,1787196896324585429
lidar,1787196896388058026
esp32,1787196896424614434
lidar,1787196896486530305
esp32,1787196896524256104
lidar,1787196896594501397
esp32,1787196896624052760
lidar,1787196896691439844
esp32,1787196896724663370
lidar,1787196896791727028
esp32,1787196896824497074
lidar,1787196896886536089
esp32,1787196896924303572
lidar,1787196896984414185
esp32,1787196897024403157
lidar,1787196897081615687
esp32,1787196897124515699
lidar,1787196897181933046
esp32,1787196897224531652
lidar,1787196897280169606
esp32,1787196897324398913
lidar,1787196897381034379
esp32,1787196897424573962
lidar,1787196897482313258
esp32,1787196897524939533
lidar,1787196897580742816
esp32,1787196897624527856
lidar,1787196897685433694
esp32,1787196897724577415
lidar,1787196897782624656
esp32,1787196897823861144
lidar,1787196897881896401
esp32,1787196897924374182
lidar,1787196897982376588
esp32,1787196898024626406
lidar,1787196898084556548
esp32,1787196898144980699
lidar,1787196898186387916
esp32,1787196898224563533
lidar,1787196898287382950
esp32,1787196898324437386
lidar,1787196898387785535
esp32,1787196898424523464
lidar,1787196898482375281
esp32,1787196898524278267
lidar,1787196898592221573
esp32,1787196898624544355
lidar,1787196898681981202
esp32,1787196898724665477
lidar,1787196898783884006
esp32,1787196898824594256
lidar,1787196898889410285
esp32,1787196898924576579
lidar,1787196898983631325
esp32,1787196899023695869
lidar,1787196899084262199
esp32,1787196899123613950
lidar,1787196899178966080
esp32,1787196899223602422
lidar,1787196899279149922
esp32,1787196899324859893
lidar,1787196899382702557
esp32,1787196899424581899
lidar,1787196899484050428
esp32,1787196899524353758
lidar,1787196899583519105
esp32,1787196899624790136
lidar,1787196899684763801
esp32,1787196899724657505
lidar,1787196899781294115
esp32,1787196899824758879
lidar,1787196899882141616
esp32,1787196899924376765
lidar,1787196899984630897
esp32,1787196900024312445
lidar,1787196900084162531
esp32,1787196900124726752
lidar,1787196900184283888
esp32,1787196900224553167
lidar,1787196900281183145
esp32,1787196900324700964
lidar,1787196900383718109
esp32,1787196900424632986
lidar,1787196900485586117
esp32,1787196900524558533
lidar,1787196900582030914
esp32,1787196900624643911
esp32,1787196900724622172
lidar,1787196900780483898
esp32,1787196900824703507
lidar,1787196900880760561
esp32,1787196900924553163
lidar,1787196900979865341
esp32,1787196901024440908
lidar,1787196901080868044
esp32,1787196901124638190
lidar,1787196901202284896
esp32,1787196901224717019
lidar,1787196901278752610
esp32,1787196901324767149
lidar,1787196901379157249
esp32,1787196901424684268
lidar,1787196901479058639
esp32,1787196901524736409
lidar,1787196901584313207
esp32,1787196901624850853
lidar,1787196901680477784
esp32,1787196901724914046
lidar,1787196901781284702
esp32,1787196901824827150
lidar,1787196901882844130
esp32,1787196901924833514
lidar,1787196901982441672
esp32,1787196902024566056
lidar,1787196902081500236
esp32,1787196902124763649
lidar,1787196902181958368
esp32,1787196902224735181
lidar,1787196902279574716
esp32,1787196902344943916
lidar,1787196902381143421
esp32,1787196902424626440
lidar,1787196902482007809
esp32,1787196902524341909
lidar,1787196902585919398
esp32,1787196902624689063
lidar,1787196902683881666
lidar,1787196902805365213
esp32,1787196902824861669
esp32,1787196902826001461
lidar,1787196902877809633
esp32,1787196902924524593
lidar,1787196902979123804
esp32,1787196903024744582
lidar,1787196903081708008
esp32,1787196903124627672
lidar,1787196903180369069
esp32,1787196903224597109
lidar,1787196903277556454
esp32,1787196903324573889
lidar,1787196903375555481
esp32,1787196903424705028
lidar,1787196903476655225
esp32,1787196903524512675
lidar,1787196903578594151
esp32,1787196903624376327
lidar,1787196903709213437
esp32,1787196903724153481
lidar,1787196903780702032
esp32,1787196903864603680
lidar,1787196903877988417
esp32,1787196903924632261
lidar,1787196904023976079
esp32,1787196904044380734
lidar,1787196904080327907
esp32,1787196904124548685
lidar,1787196904181724969
esp32,1787196904224572558
lidar,1787196904276479968
esp32,1787196904344845563
lidar,1787196904375549700
esp32,1787196904424625621
lidar,1787196904502065900
esp32,1787196904524479701
lidar,1787196904577660671
esp32,1787196904624772763
lidar,1787196904679364817
esp32,1787196904724597731
lidar,1787196904780637712
esp32,1787196904824599366
lidar,1787196904883192245
esp32,1787196904924867000
lidar,1787196904975106702
esp32,1787196905024988634
lidar,1787196905072418106
esp32,1787196905124827433
lidar,1787196905177245535
esp32,1787196905224506753
lidar,1787196905274058029
esp32,1787196905324721421
lidar,1787196905375177035
esp32,1787196905424519071
lidar,1787196905476528102
esp32,1787196905524557627
lidar,1787196905573695919
esp32,1787196905624464111
lidar,1787196905673946261
esp32,1787196905724577212
lidar,1787196905775895575
esp32,1787196905824478148
lidar,1787196905875345148
esp32,1787196905924325047
lidar,1787196905978005700
esp32,1787196906024518037
lidar,1787196906079477561
esp32,1787196906124463395
lidar,1787196906176807992
esp32,1787196906224664660
lidar,1787196906274865945
esp32,1787196906324179112
lidar,1787196906376460013
esp32,1787196906424468202
lidar,1787196906476487095
esp32,1787196906524549713
lidar,1787196906573154508
esp32,1787196906624542173
lidar,1787196906672433112
esp32,1787196906724636403
lidar,1787196906772327316
esp32,1787196906824630324
lidar,1787196906873485040
esp32,1787196906924344612
lidar,1787196906976534064
esp32,1787196907024528620
lidar,1787196907076396266
esp32,1787196907124466687
lidar,1787196907176931856
esp32,1787196907224427045
lidar,1787196907272175827
esp32,1787196907324675355
lidar,1787196907372527832
esp32,1787196907464918890
lidar,1787196907503070884
esp32,1787196907524213568
lidar,1787196907578191719
esp32,1787196907624556828
lidar,1787196907671182224
esp32,1787196907724604213
lidar,1787196907771224941
esp32,1787196907824632743
lidar,1787196907871197230
esp32,1787196907924560715
lidar,1787196907973873295
esp32,1787196908024814192
lidar,1787196908081098846
esp32,1787196908124650869
lidar,1787196908173092531
esp32,1787196908224973023
lidar,1787196908274048988
esp32,1787196908324620942
lidar,1787196908372103855
esp32,1787196908424771604
lidar,1787196908473502020
esp32,1787196908524688304
lidar,1787196908581563535
esp32,1787196908624656236
lidar,1787196908677958097
esp32,1787196908724669453
lidar,1787196908776462258
esp32,1787196908824653908
lidar,1787196908877279753
esp32,1787196908924610686
lidar,1787196908977386614
esp32,1787196909023766358
lidar,1787196909081355384
esp32,1787196909123606581
lidar,1787196909184151532
esp32,1787196909244191498
lidar,1787196909273662596
esp32,1787196909324383079
lidar,1787196909375134841
esp32,1787196909424563019
lidar,1787196909470546046
esp32,1787196909524422554
lidar,1787196909572059636
esp32,1787196909624623369
lidar,1787196909672928517
esp32,1787196909745096757
lidar,1787196909774412236
esp32,1787196909824635115
lidar,1787196909871744162
esp32,1787196909924822309
lidar,1787196909973615194
esp32,1787196910024538909
lidar,1787196910078544129
esp32,1787196910124595012
lidar,1787196910170827049
esp32,1787196910224559098
lidar,1787196910273598011
esp32,1787196910324250928
lidar,1787196910372640834
esp32,1787196910424558796
lidar,1787196910472820422
esp32,1787196910524780093
lidar,1787196910573293893
esp32,1787196910624593048
lidar,1787196910674106910
esp32,1787196910724611492
lidar,1787196910773691163
esp32,1787196910824533237
lidar,1787196910875966749
esp32,1787196910944774936
lidar,1787196910974564750
esp32,1787196911045109310
lidar,1787196911073101447
esp32,1787196911124301704
lidar,1787196911173173869
esp32,1787196911224439910
lidar,1787196911275574351
esp32,1787196911324562973
lidar,1787196911372720656
esp32,1787196911424491334
lidar,1787196911475800919
esp32,1787196911524860307
lidar,1787196911569625521
esp32,1787196911624518572
lidar,1787196911669659900
esp32,1787196911724591083
lidar,1787196911770993101
esp32,1787196911824611586
lidar,1787196911886619234
esp32,1787196911924556680
lidar,1787196911975376120
esp32,1787196912024355055
lidar,1787196912081718501
esp32,1787196912124649829
lidar,1787196912171899948
esp32,1787196912223797638
lidar,1787196912271235095
esp32,1787196912324514389
lidar,1787196912377048209
esp32,1787196912424407190
lidar,1787196912476083289
esp32,1787196912523905371
lidar,1787196912579296329
esp32,1787196912624784405
lidar,1787196912671655915
esp32,1787196912724637741
lidar,1787196912771407581
esp32,1787196912824723530
lidar,1787196912875938145
esp32,1787196912924662441
lidar,1787196912978076047
esp32,1787196913045308633
lidar,1787196913080225769
esp32,1787196913124596941
lidar,1787196913178274645
esp32,1787196913224563493
lidar,1787196913269629645
esp32,1787196913324523704
lidar,1787196913368405736
esp32,1787196913424383893
lidar,1787196913467463634
esp32,1787196913524621264
lidar,1787196913569131718
esp32,1787196913624649975
lidar,1787196913668878073
esp32,1787196913724660022
lidar,1787196913768109267
esp32,1787196913824470874
lidar,1787196913869076573
esp32,1787196913924438942
lidar,1787196913968103822
esp32,1787196914024855218
lidar,1787196914068121446
esp32,1787196914124967587
lidar,1787196914168816409
esp32,1787196914224724153
lidar,1787196914270958508
esp32,1787196914324746677
lidar,1787196914369372624
esp32,1787196914424817480
lidar,1787196914473080093
esp32,1787196914524307123
lidar,1787196914568860624
esp32,1787196914624783401
lidar,1787196914668333999
esp32,1787196914724755240
lidar,1787196914768828309
esp32,1787196914824883013
lidar,1787196914875069894
esp32,1787196914924852700
lidar,1787196914970139114
esp32,1787196915024672458
lidar,1787196915070254549
esp32,1787196915124720484
lidar,1787196915166794089
esp32,1787196915224399398
lidar,1787196915272326761
esp32,1787196915324646784
lidar,1787196915368356608
esp32,1787196915424868043
lidar,1787196915469508292
esp32,1787196915524300135
lidar,1787196915567387430
esp32,1787196915624928678
lidar,1787196915664817726
esp32,1787196915724594446
lidar,1787196915765052054
esp32,1787196915824951702
lidar,1787196915868630557
esp32,1787196915924850328
lidar,1787196915973519170
esp32,1787196916024843760
lidar,1787196916068258404
esp32,1787196916124830209
lidar,1787196916173970966
esp32,1787196916224570376
lidar,1787196916266436243
esp32,1787196916324724283
lidar,1787196916371528885
esp32,1787196916424695421
lidar,1787196916469251572
esp32,1787196916524502129
lidar,1787196916569518795
esp32,1787196916624361812
lidar,1787196916667622807
esp32,1787196916724579115
lidar,1787196916774678008
esp32,1787196916824697955
lidar,1787196916871460613
esp32,1787196916924576270
lidar,1787196916970627783
esp32,1787196917024714304
lidar,1787196917070773972
esp32,1787196917124777864
lidar,1787196917172554682
esp32,1787196917223987833
lidar,1787196917275149573
esp32,1787196917324808074
lidar,1787196917366786731
esp32,1787196917424272245
lidar,1787196917467688669
esp32,1787196917524324403
lidar,1787196917566460025
esp32,1787196917624600840
lidar,1787196917665353222
esp32,1787196917724580500
lidar,1787196917770868573
esp32,1787196917824567494
lidar,1787196917868203781
esp32,1787196917944969277
lidar,1787196917968735743
esp32,1787196918045056141
lidar,1787196918067614998
esp32,1787196918124742555
lidar,1787196918165146111
esp32,1787196918224713576
lidar,1787196918262897365
esp32,1787196918324687976
lidar,1787196918364107325
esp32,1787196918424551762
lidar,1787196918465117819
esp32,1787196918524679247
lidar,1787196918565488118
esp32,1787196918624496253
lidar,1787196918665234406
esp32,1787196918724582500
lidar,1787196918763587061
esp32,1787196918824602287
lidar,1787196918866344814
esp32,1787196918924462546
lidar,1787196918964944120
esp32,1787196919023561653
lidar,1787196919064473529
esp32,1787196919123687909
lidar,1787196919167165317
esp32,1787196919223589652
lidar,1787196919266669663
esp32,1787196919324700282
lidar,1787196919366532800
esp32,1787196919445026268
lidar,1787196919468378380
esp32,1787196919545134505
lidar,1787196919567706789
esp32,1787196919624242199
lidar,1787196919667850075
esp32,1787196919724762204
lidar,1787196919769339092
esp32,1787196919824505657
lidar,1787196919876391301
esp32,1787196919924460599
lidar,1787196919965501282
esp32,1787196920024653972
lidar,1787196920070097464
esp32,1787196920124608262
lidar,1787196920163271646
esp32,1787196920224407471
lidar,1787196920262202322
esp32,1787196920324567727
lidar,1787196920364656055
esp32,1787196920424900368
lidar,1787196920464116572
esp32,1787196920524671017
lidar,1787196920565283486
esp32,1787196920624861110
lidar,1787196920667893142
esp32,1787196920724506319
lidar,1787196920768543009
esp32,1787196920824457290
lidar,1787196920862737518
esp32,1787196920924448703
lidar,1787196920963300936
esp32,1787196921024525979
lidar,1787196921067476925
esp32,1787196921124489688
lidar,1787196921167251233
esp32,1787196921224635686
lidar,1787196921267693745
esp32,1787196921324676390
lidar,1787196921369062140
esp32,1787196921424457015
lidar,1787196921472557923
esp32,1787196921524490000
lidar,1787196921581583935
esp32,1787196921624261665
lidar,1787196921664695828
esp32,1787196921724506229
lidar,1787196921766472197
esp32,1787196921824674486
lidar,1787196921869535010
esp32,1787196921924513329
lidar,1787196921966460431
esp32,1787196922024581868
lidar,1787196922065659807
esp32,1787196922124816509
lidar,1787196922163914571
esp32,1787196922224507193
lidar,1787196922266013299
esp32,1787196922324693623
lidar,1787196922366552707
esp32,1787196922424365039
lidar,1787196922463784644
esp32,1787196922524591342
lidar,1787196922565821606
esp32,1787196922624536817
lidar,1787196922661500796
esp32,1787196922724500292
lidar,1787196922761234177
esp32,1787196922824574726
lidar,1787196922869922949
esp32,1787196922924507369
lidar,1787196922964751508
esp32,1787196923024685606
lidar,1787196923064379525
esp32,1787196923124487617
lidar,1787196923160918311
esp32,1787196923224775755
lidar,1787196923259927540
esp32,1787196923324715521
lidar,1787196923359854152
esp32,1787196923424343101
lidar,1787196923464407092
esp32,1787196923524608228
lidar,1787196923562313023
esp32,1787196923624374274
lidar,1787196923662718412
esp32,1787196923724267891
lidar,1787196923762597683
esp32,1787196923824585393
lidar,1787196923871803677
esp32,1787196923924466403
lidar,1787196923962585005
esp32,1787196924024297152
lidar,1787196924062354154
esp32,1787196924124528148
lidar,1787196924160975974
esp32,1787196924224797057
lidar,1787196924265903426
esp32,1787196924324715326
lidar,1787196924363842947
esp32,1787196924424334448
lidar,1787196924471327577
esp32,1787196924524858311
lidar,1787196924561870714
esp32,1787196924624378786
lidar,1787196924660605606
esp32,1787196924724599492
lidar,1787196924761992715
esp32,1787196924824529213
lidar,1787196924863518903
esp32,1787196924924341192
lidar,1787196924962625877
esp32,1787196925024358233
lidar,1787196925062211059
esp32,1787196925124537795
lidar,1787196925163679500
esp32,1787196925224771976
lidar,1787196925261823383
esp32,1787196925324425679
lidar,1787196925363588695
esp32,1787196925424245076
lidar,1787196925465149510
esp32,1787196925524197375
lidar,1787196925557020227
esp32,1787196925624476499
lidar,1787196925655862856
esp32,1787196925724723799
lidar,1787196925755742785
esp32,1787196925824595981
lidar,1787196925855371972
esp32,1787196925924453138
lidar,1787196925956524899
esp32,1787196926024340689
lidar,1787196926060919824
esp32,1787196926124551316
lidar,1787196926157063415
esp32,1787196926224529429
lidar,1787196926256663784
esp32,1787196926324539939
lidar,1787196926356998305
esp32,1787196926424638096
lidar,1787196926457414859
esp32,1787196926524449925
lidar,1787196926556951158
lidar,1787196926656802156
esp32,1787196926664434030
esp32,1787196926724595965
lidar,1787196926758292463
esp32,1787196926824594932
lidar,1787196926858432662
esp32,1787196926944985273
lidar,1787196926958041798
esp32,1787196927024552302
lidar,1787196927060464114
esp32,1787196927124735049
lidar,1787196927158230084
esp32,1787196927224406492
lidar,1787196927255799558
esp32,1787196927323706783
lidar,1787196927357012312
esp32,1787196927424434570
lidar,1787196927456181187
esp32,1787196927524639271
lidar,1787196927559139457
esp32,1787196927624571087
lidar,1787196927656514600
esp32,1787196927724661857
lidar,1787196927756653341
esp32,1787196927824675362
lidar,1787196927853158427
esp32,1787196927924328106
lidar,1787196927953687958
esp32,1787196928024685853
lidar,1787196928056139814
esp32,1787196928124761871
lidar,1787196928157974929
esp32,1787196928224624068
lidar,1787196928258010226
esp32,1787196928324589838
lidar,1787196928352945513
esp32,1787196928424402474
lidar,1787196928454506161
esp32,1787196928524560202
lidar,1787196928570603311
esp32,1787196928624625778
lidar,1787196928655808255
esp32,1787196928724889604
lidar,1787196928757668649
esp32,1787196928824371495
lidar,1787196928856831975
esp32,1787196928924309620
lidar,1787196928953938891
esp32,1787196929023679945
lidar,1787196929058030427
esp32,1787196929123739373
lidar,1787196929154380114
esp32,1787196929223719208
lidar,1787196929256094348
esp32,1787196929324685852
lidar,1787196929358503091
esp32,1787196929424547142
lidar,1787196929459586033
esp32,1787196929524641925
lidar,1787196929552918774
esp32,1787196929624293656
lidar,1787196929653281157
esp32,1787196929724563650
lidar,1787196929755004715
esp32,1787196929824720418
lidar,1787196929854208706
esp32,1787196929924649187
lidar,1787196929970011619
esp32,1787196930024511838
lidar,1787196930051614761
esp32,1787196930124514480
lidar,1787196930151989380
esp32,1787196930224296600
lidar,1787196930257031917
esp32,1787196930324529207
lidar,1787196930351939807
esp32,1787196930424568678
lidar,1787196930451912193
esp32,1787196930524401052
lidar,1787196930552376141
esp32,1787196930624745836
lidar,1787196930654081499
esp32,1787196930724823499
lidar,1787196930751429383
esp32,1787196930824654874
lidar,1787196930852477841
esp32,1787196930924336068
lidar,1787196930956734809
esp32,1787196931024447206
lidar,1787196931054479998
esp32,1787196931124656326
lidar,1787196931157694745
esp32,1787196931224569506
lidar,1787196931260112312
esp32,1787196931324677015
lidar,1787196931356603424
esp32,1787196931424598360
lidar,1787196931453350957
esp32,1787196931524460179
lidar,1787196931554555257
esp32,1787196931624464471
lidar,1787196931654359208
esp32,1787196931724509067
lidar,1787196931758056514
esp32,1787196931824758795
lidar,1787196931855145787
esp32,1787196931924631341
lidar,1787196931957698364
esp32,1787196932024750626
lidar,1787196932058791416
esp32,1787196932124721898
lidar,1787196932152160771
esp32,1787196932224462800
lidar,1787196932251618888
esp32,1787196932344978519
lidar,1787196932359948806
esp32,1787196932424690735
lidar,1787196932454712487
esp32,1787196932524606909
lidar,1787196932557492199
esp32,1787196932624454783
lidar,1787196932652311596
esp32,1787196932724526936
lidar,1787196932752500630
esp32,1787196932824739589
lidar,1787196932850461526
esp32,1787196932924376804
lidar,1787196932950026212
esp32,1787196933024510009
lidar,1787196933049844813
esp32,1787196933124507067
lidar,1787196933151720817
esp32,1787196933224605756
lidar,1787196933254348452
esp32,1787196933324690169
lidar,1787196933351690541
esp32,1787196933424224503
lidar,1787196933453194197
esp32,1787196933524638467
lidar,1787196933557778814
esp32,1787196933644839383
lidar,1787196933661655120
esp32,1787196933724749931
lidar,1787196933759970326
esp32,1787196933824556155
lidar,1787196933853038905
esp32,1787196933924212026
lidar,1787196933954722262
esp32,1787196934024535473
lidar,1787196934066497749
esp32,1787196934123761357
lidar,1787196934155104887
esp32,1787196934224389767
lidar,1787196934254257698
esp32,1787196934324726768
lidar,1787196934351782608
esp32,1787196934424558249
lidar,1787196934451998365
esp32,1787196934524670600
lidar,1787196934551576336
esp32,1787196934624603454
lidar,1787196934652833369
esp32,1787196934745040952
lidar,1787196934755267176
esp32,1787196934824598030
lidar,1787196934851970315
esp32,1787196934945026863
lidar,1787196934954258146
esp32,1787196935024688302
lidar,1787196935051863582
esp32,1787196935124749839
lidar,1787196935151365662
esp32,1787196935224734307
lidar,1787196935252737117
esp32,1787196935324834786
lidar,1787196935355536759
esp32,1787196935423656225
lidar,1787196935453223488
esp32,1787196935544938078
lidar,1787196935551253439
esp32,1787196935624656036
lidar,1787196935651819435
esp32,1787196935724625433
lidar,1787196935752051217
esp32,1787196935824585404
lidar,1787196935852163685
esp32,1787196935924643968
lidar,1787196935956998552
esp32,1787196936024453180
lidar,1787196936054984709
esp32,1787196936124470788
lidar,1787196936155004112
esp32,1787196936224565460
lidar,1787196936258650428
esp32,1787196936324626365
lidar,1787196936352174106
esp32,1787196936444878513
lidar,1787196936452099814
esp32,1787196936524528709
lidar,1787196936556467020
esp32,1787196936644943478
lidar,1787196936655441972
esp32,1787196936724289844
lidar,1787196936785462351
esp32,1787196936824508479
lidar,1787196936858703966
esp32,1787196936924535011
lidar,1787196936952784915
esp32,1787196937024259566
lidar,1787196937052574165
esp32,1787196937124438912
lidar,1787196937150478099
esp32,1787196937224398816
lidar,1787196937254484460
esp32,1787196937324824269
lidar,1787196937349258588
esp32,1787196937424505754
lidar,1787196937451344331
esp32,1787196937524258471
lidar,1787196937552618824
esp32,1787196937624635575
lidar,1787196937652332418
esp32,1787196937724764819
lidar,1787196937754033178
esp32,1787196937824427851
lidar,1787196937855111394
esp32,1787196937924449320
lidar,1787196937950961095
esp32,1787196938024528777
lidar,1787196938048874541
esp32,1787196938124419492
lidar,1787196938151269364
esp32,1787196938224612057
lidar,1787196938253396393
esp32,1787196938324613017
lidar,1787196938350422216
esp32,1787196938424588897
lidar,1787196938450467804
esp32,1787196938524422502
lidar,1787196938554516279
esp32,1787196938624309190
lidar,1787196938651252616
esp32,1787196938724441762
lidar,1787196938750795242
esp32,1787196938824529733
lidar,1787196938850408167
esp32,1787196938924450378
lidar,1787196938948777767
esp32,1787196939023770951
lidar,1787196939048522794
esp32,1787196939123756458
lidar,1787196939147738046
esp32,1787196939223751219
lidar,1787196939247741088
esp32,1787196939324392162
lidar,1787196939350832576
esp32,1787196939424743571
lidar,1787196939446190823
esp32,1787196939524326977
lidar,1787196939546570295
esp32,1787196939624543831
lidar,1787196939652450515
esp32,1787196939724675271
lidar,1787196939748741927
esp32,1787196939844843417
lidar,1787196939850080623
esp32,1787196939924437768
lidar,1787196939947536252
esp32,1787196940024526053
lidar,1787196940051869910
esp32,1787196940124153471
lidar,1787196940151779479
esp32,1787196940245141979
lidar,1787196940250524010
esp32,1787196940324675036
lidar,1787196940351711137
esp32,1787196940424502311
lidar,1787196940450250412
esp32,1787196940524341069
lidar,1787196940553436293
esp32,1787196940624520943
lidar,1787196940649689927
esp32,1787196940724870378
lidar,1787196940756956137
esp32,1787196940824979767
lidar,1787196940849947123
esp32,1787196940924570319
lidar,1787196940951263340
esp32,1787196941024596551
lidar,1787196941053119630
esp32,1787196941124349976
lidar,1787196941147854016
esp32,1787196941224523812
lidar,1787196941246969920
esp32,1787196941324504627
lidar,1787196941345739159
esp32,1787196941424544872
lidar,1787196941447361826
esp32,1787196941523710533
lidar,1787196941548327709
esp32,1787196941624584192
lidar,1787196941653100872
esp32,1787196941724543748
lidar,1787196941746905053
lidar,1787196941857298119
esp32,1787196941864391924
esp32,1787196941924319236
lidar,1787196941950204243
esp32,1787196942024526592
lidar,1787196942055068258
esp32,1787196942124634604
lidar,1787196942147258566
esp32,1787196942224521829
lidar,1787196942249081207
esp32,1787196942324529118
lidar,1787196942354233537
esp32,1787196942424264687
lidar,1787196942450834933
esp32,1787196942524274343
lidar,1787196942549261750
esp32,1787196942624743989
lidar,1787196942649168051
esp32,1787196942724482750
lidar,1787196942747094795
esp32,1787196942824527494
lidar,1787196942846766489
esp32,1787196942924513947
lidar,1787196942945604030
esp32,1787196943024642796
lidar,1787196943046612650
esp32,1787196943124819476
lidar,1787196943146327273
esp32,1787196943224573664
lidar,1787196943247171726
esp32,1787196943324587861
lidar,1787196943344592608
esp32,1787196943445091106
lidar,1787196943446102771
esp32,1787196943543954020
lidar,1787196943545199540
esp32,1787196943624725050
lidar,1787196943645428838
esp32,1787196943724733438
lidar,1787196943745936547
esp32,1787196943824725162
lidar,1787196943844423127
esp32,1787196943924527935
lidar,1787196943944702201
esp32,1787196944024551771
lidar,1787196944044687100
esp32,1787196944124683852
lidar,1787196944145657881
esp32,1787196944224583681
lidar,1787196944248980944
esp32,1787196944324599203
lidar,1787196944346263151
esp32,1787196944424529975
lidar,1787196944448033206
esp32,1787196944523714268
lidar,1787196944546189967
lidar,1787196944645873855
esp32,1787196944745180267
lidar,1787196944749036018
esp32,1787196944844934439
lidar,1787196944853729462
esp32,1787196944944849751
lidar,1787196944950271174
esp32,1787196945045067439
lidar,1787196945049237833
esp32,1787196945145270032
lidar,1787196945146104553
esp32,1787196945244886376
lidar,1787196945248641865
lidar,1787196945343828848
esp32,1787196945344992267
esp32,1787196945445115713
lidar,1787196945445815445
esp32,1787196945544931071
lidar,1787196945549157956
esp32,1787196945644908798
lidar,1787196945645687740
lidar,1787196945744715863
esp32,1787196945745517717
esp32,1787196945844989674
lidar,1787196945846693238
esp32,1787196945944890509
lidar,1787196945947620490
esp32,1787196946044976194
lidar,1787196946049174324
esp32,1787196946144850800
lidar,1787196946149903045
esp32,1787196946244939356
lidar,1787196946256426867
esp32,1787196946344898223
lidar,1787196946346379867
esp32,1787196946444911663
lidar,1787196946446536128
esp32,1787196946545075988
lidar,1787196946547395990
esp32,1787196946644988806
lidar,1787196946652038927
esp32,1787196946744774779
lidar,1787196946755318079
esp32,1787196946845007393
lidar,1787196946852026463
esp32,1787196946945000456
lidar,1787196946950670623
esp32,1787196947045039249
lidar,1787196947049739303
esp32,1787196947144931304
lidar,1787196947149393596
esp32,1787196947245079865
lidar,1787196947248772786
esp32,1787196947344901146
lidar,1787196947347119495
esp32,1787196947445058432
lidar,1787196947446420966
esp32,1787196947544936181
lidar,1787196947548869915
esp32,1787196947644856605
lidar,1787196947645340085
esp32,1787196947744817087
lidar,1787196947746391629
esp32,1787196947844972136
lidar,1787196947854821383
esp32,1787196947944828298
lidar,1787196947946076526
esp32,1787196948044954581
lidar,1787196948047398363
esp32,1787196948144989807
lidar,1787196948153244887
lidar,1787196948244922510
esp32,1787196948246037501
esp32,1787196948344855296
lidar,1787196948346383286
esp32,1787196948444860848
lidar,1787196948446691308
esp32,1787196948544968347
lidar,1787196948549584364
esp32,1787196948645044060
lidar,1787196948647605810
esp32,1787196948744797632
lidar,1787196948750532494
esp32,1787196948844956349
lidar,1787196948847061973
esp32,1787196948944927912
lidar,1787196948949375268
esp32,1787196949044101475
lidar,1787196949047254989
esp32,1787196949143898881
lidar,1787196949148095895
esp32,1787196949243790815
lidar,1787196949247551927
esp32,1787196949344789989
lidar,1787196949347937320
esp32,1787196949444789265
lidar,1787196949445814731
esp32,1787196949545027260
lidar,1787196949547728947
esp32,1787196949644736659
lidar,1787196949647659044
lidar,1787196949742057368
esp32,1787196949744614837
esp32,1787196949845211579
lidar,1787196949846057300
lidar,1787196949943346478
esp32,1787196949944655252
esp32,1787196950045066456
lidar,1787196950052453183
esp32,1787196950144822779
lidar,1787196950149403718
esp32,1787196950245098785
lidar,1787196950247788661
esp32,1787196950344709615
lidar,1787196950349165493
lidar,1787196950444214555
esp32,1787196950445172556
esp32,1787196950544909534
lidar,1787196950554755633
lidar,1787196950643425058
esp32,1787196950644677859
esp32,1787196950745066558
lidar,1787196950746143440
lidar,1787196950844304924
esp32,1787196950845308575
esp32,1787196950944998182
lidar,1787196950946358067
esp32,1787196951045021705
lidar,1787196951046174533
lidar,1787196951143898012
esp32,1787196951144966677
esp32,1787196951244859739
lidar,1787196951247815567
esp32,1787196951344804671
lidar,1787196951345904798
lidar,1787196951442799911
esp32,1787196951444405531
lidar,1787196951542852985
esp32,1787196951544842019
lidar,1787196951642072876
esp32,1787196951644220683
lidar,1787196951741397232
esp32,1787196951744603270
lidar,1787196951843059821
esp32,1787196951844771467
esp32,1787196951944948561
lidar,1787196951945824865
lidar,1787196952044179312
esp32,1787196952045254396
lidar,1787196952142294686
esp32,1787196952144711870
lidar,1787196952240024888
esp32,1787196952244611848
lidar,1787196952339672340
esp32,1787196952344547816
lidar,1787196952440327319
esp32,1787196952444534180
lidar,1787196952542969938
esp32,1787196952544786079
lidar,1787196952641122788
esp32,1787196952644601967
lidar,1787196952743279248
esp32,1787196952744631861
lidar,1787196952840709980
esp32,1787196952844647160
lidar,1787196952940711367
esp32,1787196952944725737
esp32,1787196953044934928
lidar,1787196953045778585
lidar,1787196953142023539
esp32,1787196953144594359
lidar,1787196953237467798
esp32,1787196953244610007
lidar,1787196953337411793
esp32,1787196953344652729
lidar,1787196953440942911
esp32,1787196953444558425
lidar,1787196953543022697
esp32,1787196953544781605
lidar,1787196953641600562
esp32,1787196953644540518
lidar,1787196953742044385
esp32,1787196953744551371
lidar,1787196953838248903
esp32,1787196953844660153
lidar,1787196953939661059
esp32,1787196953944560820
lidar,1787196954040433759
esp32,1787196954044907957
lidar,1787196954140141494
esp32,1787196954144679688
lidar,1787196954239744947
esp32,1787196954244660368
lidar,1787196954342897196
esp32,1787196954344958373
lidar,1787196954443911580
esp32,1787196954444798804
lidar,1787196954538943654
esp32,1787196954544779799
lidar,1787196954641327669
esp32,1787196954644535266
lidar,1787196954739870088
esp32,1787196954744636494
lidar,1787196954840281832
esp32,1787196954844625258
esp32,1787196954944917386
lidar,1787196954945691383
lidar,1787196955040879034
esp32,1787196955044723614
lidar,1787196955138669620
esp32,1787196955144589633
lidar,1787196955239140833
esp32,1787196955244639617
lidar,1787196955340176709
esp32,1787196955344670167
lidar,1787196955438580986
esp32,1787196955444719802
lidar,1787196955537273088
esp32,1787196955544686410
lidar,1787196955640128565
esp32,1787196955644703355
lidar,1787196955738122062
esp32,1787196955744562297
lidar,1787196955841630373
esp32,1787196955844582517
lidar,1787196955937003864
esp32,1787196955944643498
lidar,1787196956041551138
esp32,1787196956044718561
lidar,1787196956136792465
esp32,1787196956144578220
lidar,1787196956237333231
esp32,1787196956244605627
lidar,1787196956336836941
esp32,1787196956344653717
lidar,1787196956437100618
esp32,1787196956444489277
lidar,1787196956539050665
esp32,1787196956544628259
lidar,1787196956638595807
esp32,1787196956644558953
lidar,1787196956741367021
esp32,1787196956744469817
lidar,1787196956839965438
esp32,1787196956844541237
lidar,1787196956942789423
esp32,1787196956944776232
lidar,1787196957064446238
esp32,1787196957065555413
esp32,1787196957144790838
lidar,1787196957146741771
lidar,1787196957237413452
esp32,1787196957244495912
lidar,1787196957338958821
esp32,1787196957344609950
esp32,1787196957444704473
lidar,1787196957454454358
lidar,1787196957537027303
esp32,1787196957544642324
lidar,1787196957638410374
esp32,1787196957644631565
lidar,1787196957740304256
esp32,1787196957744599117
lidar,1787196957839593114
esp32,1787196957844682817
lidar,1787196957936741447
esp32,1787196957944709842
lidar,1787196958044109311
esp32,1787196958045593254
lidar,1787196958136036792
esp32,1787196958144687945
lidar,1787196958236586226
esp32,1787196958244707365
lidar,1787196958337600047
esp32,1787196958344733309
lidar,1787196958438703528
esp32,1787196958444797366
lidar,1787196958540697954
esp32,1787196958544565420
lidar,1787196958644052901
esp32,1787196958645429222
lidar,1787196958736933429
esp32,1787196958744802595
lidar,1787196958838509302
esp32,1787196958844692484
lidar,1787196958936820281
esp32,1787196958944787777
lidar,1787196959036172541
esp32,1787196959043777525
lidar,1787196959135679669
esp32,1787196959143948953
lidar,1787196959234572756
esp32,1787196959243713002
lidar,1787196959334798476
esp32,1787196959344662239
lidar,1787196959435125127
esp32,1787196959444661066
lidar,1787196959536314070
esp32,1787196959544676029
lidar,1787196959634251036
esp32,1787196959644616891
lidar,1787196959734365397
esp32,1787196959744135239
lidar,1787196959833037557
esp32,1787196959844903565
lidar,1787196959933330552
esp32,1787196959944479249
lidar,1787196960035458170
esp32,1787196960044787636
lidar,1787196960137330890
esp32,1787196960144580191
lidar,1787196960238165667
esp32,1787196960244687150
lidar,1787196960338555293
esp32,1787196960344628839
lidar,1787196960435941749
esp32,1787196960444645637
lidar,1787196960533612369
esp32,1787196960544684322
lidar,1787196960634289567
esp32,1787196960644683902
lidar,1787196960734984223
esp32,1787196960744716087
lidar,1787196960837864523
esp32,1787196960844578266
lidar,1787196960936900140
esp32,1787196960944680801
lidar,1787196961036933110
esp32,1787196961044705022
lidar,1787196961135619624
esp32,1787196961144688117
lidar,1787196961234819492
esp32,1787196961244753894
lidar,1787196961335941510
esp32,1787196961344694248
lidar,1787196961439786215
esp32,1787196961444636525
lidar,1787196961534182389
esp32,1787196961544634712
esp32,1787196961644945929
lidar,1787196961646073889
lidar,1787196961733710283
esp32,1787196961744588082
lidar,1787196961836078258
esp32,1787196961844629015
lidar,1787196961934084932
esp32,1787196961944758163
lidar,1787196962035555994
esp32,1787196962044650265
lidar,1787196962140126749
esp32,1787196962144616790
lidar,1787196962231798376
esp32,1787196962244626574
lidar,1787196962334108157
esp32,1787196962344573687
lidar,1787196962432624803
esp32,1787196962444561828
lidar,1787196962535761648
esp32,1787196962544706662
lidar,1787196962636722654
esp32,1787196962644496650
lidar,1787196962740278106
esp32,1787196962744687629
lidar,1787196962832347528
esp32,1787196962844596053
lidar,1787196962932636823
esp32,1787196962944770797
lidar,1787196963032767431
esp32,1787196963045062953
lidar,1787196963134218354
esp32,1787196963144689974
lidar,1787196963239371230
esp32,1787196963244616160
lidar,1787196963336107996
esp32,1787196963344742586
lidar,1787196963433546867
esp32,1787196963444712649
lidar,1787196963532971963
esp32,1787196963544735961
lidar,1787196963632240581
esp32,1787196963645084855
lidar,1787196963733187104
esp32,1787196963744700441
lidar,1787196963831580999
esp32,1787196963844920718
lidar,1787196963932218349
esp32,1787196963944926118
lidar,1787196964033646920
esp32,1787196964044823258
lidar,1787196964131106860
esp32,1787196964144893344
lidar,1787196964233948451
esp32,1787196964244938300
lidar,1787196964332348417
esp32,1787196964345022082
lidar,1787196964432399851
esp32,1787196964445027817
lidar,1787196964529587033
esp32,1787196964545016487
lidar,1787196964630591969
esp32,1787196964644612388
lidar,1787196964729930564
esp32,1787196964744878759
lidar,1787196964830654178
esp32,1787196964844877517
esp32,1787196964945071431
lidar,1787196964947302138
lidar,1787196965035636752
esp32,1787196965044817658
lidar,1787196965132807792
esp32,1787196965144634332
lidar,1787196965231714328
esp32,1787196965244914770
lidar,1787196965333041435
esp32,1787196965344985976
lidar,1787196965432747907
esp32,1787196965444981961
lidar,1787196965532548016
esp32,1787196965545011748
lidar,1787196965631480325
esp32,1787196965644958997
lidar,1787196965732223184
esp32,1787196965744892768
lidar,1787196965834793938
esp32,1787196965844436645
lidar,1787196965934253396
esp32,1787196965944784173
lidar,1787196966032963248
esp32,1787196966044775867
lidar,1787196966132521128
esp32,1787196966144768550
lidar,1787196966234090250
esp32,1787196966244720344
lidar,1787196966329744257
esp32,1787196966344788396
lidar,1787196966433107042
esp32,1787196966444778440
lidar,1787196966534522864
esp32,1787196966544613722
lidar,1787196966630415583
esp32,1787196966644747810
lidar,1787196966732443404
esp32,1787196966744898499
lidar,1787196966836797787
esp32,1787196966844572017
lidar,1787196966937980405
esp32,1787196966944539102
lidar,1787196967035404308
esp32,1787196967045075288
lidar,1787196967131879950
esp32,1787196967145034253
lidar,1787196967232681092
esp32,1787196967244916622
lidar,1787196967330607488
esp32,1787196967344987505
esp32,1787196967445151452
lidar,1787196967465452180
lidar,1787196967530689526
esp32,1787196967544967233
esp32,1787196967645236219
lidar,1787196967669420301
lidar,1787196967742556848
esp32,1787196967744489092
lidar,1787196967835293782
esp32,1787196967844743933
lidar,1787196967930214423
esp32,1787196967944809671
lidar,1787196968029192823
esp32,1787196968045031080
lidar,1787196968128992399
esp32,1787196968144809335
lidar,1787196968229426786
esp32,1787196968244921617
lidar,1787196968331195489
esp32,1787196968344462060
lidar,1787196968436660693
esp32,1787196968444458375
lidar,1787196968535046428
esp32,1787196968544285629
lidar,1787196968632121678
esp32,1787196968644453903
lidar,1787196968732140210
esp32,1787196968744363047
lidar,1787196968840737450
esp32,1787196968844475172
lidar,1787196968930125776
esp32,1787196968944725784
lidar,1787196969033716847
esp32,1787196969044108007
lidar,1787196969134156115
esp32,1787196969143986868
lidar,1787196969234929997
esp32,1787196969243703958
lidar,1787196969331167549
esp32,1787196969344565077
lidar,1787196969428865807
esp32,1787196969444896555
lidar,1787196969530667996
esp32,1787196969544995529
lidar,1787196969628646065
esp32,1787196969644899814
lidar,1787196969729773063
esp32,1787196969745077402
lidar,1787196969832339804
esp32,1787196969844551055
lidar,1787196969930137771
esp32,1787196969944789413
lidar,1787196970031540265
esp32,1787196970044738802
lidar,1787196970129540175
esp32,1787196970144896548
lidar,1787196970228715844
esp32,1787196970245059158
lidar,1787196970328804429
esp32,1787196970344810808
lidar,1787196970432732084
esp32,1787196970444895754
lidar,1787196970540313748
esp32,1787196970544601148
lidar,1787196970643158405
esp32,1787196970644624796
lidar,1787196970733351949
esp32,1787196970744523122
lidar,1787196970832218307
esp32,1787196970844526173
lidar,1787196970931124409
esp32,1787196970945015191
lidar,1787196971041028874
esp32,1787196971044662995
lidar,1787196971136236406
esp32,1787196971144626070
lidar,1787196971237724147
esp32,1787196971244639337
lidar,1787196971341236240
esp32,1787196971344540699
lidar,1787196971432816117
esp32,1787196971444618972
lidar,1787196971531698354
esp32,1787196971544650979
lidar,1787196971629263990
esp32,1787196971644573788
lidar,1787196971728245632
esp32,1787196971744902652
lidar,1787196971831782746
esp32,1787196971844502230
lidar,1787196971931041358
esp32,1787196971944555737
lidar,1787196972028098606
esp32,1787196972044852823
lidar,1787196972131813655
esp32,1787196972144545867
lidar,1787196972229431742
esp32,1787196972243815542
lidar,1787196972326280706
esp32,1787196972384693932
lidar,1787196972426279692
esp32,1787196972444799713
lidar,1787196972525915397
esp32,1787196972544857458
lidar,1787196972625006706
esp32,1787196972644761478
lidar,1787196972724268261
esp32,1787196972744950457
lidar,1787196972824191511
esp32,1787196972844901352
lidar,1787196972924987688
esp32,1787196972944864075
lidar,1787196973026892907
esp32,1787196973045042116
lidar,1787196973125811572
esp32,1787196973144981657
lidar,1787196973228002685
esp32,1787196973245018858
lidar,1787196973326230943
esp32,1787196973344957495
lidar,1787196973428551170
esp32,1787196973445001013
lidar,1787196973535156457
esp32,1787196973544597929
lidar,1787196973634420682
esp32,1787196973644418917
lidar,1787196973729719312
esp32,1787196973744965263
lidar,1787196973829726297
esp32,1787196973844573827
lidar,1787196973933072190
esp32,1787196973944628494
lidar,1787196974029001513
esp32,1787196974044910908
lidar,1787196974138005896
esp32,1787196974144527967
lidar,1787196974226754078
esp32,1787196974244970874
lidar,1787196974329134439
esp32,1787196974344560717
lidar,1787196974426453224
esp32,1787196974444874230
lidar,1787196974527166956
esp32,1787196974544905198
lidar,1787196974627300817
esp32,1787196974645025295
lidar,1787196974729248463
esp32,1787196974744671933
lidar,1787196974828112586
esp32,1787196974844984336
lidar,1787196974926812183
esp32,1787196974944919323
lidar,1787196975030087510
esp32,1787196975045068142
lidar,1787196975130665852
esp32,1787196975144893369
lidar,1787196975219803249
esp32,1787196975244987900
lidar,1787196975320960212
esp32,1787196975345043089
lidar,1787196975427237837
esp32,1787196975445010787
lidar,1787196975525079562
esp32,1787196975545002829
lidar,1787196975626977713
esp32,1787196975644975946
lidar,1787196975721953501
esp32,1787196975744944943
lidar,1787196975821108499
esp32,1787196975844911034
lidar,1787196975928324308
esp32,1787196975944907994
lidar,1787196976027029748
esp32,1787196976044979380
lidar,1787196976127745519
esp32,1787196976144905728
lidar,1787196976224259322
esp32,1787196976245048580
lidar,1787196976320289545
esp32,1787196976345004239
lidar,1787196976419779682
esp32,1787196976445034062
lidar,1787196976520479170
esp32,1787196976545122671
lidar,1787196976622922706
esp32,1787196976644908448
lidar,1787196976718837583
esp32,1787196976745048419
lidar,1787196976817729257
esp32,1787196976844971056
lidar,1787196976924728686
esp32,1787196976944909652
lidar,1787196977017717320
esp32,1787196977045085182
lidar,1787196977119955865
esp32,1787196977144943109
lidar,1787196977220330659
esp32,1787196977244874542
lidar,1787196977322782625
esp32,1787196977345042454
lidar,1787196977442484281
esp32,1787196977444546001
lidar,1787196977524590563
esp32,1787196977544995962
lidar,1787196977619746167
esp32,1787196977644903845
lidar,1787196977719915974
esp32,1787196977745002300
lidar,1787196977820113550
esp32,1787196977845008865
lidar,1787196977922374446
esp32,1787196977945015555
lidar,1787196978025110819
esp32,1787196978045156939
lidar,1787196978118796815
esp32,1787196978144999290
lidar,1787196978218336726
esp32,1787196978244911074
lidar,1787196978326087224
esp32,1787196978345011541
lidar,1787196978423491014
esp32,1787196978444988928
lidar,1787196978517974408
esp32,1787196978545065760
lidar,1787196978625039600
esp32,1787196978644943848
lidar,1787196978725614470
esp32,1787196978744420623
lidar,1787196978822532493
esp32,1787196978844345426
lidar,1787196978923544145
esp32,1787196978944423194
lidar,1787196979023763231
esp32,1787196979043853445
lidar,1787196979117462531
esp32,1787196979143933919
lidar,1787196979215868211
esp32,1787196979244317118
lidar,1787196979315578306
esp32,1787196979344867922
lidar,1787196979417385962
esp32,1787196979445003208
lidar,1787196979516787354
esp32,1787196979545028622
lidar,1787196979616148581
esp32,1787196979644969300
lidar,1787196979724218462
esp32,1787196979745054234
lidar,1787196979817960884
esp32,1787196979844989026
lidar,1787196979924375063
esp32,1787196979944875560
lidar,1787196980015719452
esp32,1787196980044918348
lidar,1787196980117467577
esp32,1787196980144938441
lidar,1787196980215697598
esp32,1787196980244997035
lidar,1787196980315099813
esp32,1787196980344162747
lidar,1787196980415331369
esp32,1787196980444161150
lidar,1787196980516010993
esp32,1787196980545119082
lidar,1787196980616309561
esp32,1787196980644779861
lidar,1787196980717245982
esp32,1787196980745064677
lidar,1787196980813347500
esp32,1787196980844178318
lidar,1787196980913261158
esp32,1787196980944891605
lidar,1787196981020733095
esp32,1787196981044984690
lidar,1787196981115695807
esp32,1787196981144986697
lidar,1787196981215050339
esp32,1787196981244507804
lidar,1787196981317477820
esp32,1787196981344366497
lidar,1787196981415619166
esp32,1787196981444778550
lidar,1787196981516909934
esp32,1787196981545157350
lidar,1787196981615838014
esp32,1787196981644920042
lidar,1787196981717736694
esp32,1787196981744769970
lidar,1787196981817966528
esp32,1787196981844281994
lidar,1787196981916698478
esp32,1787196981945071262
lidar,1787196982015432169
esp32,1787196982043780737
lidar,1787196982115717547
esp32,1787196982145046281
lidar,1787196982215663307
esp32,1787196982244870802
lidar,1787196982315545483
esp32,1787196982344422183
lidar,1787196982416628127
esp32,1787196982444876762
lidar,1787196982515725746
esp32,1787196982545054754
lidar,1787196982617982436
esp32,1787196982644895333
lidar,1787196982725819071
esp32,1787196982744842248
lidar,1787196982825636137
esp32,1787196982844173479
lidar,1787196982918219811
esp32,1787196982944797537
lidar,1787196983026107203
esp32,1787196983044987567
lidar,1787196983123548579
esp32,1787196983144768047
lidar,1787196983220739574
esp32,1787196983245044083
lidar,1787196983314528542
esp32,1787196983344880799
lidar,1787196983412293344
esp32,1787196983444985223
lidar,1787196983514766731
esp32,1787196983545015796
lidar,1787196983612808346
esp32,1787196983645018581
lidar,1787196983713055570
esp32,1787196983744859304
lidar,1787196983811677098
esp32,1787196983845023768
lidar,1787196983909545139
esp32,1787196983944853493
lidar,1787196984009502764
esp32,1787196984045094648
lidar,1787196984111452764
esp32,1787196984144720297
lidar,1787196984212546980
esp32,1787196984244868630
lidar,1787196984312066847
esp32,1787196984345018938
lidar,1787196984410137577
esp32,1787196984444975073
lidar,1787196984510084083
esp32,1787196984544998222
lidar,1787196984612486248
esp32,1787196984644945333
lidar,1787196984712082976
esp32,1787196984745071857
lidar,1787196984822165839
esp32,1787196984844951113
lidar,1787196984913530087
esp32,1787196984944963473
lidar,1787196985017004431
esp32,1787196985045044291
lidar,1787196985114455115
esp32,1787196985145024329
lidar,1787196985212374130
esp32,1787196985244920478
lidar,1787196985312197012
esp32,1787196985345112548
lidar,1787196985413718062
esp32,1787196985445020844
lidar,1787196985513704950
esp32,1787196985544913915
lidar,1787196985614597683
esp32,1787196985644967320
lidar,1787196985710895379
esp32,1787196985744994649
lidar,1787196985812563116
esp32,1787196985845017441
lidar,1787196985909939969
esp32,1787196985944116198
lidar,1787196986009844172
esp32,1787196986045156579
lidar,1787196986115466572
esp32,1787196986144850233
lidar,1787196986209827543
esp32,1787196986244982225
lidar,1787196986308647943
esp32,1787196986344964074
lidar,1787196986410895993
esp32,1787196986445117407
lidar,1787196986515180578
esp32,1787196986544830604
lidar,1787196986608642332
esp32,1787196986645099610
lidar,1787196986710087934
esp32,1787196986744887062
lidar,1787196986809272039
esp32,1787196986844986949
lidar,1787196986910514461
esp32,1787196986945016920
lidar,1787196987015277754
esp32,1787196987045082980
lidar,1787196987113549282
esp32,1787196987144807878
lidar,1787196987212799501
esp32,1787196987244968885
lidar,1787196987317811769
esp32,1787196987345011813
lidar,1787196987422430896
esp32,1787196987444982228
lidar,1787196987520139928
esp32,1787196987545097010
lidar,1787196987611358740
esp32,1787196987645044988
lidar,1787196987712691315
esp32,1787196987744974595
lidar,1787196987813151364
esp32,1787196987845015556
lidar,1787196987913195104
esp32,1787196987944978280
lidar,1787196988014737485
esp32,1787196988044994621
lidar,1787196988110486212
esp32,1787196988144805743
lidar,1787196988210732239
esp32,1787196988244032866
lidar,1787196988309089767
esp32,1787196988344972496
lidar,1787196988408535201
esp32,1787196988444856558
lidar,1787196988512478584
esp32,1787196988544552902
lidar,1787196988609517206
esp32,1787196988644870569
lidar,1787196988710462153
esp32,1787196988744831894
lidar,1787196988814496065
esp32,1787196988844107803
lidar,1787196988912597860
esp32,1787196988944958305
lidar,1787196989010973705
esp32,1787196989043947606
lidar,1787196989112418415
esp32,1787196989144209679
lidar,1787196989212053548
esp32,1787196989243833416
lidar,1787196989313283932
esp32,1787196989344911859
lidar,1787196989411960344
esp32,1787196989445106617
lidar,1787196989514522881
esp32,1787196989545052224
lidar,1787196989611929677
esp32,1787196989644939703
lidar,1787196989714824448
esp32,1787196989745026727
lidar,1787196989815081745
esp32,1787196989845051443
lidar,1787196989913776694
esp32,1787196989945017760
lidar,1787196990010149994
esp32,1787196990045171013
lidar,1787196990108817852
esp32,1787196990144089233
lidar,1787196990206949933
esp32,1787196990244972203
lidar,1787196990310085282
esp32,1787196990344940408
lidar,1787196990406639269
esp32,1787196990444914324
lidar,1787196990506621729
esp32,1787196990545006011
lidar,1787196990610165817
esp32,1787196990644950716
lidar,1787196990707786373
esp32,1787196990744978574
lidar,1787196990808494067
esp32,1787196990845232062
lidar,1787196990907094166
esp32,1787196990944796292
lidar,1787196991009098101
esp32,1787196991045174771
lidar,1787196991110499647
esp32,1787196991144925479
lidar,1787196991211980420
esp32,1787196991245119202
lidar,1787196991310414792
esp32,1787196991345035353
lidar,1787196991416428309
esp32,1787196991445070517
lidar,1787196991513520790
esp32,1787196991545068898
lidar,1787196991615266499
esp32,1787196991644953390
lidar,1787196991709888757
esp32,1787196991745047526
lidar,1787196991807500131
esp32,1787196991845080527
lidar,1787196991906863008
esp32,1787196991945053874
lidar,1787196992007206011
esp32,1787196992045176380
lidar,1787196992108837283
esp32,1787196992144959610
lidar,1787196992206148428
esp32,1787196992245068092
lidar,1787196992306929304
esp32,1787196992344964962
lidar,1787196992406729028
esp32,1787196992444946981
lidar,1787196992506821367
esp32,1787196992544936698
lidar,1787196992640722771
esp32,1787196992644679251
lidar,1787196992705502258
esp32,1787196992745055833
lidar,1787196992807593270
esp32,1787196992844990862
lidar,1787196992908315457
esp32,1787196992944984390
lidar,1787196993008603645
esp32,1787196993045078719
lidar,1787196993110153891
esp32,1787196993144992044
lidar,1787196993208676718
esp32,1787196993244993121
lidar,1787196993307626496
esp32,1787196993345046239
lidar,1787196993412283124
esp32,1787196993444996962
lidar,1787196993506482021
esp32,1787196993544966053
lidar,1787196993607301981
esp32,1787196993644971004
lidar,1787196993713008741
esp32,1787196993744876176
lidar,1787196993806182132
esp32,1787196993844975964
lidar,1787196993903518116
esp32,1787196993944865310
lidar,1787196994005039854
esp32,1787196994044940565
lidar,1787196994107667602
esp32,1787196994145001717
lidar,1787196994204757594
esp32,1787196994244842482
lidar,1787196994303735222
esp32,1787196994345015663
lidar,1787196994404003739
esp32,1787196994444965002
lidar,1787196994509576979
esp32,1787196994544467940
lidar,1787196994609635377
esp32,1787196994644918793
lidar,1787196994705413156
esp32,1787196994744991320
lidar,1787196994806691087
esp32,1787196994844934367
lidar,1787196994906329931
esp32,1787196994945063229
lidar,1787196995009048679
esp32,1787196995045056799
lidar,1787196995106518866
esp32,1787196995145078278
lidar,1787196995206408059
esp32,1787196995244945492
lidar,1787196995308293564
esp32,1787196995345213931
lidar,1787196995409079571
esp32,1787196995445166017
lidar,1787196995512210591
esp32,1787196995544674165
lidar,1787196995609140104
esp32,1787196995644936456
lidar,1787196995711722672
esp32,1787196995745075125
lidar,1787196995804472404
esp32,1787196995844951491
lidar,1787196995909957298
esp32,1787196995944960929
lidar,1787196996005466341
esp32,1787196996045134179
lidar,1787196996106022632
esp32,1787196996145084129
lidar,1787196996203272757
esp32,1787196996244879283
lidar,1787196996303847337
esp32,1787196996344923704
lidar,1787196996407661403
esp32,1787196996444904746
lidar,1787196996504495266
esp32,1787196996544927994
lidar,1787196996605251906
esp32,1787196996644991029
lidar,1787196996708428506
esp32,1787196996744966949
lidar,1787196996805954442
esp32,1787196996844832828
lidar,1787196996906356303
esp32,1787196996944638783
lidar,1787196997006580661
esp32,1787196997044978737
lidar,1787196997108400529
esp32,1787196997144977986
lidar,1787196997207212499
esp32,1787196997244862810
lidar,1787196997307642967
esp32,1787196997344906524
lidar,1787196997408868456
esp32,1787196997444653202
lidar,1787196997507925215
esp32,1787196997544920369
lidar,1787196997607870750
esp32,1787196997644942668
lidar,1787196997706315040
esp32,1787196997745010362
lidar,1787196997804318512
esp32,1787196997844862074
lidar,1787196997906344912
esp32,1787196997944927040
lidar,1787196998004331851
esp32,1787196998045046090
lidar,1787196998106872753
esp32,1787196998145010727
lidar,1787196998204838008
esp32,1787196998244470408
lidar,1787196998305637638
esp32,1787196998344980389
lidar,1787196998403947576
esp32,1787196998445001697
lidar,1787196998506531571
esp32,1787196998544829161
lidar,1787196998604306564
esp32,1787196998644870247
lidar,1787196998709281052
esp32,1787196998744295982
lidar,1787196998808160211
esp32,1787196998844879237
lidar,1787196998905207125
esp32,1787196998944894744
lidar,1787196999007017332
esp32,1787196999043883223
lidar,1787196999106370774
esp32,1787196999143808926
lidar,1787196999205990318
esp32,1787196999244189072
lidar,1787196999303439698
esp32,1787196999344719831
lidar,1787196999403820223
esp32,1787196999444854945
lidar,1787196999509388611
esp32,1787196999544769602
lidar,1787196999609613846
esp32,1787196999644223281
lidar,1787196999706960004
esp32,1787196999744737157
lidar,1787196999808889264
esp32,1787196999844700333
lidar,1787196999913996633
esp32,1787196999944714111
lidar,1787197000002674397
esp32,1787197000044780615
lidar,1787197000102762446
esp32,1787197000144637670
lidar,1787197000204096716
esp32,1787197000244830283
lidar,1787197000301796799
esp32,1787197000344231419
lidar,1787197000401092152
esp32,1787197000444715512
lidar,1787197000502694326
esp32,1787197000544763066
lidar,1787197000601242062
esp32,1787197000644836814
lidar,1787197000701804707
esp32,1787197000744636016
lidar,1787197000801966719
esp32,1787197000844764011
lidar,1787197000903502149
esp32,1787197000944165381
lidar,1787197001003792740
esp32,1787197001045194188
lidar,1787197001103358002
esp32,1787197001145074125
lidar,1787197001205148462
esp32,1787197001244999581
lidar,1787197001306453620
esp32,1787197001345120506
lidar,1787197001405784780
esp32,1787197001445260082
lidar,1787197001504868528
esp32,1787197001544591445
lidar,1787197001605682954
esp32,1787197001645027027
lidar,1787197001704108585
esp32,1787197001745058427
lidar,1787197001801529067
esp32,1787197001845073577
lidar,1787197001902576725
esp32,1787197001945076274
lidar,1787197002002321598
esp32,1787197002045078621
lidar,1787197002101976259
esp32,1787197002145017172
lidar,1787197002203590365
esp32,1787197002244960677
lidar,1787197002306019228
esp32,1787197002344982235
lidar,1787197002402757572
esp32,1787197002445134781
lidar,1787197002501097484
esp32,1787197002544962736
lidar,1787197002602176451
esp32,1787197002645047935
lidar,1787197002706525286
esp32,1787197002764793244
lidar,1787197002803961101
esp32,1787197002845016572
lidar,1787197002907359501
esp32,1787197002945044605
lidar,1787197003004342009
esp32,1787197003045239227
lidar,1787197003104356715
esp32,1787197003145027419
lidar,1787197003206229418
esp32,1787197003245160368
lidar,1787197003304021457
esp32,1787197003345054377
lidar,1787197003404632868
esp32,1787197003444954522
lidar,1787197003506707940
esp32,1787197003545050646
lidar,1787197003609256989
esp32,1787197003645068659
lidar,1787197003705432549
esp32,1787197003745090320
lidar,1787197003803788669
esp32,1787197003844950399
lidar,1787197003903936135
esp32,1787197003945083484
lidar,1787197004006415755
esp32,1787197004045174567
lidar,1787197004109956684
esp32,1787197004145081809
lidar,1787197004203380970
esp32,1787197004245048808
lidar,1787197004304407225
esp32,1787197004344672323
lidar,1787197004405447888
esp32,1787197004445079021
lidar,1787197004502328339
esp32,1787197004545189569
lidar,1787197004599960807
esp32,1787197004644954746
lidar,1787197004701399128
esp32,1787197004745004125
lidar,1787197004801388205
esp32,1787197004844971527
lidar,1787197004901448136
esp32,1787197004945027675
lidar,1787197005001658443
esp32,1787197005045122799
lidar,1787197005101029271
esp32,1787197005144957698
lidar,1787197005202512612
esp32,1787197005245050594
lidar,1787197005301484077
esp32,1787197005345077412
lidar,1787197005401689090
esp32,1787197005445076853
lidar,1787197005501371838
esp32,1787197005545136182
lidar,1787197005604602737
esp32,1787197005645024392
lidar,1787197005706567063
esp32,1787197005745108128
lidar,1787197005805606735
esp32,1787197005845015205
lidar,1787197005902927121
esp32,1787197005945097885
lidar,1787197006002888292
esp32,1787197006045119089
lidar,1787197006102877073
esp32,1787197006145054709
lidar,1787197006205498367
esp32,1787197006245086304
lidar,1787197006303630518
esp32,1787197006343722740
lidar,1787197006401628447
esp32,1787197006445086470
lidar,1787197006500434699
esp32,1787197006545120864
lidar,1787197006601965863
esp32,1787197006645108801
lidar,1787197006702611430
esp32,1787197006744985179
lidar,1787197006801339813
esp32,1787197006845041124
lidar,1787197006899712653
esp32,1787197006945155452
lidar,1787197007001071387
esp32,1787197007045092546
lidar,1787197007099855842
esp32,1787197007144897399
lidar,1787197007200829423
esp32,1787197007245014247
lidar,1787197007300528509
esp32,1787197007344914803
lidar,1787197007402917839
esp32,1787197007444847897
lidar,1787197007501369574
esp32,1787197007545048217
lidar,1787197007602897109
esp32,1787197007644849872
lidar,1787197007702041970
esp32,1787197007744817376
lidar,1787197007824629752
esp32,1787197007844780236
lidar,1787197007905464126
esp32,1787197007945047768
lidar,1787197008008181905
esp32,1787197008045103434
lidar,1787197008108847617
esp32,1787197008145003811
lidar,1787197008204718065
esp32,1787197008244983210
lidar,1787197008308165157
esp32,1787197008344932705
lidar,1787197008401590140
esp32,1787197008444997529
lidar,1787197008500791985
esp32,1787197008544579512
lidar,1787197008606137797
esp32,1787197008644716876
lidar,1787197008702783927
esp32,1787197008744954961
lidar,1787197008802724442
esp32,1787197008844860086
lidar,1787197008904804648
esp32,1787197008945009961
lidar,1787197009001545789
esp32,1787197009043835203
lidar,1787197009098106564
esp32,1787197009143855802
lidar,1787197009197211080
esp32,1787197009243924255
lidar,1787197009297411977
esp32,1787197009344832450
lidar,1787197009397507312
esp32,1787197009444947612
lidar,1787197009498642330
esp32,1787197009544934765
lidar,1787197009598245080
esp32,1787197009644864962
lidar,1787197009699246414
esp32,1787197009744962078
lidar,1787197009800579861
esp32,1787197009844823427
lidar,1787197009903163729
esp32,1787197009945679392
lidar,1787197010000167250
esp32,1787197010045185676
lidar,1787197010104368293
esp32,1787197010144822731
lidar,1787197010201617354
esp32,1787197010244982913
lidar,1787197010299120297
esp32,1787197010344944785
lidar,1787197010400008081
esp32,1787197010444935098
lidar,1787197010502087515
esp32,1787197010544962737
lidar,1787197010601344778
esp32,1787197010645030722
lidar,1787197010702771522
esp32,1787197010744979813
lidar,1787197010800205074
esp32,1787197010844994365
lidar,1787197010901573851
esp32,1787197010944940847
lidar,1787197010998667483
esp32,1787197011045066635
lidar,1787197011098316727
esp32,1787197011144928624
lidar,1787197011202233964
esp32,1787197011244872820
lidar,1787197011303703567
esp32,1787197011344943078
lidar,1787197011398377016
esp32,1787197011444882779
lidar,1787197011497300009
esp32,1787197011545034303
lidar,1787197011596752061
esp32,1787197011645083054
lidar,1787197011698709719
esp32,1787197011744825044
lidar,1787197011794539383
esp32,1787197011844882616
lidar,1787197011898241070
esp32,1787197011964847613
lidar,1787197011997894673
esp32,1787197012045055206
lidar,1787197012101183392
esp32,1787197012144925973
lidar,1787197012199772091
esp32,1787197012244925967
lidar,1787197012301792448
esp32,1787197012344928416
lidar,1787197012404129431
esp32,1787197012444785633
lidar,1787197012497126168
esp32,1787197012544939954
lidar,1787197012606792118
esp32,1787197012644888273
lidar,1787197012697135015
esp32,1787197012745013851
lidar,1787197012799908490
esp32,1787197012844830179
lidar,1787197012904602667
esp32,1787197012944944578
lidar,1787197012999413654
esp32,1787197013044926114
lidar,1787197013099043243
esp32,1787197013144946732
lidar,1787197013197297482
esp32,1787197013244813020
lidar,1787197013298418207
esp32,1787197013344946983
lidar,1787197013398132642
esp32,1787197013444938745
lidar,1787197013497895184
esp32,1787197013544544894
lidar,1787197013596416155
esp32,1787197013644969364
lidar,1787197013696261527
esp32,1787197013744981492
lidar,1787197013794080082
esp32,1787197013844917416
lidar,1787197013898102327
esp32,1787197013944952423
lidar,1787197013993778031
esp32,1787197014045041307
lidar,1787197014099953731
esp32,1787197014144874670
lidar,1787197014193617106
esp32,1787197014244961611
lidar,1787197014293905769
esp32,1787197014344924592
lidar,1787197014394251751
esp32,1787197014443824005
lidar,1787197014495436545
esp32,1787197014544759855
lidar,1787197014594465772
esp32,1787197014644958351
lidar,1787197014697679997
esp32,1787197014745073095
lidar,1787197014798702501
esp32,1787197014864693582
lidar,1787197014904022406
esp32,1787197014945090484
lidar,1787197015004371691
esp32,1787197015045067416
lidar,1787197015099319208
esp32,1787197015144992536
lidar,1787197015197169948
esp32,1787197015245037981
lidar,1787197015296275118
esp32,1787197015345033848
lidar,1787197015395748367
esp32,1787197015444987788
lidar,1787197015496119199
esp32,1787197015544990712
lidar,1787197015597487956
esp32,1787197015645047764
lidar,1787197015696163927
esp32,1787197015745031317
lidar,1787197015795834761
esp32,1787197015844929559
lidar,1787197015898878779
esp32,1787197015945020376
lidar,1787197015995264183
esp32,1787197016045169308
lidar,1787197016095853116
esp32,1787197016144925827
lidar,1787197016198615413
esp32,1787197016244916486
lidar,1787197016298977653
esp32,1787197016344900578
lidar,1787197016398245357
esp32,1787197016444794185
lidar,1787197016499982717
esp32,1787197016545171366
lidar,1787197016591719418
esp32,1787197016644961102
lidar,1787197016691427619
esp32,1787197016745036548
lidar,1787197016794066127
esp32,1787197016844847786
esp32,1787197016944880487
lidar,1787197016998653346
esp32,1787197017044845852
lidar,1787197017093643712
esp32,1787197017144728203
lidar,1787197017194440468
esp32,1787197017244827588
lidar,1787197017292698513
esp32,1787197017344909036
lidar,1787197017392412839
esp32,1787197017444979779
lidar,1787197017493060219
esp32,1787197017544864524
lidar,1787197017594512592
esp32,1787197017644885709
lidar,1787197017693799322
esp32,1787197017744749747
lidar,1787197017798374375
esp32,1787197017844666514
lidar,1787197017894742070
esp32,1787197017964487032
lidar,1787197017993297711
esp32,1787197018044963707
lidar,1787197018094636191
esp32,1787197018144942351
lidar,1787197018194888745
esp32,1787197018244718661
lidar,1787197018292740033
esp32,1787197018344762198
lidar,1787197018391729702
esp32,1787197018444698895
lidar,1787197018492126169
esp32,1787197018544927222
lidar,1787197018591531953
esp32,1787197018644967373
lidar,1787197018691683758
esp32,1787197018744850886
lidar,1787197018791310398
esp32,1787197018845009503
lidar,1787197018890291735
esp32,1787197018944962737
lidar,1787197018990124797
esp32,1787197019043793662
lidar,1787197019090786227
esp32,1787197019144014531
lidar,1787197019190109205
esp32,1787197019243800906
lidar,1787197019289087260
esp32,1787197019344751763
lidar,1787197019389644296
esp32,1787197019444817322
lidar,1787197019497039690
esp32,1787197019544726230
lidar,1787197019590114909
esp32,1787197019644792916
lidar,1787197019691443525
esp32,1787197019744911244
lidar,1787197019794274104
esp32,1787197019844955130
lidar,1787197019891352839
esp32,1787197019944433608
lidar,1787197019993108734
esp32,1787197020045045105
lidar,1787197020095188282
esp32,1787197020144980443
lidar,1787197020192547086
esp32,1787197020244946168
lidar,1787197020292494596
esp32,1787197020344984840
lidar,1787197020390882406
esp32,1787197020444879037
lidar,1787197020492800403
esp32,1787197020544883278
lidar,1787197020597131703
esp32,1787197020644992006
lidar,1787197020688863083
esp32,1787197020744879642
lidar,1787197020788161767
esp32,1787197020844822307
lidar,1787197020888417769
esp32,1787197020944959552
lidar,1787197020988837917
esp32,1787197021044943061
lidar,1787197021091368470
esp32,1787197021144814921
lidar,1787197021190941556
esp32,1787197021244894357
lidar,1787197021287187558
esp32,1787197021345037285
lidar,1787197021390850595
esp32,1787197021444867263
lidar,1787197021486912729
esp32,1787197021545115336
lidar,1787197021587275157
esp32,1787197021644981819
lidar,1787197021692360721
esp32,1787197021744973719
lidar,1787197021788925761
esp32,1787197021845003440
lidar,1787197021888892365
esp32,1787197021944976706
lidar,1787197021988304137
esp32,1787197022045072932
lidar,1787197022092214575
esp32,1787197022144885601
lidar,1787197022191722160
esp32,1787197022244976009
lidar,1787197022293865184
esp32,1787197022344843435
lidar,1787197022391536015
esp32,1787197022444928559
lidar,1787197022487245474
esp32,1787197022544836249
lidar,1787197022586460356
esp32,1787197022645018885
lidar,1787197022687480629
esp32,1787197022745188829
lidar,1787197022790510231
esp32,1787197022844792013
lidar,1787197022887358256
esp32,1787197022944979646
lidar,1787197022990900239
esp32,1787197023044897279
lidar,1787197023086225780
esp32,1787197023145044420
lidar,1787197023184723631
esp32,1787197023245126397
lidar,1787197023287177443
esp32,1787197023345007189
lidar,1787197023387574846
esp32,1787197023445177634
lidar,1787197023488247429
esp32,1787197023544926244
lidar,1787197023586267658
esp32,1787197023644695926
lidar,1787197023686619407
esp32,1787197023744937738
lidar,1787197023786675015
esp32,1787197023844791380
lidar,1787197023887165387
esp32,1787197023944945410
lidar,1787197023986697332
esp32,1787197024045018989
lidar,1787197024088946858
esp32,1787197024144838111
lidar,1787197024188190273
esp32,1787197024244913037
lidar,1787197024287375839
esp32,1787197024344895578
lidar,1787197024388669476
esp32,1787197024444798759
lidar,1787197024486733258
esp32,1787197024544620388
lidar,1787197024590292764
esp32,1787197024644700366
lidar,1787197024692692097
esp32,1787197024745103414
lidar,1787197024783522460
esp32,1787197024844868586
lidar,1787197024883094664
esp32,1787197024944967039
lidar,1787197024982564644
esp32,1787197025045034902
lidar,1787197025082484669
esp32,1787197025144895327
lidar,1787197025181303396
esp32,1787197025244898253
lidar,1787197025283072694
esp32,1787197025345105624
lidar,1787197025380645282
esp32,1787197025444722761
lidar,1787197025483653797
esp32,1787197025544675201
lidar,1787197025580775103
esp32,1787197025644790717
lidar,1787197025682546957
esp32,1787197025744891999
lidar,1787197025780562278
esp32,1787197025844848249
lidar,1787197025882573265
esp32,1787197025944884549
lidar,1787197025982655885
esp32,1787197026044904579
lidar,1787197026083707541
esp32,1787197026144891164
lidar,1787197026183094039
esp32,1787197026244995621
lidar,1787197026282930292
esp32,1787197026344809117
lidar,1787197026389829343
esp32,1787197026444899689
lidar,1787197026491659221
esp32,1787197026545108392
lidar,1787197026581886139
esp32,1787197026644811669
lidar,1787197026685184106
esp32,1787197026744866297
lidar,1787197026783413502
esp32,1787197026844728187
lidar,1787197026884926027
esp32,1787197026945236128
lidar,1787197026983077156
esp32,1787197027045012784
lidar,1787197027085153787
esp32,1787197027144604703
lidar,1787197027182675677
esp32,1787197027245146864
lidar,1787197027280914498
esp32,1787197027344876648
lidar,1787197027379231868
esp32,1787197027464825659
lidar,1787197027478703312
esp32,1787197027544981074
lidar,1787197027578461425
esp32,1787197027664633647
lidar,1787197027678836184
esp32,1787197027744997745
lidar,1787197027780243516
esp32,1787197027844867764
lidar,1787197027880960020
esp32,1787197027944862199
lidar,1787197027980472208
esp32,1787197028045218606
lidar,1787197028081831697
esp32,1787197028144903164
lidar,1787197028184262947
esp32,1787197028244865690
lidar,1787197028281545416
esp32,1787197028344949794
lidar,1787197028382144694
esp32,1787197028444848179
lidar,1787197028482942541
esp32,1787197028545130620
lidar,1787197028583424339
esp32,1787197028644785188
lidar,1787197028686263416
esp32,1787197028744880560
lidar,1787197028779485640
esp32,1787197028844758745
lidar,1787197028880825659
esp32,1787197028944800057
lidar,1787197028980838912
esp32,1787197029043790903
lidar,1787197029078618681
esp32,1787197029143826453
lidar,1787197029178416614
esp32,1787197029244310739
lidar,1787197029277561158
esp32,1787197029344741456
lidar,1787197029378484511
esp32,1787197029444889801
lidar,1787197029478834010
esp32,1787197029545082640
lidar,1787197029580826742
esp32,1787197029644800577
lidar,1787197029679151614
esp32,1787197029744706217
lidar,1787197029781503838
esp32,1787197029844858729
lidar,1787197029880364909
esp32,1787197029944913065
lidar,1787197029982796436
esp32,1787197030045015170
lidar,1787197030079404714
esp32,1787197030145080026
lidar,1787197030180974625
esp32,1787197030244862265
lidar,1787197030280582112
esp32,1787197030345025689
lidar,1787197030382103794
esp32,1787197030445058353
lidar,1787197030482131940
esp32,1787197030544984679
lidar,1787197030578701602
esp32,1787197030643930274
lidar,1787197030682027026
esp32,1787197030745514099
lidar,1787197030777076485
esp32,1787197030844660031
lidar,1787197030883283131
esp32,1787197030945379619
lidar,1787197030978045221
esp32,1787197031045936910
lidar,1787197031075804747
esp32,1787197031145098728
lidar,1787197031175918021
esp32,1787197031244846930
lidar,1787197031276057196
esp32,1787197031344771345
lidar,1787197031376640764
esp32,1787197031444951689
lidar,1787197031475288077
esp32,1787197031544831329
lidar,1787197031576480388
esp32,1787197031644948431
lidar,1787197031675930434
esp32,1787197031744872929
lidar,1787197031776753490
esp32,1787197031844875528
lidar,1787197031876427698
esp32,1787197031944924085
lidar,1787197031976824263
esp32,1787197032045050737
lidar,1787197032077574052
esp32,1787197032144960848
lidar,1787197032180381374
esp32,1787197032243715326
lidar,1787197032276775859
esp32,1787197032344889844
lidar,1787197032377807364
esp32,1787197032445021037
lidar,1787197032479941568
esp32,1787197032545161655
lidar,1787197032581232208
esp32,1787197032645221400
lidar,1787197032678384561
esp32,1787197032745005388
lidar,1787197032781275658
esp32,1787197032844769881
lidar,1787197032884034096
esp32,1787197032945104479
lidar,1787197032975688140
esp32,1787197033045162588
lidar,1787197033074732718
esp32,1787197033145031256
lidar,1787197033179497050
esp32,1787197033245155084
lidar,1787197033275056025
esp32,1787197033344989274
lidar,1787197033374641559
esp32,1787197033444878203
lidar,1787197033475353900
esp32,1787197033544998088
lidar,1787197033574749688
esp32,1787197033644906659
lidar,1787197033676687143
esp32,1787197033745030022
lidar,1787197033776620924
esp32,1787197033845083996
lidar,1787197033879664373
esp32,1787197033945034520
lidar,1787197033977796476
esp32,1787197034044999871
lidar,1787197034076071750
esp32,1787197034144977073
lidar,1787197034176464243
esp32,1787197034243794792
lidar,1787197034277477178
esp32,1787197034344913351
lidar,1787197034377075591
esp32,1787197034444810022
lidar,1787197034478209211
esp32,1787197034544949372
lidar,1787197034575266928
esp32,1787197034645013452
lidar,1787197034678729414
esp32,1787197034745137652
lidar,1787197034773786005
esp32,1787197034844854204
lidar,1787197034881150956
esp32,1787197034944875120
lidar,1787197034975488913
esp32,1787197035044992155
lidar,1787197035074384145
esp32,1787197035145010975
lidar,1787197035175133032
esp32,1787197035245187994
lidar,1787197035271917142
esp32,1787197035344892591
lidar,1787197035375996525
esp32,1787197035444923552
lidar,1787197035473105356
esp32,1787197035544984678
lidar,1787197035573682868
esp32,1787197035644932642
lidar,1787197035671524800
esp32,1787197035745078236
lidar,1787197035772266152
esp32,1787197035845040387
lidar,1787197035872130840
esp32,1787197035945026870
lidar,1787197035972201120
esp32,1787197036045151280
lidar,1787197036076663897
esp32,1787197036145011142
lidar,1787197036173042200
esp32,1787197036245192263
lidar,1787197036282258068
esp32,1787197036345084098
lidar,1787197036373742261
esp32,1787197036444994970
lidar,1787197036475640230
esp32,1787197036545038981
lidar,1787197036576009238
esp32,1787197036644917129
lidar,1787197036679329226
esp32,1787197036745022461
lidar,1787197036775276338
esp32,1787197036844936954
lidar,1787197036878931302
esp32,1787197036944979435
lidar,1787197036971989796
esp32,1787197037045154123
lidar,1787197037073220529
esp32,1787197037144982810
lidar,1787197037171778909
esp32,1787197037245171809
lidar,1787197037272442576
esp32,1787197037345140941
lidar,1787197037371914209
esp32,1787197037444979600
lidar,1787197037471535882
esp32,1787197037544930027
lidar,1787197037570091906
esp32,1787197037644989354
lidar,1787197037669438564
esp32,1787197037744929168
lidar,1787197037769637204
esp32,1787197037844998523
lidar,1787197037873331093
esp32,1787197037945026959
lidar,1787197037969235061
esp32,1787197038045189213
lidar,1787197038070646182
esp32,1787197038145092908
lidar,1787197038168928081
esp32,1787197038264782141
lidar,1787197038271078526
esp32,1787197038345110458
lidar,1787197038371457941
esp32,1787197038444957423
lidar,1787197038469640629
esp32,1787197038543808190
lidar,1787197038570729992
esp32,1787197038644855354
lidar,1787197038677498903
esp32,1787197038744185959
lidar,1787197038775951299
esp32,1787197038844965282
lidar,1787197038872361583
esp32,1787197038944974212
lidar,1787197038972416011
esp32,1787197039043933657
lidar,1787197039072233262
esp32,1787197039143854505
lidar,1787197039173826833
esp32,1787197039243920812
lidar,1787197039271851053
esp32,1787197039344848589
lidar,1787197039373574012
esp32,1787197039445046943
lidar,1787197039471035699
esp32,1787197039544957082
lidar,1787197039570070767
esp32,1787197039644949295
lidar,1787197039670467249
esp32,1787197039745058918
lidar,1787197039772687548
esp32,1787197039844928689
lidar,1787197039871973715
esp32,1787197039945069627
lidar,1787197039968703091
esp32,1787197040045234259
lidar,1787197040069419392
esp32,1787197040145053324
lidar,1787197040171123229
esp32,1787197040245199663
lidar,1787197040270156196
esp32,1787197040345200387
lidar,1787197040372911775
esp32,1787197040444920960
lidar,1787197040472985997
esp32,1787197040544924329
lidar,1787197040570720460
esp32,1787197040644686867
lidar,1787197040678045122
esp32,1787197040745008761
lidar,1787197040772253941
esp32,1787197040844752108
lidar,1787197040874375111
esp32,1787197040945076139
lidar,1787197040979666074
esp32,1787197041045121517
lidar,1787197041076355956
esp32,1787197041145033858
lidar,1787197041178729043
esp32,1787197041245023413
lidar,1787197041269794780
esp32,1787197041345024699
lidar,1787197041369405627
esp32,1787197041445031500
lidar,1787197041467781913
esp32,1787197041544901524
lidar,1787197041568311042
esp32,1787197041644655429
lidar,1787197041667835375
esp32,1787197041744948174
lidar,1787197041769488093
esp32,1787197041844849155
lidar,1787197041867238627
esp32,1787197041945010098
lidar,1787197041967110383
esp32,1787197042045101151
lidar,1787197042067322846
esp32,1787197042145072208
lidar,1787197042168715403
esp32,1787197042245027887
lidar,1787197042267228008
esp32,1787197042345032319
lidar,1787197042365537971
esp32,1787197042445044610
lidar,1787197042468419086
esp32,1787197042544956426
lidar,1787197042569860513
esp32,1787197042644698637
lidar,1787197042668363479
esp32,1787197042744824620
lidar,1787197042767715535
esp32,1787197042844804090
lidar,1787197042864832015
esp32,1787197042944941271
lidar,1787197042965521813
esp32,1787197043045079868
lidar,1787197043066554020
esp32,1787197043145000693
lidar,1787197043169049078
esp32,1787197043245106047
lidar,1787197043268304328
esp32,1787197043345039118
lidar,1787197043367890891
esp32,1787197043445048418
lidar,1787197043467217627
esp32,1787197043545030774
lidar,1787197043567019516
esp32,1787197043644679220
lidar,1787197043668746961
esp32,1787197043744961594
lidar,1787197043767285450
esp32,1787197043845003773
lidar,1787197043868496333
esp32,1787197043944896547
lidar,1787197043966979132
esp32,1787197044045185799
lidar,1787197044066736712
esp32,1787197044144926468
lidar,1787197044166448095
esp32,1787197044244890702
lidar,1787197044266477262
esp32,1787197044344761667
lidar,1787197044366922886
esp32,1787197044444866204
lidar,1787197044465861745
esp32,1787197044544782877
lidar,1787197044565775263
esp32,1787197044644816896
lidar,1787197044664021155
esp32,1787197044744829987
lidar,1787197044767013837
esp32,1787197044844830081
lidar,1787197044863299838
esp32,1787197044944825522
lidar,1787197044967761394
esp32,1787197045044870926
lidar,1787197045076464499
esp32,1787197045144884952
lidar,1787197045162403980
esp32,1787197045245007574
lidar,1787197045262422822
esp32,1787197045344787146
lidar,1787197045376751678
esp32,1787197045444901020
lidar,1787197045466095265
esp32,1787197045544830721
lidar,1787197045562862116
esp32,1787197045645088722
lidar,1787197045663223721
esp32,1787197045745055762
lidar,1787197045763115546
esp32,1787197045845131144
lidar,1787197045862839061
esp32,1787197045945075773
lidar,1787197045963858617
esp32,1787197046044842141
lidar,1787197046065579145
esp32,1787197046144885527
lidar,1787197046163854530
esp32,1787197046244844738
lidar,1787197046263926126
esp32,1787197046344871199
lidar,1787197046366679210
esp32,1787197046444650023
lidar,1787197046466965003
esp32,1787197046545009959
lidar,1787197046565281292
esp32,1787197046644652928
lidar,1787197046667161921
esp32,1787197046744953531
lidar,1787197046770550396
esp32,1787197046844702346
lidar,1787197046865853193
esp32,1787197046944904447
lidar,1787197046962243598
esp32,1787197047044911001
lidar,1787197047067352975
esp32,1787197047144882757
lidar,1787197047162727505
esp32,1787197047244806994
lidar,1787197047263943436
esp32,1787197047345026840
lidar,1787197047361571414
esp32,1787197047444972288
lidar,1787197047463256148
esp32,1787197047545004509
lidar,1787197047559763195
esp32,1787197047644694269
lidar,1787197047660176312
esp32,1787197047744961024
lidar,1787197047760712230
esp32,1787197047845054122
lidar,1787197047860859618
esp32,1787197047945128339
lidar,1787197047964295801
esp32,1787197048045175232
lidar,1787197048060834259
esp32,1787197048144903751
lidar,1787197048167334969
esp32,1787197048244938185
lidar,1787197048262496869
esp32,1787197048345093976
lidar,1787197048393980001
esp32,1787197048444968292
lidar,1787197048464024810
esp32,1787197048545112037
lidar,1787197048563174436
esp32,1787197048644707149
lidar,1787197048664458323
esp32,1787197048745052621
lidar,1787197048767214041
esp32,1787197048845169589
lidar,1787197048863138147
esp32,1787197048945062839
lidar,1787197048966413870
esp32,1787197049043890593
lidar,1787197049062937258
esp32,1787197049143877410
lidar,1787197049172973347
esp32,1787197049243942874
lidar,1787197049267924653
esp32,1787197049344835215
lidar,1787197049369619218
esp32,1787197049445084233
lidar,1787197049461724898
esp32,1787197049544871265
lidar,1787197049562758948
esp32,1787197049644941194
lidar,1787197049660768418
esp32,1787197049744896747
lidar,1787197049760308600
esp32,1787197049844938736
lidar,1787197049859275616
esp32,1787197049945147233
lidar,1787197049960275692
esp32,1787197050045143936
lidar,1787197050059514566
esp32,1787197050145018175
lidar,1787197050161448846
esp32,1787197050244939160
lidar,1787197050259471207
esp32,1787197050345165126
lidar,1787197050362758354
esp32,1787197050445081552
lidar,1787197050459749192
esp32,1787197050545149482
lidar,1787197050561330571
esp32,1787197050645073003
lidar,1787197050659501925
esp32,1787197050744915643
lidar,1787197050762009578
esp32,1787197050844957837
lidar,1787197050863720989
esp32,1787197050945017427
lidar,1787197050966912031
esp32,1787197051045039350
lidar,1787197051061645972
esp32,1787197051145001623
lidar,1787197051163647857
esp32,1787197051244873101
lidar,1787197051261701831
esp32,1787197051345003574
lidar,1787197051361420112
esp32,1787197051444956334
lidar,1787197051462478577
esp32,1787197051544831627
lidar,1787197051562777734
esp32,1787197051645106741
lidar,1787197051662522650
esp32,1787197051745096806
lidar,1787197051772458206
esp32,1787197051844889219
lidar,1787197051862492630
esp32,1787197051945015279
lidar,1787197051959047763
esp32,1787197052045183450
lidar,1787197052059053876
esp32,1787197052145054972
lidar,1787197052159981061
esp32,1787197052245027165
lidar,1787197052258765452
esp32,1787197052345130440
lidar,1787197052358672703
esp32,1787197052445007282
lidar,1787197052458341014
esp32,1787197052545150058
lidar,1787197052558644950
esp32,1787197052644784242
esp32,1787197052745046871
lidar,1787197052763239094
esp32,1787197052845038058
lidar,1787197052859413344
esp32,1787197052944675571
lidar,1787197052962380769
esp32,1787197053045078814
lidar,1787197053061257372
esp32,1787197053145041464
lidar,1787197053163809282
esp32,1787197053244916481
lidar,1787197053261034904
esp32,1787197053345080323
lidar,1787197053364034282
esp32,1787197053464888240
lidar,1787197053466747029
esp32,1787197053545164124
lidar,1787197053559739860
esp32,1787197053645181608
lidar,1787197053670037383
esp32,1787197053745002393
lidar,1787197053760473901
esp32,1787197053845040793
lidar,1787197053857392113
esp32,1787197053945030311
lidar,1787197053957152280
esp32,1787197054045158955
lidar,1787197054056714228
esp32,1787197054145043078
lidar,1787197054155846880
esp32,1787197054244908736
lidar,1787197054258079985
esp32,1787197054345113841
lidar,1787197054355819788
esp32,1787197054444899448
lidar,1787197054454504100
esp32,1787197054544845590
lidar,1787197054553809259
esp32,1787197054645020323
lidar,1787197054654173109
esp32,1787197054744959314
lidar,1787197054758364379
esp32,1787197054844891767
lidar,1787197054856912917
esp32,1787197054944725435
lidar,1787197054958809545
esp32,1787197055044860067
lidar,1787197055063455118
esp32,1787197055144864440
lidar,1787197055153216671
esp32,1787197055244989407
lidar,1787197055253772764
esp32,1787197055345007690
lidar,1787197055353643724
esp32,1787197055444985389
lidar,1787197055456349168
esp32,1787197055544959293
lidar,1787197055558052115
esp32,1787197055645088688
lidar,1787197055657630274
esp32,1787197055744981646
lidar,1787197055757882619
esp32,1787197055844999662
lidar,1787197055856436903
esp32,1787197055944985736
lidar,1787197055953816213
esp32,1787197056045104483
lidar,1787197056055202465
esp32,1787197056145016661
lidar,1787197056152751359
esp32,1787197056244931012
lidar,1787197056252481660
esp32,1787197056345006499
lidar,1787197056353034417
esp32,1787197056444897675
lidar,1787197056452935384
esp32,1787197056544896662
lidar,1787197056551980372
esp32,1787197056645002917
lidar,1787197056652527709
esp32,1787197056744921396
lidar,1787197056750737277
esp32,1787197056844807171
lidar,1787197056851441755
esp32,1787197056945001581
lidar,1787197056952404215
esp32,1787197057045087889
lidar,1787197057056094779
esp32,1787197057144858593
lidar,1787197057156087552
esp32,1787197057244934990
lidar,1787197057257516590
esp32,1787197057344802617
lidar,1787197057358161903
esp32,1787197057445000223
lidar,1787197057451007892
esp32,1787197057544688615
lidar,1787197057551237821
esp32,1787197057645010174
lidar,1787197057651110485
esp32,1787197057744935093
lidar,1787197057756436055
esp32,1787197057845123974
lidar,1787197057854999838
esp32,1787197057944962292
lidar,1787197057952768572
esp32,1787197058045139677
lidar,1787197058050207614
esp32,1787197058145101959
lidar,1787197058149530321
esp32,1787197058245104074
lidar,1787197058248649479
esp32,1787197058345062497
lidar,1787197058350691915
esp32,1787197058445101645
lidar,1787197058448248041
esp32,1787197058544897316
lidar,1787197058547678991
esp32,1787197058645004828
lidar,1787197058647645988
esp32,1787197058744979135
lidar,1787197058754266722
esp32,1787197058844893559
lidar,1787197058851578637
esp32,1787197058944762283
lidar,1787197058949923961
esp32,1787197059043862311
lidar,1787197059046346819
esp32,1787197059143753533
lidar,1787197059146395796
esp32,1787197059243903729
lidar,1787197059246504377
esp32,1787197059344809816
lidar,1787197059347184228
esp32,1787197059444904750
lidar,1787197059449518636
esp32,1787197059544844475
lidar,1787197059550565619
esp32,1787197059645102430
lidar,1787197059649047007
esp32,1787197059744839691
lidar,1787197059750984951
esp32,1787197059844985870
lidar,1787197059849411491
esp32,1787197059944927025
lidar,1787197059950710093
esp32,1787197060045400731
lidar,1787197060048852300
esp32,1787197060144874912
lidar,1787197060146997495
esp32,1787197060245039604
lidar,1787197060246086315
esp32,1787197060344940227
lidar,1787197060346498316
esp32,1787197060445434475
lidar,1787197060446392745
esp32,1787197060544784751
lidar,1787197060545669251
esp32,1787197060644897567
lidar,1787197060645959792
esp32,1787197060744801846
lidar,1787197060748085762
esp32,1787197060845011152
lidar,1787197060846311061
lidar,1787197060973683844
esp32,1787197060984165927
esp32,1787197061044893358
lidar,1787197061052063973
esp32,1787197061145064803
lidar,1787197061146748648
esp32,1787197061245141387
lidar,1787197061249728682
esp32,1787197061344846269
lidar,1787197061349845816
esp32,1787197061444865268
lidar,1787197061451663720
esp32,1787197061545224141
lidar,1787197061547275803
esp32,1787197061644979563
lidar,1787197061646479738
esp32,1787197061744751342
lidar,1787197061745900912
esp32,1787197061845027611
lidar,1787197061847096400
esp32,1787197061944996779
lidar,1787197061946780933
esp32,1787197062045085707
lidar,1787197062047437945
esp32,1787197062144781134
lidar,1787197062145978522
esp32,1787197062245086856
lidar,1787197062246321836
lidar,1787197062343989353
esp32,1787197062345068989
lidar,1787197062443652328
esp32,1787197062444825519
lidar,1787197062542638169
esp32,1787197062544742984
esp32,1787197062644967619
lidar,1787197062646026686
esp32,1787197062744806393
lidar,1787197062753835777
lidar,1787197062844785319
esp32,1787197062864743523
esp32,1787197062945303421
lidar,1787197062947953608
esp32,1787197063044238513
lidar,1787197063048505125
esp32,1787197063144913140
lidar,1787197063146836390
lidar,1787197063242836454
esp32,1787197063244768051
lidar,1787197063343625454
esp32,1787197063344854040
lidar,1787197063443951682
esp32,1787197063444993256
esp32,1787197063544829373
lidar,1787197063545621788
lidar,1787197063645361853
esp32,1787197063664710902
esp32,1787197063744744828
lidar,1787197063745936898
lidar,1787197063843200909
esp32,1787197063844629461
lidar,1787197063943676233
esp32,1787197063944879308
esp32,1787197064044827409
lidar,1787197064048518472
lidar,1787197064144091618
esp32,1787197064144864793
lidar,1787197064242598318
esp32,1787197064244607876
lidar,1787197064342824374
esp32,1787197064344669271
lidar,1787197064442291705
esp32,1787197064444602336
lidar,1787197064541311981
esp32,1787197064545221185
lidar,1787197064641956438
esp32,1787197064644425502
lidar,1787197064740956575
esp32,1787197064744496145
lidar,1787197064840692287
esp32,1787197064844828930
lidar,1787197064941247598
esp32,1787197064944640274
lidar,1787197065043485898
esp32,1787197065044396102
esp32,1787197065144759741
lidar,1787197065146434013
lidar,1787197065242424762
esp32,1787197065244529251
lidar,1787197065346455177
esp32,1787197065364155604
esp32,1787197065445011340
lidar,1787197065451240617
esp32,1787197065544903491
lidar,1787197065548048652
lidar,1787197065642970399
esp32,1787197065644646329
esp32,1787197065744829888
lidar,1787197065745579862
esp32,1787197065845061756
lidar,1787197065856684514
lidar,1787197065941777159
esp32,1787197065944648189
lidar,1787197066042057636
esp32,1787197066045330784
lidar,1787197066141166614
esp32,1787197066145148056
lidar,1787197066240833176
esp32,1787197066244768464
lidar,1787197066339848454
esp32,1787197066344803057
lidar,1787197066439370406
esp32,1787197066444629789
lidar,1787197066539313790
esp32,1787197066544874815
lidar,1787197066643805764
esp32,1787197066664207640
lidar,1787197066739258960
esp32,1787197066744819448
lidar,1787197066839617310
esp32,1787197066844552889
lidar,1787197066942766425
esp32,1787197066944485652
lidar,1787197067046186276
esp32,1787197067064215327
lidar,1787197067144493383
esp32,1787197067164498929
lidar,1787197067242828335
esp32,1787197067244576065
lidar,1787197067340618530
esp32,1787197067344550064
lidar,1787197067438390748
esp32,1787197067444586395
lidar,1787197067540739387
esp32,1787197067544673344
lidar,1787197067642948486
esp32,1787197067644666109
lidar,1787197067740401386
esp32,1787197067744627104
lidar,1787197067842250212
esp32,1787197067844690679
lidar,1787197067939021876
esp32,1787197067964675249
lidar,1787197068041820975
esp32,1787197068044880294
lidar,1787197068139142697
esp32,1787197068144582392
lidar,1787197068237912055
esp32,1787197068244667843
lidar,1787197068337704272
esp32,1787197068344637960
lidar,1787197068437983797
esp32,1787197068444620472
lidar,1787197068537271270
esp32,1787197068544595834
lidar,1787197068638897162
esp32,1787197068644656752
lidar,1787197068737186396
esp32,1787197068744617308
lidar,1787197068838694988
esp32,1787197068844687702
lidar,1787197068940040637
esp32,1787197068944652244
lidar,1787197069046662979
esp32,1787197069063844553
lidar,1787197069144997679
esp32,1787197069163941942
lidar,1787197069247862940
esp32,1787197069263760291
lidar,1787197069343297013
esp32,1787197069364098021
lidar,1787197069441691443
esp32,1787197069444654378
lidar,1787197069543153648
esp32,1787197069545135001
lidar,1787197069645626142
esp32,1787197069664899806
lidar,1787197069738956047
esp32,1787197069744668852
lidar,1787197069841453621
esp32,1787197069844707066
lidar,1787197069939613431
esp32,1787197069944699521
lidar,1787197070038899728
esp32,1787197070064867106
lidar,1787197070137792744
esp32,1787197070144836618
lidar,1787197070237131314
esp32,1787197070244699283
lidar,1787197070339797487
esp32,1787197070344742715
lidar,1787197070441894128
esp32,1787197070444696894
lidar,1787197070537645718
esp32,1787197070544843877
lidar,1787197070639395663
esp32,1787197070644647609
lidar,1787197070738381734
esp32,1787197070744767121
lidar,1787197070837943676
esp32,1787197070844709412
lidar,1787197070937191792
esp32,1787197070945972941
lidar,1787197071039530595
esp32,1787197071044646889
lidar,1787197071140232705
esp32,1787197071144451085
lidar,1787197071242068294
esp32,1787197071244738118
lidar,1787197071342427783
esp32,1787197071344754597
esp32,1787197071445267347
lidar,1787197071446184092
lidar,1787197071537772580
esp32,1787197071544849564
lidar,1787197071641564010
esp32,1787197071644769852
lidar,1787197071737744464
esp32,1787197071744669666
lidar,1787197071839436084
esp32,1787197071844654668
lidar,1787197071937031838
esp32,1787197071944489999
lidar,1787197072041172266
esp32,1787197072044767869
lidar,1787197072138482632
esp32,1787197072144732359
lidar,1787197072239044274
esp32,1787197072245074465
lidar,1787197072340534676
esp32,1787197072344661689
lidar,1787197072438253647
esp32,1787197072444715311
lidar,1787197072537057261
esp32,1787197072544712530
lidar,1787197072646619974
esp32,1787197072664722722
lidar,1787197072737099006
esp32,1787197072744571794
lidar,1787197072836710193
esp32,1787197072844682950
lidar,1787197072938431150
esp32,1787197072944586674
lidar,1787197073038762873
esp32,1787197073064806518
lidar,1787197073139412403
esp32,1787197073144408593
lidar,1787197073241832940
esp32,1787197073244499764
lidar,1787197073338665324
esp32,1787197073344516463
lidar,1787197073445182954
esp32,1787197073464686288
lidar,1787197073539600988
esp32,1787197073544676877
lidar,1787197073639848427
esp32,1787197073644875736
lidar,1787197073742300218
esp32,1787197073745572973
lidar,1787197073870734255
esp32,1787197073884647528
lidar,1787197073932865138
esp32,1787197073964331057
lidar,1787197074034359902
esp32,1787197074045334271
lidar,1787197074137307249
esp32,1787197074144761228
lidar,1787197074236889406
esp32,1787197074244789567
lidar,1787197074332209739
esp32,1787197074345144178
lidar,1787197074432528811
esp32,1787197074445176048
lidar,1787197074537353503
esp32,1787197074544794856
lidar,1787197074631425254
esp32,1787197074644854543
lidar,1787197074732332932
esp32,1787197074744740573
lidar,1787197074832542978
esp32,1787197074844805155
lidar,1787197074938654200
esp32,1787197074944699474
lidar,1787197075040086237
esp32,1787197075044986429
lidar,1787197075138562027
esp32,1787197075144564588
lidar,1787197075236236092
esp32,1787197075244753075
lidar,1787197075334069154
esp32,1787197075345131782
lidar,1787197075439986210
esp32,1787197075444901566
lidar,1787197075540147463
esp32,1787197075544763015
lidar,1787197075633396901
esp32,1787197075644823630
lidar,1787197075733805048
esp32,1787197075744713518
lidar,1787197075835576814
esp32,1787197075864755331
lidar,1787197075931641734
esp32,1787197075944607326
lidar,1787197076029846195
esp32,1787197076064749801
lidar,1787197076129553991
esp32,1787197076144809736
lidar,1787197076229500375
esp32,1787197076245042455
lidar,1787197076331111110
esp32,1787197076344558735
lidar,1787197076429115077
esp32,1787197076445162782
lidar,1787197076529273779
esp32,1787197076544804299
lidar,1787197076629554062
esp32,1787197076645009454
lidar,1787197076729832945
esp32,1787197076744938519
lidar,1787197076830563299
esp32,1787197076845022734
lidar,1787197076932223907
esp32,1787197076944949131
lidar,1787197077030606215
esp32,1787197077045177610
lidar,1787197077132332202
esp32,1787197077144502582
lidar,1787197077235530964
esp32,1787197077244620706
lidar,1787197077331173678
esp32,1787197077344824049
lidar,1787197077432294395
esp32,1787197077444917992
lidar,1787197077531872399
esp32,1787197077544971961
lidar,1787197077640233268
esp32,1787197077664702046
lidar,1787197077739820974
esp32,1787197077764606472
lidar,1787197077829840482
esp32,1787197077864656583
lidar,1787197077938418011
esp32,1787197077964168443
lidar,1787197078029119419
esp32,1787197078064702282
lidar,1787197078132317693
esp32,1787197078164805660
lidar,1787197078229006479
esp32,1787197078264828098
lidar,1787197078328016070
esp32,1787197078344976075
lidar,1787197078427839030
esp32,1787197078445010365
lidar,1787197078526410512
esp32,1787197078544781140
lidar,1787197078626362085
esp32,1787197078645053297
lidar,1787197078726785876
esp32,1787197078744834340
lidar,1787197078826595120
esp32,1787197078845025268
lidar,1787197078933790859
esp32,1787197078964798231
lidar,1787197079027032209
esp32,1787197079063967206
lidar,1787197079128166463
esp32,1787197079143989785
lidar,1787197079230091678
esp32,1787197079243872036
lidar,1787197079331986180
esp32,1787197079344471114
lidar,1787197079431176729
esp32,1787197079445203890
lidar,1787197079536859808
esp32,1787197079564623065
lidar,1787197079638793688
esp32,1787197079664239596
lidar,1787197079728912424
esp32,1787197079764733658
lidar,1787197079829344736
esp32,1787197079864736257
lidar,1787197079932683951
esp32,1787197079964728322
lidar,1787197080030767290
esp32,1787197080064688259
lidar,1787197080133150603
esp32,1787197080164622403
lidar,1787197080228018204
esp32,1787197080264731737
lidar,1787197080326939433
esp32,1787197080364721048
lidar,1787197080427202577
esp32,1787197080464738070
lidar,1787197080525487537
esp32,1787197080544639252
lidar,1787197080631548776
esp32,1787197080664627430
lidar,1787197080725861781
esp32,1787197080744971464
lidar,1787197080824874537
esp32,1787197080844623313
lidar,1787197080927267841
esp32,1787197080944549908
lidar,1787197081024871333
esp32,1787197081044893452
lidar,1787197081126129816
esp32,1787197081164863322
lidar,1787197081229417372
esp32,1787197081264638104
lidar,1787197081330424500
esp32,1787197081364821891
lidar,1787197081427544881
esp32,1787197081464792722
lidar,1787197081529588617
esp32,1787197081564147304
lidar,1787197081626327462
esp32,1787197081664840953
lidar,1787197081733245084
esp32,1787197081764619835
lidar,1787197081837034009
esp32,1787197081864853492
lidar,1787197081933421667
esp32,1787197081964839423
lidar,1787197082026436338
esp32,1787197082064736529
lidar,1787197082125079716
esp32,1787197082164769968
lidar,1787197082225112936
esp32,1787197082264521530
lidar,1787197082327156068
esp32,1787197082344826434
lidar,1787197082424010759
esp32,1787197082464716739
lidar,1787197082523535423
esp32,1787197082565007062
lidar,1787197082623765660
esp32,1787197082644934350
lidar,1787197082758298132
esp32,1787197082764634471
lidar,1787197082825495693
esp32,1787197082864731577
lidar,1787197082928602144
esp32,1787197082964757434
lidar,1787197083027291189
esp32,1787197083064705834
lidar,1787197083123881474
esp32,1787197083164817347
lidar,1787197083224167308
esp32,1787197083264533777
lidar,1787197083327690836
esp32,1787197083364729276
lidar,1787197083427687801
esp32,1787197083464543140
lidar,1787197083529740280
esp32,1787197083564627832
lidar,1787197083624188200
esp32,1787197083644497225
lidar,1787197083734529887
esp32,1787197083744613928
lidar,1787197083825521421
esp32,1787197083844768168
lidar,1787197083941526651
esp32,1787197083944565054
lidar,1787197084048542746
esp32,1787197084064399102
lidar,1787197084130105720
esp32,1787197084164673615
lidar,1787197084228805828
esp32,1787197084244627240
lidar,1787197084324086952
esp32,1787197084345186858
lidar,1787197084424096726
esp32,1787197084444866616
lidar,1787197084523852943
esp32,1787197084544734676
lidar,1787197084627468628
esp32,1787197084664677609
lidar,1787197084722692073
esp32,1787197084764726657
lidar,1787197084828384947
esp32,1787197084864625999
lidar,1787197084923788212
esp32,1787197084964763211
lidar,1787197085022763438
esp32,1787197085064661188
lidar,1787197085122573656
esp32,1787197085164808789
lidar,1787197085222570253
esp32,1787197085264681717
lidar,1787197085324457176
esp32,1787197085364706504
lidar,1787197085422103663
esp32,1787197085464748576
lidar,1787197085526854533
esp32,1787197085564627416
lidar,1787197085625772720
esp32,1787197085664719100
lidar,1787197085722139951
esp32,1787197085764712637
lidar,1787197085825950509
esp32,1787197085864738542
lidar,1787197085927551877
esp32,1787197085944940352
lidar,1787197086019928542
esp32,1787197086045048224
lidar,1787197086119558188
esp32,1787197086144921183
lidar,1787197086220104950
esp32,1787197086264702629
lidar,1787197086319772449
esp32,1787197086344763436
lidar,1787197086419878091
esp32,1787197086445163196
lidar,1787197086523183033
esp32,1787197086544936091
lidar,1787197086622746536
esp32,1787197086664632934
lidar,1787197086720945688
esp32,1787197086764888711
lidar,1787197086822295697
esp32,1787197086864863255
lidar,1787197086921247090
esp32,1787197086964883060
lidar,1787197087020334362
esp32,1787197087064908397
lidar,1787197087120106376
esp32,1787197087164892926
lidar,1787197087225010168
esp32,1787197087264861352
lidar,1787197087323339352
esp32,1787197087364868738
lidar,1787197087446642613
esp32,1787197087464863316
lidar,1787197087524154731
esp32,1787197087564751527
lidar,1787197087626741306
esp32,1787197087664861221
lidar,1787197087717252608
esp32,1787197087744673180
lidar,1787197087817173551
esp32,1787197087844422305
lidar,1787197087917127695
esp32,1787197087945160721
lidar,1787197088021851077
esp32,1787197088064872360
lidar,1787197088120952895
esp32,1787197088144907719
lidar,1787197088219703904
esp32,1787197088264751391
lidar,1787197088322538446
esp32,1787197088364885505
lidar,1787197088419762942
esp32,1787197088464759792
lidar,1787197088526471028
esp32,1787197088564587649
lidar,1787197088622630335
esp32,1787197088664866303
lidar,1787197088723978359
esp32,1787197088764800949
lidar,1787197088820924398
esp32,1787197088864860165
lidar,1787197088920931468
esp32,1787197088964853242
lidar,1787197089019829888
esp32,1787197089063818148
lidar,1787197089120144122
esp32,1787197089163936522
lidar,1787197089219688156
esp32,1787197089263824376
lidar,1787197089318989802
esp32,1787197089364716588
lidar,1787197089422107034
esp32,1787197089464786652
lidar,1787197089517963964
esp32,1787197089544746437
lidar,1787197089620140407
esp32,1787197089644941750
lidar,1787197089720894484
esp32,1787197089744728409
lidar,1787197089817925128
esp32,1787197089845075425
lidar,1787197089920650469
esp32,1787197089945033422
lidar,1787197090023696376
esp32,1787197090064724782
lidar,1787197090118464730
esp32,1787197090164702424
lidar,1787197090215658068
esp32,1787197090264893897
lidar,1787197090320059079
esp32,1787197090364541473
lidar,1787197090418743638
esp32,1787197090464791617
lidar,1787197090517797487
esp32,1787197090564539454
lidar,1787197090617618330
esp32,1787197090664820511
lidar,1787197090717813867
esp32,1787197090764620142
lidar,1787197090817590107
esp32,1787197090864714704
lidar,1787197090928550949
esp32,1787197090964777208
lidar,1787197091020025507
esp32,1787197091064785142
lidar,1787197091117652576
esp32,1787197091164782060
lidar,1787197091218098454
esp32,1787197091264723962
lidar,1787197091318597225
esp32,1787197091344911507
lidar,1787197091416913871
esp32,1787197091444847931
lidar,1787197091517719642
esp32,1787197091544829963
lidar,1787197091629157039
esp32,1787197091644570628
lidar,1787197091722200462
esp32,1787197091764182556
lidar,1787197091819537255
esp32,1787197091864767600
lidar,1787197091916129205
esp32,1787197091964653989
lidar,1787197092014113458
esp32,1787197092064818332
lidar,1787197092115530052
esp32,1787197092164843356
lidar,1787197092214768949
esp32,1787197092263961544
lidar,1787197092316923758
esp32,1787197092364691243
lidar,1787197092417425056
esp32,1787197092445174408
lidar,1787197092516427040
esp32,1787197092564678679
lidar,1787197092618706559
esp32,1787197092644878515
lidar,1787197092716760720
esp32,1787197092764414540
lidar,1787197092814126940
esp32,1787197092864733241
lidar,1787197092914225280
esp32,1787197092964737189
lidar,1787197093014372073
esp32,1787197093044949222
lidar,1787197093115252899
esp32,1787197093144126997
lidar,1787197093215276943
esp32,1787197093244184668
lidar,1787197093317457379
esp32,1787197093344974612
lidar,1787197093417439017
esp32,1787197093444175605
lidar,1787197093516985104
esp32,1787197093564620062
lidar,1787197093615790696
esp32,1787197093664672586
lidar,1787197093716298708
esp32,1787197093764563041
lidar,1787197093816454881
esp32,1787197093864740549
lidar,1787197093923307748
esp32,1787197093964726300
lidar,1787197094016511088
esp32,1787197094064834614
lidar,1787197094127145521
esp32,1787197094164709967
lidar,1787197094221932233
esp32,1787197094284786068
lidar,1787197094314654961
esp32,1787197094364739660
lidar,1787197094414271958
esp32,1787197094464617510
lidar,1787197094514689758
esp32,1787197094563890441
lidar,1787197094611604441
esp32,1787197094664843744
lidar,1787197094712892621
esp32,1787197094764659362
lidar,1787197094811877108
esp32,1787197094844718667
lidar,1787197094912498631
esp32,1787197094944879800
lidar,1787197095015679830
esp32,1787197095044981090
lidar,1787197095113098793
esp32,1787197095144974914
lidar,1787197095214126052
esp32,1787197095264800353
lidar,1787197095314185802
esp32,1787197095364880297
lidar,1787197095413780190
esp32,1787197095464726250
lidar,1787197095514495526
esp32,1787197095564697007
lidar,1787197095614289907
esp32,1787197095664907591
lidar,1787197095717046962
esp32,1787197095764681316
lidar,1787197095818785520
esp32,1787197095864708554
lidar,1787197095914300691
esp32,1787197095964739113
lidar,1787197096012491475
esp32,1787197096064875559
lidar,1787197096112403658
esp32,1787197096164836263
lidar,1787197096212674748
esp32,1787197096264812608
lidar,1787197096314969740
esp32,1787197096364748215
lidar,1787197096412292677
esp32,1787197096464785076
lidar,1787197096515335303
esp32,1787197096565076038
lidar,1787197096616812388
esp32,1787197096664811613
lidar,1787197096713367234
esp32,1787197096744945607
lidar,1787197096816215775
esp32,1787197096864713619
lidar,1787197096912942101
esp32,1787197096964737489
lidar,1787197097012190590
esp32,1787197097064976564
lidar,1787197097112852550
esp32,1787197097164865677
lidar,1787197097213072426
esp32,1787197097264622618
lidar,1787197097313318862
esp32,1787197097364726364
lidar,1787197097413801338
esp32,1787197097464529340
lidar,1787197097514741614
esp32,1787197097564759486
lidar,1787197097616199164
esp32,1787197097664809521
lidar,1787197097714187109
esp32,1787197097764808511
lidar,1787197097813191562
esp32,1787197097864881363
lidar,1787197097915790618
esp32,1787197097964843110
lidar,1787197098014682596
esp32,1787197098064920071
lidar,1787197098113366283
esp32,1787197098164905988
lidar,1787197098214777868
esp32,1787197098264848149
lidar,1787197098320501908
esp32,1787197098363866656
lidar,1787197098412891157
esp32,1787197098464825674
lidar,1787197098510464851
esp32,1787197098545262752
lidar,1787197098610767253
esp32,1787197098644739776
lidar,1787197098714696544
esp32,1787197098745165343
lidar,1787197098810775503
esp32,1787197098844785934
lidar,1787197098909702217
esp32,1787197098964666943
lidar,1787197099008816966
esp32,1787197099063899348
lidar,1787197099107782291
esp32,1787197099163862727
lidar,1787197099208737054
esp32,1787197099263681584
lidar,1787197099342556332
esp32,1787197099364541902
lidar,1787197099408359689
esp32,1787197099464506244
lidar,1787197099509171625
esp32,1787197099564592626
lidar,1787197099609690510
esp32,1787197099664692508
lidar,1787197099710246712
esp32,1787197099764711863
lidar,1787197099811338849
esp32,1787197099864779590
lidar,1787197099914106223
esp32,1787197099964756118
lidar,1787197100015298097
esp32,1787197100064627088
lidar,1787197100116438714
esp32,1787197100164777917
lidar,1787197100208453807
esp32,1787197100264765654
lidar,1787197100309733491
esp32,1787197100344950000
lidar,1787197100410367345
esp32,1787197100444850976
lidar,1787197100508289284
esp32,1787197100545059812
lidar,1787197100610018945
esp32,1787197100664797641
lidar,1787197100713415062
esp32,1787197100764557187
lidar,1787197100809907925
esp32,1787197100864519456
lidar,1787197100911531319
esp32,1787197100964525961
lidar,1787197101006244321
esp32,1787197101064780291
lidar,1787197101106903164
esp32,1787197101164617603
lidar,1787197101206804115
esp32,1787197101264765842
lidar,1787197101307256447
esp32,1787197101364785424
lidar,1787197101408808115
esp32,1787197101464710621
lidar,1787197101507532414
esp32,1787197101545226943
lidar,1787197101610783701
esp32,1787197101644920304
lidar,1787197101709375744
esp32,1787197101764669917
lidar,1787197101811827973
esp32,1787197101844943201
lidar,1787197101910053687
esp32,1787197101945007912
lidar,1787197102011350831
esp32,1787197102044865392
lidar,1787197102110878808
esp32,1787197102164740929
lidar,1787197102209690108
esp32,1787197102244769496
lidar,1787197102315129421
esp32,1787197102344688511
lidar,1787197102414719035
esp32,1787197102464608280
lidar,1787197102516308622
esp32,1787197102564490963
lidar,1787197102607495579
esp32,1787197102664908339
lidar,1787197102706832345
esp32,1787197102764805851
lidar,1787197102805858708
esp32,1787197102864916448
lidar,1787197102907898656
esp32,1787197102964830577
lidar,1787197103006109805
esp32,1787197103064636590
lidar,1787197103104959282
esp32,1787197103164792862
lidar,1787197103208035620
esp32,1787197103264754195
lidar,1787197103305043690
esp32,1787197103364753893
lidar,1787197103407744352
esp32,1787197103464793106
lidar,1787197103507046427
esp32,1787197103564680072
lidar,1787197103606415710
esp32,1787197103664838316
lidar,1787197103706336141
esp32,1787197103764753089
lidar,1787197103810479249
esp32,1787197103864738303
lidar,1787197103909003651
esp32,1787197103964680618
lidar,1787197104009970391
esp32,1787197104045047432
lidar,1787197104108308716
esp32,1787197104144920152
lidar,1787197104211924950
esp32,1787197104244978995
lidar,1787197104308216072
esp32,1787197104345201850
lidar,1787197104406635041
esp32,1787197104464719956
lidar,1787197104506965916
esp32,1787197104564766106
lidar,1787197104608765279
esp32,1787197104650466537
lidar,1787197104706022238
esp32,1787197104764809897
lidar,1787197104807991670
esp32,1787197104864821955
lidar,1787197104905246034
esp32,1787197104964568677
lidar,1787197105007322754
esp32,1787197105064827729
lidar,1787197105110723705
esp32,1787197105164769342
lidar,1787197105204079737
esp32,1787197105264799596
lidar,1787197105313989425
esp32,1787197105364793769
lidar,1787197105404076314
esp32,1787197105464806843
lidar,1787197105505715650
esp32,1787197105564459941
lidar,1787197105606679701
esp32,1787197105664723139
lidar,1787197105706606239
esp32,1787197105745217211
lidar,1787197105809682231
esp32,1787197105864813677
lidar,1787197105906883948
esp32,1787197105944897994
lidar,1787197106008796994
esp32,1787197106064789721
lidar,1787197106108317431
esp32,1787197106164691037
lidar,1787197106208037975
esp32,1787197106264742938
lidar,1787197106306914956
esp32,1787197106364799612
lidar,1787197106409681706
esp32,1787197106464911574
lidar,1787197106509498051
esp32,1787197106564533017
lidar,1787197106612271649
esp32,1787197106664870176
lidar,1787197106707332458
esp32,1787197106764740580
lidar,1787197106804558023
esp32,1787197106864734673
lidar,1787197106906735527
esp32,1787197106964853720
lidar,1787197107004022389
esp32,1787197107064847021
lidar,1787197107104519768
esp32,1787197107164751462
lidar,1787197107203956033
esp32,1787197107264785129
lidar,1787197107303346057
esp32,1787197107364754207
lidar,1787197107405478847
esp32,1787197107464812549
lidar,1787197107503907612
esp32,1787197107546349264
lidar,1787197107603105448
esp32,1787197107664685492
lidar,1787197107703734894
esp32,1787197107745000111
lidar,1787197107803053724
esp32,1787197107864606987
lidar,1787197107906079495
esp32,1787197107945225137
lidar,1787197108004708114
esp32,1787197108064441991
lidar,1787197108107404053
esp32,1787197108164603885
lidar,1787197108209769563
esp32,1787197108264629606
lidar,1787197108310780094
esp32,1787197108364710718
lidar,1787197108408289810
esp32,1787197108464625545
lidar,1787197108519587264
esp32,1787197108564946754
lidar,1787197108605142747
esp32,1787197108664695659
lidar,1787197108705118901
esp32,1787197108764689203
lidar,1787197108807845869
esp32,1787197108864669639
lidar,1787197108903930596
esp32,1787197108964760105
lidar,1787197109006134214
esp32,1787197109063858343
lidar,1787197109102060798
esp32,1787197109163870020
lidar,1787197109205402258
esp32,1787197109263637274
lidar,1787197109306339971
esp32,1787197109364697203
lidar,1787197109405177874
esp32,1787197109464684913
lidar,1787197109521928078
esp32,1787197109544553620
lidar,1787197109600406334
esp32,1787197109644903514
lidar,1787197109700487273
esp32,1787197109764802279
lidar,1787197109802724934
esp32,1787197109864786918
lidar,1787197109906276588
esp32,1787197109964700924
lidar,1787197110002587186
esp32,1787197110064821411
lidar,1787197110100881788
esp32,1787197110164720455
lidar,1787197110201788335
esp32,1787197110264710393
lidar,1787197110302603222
esp32,1787197110364729191
lidar,1787197110403935646
esp32,1787197110464897212
lidar,1787197110503499402
esp32,1787197110546130265
lidar,1787197110606422218
esp32,1787197110664889440
lidar,1787197110708494173
esp32,1787197110745110513
lidar,1787197110810768446
esp32,1787197110844804909
lidar,1787197110903234624
esp32,1787197110944815876
lidar,1787197111002201545
esp32,1787197111045192593
lidar,1787197111101591907
esp32,1787197111164665657
lidar,1787197111204062240
esp32,1787197111245026672
lidar,1787197111303834701
esp32,1787197111344766304
lidar,1787197111401125218
esp32,1787197111444882119
lidar,1787197111501808238
esp32,1787197111564565963
lidar,1787197111603724720
esp32,1787197111664490829
lidar,1787197111701259030
esp32,1787197111764670196
lidar,1787197111807872148
esp32,1787197111864574037
lidar,1787197111900595242
esp32,1787197111964672760
lidar,1787197112000229829
esp32,1787197112064547137
lidar,1787197112101403024
esp32,1787197112164599635
lidar,1787197112203267412
esp32,1787197112264757407
lidar,1787197112304150229
esp32,1787197112364700392
lidar,1787197112405944425
esp32,1787197112464568516
lidar,1787197112505035184
esp32,1787197112564753130
lidar,1787197112601486418
esp32,1787197112664716271
lidar,1787197112701528951
esp32,1787197112764717698
lidar,1787197112801149554
esp32,1787197112864803388
lidar,1787197112904199647
esp32,1787197112964794160
lidar,1787197113000769217
esp32,1787197113045528121
lidar,1787197113102158490
esp32,1787197113145085933
lidar,1787197113198956164
esp32,1787197113244903912
lidar,1787197113299112332
esp32,1787197113345784106
lidar,1787197113411085125
esp32,1787197113464716077
lidar,1787197113499600609
esp32,1787197113564832934
lidar,1787197113601484347
esp32,1787197113663790056
lidar,1787197113705515677
esp32,1787197113764821184
lidar,1787197113800691037
esp32,1787197113864731279
lidar,1787197113899260362
esp32,1787197113964829542
lidar,1787197114001888870
esp32,1787197114064867022
lidar,1787197114102551188
esp32,1787197114164761013
lidar,1787197114217422042
esp32,1787197114264870113
lidar,1787197114304355695
esp32,1787197114364689987
lidar,1787197114400579520
esp32,1787197114464793394
lidar,1787197114503330982
esp32,1787197114584748091
lidar,1787197114606672937
esp32,1787197114664633655
lidar,1787197114703916552
esp32,1787197114764939479
lidar,1787197114804930407
esp32,1787197114864717929
lidar,1787197114899014458
esp32,1787197114964818442
lidar,1787197114998798802
esp32,1787197115045200672
lidar,1787197115100155748
esp32,1787197115144802080
lidar,1787197115197410521
esp32,1787197115264751661
lidar,1787197115296976103
esp32,1787197115364773556
lidar,1787197115401327752
esp32,1787197115464867217
lidar,1787197115496488636
esp32,1787197115564729019
lidar,1787197115596734914
esp32,1787197115664637866
lidar,1787197115696492589
esp32,1787197115764712309
lidar,1787197115796807661
esp32,1787197115864717593
lidar,1787197115898245710
esp32,1787197115964726303
lidar,1787197115999551372
esp32,1787197116064702501
lidar,1787197116104048194
esp32,1787197116164731968
lidar,1787197116199886585
esp32,1787197116264619391
lidar,1787197116299527441
esp32,1787197116364845202
lidar,1787197116400322762
esp32,1787197116464876334
lidar,1787197116498552343
esp32,1787197116564587956
lidar,1787197116598877631
esp32,1787197116664927044
lidar,1787197116696976483
esp32,1787197116764626823
lidar,1787197116796026771
esp32,1787197116844893256
lidar,1787197116898333176
esp32,1787197116944928375
lidar,1787197116999538724
esp32,1787197117064868796
lidar,1787197117098326872
esp32,1787197117164769128
lidar,1787197117194881724
esp32,1787197117264347281
lidar,1787197117294540020
esp32,1787197117364691326
lidar,1787197117394114750
esp32,1787197117464626042
lidar,1787197117495199196
esp32,1787197117564604138
lidar,1787197117594930432
esp32,1787197117664725325
lidar,1787197117693684952
esp32,1787197117764745710
lidar,1787197117795000221
esp32,1787197117864601390
lidar,1787197117894781240
esp32,1787197117964402358
lidar,1787197117994342983
esp32,1787197118064551133
lidar,1787197118095956914
esp32,1787197118164633102
lidar,1787197118194952229
esp32,1787197118264615846
lidar,1787197118296749629
esp32,1787197118364646923
lidar,1787197118400241575
esp32,1787197118464745792
lidar,1787197118498293057
esp32,1787197118564281269
lidar,1787197118599129300
esp32,1787197118664844951
lidar,1787197118700232914
esp32,1787197118764732573
lidar,1787197118803986111
esp32,1787197118864620829
lidar,1787197118901299851
esp32,1787197118964768632
lidar,1787197119000702704
esp32,1787197119063787081
lidar,1787197119103190029
esp32,1787197119163779199
lidar,1787197119193769663
esp32,1787197119263829006
lidar,1787197119293814355
esp32,1787197119364698029
lidar,1787197119395075726
esp32,1787197119464656527
lidar,1787197119502861605
esp32,1787197119564700146
lidar,1787197119593314000
esp32,1787197119664725825
lidar,1787197119703108027
esp32,1787197119764688785
lidar,1787197119792801553
esp32,1787197119864675048
lidar,1787197119892241837
esp32,1787197119964850596
lidar,1787197120003596172
esp32,1787197120064679725
lidar,1787197120096003475
esp32,1787197120144889010
lidar,1787197120192386614
esp32,1787197120244675909
lidar,1787197120295317952
esp32,1787197120364814360
lidar,1787197120393921092
esp32,1787197120445062743
lidar,1787197120495675819
esp32,1787197120564833039
lidar,1787197120599713075
esp32,1787197120664783673
lidar,1787197120697309045
esp32,1787197120764892754
lidar,1787197120795524923
esp32,1787197120865049460
lidar,1787197120893660017
esp32,1787197120964722561
lidar,1787197120994308975
esp32,1787197121064849182
lidar,1787197121096345919
esp32,1787197121164773801
lidar,1787197121192881726
esp32,1787197121264840844
lidar,1787197121294462277
esp32,1787197121364287247
lidar,1787197121393071601
esp32,1787197121464699158
lidar,1787197121491606972
esp32,1787197121564629644
lidar,1787197121592948224
esp32,1787197121664715542
lidar,1787197121691028405
esp32,1787197121764506219
lidar,1787197121791377501
esp32,1787197121864670677
lidar,1787197121893024411
esp32,1787197121964768937
lidar,1787197121990496388
esp32,1787197122064804457
lidar,1787197122093697064
esp32,1787197122164809121
lidar,1787197122189481663
esp32,1787197122264814803
lidar,1787197122290484587
esp32,1787197122364563146
lidar,1787197122389320367
esp32,1787197122464706592
lidar,1787197122490800251
esp32,1787197122564946228
lidar,1787197122592639487
esp32,1787197122664598271
lidar,1787197122694420144
esp32,1787197122764552698
lidar,1787197122790514535
esp32,1787197122864685353
lidar,1787197122891187579
esp32,1787197122964862775
lidar,1787197122996619798
esp32,1787197123064689854
lidar,1787197123098453759
esp32,1787197123164556559
lidar,1787197123191767297
esp32,1787197123264651797
lidar,1787197123290516077
esp32,1787197123364652452
lidar,1787197123391823295
esp32,1787197123464518308
lidar,1787197123492991562
esp32,1787197123564743829
lidar,1787197123590333029
esp32,1787197123664892101
lidar,1787197123690503379
esp32,1787197123764238311
lidar,1787197123792517793
esp32,1787197123864544781
lidar,1787197123890234854
esp32,1787197123964747884
lidar,1787197123989433567
esp32,1787197124064737549
lidar,1787197124090693164
esp32,1787197124144866655
lidar,1787197124188367427
esp32,1787197124244772373
lidar,1787197124289031491
esp32,1787197124364574618
lidar,1787197124389599744
esp32,1787197124464705694
lidar,1787197124491165509
esp32,1787197124565117758
lidar,1787197124592151960
esp32,1787197124664768723
lidar,1787197124691061273
esp32,1787197124764734529
lidar,1787197124787106903
esp32,1787197124864618558
lidar,1787197124887493594
esp32,1787197124964579859
lidar,1787197124988414320
esp32,1787197125064637448
lidar,1787197125088936410
esp32,1787197125164712051
lidar,1787197125190414559
esp32,1787197125264643029
lidar,1787197125290096502
esp32,1787197125364803878
lidar,1787197125391659218
esp32,1787197125464419909
lidar,1787197125488493926
esp32,1787197125564770430
lidar,1787197125588815208
esp32,1787197125664809635
lidar,1787197125688862569
esp32,1787197125764784633
lidar,1787197125789505987
esp32,1787197125864724875
lidar,1787197125888681302
esp32,1787197125944897234
lidar,1787197125988421030
esp32,1787197126064710426
lidar,1787197126091443241
esp32,1787197126145657505
lidar,1787197126187390320
esp32,1787197126264780861
lidar,1787197126289739363
esp32,1787197126364685166
lidar,1787197126387215191
esp32,1787197126464557921
lidar,1787197126488944856
esp32,1787197126564740165
lidar,1787197126589462521
esp32,1787197126664713526
lidar,1787197126689199810
esp32,1787197126764669605
lidar,1787197126791189359
esp32,1787197126864501353
lidar,1787197126889930111
esp32,1787197126964698328
lidar,1787197126991187102
esp32,1787197127064677566
lidar,1787197127088137282
esp32,1787197127164622308
lidar,1787197127185693774
esp32,1787197127264717998
lidar,1787197127285005003
esp32,1787197127364626736
lidar,1787197127386275028
esp32,1787197127464700793
lidar,1787197127485702387
esp32,1787197127564219171
lidar,1787197127586548302
esp32,1787197127664773490
lidar,1787197127688366046
esp32,1787197127764743805
lidar,1787197127785822173
esp32,1787197127844974229
lidar,1787197127886732500
esp32,1787197127964719437
lidar,1787197127985130280
esp32,1787197128064734219
lidar,1787197128085404907
esp32,1787197128164711948
lidar,1787197128192427148
esp32,1787197128264599096
lidar,1787197128286908419
esp32,1787197128364604698
lidar,1787197128386352741
esp32,1787197128464586272
lidar,1787197128485769559
esp32,1787197128564858207
lidar,1787197128589663331
esp32,1787197128664817859
lidar,1787197128688063783
esp32,1787197128764524343
lidar,1787197128788625278
esp32,1787197128864663509
lidar,1787197128882065049
esp32,1787197128964717390
lidar,1787197128981414405
esp32,1787197129043750521
lidar,1787197129081535487
esp32,1787197129163879934
lidar,1787197129182101295
esp32,1787197129243931552
lidar,1787197129282409847
esp32,1787197129364759952
lidar,1787197129384145650
esp32,1787197129464821341
lidar,1787197129482063449
esp32,1787197129545174990
lidar,1787197129583977247
esp32,1787197129664833705
lidar,1787197129684260867
esp32,1787197129764659010
lidar,1787197129782112881
esp32,1787197129864564272
lidar,1787197129888554241
esp32,1787197129964786829
lidar,1787197129988356526
esp32,1787197130064781894
lidar,1787197130083712209
esp32,1787197130164705213
lidar,1787197130184274923
esp32,1787197130264867234
lidar,1787197130285931590
esp32,1787197130364769958
lidar,1787197130386016341
esp32,1787197130464810529
lidar,1787197130486624135
esp32,1787197130564857000
lidar,1787197130583236275
esp32,1787197130664801188
lidar,1787197130684035868
esp32,1787197130764798858
lidar,1787197130785466219
esp32,1787197130864731015
lidar,1787197130887216481
esp32,1787197130964807445
lidar,1787197130986516828
esp32,1787197131064783987
lidar,1787197131082614861
esp32,1787197131164813425
lidar,1787197131180658313
esp32,1787197131264805704
lidar,1787197131280707089
esp32,1787197131364768117
lidar,1787197131379297269
esp32,1787197131464729040
lidar,1787197131478830543
esp32,1787197131564539540
lidar,1787197131579086896
esp32,1787197131664794244
lidar,1787197131678448183
esp32,1787197131764711960
lidar,1787197131778609721
esp32,1787197131864612551
lidar,1787197131878732545
esp32,1787197131964829050
lidar,1787197131980306492
esp32,1787197132064826113
lidar,1787197132081342883
esp32,1787197132164792237
lidar,1787197132179985962
esp32,1787197132264822717
lidar,1787197132280266963
esp32,1787197132364816500
lidar,1787197132384300932
esp32,1787197132464817338
lidar,1787197132481422954
esp32,1787197132565149417
lidar,1787197132582108886
esp32,1787197132664886473
lidar,1787197132683998684
esp32,1787197132764798540
lidar,1787197132785848191
esp32,1787197132864493773
lidar,1787197132886775833
esp32,1787197132964841303
lidar,1787197132983927900
esp32,1787197133064795560
lidar,1787197133078697492
esp32,1787197133164830018
lidar,1787197133179241778
esp32,1787197133264804661
lidar,1787197133280861311
esp32,1787197133364641744
lidar,1787197133378547656
esp32,1787197133464837885
lidar,1787197133480288560
esp32,1787197133564523832
lidar,1787197133577231845
esp32,1787197133664575296
lidar,1787197133676419103
esp32,1787197133764765836
lidar,1787197133776624055
esp32,1787197133864642209
lidar,1787197133880883246
esp32,1787197133964740564
lidar,1787197133977243474
esp32,1787197134064669238
lidar,1787197134077662683
esp32,1787197134164723545
lidar,1787197134178048407
esp32,1787197134264710243
lidar,1787197134282662909
esp32,1787197134364713398
lidar,1787197134380856010
esp32,1787197134464719061
lidar,1787197134482934573
esp32,1787197134564776451
lidar,1787197134581077741
esp32,1787197134664501913
lidar,1787197134682763147
esp32,1787197134764746585
lidar,1787197134788978017
esp32,1787197134864536034
lidar,1787197134881372104
esp32,1787197134964812352
lidar,1787197134978711401
esp32,1787197135064857857
lidar,1787197135082484171
esp32,1787197135164879804
lidar,1787197135182531564
esp32,1787197135264764277
lidar,1787197135276400059
esp32,1787197135364884491
lidar,1787197135378401753
esp32,1787197135464880348
lidar,1787197135476036013
esp32,1787197135564740945
lidar,1787197135574048961
esp32,1787197135664818571
lidar,1787197135676263764
esp32,1787197135764851235
lidar,1787197135773101894
esp32,1787197135864711444
lidar,1787197135876329364
esp32,1787197135964675890
lidar,1787197135971831221
esp32,1787197136064777627
lidar,1787197136074748840
esp32,1787197136164857683
lidar,1787197136173020609
esp32,1787197136264805332
lidar,1787197136271235714
esp32,1787197136364897574
lidar,1787197136370910363
esp32,1787197136464770642
lidar,1787197136473621529
esp32,1787197136564303094
lidar,1787197136573215316
esp32,1787197136664783717
lidar,1787197136676375794
esp32,1787197136764699982
lidar,1787197136775142833
esp32,1787197136864799925
lidar,1787197136881582544
esp32,1787197136964788305
lidar,1787197136972566485
esp32,1787197137064815846
lidar,1787197137073414750
esp32,1787197137164826775
lidar,1787197137173441535
esp32,1787197137264708230
lidar,1787197137274574745
esp32,1787197137364773617
lidar,1787197137375356162
esp32,1787197137464827156
lidar,1787197137476803177
esp32,1787197137564743324
lidar,1787197137578789589
esp32,1787197137664864219
lidar,1787197137674858981
esp32,1787197137764626226
lidar,1787197137776623828
esp32,1787197137864798475
lidar,1787197137877175138
esp32,1787197137964631472
lidar,1787197137973186247
esp32,1787197138064832269
lidar,1787197138073771741
esp32,1787197138164856156
lidar,1787197138176895952
esp32,1787197138264839333
lidar,1787197138272140207
esp32,1787197138364835168
lidar,1787197138373339747
esp32,1787197138464826407
lidar,1787197138475988622
esp32,1787197138565132743
lidar,1787197138575428252
esp32,1787197138664863655
lidar,1787197138683276941
esp32,1787197138764516982
lidar,1787197138777826618
esp32,1787197138845235517
lidar,1787197138885014720
esp32,1787197138964750463
lidar,1787197138974932475
esp32,1787197139063953417
lidar,1787197139073109401
esp32,1787197139164198875
lidar,1787197139176224406
esp32,1787197139263796699
lidar,1787197139277456968
esp32,1787197139364802190
lidar,1787197139380326777
esp32,1787197139464797087
lidar,1787197139473732301
esp32,1787197139564809174
lidar,1787197139574517947
esp32,1787197139664872206
lidar,1787197139673336836
esp32,1787197139764803198
lidar,1787197139776335141
esp32,1787197139864790221
lidar,1787197139878595679
esp32,1787197139964889194
lidar,1787197139977236768
esp32,1787197140064687912
lidar,1787197140072336385
esp32,1787197140164773274
lidar,1787197140171293724
esp32,1787197140264782648
lidar,1787197140270957831
esp32,1787197140364781071
lidar,1787197140371881120
esp32,1787197140464785599
lidar,1787197140469797090
esp32,1787197140565227351
lidar,1787197140569609157
esp32,1787197140664863761
lidar,1787197140670699586
esp32,1787197140764788308
lidar,1787197140771317979
esp32,1787197140864599426
lidar,1787197140870015225
esp32,1787197140964696031
lidar,1787197140970260933
esp32,1787197141064810544
lidar,1787197141068798476
esp32,1787197141163901545
lidar,1787197141168362161
esp32,1787197141264639686
lidar,1787197141268973015
esp32,1787197141364741554
lidar,1787197141372653064
esp32,1787197141464729716
lidar,1787197141473280928
esp32,1787197141564516771
lidar,1787197141572794368
esp32,1787197141664836820
lidar,1787197141673619309
esp32,1787197141764732498
lidar,1787197141776535014
esp32,1787197141864725559
lidar,1787197141876989006
esp32,1787197141964744416
lidar,1787197141971020120
esp32,1787197142064739534
lidar,1787197142070740085
esp32,1787197142164818774
lidar,1787197142172657994
esp32,1787197142264731322
lidar,1787197142269826181
esp32,1787197142364727642
lidar,1787197142370718644
esp32,1787197142464835142
lidar,1787197142469612642
esp32,1787197142564721679
lidar,1787197142570295459
esp32,1787197142664820538
lidar,1787197142670321334
esp32,1787197142764834630
lidar,1787197142775534230
esp32,1787197142864753507
lidar,1787197142868570015
esp32,1787197142964816444
lidar,1787197142978552699
esp32,1787197143064757076
lidar,1787197143077684593
esp32,1787197143164820280
lidar,1787197143170974681
esp32,1787197143264900046
lidar,1787197143271758657
esp32,1787197143364814026
lidar,1787197143365707913
lidar,1787197143464699452
esp32,1787197143465777718
esp32,1787197143564591592
lidar,1787197143566030219
lidar,1787197143664327303
esp32,1787197143665409104
esp32,1787197143764772324
lidar,1787197143765733809
esp32,1787197143864807622
lidar,1787197143866402009
esp32,1787197143964841988
lidar,1787197143965740563
esp32,1787197144064655901
lidar,1787197144066223882
esp32,1787197144164763783
lidar,1787197144166142620
esp32,1787197144264853624
lidar,1787197144269833731
esp32,1787197144364912797
lidar,1787197144367170922
esp32,1787197144464882794
lidar,1787197144469047949
esp32,1787197144545973310
lidar,1787197144566084515
esp32,1787197144664846776
lidar,1787197144665819937
esp32,1787197144764799936
lidar,1787197144766879318
esp32,1787197144864741766
lidar,1787197144869150160
esp32,1787197144964780579
lidar,1787197144971535128
esp32,1787197145064828675
lidar,1787197145094088775
lidar,1787197145164185821
esp32,1787197145165226628
lidar,1787197145263028324
esp32,1787197145264412927
lidar,1787197145364159614
esp32,1787197145365381093
esp32,1787197145464898490
lidar,1787197145465897265
lidar,1787197145563653051
esp32,1787197145564375851
esp32,1787197145664790521
lidar,1787197145666262828
lidar,1787197145762239932
esp32,1787197145764788928
esp32,1787197145864943819
lidar,1787197145866052249
esp32,1787197145964852526
lidar,1787197145967858562
lidar,1787197146062917711
esp32,1787197146064477159
lidar,1787197146163803640
esp32,1787197146164975690
lidar,1787197146264082188
esp32,1787197146265282516
lidar,1787197146364238226
esp32,1787197146365356831
lidar,1787197146464231406
esp32,1787197146465350702
esp32,1787197146564584169
lidar,1787197146566184313
esp32,1787197146664933591
lidar,1787197146666137108
esp32,1787197146764781125
lidar,1787197146765773202
esp32,1787197146864936200
lidar,1787197146867778401
lidar,1787197146963527852
esp32,1787197146964593079
esp32,1787197147064763240
lidar,1787197147067353933
esp32,1787197147164727860
lidar,1787197147168998741
lidar,1787197147264094572
esp32,1787197147265349974
esp32,1787197147364739643
lidar,1787197147367305876
esp32,1787197147464950536
lidar,1787197147470714792
lidar,1787197147560603436
esp32,1787197147564265522
lidar,1787197147661223774
esp32,1787197147664365991
lidar,1787197147760521982
esp32,1787197147764392110
lidar,1787197147860977922
esp32,1787197147864408357
lidar,1787197147963776851
esp32,1787197147964567335
lidar,1787197148061356154
esp32,1787197148064530590
lidar,1787197148162082814
esp32,1787197148164435727
lidar,1787197148262177166
esp32,1787197148264538298
lidar,1787197148362426670
esp32,1787197148364564907
lidar,1787197148462738024
esp32,1787197148464339722
lidar,1787197148562534320
esp32,1787197148563706819
lidar,1787197148662512697
esp32,1787197148664282940
lidar,1787197148762638845
esp32,1787197148764342747
lidar,1787197148863599718
esp32,1787197148864711255
esp32,1787197148964709015
lidar,1787197148965607400
esp32,1787197149064068936
lidar,1787197149066946760
lidar,1787197149160350286
esp32,1787197149163878726
lidar,1787197149259510060
esp32,1787197149263546186
lidar,1787197149359165076
esp32,1787197149364456878
lidar,1787197149461876318
esp32,1787197149464302446
lidar,1787197149560970348
esp32,1787197149564331134
lidar,1787197149660185616
esp32,1787197149664235145
lidar,1787197149758056685
esp32,1787197149764448065
lidar,1787197149859848340
esp32,1787197149864465759
esp32,1787197149964804635
lidar,1787197149966654993
lidar,1787197150057769229
esp32,1787197150064411811
lidar,1787197150156396544
esp32,1787197150164655155
lidar,1787197150257663616
esp32,1787197150264434023
lidar,1787197150357524440
esp32,1787197150364363348
lidar,1787197150457010543
esp32,1787197150464495151
lidar,1787197150560574712
esp32,1787197150564269602
lidar,1787197150660598519
esp32,1787197150664400842
lidar,1787197150759165858
esp32,1787197150764102198
lidar,1787197150861121358
esp32,1787197150864542599
lidar,1787197150959501652
esp32,1787197150964558781
lidar,1787197151064621250
esp32,1787197151065376873
lidar,1787197151161309320
esp32,1787197151164430129
esp32,1787197151264798149
lidar,1787197151269088599
lidar,1787197151362834780
esp32,1787197151364402693
esp32,1787197151464892956
lidar,1787197151468976741
lidar,1787197151557730394
esp32,1787197151564400577
lidar,1787197151658521819
esp32,1787197151664495375
lidar,1787197151758271669
esp32,1787197151764519118
lidar,1787197151860325689
esp32,1787197151864504754
lidar,1787197151963703840
esp32,1787197151965060626
lidar,1787197152060220185
esp32,1787197152063741178
lidar,1787197152157760554
esp32,1787197152164227628
lidar,1787197152258129324
esp32,1787197152263629280
lidar,1787197152357296745
esp32,1787197152364555037
lidar,1787197152457851029
esp32,1787197152464517666
lidar,1787197152558585671
esp32,1787197152564534628
lidar,1787197152654899867
esp32,1787197152664567893
lidar,1787197152758276231
esp32,1787197152764485608
lidar,1787197152857603046
esp32,1787197152864492960
lidar,1787197152958001832
esp32,1787197152964530500
lidar,1787197153057488654
esp32,1787197153064548443
lidar,1787197153158650974
esp32,1787197153164487349
lidar,1787197153261286574
esp32,1787197153264546209
lidar,1787197153360468619
esp32,1787197153364497850
lidar,1787197153458703831
esp32,1787197153464512249
lidar,1787197153558260995
esp32,1787197153564437809
lidar,1787197153661202778
esp32,1787197153664563243
lidar,1787197153759503583
esp32,1787197153764534471
lidar,1787197153859140355
esp32,1787197153864485505
lidar,1787197153971178815
esp32,1787197153984604030
lidar,1787197154058272550
esp32,1787197154064498616
lidar,1787197154158975359
esp32,1787197154163758858
lidar,1787197154254850518
esp32,1787197154264442391
lidar,1787197154356210312
esp32,1787197154364453264
lidar,1787197154455095283
esp32,1787197154464406661
lidar,1787197154558166488
esp32,1787197154563919931
lidar,1787197154659004097
esp32,1787197154664809145
lidar,1787197154756485943
esp32,1787197154764466853
lidar,1787197154858198644
esp32,1787197154864476786
lidar,1787197154956810882
esp32,1787197154964451333
lidar,1787197155058413078
esp32,1787197155064434039
lidar,1787197155157427788
esp32,1787197155164462714
lidar,1787197155258723530
esp32,1787197155264434994
esp32,1787197155364906614
lidar,1787197155367882046
lidar,1787197155464320603
esp32,1787197155465345046
lidar,1787197155561661527
esp32,1787197155564620912
lidar,1787197155657982315
esp32,1787197155664427015
lidar,1787197155756662507
esp32,1787197155764409809
lidar,1787197155856517024
esp32,1787197155864367414
lidar,1787197155955662443
esp32,1787197155964871128
lidar,1787197156055306345
esp32,1787197156064512171
lidar,1787197156154632593
esp32,1787197156164599642
lidar,1787197156254255523
esp32,1787197156264750609
lidar,1787197156358864151
esp32,1787197156364449559
lidar,1787197156455270298
esp32,1787197156464398055
lidar,1787197156551898807
esp32,1787197156564160119
lidar,1787197156652512663
esp32,1787197156664357442
lidar,1787197156751712455
esp32,1787197156764718998
lidar,1787197156853145893
esp32,1787197156864366882
lidar,1787197156952183689
esp32,1787197156964620823
lidar,1787197157058448003
esp32,1787197157064328803
lidar,1787197157156302726
esp32,1787197157164406283
lidar,1787197157258375791
esp32,1787197157264367871
lidar,1787197157354291920
esp32,1787197157364738069
lidar,1787197157458239652
esp32,1787197157464371182
lidar,1787197157553406223
esp32,1787197157564321334
lidar,1787197157652768780
esp32,1787197157664390310
lidar,1787197157755203357
esp32,1787197157764592377
lidar,1787197157858064314
esp32,1787197157864375716
lidar,1787197157954637264
esp32,1787197157964736265
lidar,1787197158059077816
esp32,1787197158064473291
lidar,1787197158154826858
esp32,1787197158164492974
lidar,1787197158255635176
esp32,1787197158264417859
lidar,1787197158351385551
esp32,1787197158364719173
lidar,1787197158451931381
esp32,1787197158464410474
lidar,1787197158551229448
esp32,1787197158564454594
lidar,1787197158650932643
esp32,1787197158664453416
lidar,1787197158750799019
esp32,1787197158764733293
lidar,1787197158851403023
esp32,1787197158864755426
lidar,1787197158959327015
esp32,1787197158964782631
lidar,1787197159053398909
esp32,1787197159063809477
lidar,1787197159158386493
esp32,1787197159163794718
lidar,1787197159256167776
esp32,1787197159263613453
lidar,1787197159356063070
esp32,1787197159364299596
lidar,1787197159457051407
esp32,1787197159464372058
lidar,1787197159559042343
esp32,1787197159564369704
lidar,1787197159654319963
esp32,1787197159664416123
lidar,1787197159760214434
esp32,1787197159764481050
lidar,1787197159861023614
esp32,1787197159864468305
lidar,1787197159979812774
esp32,1787197159984492620
lidar,1787197160057327598
esp32,1787197160064465661
lidar,1787197160150621197
esp32,1787197160164728181
lidar,1787197160248724172
esp32,1787197160264186696
lidar,1787197160349865594
esp32,1787197160364701992
lidar,1787197160461938926
esp32,1787197160464385542
lidar,1787197160550447722
esp32,1787197160564343344
lidar,1787197160648942459
esp32,1787197160664759869
lidar,1787197160750042559
esp32,1787197160764458147
lidar,1787197160864063068
esp32,1787197160884777672
lidar,1787197160950250753
esp32,1787197160964299986
lidar,1787197161052908751
esp32,1787197161064725948
lidar,1787197161150711759
esp32,1787197161164814285
lidar,1787197161252500998
esp32,1787197161264383514
lidar,1787197161351162998
esp32,1787197161364803537
lidar,1787197161458937554
esp32,1787197161464447176
lidar,1787197161560332368
esp32,1787197161563966655
lidar,1787197161649463711
esp32,1787197161664841631
lidar,1787197161760402440
esp32,1787197161764431590
lidar,1787197161852936538
esp32,1787197161864774943
lidar,1787197161950411559
esp32,1787197161964765527
lidar,1787197162050856409
esp32,1787197162064702967
lidar,1787197162147385770
esp32,1787197162164703003
lidar,1787197162249980825
esp32,1787197162264629115
lidar,1787197162350355909
esp32,1787197162364512634
lidar,1787197162449574487
esp32,1787197162464373835
lidar,1787197162550352895
esp32,1787197162564641544
lidar,1787197162648761553
esp32,1787197162664663514
lidar,1787197162749789445
esp32,1787197162764640050
lidar,1787197162848537375
esp32,1787197162864720294
lidar,1787197162950468258
esp32,1787197162964690840
lidar,1787197163047728775
esp32,1787197163064794492
lidar,1787197163153000634
esp32,1787197163164697927
lidar,1787197163247238107
esp32,1787197163264704105
lidar,1787197163349132975
esp32,1787197163364371246
lidar,1787197163452699055
esp32,1787197163464667635
lidar,1787197163551955682
esp32,1787197163564303833
lidar,1787197163648562274
esp32,1787197163664778010
lidar,1787197163752676117
esp32,1787197163764443683
lidar,1787197163845800233
esp32,1787197163864177347
lidar,1787197163946280972
esp32,1787197163964247210
lidar,1787197164046604120
esp32,1787197164064324728
lidar,1787197164145470521
esp32,1787197164164406379
lidar,1787197164244854981
esp32,1787197164264622942
lidar,1787197164345295612
esp32,1787197164364653658
lidar,1787197164445861938
esp32,1787197164464673129
lidar,1787197164545661863
esp32,1787197164563694234
lidar,1787197164648703486
esp32,1787197164664384936
lidar,1787197164745962784
esp32,1787197164764733582
lidar,1787197164843638364
esp32,1787197164864617714
lidar,1787197164946014823
esp32,1787197164964197134
lidar,1787197165046599178
esp32,1787197165064100644
lidar,1787197165144985653
esp32,1787197165164610442
lidar,1787197165248864598
esp32,1787197165264470377
lidar,1787197165347506220
esp32,1787197165364630558
lidar,1787197165445316659
esp32,1787197165464598654
lidar,1787197165544637744
esp32,1787197165584671777
lidar,1787197165642786855
esp32,1787197165664743326
lidar,1787197165745003842
esp32,1787197165764720986
lidar,1787197165847069455
esp32,1787197165864697663
lidar,1787197165944437632
esp32,1787197165964095847
lidar,1787197166045480724
esp32,1787197166064500844
lidar,1787197166139955914
esp32,1787197166164721530
lidar,1787197166244434489
esp32,1787197166264619149
lidar,1787197166338993367
esp32,1787197166364619587
lidar,1787197166438761299
esp32,1787197166464501949
lidar,1787197166539789340
esp32,1787197166564322393
lidar,1787197166639428722
esp32,1787197166664721927
lidar,1787197166741084095
esp32,1787197166764713863
lidar,1787197166839903429
esp32,1787197166864711075
lidar,1787197166944422023
esp32,1787197166964644536
lidar,1787197167043812766
esp32,1787197167064627924
lidar,1787197167144661717
esp32,1787197167164685452
lidar,1787197167245378435
esp32,1787197167264180694
lidar,1787197167347296539
esp32,1787197167364361156
lidar,1787197167449279973
esp32,1787197167464695489
lidar,1787197167542944264
esp32,1787197167564545454
lidar,1787197167651225572
esp32,1787197167664635558
lidar,1787197167748449630
esp32,1787197167764872303
lidar,1787197167847521162
esp32,1787197167864868090
lidar,1787197167947385746
esp32,1787197167964454240
lidar,1787197168049837916
esp32,1787197168064764234
lidar,1787197168141613009
esp32,1787197168164877820
lidar,1787197168241262379
esp32,1787197168264871524
lidar,1787197168339658544
esp32,1787197168364731946
lidar,1787197168443741975
esp32,1787197168464713902
lidar,1787197168543731994
esp32,1787197168564792366
lidar,1787197168645900940
esp32,1787197168664795887
lidar,1787197168742805248
esp32,1787197168764886564
lidar,1787197168837499814
esp32,1787197168864861759
lidar,1787197168937502998
esp32,1787197168964824797
lidar,1787197169038688838
esp32,1787197169063787231
lidar,1787197169137835053
esp32,1787197169163795379
lidar,1787197169236118179
esp32,1787197169263700068
lidar,1787197169338295597
esp32,1787197169364890087
lidar,1787197169437080551
esp32,1787197169464760462
lidar,1787197169548080897
esp32,1787197169564439608
lidar,1787197169637450844
esp32,1787197169664900718
lidar,1787197169738292939
esp32,1787197169764770813
lidar,1787197169838318905
esp32,1787197169864832500
lidar,1787197169944960229
esp32,1787197169964265344
lidar,1787197170039177166
esp32,1787197170064750310
lidar,1787197170136977270
esp32,1787197170164731439
lidar,1787197170243709265
esp32,1787197170264758448
lidar,1787197170337023955
esp32,1787197170364287008
lidar,1787197170435780548
esp32,1787197170464723737
lidar,1787197170539444873
esp32,1787197170564417122
lidar,1787197170634485417
esp32,1787197170664056551
lidar,1787197170735841907
esp32,1787197170764735093
lidar,1787197170836447732
esp32,1787197170864614817
lidar,1787197170936038697
esp32,1787197170964633938
lidar,1787197171035111178
esp32,1787197171064075157
lidar,1787197171137790151
esp32,1787197171164660050
lidar,1787197171237802278
esp32,1787197171264658664
lidar,1787197171354127628
esp32,1787197171364508402
lidar,1787197171439957802
esp32,1787197171464121612
lidar,1787197171545702030
esp32,1787197171564196816
lidar,1787197171648282891
esp32,1787197171664748962
lidar,1787197171739231516
esp32,1787197171764734233
lidar,1787197171844187144
esp32,1787197171864236302
lidar,1787197171944922833
esp32,1787197171964132959
lidar,1787197172037664874
esp32,1787197172064738790
lidar,1787197172136704290
esp32,1787197172164755033
lidar,1787197172235024950
esp32,1787197172264739042
lidar,1787197172334458279
esp32,1787197172363890615
lidar,1787197172435869448
esp32,1787197172464246275
lidar,1787197172533672685
esp32,1787197172564285071
lidar,1787197172632629130
esp32,1787197172664584226
lidar,1787197172732365118
esp32,1787197172764703916
lidar,1787197172832420606
esp32,1787197172864657746
lidar,1787197172934808125
esp32,1787197172964636216
lidar,1787197173032306443
esp32,1787197173064622000
lidar,1787197173132341062
esp32,1787197173164617876
lidar,1787197173231381565
esp32,1787197173264749404
lidar,1787197173332304511
esp32,1787197173364729654
lidar,1787197173433460932
esp32,1787197173464803002
lidar,1787197173538199483
esp32,1787197173564439954
lidar,1787197173637866976
esp32,1787197173664694338
lidar,1787197173734907587
esp32,1787197173764719918
lidar,1787197173832347711
esp32,1787197173864736274
lidar,1787197173934721380
esp32,1787197173964738486
lidar,1787197174034839326
esp32,1787197174064779606
lidar,1787197174134328998
esp32,1787197174164727456
lidar,1787197174237312594
esp32,1787197174264677985
lidar,1787197174333382378
esp32,1787197174363947531
lidar,1787197174432709862
esp32,1787197174464551475
lidar,1787197174531913958
esp32,1787197174564470966
lidar,1787197174631708196
esp32,1787197174664818968
lidar,1787197174730342332
esp32,1787197174764816186
lidar,1787197174830432370
esp32,1787197174864841898
lidar,1787197174933477152
esp32,1787197174964151668
lidar,1787197175031366575
esp32,1787197175064810175
lidar,1787197175130681284
esp32,1787197175164785606
lidar,1787197175232931300
esp32,1787197175264758788
lidar,1787197175334460316
esp32,1787197175364181314
lidar,1787197175431347646
esp32,1787197175464763679
lidar,1787197175532426813
esp32,1787197175564479825
lidar,1787197175637151988
esp32,1787197175664780829
lidar,1787197175733087523
esp32,1787197175784844150
lidar,1787197175835189422
esp32,1787197175864797869
lidar,1787197175937424169
esp32,1787197175964811923
lidar,1787197176052858070
esp32,1787197176064746271
lidar,1787197176133945500
esp32,1787197176164787560
lidar,1787197176233299127
esp32,1787197176264783375
lidar,1787197176329930980
esp32,1787197176364753504
lidar,1787197176429017811
esp32,1787197176464519600
lidar,1787197176527932158
esp32,1787197176584658202
lidar,1787197176628271659
esp32,1787197176664765138
lidar,1787197176730507063
esp32,1787197176764683169
lidar,1787197176829826590
esp32,1787197176864637244
lidar,1787197176929253676
esp32,1787197176964231309
lidar,1787197177027483443
esp32,1787197177064824254
lidar,1787197177136411973
esp32,1787197177164807241
lidar,1787197177227972750
esp32,1787197177264842330
lidar,1787197177329029161
esp32,1787197177364710821
lidar,1787197177431833354
esp32,1787197177464813457
lidar,1787197177530217954
esp32,1787197177564450333
lidar,1787197177628898201
esp32,1787197177664581970
lidar,1787197177728777734
esp32,1787197177764713787
lidar,1787197177828694421
esp32,1787197177864623435
lidar,1787197177930491556
esp32,1787197177964663103
lidar,1787197178030168504
esp32,1787197178064752235
lidar,1787197178129983929
esp32,1787197178164731183
lidar,1787197178233361096
esp32,1787197178264721015
lidar,1787197178332237691
esp32,1787197178364767924
lidar,1787197178428080435
esp32,1787197178464373007
lidar,1787197178529451216
esp32,1787197178564538718
lidar,1787197178632446692
esp32,1787197178664711963
lidar,1787197178729819556
esp32,1787197178764656767
lidar,1787197178827089963
esp32,1787197178864827508
lidar,1787197178926643496
esp32,1787197178964736890
lidar,1787197179025638684
esp32,1787197179063985245
lidar,1787197179127283326
esp32,1787197179163880719
lidar,1787197179225455377
esp32,1787197179263768796
lidar,1787197179328617314
esp32,1787197179364820771
lidar,1787197179432813553
esp32,1787197179464785700
lidar,1787197179527146632
esp32,1787197179564369499
lidar,1787197179631706286
esp32,1787197179664413104
lidar,1787197179729470050
esp32,1787197179764504002
lidar,1787197179828249067
esp32,1787197179864627699
lidar,1787197179930146517
esp32,1787197179964737434
lidar,1787197180033110063
esp32,1787197180064166487
lidar,1787197180124991791
esp32,1787197180164746314
lidar,1787197180225405552
esp32,1787197180264732821
lidar,1787197180326826665
esp32,1787197180364613724
lidar,1787197180424535546
esp32,1787197180463961404
lidar,1787197180527777624
esp32,1787197180564677626
lidar,1787197180628085184
esp32,1787197180664753155
lidar,1787197180727309538
esp32,1787197180764810993
lidar,1787197180853161127
esp32,1787197180864178064
lidar,1787197180928571013
esp32,1787197180964145995
lidar,1787197181026386123
esp32,1787197181064604493
lidar,1787197181125219087
esp32,1787197181164822941
lidar,1787197181226373824
esp32,1787197181264762745
lidar,1787197181324259097
esp32,1787197181364782904
lidar,1787197181425710809
esp32,1787197181464749712
lidar,1787197181527995720
esp32,1787197181564991153
lidar,1787197181625165248
esp32,1787197181664729532
lidar,1787197181726401956
esp32,1787197181764617018
lidar,1787197181822434923
esp32,1787197181864879758
lidar,1787197181921902874
esp32,1787197181964346855
lidar,1787197182024473526
esp32,1787197182064621521
lidar,1787197182121964143
esp32,1787197182164711384
lidar,1787197182224547951
esp32,1787197182264785800
lidar,1787197182321878899
esp32,1787197182364714271
lidar,1787197182423175996
esp32,1787197182464794201
lidar,1787197182522238609
esp32,1787197182564435291
lidar,1787197182624039571
esp32,1787197182664932968
lidar,1787197182721652517
esp32,1787197182764676870
lidar,1787197182820937755
esp32,1787197182864522393
lidar,1787197182921736248
esp32,1787197182964686489
lidar,1787197183022021167
esp32,1787197183064804434
lidar,1787197183122044196
esp32,1787197183164675764
lidar,1787197183224478992
esp32,1787197183264789593
lidar,1787197183324973911
esp32,1787197183364801223
lidar,1787197183428859668
esp32,1787197183464801376
lidar,1787197183530574795
esp32,1787197183564462334
lidar,1787197183628322687
esp32,1787197183664885017
lidar,1787197183728126076
esp32,1787197183764813812
lidar,1787197183827746834
esp32,1787197183864804220
lidar,1787197183925606430
esp32,1787197183964681715
lidar,1787197184019798095
esp32,1787197184064819757
lidar,1787197184119355717
esp32,1787197184164730932
lidar,1787197184220515344
esp32,1787197184264623533
lidar,1787197184321629837
esp32,1787197184364819420
lidar,1787197184436130451
esp32,1787197184464822113
lidar,1787197184522449960
esp32,1787197184564505754
lidar,1787197184618558690
esp32,1787197184664833413
lidar,1787197184718892297
esp32,1787197184764663910
lidar,1787197184823901400
esp32,1787197184864811557
lidar,1787197184924458191
esp32,1787197184964722631
lidar,1787197185028601775
esp32,1787197185064716987
lidar,1787197185126239222
esp32,1787197185164805858
lidar,1787197185222615794
esp32,1787197185264766771
lidar,1787197185322014171
esp32,1787197185364822824
lidar,1787197185420223524
esp32,1787197185464805983
lidar,1787197185522912824
esp32,1787197185564779931
lidar,1787197185623224211
esp32,1787197185664728908
lidar,1787197185720192728
esp32,1787197185764824983
lidar,1787197185819668173
esp32,1787197185864523025
lidar,1787197185917978015
esp32,1787197185964399120
lidar,1787197186019201691
esp32,1787197186064820000
lidar,1787197186120002970
esp32,1787197186164786120
lidar,1787197186220224904
esp32,1787197186264613480
lidar,1787197186320817355
esp32,1787197186364759053
lidar,1787197186417526373
esp32,1787197186464661465
lidar,1787197186518807156
esp32,1787197186564647854
lidar,1787197186618570391
esp32,1787197186664598821
lidar,1787197186724400634
esp32,1787197186764562572
lidar,1787197186817519459
esp32,1787197186863914200
lidar,1787197186917980547
esp32,1787197186964622825
lidar,1787197187017527492
esp32,1787197187064454902
lidar,1787197187117446851
esp32,1787197187164636824
lidar,1787197187217713995
esp32,1787197187264699328
lidar,1787197187319189246
esp32,1787197187364736869
lidar,1787197187418337358
esp32,1787197187464746515
lidar,1787197187519116647
esp32,1787197187564404065
lidar,1787197187617433037
esp32,1787197187664607976
lidar,1787197187720174662
esp32,1787197187764649729
lidar,1787197187817964956
esp32,1787197187864582379
lidar,1787197187917601981
esp32,1787197187964571767
lidar,1787197188019993631
esp32,1787197188064761493
lidar,1787197188114620251
esp32,1787197188164749566
lidar,1787197188214693117
esp32,1787197188264555707
lidar,1787197188315026365
esp32,1787197188364642461
lidar,1787197188417615494
esp32,1787197188464735571
lidar,1787197188517157365
esp32,1787197188564187725
lidar,1787197188617337765
esp32,1787197188664923336
lidar,1787197188717785981
esp32,1787197188764778148
lidar,1787197188815895242
esp32,1787197188864859859
lidar,1787197188916189681
esp32,1787197188964458013
lidar,1787197189015830760
esp32,1787197189064870660
lidar,1787197189118588448
esp32,1787197189164763749
lidar,1787197189217888883
esp32,1787197189264825424
lidar,1787197189319229051
esp32,1787197189364767186
lidar,1787197189414602767
esp32,1787197189464732378
lidar,1787197189519269945
esp32,1787197189563742284
lidar,1787197189614842410
esp32,1787197189664065907
lidar,1787197189713393658
esp32,1787197189763903228
lidar,1787197189813217258
esp32,1787197189864609659
lidar,1787197189913240392
esp32,1787197189964606116
lidar,1787197190014092875
esp32,1787197190064735413
lidar,1787197190113364613
esp32,1787197190164663168
lidar,1787197190215836311
esp32,1787197190264613412
lidar,1787197190313682585
esp32,1787197190364767003
lidar,1787197190416456718
esp32,1787197190463755874
lidar,1787197190517894453
esp32,1787197190564522832
lidar,1787197190627309350
esp32,1787197190664540925
lidar,1787197190716576465
esp32,1787197190764724891
lidar,1787197190813567452
esp32,1787197190864765986
lidar,1787197190917546965
esp32,1787197190984581526
lidar,1787197191014948775
esp32,1787197191064613774
lidar,1787197191114273957
esp32,1787197191164752672
lidar,1787197191214851204
esp32,1787197191264753659
lidar,1787197191313549487
esp32,1787197191364545994
lidar,1787197191415759731
esp32,1787197191464768353
lidar,1787197191514356555
esp32,1787197191564633740
lidar,1787197191612488122
esp32,1787197191664673242
lidar,1787197191713497599
esp32,1787197191764649488
lidar,1787197191819837835
esp32,1787197191864623693
lidar,1787197191917579640
esp32,1787197191964501840
lidar,1787197192015429880
esp32,1787197192064743727
lidar,1787197192117722014
esp32,1787197192164758561
lidar,1787197192210386812
esp32,1787197192264751484
lidar,1787197192313257250
esp32,1787197192364716508
lidar,1787197192412659970
esp32,1787197192464903859
lidar,1787197192515293856
esp32,1787197192564575891
lidar,1787197192614190594
esp32,1787197192664641223
lidar,1787197192717817900
esp32,1787197192764734319
lidar,1787197192815630194
esp32,1787197192864732827
lidar,1787197192916323764
esp32,1787197192964761468
lidar,1787197193016672472
esp32,1787197193064924205
lidar,1787197193114737902
esp32,1787197193164560953
lidar,1787197193214610663
esp32,1787197193264730326
lidar,1787197193320647195
esp32,1787197193364648464
lidar,1787197193413890468
esp32,1787197193464729892
lidar,1787197193515150975
esp32,1787197193564640894
lidar,1787197193615592728
esp32,1787197193664710143
lidar,1787197193717173759
esp32,1787197193764746781
lidar,1787197193815261679
esp32,1787197193864718238
lidar,1787197193913817524
esp32,1787197193964636700
lidar,1787197194015055411
esp32,1787197194064107193
lidar,1787197194111460562
esp32,1787197194164909743
lidar,1787197194211076751
esp32,1787197194264858854
lidar,1787197194312635459
esp32,1787197194364788884
lidar,1787197194413630672
esp32,1787197194464740008
lidar,1787197194514750619
esp32,1787197194564915843
lidar,1787197194615218626
esp32,1787197194663753250
lidar,1787197194710220444
esp32,1787197194764852013
lidar,1787197194810781193
esp32,1787197194864799118
lidar,1787197194908350101
esp32,1787197194964825962
lidar,1787197195008785950
esp32,1787197195064777871
lidar,1787197195108791013
esp32,1787197195164820465
lidar,1787197195208576355
esp32,1787197195264924876
lidar,1787197195309138903
esp32,1787197195364910956
lidar,1787197195410008895
esp32,1787197195464935886
lidar,1787197195513797478
esp32,1787197195565201379
lidar,1787197195616286571
esp32,1787197195664834114
lidar,1787197195714462563
esp32,1787197195764818765
lidar,1787197195814086400
esp32,1787197195864828132
lidar,1787197195913339482
esp32,1787197195964010193
lidar,1787197196013836581
esp32,1787197196064622341
lidar,1787197196115527871
esp32,1787197196164739962
lidar,1787197196211993339
esp32,1787197196264789661
lidar,1787197196315648573
esp32,1787197196364757625
lidar,1787197196409519391
esp32,1787197196464725971
lidar,1787197196510867611
esp32,1787197196564895035
lidar,1787197196610329927
esp32,1787197196664696918
lidar,1787197196707936196
esp32,1787197196764809517
lidar,1787197196808259295
esp32,1787197196864938626
esp32,1787197196964771914
lidar,1787197197008577607
esp32,1787197197064922184
lidar,1787197197106671569
esp32,1787197197164709938
lidar,1787197197206673038
esp32,1787197197264745643
lidar,1787197197306860097
esp32,1787197197364806236
lidar,1787197197406571825
esp32,1787197197464853142
lidar,1787197197511327390
esp32,1787197197564995430
lidar,1787197197611090711
esp32,1787197197664772461
lidar,1787197197711984329
esp32,1787197197764836523
lidar,1787197197809515665
esp32,1787197197864885611
lidar,1787197197912037621
esp32,1787197197964746588
lidar,1787197198009977516
esp32,1787197198064889431
lidar,1787197198112833729
esp32,1787197198164491124
lidar,1787197198210037564
esp32,1787197198264890379
lidar,1787197198308059524
esp32,1787197198364770407
lidar,1787197198407933994
esp32,1787197198464801755
lidar,1787197198509366400
esp32,1787197198563900881
lidar,1787197198608638667
esp32,1787197198664858395
lidar,1787197198711984456
esp32,1787197198764670120
lidar,1787197198808756264
esp32,1787197198864814972
lidar,1787197198905254880
esp32,1787197198964807774
lidar,1787197199004551906
esp32,1787197199064919857
lidar,1787197199103949009
esp32,1787197199164606013
lidar,1787197199203896936
esp32,1787197199264819745
lidar,1787197199304699558
esp32,1787197199364810280
lidar,1787197199405381894
esp32,1787197199464827242
lidar,1787197199507898550
esp32,1787197199564753662
lidar,1787197199608904554
esp32,1787197199664580819
lidar,1787197199706430034
esp32,1787197199764799837
lidar,1787197199808172102
esp32,1787197199863806134
lidar,1787197199909985086
esp32,1787197199963884639
lidar,1787197200007369158
esp32,1787197200063848262
lidar,1787197200110668983
esp32,1787197200164190712
lidar,1787197200207560808
esp32,1787197200264833405
lidar,1787197200309368507
esp32,1787197200364702913
lidar,1787197200411788830
esp32,1787197200464743246
lidar,1787197200513366319
esp32,1787197200565133317
lidar,1787197200603982346
esp32,1787197200664585453
lidar,1787197200705024594
esp32,1787197200763796922
lidar,1787197200804919310
esp32,1787197200864479487
lidar,1787197200910871080
esp32,1787197200964537327
lidar,1787197201009051533
esp32,1787197201064647596
lidar,1787197201103900117
esp32,1787197201184544211
lidar,1787197201205101293
esp32,1787197201264709148
lidar,1787197201302195683
esp32,1787197201364681974
lidar,1787197201406295326
esp32,1787197201464585278
lidar,1787197201502120597
esp32,1787197201564698449
lidar,1787197201605261809
esp32,1787197201664814137
lidar,1787197201708376872
esp32,1787197201764766949
lidar,1787197201805465908
esp32,1787197201864746555
lidar,1787197201906881624
esp32,1787197201964660612
lidar,1787197202005813762
esp32,1787197202064623286
lidar,1787197202105038572
esp32,1787197202164667530
lidar,1787197202208891434
esp32,1787197202264769354
lidar,1787197202304732118
esp32,1787197202364701836
lidar,1787197202404012006
esp32,1787197202464717143
lidar,1787197202504909336
esp32,1787197202564317396
lidar,1787197202606899540
esp32,1787197202664792161
lidar,1787197202704547568
esp32,1787197202764786850
lidar,1787197202807834362
esp32,1787197202864891621
lidar,1787197202904210703
esp32,1787197202964873982
lidar,1787197203004253075
esp32,1787197203064824328
lidar,1787197203102051257
esp32,1787197203164934615
lidar,1787197203201946516
esp32,1787197203264739081
lidar,1787197203303083915
esp32,1787197203364691962
lidar,1787197203403761271
esp32,1787197203464828351
lidar,1787197203503044164
esp32,1787197203564681687
lidar,1787197203603170550
esp32,1787197203664916141
lidar,1787197203706933128
esp32,1787197203764729831
lidar,1787197203810228229
esp32,1787197203864935121
lidar,1787197203905175166
esp32,1787197203964800956
lidar,1787197204019000890
esp32,1787197204064802044
lidar,1787197204104169906
esp32,1787197204184818786
lidar,1787197204202739550
esp32,1787197204264763826
lidar,1787197204339937901
esp32,1787197204364916897
lidar,1787197204405342377
esp32,1787197204464885598
lidar,1787197204503738415
esp32,1787197204564566664
lidar,1787197204606637314
esp32,1787197204664839242
lidar,1787197204702823799
esp32,1787197204764998356
lidar,1787197204801010218
esp32,1787197204864791064
lidar,1787197204898773939
esp32,1787197204964858149
lidar,1787197204999102242
esp32,1787197205064696875
lidar,1787197205105338109
esp32,1787197205164677511
lidar,1787197205200824608
esp32,1787197205264944101
lidar,1787197205301894857
esp32,1787197205364668068
lidar,1787197205402210542
esp32,1787197205464901717
lidar,1787197205502590948
esp32,1787197205564779685
lidar,1787197205598369607
esp32,1787197205664789654
lidar,1787197205699042731
esp32,1787197205764584562
lidar,1787197205800231823
esp32,1787197205864811473
lidar,1787197205899836733
esp32,1787197205964667797
lidar,1787197206002438351
esp32,1787197206064849711
lidar,1787197206106261681
esp32,1787197206164695007
lidar,1787197206205320620
esp32,1787197206264713742
lidar,1787197206303409945
esp32,1787197206364623469
lidar,1787197206400391990
esp32,1787197206464855955
lidar,1787197206501354068
esp32,1787197206564471664
lidar,1787197206600653169
esp32,1787197206664860751
lidar,1787197206700843327
esp32,1787197206764673833
lidar,1787197206800036739
esp32,1787197206864684051
lidar,1787197206897505152
esp32,1787197206964827828
lidar,1787197206998281457
esp32,1787197207064703650
lidar,1787197207097863215
esp32,1787197207164682019
lidar,1787197207196204459
esp32,1787197207264866390
lidar,1787197207298943250
esp32,1787197207364618300
lidar,1787197207397162825
esp32,1787197207464803593
lidar,1787197207499473448
esp32,1787197207564574006
lidar,1787197207598582251
esp32,1787197207664874947
lidar,1787197207699422548
esp32,1787197207764798110
lidar,1787197207800523209
esp32,1787197207864898659
lidar,1787197207899248000
esp32,1787197207964726420
lidar,1787197208000853130
esp32,1787197208064703882
lidar,1787197208102010179
esp32,1787197208164600006
lidar,1787197208200428645
esp32,1787197208264817298
lidar,1787197208303290017
esp32,1787197208364823846
lidar,1787197208404826707
esp32,1787197208464760261
lidar,1787197208501360390
esp32,1787197208565042634
lidar,1787197208600308908
esp32,1787197208664815667
lidar,1787197208698998681
esp32,1787197208764717602
lidar,1787197208796952189
esp32,1787197208864133470
lidar,1787197208898176866
esp32,1787197208964696658
lidar,1787197208994957973
esp32,1787197209064823951
lidar,1787197209098070393
esp32,1787197209164672764
lidar,1787197209194547463
esp32,1787197209264700608
lidar,1787197209295039275
esp32,1787197209364870527
lidar,1787197209396323266
esp32,1787197209464745707
lidar,1787197209496030736
esp32,1787197209564854744
lidar,1787197209596187705
esp32,1787197209664692005
lidar,1787197209694434633
esp32,1787197209764869048
lidar,1787197209800905003
esp32,1787197209863870930
lidar,1787197209896089557
esp32,1787197209963968639
lidar,1787197209995705758
esp32,1787197210064021912
lidar,1787197210098944284
esp32,1787197210164038629
lidar,1787197210196910969
esp32,1787197210264799197
lidar,1787197210297597015
esp32,1787197210364774599
lidar,1787197210399744420
esp32,1787197210464755640
lidar,1787197210495882286
esp32,1787197210564865827
lidar,1787197210595906578
esp32,1787197210664730421
lidar,1787197210695952582
esp32,1787197210764429587
lidar,1787197210797557460
esp32,1787197210864871935
lidar,1787197210898210491
esp32,1787197210964750800
lidar,1787197210994288083
esp32,1787197211064802188
lidar,1787197211094264875
esp32,1787197211164899737
lidar,1787197211194570991
esp32,1787197211264847945
lidar,1787197211329995926
esp32,1787197211364854150
lidar,1787197211393514925
esp32,1787197211464619499
lidar,1787197211492993332
esp32,1787197211564718169
lidar,1787197211593085340
esp32,1787197211664669642
lidar,1787197211695759198
esp32,1787197211764906822
lidar,1787197211793665312
esp32,1787197211864681620
lidar,1787197211893803361
esp32,1787197211964801970
lidar,1787197211996861563
esp32,1787197212064685868
lidar,1787197212100161306
esp32,1787197212164677203
lidar,1787197212195134049
esp32,1787197212263941262
lidar,1787197212295833552
esp32,1787197212364453303
lidar,1787197212404943201
esp32,1787197212464724757
lidar,1787197212498746969
esp32,1787197212564658918
lidar,1787197212597465481
esp32,1787197212664854564
lidar,1787197212701678628
esp32,1787197212764723939
lidar,1787197212796949483
esp32,1787197212864832258
lidar,1787197212894867728
esp32,1787197212964739149
lidar,1787197212993564750
esp32,1787197213064671995
lidar,1787197213092899446
esp32,1787197213164849460
lidar,1787197213197886163
esp32,1787197213264807706
lidar,1787197213292264078
esp32,1787197213364819060
lidar,1787197213392493804
esp32,1787197213464724032
lidar,1787197213490998776
esp32,1787197213564816293
lidar,1787197213595209286
esp32,1787197213664736051
lidar,1787197213695532468
esp32,1787197213764644177
lidar,1787197213792319971
esp32,1787197213864703452
lidar,1787197213892061879
esp32,1787197213964667938
lidar,1787197213996455206
esp32,1787197214064692662
lidar,1787197214092888356
esp32,1787197214164625281
lidar,1787197214194573497
esp32,1787197214264683390
lidar,1787197214295451304
esp32,1787197214364622690
lidar,1787197214396027019
esp32,1787197214464601738
lidar,1787197214501628858
esp32,1787197214564671854
lidar,1787197214597037250
esp32,1787197214664803765
lidar,1787197214694495351
esp32,1787197214764808192
lidar,1787197214795142970
esp32,1787197214864788734
lidar,1787197214898436636
esp32,1787197214964488086
lidar,1787197214998417420
esp32,1787197215064662360
lidar,1787197215095340120
esp32,1787197215164834624
lidar,1787197215192760130
esp32,1787197215264703191
lidar,1787197215291907228
esp32,1787197215364833126
lidar,1787197215392279902
esp32,1787197215464598096
lidar,1787197215496917058
esp32,1787197215564746577
lidar,1787197215590594056
esp32,1787197215664738792
lidar,1787197215690519593
esp32,1787197215764697583
lidar,1787197215789825189
esp32,1787197215864866586
lidar,1787197215890239694
esp32,1787197215964832639
lidar,1787197215990010621
esp32,1787197216064734523
lidar,1787197216092648063
esp32,1787197216164793727
lidar,1787197216192043040
esp32,1787197216264703437
lidar,1787197216288491576
lidar,1787197216392350293
esp32,1787197216404199120
esp32,1787197216464755363
lidar,1787197216492236609
esp32,1787197216564696435
lidar,1787197216596807439
esp32,1787197216664677864
lidar,1787197216693581382
esp32,1787197216764743772
lidar,1787197216795131886
esp32,1787197216864841275
lidar,1787197216890137889
esp32,1787197216964149348
lidar,1787197216990417517
esp32,1787197217064607701
lidar,1787197217091236287
esp32,1787197217164496500
lidar,1787197217191204839
esp32,1787197217264572359
lidar,1787197217292782689
esp32,1787197217364542291
lidar,1787197217393849582
esp32,1787197217464627546
lidar,1787197217492520624
esp32,1787197217564663139
lidar,1787197217591113093
esp32,1787197217664756107
lidar,1787197217690316468
esp32,1787197217764743170
lidar,1787197217791170401
esp32,1787197217864750310
lidar,1787197217892059312
esp32,1787197217964738623
lidar,1787197217992379871
esp32,1787197218064643150
lidar,1787197218093925363
esp32,1787197218164725165
lidar,1787197218189482972
esp32,1787197218264833588
lidar,1787197218290069247
esp32,1787197218364743469
lidar,1787197218392663129
esp32,1787197218464743523
lidar,1787197218492874710
esp32,1787197218564463454
lidar,1787197218594667328
esp32,1787197218664664259
lidar,1787197218686819851
esp32,1787197218764762062
lidar,1787197218787323179
esp32,1787197218864763107
lidar,1787197218888108827
esp32,1787197218964619781
lidar,1787197218990001349
esp32,1787197219064813027
lidar,1787197219089869340
esp32,1787197219164702266
lidar,1787197219191202610
esp32,1787197219264924642
lidar,1787197219289403936
esp32,1787197219364881007
lidar,1787197219389689200
esp32,1787197219464722719
lidar,1787197219490155185
esp32,1787197219564892823
lidar,1787197219593061598
esp32,1787197219664820223
lidar,1787197219692092682
esp32,1787197219764808764
lidar,1787197219793478977
esp32,1787197219863815348
lidar,1787197219890045965
esp32,1787197219963840931
lidar,1787197219989197228
esp32,1787197220063761037
lidar,1787197220088820861
esp32,1787197220164598511
lidar,1787197220190054472
esp32,1787197220264623154
lidar,1787197220290535640
esp32,1787197220364668400
lidar,1787197220391657025
esp32,1787197220464563214
lidar,1787197220492798547
esp32,1787197220565016967
lidar,1787197220594391093
esp32,1787197220664742254
lidar,1787197220691753091
esp32,1787197220764628492
lidar,1787197220792163483
esp32,1787197220864787147
lidar,1787197220891951203
esp32,1787197220964846966
lidar,1787197220994448231
esp32,1787197221064867454
lidar,1787197221089171229
esp32,1787197221164911519
lidar,1787197221185985878
esp32,1787197221264721967
lidar,1787197221287882344
esp32,1787197221364927432
lidar,1787197221386628591
esp32,1787197221464774463
lidar,1787197221486737407
esp32,1787197221564852600
lidar,1787197221587648779
esp32,1787197221664903500
lidar,1787197221688347778
esp32,1787197221764755000
lidar,1787197221790561565
esp32,1787197221864748820
lidar,1787197221890650373
esp32,1787197221964730907
lidar,1787197221989734052
esp32,1787197222064710005
lidar,1787197222088433221
esp32,1787197222164746322
lidar,1787197222190649413
esp32,1787197222264767270
lidar,1787197222289099494
esp32,1787197222364633204
lidar,1787197222390437212
esp32,1787197222464660677
lidar,1787197222491446017
esp32,1787197222565164415
lidar,1787197222589806622
esp32,1787197222664649842
lidar,1787197222689606432
esp32,1787197222764767557
lidar,1787197222791364707
esp32,1787197222864914940
lidar,1787197222901927485
esp32,1787197222964737257
lidar,1787197222985335414
esp32,1787197223064678404
lidar,1787197223088060018
esp32,1787197223164816278
lidar,1787197223187649847
esp32,1787197223264744569
lidar,1787197223288073366
esp32,1787197223364829134
lidar,1787197223384205746
esp32,1787197223464832228
lidar,1787197223488357556
esp32,1787197223564815226
lidar,1787197223588219574
esp32,1787197223664933797
lidar,1787197223688903974
esp32,1787197223764860292
lidar,1787197223786316379
esp32,1787197223864919391
lidar,1787197223886387179
esp32,1787197223964848510
lidar,1787197223988474655
esp32,1787197224064751692
lidar,1787197224088314255
esp32,1787197224164906902
lidar,1787197224186654583
esp32,1787197224264746401
lidar,1787197224286399344
esp32,1787197224364750500
lidar,1787197224387363173
esp32,1787197224464901693
lidar,1787197224489639397
esp32,1787197224564812589
lidar,1787197224590239198
esp32,1787197224664578554
lidar,1787197224687048841
esp32,1787197224764587763
lidar,1787197224790048605
esp32,1787197224864672637
lidar,1787197224890892707
esp32,1787197224964753263
lidar,1787197224987310780
esp32,1787197225063828031
lidar,1787197225086565100
esp32,1787197225164743740
lidar,1787197225192726725
esp32,1787197225264635541
lidar,1787197225290474934
esp32,1787197225364751074
lidar,1787197225384902159
esp32,1787197225464883476
lidar,1787197225487503513
esp32,1787197225564800227
lidar,1787197225585391140
esp32,1787197225664858995
lidar,1787197225689240589
esp32,1787197225764858424
lidar,1787197225784378471
esp32,1787197225864856974
lidar,1787197225886911216
esp32,1787197225964773326
lidar,1787197225982944997
esp32,1787197226064761920
lidar,1787197226082247033
esp32,1787197226164842845
lidar,1787197226191387836
esp32,1787197226264628713
lidar,1787197226283195597
esp32,1787197226364789687
lidar,1787197226388252028
esp32,1787197226464673363
lidar,1787197226486883923
esp32,1787197226564800115
lidar,1787197226586696607
esp32,1787197226664792321
lidar,1787197226687768708
esp32,1787197226764669887
lidar,1787197226785535820
esp32,1787197226864848378
lidar,1787197226886858427
esp32,1787197226964922467
lidar,1787197226983536107
esp32,1787197227065121958
lidar,1787197227084601728
esp32,1787197227164803630
lidar,1787197227182880892
esp32,1787197227264747201
lidar,1787197227286220035
esp32,1787197227364855193
lidar,1787197227383181203
esp32,1787197227464868018
lidar,1787197227490136569
esp32,1787197227564707281
lidar,1787197227589997046
esp32,1787197227664820289
lidar,1787197227684469238
esp32,1787197227764768737
lidar,1787197227783420097
esp32,1787197227864839150
lidar,1787197227882329224
esp32,1787197227964805399
lidar,1787197227987227292
esp32,1787197228064773386
lidar,1787197228086621756
esp32,1787197228164707486
lidar,1787197228183260550
esp32,1787197228264600510
lidar,1787197228284139367
esp32,1787197228364808215
lidar,1787197228382826566
esp32,1787197228464852355
lidar,1787197228485271277
esp32,1787197228564690904
lidar,1787197228584580236
esp32,1787197228664846226
lidar,1787197228700096328
esp32,1787197228764853367
lidar,1787197228787341039
esp32,1787197228864649710
lidar,1787197228889396842
esp32,1787197228964900165
lidar,1787197228986951367
esp32,1787197229064848906
lidar,1787197229087655555
esp32,1787197229164817269
lidar,1787197229189695773
esp32,1787197229264759776
lidar,1787197229281563657
esp32,1787197229364921094
lidar,1787197229381232891
esp32,1787197229464860150
lidar,1787197229480847830
esp32,1787197229564788841
lidar,1787197229582927525
esp32,1787197229663858734
lidar,1787197229680801733
esp32,1787197229764705932
lidar,1787197229779282441
esp32,1787197229863921906
lidar,1787197229880130931
esp32,1787197229963724340
lidar,1787197229978016581
esp32,1787197230064057443
lidar,1787197230078265250
esp32,1787197230163996388
lidar,1787197230179451784
esp32,1787197230264748596
lidar,1787197230279694517
esp32,1787197230364850598
lidar,1787197230380947823
esp32,1787197230464747820
lidar,1787197230482277107
esp32,1787197230564477905
lidar,1787197230582845286
esp32,1787197230664744093
lidar,1787197230687083387
esp32,1787197230764841051
lidar,1787197230784281639
esp32,1787197230864830009
lidar,1787197230887284665
esp32,1787197230964837141
lidar,1787197230981581508
esp32,1787197231064769323
lidar,1787197231082501370
esp32,1787197231164661878
lidar,1787197231178156140
esp32,1787197231264825354
lidar,1787197231278329223
esp32,1787197231364736926
lidar,1787197231380081060
esp32,1787197231464856386
lidar,1787197231484011858
esp32,1787197231564870545
lidar,1787197231601353783
esp32,1787197231664831123
lidar,1787197231683181304
esp32,1787197231764974943
lidar,1787197231781226385
esp32,1787197231864938377
lidar,1787197231884591489
esp32,1787197231964813231
lidar,1787197231981937121
esp32,1787197232064877377
lidar,1787197232078909325
esp32,1787197232164896344
lidar,1787197232179160842
esp32,1787197232264843986
lidar,1787197232279063794
esp32,1787197232364884218
lidar,1787197232381043793
esp32,1787197232464835466
lidar,1787197232478893501
esp32,1787197232564603686
lidar,1787197232582564832
esp32,1787197232664718448
lidar,1787197232678705785
esp32,1787197232764532823
lidar,1787197232781137777
esp32,1787197232864843454
lidar,1787197232883354848
esp32,1787197232964721738
lidar,1787197232981104485
esp32,1787197233064787323
lidar,1787197233083798849
esp32,1787197233164576884
lidar,1787197233182382053
esp32,1787197233264859490
lidar,1787197233283580162
esp32,1787197233364920591
lidar,1787197233376936604
esp32,1787197233464827513
lidar,1787197233476367417
esp32,1787197233564803787
lidar,1787197233578847270
esp32,1787197233664708418
lidar,1787197233683130995
esp32,1787197233764820228
lidar,1787197233779028443
esp32,1787197233864930576
lidar,1787197233879478522
esp32,1787197233964755716
lidar,1787197233979683931
esp32,1787197234064773337
lidar,1787197234078587791
esp32,1787197234164811318
lidar,1787197234178492973
esp32,1787197234264921394
lidar,1787197234278586698
esp32,1787197234364903824
lidar,1787197234379231429
esp32,1787197234464908726
lidar,1787197234477059583
esp32,1787197234564555822
lidar,1787197234578797655
esp32,1787197234664796826
lidar,1787197234677146841
esp32,1787197234764665208
lidar,1787197234781265935
esp32,1787197234864800385
lidar,1787197234883816253
esp32,1787197234964739678
lidar,1787197234981951776
esp32,1787197235064830009
lidar,1787197235084565322
esp32,1787197235164721060
lidar,1787197235176409866
esp32,1787197235264703413
lidar,1787197235277855297
esp32,1787197235364683904
lidar,1787197235376951645
esp32,1787197235464806605
lidar,1787197235478921799
esp32,1787197235564700900
lidar,1787197235579220334
esp32,1787197235664704497
lidar,1787197235677802231
esp32,1787197235764914355
lidar,1787197235781426333
esp32,1787197235864716828
lidar,1787197235883907902
esp32,1787197235964804932
lidar,1787197235977714156
esp32,1787197236064671871
lidar,1787197236076414715
esp32,1787197236164853769
lidar,1787197236175968137
esp32,1787197236264747219
lidar,1787197236275843250
esp32,1787197236364693747
lidar,1787197236375600721
esp32,1787197236464839757
lidar,1787197236483339573
esp32,1787197236564695934
lidar,1787197236576397922
esp32,1787197236664701609
lidar,1787197236677445327
esp32,1787197236764705761
lidar,1787197236775100180
esp32,1787197236864719858
lidar,1787197236872902600
esp32,1787197236964795301
lidar,1787197236974779136
esp32,1787197237064703857
lidar,1787197237077130105
esp32,1787197237164802385
lidar,1787197237175355155
esp32,1787197237264560394
lidar,1787197237279608954
esp32,1787197237364759262
lidar,1787197237380346983
esp32,1787197237464619808
lidar,1787197237474474626
esp32,1787197237564695151
lidar,1787197237572889635
esp32,1787197237664596080
lidar,1787197237672991763
esp32,1787197237764728661
lidar,1787197237777969431
esp32,1787197237864815288
lidar,1787197237878576021
esp32,1787197237964687772
lidar,1787197237976596746
esp32,1787197238064711313
lidar,1787197238084559437
esp32,1787197238164863424
lidar,1787197238175663234
esp32,1787197238264708586
lidar,1787197238274425928
esp32,1787197238364709810
lidar,1787197238373738330
esp32,1787197238464857110
lidar,1787197238473677615
esp32,1787197238564575287
lidar,1787197238572831841
esp32,1787197238664821358
lidar,1787197238675041295
esp32,1787197238764777050
lidar,1787197238773291388
esp32,1787197238864845617
lidar,1787197238873154246
esp32,1787197238964830817
lidar,1787197238975141728
esp32,1787197239064788200
lidar,1787197239071774904
esp32,1787197239164861070
lidar,1787197239172952146
esp32,1787197239264499184
lidar,1787197239271664237
esp32,1787197239364822122
lidar,1787197239372391975
esp32,1787197239464822888
lidar,1787197239471920751
esp32,1787197239564845876
lidar,1787197239573302027
esp32,1787197239664855754
lidar,1787197239677842430
esp32,1787197239764861252
lidar,1787197239776204830
esp32,1787197239863896910
lidar,1787197239876803532
esp32,1787197239963814133
lidar,1787197239977957709
esp32,1787197240063851303
lidar,1787197240079606199
esp32,1787197240164701471
lidar,1787197240177986565
lidar,1787197240281988481
esp32,1787197240284547907
esp32,1787197240364883137
lidar,1787197240373811995
esp32,1787197240464804990
lidar,1787197240473594775
esp32,1787197240565160356
lidar,1787197240576530898
esp32,1787197240664706707
lidar,1787197240673421314
lidar,1787197240774718486
esp32,1787197240784573807
esp32,1787197240864809074
lidar,1787197240875021359
esp32,1787197240964878998
lidar,1787197240976138640
esp32,1787197241064795474
lidar,1787197241074987806
esp32,1787197241164810602
lidar,1787197241172514131
esp32,1787197241264391893
lidar,1787197241275386011
esp32,1787197241364818304
lidar,1787197241378355019
esp32,1787197241464839412
lidar,1787197241475535633
esp32,1787197241564709374
lidar,1787197241576439812
esp32,1787197241664718523
lidar,1787197241672906844
esp32,1787197241764826081
lidar,1787197241771430667
esp32,1787197241864835972
lidar,1787197241875131555
esp32,1787197241964722876
lidar,1787197241973680964
esp32,1787197242064786599
lidar,1787197242071600108
esp32,1787197242164921497
lidar,1787197242177154662
esp32,1787197242264823603
lidar,1787197242272471549
esp32,1787197242364855791
lidar,1787197242373790790
esp32,1787197242464834108
lidar,1787197242481589254
esp32,1787197242563923811
lidar,1787197242571661015
esp32,1787197242664812877
lidar,1787197242671496572
esp32,1787197242764794830
lidar,1787197242774206855
esp32,1787197242864834422
lidar,1787197242873462882
esp32,1787197242964816218
lidar,1787197242975059434
esp32,1787197243064712520
lidar,1787197243073132889
esp32,1787197243164906354
lidar,1787197243172370915
esp32,1787197243264807402
lidar,1787197243273888154
esp32,1787197243364566212
lidar,1787197243372308178
esp32,1787197243464801005
lidar,1787197243474396684
esp32,1787197243564903162
lidar,1787197243575155126
esp32,1787197243664826549
lidar,1787197243672127094
esp32,1787197243764906762
lidar,1787197243770290593
esp32,1787197243864788278
lidar,1787197243870103458
esp32,1787197243964885881
lidar,1787197243971988579
esp32,1787197244064212318
lidar,1787197244069791166
esp32,1787197244164890227
lidar,1787197244180900515
esp32,1787197244264821520
lidar,1787197244270525194
esp32,1787197244364814621
lidar,1787197244372698795
esp32,1787197244464830505
lidar,1787197244474872188
esp32,1787197244564716205
lidar,1787197244573789262
esp32,1787197244664795225
lidar,1787197244675579244
esp32,1787197244764726261
lidar,1787197244771662733
esp32,1787197244864727227
lidar,1787197244868416944
esp32,1787197244964835825
lidar,1787197244971726061
esp32,1787197245064735247
lidar,1787197245071301485
esp32,1787197245164604199
lidar,1787197245171921168
esp32,1787197245264305956
lidar,1787197245268643734
esp32,1787197245364504745
lidar,1787197245371134394
esp32,1787197245464695164
lidar,1787197245473485417
esp32,1787197245564755892
lidar,1787197245571757770
esp32,1787197245664676229
lidar,1787197245667454093
esp32,1787197245764538256
lidar,1787197245769681432
esp32,1787197245864895504
lidar,1787197245869426744
esp32,1787197245964723218
lidar,1787197245969468935
esp32,1787197246064658318
lidar,1787197246071330758
esp32,1787197246164655575
lidar,1787197246176100442
esp32,1787197246264640358
lidar,1787197246271042040
esp32,1787197246364807735
lidar,1787197246369414061
esp32,1787197246464801086
lidar,1787197246470392265
esp32,1787197246564922358
lidar,1787197246571827028
esp32,1787197246664804012
lidar,1787197246672275677
esp32,1787197246764802488
lidar,1787197246769778192
esp32,1787197246864781478
lidar,1787197246871580927
esp32,1787197246964798935
lidar,1787197246969136896
esp32,1787197247064717319
lidar,1787197247069106436
esp32,1787197247164808410
lidar,1787197247171292606
esp32,1787197247264817943
lidar,1787197247270228401
esp32,1787197247363895768
lidar,1787197247369006155
esp32,1787197247464818936
lidar,1787197247473579029
esp32,1787197247564819579
lidar,1787197247570751475
esp32,1787197247664736591
lidar,1787197247670724113
esp32,1787197247764917406
lidar,1787197247769666683
esp32,1787197247864802874
lidar,1787197247868446911
esp32,1787197247964911099
lidar,1787197247970011733
esp32,1787197248064739268
lidar,1787197248067848803
esp32,1787197248164848753
lidar,1787197248172267233
esp32,1787197248264751085
lidar,1787197248267202235
esp32,1787197248364729932
lidar,1787197248369618665
esp32,1787197248464656385
lidar,1787197248472905388
esp32,1787197248564872998
lidar,1787197248573075238
esp32,1787197248664868224
lidar,1787197248669102050
esp32,1787197248764945032
lidar,1787197248768490772
esp32,1787197248864810093
lidar,1787197248868833597
esp32,1787197248964856717
lidar,1787197248969789790
esp32,1787197249064779515
lidar,1787197249069652929
esp32,1787197249164934890
lidar,1787197249169021133
esp32,1787197249264729628
lidar,1787197249267505085
esp32,1787197249363957780
lidar,1787197249370292021
esp32,1787197249464829149
lidar,1787197249467463841
esp32,1787197249564844830
lidar,1787197249569339382
esp32,1787197249664875558
lidar,1787197249673321471
esp32,1787197249764973085
lidar,1787197249768895842
esp32,1787197249863983347
lidar,1787197249870274448
esp32,1787197249963914882
lidar,1787197249971444232
lidar,1787197250063677443
esp32,1787197250064175602
esp32,1787197250164827535
lidar,1787197250165909099
esp32,1787197250264675731
lidar,1787197250267116963
esp32,1787197250364614152
lidar,1787197250366196835
esp32,1787197250464566986
lidar,1787197250466821834
esp32,1787197250564681043
lidar,1787197250566302936
esp32,1787197250664683388
lidar,1787197250668543245
esp32,1787197250764821696
lidar,1787197250768491052
esp32,1787197250864695392
lidar,1787197250867183742
esp32,1787197250964730404
lidar,1787197250967557829
esp32,1787197251064497130
lidar,1787197251066074142
esp32,1787197251164636614
lidar,1787197251165725566
esp32,1787197251264778627
lidar,1787197251268964799
esp32,1787197251364736735
lidar,1787197251366252414
esp32,1787197251464792475
lidar,1787197251465862555
esp32,1787197251564980151
lidar,1787197251566684997
esp32,1787197251664609226
lidar,1787197251666265928
esp32,1787197251764733477
lidar,1787197251767288606
esp32,1787197251864790485
lidar,1787197251868555812
esp32,1787197251964813987
lidar,1787197251969255370
esp32,1787197252064438841
lidar,1787197252068934404
lidar,1787197252164357677
esp32,1787197252165231910
esp32,1787197252264747828
lidar,1787197252267376583
lidar,1787197252361358244
esp32,1787197252364384339
lidar,1787197252461990719
esp32,1787197252464321336
esp32,1787197252565034630
lidar,1787197252575898967
lidar,1787197252661696021
esp32,1787197252664288046
esp32,1787197252764728015
lidar,1787197252766232941
lidar,1787197252863552549
esp32,1787197252864634480
lidar,1787197252962565707
esp32,1787197252964446445
lidar,1787197253063298352
esp32,1787197253064332069
esp32,1787197253164663928
lidar,1787197253165383728
lidar,1787197253264053111
esp32,1787197253265222571
esp32,1787197253364606974
lidar,1787197253366302208
esp32,1787197253464556664
lidar,1787197253471803881
lidar,1787197253563610475
esp32,1787197253564825608
lidar,1787197253664391911
esp32,1787197253665277586
esp32,1787197253764799878
lidar,1787197253769222360
esp32,1787197253864725877
lidar,1787197253865605082
lidar,1787197253962900565
esp32,1787197253964335570
lidar,1787197254062553165
esp32,1787197254064376405
lidar,1787197254164864243
esp32,1787197254166031536
lidar,1787197254260668171
esp32,1787197254264401061
lidar,1787197254360139868
esp32,1787197254364449907
lidar,1787197254460398597
esp32,1787197254463799148
lidar,1787197254563883874
esp32,1787197254564474598
lidar,1787197254662761085
esp32,1787197254664310583
esp32,1787197254764668325
lidar,1787197254766363191
lidar,1787197254862742136
esp32,1787197254864721369
lidar,1787197254964502031
esp32,1787197254965673038
lidar,1787197255063378778
esp32,1787197255064882282
esp32,1787197255164408948
lidar,1787197255167183329
esp32,1787197255264757434
lidar,1787197255265735188
lidar,1787197255363430837
esp32,1787197255364520039
esp32,1787197255464536213
lidar,1787197255465630525
esp32,1787197255564902035
lidar,1787197255565882724
lidar,1787197255661692795
esp32,1787197255664338575
lidar,1787197255762544872
esp32,1787197255764645925
lidar,1787197255862080169
esp32,1787197255864488119
esp32,1787197255964766127
lidar,1787197255965816084
esp32,1787197256064699236
lidar,1787197256068174401
lidar,1787197256163792869
esp32,1787197256164862467
lidar,1787197256261394200
esp32,1787197256264564692
lidar,1787197256363521195
esp32,1787197256364904198
lidar,1787197256459528839
esp32,1787197256464523533
esp32,1787197256564676131
lidar,1787197256570842291
esp32,1787197256664736302
lidar,1787197256670660255
lidar,1787197256764111175
esp32,1787197256765223765
esp32,1787197256864744864
lidar,1787197256865920617
lidar,1787197256959881760
esp32,1787197256964813480
lidar,1787197257059328088
esp32,1787197257064390397
lidar,1787197257162639199
esp32,1787197257164628237
lidar,1787197257263779336
esp32,1787197257264893532
lidar,1787197257362507617
esp32,1787197257364589330
lidar,1787197257461779966
esp32,1787197257464385243
esp32,1787197257564442780
lidar,1787197257570471203
lidar,1787197257661220168
esp32,1787197257664427464
lidar,1787197257761088966
esp32,1787197257764571990
lidar,1787197257859738522
esp32,1787197257864466573
esp32,1787197257964765257
lidar,1787197257965419738
lidar,1787197258063762159
esp32,1787197258065030273
esp32,1787197258164811890
lidar,1787197258170844930
lidar,1787197258260129489
esp32,1787197258264527820
lidar,1787197258357017919
esp32,1787197258364490186
lidar,1787197258464289228
esp32,1787197258465456836
lidar,1787197258558550510
esp32,1787197258564427858
lidar,1787197258657606694
esp32,1787197258664351150
lidar,1787197258756956844
esp32,1787197258764459086
lidar,1787197258857813621
esp32,1787197258863611758
esp32,1787197258964850070
lidar,1787197258965859475
lidar,1787197259063404851
esp32,1787197259064878520
lidar,1787197259158647341
esp32,1787197259164449233
lidar,1787197259259164084
esp32,1787197259264415438
lidar,1787197259358195811
esp32,1787197259364446002
lidar,1787197259457868372
esp32,1787197259464385689
lidar,1787197259562372023
esp32,1787197259564421312
lidar,1787197259658377878
esp32,1787197259664405161
lidar,1787197259758990486
esp32,1787197259764383683
lidar,1787197259858846579
esp32,1787197259863541348
lidar,1787197259958487185
esp32,1787197259963627801
lidar,1787197260057408527
esp32,1787197260063702056
lidar,1787197260160842469
esp32,1787197260163779157
lidar,1787197260260737702
esp32,1787197260264486591
lidar,1787197260359805057
esp32,1787197260364517040
lidar,1787197260460576745
esp32,1787197260464425290
lidar,1787197260556430172
esp32,1787197260564394553
lidar,1787197260658362088
esp32,1787197260664412047
lidar,1787197260755449790
esp32,1787197260764881552
lidar,1787197260855313645
esp32,1787197260864480292
lidar,1787197260973356701
esp32,1787197260984780848
lidar,1787197261057406104
esp32,1787197261064428992
lidar,1787197261158701169
esp32,1787197261164091978
lidar,1787197261257423557
esp32,1787197261264375026
lidar,1787197261357920484
esp32,1787197261364477474
esp32,1787197261464806889
lidar,1787197261470753389
lidar,1787197261561197121
esp32,1787197261564255163
lidar,1787197261657468822
esp32,1787197261664376349
lidar,1787197261761162435
esp32,1787197261764365443
lidar,1787197261862836722
esp32,1787197261864958756
lidar,1787197261964884374
esp32,1787197261984833159
lidar,1787197262067005637
esp32,1787197262084732230
lidar,1787197262159022980
esp32,1787197262164544650
lidar,1787197262261848822
esp32,1787197262264422801
lidar,1787197262357462160
esp32,1787197262364473364
lidar,1787197262454973195
esp32,1787197262464552299
lidar,1787197262555470413
esp32,1787197262564248986
lidar,1787197262654763733
esp32,1787197262664354601
esp32,1787197262785216743
lidar,1787197262786200470
lidar,1787197262853528525
esp32,1787197262863908923
lidar,1787197262954893731
esp32,1787197262964835125
lidar,1787197263055234368
esp32,1787197263064821923
lidar,1787197263154690318
esp32,1787197263164839833
lidar,1787197263254652195
esp32,1787197263264584842
lidar,1787197263358102092
esp32,1787197263364551088
lidar,1787197263457917359
esp32,1787197263464813548
lidar,1787197263553949501
esp32,1787197263564358905
lidar,1787197263655909688
esp32,1787197263664385090
lidar,1787197263758628034
esp32,1787197263764258979
lidar,1787197263858458173
esp32,1787197263864416870
lidar,1787197263960475110
esp32,1787197263964479481
lidar,1787197264057865706
esp32,1787197264064399618
lidar,1787197264159993156
esp32,1787197264164402774
lidar,1787197264258652485
esp32,1787197264264435626
lidar,1787197264356072787
esp32,1787197264364638209
lidar,1787197264461153860
esp32,1787197264464496012
lidar,1787197264555175428
esp32,1787197264564914176
lidar,1787197264658294502
esp32,1787197264664577618
lidar,1787197264753332822
esp32,1787197264764520050
lidar,1787197264855444266
esp32,1787197264864543445
lidar,1787197264958902914
esp32,1787197264964535062
lidar,1787197265058016849
esp32,1787197265064515006
lidar,1787197265152716587
esp32,1787197265164727870
lidar,1787197265258084749
esp32,1787197265264553694
lidar,1787197265356004927
esp32,1787197265364441644
lidar,1787197265455122347
esp32,1787197265464688757
lidar,1787197265552335197
esp32,1787197265563684710
lidar,1787197265654623708
esp32,1787197265664491879
lidar,1787197265754467262
esp32,1787197265764674406
lidar,1787197265853218286
esp32,1787197265864422686
lidar,1787197265956811677
esp32,1787197265964398700
lidar,1787197266062264369
esp32,1787197266064299426
lidar,1787197266160170140
esp32,1787197266164333011
lidar,1787197266262002496
esp32,1787197266264290444
lidar,1787197266360715330
esp32,1787197266364263256
lidar,1787197266455452125
esp32,1787197266464366841
lidar,1787197266554482746
esp32,1787197266564799375
lidar,1787197266654411718
esp32,1787197266664880106
lidar,1787197266753502122
esp32,1787197266764625774
lidar,1787197266850598258
esp32,1787197266864790611
lidar,1787197266950803558
esp32,1787197266964774189
lidar,1787197267077463034
esp32,1787197267084180738
lidar,1787197267153165963
esp32,1787197267164702459
lidar,1787197267250374330
esp32,1787197267264786697
lidar,1787197267353143163
esp32,1787197267364799266
lidar,1787197267449269136
esp32,1787197267464796527
lidar,1787197267550448094
esp32,1787197267564798556
lidar,1787197267650685555
esp32,1787197267664637868
lidar,1787197267749728329
esp32,1787197267764734164
lidar,1787197267852360076
esp32,1787197267864740122
lidar,1787197267954074666
esp32,1787197267964706765
lidar,1787197268059327165
esp32,1787197268064332642
lidar,1787197268155942868
esp32,1787197268164724326
lidar,1787197268249005071
esp32,1787197268264726305
lidar,1787197268350274355
esp32,1787197268364722642
lidar,1787197268452805395
esp32,1787197268464741160
lidar,1787197268553536633
esp32,1787197268564296806
lidar,1787197268655126340
esp32,1787197268664651281
lidar,1787197268753047602
esp32,1787197268764718496
lidar,1787197268855256935
esp32,1787197268864500129
lidar,1787197268951691739
esp32,1787197268964786860
lidar,1787197269049351470
esp32,1787197269064776145
lidar,1787197269151176388
esp32,1787197269164687457
lidar,1787197269248442031
esp32,1787197269264200493
lidar,1787197269348247075
esp32,1787197269364677353
lidar,1787197269451017366
esp32,1787197269464358918
lidar,1787197269548681325
esp32,1787197269564752636
lidar,1787197269646480178
esp32,1787197269664558878
lidar,1787197269746977958
esp32,1787197269764744920
lidar,1787197269848780229
esp32,1787197269863724539
lidar,1787197269951063802
esp32,1787197269963870992
lidar,1787197270046522725
esp32,1787197270063811528
lidar,1787197270147375684
esp32,1787197270164651928
lidar,1787197270247072166
esp32,1787197270264614697
lidar,1787197270347118361
esp32,1787197270364542629
lidar,1787197270453212681
esp32,1787197270464238466
lidar,1787197270553684069
esp32,1787197270564516135
lidar,1787197270656708376
esp32,1787197270664273526
lidar,1787197270748505802
esp32,1787197270763904042
lidar,1787197270846290405
esp32,1787197270864443226
lidar,1787197270948868390
esp32,1787197270964713163
lidar,1787197271048334611
esp32,1787197271064553122
lidar,1787197271148544245
esp32,1787197271164679042
lidar,1787197271246700214
esp32,1787197271284731560
lidar,1787197271345494506
esp32,1787197271364506902
lidar,1787197271444015668
esp32,1787197271464649484
lidar,1787197271543313515
esp32,1787197271564521287
lidar,1787197271643453985
esp32,1787197271663728672
lidar,1787197271744360273
esp32,1787197271764103924
lidar,1787197271848985433
esp32,1787197271864215360
lidar,1787197271946825134
esp32,1787197271964792239
lidar,1787197272043266500
esp32,1787197272064712475
lidar,1787197272141526919
esp32,1787197272164747076
lidar,1787197272249206098
esp32,1787197272263759667
lidar,1787197272342977024
esp32,1787197272364522119
lidar,1787197272448894933
esp32,1787197272464630313
lidar,1787197272542812754
esp32,1787197272564852262
lidar,1787197272654532336
esp32,1787197272664466362
lidar,1787197272742040129
esp32,1787197272764804141
lidar,1787197272844798541
esp32,1787197272864806532
lidar,1787197272966975223
esp32,1787197272984686804
lidar,1787197273042589884
esp32,1787197273064648446
lidar,1787197273152084450
esp32,1787197273164707617
lidar,1787197273246158011
esp32,1787197273264658679
lidar,1787197273343313598
esp32,1787197273364648318
lidar,1787197273447481989
esp32,1787197273464726338
lidar,1787197273550387018
esp32,1787197273564693087
lidar,1787197273645909234
esp32,1787197273664540286
lidar,1787197273742667754
esp32,1787197273764526358
lidar,1787197273844806901
esp32,1787197273864242011
lidar,1787197273942017735
esp32,1787197273964141165
lidar,1787197274042437098
esp32,1787197274064642597
lidar,1787197274143303536
esp32,1787197274164588818
lidar,1787197274242369485
esp32,1787197274264638865
lidar,1787197274343466843
esp32,1787197274364181981
lidar,1787197274438851437
esp32,1787197274464295244
lidar,1787197274539357210
esp32,1787197274564781059
lidar,1787197274639790302
esp32,1787197274664525834
lidar,1787197274747882192
esp32,1787197274764594868
lidar,1787197274841914613
esp32,1787197274864763449
lidar,1787197274940254519
esp32,1787197274964327229
lidar,1787197275040977840
esp32,1787197275064771608
lidar,1787197275143307403
esp32,1787197275164826889
lidar,1787197275242113867
esp32,1787197275264706918
lidar,1787197275342802144
esp32,1787197275364353249
lidar,1787197275440645245
esp32,1787197275464724050
lidar,1787197275540803133
esp32,1787197275564833807
lidar,1787197275641013508
esp32,1787197275664712290
lidar,1787197275740070506
esp32,1787197275764809017
lidar,1787197275839761851
esp32,1787197275864351372
lidar,1787197275942492143
esp32,1787197275964721084
lidar,1787197276040762846
esp32,1787197276064790752
lidar,1787197276139043788
esp32,1787197276164832135
lidar,1787197276237873318
esp32,1787197276264792318
lidar,1787197276343238454
esp32,1787197276364758462
lidar,1787197276439739781
esp32,1787197276464817936
lidar,1787197276543860819
esp32,1787197276564391744
lidar,1787197276638461190
esp32,1787197276664333908
lidar,1787197276740707266
esp32,1787197276764827458
lidar,1787197276842092038
esp32,1787197276864328189
lidar,1787197276938787758
esp32,1787197276964869054
lidar,1787197277041768782
esp32,1787197277064780049
lidar,1787197277143970666
esp32,1787197277164414082
lidar,1787197277240170123
esp32,1787197277264771044
lidar,1787197277348838387
esp32,1787197277364888036
lidar,1787197277442129104
esp32,1787197277464781868
lidar,1787197277540492554
esp32,1787197277564756276
lidar,1787197277637975993
esp32,1787197277664288942
lidar,1787197277741545705
esp32,1787197277764524079
lidar,1787197277840988263
esp32,1787197277864832528
lidar,1787197277938827720
esp32,1787197277964775510
lidar,1787197278038698939
esp32,1787197278064339043
lidar,1787197278139155673
esp32,1787197278164703699
lidar,1787197278238136901
esp32,1787197278264342474
lidar,1787197278337847392
esp32,1787197278364748882
lidar,1787197278441165075
esp32,1787197278464333448
lidar,1787197278543541828
esp32,1787197278564617305
lidar,1787197278634649368
esp32,1787197278664182689
lidar,1787197278736544944
esp32,1787197278764660279
lidar,1787197278839124183
esp32,1787197278864792005
lidar,1787197278935558003
esp32,1787197278964147024
lidar,1787197279035956608
esp32,1787197279064725011
lidar,1787197279136917085
esp32,1787197279164761181
lidar,1787197279236991730
esp32,1787197279264712141
lidar,1787197279337222993
esp32,1787197279364245937
lidar,1787197279438695030
esp32,1787197279464223369
lidar,1787197279541436883
esp32,1787197279564838328
lidar,1787197279638910629
esp32,1787197279664840219
lidar,1787197279738713674
esp32,1787197279764405927
lidar,1787197279838073394
esp32,1787197279863825963
lidar,1787197279942714473
esp32,1787197279963964166
lidar,1787197280044361875
esp32,1787197280064014806
lidar,1787197280140696042
esp32,1787197280164294307
lidar,1787197280242400632
esp32,1787197280264812490
lidar,1787197280339098634
esp32,1787197280364820677
lidar,1787197280439416901
esp32,1787197280464808420
lidar,1787197280538496179
esp32,1787197280564609205
lidar,1787197280637338392
esp32,1787197280664316920
lidar,1787197280739742150
esp32,1787197280764751078
lidar,1787197280838063060
esp32,1787197280864850369
lidar,1787197280940564300
esp32,1787197280964790735
lidar,1787197281036187672
esp32,1787197281064804426
lidar,1787197281138644151
esp32,1787197281164828980
lidar,1787197281237777649
esp32,1787197281264811011
lidar,1787197281339293755
esp32,1787197281364807181
lidar,1787197281434793004
esp32,1787197281464840733
lidar,1787197281543240355
esp32,1787197281564205086
lidar,1787197281638066960
esp32,1787197281664735141
lidar,1787197281736205263
esp32,1787197281764634981
lidar,1787197281839757878
esp32,1787197281864597257
lidar,1787197281937653557
esp32,1787197281964742457
lidar,1787197282038660484
esp32,1787197282064714082
lidar,1787197282135962393
esp32,1787197282164784292
lidar,1787197282237269466
esp32,1787197282264721524
lidar,1787197282339219246
esp32,1787197282364711081
lidar,1787197282439521087
esp32,1787197282464737572
lidar,1787197282538059173
esp32,1787197282564667904
lidar,1787197282639067839
esp32,1787197282664646892
lidar,1787197282735207498
esp32,1787197282764753999
lidar,1787197282834401446
esp32,1787197282864729469
lidar,1787197282933997850
esp32,1787197282964736807
lidar,1787197283038491916
esp32,1787197283064740955
lidar,1787197283133970739
esp32,1787197283164732115
lidar,1787197283233600339
esp32,1787197283263717874
lidar,1787197283333508695
esp32,1787197283364148238
lidar,1787197283431483429
esp32,1787197283464160104
lidar,1787197283531060554
esp32,1787197283564151964
lidar,1787197283661692128
esp32,1787197283664485930
lidar,1787197283733471180
esp32,1787197283764708050
lidar,1787197283831945482
esp32,1787197283864505524
lidar,1787197283931923734
esp32,1787197283964620180
lidar,1787197284029972223
esp32,1787197284064600276
lidar,1787197284130199316
esp32,1787197284164297166
lidar,1787197284232375669
esp32,1787197284264749997
lidar,1787197284332699596
esp32,1787197284364626669
lidar,1787197284432447580
esp32,1787197284464070996
lidar,1787197284533332344
esp32,1787197284563964661
lidar,1787197284632307806
esp32,1787197284664709811
lidar,1787197284733086664
esp32,1787197284764628028
lidar,1787197284836264550
esp32,1787197284864625989
lidar,1787197284933511674
esp32,1787197284964648308
lidar,1787197285030344195
esp32,1787197285064642622
lidar,1787197285132969782
esp32,1787197285164196213
lidar,1787197285234665435
esp32,1787197285264564217
lidar,1787197285329376223
esp32,1787197285364170089
lidar,1787197285433823812
esp32,1787197285464800666
lidar,1787197285526956975
esp32,1787197285564811254
lidar,1787197285627844245
esp32,1787197285664797073
lidar,1787197285729152734
esp32,1787197285764799994
lidar,1787197285830924309
esp32,1787197285863688542
lidar,1787197285936236039
esp32,1787197285964546286
lidar,1787197286029422188
esp32,1787197286064683756
lidar,1787197286132327190
esp32,1787197286164608465
lidar,1787197286228650560
esp32,1787197286263654767
lidar,1787197286331459622
esp32,1787197286364557139
lidar,1787197286434813799
esp32,1787197286464534900
lidar,1787197286530322994
esp32,1787197286564496696
lidar,1787197286633267806
esp32,1787197286664779191
lidar,1787197286734824748
esp32,1787197286764877544
lidar,1787197286832418477
esp32,1787197286864781220
lidar,1787197286931043890
esp32,1787197286964802315
lidar,1787197287029251320
esp32,1787197287064776104
lidar,1787197287130560627
esp32,1787197287164806017
lidar,1787197287228459014
esp32,1787197287264915752
lidar,1787197287328416288
esp32,1787197287364809780
lidar,1787197287428924549
esp32,1787197287464802039
lidar,1787197287530453772
esp32,1787197287564847363
lidar,1787197287627277250
esp32,1787197287664188064
lidar,1787197287729345623
esp32,1787197287764673808
lidar,1787197287828556708
esp32,1787197287864662857
lidar,1787197287926543381
esp32,1787197287964660077
lidar,1787197288028714046
esp32,1787197288064638906
lidar,1787197288129533313
esp32,1787197288164683700
lidar,1787197288230035035
esp32,1787197288264708486
lidar,1787197288330194013
esp32,1787197288364818702
lidar,1787197288434367393
esp32,1787197288464674141
lidar,1787197288529028140
esp32,1787197288563765489
lidar,1787197288632618460
esp32,1787197288664754886
lidar,1787197288729952485
esp32,1787197288764674567
lidar,1787197288832016281
esp32,1787197288864796941
lidar,1787197288934413388
esp32,1787197288964800357
lidar,1787197289028895874
esp32,1787197289064767455
lidar,1787197289133815451
esp32,1787197289164790155
lidar,1787197289228158679
esp32,1787197289264688987
lidar,1787197289329074809
esp32,1787197289364712327
lidar,1787197289431179743
esp32,1787197289464810238
lidar,1787197289535413732
esp32,1787197289564803610
lidar,1787197289632714747
esp32,1787197289664719835
lidar,1787197289726901796
esp32,1787197289764532137
lidar,1787197289828035370
esp32,1787197289863732410
lidar,1787197289927849492
esp32,1787197289963766082
lidar,1787197290029986501
esp32,1787197290063664573
lidar,1787197290127912683
esp32,1787197290164468662
lidar,1787197290227850955
esp32,1787197290264704036
lidar,1787197290326271483
esp32,1787197290364700395
lidar,1787197290431495974
esp32,1787197290464842591
lidar,1787197290528686368
esp32,1787197290563913154
lidar,1787197290631456588
esp32,1787197290664711290
lidar,1787197290730801326
esp32,1787197290764707048
lidar,1787197290833555587
esp32,1787197290864813034
lidar,1787197290934781185
esp32,1787197290964799240
lidar,1787197291030700600
esp32,1787197291064873469
lidar,1787197291128487167
esp32,1787197291164766398
lidar,1787197291228278134
esp32,1787197291264725206
lidar,1787197291326463159
esp32,1787197291364718884
lidar,1787197291428066188
esp32,1787197291464822044
lidar,1787197291525671799
esp32,1787197291564769438
lidar,1787197291624682452
esp32,1787197291664693922
lidar,1787197291726887819
esp32,1787197291764816605
lidar,1787197291824698474
esp32,1787197291864690455
lidar,1787197291923318057
esp32,1787197291964555963
lidar,1787197292024315488
esp32,1787197292064633167
lidar,1787197292124010635
esp32,1787197292164671433
lidar,1787197292224850524
esp32,1787197292264821973
lidar,1787197292324721843
esp32,1787197292364720850
lidar,1787197292426959861
esp32,1787197292464777232
lidar,1787197292525260028
esp32,1787197292564269177
lidar,1787197292626285419
esp32,1787197292664701590
lidar,1787197292730588029
esp32,1787197292764671691
lidar,1787197292827482349
esp32,1787197292864799905
lidar,1787197292925541230
esp32,1787197292964679478
lidar,1787197293026625698
esp32,1787197293064802295
lidar,1787197293131135104
esp32,1787197293164644162
lidar,1787197293229479028
esp32,1787197293264805133
lidar,1787197293328685397
esp32,1787197293364770572
lidar,1787197293427482756
esp32,1787197293464792216
lidar,1787197293527017502
esp32,1787197293564763051
lidar,1787197293645258444
esp32,1787197293664738047
lidar,1787197293725784804
esp32,1787197293764668449
lidar,1787197293823336636
esp32,1787197293864741664
lidar,1787197293921888442
esp32,1787197293964504004
lidar,1787197294024040920
esp32,1787197294064546064
lidar,1787197294122383654
esp32,1787197294164766591
lidar,1787197294222281435
esp32,1787197294264284430
lidar,1787197294329577640
esp32,1787197294364697103
lidar,1787197294421594634
esp32,1787197294464525877
lidar,1787197294524644920
esp32,1787197294564731719
lidar,1787197294624077417
esp32,1787197294664765610
lidar,1787197294724029532
esp32,1787197294764733739
lidar,1787197294824444848
esp32,1787197294864759627
lidar,1787197294928284072
esp32,1787197294964867248
lidar,1787197295027839835
esp32,1787197295064745527
lidar,1787197295131791023
esp32,1787197295164156717
lidar,1787197295224317409
esp32,1787197295264789593
lidar,1787197295323487443
esp32,1787197295364735062
lidar,1787197295422005651
esp32,1787197295464779475
lidar,1787197295521888579
esp32,1787197295564788497
lidar,1787197295622389078
esp32,1787197295664883869
lidar,1787197295722623886
esp32,1787197295764665373
lidar,1787197295820461275
esp32,1787197295864810601
lidar,1787197295926334963
esp32,1787197295963933595
lidar,1787197296019685627
esp32,1787197296063887294
lidar,1787197296120719647
esp32,1787197296164676207
lidar,1787197296222645456
esp32,1787197296264635072
lidar,1787197296321047533
esp32,1787197296364749681
lidar,1787197296421096196
esp32,1787197296464743787
lidar,1787197296525391628
esp32,1787197296564635322
lidar,1787197296626589678
esp32,1787197296664792484
lidar,1787197296721816599
esp32,1787197296764620733
lidar,1787197296824472448
esp32,1787197296864931161
lidar,1787197296926331470
esp32,1787197296964866629
lidar,1787197297024619219
esp32,1787197297064827992
lidar,1787197297122893661
esp32,1787197297164824687
lidar,1787197297225707657
esp32,1787197297264808856
lidar,1787197297324840712
esp32,1787197297364832915
lidar,1787197297425494479
esp32,1787197297464855065
lidar,1787197297530601451
esp32,1787197297564852268
lidar,1787197297620648978
esp32,1787197297664884403
lidar,1787197297719868641
esp32,1787197297764866068
lidar,1787197297819870570
esp32,1787197297864857336
lidar,1787197297921982165
esp32,1787197297964834902
lidar,1787197298020526607
esp32,1787197298064877229
lidar,1787197298118614430
esp32,1787197298164755016
lidar,1787197298217686706
esp32,1787197298264864089
lidar,1787197298318516277
esp32,1787197298364807009
lidar,1787197298420420338
esp32,1787197298464681243
lidar,1787197298521693651
esp32,1787197298564682017
lidar,1787197298618601305
esp32,1787197298664726587
lidar,1787197298720135517
esp32,1787197298764874115
lidar,1787197298819241379
esp32,1787197298864750246
lidar,1787197298921727029
esp32,1787197298964747214
lidar,1787197299022871140
esp32,1787197299064869192
lidar,1787197299121285843
esp32,1787197299164872286
lidar,1787197299226632206
esp32,1787197299264865950
lidar,1787197299319374275
esp32,1787197299364869671
lidar,1787197299422688970
esp32,1787197299464865289
lidar,1787197299522510403
esp32,1787197299564769789
lidar,1787197299618274927
esp32,1787197299664864948
lidar,1787197299718379203
esp32,1787197299764877923
lidar,1787197299818017613
esp32,1787197299863903102
lidar,1787197299917420436
esp32,1787197299963826055
lidar,1787197300017041783
esp32,1787197300064059838
lidar,1787197300117020089
esp32,1787197300164585130
lidar,1787197300217551188
esp32,1787197300264779214
lidar,1787197300317108986
esp32,1787197300364814300
lidar,1787197300420362121
esp32,1787197300464750154
lidar,1787197300519970458
esp32,1787197300564835514
lidar,1787197300621717121
esp32,1787197300664723615
lidar,1787197300719826422
esp32,1787197300764844197
lidar,1787197300821009511
esp32,1787197300864897558
lidar,1787197300921653264
esp32,1787197300964832267
lidar,1787197301018031711
esp32,1787197301064877274
lidar,1787197301119579674
esp32,1787197301164716287
lidar,1787197301218405799
esp32,1787197301264810341
lidar,1787197301323558478
esp32,1787197301364827045
lidar,1787197301419665058
esp32,1787197301464886250
lidar,1787197301522385022
esp32,1787197301564898634
lidar,1787197301617723933
esp32,1787197301664722671
lidar,1787197301718008040
esp32,1787197301764819260
lidar,1787197301817074052
esp32,1787197301864685125
lidar,1787197301920210699
esp32,1787197301964806327
lidar,1787197302020272526
esp32,1787197302064504560
lidar,1787197302119934101
esp32,1787197302164754956
lidar,1787197302219566210
esp32,1787197302264631604
lidar,1787197302319761963
esp32,1787197302364628638
lidar,1787197302422254869
esp32,1787197302464700426
lidar,1787197302515892722
esp32,1787197302564027834
lidar,1787197302615074578
esp32,1787197302664816905
lidar,1787197302714822395
esp32,1787197302764754881
lidar,1787197302819230862
esp32,1787197302864791758
lidar,1787197302917452689
esp32,1787197302964815845
lidar,1787197303018263834
esp32,1787197303064707410
lidar,1787197303120765532
esp32,1787197303164589475
lidar,1787197303221384011
esp32,1787197303264775606
lidar,1787197303315950060
esp32,1787197303364812483
lidar,1787197303417963560
esp32,1787197303464744854
lidar,1787197303518957073
esp32,1787197303564843089
lidar,1787197303620712336
esp32,1787197303664785712
lidar,1787197303715960295
esp32,1787197303764800885
lidar,1787197303818102838
esp32,1787197303864666968
lidar,1787197303916752992
esp32,1787197303964784380
lidar,1787197304019183283
esp32,1787197304063738044
lidar,1787197304117809235
esp32,1787197304164820401
lidar,1787197304217769372
esp32,1787197304264812457
lidar,1787197304315002490
esp32,1787197304364799004
lidar,1787197304414429855
esp32,1787197304464813594
lidar,1787197304515554939
esp32,1787197304565150098
lidar,1787197304615445489
esp32,1787197304664518446
lidar,1787197304714404148
esp32,1787197304764686612
lidar,1787197304814475128
esp32,1787197304864669807
lidar,1787197304912960827
esp32,1787197304964551364
lidar,1787197305011944678
esp32,1787197305064749014
lidar,1787197305112358751
esp32,1787197305164615456
lidar,1787197305217887751
esp32,1787197305264626747
lidar,1787197305315112980
esp32,1787197305364692667
lidar,1787197305416970400
esp32,1787197305464676603
lidar,1787197305515451041
esp32,1787197305564709498
lidar,1787197305617635411
esp32,1787197305664441896
lidar,1787197305720826717
esp32,1787197305764800390
lidar,1787197305816123021
esp32,1787197305864701190
lidar,1787197305915369286
esp32,1787197305964797530
lidar,1787197306026540621
esp32,1787197306064816459
lidar,1787197306117094941
esp32,1787197306164709269
lidar,1787197306219054759
esp32,1787197306264505573
lidar,1787197306317627809
esp32,1787197306364775319
lidar,1787197306416597928
esp32,1787197306464728546
lidar,1787197306515502007
esp32,1787197306564864977
lidar,1787197306613354290
esp32,1787197306664785888
lidar,1787197306715614815
esp32,1787197306764846623
lidar,1787197306816573583
esp32,1787197306864761988
lidar,1787197306912537757
esp32,1787197306964704353
lidar,1787197307022362312
esp32,1787197307064824439
lidar,1787197307112628359
esp32,1787197307164602927
lidar,1787197307214577585
esp32,1787197307264842495
lidar,1787197307312733840
esp32,1787197307364782459
lidar,1787197307412059016
esp32,1787197307464875315
lidar,1787197307510689309
esp32,1787197307564890979
lidar,1787197307610092350
esp32,1787197307664826117
lidar,1787197307722609724
esp32,1787197307764898218
lidar,1787197307817642667
esp32,1787197307864703429
lidar,1787197307910718733
esp32,1787197307964774369
lidar,1787197308011773660
esp32,1787197308064707664
lidar,1787197308112618623
esp32,1787197308164628333
lidar,1787197308211071345
esp32,1787197308264738193
lidar,1787197308312200868
esp32,1787197308364718051
lidar,1787197308412525912
esp32,1787197308464796834
lidar,1787197308512452665
esp32,1787197308564031664
lidar,1787197308620246466
esp32,1787197308664711736
lidar,1787197308714881994
esp32,1787197308764690654
lidar,1787197308812936817
esp32,1787197308864841232
lidar,1787197308913372011
esp32,1787197308964602749
lidar,1787197309011404066
esp32,1787197309064667113
lidar,1787197309112085222
esp32,1787197309164653725
lidar,1787197309211336174
esp32,1787197309264783775
lidar,1787197309311595623
esp32,1787197309364658543
lidar,1787197309418488623
esp32,1787197309464707797
lidar,1787197309509818388
esp32,1787197309564857913
lidar,1787197309612429125
esp32,1787197309664815541
lidar,1787197309710980124
esp32,1787197309764858369
lidar,1787197309809290820
esp32,1787197309863867118
lidar,1787197309909879605
esp32,1787197309963922801
lidar,1787197310011899102
esp32,1787197310063782323
lidar,1787197310112142370
esp32,1787197310164125432
lidar,1787197310214644568
esp32,1787197310264795107
lidar,1787197310310248032
esp32,1787197310364916316
lidar,1787197310412009062
esp32,1787197310464740536
lidar,1787197310516298056
esp32,1787197310564835602
lidar,1787197310614644824
esp32,1787197310664671730
lidar,1787197310712461512
esp32,1787197310764666473
lidar,1787197310812630628
esp32,1787197310864620537
lidar,1787197310909254645
esp32,1787197310964616746
lidar,1787197311009905365
esp32,1787197311064751717
lidar,1787197311112261476
esp32,1787197311164362525
lidar,1787197311222328915
esp32,1787197311264744386
lidar,1787197311311118443
esp32,1787197311364680180
lidar,1787197311409386880
esp32,1787197311464769447
lidar,1787197311517330876
esp32,1787197311564761565
lidar,1787197311609261520
esp32,1787197311664802536
lidar,1787197311708943683
esp32,1787197311764798703
lidar,1787197311807033725
esp32,1787197311864879852
lidar,1787197311905341470
esp32,1787197311964769556
lidar,1787197312008680129
esp32,1787197312064659761
lidar,1787197312104677259
esp32,1787197312164382203
lidar,1787197312204376788
esp32,1787197312264786529
lidar,1787197312304503871
esp32,1787197312364653578
lidar,1787197312405807470
esp32,1787197312464777827
lidar,1787197312504399906
esp32,1787197312565319476
lidar,1787197312606851821
esp32,1787197312664382067
lidar,1787197312706037211
esp32,1787197312764749659
lidar,1787197312807331525
esp32,1787197312864770121
lidar,1787197312906561144
esp32,1787197312964781898
lidar,1787197313007109130
esp32,1787197313064818961
lidar,1787197313107856489
esp32,1787197313164842981
lidar,1787197313208977684
esp32,1787197313264832235
lidar,1787197313306501654
esp32,1787197313364715563
lidar,1787197313406073523
esp32,1787197313464790633
lidar,1787197313507375889
esp32,1787197313564761463
lidar,1787197313610441026
esp32,1787197313664881547
lidar,1787197313717322575
esp32,1787197313764852797
lidar,1787197313811085108
esp32,1787197313864729176
lidar,1787197313911044004
esp32,1787197313964933953
lidar,1787197314007292957
esp32,1787197314064813379
lidar,1787197314106117064
esp32,1787197314164807032
lidar,1787197314204902634
esp32,1787197314264775508
lidar,1787197314304865766
esp32,1787197314364938729
lidar,1787197314407673739
esp32,1787197314464809789
lidar,1787197314505361269
esp32,1787197314564922458
lidar,1787197314612631285
esp32,1787197314664702468
lidar,1787197314709218542
esp32,1787197314764818135
lidar,1787197314808904570
esp32,1787197314864838899
lidar,1787197314909367774
esp32,1787197314964805766
lidar,1787197315004712423
esp32,1787197315064889367
lidar,1787197315107244760
esp32,1787197315164603862
lidar,1787197315205769002
esp32,1787197315264691780
lidar,1787197315303622906
esp32,1787197315364820969
lidar,1787197315406427312
esp32,1787197315464825992
lidar,1787197315500677386
esp32,1787197315564818475
lidar,1787197315601965409
esp32,1787197315664787722
lidar,1787197315707527943
esp32,1787197315764924903
lidar,1787197315807650202
esp32,1787197315864818712
lidar,1787197315902381540
esp32,1787197315964819329
lidar,1787197315999800534
esp32,1787197316064801955
lidar,1787197316100168897
esp32,1787197316164657959
lidar,1787197316199747840
esp32,1787197316264838070
lidar,1787197316301926669
esp32,1787197316364755764
lidar,1787197316400110854
esp32,1787197316464926800
lidar,1787197316500911944
esp32,1787197316565514310
lidar,1787197316600570197
esp32,1787197316664831455
lidar,1787197316701312661
esp32,1787197316764813644
lidar,1787197316804796146
esp32,1787197316864816925
lidar,1787197316902891576
esp32,1787197316964817034
lidar,1787197317005602233
esp32,1787197317064812161
lidar,1787197317105285919
esp32,1787197317164523216
lidar,1787197317201165640
esp32,1787197317264821072
lidar,1787197317298928470
esp32,1787197317364866871
lidar,1787197317400713810
esp32,1787197317464845727
lidar,1787197317502964942
esp32,1787197317564841670
lidar,1787197317603107560
esp32,1787197317664713258
lidar,1787197317702255468
esp32,1787197317764837294
lidar,1787197317798472495
esp32,1787197317864730180
lidar,1787197317904844942
esp32,1787197317964704380
lidar,1787197318000951077
esp32,1787197318064719872
lidar,1787197318099684176
esp32,1787197318164528510
lidar,1787197318201589683
esp32,1787197318264721256
lidar,1787197318300239830
esp32,1787197318364830411
lidar,1787197318397415276
esp32,1787197318464914936
lidar,1787197318498180267
esp32,1787197318564715469
lidar,1787197318599773594
esp32,1787197318664816281
lidar,1787197318700767845
esp32,1787197318764799356
lidar,1787197318800681688
esp32,1787197318864887034
lidar,1787197318907143627
esp32,1787197318964713211
lidar,1787197319004928007
esp32,1787197319064833809
lidar,1787197319098241938
esp32,1787197319164516592
lidar,1787197319201024718
esp32,1787197319264711053
lidar,1787197319299190097
esp32,1787197319364815459
lidar,1787197319402748657
esp32,1787197319464815084
lidar,1787197319503526291
esp32,1787197319564854464
lidar,1787197319600902138
esp32,1787197319664826148
lidar,1787197319699979459
esp32,1787197319764906035
lidar,1787197319797531904
esp32,1787197319863883100
lidar,1787197319900806131
esp32,1787197319963784566
lidar,1787197319996718958
esp32,1787197320063798295
lidar,1787197320095075497
esp32,1787197320164159400
lidar,1787197320194477700
esp32,1787197320264587589
lidar,1787197320295352058
esp32,1787197320364788013
lidar,1787197320394668109
esp32,1787197320464826053
lidar,1787197320497067555
esp32,1787197320563843867
lidar,1787197320594647672
esp32,1787197320664879550
lidar,1787197320697467465
esp32,1787197320764781541
lidar,1787197320795068371
esp32,1787197320864740851
lidar,1787197320895756319
esp32,1787197320964651827
lidar,1787197320995648646
esp32,1787197321064485201
lidar,1787197321098030801
esp32,1787197321164422361
lidar,1787197321201791921
esp32,1787197321264702906
lidar,1787197321297733637
esp32,1787197321364816803
lidar,1787197321396909984
esp32,1787197321464833259
lidar,1787197321497042022
esp32,1787197321564747875
lidar,1787197321596201600
esp32,1787197321664796628
lidar,1787197321698976027
esp32,1787197321764632033
lidar,1787197321798539844
esp32,1787197321864745243
lidar,1787197321899615871
esp32,1787197321964926262
lidar,1787197322003138765
esp32,1787197322084832806
lidar,1787197322102993610
esp32,1787197322164483692
lidar,1787197322195041243
esp32,1787197322264791859
lidar,1787197322294185257
esp32,1787197322364551203
lidar,1787197322399200751
esp32,1787197322464771279
lidar,1787197322494416471
esp32,1787197322564947476
lidar,1787197322593300534
esp32,1787197322664257756
lidar,1787197322694882240
esp32,1787197322764740010
lidar,1787197322795354222
esp32,1787197322864643468
lidar,1787197322893595961
esp32,1787197322964633338
lidar,1787197323020623218
esp32,1787197323064620172
lidar,1787197323094019996
esp32,1787197323164587690
lidar,1787197323195787550
esp32,1787197323264596102
lidar,1787197323298421740
esp32,1787197323364764061
lidar,1787197323400406675
esp32,1787197323464798253
lidar,1787197323497201231
esp32,1787197323564835446
lidar,1787197323611300421
esp32,1787197323664709452
lidar,1787197323694901460
esp32,1787197323764639989
lidar,1787197323799327615
esp32,1787197323864654482
lidar,1787197323897005997
esp32,1787197323964756796
lidar,1787197323999140230
esp32,1787197324064641471
lidar,1787197324100099051
esp32,1787197324164931899
lidar,1787197324195236806
esp32,1787197324264740348
lidar,1787197324296010355
esp32,1787197324364639708
lidar,1787197324397041257
esp32,1787197324464722301
lidar,1787197324494070948
esp32,1787197324564566659
lidar,1787197324593345578
esp32,1787197324664857612
lidar,1787197324693614443
esp32,1787197324764835136
lidar,1787197324793358812
esp32,1787197324864844876
lidar,1787197324892750096
esp32,1787197324964910324
lidar,1787197324992434859
esp32,1787197325064806684
lidar,1787197325094524485
esp32,1787197325164840624
lidar,1787197325193042999
esp32,1787197325264728074
lidar,1787197325293023047
esp32,1787197325364862310
lidar,1787197325392194729
esp32,1787197325464750111
lidar,1787197325492524522
esp32,1787197325564730097
lidar,1787197325592538770
esp32,1787197325664839882
lidar,1787197325693584676
esp32,1787197325764766406
lidar,1787197325794875141
esp32,1787197325864714145
lidar,1787197325896745377
esp32,1787197325964671639
lidar,1787197325996640147
esp32,1787197326064790882
lidar,1787197326097718360
esp32,1787197326164739220
lidar,1787197326194578868
esp32,1787197326264745563
lidar,1787197326293688904
esp32,1787197326363959781
lidar,1787197326394516172
esp32,1787197326464696049
lidar,1787197326491113346
esp32,1787197326564579196
lidar,1787197326590924578
esp32,1787197326664814042
lidar,1787197326689980656
esp32,1787197326764733001
lidar,1787197326792332958
esp32,1787197326864820378
lidar,1787197326889584951
esp32,1787197326964818575
lidar,1787197326990095848
esp32,1787197327064690784
lidar,1787197327090902062
esp32,1787197327164685523
lidar,1787197327190305549
esp32,1787197327264716163
lidar,1787197327291146936
esp32,1787197327364630646
lidar,1787197327392747268
esp32,1787197327484862108
lidar,1787197327494313630
esp32,1787197327564619421
lidar,1787197327595890155
esp32,1787197327664762342
lidar,1787197327700373302
esp32,1787197327764666638
lidar,1787197327790096136
esp32,1787197327864752369
lidar,1787197327890655351
esp32,1787197327964797976
lidar,1787197327989858877
lidar,1787197328093846755
esp32,1787197328104271965
esp32,1787197328164759062
lidar,1787197328190609094
esp32,1787197328264789397
lidar,1787197328290419286
esp32,1787197328364691575
lidar,1787197328390565083
esp32,1787197328464750475
lidar,1787197328489296418
esp32,1787197328564969136
lidar,1787197328588221388
esp32,1787197328664727388
lidar,1787197328687260158
esp32,1787197328764677284
lidar,1787197328786684621
esp32,1787197328864863169
lidar,1787197328887379883
esp32,1787197328964765819
lidar,1787197328986839946
esp32,1787197329064814008
lidar,1787197329088902078
esp32,1787197329164831762
lidar,1787197329187557163
esp32,1787197329264876232
lidar,1787197329288229294
esp32,1787197329364914579
lidar,1787197329386750205
esp32,1787197329464909596
lidar,1787197329486613918
esp32,1787197329564834878
lidar,1787197329587090806
esp32,1787197329664836976
lidar,1787197329687030752
esp32,1787197329764922080
lidar,1787197329789183609
esp32,1787197329863875990
lidar,1787197329889096461
esp32,1787197329963813074
lidar,1787197329987806424
esp32,1787197330064111966
lidar,1787197330091486030
esp32,1787197330164162251
lidar,1787197330189202714
esp32,1787197330264824059
lidar,1787197330288598986
esp32,1787197330364791772
lidar,1787197330397478869
esp32,1787197330464638221
lidar,1787197330485919570
esp32,1787197330564655998
lidar,1787197330586302404
esp32,1787197330663995915
lidar,1787197330685041719
esp32,1787197330764299641
lidar,1787197330784962171
esp32,1787197330864800030
lidar,1787197330888147052
esp32,1787197330964692440
lidar,1787197330987175370
esp32,1787197331064624238
lidar,1787197331091230081
esp32,1787197331164768379
lidar,1787197331184984558
esp32,1787197331264746877
lidar,1787197331289980432
esp32,1787197331364748829
lidar,1787197331389227352
esp32,1787197331464532123
lidar,1787197331486395309
esp32,1787197331564584467
lidar,1787197331589804972
esp32,1787197331664515095
lidar,1787197331692789151
esp32,1787197331764615227
lidar,1787197331784391736
esp32,1787197331864795821
lidar,1787197331886936300
esp32,1787197331964613019
lidar,1787197331984959931
esp32,1787197332064678469
lidar,1787197332085789437
esp32,1787197332164709812
lidar,1787197332189621586
esp32,1787197332263899930
lidar,1787197332284853472
esp32,1787197332364875376
lidar,1787197332387470810
esp32,1787197332463944088
lidar,1787197332487265208
esp32,1787197332564551835
lidar,1787197332589122830
esp32,1787197332664662487
lidar,1787197332684312143
esp32,1787197332764603978
lidar,1787197332784034094
esp32,1787197332864652558
lidar,1787197332887905167
esp32,1787197332964898685
lidar,1787197332983194245
esp32,1787197333064871737
lidar,1787197333083760496
esp32,1787197333164830176
lidar,1787197333184269020
esp32,1787197333264878364
lidar,1787197333284097629
esp32,1787197333364791761
lidar,1787197333384187560
esp32,1787197333464827689
lidar,1787197333483033546
esp32,1787197333564966057
lidar,1787197333587829925
esp32,1787197333664838701
lidar,1787197333685409099
esp32,1787197333764585155
lidar,1787197333784563046
esp32,1787197333865136500
lidar,1787197333890017295
esp32,1787197333964605331
lidar,1787197333988263466
esp32,1787197334064569985
lidar,1787197334084817111
esp32,1787197334164575773
lidar,1787197334187705703
esp32,1787197334264695963
lidar,1787197334283753685
esp32,1787197334364375458
lidar,1787197334384391116
esp32,1787197334464758341
lidar,1787197334489603988
esp32,1787197334564651803
lidar,1787197334584933869
esp32,1787197334664679649
lidar,1787197334682113280
esp32,1787197334764612301
lidar,1787197334782832283
esp32,1787197334864934441
lidar,1787197334886361618
esp32,1787197334964720955
lidar,1787197334982823066
esp32,1787197335064719397
lidar,1787197335083421105
esp32,1787197335164533326
lidar,1787197335183739946
esp32,1787197335264635522
lidar,1787197335282799733
esp32,1787197335364788480
lidar,1787197335386994929
esp32,1787197335464741303
lidar,1787197335490409926
esp32,1787197335564683204
lidar,1787197335585633513
esp32,1787197335664680504
lidar,1787197335688987660
esp32,1787197335764934134
lidar,1787197335788787869
esp32,1787197335864564907
lidar,1787197335889858321
esp32,1787197335964617060
lidar,1787197335991962107
esp32,1787197336064466470
lidar,1787197336094611107
esp32,1787197336164645104
lidar,1787197336183370421
esp32,1787197336264694978
lidar,1787197336283781259
esp32,1787197336364660433
lidar,1787197336382792833
esp32,1787197336464542855
lidar,1787197336487587150
esp32,1787197336564907140
lidar,1787197336584104618
esp32,1787197336664793273
lidar,1787197336685532909
esp32,1787197336764773947
lidar,1787197336781588605
esp32,1787197336864771287
lidar,1787197336882313639
esp32,1787197336964837956
lidar,1787197336981840287
esp32,1787197337064833844
lidar,1787197337078738200
esp32,1787197337164477245
lidar,1787197337180800050
esp32,1787197337264642339
lidar,1787197337280707961
esp32,1787197337364920853
lidar,1787197337382834779
esp32,1787197337464799626
lidar,1787197337483567390
esp32,1787197337564568518
lidar,1787197337581624138
esp32,1787197337664598506
lidar,1787197337679250945
esp32,1787197337764444592
lidar,1787197337780337191
esp32,1787197337865131051
lidar,1787197337879768135
esp32,1787197337964679924
lidar,1787197337980593276
esp32,1787197338064648497
lidar,1787197338082244795
esp32,1787197338164619126
lidar,1787197338181227212
esp32,1787197338264622938
lidar,1787197338283416754
esp32,1787197338364664014
lidar,1787197338380342907
esp32,1787197338464528383
lidar,1787197338481437826
esp32,1787197338564474087
lidar,1787197338580381135
esp32,1787197338664634130
lidar,1787197338679667822
esp32,1787197338764544515
lidar,1787197338778526181
esp32,1787197338864523968
lidar,1787197338883133489
esp32,1787197338964723476
lidar,1787197338979628449
esp32,1787197339064788817
lidar,1787197339078092648
esp32,1787197339164804223
lidar,1787197339181626334
esp32,1787197339264681783
lidar,1787197339279414067
esp32,1787197339364791066
lidar,1787197339379541497
esp32,1787197339464496589
lidar,1787197339481813637
esp32,1787197339564680505
lidar,1787197339577705944
esp32,1787197339664587632
lidar,1787197339687438096
esp32,1787197339764866491
lidar,1787197339782331409
esp32,1787197339863757214
lidar,1787197339884201546
esp32,1787197339963826680
lidar,1787197339982838613
esp32,1787197340063917338
lidar,1787197340088561717
esp32,1787197340164400313
lidar,1787197340179251497
esp32,1787197340264511399
lidar,1787197340279051441
esp32,1787197340364551076
lidar,1787197340379473465
esp32,1787197340464778204
lidar,1787197340477529518
esp32,1787197340564365103
lidar,1787197340577698910
esp32,1787197340664652451
lidar,1787197340676027122
esp32,1787197340764593862
lidar,1787197340775063979
esp32,1787197340864624989
lidar,1787197340875167797
esp32,1787197340965307514
lidar,1787197340974833301
esp32,1787197341064728235
lidar,1787197341074882276
esp32,1787197341164926332
lidar,1787197341176720593
esp32,1787197341264820091
lidar,1787197341279412895
esp32,1787197341364690117
lidar,1787197341381232389
esp32,1787197341464785963
lidar,1787197341477610779
esp32,1787197341564789222
lidar,1787197341580743398
esp32,1787197341664849243
lidar,1787197341677665318
esp32,1787197341764798867
lidar,1787197341779167194
esp32,1787197341864813068
lidar,1787197341880265452
esp32,1787197341964815782
lidar,1787197341980426842
esp32,1787197342064856598
lidar,1787197342079392716
esp32,1787197342164797418
lidar,1787197342179264659
esp32,1787197342264796012
lidar,1787197342279159101
esp32,1787197342364856911
lidar,1787197342380651696
esp32,1787197342464842816
lidar,1787197342477057431
esp32,1787197342564673041
lidar,1787197342579633657
esp32,1787197342664749765
lidar,1787197342676324716
esp32,1787197342764919018
lidar,1787197342775262111
esp32,1787197342864880400
lidar,1787197342875091290
esp32,1787197342964774941
lidar,1787197342974473168
esp32,1787197343064842237
lidar,1787197343074875922
esp32,1787197343164890085
lidar,1787197343174090401
lidar,1787197343302082275
esp32,1787197343304458640
esp32,1787197343364783741
lidar,1787197343375005911
esp32,1787197343464825863
lidar,1787197343476577749
esp32,1787197343564353605
lidar,1787197343578271119
esp32,1787197343664824124
lidar,1787197343674460475
esp32,1787197343764827814
lidar,1787197343782991763
esp32,1787197343864715822
lidar,1787197343884724870
esp32,1787197343964608834
lidar,1787197343978020778
esp32,1787197344064603373
lidar,1787197344079718878
esp32,1787197344164906196
lidar,1787197344178393963
esp32,1787197344264697669
lidar,1787197344283350921
esp32,1787197344364919591
lidar,1787197344376480515
esp32,1787197344464793471
lidar,1787197344478358448
esp32,1787197344564192497
lidar,1787197344575692016
esp32,1787197344664826356
lidar,1787197344674006195
esp32,1787197344764835144
lidar,1787197344775742821
esp32,1787197344864614045
lidar,1787197344873469594
esp32,1787197344964655898
lidar,1787197344974493820
esp32,1787197345064588366
lidar,1787197345076443231
esp32,1787197345164438121
lidar,1787197345173859056
esp32,1787197345264711787
lidar,1787197345271930108
esp32,1787197345364856113
lidar,1787197345373635208
esp32,1787197345464913112
lidar,1787197345472019433
esp32,1787197345564875395
lidar,1787197345573587451
esp32,1787197345664556018
lidar,1787197345675198638
esp32,1787197345764954490
lidar,1787197345775141601
esp32,1787197345864920605
lidar,1787197345875029530
esp32,1787197345964682409
lidar,1787197345972703660
esp32,1787197346064714901
lidar,1787197346074641760
esp32,1787197346164946376
lidar,1787197346173221213
esp32,1787197346264883388
lidar,1787197346275970405
esp32,1787197346364964774
lidar,1787197346383029728
esp32,1787197346465000262
lidar,1787197346475963482
esp32,1787197346564654557
lidar,1787197346577160812
esp32,1787197346664475318
lidar,1787197346674440965
esp32,1787197346765020031
lidar,1787197346775188359
esp32,1787197346864802677
lidar,1787197346874621640
esp32,1787197346964846929
lidar,1787197346973459914
esp32,1787197347064809544
lidar,1787197347072745892
esp32,1787197347164881498
lidar,1787197347172750793
esp32,1787197347264782427
lidar,1787197347272918549
esp32,1787197347364633423
lidar,1787197347373999913
esp32,1787197347464643489
lidar,1787197347472434906
esp32,1787197347564790160
lidar,1787197347571813755
esp32,1787197347664847653
lidar,1787197347674946006
lidar,1787197347771178663
esp32,1787197347784792769
esp32,1787197347864814776
lidar,1787197347872934650
esp32,1787197347964927750
lidar,1787197347974982568
esp32,1787197348064805213
lidar,1787197348079259832
lidar,1787197348177259557
esp32,1787197348184493551
esp32,1787197348264751767
lidar,1787197348273225419
esp32,1787197348364822666
lidar,1787197348381221871
esp32,1787197348464728196
lidar,1787197348474648847
esp32,1787197348564100714
lidar,1787197348572692025
esp32,1787197348664413116
lidar,1787197348686712408
esp32,1787197348764615160
lidar,1787197348774592150
esp32,1787197348864743141
lidar,1787197348873573319
esp32,1787197348964769385
lidar,1787197348975635316
esp32,1787197349064784101
lidar,1787197349072611187
esp32,1787197349164674447
lidar,1787197349172775225
esp32,1787197349264568970
lidar,1787197349281669398
esp32,1787197349364583604
lidar,1787197349371757462
esp32,1787197349464853671
lidar,1787197349473624839
esp32,1787197349564806427
lidar,1787197349571889184
esp32,1787197349664545231
lidar,1787197349671463172
esp32,1787197349764570871
lidar,1787197349773298784
esp32,1787197349863775407
lidar,1787197349875271939
esp32,1787197349963777637
lidar,1787197349977476789
esp32,1787197350063751833
lidar,1787197350069180893
esp32,1787197350164509314
lidar,1787197350170286568
esp32,1787197350264660781
lidar,1787197350268692098
esp32,1787197350364873470
lidar,1787197350372023625
esp32,1787197350464805172
lidar,1787197350469293742
esp32,1787197350564375198
lidar,1787197350572441429
esp32,1787197350664897507
lidar,1787197350672660267
esp32,1787197350764809984
lidar,1787197350770382614
esp32,1787197350864756522
lidar,1787197350871483412
esp32,1787197350964934324
lidar,1787197350968971806
esp32,1787197351064735989
lidar,1787197351068610367
esp32,1787197351164735749
lidar,1787197351170136440
esp32,1787197351264634937
lidar,1787197351269953006
esp32,1787197351364847606
lidar,1787197351369744448
esp32,1787197351464829179
lidar,1787197351469900431
esp32,1787197351564846861
lidar,1787197351569944047
esp32,1787197351664791800
lidar,1787197351668833289
esp32,1787197351764658011
lidar,1787197351770813581
esp32,1787197351864885265
lidar,1787197351873165123
esp32,1787197351964855135
lidar,1787197351973573973
lidar,1787197352078657067
esp32,1787197352084478852
esp32,1787197352164907833
lidar,1787197352168903465
esp32,1787197352264880236
lidar,1787197352271133356
esp32,1787197352364785076
lidar,1787197352373466318
esp32,1787197352464769006
lidar,1787197352471180603
esp32,1787197352564573617
lidar,1787197352577934645
esp32,1787197352664819455
lidar,1787197352672445496
esp32,1787197352764772630
lidar,1787197352767085329
esp32,1787197352864950203
lidar,1787197352867859397
esp32,1787197352964802156
lidar,1787197352967950907
esp32,1787197353064810933
lidar,1787197353069518109
esp32,1787197353164882900
lidar,1787197353169745686
esp32,1787197353264717246
lidar,1787197353271541338
esp32,1787197353364803044
lidar,1787197353371274271
lidar,1787197353483470374
esp32,1787197353484781068
esp32,1787197353564772704
lidar,1787197353569312591
esp32,1787197353664841861
lidar,1787197353675047732
esp32,1787197353764833314
lidar,1787197353769958632
esp32,1787197353864651481
lidar,1787197353868440325
esp32,1787197353964854308
lidar,1787197353971279470
esp32,1787197354064787224
lidar,1787197354074285083
esp32,1787197354164918190
lidar,1787197354169418057
lidar,1787197354273626092
esp32,1787197354284370200
esp32,1787197354364689243
lidar,1787197354370294506
lidar,1787197354468064133
esp32,1787197354484647030
lidar,1787197354569348824
esp32,1787197354584459979
lidar,1787197354667614643
esp32,1787197354684609811
esp32,1787197354764194696
lidar,1787197354770532181
esp32,1787197354864701204
lidar,1787197354866475579
esp32,1787197354964667454
lidar,1787197354970450643
esp32,1787197355064552706
lidar,1787197355069449058
esp32,1787197355164588508
lidar,1787197355168744631
esp32,1787197355264543877
lidar,1787197355268288036
esp32,1787197355364729393
lidar,1787197355368487883
esp32,1787197355464788719
lidar,1787197355468884737
esp32,1787197355564771177
lidar,1787197355569868860
esp32,1787197355664567976
lidar,1787197355667752395
esp32,1787197355764544168
lidar,1787197355768175082
esp32,1787197355864681766
lidar,1787197355867244872
esp32,1787197355964609128
lidar,1787197355970838326
esp32,1787197356064867046
lidar,1787197356065887128
lidar,1787197356167970857
esp32,1787197356184731365
lidar,1787197356269123440
esp32,1787197356284101569
lidar,1787197356369217397
esp32,1787197356384197301
lidar,1787197356468988050
esp32,1787197356484618548
lidar,1787197356567700922
esp32,1787197356584625285
esp32,1787197356664577839
lidar,1787197356666232560
esp32,1787197356764998417
lidar,1787197356765691085
esp32,1787197356864597588
lidar,1787197356866745958
lidar,1787197356964491925
esp32,1787197356965533654
lidar,1787197357064113284
esp32,1787197357065173911
esp32,1787197357164603880
lidar,1787197357166105103
lidar,1787197357264404032
esp32,1787197357265316379
esp32,1787197357364913695
lidar,1787197357365924493
lidar,1787197357467606718
esp32,1787197357484734883
esp32,1787197357564916985
lidar,1787197357568428293
esp32,1787197357664553256
lidar,1787197357665668011
esp32,1787197357764942481
lidar,1787197357766087996
lidar,1787197357865692375
esp32,1787197357884498170
lidar,1787197357967171202
esp32,1787197357984757691
lidar,1787197358069499310
esp32,1787197358084741893
lidar,1787197358168849853
esp32,1787197358184137206
lidar,1787197358272158775
esp32,1787197358284227552
lidar,1787197358364226063
esp32,1787197358384730998
lidar,1787197358463852866
esp32,1787197358484767214
lidar,1787197358567034539
esp32,1787197358584213454
lidar,1787197358665522444
esp32,1787197358684629495
lidar,1787197358766811460
esp32,1787197358784785023
lidar,1787197358865934029
esp32,1787197358884621459
lidar,1787197358967996591
esp32,1787197358984223212
lidar,1787197359064054051
esp32,1787197359084797931
lidar,1787197359163464459
esp32,1787197359184748222
lidar,1787197359263324427
esp32,1787197359284870092
lidar,1787197359364177666
esp32,1787197359384674905
lidar,1787197359463623453
esp32,1787197359484592344
lidar,1787197359566717529
esp32,1787197359584746194
lidar,1787197359668340792
esp32,1787197359684703087
lidar,1787197359764358641
esp32,1787197359784193041
lidar,1787197359865484547
esp32,1787197359883736159
lidar,1787197359967573362
esp32,1787197359983884330
lidar,1787197360070650175
esp32,1787197360083743276
lidar,1787197360176927330
esp32,1787197360184305970
lidar,1787197360277585845
esp32,1787197360284392815
lidar,1787197360371625570
esp32,1787197360384700086
lidar,1787197360465016973
esp32,1787197360484751935
lidar,1787197360566134310
esp32,1787197360584710973
lidar,1787197360669112468
esp32,1787197360684732825
lidar,1787197360766444059
esp32,1787197360784553423
lidar,1787197360863923057
esp32,1787197360884518113
lidar,1787197360966496162
esp32,1787197360984582202
lidar,1787197361073638296
esp32,1787197361084270179
lidar,1787197361168406885
esp32,1787197361184630876
esp32,1787197361264629822
lidar,1787197361267460533
lidar,1787197361363118595
esp32,1787197361384758655
lidar,1787197361468083132
esp32,1787197361484745209
lidar,1787197361563775811
esp32,1787197361584751541
lidar,1787197361665043306
esp32,1787197361684242463
lidar,1787197361765285326
esp32,1787197361784710047
lidar,1787197361866720739
esp32,1787197361884771308
lidar,1787197361967320870
esp32,1787197361984589526
lidar,1787197362065418906
esp32,1787197362084235687
lidar,1787197362165150587
esp32,1787197362184685112
esp32,1787197362264872193
lidar,1787197362268249853
esp32,1787197362364878612
lidar,1787197362365934028
esp32,1787197362464852331
lidar,1787197362467597607
esp32,1787197362564911032
lidar,1787197362568910676
lidar,1787197362663918235
esp32,1787197362684590289
lidar,1787197362764431796
esp32,1787197362784553774
esp32,1787197362864735953
lidar,1787197362865788675
esp32,1787197362964747723
lidar,1787197362966138438
lidar,1787197363070574275
esp32,1787197363084682138
lidar,1787197363166507487
esp32,1787197363184221262
lidar,1787197363264287001
esp32,1787197363284752230
lidar,1787197363363721488
esp32,1787197363384214921
lidar,1787197363464699980
esp32,1787197363484305287
lidar,1787197363566552415
esp32,1787197363584610311
lidar,1787197363669174797
esp32,1787197363684642645
lidar,1787197363765927942
esp32,1787197363784171632
lidar,1787197363865144167
esp32,1787197363884651081
lidar,1787197363967021879
esp32,1787197363984676371
lidar,1787197364070218099
esp32,1787197364084800251
lidar,1787197364166695881
esp32,1787197364184788098
lidar,1787197364266817087
esp32,1787197364284645955
lidar,1787197364365476953
esp32,1787197364384561728
lidar,1787197364468365190
esp32,1787197364484665715
lidar,1787197364575831075
esp32,1787197364583742027
esp32,1787197364664661885
lidar,1787197364672097515
lidar,1787197364767052864
esp32,1787197364784759398
lidar,1787197364867235195
esp32,1787197364884641465
lidar,1787197364969877532
esp32,1787197364984703079
lidar,1787197365063540660
esp32,1787197365084875436
lidar,1787197365165640966
esp32,1787197365184796377
lidar,1787197365264173615
esp32,1787197365284797456
lidar,1787197365363948686
esp32,1787197365384780248
lidar,1787197365465487702
esp32,1787197365484773948
lidar,1787197365565333385
esp32,1787197365584808665
lidar,1787197365667726502
esp32,1787197365684667331
lidar,1787197365763946224
esp32,1787197365784770957
lidar,1787197365865365031
esp32,1787197365884800829
lidar,1787197365963965990
esp32,1787197365984749020
lidar,1787197366064265899
esp32,1787197366084791035
lidar,1787197366165244258
esp32,1787197366184765854
lidar,1787197366263951482
esp32,1787197366284695010
lidar,1787197366363945347
esp32,1787197366384807633
lidar,1787197366466005497
esp32,1787197366484697588
lidar,1787197366567508667
esp32,1787197366584131661
lidar,1787197366669861478
esp32,1787197366684609321
lidar,1787197366767639846
esp32,1787197366784696587
lidar,1787197366863262116
esp32,1787197366884865527
lidar,1787197366964675952
esp32,1787197366984714979
lidar,1787197367067575907
esp32,1787197367084667620
lidar,1787197367168594354
esp32,1787197367184117624
lidar,1787197367267894305
esp32,1787197367284691089
lidar,1787197367366241977
esp32,1787197367384821245
lidar,1787197367463857899
esp32,1787197367484743240
lidar,1787197367569185562
esp32,1787197367584209632
lidar,1787197367663645626
esp32,1787197367684655163
lidar,1787197367776500114
esp32,1787197367784549424
lidar,1787197367861838470
esp32,1787197367884747321
lidar,1787197367964172218
esp32,1787197367984137233
lidar,1787197368066347327
esp32,1787197368084146605
lidar,1787197368162748043
esp32,1787197368184791083
lidar,1787197368262680636
esp32,1787197368284189231
lidar,1787197368369426163
esp32,1787197368384200469
lidar,1787197368469368676
esp32,1787197368484696438
lidar,1787197368565309436
esp32,1787197368584000051
lidar,1787197368663086813
esp32,1787197368684595037
lidar,1787197368763893685
esp32,1787197368784036617
lidar,1787197368865508749
esp32,1787197368884737264
lidar,1787197368966692366
esp32,1787197368984409554
lidar,1787197369068539753
esp32,1787197369084300670
esp32,1787197369164856396
lidar,1787197369172908120
lidar,1787197369262648693
esp32,1787197369284769626
lidar,1787197369361560554
esp32,1787197369384764772
lidar,1787197369464499326
esp32,1787197369484846132
lidar,1787197369566751368
esp32,1787197369584806966
lidar,1787197369660497199
esp32,1787197369664590460
lidar,1787197369761514314
esp32,1787197369784713346
lidar,1787197369868642247
esp32,1787197369883730096
lidar,1787197369959543133
esp32,1787197369983939348
lidar,1787197370062684993
esp32,1787197370083703746
lidar,1787197370157769557
esp32,1787197370163977434
lidar,1787197370258542463
esp32,1787197370264333824
lidar,1787197370358763638
esp32,1787197370364301874
lidar,1787197370459816315
esp32,1787197370464395174
lidar,1787197370562704293
esp32,1787197370584718617
lidar,1787197370663424527
esp32,1787197370684751411
lidar,1787197370762684712
esp32,1787197370784785749
lidar,1787197370862603151
esp32,1787197370884613179
lidar,1787197370961691093
esp32,1787197370964221597
lidar,1787197371059664364
esp32,1787197371064406602
lidar,1787197371163079849
esp32,1787197371184810241
lidar,1787197371264450193
esp32,1787197371284668178
lidar,1787197371360596000
esp32,1787197371364236985
lidar,1787197371460804185
esp32,1787197371464320779
lidar,1787197371565209125
esp32,1787197371584702969
lidar,1787197371660088108
esp32,1787197371664268272
lidar,1787197371760921485
esp32,1787197371764351614
lidar,1787197371857783112
esp32,1787197371864230529
lidar,1787197371957419490
esp32,1787197371964399930
lidar,1787197372055897812
esp32,1787197372064394397
lidar,1787197372156405221
esp32,1787197372164446746
lidar,1787197372256955111
esp32,1787197372264237888
lidar,1787197372358630700
esp32,1787197372364278306
lidar,1787197372463399250
esp32,1787197372465000922
lidar,1787197372557632333
esp32,1787197372564434094
lidar,1787197372660455438
esp32,1787197372664493286
lidar,1787197372763653931
esp32,1787197372765184695
lidar,1787197372864825974
esp32,1787197372884760152
lidar,1787197372962573122
esp32,1787197372984747140
lidar,1787197373060371992
esp32,1787197373084745486
lidar,1787197373161935920
esp32,1787197373164945315
lidar,1787197373265036723
esp32,1787197373284747077
lidar,1787197373365918400
esp32,1787197373384620340
lidar,1787197373458836623
esp32,1787197373464663256
lidar,1787197373558054466
esp32,1787197373584852108
lidar,1787197373658539601
esp32,1787197373684846054
lidar,1787197373766672348
esp32,1787197373784845876
lidar,1787197373862757901
esp32,1787197373884793898
lidar,1787197373960570111
esp32,1787197373964444725
lidar,1787197374060156545
esp32,1787197374064577259
lidar,1787197374155906967
esp32,1787197374164553061
lidar,1787197374259401377
esp32,1787197374264475454
lidar,1787197374354854502
esp32,1787197374364432454
lidar,1787197374454438176
esp32,1787197374464381328
lidar,1787197374554105175
esp32,1787197374564585169
lidar,1787197374658136775
esp32,1787197374664411514
lidar,1787197374759191110
esp32,1787197374764348774
lidar,1787197374859281060
esp32,1787197374864537517
lidar,1787197374952302749
esp32,1787197374984745920
lidar,1787197375052197442
esp32,1787197375064483851
lidar,1787197375152259925
esp32,1787197375184807407
lidar,1787197375254440552
esp32,1787197375284705230
lidar,1787197375354317967
esp32,1787197375384728583
lidar,1787197375454997525
esp32,1787197375484790355
lidar,1787197375563964991
esp32,1787197375584943864
lidar,1787197375662737993
esp32,1787197375684832794
lidar,1787197375755269500
esp32,1787197375784762182
lidar,1787197375855620139
esp32,1787197375884835808
lidar,1787197375954730201
esp32,1787197375984721071
lidar,1787197376054893736
esp32,1787197376084817154
lidar,1787197376154313329
esp32,1787197376184881677
lidar,1787197376254111871
esp32,1787197376284823418
lidar,1787197376354103393
esp32,1787197376384841171
lidar,1787197376453732467
esp32,1787197376464499355
lidar,1787197376559155302
esp32,1787197376564175521
lidar,1787197376661172140
esp32,1787197376684725823
lidar,1787197376751763267
esp32,1787197376764343924
lidar,1787197376853365245
esp32,1787197376864346219
lidar,1787197376953446126
esp32,1787197376984822830
lidar,1787197377054618237
esp32,1787197377083857851
lidar,1787197377154557504
esp32,1787197377184279112
lidar,1787197377256323395
esp32,1787197377284230385
lidar,1787197377360933570
esp32,1787197377385028953
lidar,1787197377452053748
esp32,1787197377484714340
lidar,1787197377554471286
esp32,1787197377584777740
lidar,1787197377651969023
esp32,1787197377684815876
lidar,1787197377752608130
esp32,1787197377784660901
lidar,1787197377852792358
esp32,1787197377884805473
lidar,1787197377953910807
esp32,1787197377984996187
lidar,1787197378058279328
esp32,1787197378084824441
lidar,1787197378153718847
esp32,1787197378184735384
lidar,1787197378252709850
esp32,1787197378264548640
lidar,1787197378353705923
esp32,1787197378364516580
lidar,1787197378451272661
esp32,1787197378464682627
lidar,1787197378551419533
esp32,1787197378564995714
lidar,1787197378658838200
esp32,1787197378684846936
lidar,1787197378752465916
esp32,1787197378764417913
lidar,1787197378850453856
esp32,1787197378864939841
lidar,1787197378950796330
esp32,1787197378984820573
lidar,1787197379049455904
esp32,1787197379084808044
lidar,1787197379149968266
esp32,1787197379184756430
lidar,1787197379250264993
esp32,1787197379284824931
lidar,1787197379349805098
esp32,1787197379384707035
lidar,1787197379449300902
esp32,1787197379484699084
lidar,1787197379550626700
esp32,1787197379584736876
lidar,1787197379655504529
esp32,1787197379684689730
lidar,1787197379749130235
esp32,1787197379784905897
lidar,1787197379850136744
esp32,1787197379883879126
lidar,1787197379949922768
esp32,1787197379983961766
lidar,1787197380049664742
esp32,1787197380083768684
lidar,1787197380149521659
esp32,1787197380184508072
lidar,1787197380249848924
esp32,1787197380264280523
lidar,1787197380349860339
esp32,1787197380364636272
lidar,1787197380448766257
esp32,1787197380464473862
lidar,1787197380549690225
esp32,1787197380584591688
lidar,1787197380649708276
esp32,1787197380684658409
lidar,1787197380751174162
esp32,1787197380784679087
lidar,1787197380847590041
esp32,1787197380884854354
lidar,1787197380950574026
esp32,1787197380984833208
lidar,1787197381047254619
esp32,1787197381084675037
lidar,1787197381155194991
esp32,1787197381184505070
lidar,1787197381245140627
esp32,1787197381284668443
lidar,1787197381345534750
esp32,1787197381384672592
lidar,1787197381447143528
esp32,1787197381484807294
lidar,1787197381550049125
esp32,1787197381564338375
lidar,1787197381645283139
esp32,1787197381664624855
lidar,1787197381745855252
esp32,1787197381764598986
lidar,1787197381846383080
esp32,1787197381884710879
lidar,1787197381949193988
esp32,1787197381964370839
lidar,1787197382050685663
esp32,1787197382084701945
lidar,1787197382158421092
esp32,1787197382184506419
lidar,1787197382248420112
esp32,1787197382264431494
lidar,1787197382349420530
esp32,1787197382364454043
lidar,1787197382449077505
esp32,1787197382464140568
lidar,1787197382547510451
esp32,1787197382584569062
lidar,1787197382649263663
esp32,1787197382684688933
lidar,1787197382762960382
esp32,1787197382784571818
lidar,1787197382845674821
esp32,1787197382884585729
lidar,1787197382952738790
esp32,1787197382984527104
lidar,1787197383045694116
esp32,1787197383084690544
lidar,1787197383145363968
esp32,1787197383184578209
lidar,1787197383245354111
esp32,1787197383284722350
lidar,1787197383345543238
esp32,1787197383384878995
lidar,1787197383449939100
esp32,1787197383484725267
lidar,1787197383544879432
esp32,1787197383584696289
lidar,1787197383646271860
esp32,1787197383684620260
lidar,1787197383743152871
esp32,1787197383784681525
lidar,1787197383844806177
lidar,1787197384378803936
lidar,1787197384379701666
lidar,1787197384380388023
lidar,1787197384381048307
lidar,1787197384381686723
lidar,1787197384442809424
lidar,1787197384544635139
lidar,1787197384644401380
lidar,1787197384749533058
lidar,1787197384845988773
lidar,1787197384947134170
lidar,1787197385050908885
esp32,1787197385107335230
esp32,1787197385108063205
esp32,1787197385108631016
esp32,1787197385124710036
lidar,1787197385152696929
esp32,1787197385224539900
lidar,1787197385250718800
esp32,1787197385324493271
lidar,1787197385347607315
esp32,1787197385424700942
lidar,1787197385448493802
esp32,1787197385524624790
lidar,1787197385547026166
esp32,1787197385624603225
lidar,1787197385645023620
esp32,1787197385724465244
lidar,1787197385745243899
esp32,1787197385824574129
lidar,1787197385849745854
esp32,1787197385924364408
lidar,1787197385949861061
esp32,1787197386024332584
lidar,1787197386044075771
esp32,1787197386124633572
lidar,1787197386143423399
esp32,1787197386224481490
lidar,1787197386244067030
esp32,1787197386324714785
lidar,1787197386343387223
esp32,1787197386424499788
lidar,1787197386444522570
esp32,1787197386524421486
lidar,1787197386542390878
esp32,1787197386624297350
lidar,1787197386642499059
esp32,1787197386724750390
lidar,1787197386747268857
esp32,1787197386824510764
lidar,1787197386844409165
esp32,1787197386924415407
lidar,1787197386945039855
esp32,1787197387024613442
lidar,1787197387048248067
esp32,1787197387124594089
lidar,1787197387149087072
esp32,1787197387224315000
lidar,1787197387246535171
esp32,1787197387324506742
lidar,1787197387347669215
esp32,1787197387424919462
lidar,1787197387458683376
esp32,1787197387524531752
lidar,1787197387547863112
esp32,1787197387624384576
lidar,1787197387645227765
esp32,1787197387724822556
lidar,1787197387749453293
esp32,1787197387824835123
lidar,1787197387846715766
esp32,1787197387924524993
lidar,1787197387947047950
esp32,1787197388024848672
lidar,1787197388044197412
esp32,1787197388124611447
lidar,1787197388145020837
esp32,1787197388224706436
lidar,1787197388243510756
esp32,1787197388324725141
lidar,1787197388345643313
esp32,1787197388424736652
lidar,1787197388442242714
esp32,1787197388524562675
lidar,1787197388541964252
esp32,1787197388624535197
lidar,1787197388642701335
esp32,1787197388724656795
lidar,1787197388742478767
esp32,1787197388824579961
lidar,1787197388843533269
esp32,1787197388924542308
lidar,1787197388943719502
esp32,1787197389024722848
lidar,1787197389040225687
esp32,1787197389124659532
lidar,1787197389140815693
esp32,1787197389223695332
lidar,1787197389242595249
esp32,1787197389324643839
lidar,1787197389345411598
esp32,1787197389424784745
lidar,1787197389442180362
esp32,1787197389524734437
lidar,1787197389547085296
esp32,1787197389624594845
lidar,1787197389647628824
esp32,1787197389724855411
lidar,1787197389749727385
esp32,1787197389823639128
lidar,1787197389852652206
esp32,1787197389923751600
lidar,1787197389943147559
esp32,1787197390023821882
lidar,1787197390045628583
esp32,1787197390124014170
lidar,1787197390146286474
esp32,1787197390224532742
lidar,1787197390244190366
esp32,1787197390324636164
lidar,1787197390344561938
esp32,1787197390424690645
lidar,1787197390443062872
esp32,1787197390524760838
lidar,1787197390542991026
esp32,1787197390624605688
lidar,1787197390643926063
esp32,1787197390724495922
lidar,1787197390743733601
esp32,1787197390824761762
lidar,1787197390843604970
esp32,1787197390924795951
lidar,1787197390942523659
esp32,1787197391024514833
lidar,1787197391042690117
esp32,1787197391124545757
lidar,1787197391674736509
lidar,1787197391675706118
lidar,1787197391676482900
lidar,1787197391677080317
lidar,1787197391677567130
esp32,1787197391684284861
esp32,1787197391684555965
esp32,1787197391684705072
esp32,1787197391704550652
lidar,1787197391743061244
esp32,1787197391804635351
lidar,1787197391841295086
esp32,1787197391904560234
lidar,1787197391946935355
esp32,1787197392004579526
lidar,1787197392050383044
esp32,1787197392104539508
lidar,1787197392141959681
esp32,1787197392204554763
lidar,1787197392238177921
esp32,1787197392304219690
lidar,1787197392345605661
esp32,1787197392404943394
lidar,1787197392443037779
esp32,1787197392504872004
lidar,1787197392540321133
esp32,1787197392604801287
lidar,1787197392638149985
esp32,1787197392704721579
lidar,1787197392737700008
esp32,1787197392804710514
lidar,1787197392839066642
esp32,1787197392904701053
lidar,1787197392941968476
esp32,1787197393004922425
lidar,1787197393043658804
esp32,1787197393104796850
lidar,1787197393139589446
esp32,1787197393204940831
lidar,1787197393241842702
esp32,1787197393304577864
lidar,1787197393345145455
esp32,1787197393404779763
lidar,1787197393444068960
esp32,1787197393504714029
lidar,1787197393543612934
esp32,1787197393604530667
lidar,1787197393644326358
esp32,1787197393704849420
lidar,1787197393743411480
esp32,1787197393804760061
lidar,1787197393846773545
esp32,1787197393904745736
lidar,1787197393937877376
esp32,1787197394004877806
lidar,1787197394041179473
esp32,1787197394104802215
lidar,1787197394139556170
esp32,1787197394204709702
lidar,1787197394238914063
esp32,1787197394304617118
lidar,1787197394337955048
esp32,1787197394404443907
lidar,1787197394437228251
esp32,1787197394504565026
lidar,1787197394537245863
esp32,1787197394604835791
lidar,1787197394635789030
esp32,1787197394704748653
lidar,1787197394738040942
esp32,1787197394804577163
lidar,1787197394837710877
esp32,1787197394904725894
lidar,1787197394937724815
esp32,1787197395004702083
lidar,1787197395042155085
esp32,1787197395104802296
lidar,1787197395137240013
esp32,1787197395204847019
lidar,1787197395237861728
esp32,1787197395304432005
lidar,1787197395338068827
esp32,1787197395404746903
lidar,1787197395438536207
esp32,1787197395504745555
lidar,1787197395539727833
esp32,1787197395604965494
lidar,1787197395639834229
esp32,1787197395704896021
lidar,1787197395739212088
esp32,1787197395804437415
lidar,1787197395843424817
esp32,1787197395904950637
lidar,1787197395939967696
esp32,1787197396004676057
lidar,1787197396041045860
esp32,1787197396104721190
lidar,1787197396140960371
esp32,1787197396204710621
lidar,1787197396238349035
esp32,1787197396304706426
lidar,1787197396340454177
esp32,1787197396404777825
lidar,1787197396438663646
esp32,1787197396504556953
lidar,1787197396545173322
esp32,1787197396604852066
lidar,1787197396638035431
esp32,1787197396704656940
lidar,1787197396740597712
esp32,1787197396804232503
lidar,1787197396834752257
esp32,1787197396904787094
lidar,1787197396941115473
esp32,1787197397004858178
lidar,1787197397037252053
esp32,1787197397104710394
lidar,1787197397133889488
esp32,1787197397204734509
lidar,1787197397237017783
esp32,1787197397305050581
lidar,1787197397334978818
esp32,1787197397404799937
lidar,1787197397440067032
esp32,1787197397504754624
lidar,1787197397535289901
esp32,1787197397604667286
lidar,1787197397636020639
esp32,1787197397704659663
lidar,1787197397739374818
esp32,1787197397804802636
lidar,1787197397832810653
esp32,1787197397904755583
lidar,1787197397942451899
esp32,1787197398004830224
lidar,1787197398033851582
esp32,1787197398104758534
lidar,1787197398136280060
esp32,1787197398204987224
lidar,1787197398236944999
esp32,1787197398303764717
lidar,1787197398339835639
esp32,1787197398404636122
lidar,1787197398436246530
esp32,1787197398504738847
lidar,1787197398536715761
esp32,1787197398604725456
lidar,1787197398637796993
esp32,1787197398704828973
lidar,1787197398735247970
esp32,1787197398804732523
lidar,1787197398835491678
esp32,1787197398904704469
lidar,1787197398938782673
esp32,1787197399004827987
lidar,1787197399037345899
esp32,1787197399104731182
lidar,1787197399135680942
esp32,1787197399224541376
lidar,1787197399236468428
esp32,1787197399304788493
lidar,1787197399333525288
esp32,1787197399404690709
lidar,1787197399436265803
esp32,1787197399504691815
lidar,1787197399536853617
esp32,1787197399604761090
lidar,1787197399632190079
esp32,1787197399704708588
lidar,1787197399732839223
esp32,1787197399804859918
lidar,1787197399832707683
esp32,1787197399903892822
lidar,1787197399938919307
esp32,1787197400004082881
lidar,1787197400036518946
esp32,1787197400103604974
lidar,1787197400135663120
esp32,1787197400204754256
lidar,1787197400236605807
esp32,1787197400304782348
lidar,1787197400334739063
esp32,1787197400404794760
lidar,1787197400436032966
esp32,1787197400504855896
lidar,1787197400537839553
esp32,1787197400604804861
lidar,1787197400640787629
esp32,1787197400704626152
lidar,1787197400740075620
esp32,1787197400804693410
lidar,1787197400838937247
esp32,1787197400904326311
lidar,1787197400934275574
esp32,1787197401004599988
lidar,1787197401040676350
esp32,1787197401104590942
lidar,1787197401139849633
esp32,1787197401204716272
lidar,1787197401239828615
esp32,1787197401304815003
lidar,1787197401342571879
esp32,1787197401404470155
lidar,1787197401439664792
esp32,1787197401504708159
lidar,1787197401533884394
esp32,1787197401604709463
lidar,1787197401635080113
esp32,1787197401704434640
lidar,1787197401742415903
esp32,1787197401804749788
lidar,1787197401837498969
esp32,1787197401904782569
lidar,1787197401935650702
esp32,1787197402004690475
lidar,1787197402039915942
esp32,1787197402104600814
lidar,1787197402131196969
esp32,1787197402204740172
lidar,1787197402232309241
esp32,1787197402304538376
lidar,1787197402333700912
esp32,1787197402404799680
lidar,1787197402431749532
esp32,1787197402504769799
lidar,1787197402530712647
esp32,1787197402604812646
lidar,1787197402631129408
esp32,1787197402704708902
lidar,1787197402729305118
esp32,1787197402804745302
lidar,1787197402828922745
esp32,1787197402904842148
lidar,1787197402936495121
esp32,1787197403004813558
lidar,1787197403031381210
esp32,1787197403104813363
lidar,1787197403131898695
esp32,1787197403204722473
lidar,1787197403234650681
esp32,1787197403304464651
lidar,1787197403332552976
esp32,1787197403404356549
lidar,1787197403433846444
esp32,1787197403504797770
lidar,1787197403534689965
esp32,1787197403604727381
lidar,1787197403632914281
esp32,1787197403704680144
lidar,1787197403733927651
esp32,1787197403804792922
lidar,1787197403832262962
esp32,1787197403904801541
lidar,1787197403930268037
esp32,1787197404004611740
lidar,1787197404030475720
esp32,1787197404104787994
lidar,1787197404130934505
esp32,1787197404204713344
lidar,1787197404232047636
esp32,1787197404304315872
lidar,1787197404342102155
esp32,1787197404404791487
lidar,1787197404430097659
esp32,1787197404504730139
lidar,1787197404531380139
esp32,1787197404604878530
lidar,1787197404628404355
esp32,1787197404704687438
lidar,1787197404727547615
esp32,1787197404804766204
lidar,1787197404827027537
esp32,1787197404904829062
lidar,1787197404928613475
esp32,1787197405004657059
lidar,1787197405028151767
esp32,1787197405104606949
lidar,1787197405128593909
esp32,1787197405204732360
lidar,1787197405229176303
esp32,1787197405304354412
lidar,1787197405330743960
esp32,1787197405404825524
lidar,1787197405432730998
esp32,1787197405504833001
lidar,1787197405526207364
esp32,1787197405604730137
lidar,1787197405629451648
esp32,1787197405704708328
lidar,1787197405731294069
esp32,1787197405804929438
lidar,1787197405829785150
esp32,1787197405904763523
lidar,1787197405935856554
esp32,1787197406004827840
lidar,1787197406029277921
esp32,1787197406104832094
lidar,1787197406128276044
esp32,1787197406204881125
lidar,1787197406228271117
esp32,1787197406304220425
lidar,1787197406329365011
esp32,1787197406404805299
lidar,1787197406429561545
esp32,1787197406504795815
lidar,1787197406528537113
esp32,1787197406604807743
lidar,1787197406628675268
esp32,1787197406704669502
lidar,1787197406728222265
esp32,1787197406804721727
lidar,1787197406825912739
esp32,1787197406904709040
lidar,1787197406926160028
esp32,1787197407004791047
lidar,1787197407031758012
esp32,1787197407104814555
lidar,1787197407128088202
esp32,1787197407204745507
lidar,1787197407226970454
esp32,1787197407304377870
lidar,1787197407328130363
esp32,1787197407404822823
lidar,1787197407426003836
esp32,1787197407504492387
lidar,1787197407526060252
esp32,1787197407604768119
lidar,1787197407631634704
esp32,1787197407704719394
lidar,1787197407734385666
esp32,1787197407804790233
lidar,1787197407835222262
esp32,1787197407904622844
lidar,1787197407926356287
esp32,1787197408004815537
lidar,1787197408024440755
esp32,1787197408104701860
lidar,1787197408125638180
esp32,1787197408204796670
lidar,1787197408229720346
esp32,1787197408304594419
lidar,1787197408329419059
esp32,1787197408404600411
lidar,1787197408429580605
esp32,1787197408504794239
lidar,1787197408530225861
esp32,1787197408604614745
lidar,1787197408636772634
esp32,1787197408704878399
lidar,1787197408725479893
esp32,1787197408804929979
lidar,1787197408828750284
esp32,1787197408904896219
lidar,1787197408929157560
esp32,1787197409004995583
lidar,1787197409026231631
esp32,1787197409104609431
lidar,1787197409147737726
esp32,1787197409204999847
lidar,1787197409225967053
esp32,1787197409304662910
lidar,1787197409324166521
esp32,1787197409404865344
lidar,1787197409423559967
esp32,1787197409504626793
lidar,1787197409526625612
esp32,1787197409604770019
lidar,1787197409626495482
esp32,1787197409704636797
lidar,1787197409724903962
esp32,1787197409804867070
lidar,1787197409835659733
esp32,1787197409903802856
lidar,1787197409936349053
esp32,1787197410003883217
lidar,1787197410037456135
esp32,1787197410103624648
lidar,1787197410141121660
esp32,1787197410204649921
lidar,1787197410232132160
esp32,1787197410304738433
lidar,1787197410324202386
esp32,1787197410404545260
lidar,1787197410423908439
esp32,1787197410504647806
lidar,1787197410524162103
esp32,1787197410604677213
lidar,1787197410625891227
esp32,1787197410704646530
lidar,1787197410728645797
esp32,1787197410804860421
lidar,1787197410826087978
esp32,1787197410904678407
lidar,1787197410928815670
esp32,1787197411004565374
lidar,1787197411023487630
esp32,1787197411104609519
lidar,1787197411122641537
esp32,1787197411204669611
lidar,1787197411224173756
esp32,1787197411304740012
lidar,1787197411324840117
esp32,1787197411404782027
lidar,1787197411424084514
esp32,1787197411504451524
lidar,1787197411524461706
esp32,1787197411604519930
lidar,1787197411624499313
esp32,1787197411704765468
lidar,1787197411728633115
esp32,1787197411804661293
lidar,1787197411828866942
esp32,1787197411904602906
lidar,1787197411929663940
esp32,1787197412004728469
lidar,1787197412021143087
esp32,1787197412104787525
lidar,1787197412127427868
esp32,1787197412204670073
lidar,1787197412222152609
esp32,1787197412304805907
lidar,1787197412324515032
esp32,1787197412404614562
lidar,1787197412426284772
esp32,1787197412504620170
lidar,1787197412527220604
esp32,1787197412604455639
lidar,1787197412628373010
esp32,1787197412704564239
lidar,1787197412725461180
esp32,1787197412804563353
lidar,1787197412827138016
esp32,1787197412904575840
lidar,1787197412926295116
esp32,1787197413004613763
lidar,1787197413022713752
esp32,1787197413104684743
lidar,1787197413126305320
esp32,1787197413204528150
lidar,1787197413222643900
esp32,1787197413304683214
lidar,1787197413324381662
esp32,1787197413404557312
lidar,1787197413421908475
esp32,1787197413504411795
lidar,1787197413528940759
esp32,1787197413604495729
lidar,1787197413625187878
esp32,1787197413704676733
lidar,1787197413723960057
esp32,1787197413804551033
lidar,1787197413828373366
esp32,1787197413904669012
lidar,1787197413930526812
esp32,1787197414004459235
lidar,1787197414031311806
esp32,1787197414104674442
lidar,1787197414134194980
esp32,1787197414204515504
lidar,1787197414229889926
esp32,1787197414304764552
lidar,1787197414320863527
esp32,1787197414404579369
lidar,1787197414421396399
esp32,1787197414504530111
lidar,1787197414534533065
esp32,1787197414604650896
lidar,1787197414634778003
esp32,1787197414704775962
lidar,1787197414724441732
esp32,1787197414804742645
lidar,1787197414820289766
esp32,1787197414904659159
lidar,1787197414926496281
esp32,1787197415004488329
lidar,1787197415020863617
esp32,1787197415104792567
lidar,1787197415126195455
esp32,1787197415204763131
lidar,1787197415222209849
esp32,1787197415304755757
lidar,1787197415319802027
esp32,1787197415404563549
lidar,1787197415417797128
esp32,1787197415504636686
lidar,1787197415517363320
esp32,1787197415604652209
lidar,1787197415621110912
esp32,1787197415704818645
lidar,1787197415720107446
esp32,1787197415804606181
lidar,1787197415829740833
esp32,1787197415904457682
lidar,1787197415928196421
esp32,1787197416004776291
lidar,1787197416028907792
esp32,1787197416104615768
lidar,1787197416128033292
esp32,1787197416204866237
lidar,1787197416219401506
esp32,1787197416304776803
lidar,1787197416320354511
esp32,1787197416404684077
lidar,1787197416420202568
esp32,1787197416504652491
lidar,1787197416525422378
esp32,1787197416604655514
lidar,1787197416641389157
esp32,1787197416704652815
lidar,1787197416727273294
esp32,1787197416804780054
lidar,1787197416828888604
esp32,1787197416904681131
lidar,1787197416931932360
esp32,1787197417004686957
lidar,1787197417021845799
esp32,1787197417104709079
lidar,1787197417122594577
esp32,1787197417204808072
lidar,1787197417226972525
esp32,1787197417304208702
lidar,1787197417318480579
esp32,1787197417404672097
lidar,1787197417423658705
esp32,1787197417504641371
lidar,1787197417519254668
esp32,1787197417603828323
lidar,1787197417617722677
esp32,1787197417704666548
lidar,1787197417718801665
esp32,1787197417804658455
lidar,1787197417821119874
esp32,1787197417904882663
lidar,1787197417920746393
esp32,1787197418004652050
lidar,1787197418024226987
esp32,1787197418104770112
lidar,1787197418125322786
esp32,1787197418204778911
lidar,1787197418224363028
esp32,1787197418304626414
lidar,1787197418324028057
esp32,1787197418404609702
lidar,1787197418423298571
esp32,1787197418504362472
lidar,1787197418516076900
esp32,1787197418604586383
lidar,1787197418616302212
esp32,1787197418704650069
lidar,1787197418719149864
esp32,1787197418804759566
lidar,1787197418818358992
esp32,1787197418904720218
lidar,1787197418919352816
esp32,1787197419004607775
lidar,1787197419019952823
esp32,1787197419104863184
lidar,1787197419119753206
esp32,1787197419204711844
lidar,1787197419217629602
esp32,1787197419304836989
lidar,1787197419317371771
esp32,1787197419404575829
lidar,1787197419417110503
lidar,1787197419545514269
esp32,1787197419564832941
esp32,1787197419604608276
lidar,1787197419620904658
esp32,1787197419704711315
lidar,1787197419719217610
esp32,1787197419804717902
lidar,1787197419817652263
esp32,1787197419903721317
lidar,1787197419918827715
esp32,1787197420003784451
lidar,1787197420017755995
esp32,1787197420103571546
lidar,1787197420117384472
esp32,1787197420204669234
lidar,1787197420225651044
esp32,1787197420304836084
lidar,1787197420325813382
esp32,1787197420404551304
lidar,1787197420417413627
esp32,1787197420504656365
lidar,1787197420519503096
esp32,1787197420604680396
lidar,1787197420620239420
esp32,1787197420704709439
lidar,1787197420719652867
esp32,1787197420804562729
lidar,1787197420820558272
esp32,1787197420904681842
lidar,1787197420922914236
esp32,1787197421004676604
lidar,1787197421026722451
esp32,1787197421104615173
lidar,1787197421119767141
esp32,1787197421204683186
lidar,1787197421222186353
esp32,1787197421304611067
lidar,1787197421320304115
esp32,1787197421404890888
lidar,1787197421417157813
esp32,1787197421504674615
lidar,1787197421518442656
esp32,1787197421604809228
lidar,1787197421616054123
esp32,1787197421704618581
lidar,1787197421717186943
esp32,1787197421804524444
lidar,1787197421818051058
esp32,1787197421904739121
lidar,1787197421916109657
esp32,1787197422004456600
lidar,1787197422017779847
esp32,1787197422104736984
lidar,1787197422116026944
esp32,1787197422204589074
lidar,1787197422217570246
esp32,1787197422304629139
lidar,1787197422313546092
esp32,1787197422404389826
lidar,1787197422418391580
esp32,1787197422504679911
lidar,1787197422519820597
esp32,1787197422604759805
lidar,1787197422620576610
esp32,1787197422704773861
lidar,1787197422730321636
esp32,1787197422804508045
lidar,1787197422816371607
esp32,1787197422904683614
lidar,1787197422917905357
esp32,1787197423004744342
lidar,1787197423017904188
esp32,1787197423104639986
lidar,1787197423117424767
esp32,1787197423204725653
lidar,1787197423216357553
esp32,1787197423304737074
lidar,1787197423316246472
esp32,1787197423404627255
lidar,1787197423419316123
esp32,1787197423504674194
lidar,1787197423517549311
esp32,1787197423604750496
lidar,1787197423616687556
esp32,1787197423704633733
lidar,1787197423715347225
esp32,1787197423804521027
lidar,1787197423817972525
esp32,1787197423904586785
lidar,1787197423916630881
esp32,1787197424004744169
lidar,1787197424015148036
esp32,1787197424104763949
lidar,1787197424115567284
esp32,1787197424204547536
lidar,1787197424217864186
esp32,1787197424304855695
lidar,1787197424323426913
esp32,1787197424404681916
lidar,1787197424412660512
esp32,1787197424504760644
lidar,1787197424517559300
lidar,1787197424616701820
esp32,1787197424624341142
esp32,1787197424704732952
lidar,1787197424718868062
esp32,1787197424804742509
lidar,1787197424812276309
esp32,1787197424904800680
lidar,1787197424917383660
esp32,1787197425004672998
lidar,1787197425017842865
esp32,1787197425104817850
lidar,1787197425114283752
esp32,1787197425204801070
lidar,1787197425215052446
esp32,1787197425304717743
lidar,1787197425323932418
esp32,1787197425404808741
lidar,1787197425426113501
esp32,1787197425504736829
lidar,1787197425518038329
esp32,1787197425604748829
lidar,1787197425624606869
esp32,1787197425703712829
lidar,1787197425715031627
esp32,1787197425804718057
lidar,1787197425814706582
esp32,1787197425904840985
lidar,1787197425918212422
esp32,1787197426004915457
lidar,1787197426015642424
esp32,1787197426104786911
lidar,1787197426122889134
esp32,1787197426204804956
lidar,1787197426217971772
esp32,1787197426304700333
lidar,1787197426313656330
esp32,1787197426404880775
lidar,1787197426416968000
esp32,1787197426504380799
lidar,1787197426515360890
esp32,1787197426604692186
lidar,1787197426615283962
esp32,1787197426704692700
lidar,1787197426718154754
esp32,1787197426804786965
lidar,1787197426819592336
esp32,1787197426904707162
lidar,1787197426913196536
esp32,1787197427004694834
lidar,1787197427013097723
esp32,1787197427104780651
lidar,1787197427113698496
esp32,1787197427204603789
lidar,1787197427211560973
esp32,1787197427304807513
lidar,1787197427313695366
esp32,1787197427404692413
lidar,1787197427414547969
esp32,1787197427504594238
lidar,1787197427514228586
esp32,1787197427604603648
lidar,1787197427614956890
esp32,1787197427704695002
lidar,1787197427713796992
esp32,1787197427804579784
lidar,1787197427814192779
esp32,1787197427904702416
lidar,1787197427914379027
esp32,1787197428004703872
lidar,1787197428015196978
esp32,1787197428104487430
lidar,1787197428114219626
esp32,1787197428204684543
lidar,1787197428211667083
esp32,1787197428304605907
lidar,1787197428311678756
esp32,1787197428404800414
lidar,1787197428412618953
esp32,1787197428504702886
lidar,1787197428517928992
esp32,1787197428604462014
lidar,1787197428616662195
esp32,1787197428704521646
lidar,1787197428710810782
esp32,1787197428804547372
lidar,1787197428814821266
esp32,1787197428904675453
lidar,1787197428915777498
esp32,1787197429004655115
lidar,1787197429018162678
esp32,1787197429104818064
lidar,1787197429116796564
esp32,1787197429204763377
lidar,1787197429227113517
esp32,1787197429304788760
lidar,1787197429313459144
esp32,1787197429404792753
lidar,1787197429411240554
esp32,1787197429504645447
lidar,1787197429511227186
esp32,1787197429604783961
lidar,1787197429618462320
esp32,1787197429704789112
lidar,1787197429719530708
esp32,1787197429804526564
lidar,1787197429821033213
esp32,1787197429903782979
lidar,1787197429911825983
esp32,1787197430003895029
lidar,1787197430011504178
esp32,1787197430103821150
lidar,1787197430115040546
esp32,1787197430204678894
lidar,1787197430218089135
esp32,1787197430304830930
lidar,1787197430317086065
lidar,1787197430413938423
esp32,1787197430424106686
esp32,1787197430504997472
lidar,1787197430512998752
esp32,1787197430604079970
lidar,1787197430611118783
esp32,1787197430704737737
lidar,1787197430713151983
esp32,1787197430804656386
lidar,1787197430816024851
esp32,1787197430904784446
lidar,1787197430914782310
esp32,1787197431004744628
lidar,1787197431009652035
esp32,1787197431104638976
lidar,1787197431109924738
esp32,1787197431204613100
lidar,1787197431210706859
esp32,1787197431304619261
lidar,1787197431310070241
esp32,1787197431404510778
lidar,1787197431410423783
esp32,1787197431504536594
lidar,1787197431511165416
esp32,1787197431604634166
lidar,1787197431610845059
esp32,1787197431704631479
lidar,1787197431715002073
esp32,1787197431804517995
lidar,1787197431808180154
esp32,1787197431904613833
lidar,1787197431909926611
esp32,1787197432004756566
lidar,1787197432013438535
esp32,1787197432104619147
lidar,1787197432109150404
esp32,1787197432204740766
lidar,1787197432208634929
esp32,1787197432304606685
lidar,1787197432311204099
esp32,1787197432404622678
lidar,1787197432412111732
esp32,1787197432504561222
lidar,1787197432505604406
esp32,1787197432604860515
lidar,1787197432607349017
esp32,1787197432704755021
lidar,1787197432708841398
esp32,1787197432804782882
lidar,1787197432806298930
esp32,1787197432904769507
lidar,1787197432908725008
esp32,1787197433004744886
lidar,1787197433009058218
esp32,1787197433104654708
lidar,1787197433108418762
esp32,1787197433204814115
lidar,1787197433205948059
esp32,1787197433304800445
lidar,1787197433307254632
esp32,1787197433403880499
lidar,1787197433407801436
esp32,1787197433504705759
lidar,1787197433505824363
esp32,1787197433604968886
lidar,1787197433606081171
esp32,1787197433704763643
lidar,1787197433710048265
esp32,1787197433804582726
lidar,1787197433809633976
esp32,1787197433904796743
lidar,1787197433909225883
esp32,1787197434004803881
lidar,1787197434008504564
esp32,1787197434104673524
lidar,1787197434108876970
esp32,1787197434204891620
lidar,1787197434210105876
esp32,1787197434304858261
lidar,1787197434307647696
esp32,1787197434404734736
lidar,1787197434407880361
esp32,1787197434504841923
lidar,1787197434505879611
esp32,1787197434604841395
lidar,1787197434609915347
esp32,1787197434704805924
lidar,1787197434713823610
esp32,1787197434804847933
lidar,1787197434808211179
esp32,1787197434904829611
lidar,1787197434910140663
lidar,1787197435000448581
esp32,1787197435004517018
lidar,1787197435099849317
esp32,1787197435104437707
lidar,1787197435201618992
esp32,1787197435204431653
lidar,1787197435299547978
esp32,1787197435304233421
lidar,1787197435396051261
esp32,1787197435404198854
lidar,1787197435507472822
esp32,1787197435524709291
lidar,1787197435596114259
esp32,1787197435604251489
lidar,1787197435696363752
esp32,1787197435704164665
lidar,1787197435796602519
esp32,1787197435804302028
lidar,1787197435895807818
esp32,1787197435904698890
lidar,1787197435996952594
esp32,1787197436004339568
lidar,1787197436099409345
esp32,1787197436104387305
lidar,1787197436198524607
esp32,1787197436204475350
lidar,1787197436300068995
esp32,1787197436304399613
lidar,1787197436395466436
esp32,1787197436404749164
lidar,1787197436496431469
esp32,1787197436504273112
lidar,1787197436595256075
esp32,1787197436604232860
lidar,1787197436698369602
esp32,1787197436704464696
lidar,1787197436799076442
esp32,1787197436804480688
lidar,1787197436903522767
esp32,1787197436904603625
lidar,1787197436994606188
esp32,1787197437004218293
lidar,1787197437109497121
esp32,1787197437124798627
lidar,1787197437202703792
esp32,1787197437204565351
lidar,1787197437297172051
esp32,1787197437304216538
lidar,1787197437397152280
esp32,1787197437404170167
lidar,1787197437496145461
esp32,1787197437504138493
lidar,1787197437593963980
esp32,1787197437604280456
lidar,1787197437700719880
esp32,1787197437704377990
lidar,1787197437794726754
esp32,1787197437804139011
lidar,1787197437898805194
esp32,1787197437904303052
lidar,1787197437997265123
esp32,1787197438004486380
lidar,1787197438096681377
esp32,1787197438104263981
lidar,1787197438200041197
esp32,1787197438204393278
lidar,1787197438298920671
esp32,1787197438304529347
lidar,1787197438409169922
esp32,1787197438424788834
lidar,1787197438504209241
esp32,1787197438505198610
lidar,1787197438597366109
esp32,1787197438604342922
lidar,1787197438704078699
esp32,1787197438724767378
esp32,1787197438804299097
lidar,1787197438805253204
lidar,1787197438891859543
esp32,1787197438904715016
lidar,1787197438994479154
esp32,1787197439004356390
lidar,1787197439091247268
esp32,1787197439104751314
lidar,1787197439192103537
esp32,1787197439204679517
lidar,1787197439294257534
esp32,1787197439304293170
lidar,1787197439393171706
esp32,1787197439404296948
lidar,1787197439494292792
esp32,1787197439504788369
lidar,1787197439593261897
esp32,1787197439604663249
lidar,1787197439694351575
esp32,1787197439704272474
lidar,1787197439794263814
esp32,1787197439804210821
lidar,1787197439898766452
esp32,1787197439903713491
lidar,1787197439993135568
esp32,1787197440003945969
lidar,1787197440092312086
esp32,1787197440103604397
lidar,1787197440197479591
esp32,1787197440204237247
lidar,1787197440297151606
esp32,1787197440304478868
lidar,1787197440397508861
esp32,1787197440404438845
lidar,1787197440496670501
esp32,1787197440504275164
lidar,1787197440600586791
esp32,1787197440604458164
lidar,1787197440692689671
esp32,1787197440704717415
lidar,1787197440794263082
esp32,1787197440804308248
lidar,1787197440900394392
esp32,1787197440904447619
lidar,1787197440994144616
esp32,1787197441004335557
lidar,1787197441098390777
esp32,1787197441104414502
lidar,1787197441200110877
esp32,1787197441204332859
lidar,1787197441290293048
esp32,1787197441304176607
lidar,1787197441393342083
esp32,1787197441404498297
lidar,1787197441492472962
esp32,1787197441504332522
lidar,1787197441592124888
esp32,1787197441604710391
lidar,1787197441692199354
esp32,1787197441704399392
lidar,1787197441795253958
esp32,1787197441804237774
lidar,1787197441895760269
esp32,1787197441904471355
lidar,1787197441992538662
esp32,1787197442004268455
lidar,1787197442094504580
esp32,1787197442104202992
lidar,1787197442201417873
esp32,1787197442204112775
lidar,1787197442293337195
esp32,1787197442304674453
lidar,1787197442391302592
esp32,1787197442404662234
lidar,1787197442494493503
esp32,1787197442504300349
lidar,1787197442593493417
esp32,1787197442604376997
lidar,1787197442697386561
esp32,1787197442704313783
lidar,1787197442808889868
esp32,1787197442824249249
lidar,1787197442896419013
esp32,1787197442904271177
lidar,1787197443000742065
esp32,1787197443004375215
lidar,1787197443092339130
esp32,1787197443104198560
lidar,1787197443193821820
esp32,1787197443204448724
lidar,1787197443293778112
esp32,1787197443304696839
lidar,1787197443393641857
esp32,1787197443404240645
lidar,1787197443491708606
esp32,1787197443504284691
lidar,1787197443592959439
esp32,1787197443604627636
lidar,1787197443691820479
esp32,1787197443704578255
lidar,1787197443791701092
esp32,1787197443804758492
lidar,1787197443891321018
esp32,1787197443904126629
lidar,1787197443991756727
esp32,1787197444004199998
lidar,1787197444093709799
esp32,1787197444104364168
lidar,1787197444189184029
esp32,1787197444204707875
lidar,1787197444290404871
esp32,1787197444304750404
lidar,1787197444389365681
esp32,1787197444404265837
lidar,1787197444488507423
esp32,1787197444504266727
lidar,1787197444594332136
esp32,1787197444604193211
lidar,1787197444695709716
esp32,1787197444704528027
lidar,1787197444786260230
esp32,1787197444804651175
esp32,1787197444904737233
lidar,1787197444910614954
lidar,1787197444992371712
esp32,1787197445004162489
lidar,1787197445089783289
esp32,1787197445104174378
lidar,1787197445190036072
esp32,1787197445204382416
lidar,1787197445286478639
esp32,1787197445304629788
lidar,1787197445384230833
esp32,1787197445404675621
lidar,1787197445484096762
esp32,1787197445504530059
lidar,1787197445584323567
esp32,1787197445604541060
lidar,1787197445685921146
esp32,1787197445704144561
lidar,1787197445793136860
esp32,1787197445804254659
lidar,1787197445888722337
esp32,1787197445904164075
lidar,1787197445986601512
esp32,1787197446004596429
lidar,1787197446090536521
esp32,1787197446104196341
lidar,1787197446194719305
esp32,1787197446204264951
lidar,1787197446293318708
esp32,1787197446304202353
lidar,1787197446391234452
esp32,1787197446404792276
lidar,1787197446494062257
esp32,1787197446504416258
lidar,1787197446594536131
esp32,1787197446604655431
lidar,1787197446696945763
esp32,1787197446704199265
lidar,1787197446788822154
esp32,1787197446804916737
lidar,1787197446901144161
esp32,1787197446904420843
lidar,1787197446992553219
esp32,1787197447004498411
lidar,1787197447098441010
esp32,1787197447104332623
lidar,1787197447188645471
esp32,1787197447204657853
lidar,1787197447285088150
esp32,1787197447304715061
lidar,1787197447383499099
esp32,1787197447404206209
lidar,1787197447487168504
esp32,1787197447504783665
lidar,1787197447590644451
esp32,1787197447604366334
lidar,1787197447690110941
esp32,1787197447704243369
lidar,1787197447788952208
esp32,1787197447804207905
lidar,1787197447883926929
esp32,1787197447904640385
lidar,1787197447987623934
esp32,1787197448004453507
lidar,1787197448088335894
esp32,1787197448104607118
lidar,1787197448192491953
esp32,1787197448204215958
lidar,1787197448286115665
esp32,1787197448304162164
lidar,1787197448391882810
esp32,1787197448404152325
lidar,1787197448489291522
esp32,1787197448504184402
lidar,1787197448592296680
esp32,1787197448604133108
lidar,1787197448689251643
esp32,1787197448704168064
lidar,1787197448783946721
esp32,1787197448804682763
lidar,1787197448883984305
esp32,1787197448904637687
lidar,1787197448985360711
esp32,1787197449004612347
lidar,1787197449086538033
esp32,1787197449104620970
lidar,1787197449190597734
esp32,1787197449204687368
lidar,1787197449286232144
esp32,1787197449304554048
lidar,1787197449399191687
esp32,1787197449404263503
lidar,1787197449481576573
esp32,1787197449504680015
lidar,1787197449581909731
esp32,1787197449604625517
lidar,1787197449688042554
esp32,1787197449704560535
lidar,1787197449789067451
esp32,1787197449804282052
lidar,1787197449884603108
esp32,1787197449903825405
esp32,1787197450003893215
lidar,1787197450010947128
lidar,1787197450085026915
esp32,1787197450103654395
lidar,1787197450184488961
esp32,1787197450204748472
lidar,1787197450285264320
esp32,1787197450304802959
lidar,1787197450382431437
esp32,1787197450404230785
lidar,1787197450486705524
esp32,1787197450504771335
lidar,1787197450583048583
esp32,1787197450604706438
lidar,1787197450689041032
esp32,1787197450704689066
lidar,1787197450786871568
esp32,1787197450804737599
lidar,1787197450888868176
esp32,1787197450904151668
lidar,1787197450986889624
esp32,1787197451004148951
lidar,1787197451087319757
esp32,1787197451104072696
lidar,1787197451190336622
esp32,1787197451204232863
lidar,1787197451293001070
esp32,1787197451304152994
lidar,1787197451381898599
esp32,1787197451404630930
lidar,1787197451483054782
esp32,1787197451504846666
lidar,1787197451582945860
esp32,1787197451604815702
lidar,1787197451687955930
esp32,1787197451704739777
lidar,1787197451786325470
esp32,1787197451804774657
lidar,1787197451888349260
esp32,1787197451904841365
lidar,1787197451987225623
esp32,1787197452004223159
lidar,1787197452084612342
esp32,1787197452104734506
lidar,1787197452182553059
esp32,1787197452204838076
lidar,1787197452281587213
esp32,1787197452303939173
lidar,1787197452390106893
esp32,1787197452404548538
lidar,1787197452486845266
esp32,1787197452504787212
lidar,1787197452586231855
esp32,1787197452603563246
lidar,1787197452682083258
esp32,1787197452704314817
lidar,1787197452782940388
esp32,1787197452804322240
lidar,1787197452880290251
esp32,1787197452904270809
lidar,1787197452980703637
esp32,1787197453004073365
lidar,1787197453082828255
esp32,1787197453104260187
lidar,1787197453189263907
esp32,1787197453204215510
lidar,1787197453285955187
esp32,1787197453304145565
lidar,1787197453388293460
esp32,1787197453404182760
lidar,1787197453488013568
esp32,1787197453504623938
lidar,1787197453589155730
esp32,1787197453604236181
lidar,1787197453690753687
esp32,1787197453704803984
lidar,1787197453791391206
esp32,1787197453804778591
lidar,1787197453882645195
esp32,1787197453904832087
lidar,1787197453983810672
esp32,1787197454004552673
lidar,1787197454083415370
esp32,1787197454104456243
lidar,1787197454205631995
esp32,1787197454224802353
lidar,1787197454284342927
esp32,1787197454304215059
lidar,1787197454380923801
esp32,1787197454404811698
lidar,1787197454480767939
esp32,1787197454504786102
lidar,1787197454582757419
esp32,1787197454604047652
lidar,1787197454685830927
esp32,1787197454704611247
lidar,1787197454781817299
esp32,1787197454804721850
lidar,1787197454888229398
esp32,1787197454904759736
lidar,1787197454982786271
esp32,1787197455004692703
lidar,1787197455086257732
esp32,1787197455104860693
lidar,1787197455195149902
esp32,1787197455204045722
lidar,1787197455293676221
esp32,1787197455304129460
lidar,1787197455390109399
esp32,1787197455404191812
lidar,1787197455484028854
esp32,1787197455504728432
lidar,1787197455586553061
esp32,1787197455604685156
lidar,1787197455684966027
esp32,1787197455704804839
lidar,1787197455784031533
esp32,1787197455804119352
lidar,1787197455882367434
esp32,1787197455904167522
lidar,1787197455983189280
esp32,1787197456004171111
lidar,1787197456081054911
esp32,1787197456103685209
lidar,1787197456186684729
esp32,1787197456204162330
lidar,1787197456280682784
esp32,1787197456304814050
lidar,1787197456381558781
esp32,1787197456404316108
lidar,1787197456481774433
esp32,1787197456504711508
lidar,1787197456581272510
esp32,1787197456604805286
lidar,1787197456680754894
esp32,1787197456704661817
lidar,1787197456778894501
esp32,1787197456804782264
lidar,1787197456880590221
esp32,1787197456904734385
lidar,1787197456982443928
esp32,1787197457004790381
lidar,1787197457082615002
esp32,1787197457104816911
lidar,1787197457182009579
esp32,1787197457204608734
lidar,1787197457283357195
esp32,1787197457304327660
lidar,1787197457384761721
esp32,1787197457404606606
lidar,1787197457483198017
esp32,1787197457504742485
lidar,1787197457585124350
esp32,1787197457604684305
lidar,1787197457686342736
esp32,1787197457704815734
lidar,1787197457788386910
esp32,1787197457804711945
lidar,1787197457889474025
esp32,1787197457904820268
lidar,1787197457982749353
esp32,1787197458004727708
lidar,1787197458084308486
esp32,1787197458104098702
lidar,1787197458202960512
esp32,1787197458204480922
lidar,1787197458281701635
esp32,1787197458304729477
lidar,1787197458381200026
esp32,1787197458404266363
lidar,1787197458482193300
esp32,1787197458504225124
lidar,1787197458581605195
esp32,1787197458604776450
lidar,1787197458682143378
esp32,1787197458704793936
lidar,1787197458779177520
esp32,1787197458804705623
lidar,1787197458882529633
esp32,1787197458904630462
lidar,1787197458980565036
esp32,1787197459004682776
lidar,1787197459081708543
esp32,1787197459104146328
lidar,1787197459183485747
esp32,1787197459204182051
lidar,1787197459282600127
esp32,1787197459304122889
lidar,1787197459382603848
esp32,1787197459403934123
lidar,1787197459487935004
esp32,1787197459504802002
lidar,1787197459600869660
esp32,1787197459604208754
lidar,1787197459689459364
esp32,1787197459704786153
lidar,1787197459783465054
esp32,1787197459804556357
lidar,1787197459879356798
esp32,1787197459903946680
lidar,1787197459981143778
esp32,1787197460004031125
lidar,1787197460080681849
esp32,1787197460103538501
esp32,1787197460204581693
lidar,1787197460205218974
lidar,1787197460278626942
esp32,1787197460304705668
lidar,1787197460378700352
esp32,1787197460404358352
lidar,1787197460479623979
esp32,1787197460504865031
lidar,1787197460579493357
esp32,1787197460604708758
lidar,1787197460682780936
esp32,1787197460704838576
lidar,1787197460777169622
esp32,1787197460804706720
lidar,1787197460877951644
esp32,1787197460904824692
lidar,1787197460980271509
esp32,1787197461004706381
lidar,1787197461079898170
esp32,1787197461104879582
lidar,1787197461180448990
esp32,1787197461204756768
lidar,1787197461283891219
esp32,1787197461304765604
lidar,1787197461381028432
esp32,1787197461404450619
lidar,1787197461476452976
esp32,1787197461504809216
lidar,1787197461581875457
esp32,1787197461604708226
lidar,1787197461681873548
esp32,1787197461704801766
lidar,1787197461780784143
esp32,1787197461804701549
lidar,1787197461877173068
esp32,1787197461904813639
lidar,1787197461980744277
esp32,1787197462004790232
lidar,1787197462086867120
esp32,1787197462104831979
lidar,1787197462180686560
esp32,1787197462204692357
lidar,1787197462281334524
esp32,1787197462304737690
lidar,1787197462376744354
esp32,1787197462404363702
lidar,1787197462478506063
esp32,1787197462504660171
lidar,1787197462577632886
esp32,1787197462604748491
lidar,1787197462679077648
esp32,1787197462704764618
lidar,1787197462778886282
esp32,1787197462804750137
lidar,1787197462879448182
esp32,1787197462904667548
lidar,1787197462979031831
esp32,1787197463004823565
lidar,1787197463080283620
esp32,1787197463104805641
lidar,1787197463181702530
esp32,1787197463204815790
lidar,1787197463279025996
esp32,1787197463304831904
lidar,1787197463378158826
esp32,1787197463404497118
lidar,1787197463480212761
esp32,1787197463504820629
lidar,1787197463580712242
esp32,1787197463604752815
lidar,1787197463674518484
esp32,1787197463704842479
lidar,1787197463775373350
esp32,1787197463804759181
lidar,1787197463874488688
esp32,1787197463904820965
lidar,1787197463974063294
esp32,1787197464004804840
lidar,1787197464079608384
esp32,1787197464104840277
lidar,1787197464183893812
esp32,1787197464204478017
lidar,1787197464271399589
esp32,1787197464304779793
lidar,1787197464371983344
esp32,1787197464404591538
lidar,1787197464474548471
esp32,1787197464504662726
lidar,1787197464574835992
esp32,1787197464604616472
lidar,1787197464674997372
esp32,1787197464704677064
lidar,1787197464776256368
esp32,1787197464804643638
lidar,1787197464875304086
esp32,1787197464904799225
lidar,1787197464974274776
esp32,1787197465004534877
lidar,1787197465076540465
esp32,1787197465104569281
lidar,1787197465177256156
esp32,1787197465204798585
lidar,1787197465277432947
esp32,1787197465324404560
lidar,1787197465380293624
esp32,1787197465404605560
lidar,1787197465478809881
esp32,1787197465504798450
lidar,1787197465577385733
esp32,1787197465604668913
lidar,1787197465682538462
esp32,1787197465704702310
lidar,1787197465789876077
esp32,1787197465804274477
lidar,1787197465878038057
esp32,1787197465904585038
lidar,1787197465980117368
esp32,1787197466004787472
lidar,1787197466074893812
esp32,1787197466104714056
lidar,1787197466172971994
esp32,1787197466204264301
lidar,1787197466276944669
esp32,1787197466303916338
lidar,1787197466378518159
esp32,1787197466404702623
lidar,1787197466479213983
esp32,1787197466504614134
lidar,1787197466577592773
esp32,1787197466604083601
lidar,1787197466675934593
esp32,1787197466704166572
lidar,1787197466774942794
esp32,1787197466804666166
lidar,1787197466875621894
esp32,1787197466904572766
lidar,1787197466976854733
esp32,1787197467004638621
lidar,1787197467079206974
esp32,1787197467104218055
lidar,1787197467178553608
esp32,1787197467204647036
lidar,1787197467280321801
esp32,1787197467304663897
lidar,1787197467380171772
esp32,1787197467404862856
lidar,1787197467482058698
esp32,1787197467504720902
lidar,1787197467579271863
esp32,1787197467604240548
lidar,1787197467679222582
esp32,1787197467704054901
lidar,1787197467781479017
esp32,1787197467804599703
lidar,1787197467883990393
esp32,1787197467904658681
lidar,1787197467976835405
esp32,1787197468004527723
lidar,1787197468076996932
esp32,1787197468104670199
lidar,1787197468178419498
esp32,1787197468204670165
lidar,1787197468275770855
esp32,1787197468304534328
lidar,1787197468376284665
esp32,1787197468404869090
lidar,1787197468473831712
esp32,1787197468504749078
lidar,1787197468573357370
esp32,1787197468604492479
lidar,1787197468675198286
esp32,1787197468704660180
lidar,1787197468773772793
esp32,1787197468804665837
lidar,1787197468874063667
esp32,1787197468904845595
lidar,1787197468973160712
esp32,1787197469004662585
lidar,1787197469074605464
esp32,1787197469104099798
lidar,1787197469171545838
esp32,1787197469204614043
lidar,1787197469272379263
esp32,1787197469304749613
lidar,1787197469373950851
esp32,1787197469404092913
lidar,1787197469473879550
esp32,1787197469504654929
lidar,1787197469575767332
esp32,1787197469604748269
lidar,1787197469675528341
esp32,1787197469704246193
lidar,1787197469775523161
esp32,1787197469804970288
lidar,1787197469876235646
esp32,1787197469903726283
lidar,1787197469977673137
esp32,1787197470003797782
lidar,1787197470079744069
esp32,1787197470103686657
lidar,1787197470179275558
esp32,1787197470204675920
lidar,1787197470279375831
esp32,1787197470304561908
lidar,1787197470399343409
esp32,1787197470404302873
lidar,1787197470477729036
esp32,1787197470504546936
lidar,1787197470577483548
esp32,1787197470604075123
lidar,1787197470675822953
esp32,1787197470704559116
lidar,1787197470774625578
esp32,1787197470804687866
lidar,1787197470882796682
esp32,1787197470904775140
lidar,1787197470974978999
esp32,1787197471004622890
lidar,1787197471075030215
esp32,1787197471104575642
lidar,1787197471176865824
esp32,1787197471204713214
lidar,1787197471278692928
esp32,1787197471304479560
lidar,1787197471376640476
esp32,1787197471404740479
lidar,1787197471478903569
esp32,1787197471504799930
lidar,1787197471578361824
esp32,1787197471604107520
lidar,1787197471678176975
esp32,1787197471704620687
lidar,1787197471783158937
esp32,1787197471804620832
lidar,1787197471879473871
esp32,1787197471904413340
lidar,1787197471979692427
esp32,1787197472004681715
lidar,1787197472081871246
esp32,1787197472104724565
lidar,1787197472184476450
esp32,1787197472204745592
lidar,1787197472276991114
esp32,1787197472304261976
lidar,1787197472375446535
esp32,1787197472404806140
lidar,1787197472474428771
esp32,1787197472504316178
lidar,1787197472575805193
esp32,1787197472604089320
lidar,1787197472675348474
esp32,1787197472704538150
lidar,1787197472776976548
esp32,1787197472804734123
lidar,1787197472874301754
esp32,1787197472904824242
lidar,1787197472972438817
esp32,1787197473004672915
lidar,1787197473071792370
esp32,1787197473104743027
lidar,1787197473174389958
esp32,1787197473204644933
lidar,1787197473273466999
esp32,1787197473304768920
lidar,1787197473374109457
esp32,1787197473404617801
lidar,1787197473474341232
esp32,1787197473504598964
lidar,1787197473575510973
esp32,1787197473604469837
lidar,1787197473678801863
esp32,1787197473704785119
lidar,1787197473778507086
esp32,1787197473804677358
lidar,1787197473878863560
esp32,1787197473904649822
lidar,1787197473979176424
esp32,1787197474004685848
lidar,1787197474081361175
esp32,1787197474104722861
lidar,1787197474177715149
esp32,1787197474204688502
lidar,1787197474276456293
esp32,1787197474304509757
lidar,1787197474377157579
esp32,1787197474404287361
lidar,1787197474478524428
esp32,1787197474504684005
lidar,1787197474575324686
esp32,1787197474604555054
lidar,1787197474674619369
esp32,1787197474704584872
lidar,1787197474771284711
esp32,1787197474804832927
lidar,1787197474872184863
esp32,1787197474904751738
lidar,1787197474970690937
esp32,1787197475004629610
lidar,1787197475073997727
esp32,1787197475104829481
lidar,1787197475169504397
esp32,1787197475204629719
lidar,1787197475269664304
esp32,1787197475304573571
lidar,1787197475371429172
esp32,1787197475404610598
lidar,1787197475471504732
esp32,1787197475504838456
lidar,1787197475588375741
esp32,1787197475604208107
lidar,1787197475679248901
esp32,1787197475704724101
lidar,1787197475783084634
esp32,1787197475804306145
lidar,1787197475879668237
esp32,1787197475904285628
lidar,1787197475974756418
esp32,1787197476004717199
lidar,1787197476076624480
esp32,1787197476104317352
lidar,1787197476178755460
esp32,1787197476204700998
lidar,1787197476280641046
esp32,1787197476304772990
lidar,1787197476371536148
esp32,1787197476404726788
lidar,1787197476473308874
esp32,1787197476504711701
lidar,1787197476574009592
esp32,1787197476604717017
lidar,1787197476674233239
esp32,1787197476704555449
lidar,1787197476772153216
esp32,1787197476804663191
lidar,1787197476872344924
esp32,1787197476904685113
lidar,1787197476973911328
esp32,1787197477004629516
lidar,1787197477070353393
esp32,1787197477104750819
lidar,1787197477169878716
esp32,1787197477204801026
lidar,1787197477271507604
esp32,1787197477304797244
lidar,1787197477370407518
esp32,1787197477404701951
lidar,1787197477473087259
esp32,1787197477504699461
lidar,1787197477568846446
esp32,1787197477604719865
lidar,1787197477666721968
esp32,1787197477704283978
lidar,1787197477766681495
esp32,1787197477804863922
esp32,1787197477904581965
lidar,1787197477968011744
esp32,1787197478004727685
lidar,1787197478071337161
esp32,1787197478104829341
lidar,1787197478167890960
esp32,1787197478204627119
lidar,1787197478270194434
esp32,1787197478304714355
lidar,1787197478370143013
esp32,1787197478404609609
lidar,1787197478471839305
esp32,1787197478504703729
lidar,1787197478572779250
esp32,1787197478604132903
lidar,1787197478679689211
esp32,1787197478704704561
lidar,1787197478772730997
esp32,1787197478804510170
lidar,1787197478868561274
esp32,1787197478904494853
lidar,1787197478971827110
esp32,1787197479004618518
lidar,1787197479069656484
esp32,1787197479104552365
lidar,1787197479169293449
esp32,1787197479204604881
lidar,1787197479268764461
esp32,1787197479304737131
lidar,1787197479370341418
esp32,1787197479404653717
lidar,1787197479469788444
esp32,1787197479504631852
lidar,1787197479569742003
esp32,1787197479604624092
lidar,1787197479667402963
esp32,1787197479704726576
lidar,1787197479770594799
esp32,1787197479804565523
lidar,1787197479869350945
esp32,1787197479903892749
lidar,1787197479967195019
esp32,1787197480003903187
lidar,1787197480068308664
esp32,1787197480103667262
lidar,1787197480171121848
esp32,1787197480204609861
lidar,1787197480274640944
esp32,1787197480304491292
lidar,1787197480363431948
esp32,1787197480404324821
lidar,1787197480465397032
esp32,1787197480504785221
lidar,1787197480594014351
esp32,1787197480604197795
lidar,1787197480663826479
esp32,1787197480704801976
lidar,1787197480765494258
esp32,1787197480804728540
lidar,1787197480866440546
esp32,1787197480904627948
lidar,1787197480966542732
esp32,1787197481004794274
lidar,1787197481072532972
esp32,1787197481104719425
lidar,1787197481167101936
esp32,1787197481204778617
lidar,1787197481267947946
esp32,1787197481304566837
lidar,1787197481370248974
esp32,1787197481404676669
lidar,1787197481468888694
esp32,1787197481504671633
lidar,1787197481567171171
esp32,1787197481604643109
lidar,1787197481667324847
esp32,1787197481704644842
lidar,1787197481767995451
esp32,1787197481804413384
lidar,1787197481870057001
esp32,1787197481904852710
lidar,1787197481970474505
esp32,1787197482004560821
lidar,1787197482070037338
esp32,1787197482104571532
lidar,1787197482168137933
esp32,1787197482204813342
lidar,1787197482264474311
esp32,1787197482304725557
lidar,1787197482366388290
esp32,1787197482404766259
lidar,1787197482470961560
esp32,1787197482504754489
lidar,1787197482567203718
esp32,1787197482604675728
lidar,1787197482664933691
esp32,1787197482704737564
lidar,1787197482768379057
esp32,1787197482804759649
lidar,1787197482865728235
esp32,1787197482904833166
lidar,1787197482965817423
esp32,1787197483004654804
lidar,1787197483063062409
esp32,1787197483104557428
lidar,1787197483163357154
esp32,1787197483204766236
lidar,1787197483266826171
esp32,1787197483304695004
lidar,1787197483366279282
esp32,1787197483404714234
lidar,1787197483467920583
esp32,1787197483504771332
lidar,1787197483569491807
esp32,1787197483604948258
lidar,1787197483670838141
esp32,1787197483704728957
lidar,1787197483771599327
esp32,1787197483804621270
lidar,1787197483867164913
esp32,1787197483904547753
lidar,1787197483968510684
esp32,1787197484004758201
lidar,1787197484082122233
esp32,1787197484104112639
lidar,1787197484169717602
esp32,1787197484204666492
lidar,1787197484272174625
esp32,1787197484304736649
lidar,1787197484369096959
esp32,1787197484404774497
lidar,1787197484472929297
esp32,1787197484504622649
lidar,1787197484574327784
esp32,1787197484604703822
lidar,1787197484664449029
esp32,1787197484704762145
lidar,1787197484764020917
esp32,1787197484804381873
lidar,1787197484865080955
esp32,1787197484904704115
lidar,1787197484964879028
esp32,1787197485004730768
lidar,1787197485064535516
esp32,1787197485104668283
lidar,1787197485164813529
esp32,1787197485204700656
lidar,1787197485264450674
esp32,1787197485304680519
lidar,1787197485363125774
esp32,1787197485404611622
lidar,1787197485465315679
esp32,1787197485504664398
lidar,1787197485563062710
esp32,1787197485604704325
lidar,1787197485665478540
esp32,1787197485704775736
lidar,1787197485779148697
esp32,1787197485804262408
lidar,1787197485866976357
esp32,1787197485904460275
lidar,1787197485968185853
esp32,1787197486004710578
lidar,1787197486066984249
esp32,1787197486104847729
lidar,1787197486166666554
esp32,1787197486204714344
lidar,1787197486267225149
esp32,1787197486304744107
lidar,1787197486364416137
esp32,1787197486404813548
lidar,1787197486463036637
esp32,1787197486504473113
lidar,1787197486564789649
esp32,1787197486604723732
lidar,1787197486663287805
esp32,1787197486704815285
lidar,1787197486764215289
esp32,1787197486804821367
lidar,1787197486869773015
esp32,1787197486904886579
lidar,1787197486970856156
esp32,1787197487004709417
lidar,1787197487072500126
esp32,1787197487104537612
lidar,1787197487164397971
esp32,1787197487204745641
lidar,1787197487261445905
esp32,1787197487304731345
lidar,1787197487363208309
esp32,1787197487404724749
lidar,1787197487462493697
esp32,1787197487504896143
lidar,1787197487561925346
esp32,1787197487604593212
lidar,1787197487663687021
esp32,1787197487704724248
lidar,1787197487763688298
esp32,1787197487804715107
lidar,1787197487878266117
esp32,1787197487904798541
lidar,1787197487966475618
esp32,1787197488004631315
lidar,1787197488065738438
esp32,1787197488104633002
lidar,1787197488166884810
esp32,1787197488204648648
lidar,1787197488270548398
esp32,1787197488304641708
lidar,1787197488368133050
esp32,1787197488404621526
lidar,1787197488468083916
esp32,1787197488504239770
lidar,1787197488569270851
esp32,1787197488604673378
lidar,1787197488669075947
esp32,1787197488704154129
lidar,1787197488763162924
esp32,1787197488804828829
lidar,1787197488863950997
esp32,1787197488904762630
lidar,1787197488960625428
esp32,1787197489004656825
lidar,1787197489063311009
esp32,1787197489104756469
lidar,1787197489161742420
esp32,1787197489204777247
lidar,1787197489259895294
esp32,1787197489304860377
lidar,1787197489358798948
esp32,1787197489404787856
lidar,1787197489462466417
esp32,1787197489524390374
lidar,1787197489562365823
esp32,1787197489604560974
lidar,1787197489659838845
esp32,1787197489704497097
lidar,1787197489760009840
esp32,1787197489804839044
lidar,1787197489858646960
esp32,1787197489903760364
lidar,1787197489960738875
esp32,1787197490003853452
lidar,1787197490062893938
esp32,1787197490103722676
lidar,1787197490164337607
esp32,1787197490204684098
lidar,1787197490262847939
esp32,1787197490304788072
lidar,1787197490364543680
esp32,1787197490404815137
lidar,1787197490461818180
esp32,1787197490504559770
lidar,1787197490562012636
esp32,1787197490604788776
lidar,1787197490662304629
esp32,1787197490704811803
lidar,1787197490779163600
esp32,1787197490804711970
lidar,1787197490864632743
esp32,1787197490904889550
lidar,1787197490963787027
esp32,1787197491004511265
lidar,1787197491062950502
esp32,1787197491104675699
lidar,1787197491162191924
esp32,1787197491204787185
lidar,1787197491259888620
esp32,1787197491304784128
lidar,1787197491360338417
esp32,1787197491404522144
lidar,1787197491460820748
esp32,1787197491504698960
lidar,1787197491568365081
esp32,1787197491604743256
lidar,1787197491660499995
esp32,1787197491704616271
lidar,1787197491760678882
esp32,1787197491804800127
lidar,1787197491862619809
esp32,1787197491904848638
lidar,1787197491964873266
esp32,1787197492004693114
lidar,1787197492062754551
esp32,1787197492104684028
lidar,1787197492163583577
esp32,1787197492204705130
lidar,1787197492259245913
esp32,1787197492304618372
lidar,1787197492358952336
esp32,1787197492404719253
lidar,1787197492460034172
esp32,1787197492504746773
lidar,1787197492561839131
esp32,1787197492604654801
lidar,1787197492664560699
esp32,1787197492705163594
lidar,1787197492764954864
esp32,1787197492804863062
lidar,1787197492868545088
esp32,1787197492904882127
lidar,1787197492960310135
esp32,1787197493004848953
lidar,1787197493059591837
esp32,1787197493104650237
lidar,1787197493158838746
esp32,1787197493204846217
lidar,1787197493260358082
esp32,1787197493304731802
lidar,1787197493360122463
esp32,1787197493404797468
lidar,1787197493460191373
esp32,1787197493504785564
lidar,1787197493559437451
esp32,1787197493604861338
lidar,1787197493659594250
esp32,1787197493704677514
lidar,1787197493758709637
esp32,1787197493804789148
lidar,1787197493858836432
esp32,1787197493904815625
lidar,1787197493959223749
esp32,1787197494004727782
lidar,1787197494056443826
esp32,1787197494104754779
lidar,1787197494155727772
esp32,1787197494204846026
lidar,1787197494256724657
esp32,1787197494304681441
lidar,1787197494356592278
esp32,1787197494404949796
lidar,1787197494456549775
esp32,1787197494504777101
lidar,1787197494554791052
esp32,1787197494604583112
lidar,1787197494655845517
esp32,1787197494704838760
lidar,1787197494764070925
esp32,1787197494804817097
lidar,1787197494856810126
esp32,1787197494904783931
lidar,1787197494956599302
esp32,1787197495004731779
lidar,1787197495054748216
esp32,1787197495104659892
lidar,1787197495163306369
esp32,1787197495204799172
lidar,1787197495263942415
esp32,1787197495304649659
lidar,1787197495355116754
esp32,1787197495404837202
lidar,1787197495459701161
esp32,1787197495504812797
lidar,1787197495557612923
esp32,1787197495604879634
lidar,1787197495658805749
esp32,1787197495704766379
lidar,1787197495758138572
esp32,1787197495804721202
lidar,1787197495855735443
esp32,1787197495904550999
lidar,1787197495956327726
esp32,1787197496004654599
lidar,1787197496060416338
esp32,1787197496104560317
lidar,1787197496161057927
esp32,1787197496204993706
lidar,1787197496260489533
esp32,1787197496304836923
lidar,1787197496354175795
esp32,1787197496404660052
lidar,1787197496456737130
esp32,1787197496504669122
lidar,1787197496557521796
esp32,1787197496604686337
lidar,1787197496659921744
esp32,1787197496704772428
lidar,1787197496759662456
esp32,1787197496804981539
lidar,1787197496864640592
esp32,1787197496904849535
lidar,1787197496954738953
esp32,1787197497004963801
lidar,1787197497056265976
esp32,1787197497104706178
lidar,1787197497156771335
esp32,1787197497204685129
lidar,1787197497254545245
esp32,1787197497304615231
lidar,1787197497357433982
esp32,1787197497404962650
lidar,1787197497456662213
esp32,1787197497504525525
lidar,1787197497557261513
esp32,1787197497604669416
lidar,1787197497658008457
esp32,1787197497704790008
lidar,1787197497756369395
esp32,1787197497804687652
lidar,1787197497856857727
esp32,1787197497904805230
lidar,1787197497965640778
esp32,1787197498004881583
lidar,1787197498057630819
esp32,1787197498104807557
lidar,1787197498157864152
esp32,1787197498204198185
lidar,1787197498258335746
esp32,1787197498304831357
lidar,1787197498355027522
esp32,1787197498404738266
lidar,1787197498455114346
esp32,1787197498504809727
lidar,1787197498556610771
esp32,1787197498604685066
lidar,1787197498656568197
esp32,1787197498704805153
lidar,1787197498757927379
esp32,1787197498804763103
lidar,1787197498855652225
esp32,1787197498904780866
lidar,1787197498955595573
esp32,1787197499004790123
lidar,1787197499057002744
esp32,1787197499104610769
lidar,1787197499154835065
esp32,1787197499204520636
lidar,1787197499253115850
esp32,1787197499304726396
lidar,1787197499360589214
esp32,1787197499404821204
lidar,1787197499452538059
esp32,1787197499504775850
lidar,1787197499553397853
esp32,1787197499604748679
lidar,1787197499652238571
esp32,1787197499704840296
lidar,1787197499752314909
esp32,1787197499804839759
lidar,1787197499853293930
esp32,1787197499903943125
lidar,1787197499963974814
esp32,1787197500003852577
lidar,1787197500052262506
esp32,1787197500103658787
lidar,1787197500158022819
esp32,1787197500203793103
lidar,1787197500254516483
esp32,1787197500304603734
lidar,1787197500353443971
esp32,1787197500404549386
lidar,1787197500455468007
esp32,1787197500504617688
lidar,1787197500558738956
esp32,1787197500604789638
lidar,1787197500661222953
esp32,1787197500704699753
lidar,1787197500756968723
esp32,1787197500804788717
lidar,1787197500854151476
esp32,1787197500904810411
lidar,1787197500950523341
esp32,1787197501004688935
lidar,1787197501062336863
esp32,1787197501104730981
lidar,1787197501150575563
esp32,1787197501204716693
lidar,1787197501252057535
esp32,1787197501304661665
lidar,1787197501356282244
esp32,1787197501404811545
lidar,1787197501451888925
esp32,1787197501504651483
lidar,1787197501553243423
esp32,1787197501604795952
lidar,1787197501652475072
esp32,1787197501704756992
lidar,1787197501750746255
esp32,1787197501804680312
lidar,1787197501850397376
esp32,1787197501904893194
lidar,1787197501951156180
esp32,1787197502004676071
lidar,1787197502050223277
esp32,1787197502104874497
lidar,1787197502149638715
esp32,1787197502204545750
lidar,1787197502249179910
esp32,1787197502304733531
lidar,1787197502349341477
esp32,1787197502404548452
lidar,1787197502450504747
esp32,1787197502504566620
lidar,1787197502548990984
esp32,1787197502604539464
lidar,1787197502647750655
esp32,1787197502704297810
lidar,1787197502792937566
esp32,1787197502804366443
lidar,1787197502846803565
esp32,1787197502904600313
lidar,1787197502950737768
esp32,1787197503004622063
lidar,1787197503047336220
esp32,1787197503104657740
lidar,1787197503148771471
esp32,1787197503204643822
lidar,1787197503245491284
esp32,1787197503304302281
lidar,1787197503349274398
esp32,1787197503404651625
lidar,1787197503446436650
esp32,1787197503504534147
lidar,1787197503546210248
esp32,1787197503604634347
lidar,1787197503646674970
esp32,1787197503704548131
lidar,1787197503746855365
esp32,1787197503804547925
lidar,1787197503869385791
esp32,1787197503904784341
lidar,1787197503948463760
esp32,1787197504024549610
lidar,1787197504052360421
esp32,1787197504104777130
lidar,1787197504181410068
esp32,1787197504204569511
lidar,1787197504249182452
esp32,1787197504304831548
lidar,1787197504349121663
esp32,1787197504404680448
lidar,1787197504450426193
esp32,1787197504504560071
lidar,1787197504548023510
esp32,1787197504604605400
lidar,1787197504649482515
esp32,1787197504704458409
lidar,1787197504751568720
esp32,1787197504804696919
lidar,1787197504848897657
esp32,1787197504904819078
lidar,1787197504950599161
esp32,1787197505004839093
lidar,1787197505049367556
esp32,1787197505104702681
lidar,1787197505146682668
esp32,1787197505204801742
lidar,1787197505244221447
esp32,1787197505304705014
lidar,1787197505345165845
esp32,1787197505404475080
lidar,1787197505445410586
esp32,1787197505504663601
lidar,1787197505546001639
esp32,1787197505604632817
lidar,1787197505649740881
esp32,1787197505704625190
lidar,1787197505749300792
esp32,1787197505804638737
lidar,1787197505847922449
esp32,1787197505904809021
lidar,1787197505990322551
esp32,1787197506004253703
lidar,1787197506050084418
esp32,1787197506104627035
lidar,1787197506150386330
esp32,1787197506204810349
lidar,1787197506251103354
esp32,1787197506304728332
lidar,1787197506351121333
esp32,1787197506404682818
lidar,1787197506448852865
esp32,1787197506504803741
lidar,1787197506551262776
esp32,1787197506604689565
lidar,1787197506651238438
esp32,1787197506704887946
lidar,1787197506749220940
esp32,1787197506804819365
lidar,1787197506845741313
esp32,1787197506904847496
lidar,1787197506945993686
esp32,1787197507004743167
lidar,1787197507045267254
esp32,1787197507104738888
lidar,1787197507147229626
esp32,1787197507204651748
lidar,1787197507245140655
esp32,1787197507304651043
lidar,1787197507347138492
esp32,1787197507404416381
lidar,1787197507444291330
esp32,1787197507504730507
lidar,1787197507543926897
esp32,1787197507604669229
lidar,1787197507654186474
esp32,1787197507704706471
lidar,1787197507743789202
esp32,1787197507804699070
lidar,1787197507843691681
esp32,1787197507904779964
lidar,1787197507943971616
esp32,1787197508004897082
lidar,1787197508044931339
esp32,1787197508104862106
lidar,1787197508145515668
esp32,1787197508224454910
lidar,1787197508248148570
esp32,1787197508304605437
lidar,1787197508345959692
esp32,1787197508404763785
lidar,1787197508449964052
esp32,1787197508504815561
lidar,1787197508549417921
esp32,1787197508604609688
lidar,1787197508648759876
esp32,1787197508704747200
lidar,1787197508746589778
esp32,1787197508804552024
lidar,1787197508846112633
esp32,1787197508904707654
lidar,1787197508949950360
esp32,1787197509004540317
lidar,1787197509049727444
esp32,1787197509104413779
lidar,1787197509152488390
esp32,1787197509204737307
lidar,1787197509254511692
esp32,1787197509304726632
lidar,1787197509345409236
esp32,1787197509404575964
lidar,1787197509445132054
esp32,1787197509504722848
lidar,1787197509544460040
esp32,1787197509604640172
lidar,1787197509643927995
esp32,1787197509704727370
lidar,1787197509744441218
esp32,1787197509804626666
lidar,1787197509846103618
esp32,1787197509903919914
lidar,1787197509944250705
esp32,1787197510003824877
lidar,1787197510046223859
esp32,1787197510103686898
lidar,1787197510145256803
esp32,1787197510204590918
lidar,1787197510245744654
esp32,1787197510304643232
lidar,1787197510346657106
esp32,1787197510404607294
lidar,1787197510446999955
esp32,1787197510504643791
lidar,1787197510546696741
esp32,1787197510604645239
lidar,1787197510647102505
esp32,1787197510704731277
lidar,1787197510749182010
esp32,1787197510804272631
lidar,1787197510848728260
esp32,1787197510904744864
lidar,1787197510946461024
esp32,1787197511004441713
lidar,1787197511056616683
esp32,1787197511104706141
lidar,1787197511145116476
esp32,1787197511204538898
lidar,1787197511244254760
esp32,1787197511304855722
lidar,1787197511345576970
esp32,1787197511404525362
lidar,1787197511443886542
esp32,1787197511504606581
lidar,1787197511545274380
esp32,1787197511604832883
lidar,1787197511644293339
esp32,1787197511704831423
lidar,1787197511746690330
esp32,1787197511804747204
lidar,1787197511842951997
esp32,1787197511904513152
lidar,1787197511943253938
esp32,1787197512004595984
lidar,1787197512044884060
esp32,1787197512104792909
lidar,1787197512143993592
esp32,1787197512204891834
lidar,1787197512243982290
esp32,1787197512303931660
lidar,1787197512344236099
esp32,1787197512404779796
lidar,1787197512444590760
esp32,1787197512504342722
lidar,1787197512545384535
esp32,1787197512604692781
lidar,1787197512645824275
esp32,1787197512704870005
lidar,1787197512748835141
esp32,1787197512804815246
lidar,1787197512849846121
esp32,1787197512904924867
lidar,1787197512950528014
esp32,1787197513004742920
lidar,1787197513047043419
esp32,1787197513104772293
lidar,1787197513152427158
esp32,1787197513204817098
lidar,1787197513251852040
esp32,1787197513304856787
lidar,1787197513350244653
esp32,1787197513404649054
lidar,1787197513452188111
esp32,1787197513504799503
lidar,1787197513553946959
esp32,1787197513604690928
lidar,1787197513645075687
esp32,1787197513704830408
lidar,1787197513747316627
esp32,1787197513804862768
lidar,1787197513848630501
esp32,1787197513904665356
lidar,1787197514458942700
lidar,1787197514460068178
lidar,1787197514461071971
lidar,1787197514461924197
lidar,1787197514462849519
esp32,1787197514466564672
esp32,1787197514467319880
esp32,1787197514467825738
esp32,1787197514484070087
lidar,1787197514546705673
esp32,1787197514584764060
lidar,1787197514643821613
esp32,1787197514704745501
lidar,1787197514745348906
esp32,1787197514784664202
lidar,1787197514845972749
esp32,1787197514884685153
lidar,1787197514947348640
esp32,1787197514984742581
lidar,1787197515047512500
esp32,1787197515084789357
lidar,1787197515149214535
esp32,1787197515184593128
lidar,1787197515248384225
esp32,1787197515284792603
lidar,1787197515346129529
esp32,1787197515384826079
lidar,1787197515445723924
esp32,1787197515484546242
lidar,1787197515545765566
esp32,1787197515584442253
lidar,1787197515646978411
esp32,1787197515684816191
lidar,1787197515746884785
esp32,1787197515784873097
lidar,1787197515847189800
esp32,1787197515884809547
lidar,1787197515944272206
esp32,1787197515984882698
lidar,1787197516055849980
esp32,1787197516084744175
lidar,1787197516178992520
esp32,1787197516184460405
lidar,1787197516243484667
esp32,1787197516284745755
lidar,1787197516343449441
esp32,1787197516384759377
lidar,1787197516442733419
esp32,1787197516484725792
lidar,1787197516542781789
esp32,1787197516584664333
lidar,1787197516643035029
esp32,1787197516684741865
lidar,1787197516742915358
esp32,1787197516784746837
lidar,1787197516843872122
esp32,1787197516884443964
lidar,1787197516945685644
esp32,1787197516984859564
lidar,1787197517044158874
esp32,1787197517084847961
lidar,1787197517148691236
esp32,1787197517184833907
lidar,1787197517245651443
esp32,1787197517284724644
lidar,1787197517350589796
esp32,1787197517384729802
lidar,1787197517450220783
esp32,1787197517484822385
lidar,1787197517548769663
esp32,1787197517584735401
lidar,1787197517650604074
esp32,1787197517684342129
lidar,1787197517753229716
esp32,1787197517784973274
lidar,1787197517846120383
esp32,1787197517884715015
lidar,1787197517945622751
esp32,1787197517984822100
lidar,1787197518047421933
esp32,1787197518084855812
lidar,1787197518143863262
esp32,1787197518184700274
lidar,1787197518242960498
esp32,1787197518284876364
lidar,1787197518345863538
esp32,1787197518384924043
lidar,1787197518442484028
esp32,1787197518484771567
lidar,1787197518541619962
esp32,1787197518584862790
lidar,1787197518641943705
esp32,1787197518685005248
lidar,1787197518742791298
esp32,1787197518784858203
lidar,1787197518844246387
esp32,1787197518884883027
lidar,1787197518947014313
esp32,1787197518984831603
lidar,1787197519043689532
esp32,1787197519084805744
lidar,1787197519145050427
esp32,1787197519184869715
lidar,1787197519247453826
esp32,1787197519284869900
lidar,1787197519343562051
esp32,1787197519384850632
lidar,1787197519444962237
esp32,1787197519484845939
lidar,1787197519543925279
esp32,1787197519584982329
lidar,1787197519643654024
esp32,1787197519684488454
lidar,1787197519742835640
esp32,1787197519784766158
lidar,1787197519844732486
esp32,1787197519883652347
lidar,1787197519943389643
esp32,1787197519983783040
lidar,1787197520045571666
esp32,1787197520084004283
lidar,1787197520141167317
esp32,1787197520184684073
lidar,1787197520240869157
esp32,1787197520284650308
lidar,1787197520340615035
esp32,1787197520384743224
lidar,1787197520440513386
esp32,1787197520484545559
lidar,1787197520540009088
esp32,1787197520584720752
lidar,1787197520639665433
esp32,1787197520684718312
lidar,1787197520739861761
esp32,1787197520784956428
lidar,1787197520839960829
esp32,1787197520884650211
lidar,1787197520940006845
esp32,1787197520984760962
lidar,1787197521042590406
esp32,1787197521084852138
lidar,1787197521142275054
esp32,1787197521184837174
lidar,1787197521251664981
esp32,1787197521284834474
lidar,1787197521344344420
esp32,1787197521384974413
lidar,1787197521444161187
esp32,1787197521484846188
lidar,1787197521549468332
esp32,1787197521584775008
lidar,1787197521643842007
esp32,1787197521684705235
lidar,1787197521745202267
esp32,1787197521784894012
lidar,1787197521844687580
esp32,1787197521884774662
lidar,1787197521941250049
esp32,1787197521984814005
lidar,1787197522042804343
esp32,1787197522084785166
lidar,1787197522145504663
esp32,1787197522184805860
lidar,1787197522239269774
esp32,1787197522284785046
lidar,1787197522338825036
esp32,1787197522384788205
lidar,1787197522440118806
esp32,1787197522484911762
lidar,1787197522539157161
esp32,1787197522584766225
lidar,1787197522638082871
esp32,1787197522684323604
lidar,1787197522737898329
esp32,1787197522784804301
lidar,1787197522838051415
esp32,1787197522884782919
lidar,1787197522940718827
esp32,1787197522984508211
lidar,1787197523041896467
esp32,1787197523084813085
lidar,1787197523143853839
esp32,1787197523184197338
lidar,1787197523241365364
esp32,1787197523284793191
lidar,1787197523341395560
esp32,1787197523384789858
lidar,1787197523444778981
esp32,1787197523484776368
lidar,1787197523542513367
esp32,1787197523584783531
lidar,1787197523648969775
esp32,1787197523684780457
lidar,1787197523741392350
esp32,1787197523784636889
lidar,1787197523840817276
esp32,1787197523884212667
lidar,1787197523941134149
esp32,1787197523984775652
lidar,1787197524043546704
esp32,1787197524084680961
lidar,1787197524141438894
esp32,1787197524184790432
lidar,1787197524244306535
esp32,1787197524284725175
lidar,1787197524345521974
esp32,1787197524384899486
lidar,1787197524438915836
esp32,1787197524484916535
lidar,1787197524538587846
esp32,1787197524584672501
lidar,1787197524639375982
esp32,1787197524684725446
lidar,1787197524738276039
esp32,1787197524784806025
lidar,1787197524838441235
esp32,1787197524884820128
lidar,1787197524938778813
esp32,1787197524984475621
lidar,1787197525037141053
esp32,1787197525084737087
lidar,1787197525140049977
esp32,1787197525184898532
lidar,1787197525237166385
esp32,1787197525284899419
lidar,1787197525337847834
esp32,1787197525384877904
lidar,1787197525436642145
esp32,1787197525484722229
lidar,1787197525538189867
esp32,1787197525584793355
lidar,1787197525637240089
esp32,1787197525684789782
lidar,1787197525740072706
esp32,1787197525784650371
lidar,1787197525840841566
esp32,1787197525884790669
lidar,1787197525957053513
esp32,1787197525984951230
lidar,1787197526037574383
esp32,1787197526084809384
lidar,1787197526136605033
esp32,1787197526184947716
lidar,1787197526236633632
esp32,1787197526284811349
lidar,1787197526338815149
esp32,1787197526384823459
lidar,1787197526438901436
esp32,1787197526484701024
lidar,1787197526538604199
esp32,1787197526584676954
lidar,1787197526641656561
esp32,1787197526684701297
lidar,1787197526737145369
esp32,1787197526784928379
lidar,1787197526837914460
esp32,1787197526884589446
lidar,1787197526937192970
esp32,1787197526984850361
lidar,1787197527041397136
esp32,1787197527084842363
lidar,1787197527138640151
esp32,1787197527184764758
lidar,1787197527237610309
esp32,1787197527284720869
lidar,1787197527336819242
esp32,1787197527384709953
lidar,1787197527437381085
esp32,1787197527484694803
lidar,1787197527536611376
esp32,1787197527584647344
lidar,1787197527639809724
esp32,1787197527684670015
lidar,1787197527735259485
esp32,1787197527784863489
lidar,1787197527834912142
esp32,1787197527884310513
lidar,1787197527934686217
esp32,1787197527984865758
lidar,1787197528037329578
esp32,1787197528084824799
lidar,1787197528135167339
esp32,1787197528184723092
lidar,1787197528233874648
esp32,1787197528284800177
lidar,1787197528333985530
esp32,1787197528384695000
lidar,1787197528433877885
esp32,1787197528484817736
lidar,1787197528536991737
esp32,1787197528584872835
lidar,1787197528637928488
esp32,1787197528684692905
lidar,1787197528733354194
esp32,1787197528784797339
lidar,1787197528833270604
esp32,1787197528884189310
lidar,1787197528935687702
esp32,1787197528984822615
lidar,1787197529035214655
esp32,1787197529084602106
lidar,1787197529135424317
esp32,1787197529184872788
lidar,1787197529235115296
esp32,1787197529284644296
lidar,1787197529337519744
esp32,1787197529384711719
lidar,1787197529436876215
esp32,1787197529484815085
lidar,1787197529538768108
esp32,1787197529584706892
lidar,1787197529634339148
esp32,1787197529684587774
lidar,1787197529736956366
esp32,1787197529784623448
lidar,1787197529837765435
esp32,1787197529883777705
lidar,1787197529937624253
esp32,1787197529983859517
lidar,1787197530040519714
esp32,1787197530083759872
lidar,1787197530142049681
esp32,1787197530184739719
lidar,1787197530235440755
esp32,1787197530284153121
lidar,1787197530336433703
esp32,1787197530384725625
lidar,1787197530434085368
esp32,1787197530484833609
lidar,1787197530534081851
esp32,1787197530584649580
lidar,1787197530633826231
esp32,1787197530684793497
lidar,1787197530732132271
esp32,1787197530784798397
lidar,1787197530831346439
esp32,1787197530884691470
lidar,1787197530930717553
esp32,1787197530984761464
lidar,1787197531032185176
esp32,1787197531084119927
lidar,1787197531132931807
esp32,1787197531184828761
lidar,1787197531233077390
esp32,1787197531284630546
lidar,1787197531332802297
esp32,1787197531384280658
lidar,1787197531432592177
esp32,1787197531484409783
lidar,1787197531529865547
esp32,1787197531584591065
lidar,1787197531629104064
esp32,1787197531684878143
lidar,1787197531735360634
esp32,1787197531784833935
lidar,1787197531829665844
esp32,1787197531884864343
lidar,1787197531932533039
esp32,1787197531984864505
lidar,1787197532033162175
esp32,1787197532084978506
lidar,1787197532132795184
esp32,1787197532185041962
lidar,1787197532234131408
esp32,1787197532284740187
lidar,1787197532337534432
esp32,1787197532384719222
lidar,1787197532432439378
esp32,1787197532504816281
lidar,1787197532534279096
esp32,1787197532584876977
lidar,1787197532641415004
esp32,1787197532684321742
lidar,1787197532731863919
esp32,1787197532784833377
lidar,1787197532830929169
esp32,1787197532884590056
lidar,1787197532932709612
esp32,1787197532984631446
lidar,1787197533030240492
esp32,1787197533084617370
lidar,1787197533129802208
esp32,1787197533184693654
lidar,1787197533231616818
esp32,1787197533284667764
lidar,1787197533331004240
esp32,1787197533384980632
lidar,1787197533430364955
esp32,1787197533484550414
lidar,1787197533531453630
esp32,1787197533584622513
lidar,1787197533635140770
esp32,1787197533684754455
lidar,1787197533730354823
esp32,1787197533784215819
lidar,1787197533831560463
esp32,1787197533883725825
lidar,1787197533929902175
esp32,1787197533983895987
lidar,1787197534033953449
esp32,1787197534083781715
lidar,1787197534135660273
esp32,1787197534184612024
lidar,1787197534230439220
esp32,1787197534284786375
lidar,1787197534328702284
esp32,1787197534384735357
lidar,1787197534430286186
esp32,1787197534484920640
lidar,1787197534532725018
esp32,1787197534584729528
lidar,1787197534631702776
esp32,1787197534684669584
lidar,1787197534739761830
esp32,1787197534784559841
lidar,1787197534835781602
esp32,1787197534884400120
lidar,1787197534929739515
esp32,1787197534984305653
lidar,1787197535030458460
esp32,1787197535084878165
lidar,1787197535129625483
esp32,1787197535184543609
lidar,1787197535230273817
esp32,1787197535284741978
lidar,1787197535332620818
esp32,1787197535384555810
lidar,1787197535431639407
esp32,1787197535484448443
lidar,1787197535528954513
esp32,1787197535584447656
lidar,1787197535631375405
esp32,1787197535684447689
lidar,1787197535730496482
esp32,1787197535784752209
lidar,1787197535828873089
esp32,1787197535884632701
lidar,1787197535928745571
esp32,1787197535984693957
lidar,1787197536026864354
esp32,1787197536084218683
lidar,1787197536126654929
esp32,1787197536184562168
lidar,1787197536229158440
esp32,1787197536284652917
lidar,1787197536328301223
esp32,1787197536384717525
lidar,1787197536456583029
esp32,1787197536484759524
lidar,1787197536534133688
esp32,1787197536584389054
lidar,1787197536629607648
esp32,1787197536684461082
lidar,1787197536729293171
esp32,1787197536784653630
lidar,1787197536827738339
esp32,1787197536904490513
lidar,1787197536927737050
esp32,1787197536984589178
lidar,1787197537029260571
esp32,1787197537084553464
lidar,1787197537128639446
esp32,1787197537183788139
lidar,1787197537229545874
esp32,1787197537284434172
lidar,1787197537329870977
esp32,1787197537384622318
lidar,1787197537428356941
esp32,1787197537484683903
lidar,1787197537528917988
esp32,1787197537584794852
lidar,1787197537630141912
esp32,1787197537684694061
lidar,1787197537731200807
esp32,1787197537784646296
lidar,1787197537832673722
esp32,1787197537884841223
lidar,1787197537928803751
esp32,1787197537984912872
lidar,1787197538028855407
esp32,1787197538084915570
lidar,1787197538129226859
esp32,1787197538185191564
lidar,1787197538239735209
esp32,1787197538284779247
lidar,1787197538333565016
esp32,1787197538384678273
lidar,1787197538427338289
esp32,1787197538484867993
lidar,1787197538527809508
esp32,1787197538584690372
lidar,1787197538626774372
esp32,1787197538684777951
lidar,1787197538724943762
esp32,1787197538784782966
lidar,1787197538826775341
esp32,1787197538884872156
lidar,1787197538928855647
esp32,1787197538984695758
lidar,1787197539025318157
esp32,1787197539083866841
lidar,1787197539124751861
esp32,1787197539184866185
lidar,1787197539228613130
esp32,1787197539284701622
lidar,1787197539329251327
esp32,1787197539384856888
lidar,1787197539429843021
esp32,1787197539484662184
lidar,1787197539526834802
esp32,1787197539584635152
lidar,1787197539627715008
esp32,1787197539684801039
lidar,1787197539728103282
esp32,1787197539784743372
lidar,1787197539828099289
esp32,1787197539884781326
lidar,1787197539929380230
esp32,1787197539984684333
lidar,1787197540028851052
esp32,1787197540084397113
lidar,1787197540130489244
esp32,1787197540184731329
lidar,1787197540225172612
esp32,1787197540284892208
lidar,1787197540327590747
esp32,1787197540384887069
lidar,1787197540427162819
esp32,1787197540484676953
lidar,1787197540525874634
esp32,1787197540584726898
lidar,1787197540623904802
esp32,1787197540684838721
lidar,1787197540730003837
esp32,1787197540784625523
lidar,1787197540823870727
esp32,1787197540884732485
lidar,1787197540923463974
esp32,1787197540984822814
lidar,1787197541024181782
esp32,1787197541084684839
lidar,1787197541132598380
esp32,1787197541184592161
lidar,1787197541223809945
esp32,1787197541284666700
lidar,1787197541325008525
esp32,1787197541384667581
lidar,1787197541426283030
esp32,1787197541484621533
lidar,1787197541527536387
esp32,1787197541584676770
lidar,1787197541624882823
esp32,1787197541684679114
lidar,1787197541723159808
esp32,1787197541784847470
lidar,1787197541828087031
esp32,1787197541884816318
lidar,1787197541930986527
esp32,1787197541984753259
lidar,1787197542025257176
esp32,1787197542084823573
lidar,1787197542126919059
esp32,1787197542184696494
lidar,1787197542226500418
esp32,1787197542284858643
lidar,1787197542328177985
esp32,1787197542384861609
lidar,1787197542433871796
esp32,1787197542484764492
lidar,1787197542527994597
esp32,1787197542584716487
lidar,1787197542625859750
esp32,1787197542684588776
lidar,1787197542727596739
esp32,1787197542784622127
lidar,1787197542845091451
esp32,1787197542884502213
lidar,1787197542926653543
esp32,1787197542984861524
lidar,1787197543023656004
esp32,1787197543104805561
lidar,1787197543124121470
esp32,1787197543184877136
lidar,1787197543223674058
esp32,1787197543284371710
lidar,1787197543326256479
esp32,1787197543384946273
lidar,1787197543422944578
esp32,1787197543484711172
lidar,1787197543522599736
esp32,1787197543584783314
lidar,1787197543623985960
esp32,1787197543684897193
lidar,1787197543723694058
esp32,1787197543784684766
lidar,1787197543824111793
esp32,1787197543884853536
lidar,1787197543924975927
esp32,1787197543984852410
lidar,1787197544022401528
esp32,1787197544084677733
lidar,1787197544120094262
esp32,1787197544183829939
lidar,1787197544219233963
esp32,1787197544283809716
lidar,1787197544320386443
esp32,1787197544383750046
lidar,1787197544421921966
esp32,1787197544484774601
lidar,1787197544524604316
esp32,1787197544584619243
lidar,1787197544624263561
esp32,1787197544684935930
lidar,1787197544724462994
esp32,1787197544784686319
lidar,1787197544821333395
esp32,1787197544884865603
lidar,1787197544924239215
esp32,1787197544984730159
lidar,1787197545022464029
esp32,1787197545084901162
lidar,1787197545122584455
esp32,1787197545184320373
lidar,1787197545221490100
esp32,1787197545284511921
lidar,1787197545320567119
esp32,1787197545384834249
lidar,1787197545420884004
esp32,1787197545484976141
lidar,1787197545521157961
esp32,1787197545584873195
lidar,1787197545620983884
esp32,1787197545684794362
lidar,1787197545724315807
esp32,1787197545784886226
lidar,1787197545823910478
esp32,1787197545885010094
lidar,1787197545920975347
esp32,1787197545984804258
lidar,1787197546019878805
esp32,1787197546084874593
lidar,1787197546128277167
esp32,1787197546184704760
lidar,1787197546228134297
esp32,1787197546284869680
lidar,1787197546322724527
esp32,1787197546384873494
lidar,1787197546424466211
esp32,1787197546484961916
lidar,1787197546526699427
esp32,1787197546604799794
lidar,1787197546621101492
esp32,1787197546684865866
lidar,1787197546721181030
esp32,1787197546784868548
lidar,1787197546823230000
esp32,1787197546884985329
lidar,1787197546923553566
esp32,1787197546984824562
lidar,1787197547029237085
esp32,1787197547084864520
lidar,1787197547120855768
esp32,1787197547184609459
lidar,1787197547223374349
esp32,1787197547284864060
lidar,1787197547322535014
esp32,1787197547384872195
lidar,1787197547422269804
esp32,1787197547484967378
lidar,1787197547520414992
esp32,1787197547584876639
lidar,1787197547622797534
esp32,1787197547684858672
lidar,1787197547721365189
esp32,1787197547784907266
lidar,1787197547819163570
esp32,1787197547884865656
lidar,1787197547921016124
esp32,1787197547984988429
lidar,1787197548021053232
esp32,1787197548084888960
lidar,1787197548121677501
esp32,1787197548184746267
lidar,1787197548221107733
esp32,1787197548284870044
lidar,1787197548317941691
esp32,1787197548384727388
lidar,1787197548417315335
esp32,1787197548484733038
lidar,1787197548517536601
esp32,1787197548584617523
lidar,1787197548622493441
esp32,1787197548684713994
lidar,1787197548718385639
esp32,1787197548784716167
lidar,1787197548821068453
esp32,1787197548904675319
lidar,1787197548918546763
esp32,1787197548984570821
lidar,1787197549027219878
esp32,1787197549084693472
lidar,1787197549116840739
esp32,1787197549184552076
lidar,1787197549215716914
esp32,1787197549284592922
lidar,1787197549316244439
esp32,1787197549384087154
lidar,1787197549416054946
esp32,1787197549484973312
lidar,1787197549516584539
esp32,1787197549584939151
lidar,1787197549616582548
esp32,1787197549684879004
lidar,1787197549717426986
esp32,1787197549784887780
lidar,1787197549817256373
esp32,1787197549884872659
lidar,1787197549919127379
esp32,1787197549985028181
lidar,1787197550019918147
esp32,1787197550084761458
lidar,1787197550119561892
esp32,1787197550184754319
lidar,1787197550223237774
esp32,1787197550284775395
lidar,1787197550319359254
esp32,1787197550384884370
lidar,1787197550420764204
esp32,1787197550484822038
lidar,1787197550520828763
esp32,1787197550584594878
lidar,1787197550621521907
esp32,1787197550684988039
lidar,1787197550723511325
esp32,1787197550784815056
lidar,1787197550817928169
esp32,1787197550884751865
lidar,1787197550917901990
esp32,1787197550984965124
lidar,1787197551018599697
esp32,1787197551084748772
lidar,1787197551118675935
esp32,1787197551184805555
lidar,1787197551218967781
esp32,1787197551284858258
lidar,1787197551316972211
esp32,1787197551384830004
lidar,1787197551417898664
esp32,1787197551484918966
lidar,1787197551520928525
esp32,1787197551585002985
lidar,1787197551616743497
esp32,1787197551684862593
lidar,1787197551718047217
esp32,1787197551784834264
lidar,1787197551816178790
esp32,1787197551884812642
lidar,1787197551916477619
esp32,1787197551984699312
lidar,1787197552016411871
esp32,1787197552084883052
lidar,1787197552119918913
esp32,1787197552184775939
lidar,1787197552218734577
esp32,1787197552284866589
lidar,1787197552316471858
esp32,1787197552384696212
lidar,1787197552414461338
esp32,1787197552484876894
lidar,1787197552514556888
esp32,1787197552584836547
lidar,1787197552614665503
esp32,1787197552684731408
lidar,1787197552716130246
esp32,1787197552784761561
lidar,1787197552814621839
esp32,1787197552884994692
lidar,1787197552915548885
esp32,1787197552984913089
lidar,1787197553013150136
esp32,1787197553084806932
lidar,1787197553115073707
esp32,1787197553184781137
lidar,1787197553214644274
esp32,1787197553284730736
lidar,1787197553314194756
esp32,1787197553384801957
lidar,1787197553415068369
esp32,1787197553484653194
lidar,1787197553514610549
esp32,1787197553584838522
lidar,1787197553615225829
esp32,1787197553684808085
lidar,1787197553715508234
esp32,1787197553784603697
lidar,1787197553819994068
esp32,1787197553884810298
lidar,1787197553915903960
esp32,1787197553984682612
lidar,1787197554015463863
esp32,1787197554084565801
lidar,1787197554114367197
esp32,1787197554183932288
lidar,1787197554217244473
esp32,1787197554283970948
lidar,1787197554313449101
esp32,1787197554383876541
lidar,1787197554420909401
esp32,1787197554484784607
lidar,1787197554517658586
esp32,1787197554584881941
lidar,1787197554615672955
esp32,1787197554684712463
lidar,1787197554719721647
esp32,1787197554784887201
lidar,1787197554812175983
esp32,1787197554884883991
lidar,1787197554911637344
esp32,1787197554984892691
lidar,1787197555011444163
esp32,1787197555084841410
lidar,1787197555111955819
esp32,1787197555184742800
lidar,1787197555212714296
esp32,1787197555284898250
lidar,1787197555314570533
esp32,1787197555384887066
lidar,1787197555413427806
esp32,1787197555483858993
lidar,1787197555513047368
esp32,1787197555584799363
lidar,1787197555614777375
esp32,1787197555684863419
lidar,1787197555717269175
esp32,1787197555784862776
lidar,1787197555815202040
esp32,1787197555884867061
lidar,1787197555917569663
esp32,1787197555984749201
lidar,1787197556026414764
esp32,1787197556084888198
lidar,1787197556114823457
esp32,1787197556184871045
lidar,1787197556213686056
esp32,1787197556284790488
lidar,1787197556316772809
esp32,1787197556384934215
lidar,1787197556412944669
esp32,1787197556484828528
lidar,1787197556514261082
esp32,1787197556584724817
lidar,1787197556612386193
esp32,1787197556684894096
lidar,1787197556730938466
esp32,1787197556785006288
lidar,1787197556812137331
esp32,1787197556884861129
lidar,1787197556914244926
esp32,1787197556984842252
lidar,1787197557012360854
esp32,1787197557084769952
lidar,1787197557114186679
esp32,1787197557184729323
lidar,1787197557212460539
esp32,1787197557284496105
lidar,1787197557310824013
esp32,1787197557384611906
lidar,1787197557411507824
esp32,1787197557483657892
lidar,1787197557511592954
esp32,1787197557584266692
lidar,1787197557614593096
esp32,1787197557684687792
lidar,1787197557713255115
esp32,1787197557784651889
lidar,1787197557813271146
esp32,1787197557884886634
lidar,1787197557912281676
esp32,1787197557984861646
lidar,1787197558013963185
