1787280098,894848209,,esp32,99.9968032836914,140.34869384765625,273.3805236816406,30
1787280098,895065703,,lidar,99.69186401367188,147.12631225585938,390.62713623046875,30
1787280098,895108887,,ui,500.4698181152344,570.6267700195312,600.0399780273438,30
1787280099,894499354,,esp32,99.99752044677734,139.95257568359375,273.3805236816406,30
1787280099,894590856,,lidar,99.69186401367188,147.12631225585938,390.62713623046875,30
1787280099,894611825,,ui,500.4698181152344,570.6267700195312,600.0399780273438,30
1787280100,894741663,,esp32,99.9968032836914,140.15597534179688,2303.5869140625,30
1787280100,894929071,,lidar,99.71296691894531,147.12631225585938,390.62713623046875,30
1787280100,894968372,,ui,500.4698181152344,570.6267700195312,600.0399780273438,30
1787280101,894941084,,esp32,99.9968032836914,140.15597534179688,2303.5869140625,30
1787280101,895133865,,lidar,99.68232727050781,147.12631225585938,390.62713623046875,30
1787280101,895175328,,ui,500.67413330078125,570.6267700195312,600.0399780273438,30
1787280102,894716886,,esp32,99.98107147216797,140.15597534179688,2303.5869140625,30
1787280102,894951355,,lidar,99.68018341064453,147.12631225585938,390.62713623046875,30
1787280102,895007944,,ui,500.4698181152344,570.6267700195312,600.0399780273438,30
1787280103,894837349,,esp32,99.97511291503906,140.15597534179688,2303.5869140625,30
1787280103,895080280,,lidar,99.70641326904297,147.22084045410156,390.62713623046875,30
1787280103,895128363,,ui,500.4698181152344,570.6267700195312,600.0399780273438,30
1787280104,894902983,,esp32,99.97702026367188,140.15597534179688,2303.5869140625,30
1787280104,895118990,,lidar,99.68352508544922,147.22084045410156,390.62713623046875,30
1787280104,895164137,,ui,500.6067810058594,570.6267700195312,600.0399780273438,30
1787280105,894729756,,esp32,99.97511291503906,140.15597534179688,2303.5869140625,30
1787280105,894979042,,lidar,99.68352508544922,147.22084045410156,390.62713623046875,30
1787280105,895048046,,ui,500.6067810058594,570.6267700195312,600.0399780273438,30
1787280106,894797876,,esp32,99.97702026367188,140.15597534179688,2303.5869140625,30
1787280106,894991537,,lidar,99.680419921875,147.22084045410156,390.62713623046875,30
1787280106,895030071,,ui,500.6067810058594,570.6267700195312,600.0399780273438,30
1787280107,894895062,,esp32,99.97511291503906,140.15597534179688,2303.5869140625,30
1787280107,895097838,,lidar,99.66587829589844,147.22084045410156,390.62713623046875,30
1787280107,895140143,,ui,500.9678649902344,570.6267700195312,600.0399780273438,30
1787280108,894762641,,esp32,99.96914672851562,140.15597534179688,2303.5869140625,30
1787280108,894973514,,lidar,99.680419921875,147.22084045410156,390.62713623046875,30
1787280108,895014971,,ui,501.2165222167969,570.0809936523438,600.0399780273438,30
1787280109,894859885,,esp32,99.9705810546875,140.15597534179688,2303.5869140625,30
1787280109,895080264,,lidar,99.72000122070312,147.22084045410156,390.62713623046875,30
1787280109,895128778,,ui,501.2165222167969,570.0809936523438,600.0399780273438,30
1787280110,894868769,,esp32,99.97511291503906,140.15597534179688,2303.5869140625,30
1787280110,895091907,,lidar,99.76124572753906,147.22084045410156,390.62713623046875,30
1787280110,895133395,,ui,500.9678649902344,570.0809936523438,600.0399780273438,30
1787280111,894771253,,esp32,99.9705810546875,140.15597534179688,2303.5869140625,30
1787280111,894985616,,lidar,99.77769470214844,147.22084045410156,390.62713623046875,30
1787280111,895037720,,ui,500.9678649902344,570.0809936523438,600.0399780273438,30
1787280112,894821555,,esp32,99.9705810546875,140.15597534179688,2303.5869140625,30
1787280112,895030502,,lidar,99.78150939941406,147.2334747314453,390.62713623046875,30
1787280112,895073392,,ui,501.2165222167969,570.0809936523438,600.0399780273438,30
1787280113,894859371,,esp32,99.97702026367188,152.53958129882812,2303.5869140625,30
1787280113,895063733,,lidar,99.78532409667969,147.32691955566406,390.62713623046875,30
1787280113,895106077,,ui,501.3395690917969,570.0809936523438,600.0399780273438,30
1787280114,894737054,,esp32,99.97702026367188,151.99522399902344,2303.5869140625,30
1787280114,894944512,,lidar,99.78532409667969,147.17849731445312,390.62713623046875,30
1787280114,894987012,,ui,501.2165222167969,570.0809936523438,600.0399780273438,30
1787280115,894778964,,esp32,99.98512268066406,151.99522399902344,2303.5869140625,30
1787280115,895057009,,lidar,99.84135437011719,147.17849731445312,390.62713623046875,30
1787280115,895108733,,ui,501.2165222167969,570.0809936523438,600.0399780273438,30
1787280116,894931751,,esp32,99.99037170410156,151.99522399902344,2303.5869140625,30
1787280116,895116097,,lidar,99.8475570678711,147.17849731445312,390.62713623046875,30
1787280116,895154980,,ui,501.2165222167969,570.0809936523438,600.0399780273438,30
1787280117,894715460,,esp32,99.98535919189453,151.99522399902344,2303.5869140625,30
1787280117,894929783,,lidar,99.86567687988281,147.17849731445312,390.62713623046875,30
1787280117,894982309,,ui,501.2165222167969,570.0809936523438,600.0399780273438,30
1787280118,894768250,,esp32,99.98535919189453,151.99522399902344,2303.5869140625,30
1787280118,895071323,,lidar,99.86233520507812,147.17849731445312,390.62713623046875,30
1787280118,895140526,,ui,501.3945007324219,570.0809936523438,600.0399780273438,30
1787280119,894895429,,esp32,99.98512268066406,151.99522399902344,2303.5869140625,30
1787280119,895114182,,lidar,99.87831115722656,147.17849731445312,390.62713623046875,30
1787280119,895161707,,ui,501.2165222167969,570.0809936523438,600.0399780273438,30
1787280120,894763426,,esp32,99.97702026367188,151.99522399902344,2303.5869140625,30
1787280120,895072463,,lidar,99.86233520507812,147.17849731445312,390.62713623046875,30
1787280120,895150443,,ui,501.3945007324219,570.0809936523438,600.0399780273438,30
1787280121,894871457,,esp32,99.97415161132812,151.99522399902344,2303.5869140625,30
1787280121,895077345,,lidar,99.86233520507812,147.17849731445312,390.62713623046875,30
1787280121,895120561,,ui,501.3945007324219,570.0809936523438,600.0399780273438,30
1787280122,894852078,,esp32,99.97702026367188,151.99522399902344,2303.5869140625,30
1787280122,895045927,,lidar,99.86686706542969,147.17849731445312,390.62713623046875,30
1787280122,895093671,,ui,501.3945007324219,570.0809936523438,600.0399780273438,30
1787280123,894782608,,esp32,99.97344207763672,151.99522399902344,2303.5869140625,30
1787280123,895082567,,lidar,99.84683990478516,147.17849731445312,390.62713623046875,30
1787280123,895163452,,ui,501.2165222167969,570.0809936523438,600.0399780273438,30
1787280124,894782834,,esp32,99.97415161132812,151.99522399902344,2303.5869140625,30
1787280124,894984505,,lidar,99.86233520507812,147.17849731445312,390.62713623046875,30
1787280124,895025082,,ui,501.3945007324219,570.0809936523438,600.0399780273438,30
1787280125,894923465,,esp32,99.98226165771484,151.99522399902344,2303.5869140625,30
1787280125,895212764,,lidar,99.86686706542969,147.17849731445312,390.62713623046875,30
1787280125,895292399,,ui,501.3945007324219,570.0809936523438,600.0399780273438,30
1787280126,894680660,,esp32,99.97702026367188,151.99522399902344,2303.5869140625,30
1787280126,894943433,,lidar,99.84779357910156,147.17849731445312,390.62713623046875,30
1787280126,895014678,,ui,501.3945007324219,570.0809936523438,600.0399780273438,30
1787280127,894897478,,esp32,99.9755859375,139.74676513671875,2303.5869140625,30
1787280127,895100916,,lidar,99.84779357910156,149.06382751464844,390.62713623046875,30
1787280127,895139870,,ui,501.3945007324219,570.0809936523438,600.0399780273438,30
1787280128,894823292,,esp32,99.9755859375,140.0063018798828,2303.5869140625,30
1787280128,895069654,,lidar,99.84862518310547,147.15927124023438,156.3889923095703,30
1787280128,895119659,,ui,501.2497863769531,547.7363891601562,549.2620239257812,30
1787280129,894680284,,esp32,99.97380065917969,140.66770935058594,2303.5869140625,30
1787280129,894982425,,lidar,99.84767150878906,147.15927124023438,156.3889923095703,30
1787280129,895055966,,ui,501.1911315917969,540.67138671875,546.6761474609375,30
1787280130,894903961,,esp32,99.98631286621094,139.94667053222656,199.89657592773438,30
1787280130,895240492,,lidar,99.87950134277344,147.15927124023438,156.3889923095703,30
1787280130,895315506,,ui,501.2497863769531,540.5678100585938,546.6761474609375,30
1787280131,894869272,,esp32,99.99537658691406,139.94667053222656,199.89657592773438,30
1787280131,895206751,,lidar,99.88081359863281,147.15927124023438,156.3889923095703,30
1787280131,895280106,,ui,501.3945007324219,540.5678100585938,546.6761474609375,30
1787280132,894715632,,esp32,99.99775695800781,139.94667053222656,199.89657592773438,30
1787280132,894983674,,lidar,99.87950134277344,147.15927124023438,156.3889923095703,30
1787280132,895055006,,ui,501.3945007324219,540.5678100585938,546.6761474609375,30
1787280133,894907321,,esp32,100.00372314453125,139.94667053222656,199.89657592773438,30
1787280133,895123847,,lidar,99.84862518310547,147.15927124023438,156.3889923095703,30
1787280133,895168107,,ui,501.3945007324219,540.5678100585938,546.6761474609375,30
1787280134,894742651,,esp32,100.00372314453125,139.94667053222656,199.89657592773438,30
1787280134,894951459,,lidar,99.88081359863281,147.15927124023438,156.3889923095703,30
1787280134,894991720,,ui,501.1578674316406,540.5678100585938,546.6761474609375,30
1787280135,894709660,,esp32,100.00372314453125,139.94667053222656,199.89657592773438,30
1787280135,894968125,,lidar,99.89607238769531,147.15927124023438,156.3889923095703,30
1787280135,895039214,,ui,501.1911315917969,540.67138671875,546.6761474609375,30
1787280136,894595774,,esp32,100.00372314453125,139.94667053222656,199.89657592773438,30
1787280136,894915430,,lidar,99.88737487792969,147.15927124023438,156.3889923095703,30
1787280136,894992159,,ui,501.54327392578125,540.5678100585938,546.6761474609375,30
1787280137,894900258,,esp32,100.0059814453125,139.94667053222656,199.89657592773438,30
1787280137,895160830,,lidar,99.88081359863281,147.15927124023438,156.3889923095703,30
1787280137,895241233,,ui,501.3358459472656,540.5678100585938,546.6761474609375,30
1787280138,894710692,,esp32,100.00920104980469,139.94667053222656,199.89657592773438,30
1787280138,894903773,,lidar,99.87926483154297,147.15927124023438,156.3889923095703,30
1787280138,894944806,,ui,501.26385498046875,540.3021240234375,546.6761474609375,30
1787280139,894747952,,esp32,100.02183532714844,139.94667053222656,199.89657592773438,30
1787280139,894999638,,lidar,99.8494644165039,147.14002990722656,156.3889923095703,30
1787280139,895073816,,ui,501.26385498046875,540.3021240234375,546.6761474609375,30
1787280140,894852226,,esp32,100.02183532714844,139.94667053222656,199.89657592773438,30
1787280140,895087066,,lidar,99.84862518310547,147.15927124023438,156.3889923095703,30
1787280140,895147510,,ui,501.7645263671875,540.3021240234375,546.6761474609375,30
1787280141,894732735,,esp32,100.01576232910156,139.94667053222656,199.89657592773438,30
1787280141,895140978,,lidar,99.84529113769531,147.15927124023438,156.3889923095703,30
1787280141,895228014,,ui,502.4024353027344,540.3021240234375,546.6761474609375,30
1787280142,894555655,,esp32,100.00920104980469,139.81094360351562,199.89657592773438,30
1787280142,894673732,,lidar,99.84529113769531,144.83432006835938,156.3889923095703,30
1787280142,894696890,,ui,502.61236572265625,540.41015625,546.6761474609375,30
1787280143,894577289,,esp32,100.0059814453125,139.70260620117188,140.68365478515625,30
1787280143,894716969,,lidar,99.84529113769531,144.83432006835938,156.3889923095703,30
1787280143,894739182,,ui,501.3365783691406,540.41015625,546.6761474609375,30
1787280144,894662617,,esp32,100.0059814453125,139.8023223876953,140.68365478515625,30
1787280144,894877997,,lidar,99.84529113769531,144.77059936523438,156.3889923095703,30
1787280144,894931233,,ui,502.1925048828125,547.4528198242188,548.5253295898438,30
1787280145,894798434,,esp32,100.0059814453125,139.8023223876953,140.68365478515625,30
1787280145,894991064,,lidar,99.82776641845703,144.7703857421875,156.3889923095703,30
1787280145,895030128,,ui,501.3365783691406,547.4528198242188,548.5253295898438,30
1787280146,894495278,,esp32,100.00372314453125,139.8023223876953,140.68365478515625,30
1787280146,894571589,,lidar,99.84493255615234,144.7703857421875,156.3889923095703,30
1787280146,894585685,,ui,501.566162109375,547.4528198242188,548.5253295898438,30
1787280147,894697809,,esp32,100.00372314453125,139.8023223876953,140.68365478515625,30
1787280147,894896976,,lidar,99.84493255615234,144.7703857421875,156.3889923095703,30
1787280147,894937436,,ui,501.3365783691406,547.4528198242188,548.5253295898438,30
1787280148,894804023,,esp32,100.0059814453125,139.8023223876953,140.68365478515625,30
1787280148,895128886,,lidar,99.82443237304688,144.7703857421875,156.3889923095703,30
1787280148,895200600,,ui,501.1911315917969,547.4528198242188,548.5253295898438,30
1787280149,894969175,,esp32,100.0059814453125,139.8023223876953,140.68365478515625,30
1787280149,895317402,,lidar,99.79867553710938,144.7703857421875,156.3889923095703,30
1787280149,895410078,,ui,501.1911315917969,547.4528198242188,548.5253295898438,30
1787280150,894812445,,esp32,100.00920104980469,139.8023223876953,140.68365478515625,30
1787280150,895161381,,lidar,99.79867553710938,144.7703857421875,156.3889923095703,30
1787280150,895244503,,ui,499.58587646484375,547.4528198242188,548.5253295898438,30
1787280151,894922678,,esp32,100.00920104980469,139.8023223876953,140.68365478515625,30
1787280151,895271983,,lidar,99.82443237304688,144.7703857421875,156.3889923095703,30
1787280151,895347151,,ui,499.58587646484375,547.4528198242188,548.5253295898438,30
1787280152,894834254,,esp32,100.00264739990234,139.8023223876953,140.68365478515625,30
1787280152,895092230,,lidar,99.79867553710938,144.7703857421875,156.3889923095703,30
1787280152,895140941,,ui,499.58587646484375,547.4528198242188,548.5253295898438,30
1787280153,894727731,,esp32,100.0059814453125,139.8023223876953,140.68365478515625,30
1787280153,894925075,,lidar,99.79867553710938,144.7703857421875,156.3889923095703,30
1787280153,894964344,,ui,499.58587646484375,547.4528198242188,548.5253295898438,30
1787280154,894744725,,esp32,100.0059814453125,139.8023223876953,140.68365478515625,30
1787280154,894990517,,lidar,99.80082702636719,144.7703857421875,156.3889923095703,30
1787280154,895035917,,ui,500.3244934082031,547.4528198242188,548.5253295898438,30
1787280155,894852095,,esp32,100.0059814453125,139.8023223876953,140.68365478515625,30
1787280155,895196713,,lidar,99.78508758544922,144.7703857421875,156.3889923095703,30
1787280155,895277055,,ui,500.3244934082031,547.4528198242188,548.5253295898438,30
1787280156,894670549,,esp32,100.01265716552734,139.8023223876953,140.68365478515625,30
1787280156,894987726,,lidar,99.79867553710938,144.7703857421875,156.3889923095703,30
1787280156,895051192,,ui,499.349609375,547.4528198242188,548.5253295898438,30
1787280157,894962192,,esp32,100.01576232910156,139.8023223876953,140.68365478515625,30
1787280157,895314646,,lidar,99.79010009765625,137.0017547607422,144.79159545898438,30
1787280157,895423000,,ui,498.95965576171875,541.060302734375,548.5253295898438,30
1787280158,894838020,,esp32,100.01576232910156,139.8023223876953,140.67506408691406,30
1787280158,895120447,,lidar,99.79867553710938,133.1145782470703,144.7703857421875,30
1787280158,895197595,,ui,499.349609375,541.1868286132812,548.5253295898438,30
1787280159,894727116,,esp32,100.01576232910156,139.8023223876953,159.41453552246094,30
1787280159,894933915,,lidar,99.79867553710938,133.1145782470703,148.86831665039062,30
1787280159,894978915,,ui,499.4109802246094,541.060302734375,548.5253295898438,30
1787280160,894771222,,esp32,100.01802062988281,139.8023223876953,159.41453552246094,30
1787280160,895064563,,lidar,99.78366088867188,133.1145782470703,148.86831665039062,30
1787280160,895143312,,ui,499.349609375,540.208984375,548.5253295898438,30
1787280161,894862256,,esp32,100.0205307006836,139.8023223876953,159.41453552246094,30
1787280161,895085394,,lidar,99.78508758544922,133.1145782470703,148.86831665039062,30
1787280161,895132541,,ui,499.349609375,540.208984375,548.5253295898438,30
1787280162,894701358,,esp32,100.0205307006836,139.8023223876953,159.41453552246094,30
1787280162,894893188,,lidar,99.77674865722656,133.1145782470703,148.86831665039062,30
1787280162,894934470,,ui,499.4723815917969,540.208984375,548.5253295898438,30
1787280163,894925055,,esp32,100.01802062988281,139.8023223876953,159.41453552246094,30
1787280163,895145780,,lidar,99.79867553710938,133.1145782470703,148.86831665039062,30
1787280163,895193717,,ui,499.349609375,540.208984375,548.5253295898438,30
1787280164,894730640,,esp32,100.0205307006836,139.8023223876953,159.41453552246094,30
1787280164,895048259,,lidar,99.78366088867188,133.1145782470703,148.86831665039062,30
1787280164,895118774,,ui,500.3244934082031,540.208984375,548.5253295898438,30
1787280165,894716342,,esp32,100.01802062988281,139.8023223876953,159.41453552246094,30
1787280165,894918473,,lidar,99.76768493652344,133.1145782470703,148.86831665039062,30
1787280165,894961589,,ui,499.8984375,540.0656127929688,548.5253295898438,30
1787280166,894860032,,esp32,100.01802062988281,139.8023223876953,159.41453552246094,30
1787280166,895128541,,lidar,99.78366088867188,133.1145782470703,148.86831665039062,30
1787280166,895182236,,ui,499.4723815917969,540.208984375,548.5253295898438,30
1787280167,894896252,,esp32,100.01802062988281,139.81405639648438,159.9683837890625,30
1787280167,895116638,,lidar,99.77745819091797,133.1145782470703,148.86831665039062,30
1787280167,895161360,,ui,500.3244934082031,540.208984375,548.5253295898438,30
1787280168,894663706,,esp32,100.01802062988281,139.81405639648438,159.9683837890625,30
1787280168,894950428,,lidar,99.78366088867188,133.1145782470703,148.86831665039062,30
1787280168,895023374,,ui,499.86767578125,540.208984375,548.5253295898438,30
1787280169,894839266,,esp32,100.00848388671875,139.81405639648438,159.9683837890625,30
1787280169,895055430,,lidar,99.78759002685547,133.16717529296875,148.86831665039062,30
1787280169,895099463,,ui,499.86767578125,540.208984375,548.5253295898438,30
1787280170,894887912,,esp32,100.01265716552734,139.81405639648438,159.9683837890625,30
1787280170,895095690,,lidar,99.79010009765625,133.1145782470703,148.86831665039062,30
1787280170,895135672,,ui,499.86767578125,540.208984375,548.5253295898438,30
1787280171,894662492,,esp32,100.01576232910156,139.81405639648438,159.9683837890625,30
1787280171,894853338,,lidar,99.79010009765625,133.1145782470703,148.86831665039062,30
1787280171,894891838,,ui,499.86767578125,540.208984375,548.5253295898438,30
1787280172,894729169,,esp32,100.01802062988281,140.182861328125,159.9683837890625,30
1787280172,894945790,,lidar,99.79010009765625,138.3738555908203,157.93228149414062,30
1787280172,894992097,,ui,499.0859069824219,539.292236328125,548.5253295898438,30
1787280173,894718420,,esp32,100.02398681640625,140.182861328125,159.9683837890625,30
1787280173,895002588,,lidar,99.79010009765625,138.3738555908203,157.93228149414062,30
1787280173,895070483,,ui,500.0960693359375,539.292236328125,548.5253295898438,30
1787280174,894769743,,esp32,100.02398681640625,140.182861328125,159.9683837890625,30
1787280174,895097523,,lidar,99.79867553710938,138.3738555908203,159.07859802246094,30
1787280174,895184609,,ui,500.0960693359375,532.1338500976562,532.8760375976562,30
1787280175,894686149,,esp32,100.01802062988281,140.182861328125,159.9683837890625,30
1787280175,894930315,,lidar,99.85542297363281,138.47879028320312,159.07859802246094,30
1787280175,894978352,,ui,500.4333190917969,532.1338500976562,532.8760375976562,30
1787280176,894875729,,esp32,100.0205307006836,140.182861328125,159.9683837890625,30
1787280176,895230835,,lidar,99.79867553710938,138.47879028320312,159.07859802246094,30
1787280176,895313973,,ui,500.0960693359375,532.1338500976562,532.8760375976562,30
1787280177,894770380,,esp32,100.02398681640625,140.182861328125,159.9683837890625,30
1787280177,895092147,,lidar,99.79438781738281,138.47879028320312,159.07859802246094,30
1787280177,895221656,,ui,500.4333190917969,532.1338500976562,532.8760375976562,30
1787280178,894730933,,esp32,100.02398681640625,140.182861328125,159.9683837890625,30
1787280178,894982972,,lidar,99.84016418457031,138.47879028320312,159.07859802246094,30
1787280178,895047479,,ui,500.4333190917969,532.1338500976562,532.8760375976562,30
1787280179,894742102,,esp32,100.0223159790039,140.74612426757812,159.9683837890625,30
1787280179,894975890,,lidar,99.84016418457031,138.47879028320312,159.07859802246094,30
1787280179,895021264,,ui,501.5989685058594,532.1338500976562,532.8760375976562,30
1787280180,894782097,,esp32,100.01837921142578,158.77723693847656,359.06195068359375,30
1787280180,895011858,,lidar,99.84016418457031,138.47879028320312,159.07859802246094,30
1787280180,895059769,,ui,501.5989685058594,532.1338500976562,532.8760375976562,30
1787280181,894710105,,esp32,100.01766967773438,158.77723693847656,359.06195068359375,30
1787280181,894929524,,lidar,99.78902435302734,138.47879028320312,159.07859802246094,30
1787280181,894974446,,ui,500.4333190917969,532.1338500976562,532.8760375976562,30
1787280182,894827690,,esp32,100.01837921142578,158.77723693847656,359.06195068359375,30
1787280182,895053404,,lidar,99.87211608886719,138.47879028320312,159.07859802246094,30
1787280182,895100380,,ui,501.2764892578125,532.1338500976562,532.8760375976562,30
1787280183,894731669,,esp32,100.01826477050781,158.77723693847656,359.06195068359375,30
1787280183,894943633,,lidar,99.8748550415039,138.47879028320312,159.07859802246094,30
1787280183,894986018,,ui,501.2764892578125,532.1338500976562,532.8760375976562,30
1787280184,894964746,,esp32,100.01766967773438,158.77723693847656,359.06195068359375,30
1787280184,895268849,,lidar,99.83181762695312,138.47879028320312,159.07859802246094,30
1787280184,895354301,,ui,501.2764892578125,532.1338500976562,532.8760375976562,30
1787280185,894848170,,esp32,100.01599884033203,158.77723693847656,359.06195068359375,30
1787280185,895125168,,lidar,99.87211608886719,138.47879028320312,159.07859802246094,30
1787280185,895178610,,ui,501.2764892578125,533.2537231445312,533.7972412109375,30
1787280186,894715278,,esp32,100.016357421875,158.77723693847656,359.06195068359375,30
1787280186,894926926,,lidar,99.87258911132812,138.47879028320312,159.07859802246094,30
1787280186,894968352,,ui,502.3411560058594,533.2537231445312,533.7972412109375,30
1787280187,894915288,,esp32,100.01063537597656,158.77723693847656,359.06195068359375,30
1787280187,895149006,,lidar,99.87461853027344,148.91934204101562,159.07859802246094,30
1787280187,895200201,,ui,502.2953796386719,533.2537231445312,533.7972412109375,30
1787280188,894890315,,esp32,100.01063537597656,158.77723693847656,359.06195068359375,30
1787280188,895230027,,lidar,99.87258911132812,149.39825439453125,159.07859802246094,30
1787280188,895303607,,ui,502.6257019042969,544.2080078125,559.1893310546875,30
1787280189,894892675,,esp32,100.0019302368164,158.77439880371094,359.06195068359375,30
1787280189,895103035,,lidar,99.87258911132812,149.39825439453125,159.07859802246094,30
1787280189,895147412,,ui,502.2953796386719,544.2080078125,559.1893310546875,30
1787280190,894903366,,esp32,100.0019302368164,158.77439880371094,359.06195068359375,30
1787280190,895138824,,lidar,99.85900115966797,149.39825439453125,159.07859802246094,30
1787280190,895198652,,ui,501.62957763671875,544.2080078125,559.1893310546875,30
1787280191,894855422,,esp32,99.99156188964844,158.77439880371094,359.06195068359375,30
1787280191,895264072,,lidar,99.87258911132812,149.39825439453125,159.07859802246094,30
1787280191,895357970,,ui,502.2953796386719,544.2080078125,559.1893310546875,30
1787280192,894730880,,esp32,99.99156188964844,158.77439880371094,359.06195068359375,30
1787280192,895019115,,lidar,99.8787841796875,149.39825439453125,159.07859802246094,30
1787280192,895092762,,ui,501.62957763671875,544.2080078125,559.1893310546875,30
1787280193,894877880,,esp32,99.99442291259766,158.77439880371094,359.06195068359375,30
1787280193,895235937,,lidar,99.86865234375,149.39825439453125,159.07859802246094,30
1787280193,895320780,,ui,501.62957763671875,544.2080078125,559.1893310546875,30
1787280194,894769742,,esp32,99.98905944824219,158.77439880371094,359.06195068359375,30
1787280194,895030971,,lidar,99.85900115966797,149.39825439453125,159.07859802246094,30
1787280194,895082812,,ui,501.15692138671875,544.2080078125,559.1893310546875,30
1787280195,894740139,,esp32,99.99442291259766,158.77439880371094,359.06195068359375,30
1787280195,894944244,,lidar,99.85304260253906,149.39825439453125,159.07859802246094,30
1787280195,894986541,,ui,500.64801025390625,544.2080078125,559.1893310546875,30
1787280196,894916284,,esp32,99.99156188964844,158.77439880371094,359.06195068359375,30
1787280196,895160281,,lidar,99.8679428100586,149.39825439453125,159.07859802246094,30
1787280196,895210374,,ui,501.15692138671875,544.2080078125,559.1893310546875,30
1787280197,894793622,,esp32,99.99513244628906,139.96971130371094,359.06195068359375,30
1787280197,895056203,,lidar,99.87461853027344,149.39825439453125,159.07859802246094,30
1787280197,895101361,,ui,501.15692138671875,544.2080078125,559.1893310546875,30
1787280198,894776184,,esp32,100.0008544921875,139.96971130371094,359.06195068359375,30
1787280198,894988739,,lidar,99.87461853027344,149.39825439453125,159.07859802246094,30
1787280198,895036009,,ui,501.15692138671875,544.2080078125,559.1893310546875,30
1787280199,894777660,,esp32,100.016357421875,139.96971130371094,359.06195068359375,30
1787280199,895018360,,lidar,99.884033203125,149.39825439453125,159.07859802246094,30
1787280199,895066689,,ui,501.15692138671875,544.2080078125,559.1893310546875,30
1787280200,894847165,,esp32,100.0008544921875,139.96971130371094,359.06195068359375,30
1787280200,895055945,,lidar,99.88534545898438,149.39825439453125,159.07859802246094,30
1787280200,895100480,,ui,501.62957763671875,544.2080078125,559.1893310546875,30
1787280201,894443101,,esp32,99.99513244628906,139.96971130371094,359.06195068359375,30
1787280201,894546315,,lidar,99.884033203125,149.39825439453125,159.07859802246094,30
1787280201,894570153,,ui,501.62957763671875,544.2080078125,559.1893310546875,30
1787280202,894752487,,esp32,99.99513244628906,139.6707763671875,359.06195068359375,30
1787280202,894980974,,lidar,99.884033203125,149.36241149902344,159.07859802246094,30
1787280202,895024138,,ui,501.62957763671875,544.2080078125,559.1893310546875,30
1787280203,894745492,,esp32,99.98607635498047,139.68792724609375,359.06195068359375,30
1787280203,895034827,,lidar,99.88153076171875,149.36241149902344,159.07859802246094,30
1787280203,895119649,,ui,501.62957763671875,544.2080078125,559.1893310546875,30
1787280204,894774201,,esp32,99.97904205322266,139.96717834472656,359.06195068359375,30
1787280204,895123474,,lidar,99.88153076171875,149.13137817382812,153.97000122070312,30
1787280204,895215614,,ui,502.1067810058594,544.2080078125,559.1893310546875,30
1787280205,894719687,,esp32,99.98607635498047,139.96717834472656,359.06195068359375,30
1787280205,894958013,,lidar,99.86817932128906,149.13137817382812,153.97000122070312,30
1787280205,895014080,,ui,501.62957763671875,544.2080078125,559.1893310546875,30
1787280206,894795950,,esp32,99.98703002929688,139.96717834472656,359.06195068359375,30
1787280206,895038387,,lidar,99.86817932128906,149.13137817382812,153.97000122070312,30
1787280206,895096360,,ui,501.62957763671875,544.2080078125,559.1893310546875,30
1787280207,894672326,,esp32,99.98607635498047,139.96717834472656,359.06195068359375,30
1787280207,894866921,,lidar,99.86424255371094,149.13137817382812,153.97000122070312,30
1787280207,894897283,,ui,501.9339294433594,544.2080078125,559.1893310546875,30
1787280208,894893844,,esp32,99.97904205322266,139.96717834472656,359.06195068359375,30
1787280208,895101875,,lidar,99.86424255371094,149.13137817382812,153.97000122070312,30
1787280208,895146880,,ui,501.5527038574219,544.2080078125,559.1893310546875,30
1787280209,894915177,,esp32,99.985595703125,139.77188110351562,359.06195068359375,30
1787280209,895279306,,lidar,99.86424255371094,149.13137817382812,153.97000122070312,30
1787280209,895377274,,ui,501.1998291015625,544.2080078125,559.1893310546875,30
1787280210,894779130,,esp32,99.98607635498047,139.68792724609375,159.7676239013672,30
1787280210,895093692,,lidar,99.86424255371094,149.13137817382812,153.97000122070312,30
1787280210,895151801,,ui,501.1998291015625,544.2080078125,559.1893310546875,30
1787280211,894844923,,esp32,99.98703002929688,139.68792724609375,159.7676239013672,30
1787280211,895107582,,lidar,99.86090850830078,149.13137817382812,153.97000122070312,30
1787280211,895160033,,ui,501.5527038574219,544.2080078125,559.1893310546875,30
1787280212,894743902,,esp32,99.98703002929688,139.68792724609375,159.7676239013672,30
1787280212,895064949,,lidar,99.84374237060547,149.13137817382812,153.97000122070312,30
1787280212,895149517,,ui,501.1998291015625,544.2080078125,559.1893310546875,30
1787280213,894753305,,esp32,99.98703002929688,139.68792724609375,159.7676239013672,30
1787280213,895017248,,lidar,99.85005950927734,149.13137817382812,153.97000122070312,30
1787280213,895083592,,ui,501.1083984375,544.2080078125,559.1893310546875,30
1787280214,894848321,,esp32,99.98607635498047,139.68792724609375,159.7676239013672,30
1787280214,895212696,,lidar,99.85327911376953,149.13137817382812,153.97000122070312,30
1787280214,895297956,,ui,501.1083984375,544.2080078125,559.1893310546875,30
1787280215,894851362,,esp32,99.97808837890625,139.68792724609375,159.7676239013672,30
1787280215,895110165,,lidar,99.84290313720703,149.13137817382812,153.97000122070312,30
1787280215,895161525,,ui,501.1998291015625,542.2113647460938,559.1893310546875,30
1787280216,894683755,,esp32,99.97069549560547,139.68792724609375,159.7676239013672,30
1787280216,894989501,,lidar,99.81858825683594,149.13137817382812,153.97000122070312,30
1787280216,895065462,,ui,501.1083984375,542.2113647460938,559.1893310546875,30
1787280217,894792036,,esp32,99.97808837890625,139.61476135253906,159.7676239013672,30
1787280217,895125421,,lidar,99.81250762939453,139.4423065185547,150.38609313964844,30
1787280217,895216123,,ui,501.1083984375,542.2113647460938,559.1893310546875,30
1787280218,894804394,,esp32,99.97808837890625,139.7903594970703,159.7676239013672,30
1787280218,895171531,,lidar,99.8136978149414,139.34445190429688,153.80764770507812,30
1787280218,895262699,,ui,501.1083984375,538.0999755859375,549.1614379882812,30
1787280219,894736852,,esp32,99.97808837890625,139.7903594970703,159.94119262695312,30
1787280219,894981378,,lidar,99.8136978149414,139.34445190429688,153.80764770507812,30
1787280219,895028474,,ui,501.5041809082031,538.0999755859375,549.1614379882812,30
1787280220,894786733,,esp32,99.97069549560547,139.7903594970703,159.94119262695312,30
1787280220,894996322,,lidar,99.79891967773438,139.34445190429688,153.80764770507812,30
1787280220,895041740,,ui,502.02655029296875,538.0999755859375,549.1614379882812,30
1787280221,894750550,,esp32,99.97069549560547,139.7903594970703,159.94119262695312,30
1787280221,895021614,,lidar,99.79891967773438,139.34445190429688,153.80764770507812,30
1787280221,895076770,,ui,502.02655029296875,546.9512939453125,549.1614379882812,30
1787280222,894673008,,esp32,99.96748352050781,139.7903594970703,159.94119262695312,30
1787280222,894971341,,lidar,99.8136978149414,139.34445190429688,153.80764770507812,30
1787280222,895028631,,ui,502.02655029296875,546.9512939453125,549.1614379882812,30
1787280223,894738578,,esp32,99.97630310058594,139.7903594970703,159.94119262695312,30
1787280223,894984084,,lidar,99.81131744384766,139.34445190429688,153.80764770507812,30
1787280223,895034401,,ui,502.19940185546875,546.9512939453125,549.1614379882812,30
1787280224,894658435,,esp32,99.97630310058594,139.7903594970703,159.94119262695312,30
1787280224,894894202,,lidar,99.80726623535156,139.34445190429688,153.80764770507812,30
1787280224,894950289,,ui,502.2972717285156,546.9512939453125,549.1614379882812,30
1787280225,894757147,,esp32,99.97630310058594,139.7903594970703,159.94119262695312,30
1787280225,895125448,,lidar,99.82848358154297,139.34445190429688,153.80764770507812,30
1787280225,895219727,,ui,502.2972717285156,546.9512939453125,549.1614379882812,30
1787280226,894851774,,esp32,99.97630310058594,139.7903594970703,159.94119262695312,30
1787280226,895248487,,lidar,99.79224395751953,139.34445190429688,153.80764770507812,30
1787280226,895342398,,ui,502.19940185546875,546.9512939453125,549.1614379882812,30
1787280227,894671023,,esp32,99.97630310058594,139.7903594970703,159.94119262695312,30
1787280227,894899281,,lidar,99.79891967773438,139.34445190429688,153.80764770507812,30
1787280227,894948523,,ui,502.2972717285156,546.9512939453125,549.1614379882812,30
1787280228,894809852,,esp32,99.9816665649414,139.7903594970703,159.94119262695312,30
1787280228,895190342,,lidar,99.82633972167969,139.34445190429688,153.80764770507812,30
1787280228,895284110,,ui,502.2972717285156,546.9512939453125,549.1614379882812,30
1787280229,894788742,,esp32,99.9816665649414,139.7903594970703,159.94119262695312,30
1787280229,895027419,,lidar,99.80058288574219,139.34445190429688,153.80764770507812,30
1787280229,895075788,,ui,502.2939453125,546.9512939453125,549.1614379882812,30
1787280230,894725929,,esp32,99.985595703125,139.7903594970703,159.94119262695312,30
1787280230,894969218,,lidar,99.75386047363281,139.34445190429688,153.80764770507812,30
1787280230,895019598,,ui,502.2939453125,546.9512939453125,549.1614379882812,30
1787280231,894747064,,esp32,99.9816665649414,139.7903594970703,159.94119262695312,30
1787280231,894990622,,lidar,99.76863861083984,139.34445190429688,153.80764770507812,30
1787280231,895039709,,ui,502.2939453125,546.9512939453125,549.1614379882812,30
1787280232,894764185,,esp32,99.9908447265625,139.7903594970703,159.94119262695312,30
1787280232,895056762,,lidar,99.76995086669922,139.37725830078125,153.80764770507812,30
1787280232,895115784,,ui,502.2939453125,546.9512939453125,549.1614379882812,30
1787280233,894670480,,esp32,99.9908447265625,139.7903594970703,159.94119262695312,30
1787280233,894891060,,lidar,99.7712631225586,141.39866638183594,153.80764770507812,30
1787280233,894935600,,ui,502.2939453125,546.9512939453125,549.1614379882812,30
1787280234,894651506,,esp32,99.99835205078125,139.6685028076172,159.94119262695312,30
1787280234,894930986,,lidar,99.76863861083984,141.39866638183594,153.80764770507812,30
1787280234,894981891,,ui,502.02655029296875,546.9512939453125,549.1614379882812,30
1787280235,894798906,,esp32,99.99311065673828,139.6685028076172,159.94119262695312,30
1787280235,895123444,,lidar,99.81346130371094,141.39866638183594,153.80764770507812,30
1787280235,895208566,,ui,502.2939453125,546.9512939453125,549.1614379882812,30
1787280236,894927193,,esp32,99.99311065673828,139.6685028076172,159.94119262695312,30
1787280236,895158780,,lidar,99.75552368164062,141.39866638183594,153.80764770507812,30
1787280236,895206989,,ui,502.5296325683594,546.9512939453125,549.1614379882812,30
1787280237,894779958,,esp32,99.99835205078125,139.6685028076172,159.94119262695312,30
1787280237,895013109,,lidar,99.7712631225586,141.39866638183594,153.80764770507812,30
1787280237,895060723,,ui,502.5296325683594,546.9512939453125,549.1614379882812,30
1787280238,894876127,,esp32,100.01182556152344,139.6685028076172,159.94119262695312,30
1787280238,895174480,,lidar,99.8136978149414,141.39866638183594,153.80764770507812,30
1787280238,895259254,,ui,502.5296325683594,546.9512939453125,549.1614379882812,30
1787280239,894735709,,esp32,100.00884246826172,139.6685028076172,159.94119262695312,30
1787280239,895089344,,lidar,99.7712631225586,141.39866638183594,153.80764770507812,30
1787280239,895171916,,ui,502.5296325683594,546.9512939453125,549.1614379882812,30
1787280240,894755656,,esp32,100.00884246826172,139.6685028076172,159.94119262695312,30
1787280240,895034876,,lidar,99.82633972167969,141.39866638183594,153.80764770507812,30
1787280240,895119079,,ui,502.5296325683594,546.9512939453125,549.1614379882812,30
1787280241,894668641,,esp32,100.00884246826172,139.6685028076172,159.94119262695312,30
1787280241,894915603,,lidar,99.82836151123047,142.09896850585938,198.91213989257812,30
1787280241,894978417,,ui,502.2939453125,546.9512939453125,549.1614379882812,30
1787280242,894939411,,esp32,100.00157165527344,139.6685028076172,159.94119262695312,30
1787280242,895227543,,lidar,99.833251953125,142.09896850585938,198.91213989257812,30
1787280242,895276609,,ui,502.5296325683594,546.9512939453125,549.1614379882812,30
1787280243,894862309,,esp32,99.99108123779297,139.6685028076172,159.94119262695312,30
1787280243,895116837,,lidar,99.83062744140625,142.09896850585938,198.91213989257812,30
1787280243,895167688,,ui,502.7376403808594,546.9512939453125,549.1614379882812,30
1787280244,894658865,,esp32,99.99108123779297,139.6685028076172,159.94119262695312,30
1787280244,894867967,,lidar,99.82836151123047,142.09896850585938,198.91213989257812,30
1787280244,894911822,,ui,502.5296325683594,546.9512939453125,549.1614379882812,30
1787280245,894886352,,esp32,99.99406433105469,139.6685028076172,159.94119262695312,30
1787280245,895127518,,lidar,99.83062744140625,142.09896850585938,198.91213989257812,30
1787280245,895180614,,ui,502.7376403808594,546.9512939453125,549.1614379882812,30
1787280246,894888826,,esp32,100.00407409667969,139.6685028076172,159.94119262695312,30
1787280246,895260421,,lidar,99.86924743652344,142.09896850585938,198.91213989257812,30
1787280246,895363137,,ui,502.7376403808594,546.9512939453125,549.1614379882812,30
1787280247,894853457,,esp32,100.01182556152344,139.6685028076172,159.94119262695312,30
1787280247,895092069,,lidar,99.87342071533203,142.09896850585938,198.91213989257812,30
1787280247,895141927,,ui,502.3591613769531,546.9512939453125,549.1614379882812,30
1787280248,894489654,,esp32,100.01182556152344,139.67034912109375,180.12713623046875,30
1787280248,894598097,,lidar,99.87342071533203,142.1095733642578,212.37826538085938,30
1787280248,894614884,,ui,502.7376403808594,546.7911376953125,548.7708740234375,30
1787280249,895142573,,esp32,100.01432800292969,139.66748046875,180.12713623046875,30
1787280249,895422444,,lidar,99.88689422607422,142.7567901611328,212.37826538085938,30
1787280249,895487980,,ui,502.7376403808594,546.7911376953125,548.7708740234375,30
1787280250,894880400,,esp32,100.02267456054688,139.66748046875,180.12713623046875,30
1787280250,895113450,,lidar,99.90048217773438,142.7567901611328,212.37826538085938,30
1787280250,895169940,,ui,502.3591613769531,546.7911376953125,548.7708740234375,30
1787280251,894672273,,esp32,100.02267456054688,139.66748046875,180.12713623046875,30
1787280251,894902501,,lidar,99.86924743652344,142.7567901611328,212.37826538085938,30
1787280251,894949675,,ui,501.8527526855469,543.9127197265625,548.7708740234375,30
1787280252,894855467,,esp32,100.01432800292969,139.66748046875,180.12713623046875,30
1787280252,895250292,,lidar,99.87342071533203,142.7567901611328,212.37826538085938,30
1787280252,895329717,,ui,501.8527526855469,543.9127197265625,548.7708740234375,30
1787280253,894734885,,esp32,100.00133514404297,139.66748046875,180.12713623046875,30
1787280253,894972657,,lidar,99.87342071533203,142.7567901611328,212.37826538085938,30
1787280253,895025696,,ui,502.3591613769531,543.9127197265625,548.7708740234375,30
1787280254,894771756,,esp32,100.00133514404297,139.66748046875,180.12713623046875,30
1787280254,895011119,,lidar,99.90620422363281,142.7567901611328,212.37826538085938,30
1787280254,895061045,,ui,502.3591613769531,543.9127197265625,548.7708740234375,30
1787280255,894811532,,esp32,99.99298858642578,139.66748046875,180.12713623046875,30
1787280255,895158699,,lidar,99.87342071533203,142.7567901611328,212.37826538085938,30
1787280255,895253126,,ui,502.3591613769531,543.9127197265625,548.7708740234375,30
1787280256,894821543,,esp32,99.99298858642578,139.66748046875,180.12713623046875,30
1787280256,895204413,,lidar,99.88617706298828,142.7567901611328,212.37826538085938,30
1787280256,895300527,,ui,502.7376403808594,543.9127197265625,548.7708740234375,30
1787280257,894839176,,esp32,99.99108123779297,139.66748046875,180.12713623046875,30
1787280257,895094195,,lidar,99.91061401367188,142.7567901611328,212.37826538085938,30
1787280257,895156471,,ui,502.4293518066406,543.9127197265625,548.7708740234375,30
1787280258,894847353,,esp32,99.99298858642578,139.66748046875,180.12713623046875,30
1787280258,895127346,,lidar,99.87723541259766,142.7567901611328,212.37826538085938,30
1787280258,895198797,,ui,501.8527526855469,543.9127197265625,548.7708740234375,30
1787280259,894800790,,esp32,99.99298858642578,139.66748046875,180.12713623046875,30
1787280259,895028804,,lidar,99.87199401855469,142.7567901611328,212.37826538085938,30
1787280259,895076574,,ui,502.4293518066406,543.9127197265625,548.7708740234375,30
1787280260,894654960,,esp32,99.99108123779297,139.66748046875,180.12713623046875,30
1787280260,894953376,,lidar,99.90155792236328,142.7567901611328,212.37826538085938,30
1787280260,895009052,,ui,501.8527526855469,543.9127197265625,548.7708740234375,30
1787280261,894862618,,esp32,100.00300598144531,139.66748046875,180.12713623046875,30
1787280261,895336187,,lidar,99.90155792236328,142.7567901611328,212.37826538085938,30
1787280261,895442906,,ui,502.48944091796875,543.9127197265625,548.7708740234375,30
1787280262,894720566,,esp32,99.99549102783203,139.66748046875,180.12713623046875,30
1787280262,894976464,,lidar,99.90096282958984,146.86041259765625,212.37826538085938,30
1787280262,895040350,,ui,502.48944091796875,543.9127197265625,548.7708740234375,30
1787280263,894655303,,esp32,99.99549102783203,139.67575073242188,180.12713623046875,30
1787280263,894871960,,lidar,99.899169921875,146.8622283935547,212.37826538085938,30
1787280263,894917283,,ui,502.48944091796875,543.9127197265625,548.7708740234375,30
1787280264,894814359,,esp32,99.99549102783203,139.69056701660156,180.12713623046875,30
1787280264,895256824,,lidar,99.90155792236328,147.36610412597656,212.37826538085938,30
1787280264,895357440,,ui,502.48944091796875,543.9127197265625,548.7708740234375,30
1787280265,894893948,,esp32,99.99823760986328,139.69056701660156,180.12713623046875,30
1787280265,895133622,,lidar,99.90310668945312,147.36610412597656,212.37826538085938,30
1787280265,895187646,,ui,501.8527526855469,543.9127197265625,548.7708740234375,30
1787280266,894806366,,esp32,99.99811553955078,139.69056701660156,180.12713623046875,30
1787280266,895221909,,lidar,99.93040466308594,147.36610412597656,212.37826538085938,30
1787280266,895322484,,ui,501.51776123046875,545.3472290039062,548.7708740234375,30
1787280267,894973793,,esp32,99.99811553955078,139.69056701660156,180.12713623046875,30
1787280267,895453462,,lidar,99.91061401367188,147.36610412597656,212.37826538085938,30
1787280267,895549235,,ui,500.7511291503906,545.3472290039062,548.7708740234375,30
1787280268,895015303,,esp32,99.99418640136719,139.69056701660156,180.12713623046875,30
1787280268,895390957,,lidar,99.90310668945312,147.36610412597656,212.37826538085938,30
1787280268,895497157,,ui,501.62957763671875,545.3472290039062,548.7708740234375,30
1787280269,894687576,,esp32,99.99418640136719,139.69056701660156,180.12713623046875,30
1787280269,894911735,,lidar,99.90310668945312,147.36610412597656,212.37826538085938,30
1787280269,894975728,,ui,500.7511291503906,545.3472290039062,548.7708740234375,30
1787280270,894884235,,esp32,99.99549102783203,139.69056701660156,180.12713623046875,30
1787280270,895240153,,lidar,99.89118957519531,147.36610412597656,212.37826538085938,30
1787280270,895316479,,ui,501.0274658203125,545.3472290039062,548.7708740234375,30
1787280271,894843542,,esp32,99.99418640136719,139.69056701660156,180.12713623046875,30
1787280271,895128111,,lidar,99.90406036376953,146.86041259765625,212.37826538085938,30
1787280271,895180649,,ui,501.0274658203125,545.3472290039062,548.7708740234375,30
1787280272,894592452,,esp32,99.99418640136719,139.69056701660156,180.12713623046875,30
1787280272,894824024,,lidar,99.90406036376953,146.86041259765625,212.37826538085938,30
1787280272,894865646,,ui,501.0274658203125,545.3472290039062,548.7708740234375,30
1787280273,894853580,,esp32,99.99549102783203,139.69056701660156,180.12713623046875,30
1787280273,895257593,,lidar,99.90096282958984,146.86041259765625,212.37826538085938,30
1787280273,895337344,,ui,501.0274658203125,545.3472290039062,548.7708740234375,30
1787280274,894810211,,esp32,100.0000228881836,139.69056701660156,180.12713623046875,30
1787280274,895066335,,lidar,99.90644836425781,146.86041259765625,212.37826538085938,30
1787280274,895119439,,ui,501.276123046875,545.3472290039062,548.7708740234375,30
1787280275,894760490,,esp32,100.0000228881836,139.69056701660156,180.12713623046875,30
1787280275,894973809,,lidar,99.91264343261719,146.86041259765625,212.37826538085938,30
1787280275,895019995,,ui,501.276123046875,545.3472290039062,548.7708740234375,30
1787280276,894864499,,esp32,99.99811553955078,139.69056701660156,180.12713623046875,30
1787280276,895268569,,lidar,99.90406036376953,146.86041259765625,212.37826538085938,30
1787280276,895358628,,ui,501.276123046875,545.3472290039062,548.7708740234375,30
1787280277,894883990,,esp32,99.99370574951172,139.89703369140625,180.12713623046875,30
1787280277,895160365,,lidar,99.90406036376953,146.86041259765625,212.37826538085938,30
1787280277,895216703,,ui,503.168212890625,545.3472290039062,548.7708740234375,30
1787280278,894843562,,esp32,99.99418640136719,139.67575073242188,159.05642700195312,30
1787280278,895198530,,lidar,99.90382385253906,145.47361755371094,157.96755981445312,30
1787280278,895272106,,ui,503.168212890625,539.9999389648438,542.968017578125,30
1787280279,894825467,,esp32,99.99811553955078,139.5833282470703,159.05642700195312,30
1787280279,895219291,,lidar,99.90227508544922,145.47361755371094,157.96755981445312,30
1787280279,895320462,,ui,503.168212890625,539.9999389648438,542.968017578125,30
1787280280,894701308,,esp32,99.99549102783203,139.5833282470703,159.05642700195312,30
1787280280,894930897,,lidar,99.9186019897461,145.47361755371094,157.96755981445312,30
1787280280,894978956,,ui,503.168212890625,539.9999389648438,542.968017578125,30
1787280281,894849469,,esp32,99.99394226074219,139.5833282470703,159.05642700195312,30
1787280281,895125416,,lidar,99.9134750366211,145.47361755371094,157.96755981445312,30
1787280281,895177143,,ui,503.6382751464844,539.9999389648438,542.968017578125,30
1787280282,894830817,,esp32,99.99811553955078,139.5833282470703,159.05642700195312,30
1787280282,895214962,,lidar,99.91240692138672,145.47361755371094,157.96755981445312,30
1787280282,895311637,,ui,503.168212890625,539.9999389648438,542.968017578125,30
1787280283,894749333,,esp32,100.0000228881836,139.5833282470703,159.05642700195312,30
1787280283,895064396,,lidar,99.92301177978516,145.47361755371094,157.96755981445312,30
1787280283,895137972,,ui,502.40313720703125,539.9999389648438,542.968017578125,30
1787280284,894675229,,esp32,100.0009765625,139.5833282470703,159.05642700195312,30
1787280284,894900322,,lidar,99.92301177978516,145.47361755371094,157.96755981445312,30
1787280284,894947240,,ui,501.276123046875,539.9999389648438,542.968017578125,30
1787280285,894805171,,esp32,100.0000228881836,139.5833282470703,159.05642700195312,30
1787280285,895087604,,lidar,99.93218994140625,145.47361755371094,157.96755981445312,30
1787280285,895156311,,ui,502.40313720703125,539.9999389648438,542.968017578125,30
1787280286,894865627,,esp32,100.0000228881836,139.5833282470703,159.05642700195312,30
1787280286,895100905,,lidar,99.93243408203125,145.47361755371094,157.96755981445312,30
1787280286,895148115,,ui,501.2044982910156,539.9999389648438,542.968017578125,30
1787280287,894736220,,esp32,99.99930572509766,139.5833282470703,159.05642700195312,30
1787280287,894986119,,lidar,99.92301177978516,145.47361755371094,157.96755981445312,30
1787280287,895036000,,ui,501.2044982910156,539.9999389648438,542.968017578125,30
1787280288,894807671,,esp32,99.99644470214844,139.5833282470703,159.05642700195312,30
1787280288,895065889,,lidar,99.93243408203125,145.47361755371094,157.96755981445312,30
1787280288,895133915,,ui,502.40313720703125,539.9999389648438,542.968017578125,30
1787280289,894845328,,esp32,99.99394226074219,139.5833282470703,159.05642700195312,30
1787280289,895076441,,lidar,99.93243408203125,145.47361755371094,157.96755981445312,30
1787280289,895122088,,ui,501.8066101074219,539.9999389648438,542.968017578125,30
1787280290,894855987,,esp32,99.99930572509766,139.5833282470703,159.05642700195312,30
1787280290,895236578,,lidar,99.94947814941406,145.47361755371094,157.96755981445312,30
1787280290,895332818,,ui,501.8066101074219,539.9999389648438,542.968017578125,30
1787280291,894787616,,esp32,100.0009765625,139.5833282470703,159.05642700195312,30
1787280291,895153951,,lidar,99.93374633789062,145.47361755371094,157.96755981445312,30
1787280291,895250855,,ui,501.2675476074219,541.9735107421875,542.968017578125,30
1787280292,894828565,,esp32,100.0000228881836,139.5833282470703,159.05642700195312,30
1787280292,895074751,,lidar,99.93374633789062,148.5521240234375,157.96755981445312,30
1787280292,895125648,,ui,501.8066101074219,543.9718627929688,545.4163818359375,30
1787280293,894779205,,esp32,100.0000228881836,139.89553833007812,159.05642700195312,30
1787280293,895150641,,lidar,99.93374633789062,153.18057250976562,195.170166015625,30
1787280293,895217051,,ui,501.8066101074219,561.8126220703125,585.4072265625,30
1787280294,894768571,,esp32,99.99930572509766,139.9085693359375,159.90353393554688,30
1787280294,894994809,,lidar,99.94459533691406,148.5521240234375,195.170166015625,30
1787280294,895039041,,ui,501.2675476074219,561.8126220703125,585.4072265625,30
1787280295,894821453,,esp32,99.99930572509766,139.9085693359375,159.90353393554688,30
1787280295,895093491,,lidar,99.92289733886719,148.5521240234375,195.170166015625,30
1787280295,895159795,,ui,501.8066101074219,561.8126220703125,585.4072265625,30
1787280296,894670888,,esp32,99.9969253540039,139.9085693359375,159.90353393554688,30
1787280296,895050229,,lidar,99.91336059570312,148.5521240234375,195.170166015625,30
1787280296,895146756,,ui,501.5046691894531,561.8126220703125,585.4072265625,30
1787280297,894688241,,esp32,100.0001449584961,139.9085693359375,159.90353393554688,30
1787280297,894986835,,lidar,99.92301177978516,148.5521240234375,195.170166015625,30
1787280297,895055155,,ui,501.8066101074219,561.8126220703125,585.4072265625,30
1787280298,894884899,,esp32,99.9969253540039,139.9085693359375,159.90353393554688,30
1787280298,895117202,,lidar,99.91240692138672,148.5521240234375,195.170166015625,30
1787280298,895167506,,ui,501.5046691894531,561.8126220703125,585.4072265625,30
1787280299,894782685,,esp32,99.9969253540039,139.9085693359375,159.90353393554688,30
1787280299,895043465,,lidar,99.90787506103516,148.5521240234375,195.170166015625,30
1787280299,895113964,,ui,501.5046691894531,561.8126220703125,585.4072265625,30
1787280300,894836809,,esp32,99.9969253540039,139.9085693359375,159.90353393554688,30
1787280300,895064331,,lidar,99.9186019897461,148.5521240234375,195.170166015625,30
1787280300,895116919,,ui,501.5046691894531,561.8126220703125,585.4072265625,30
1787280301,894911350,,esp32,100.0001449584961,139.9085693359375,159.90353393554688,30
1787280301,895261406,,lidar,99.90787506103516,148.5521240234375,195.170166015625,30
1787280301,895354365,,ui,502.47442626953125,561.8126220703125,585.4072265625,30
1787280302,894886143,,esp32,100.0001449584961,139.9085693359375,159.90353393554688,30
1787280302,895119195,,lidar,99.90096282958984,148.5521240234375,195.170166015625,30
1787280302,895188585,,ui,502.0055847167969,561.8126220703125,585.4072265625,30
1787280303,894813728,,esp32,100.0001449584961,139.9085693359375,159.90353393554688,30
1787280303,895064056,,lidar,99.91311645507812,148.5521240234375,195.170166015625,30
1787280303,895111799,,ui,501.5046691894531,561.8126220703125,585.4072265625,30
1787280304,894711975,,esp32,99.9969253540039,139.9085693359375,159.90353393554688,30
1787280304,894995887,,lidar,99.90191650390625,148.5521240234375,195.170166015625,30
1787280304,895046555,,ui,501.5046691894531,561.8126220703125,585.4072265625,30
1787280305,894851934,,esp32,100.0001449584961,139.9085693359375,159.90353393554688,30
1787280305,895096555,,lidar,99.9155044555664,148.5521240234375,195.170166015625,30
1787280305,895148496,,ui,501.7703857421875,561.8126220703125,585.4072265625,30
1787280306,894537648,,esp32,99.99752044677734,139.9085693359375,159.90353393554688,30
1787280306,894779405,,lidar,99.91407775878906,148.5056915283203,195.170166015625,30
1787280306,894826505,,ui,501.7703857421875,561.8126220703125,585.4072265625,30
1787280307,894895667,,esp32,100.00157165527344,139.5823974609375,159.90353393554688,30
1787280307,895310886,,lidar,99.8941650390625,148.5521240234375,195.170166015625,30
1787280307,895434748,,ui,501.0372314453125,561.8126220703125,585.4072265625,30
1787280308,894743088,,esp32,99.99871063232422,139.90716552734375,159.90353393554688,30
1787280308,894993731,,lidar,99.9153823852539,148.5521240234375,195.170166015625,30
1787280308,895044868,,ui,500.2374572753906,561.8126220703125,585.4072265625,30
1787280309,894746672,,esp32,99.99465942382812,140.19393920898438,159.90353393554688,30
1787280309,895150991,,lidar,99.89857482910156,133.1858673095703,195.170166015625,30
1787280309,895247441,,ui,500.2374572753906,566.3255004882812,585.4072265625,30
1787280310,894661577,,esp32,99.99418640136719,140.19393920898438,159.90353393554688,30
1787280310,894975024,,lidar,99.8780746459961,133.1858673095703,195.170166015625,30
1787280310,895032947,,ui,499.4540100097656,566.3255004882812,585.4072265625,30
1787280311,894449144,,esp32,99.99752044677734,140.19393920898438,159.90353393554688,30
1787280311,894549334,,lidar,99.88761138916016,133.1858673095703,195.170166015625,30
1787280311,894564127,,ui,499.4540100097656,566.3255004882812,585.4072265625,30
1787280312,894644922,,esp32,99.99573516845703,140.19393920898438,159.90353393554688,30
1787280312,895022664,,lidar,99.88761138916016,133.1858673095703,195.170166015625,30
1787280312,895093244,,ui,500.22601318359375,566.3255004882812,585.4072265625,30
1787280313,894675522,,esp32,99.99573516845703,140.19393920898438,159.90353393554688,30
1787280313,894904592,,lidar,99.8747329711914,133.1858673095703,195.170166015625,30
1787280313,894962043,,ui,500.22601318359375,566.3255004882812,585.4072265625,30
1787280314,894562491,,esp32,99.99418640136719,140.19393920898438,159.90353393554688,30
1787280314,894806083,,lidar,99.86591339111328,133.1858673095703,195.170166015625,30
1787280314,894866566,,ui,500.22601318359375,566.3255004882812,585.4072265625,30
1787280315,894637693,,esp32,99.99573516845703,140.19393920898438,159.90353393554688,30
1787280315,894883299,,lidar,99.86663055419922,133.1858673095703,195.170166015625,30
1787280315,894932187,,ui,501.0372314453125,566.3255004882812,585.4072265625,30
1787280316,894840065,,esp32,99.99573516845703,140.19393920898438,159.90353393554688,30
1787280316,895216859,,lidar,99.86663055419922,133.1858673095703,195.170166015625,30
1787280316,895306365,,ui,501.0372314453125,566.3255004882812,585.4072265625,30
1787280317,894691052,,esp32,99.99573516845703,140.19393920898438,159.90353393554688,30
1787280317,894919724,,lidar,99.8780746459961,133.1858673095703,195.170166015625,30
1787280317,894967404,,ui,501.0372314453125,566.3255004882812,585.4072265625,30
1787280318,894642739,,esp32,100.00074005126953,140.19393920898438,159.90353393554688,30
1787280318,894955985,,lidar,99.87712097167969,133.1858673095703,195.170166015625,30
1787280318,895011359,,ui,500.22601318359375,566.3255004882812,585.4072265625,30
1787280319,894672497,,esp32,100.00241088867188,140.19393920898438,159.90353393554688,30
1787280319,894909516,,lidar,99.8780746459961,133.1858673095703,195.170166015625,30
1787280319,894955831,,ui,500.463134765625,566.3255004882812,585.4072265625,30
1787280320,894737844,,esp32,99.99811553955078,140.19393920898438,159.90353393554688,30
1787280320,895028582,,lidar,99.8678207397461,133.1858673095703,195.170166015625,30
1787280320,895083880,,ui,499.3042907714844,566.3255004882812,585.4072265625,30
1787280321,894816944,,esp32,99.99322509765625,140.19393920898438,159.90353393554688,30
1787280321,895071133,,lidar,99.86519622802734,133.1858673095703,195.170166015625,30
1787280321,895121439,,ui,500.463134765625,566.3255004882812,585.4072265625,30
1787280322,894667698,,esp32,99.99322509765625,140.40167236328125,159.90353393554688,30
1787280322,894918375,,lidar,99.86305236816406,133.01473999023438,195.170166015625,30
1787280322,894968573,,ui,499.3042907714844,566.3255004882812,585.4072265625,30
1787280323,894803564,,esp32,99.99322509765625,140.40167236328125,159.90353393554688,30
1787280323,895053693,,lidar,99.86519622802734,133.1858673095703,150.04873657226562,30
1787280323,895105347,,ui,500.463134765625,542.6109008789062,553.0653076171875,30
1787280324,894830040,,esp32,99.99418640136719,139.9817352294922,159.58023071289062,30
1787280324,895241771,,lidar,99.86090850830078,145.42388916015625,151.5891571044922,30
1787280324,895334094,,ui,501.2805480957031,542.6109008789062,553.0653076171875,30
1787280325,894640164,,esp32,99.99418640136719,139.9817352294922,159.58023071289062,30
1787280325,894868437,,lidar,99.84612274169922,145.42388916015625,151.5891571044922,30
1787280325,894912844,,ui,501.2805480957031,542.6109008789062,553.0653076171875,30
1787280326,894603439,,esp32,99.98953247070312,139.9817352294922,159.58023071289062,30
1787280326,894934359,,lidar,99.86663055419922,145.42388916015625,151.5891571044922,30
1787280326,895016386,,ui,501.9267883300781,542.6109008789062,553.0653076171875,30
1787280327,894611593,,esp32,99.98190307617188,139.9817352294922,159.58023071289062,30
1787280327,894998619,,lidar,99.86090850830078,145.42388916015625,151.5891571044922,30
1787280327,895099383,,ui,501.72735595703125,542.6109008789062,553.0653076171875,30
1787280328,894702372,,esp32,99.98429107666016,139.9817352294922,159.58023071289062,30
1787280328,895089997,,lidar,99.86567687988281,145.42388916015625,151.5891571044922,30
1787280328,895186651,,ui,501.72735595703125,542.6109008789062,553.0653076171875,30
1787280329,894825801,,esp32,99.98953247070312,139.9817352294922,159.58023071289062,30
1787280329,895060547,,lidar,99.8687744140625,145.42388916015625,151.5891571044922,30
1787280329,895108536,,ui,501.72735595703125,542.6109008789062,553.0653076171875,30
1787280330,894755792,,esp32,99.99478149414062,139.9817352294922,159.58023071289062,30
1787280330,895012633,,lidar,99.87187194824219,145.42388916015625,151.5891571044922,30
1787280330,895062099,,ui,501.9267883300781,542.6109008789062,553.0653076171875,30
1787280331,894630387,,esp32,99.99478149414062,139.9817352294922,159.58023071289062,30
1787280331,894893143,,lidar,99.87712097167969,145.42388916015625,151.5891571044922,30
1787280331,894954512,,ui,501.72735595703125,542.6109008789062,553.0653076171875,30
1787280332,894882088,,esp32,100.00169372558594,139.9817352294922,159.58023071289062,30
1787280332,895174356,,lidar,99.86663055419922,145.42388916015625,151.5891571044922,30
1787280332,895232710,,ui,501.46783447265625,539.6764526367188,553.0653076171875,30
1787280333,894524469,,esp32,100.00169372558594,139.9817352294922,159.58023071289062,30
1787280333,894669305,,lidar,99.8678207397461,145.42388916015625,151.5891571044922,30
1787280333,894696411,,ui,501.72735595703125,544.8670654296875,553.0653076171875,30
1787280334,894609723,,esp32,100.01564025878906,139.9817352294922,159.58023071289062,30
1787280334,894873160,,lidar,99.87187194824219,145.42388916015625,151.5891571044922,30
1787280334,894937975,,ui,501.46783447265625,544.8670654296875,553.0653076171875,30
1787280335,894747421,,esp32,100.01564025878906,139.9817352294922,159.58023071289062,30
1787280335,895049065,,lidar,99.84326171875,145.42388916015625,151.5891571044922,30
1787280335,895109413,,ui,501.2444152832031,544.8670654296875,553.0653076171875,30
1787280336,894647873,,esp32,100.01850128173828,139.9817352294922,159.58023071289062,30
1787280336,894873213,,lidar,99.84957885742188,145.4681854248047,151.5891571044922,30
1787280336,894899475,,ui,501.2444152832031,544.8670654296875,553.0653076171875,30
1787280337,894762777,,esp32,100.01564025878906,139.9817352294922,159.58023071289062,30
1787280337,895035798,,lidar,99.84612274169922,145.42388916015625,151.5891571044922,30
1787280337,895092054,,ui,501.46783447265625,544.8670654296875,553.0653076171875,30
1787280338,894731112,,esp32,100.01945495605469,139.83702087402344,159.58023071289062,30
1787280338,894988768,,lidar,99.82872009277344,145.42388916015625,151.5891571044922,30
1787280338,895038445,,ui,501.46783447265625,544.8670654296875,553.0653076171875,30
1787280339,894850452,,esp32,100.021484375,139.78958129882812,159.78646850585938,30
1787280339,895199516,,lidar,99.84957885742188,146.32546997070312,151.5891571044922,30
1787280339,895291286,,ui,501.46783447265625,545.9833374023438,555.7877807617188,30
1787280340,894811554,,esp32,100.02005004882812,139.78958129882812,159.78646850585938,30
1787280340,895065497,,lidar,99.86830139160156,146.32546997070312,151.5891571044922,30
1787280340,895120444,,ui,502.01104736328125,545.9833374023438,555.7877807617188,30
1787280341,894792966,,esp32,100.02255249023438,139.78958129882812,159.78646850585938,30
1787280341,895212945,,lidar,99.87032318115234,146.32546997070312,151.5891571044922,30
1787280341,895316484,,ui,501.46783447265625,545.9833374023438,555.7877807617188,30
1787280342,894794989,,esp32,100.02613067626953,139.78958129882812,159.78646850585938,30
1787280342,895053372,,lidar,99.8790283203125,146.32546997070312,151.5891571044922,30
1787280342,895108203,,ui,502.01104736328125,545.9833374023438,555.7877807617188,30
1787280343,894782230,,esp32,100.02255249023438,139.78958129882812,159.78646850585938,30
1787280343,895085271,,lidar,99.92265319824219,146.32546997070312,151.5891571044922,30
1787280343,895144908,,ui,502.01104736328125,545.9833374023438,555.7877807617188,30
1787280344,894677021,,esp32,100.03483581542969,139.78958129882812,159.78646850585938,30
1787280344,895003977,,lidar,99.92754364013672,146.32546997070312,151.5891571044922,30
1787280344,895067373,,ui,502.01104736328125,545.9833374023438,555.7877807617188,30
1787280345,894756298,,esp32,100.03102111816406,139.78958129882812,159.78646850585938,30
1787280345,895159097,,lidar,99.92265319824219,146.32546997070312,151.5891571044922,30
1787280345,895260887,,ui,501.4255065917969,545.9833374023438,555.7877807617188,30
1787280346,894600870,,esp32,100.0374526977539,139.78958129882812,159.78646850585938,30
1787280346,894878466,,lidar,99.9287338256836,146.32546997070312,151.5891571044922,30
1787280346,894948995,,ui,501.75225830078125,545.9833374023438,555.7877807617188,30
1787280347,894750860,,esp32,100.03483581542969,139.78958129882812,159.78646850585938,30
1787280347,895013593,,lidar,99.92623138427734,146.32546997070312,151.5891571044922,30
1787280347,895065125,,ui,501.75225830078125,545.9833374023438,555.7877807617188,30
1787280348,894660444,,esp32,100.02625274658203,139.78958129882812,159.78646850585938,30
1787280348,894895032,,lidar,99.93362426757812,146.32546997070312,151.5891571044922,30
1787280348,894941433,,ui,501.75225830078125,545.9833374023438,555.7877807617188,30
1787280349,894921148,,esp32,100.02291107177734,139.78958129882812,159.78646850585938,30
1787280349,895283588,,lidar,99.9287338256836,146.32546997070312,151.5891571044922,30
1787280349,895377915,,ui,501.75225830078125,545.9833374023438,555.7877807617188,30
1787280350,894654572,,esp32,100.02005004882812,139.78958129882812,159.78646850585938,30
1787280350,894939472,,lidar,99.9156265258789,146.32546997070312,151.5891571044922,30
1787280350,894996494,,ui,501.75225830078125,545.9833374023438,555.7877807617188,30
1787280351,894565235,,esp32,100.01850128173828,139.78958129882812,159.78646850585938,30
1787280351,894930120,,lidar,99.929931640625,146.32546997070312,151.5891571044922,30
1787280351,895024193,,ui,501.75225830078125,545.9833374023438,555.7877807617188,30
1787280352,894736664,,esp32,100.02005004882812,139.7380828857422,159.78646850585938,30
1787280352,895015601,,lidar,99.93815612792969,145.42388916015625,151.5891571044922,30
1787280352,895081007,,ui,501.8556213378906,546.1494750976562,555.7877807617188,30
1787280353,894577059,,esp32,100.02291107177734,139.64178466796875,159.78646850585938,30
1787280353,894906525,,lidar,99.93839263916016,133.6310577392578,151.5891571044922,30
1787280353,894965225,,ui,501.6473388671875,545.9833374023438,555.7877807617188,30
1787280354,894387627,,esp32,100.02005004882812,139.64178466796875,159.78646850585938,30
1787280354,894593811,,lidar,99.93862915039062,133.6310577392578,155.03167724609375,30
1787280354,894644759,,ui,501.4946594238281,545.9833374023438,555.7877807617188,30
1787280355,894843518,,esp32,100.02374267578125,139.64178466796875,159.78646850585938,30
1787280355,895264257,,lidar,99.94483184814453,133.6310577392578,155.03167724609375,30
1787280355,895358881,,ui,501.30926513671875,545.9833374023438,555.7877807617188,30
1787280356,894831166,,esp32,100.02374267578125,139.64178466796875,159.78646850585938,30
1787280356,895117245,,lidar,99.929931640625,133.6310577392578,155.03167724609375,30
1787280356,895187267,,ui,501.2571716308594,545.9833374023438,555.7877807617188,30
1787280357,894784266,,esp32,100.02374267578125,139.64178466796875,159.78646850585938,30
1787280357,895073151,,lidar,99.93470001220703,133.6310577392578,155.03167724609375,30
1787280357,895144980,,ui,501.2750549316406,546.1494750976562,555.7877807617188,30
1787280358,894762262,,esp32,100.02374267578125,139.64178466796875,159.78646850585938,30
1787280358,895019480,,lidar,99.94303894042969,133.6310577392578,155.03167724609375,30
1787280358,895070037,,ui,501.30926513671875,545.9833374023438,555.7877807617188,30
1787280359,894653657,,esp32,100.01754760742188,139.64178466796875,159.78646850585938,30
1787280359,894910951,,lidar,99.93839263916016,133.6310577392578,155.03167724609375,30
1787280359,894963217,,ui,501.30926513671875,545.9833374023438,555.7877807617188,30
1787280360,894784072,,esp32,100.01445007324219,139.64178466796875,159.78646850585938,30
1787280360,895073754,,lidar,99.9287338256836,133.6310577392578,155.03167724609375,30
1787280360,895129609,,ui,501.2750549316406,546.1494750976562,555.7877807617188,30
1787280361,894853127,,esp32,100.01445007324219,139.64178466796875,159.78646850585938,30
1787280361,895292895,,lidar,99.929931640625,133.6310577392578,155.03167724609375,30
1787280361,895406129,,ui,501.3434753417969,546.1494750976562,555.7877807617188,30
1787280362,894664415,,esp32,100.00372314453125,139.64178466796875,159.78646850585938,30
1787280362,895024967,,lidar,99.93099975585938,133.6310577392578,155.03167724609375,30
1787280362,895118189,,ui,501.3434753417969,546.1494750976562,555.7877807617188,30
1787280363,894610068,,esp32,100.00586700439453,139.64178466796875,159.78646850585938,30
1787280363,894866588,,lidar,99.93099975585938,133.6310577392578,155.03167724609375,30
1787280363,894921177,,ui,501.64581298828125,542.0014038085938,555.7877807617188,30
1787280364,894568993,,esp32,100.0008544921875,139.64178466796875,159.78646850585938,30
1787280364,894804304,,lidar,99.93099975585938,133.6310577392578,155.03167724609375,30
1787280364,894849445,,ui,501.64581298828125,542.0014038085938,555.7877807617188,30
1787280365,894678485,,esp32,100.00419616699219,139.64178466796875,159.78646850585938,30
1787280365,894914580,,lidar,99.9349365234375,133.6310577392578,155.03167724609375,30
1787280365,894967208,,ui,501.64581298828125,542.0014038085938,555.7877807617188,30
1787280366,894612913,,esp32,100.0008544921875,139.64178466796875,159.78646850585938,30
1787280366,894847886,,lidar,99.93148040771484,133.6310577392578,155.03167724609375,30
1787280366,894894483,,ui,501.66534423828125,542.0014038085938,555.7877807617188,30
1787280367,894822733,,esp32,100.00634002685547,139.64663696289062,159.78646850585938,30
1787280367,895269622,,lidar,99.9349365234375,143.4525909423828,155.03167724609375,30
1787280367,895375042,,ui,501.8556213378906,542.0014038085938,555.7877807617188,30
1787280368,894800693,,esp32,99.99966430664062,139.75885009765625,1419.73095703125,30
1787280368,895117603,,lidar,99.9349365234375,144.5967559814453,155.03167724609375,30
1787280368,895171994,,ui,501.8556213378906,542.0014038085938,555.7877807617188,30
1787280369,894587397,,esp32,99.99966430664062,139.5530242919922,1419.73095703125,30
1787280369,894941532,,lidar,99.93099975585938,143.4525909423828,155.03167724609375,30
1787280369,895002183,,ui,501.8556213378906,536.5111694335938,542.7157592773438,30
1787280370,894512291,,esp32,99.99966430664062,139.5530242919922,1419.73095703125,30
1787280370,894697901,,lidar,99.91574096679688,143.4525909423828,155.03167724609375,30
1787280370,894738760,,ui,501.66534423828125,536.5111694335938,542.7157592773438,30
1787280371,894642067,,esp32,99.99012756347656,139.5530242919922,1419.73095703125,30
1787280371,894877861,,lidar,99.8952407836914,143.4525909423828,155.03167724609375,30
1787280371,894927728,,ui,502.3002624511719,536.5111694335938,542.7157592773438,30
1787280372,894794522,,esp32,99.9848861694336,139.5530242919922,1419.73095703125,30
1787280372,895228901,,lidar,99.88737487792969,143.4525909423828,155.03167724609375,30
1787280372,895332684,,ui,501.66534423828125,536.5111694335938,542.7157592773438,30
1787280373,894757631,,esp32,99.99966430664062,139.5530242919922,1419.73095703125,30
1787280373,894996461,,lidar,99.88117218017578,143.4525909423828,155.03167724609375,30
1787280373,895042515,,ui,501.66534423828125,536.5111694335938,542.7157592773438,30
1787280374,894745201,,esp32,99.9948959350586,139.5530242919922,1419.73095703125,30
1787280374,895174923,,lidar,99.87235260009766,143.4525909423828,155.03167724609375,30
1787280374,895281177,,ui,502.3002624511719,536.5111694335938,542.7157592773438,30
1787280375,894822419,,esp32,100.00634002685547,139.5530242919922,1419.73095703125,30
1787280375,895109928,,lidar,99.87413787841797,143.4525909423828,155.03167724609375,30
1787280375,895161701,,ui,502.79736328125,536.5111694335938,542.7157592773438,30
1787280376,894822123,,esp32,100.00634002685547,139.95501708984375,1419.73095703125,30
1787280376,895102080,,lidar,99.85017395019531,143.4525909423828,155.03167724609375,30
1787280376,895158145,,ui,502.79736328125,536.5111694335938,542.7157592773438,30
1787280377,894668629,,esp32,100.01445007324219,139.95501708984375,1419.73095703125,30
1787280377,894928761,,lidar,99.84803009033203,143.4525909423828,155.03167724609375,30
1787280377,894980629,,ui,501.66534423828125,536.5111694335938,542.7157592773438,30
1787280378,894766469,,esp32,100.01445007324219,139.95501708984375,1419.73095703125,30
1787280378,895137308,,lidar,99.85017395019531,143.4525909423828,155.03167724609375,30
1787280378,895234005,,ui,501.66534423828125,536.5111694335938,542.7157592773438,30
1787280379,894756822,,esp32,100.01468658447266,139.95501708984375,1419.73095703125,30
1787280379,895005156,,lidar,99.86078643798828,143.4525909423828,155.03167724609375,30
1787280379,895053130,,ui,501.66534423828125,537.8054809570312,542.7157592773438,30
1787280380,894533360,,esp32,100.01445007324219,140.28646850585938,1419.73095703125,30
1787280380,894825894,,lidar,99.86841583251953,143.4525909423828,155.03167724609375,30
1787280380,894979652,,ui,502.79736328125,537.8054809570312,542.7157592773438,30
1787280381,894730860,,esp32,100.01445007324219,140.28646850585938,1419.73095703125,30
1787280381,895034356,,lidar,99.8829574584961,143.4525909423828,155.03167724609375,30
1787280381,895083930,,ui,501.66534423828125,537.8054809570312,542.7157592773438,30
1787280382,894792000,,esp32,100.01468658447266,140.4390106201172,1419.73095703125,30
1787280382,895032258,,lidar,99.8829574584961,144.6216278076172,155.03167724609375,30
1787280382,895080187,,ui,501.65557861328125,537.7208251953125,542.7157592773438,30
1787280383,894727944,,esp32,99.99966430664062,140.4390106201172,1419.73095703125,30
1787280383,895079187,,lidar,99.88117218017578,148.80372619628906,155.03167724609375,30
1787280383,895182707,,ui,501.7275695800781,537.8054809570312,542.7157592773438,30
1787280384,894667850,,esp32,100.01445007324219,140.46865844726562,1419.73095703125,30
1787280384,894923587,,lidar,99.87449645996094,144.6216278076172,151.66139221191406,30
1787280384,894970432,,ui,501.7275695800781,537.8054809570312,542.7157592773438,30
1787280385,894627451,,esp32,100.01445007324219,140.46865844726562,1419.73095703125,30
1787280385,894898194,,lidar,99.86841583251953,144.6216278076172,151.66139221191406,30
1787280385,894968466,,ui,502.4020690917969,537.8054809570312,542.7157592773438,30
1787280386,894526511,,esp32,100.01445007324219,140.46865844726562,1419.73095703125,30
1787280386,894745439,,lidar,99.86078643798828,144.6216278076172,151.66139221191406,30
1787280386,894796096,,ui,502.4020690917969,537.8054809570312,542.7157592773438,30
1787280387,894731623,,esp32,100.01468658447266,140.46865844726562,1419.73095703125,30
1787280387,894976503,,lidar,99.83956909179688,144.6216278076172,151.66139221191406,30
1787280387,895029096,,ui,501.8781433105469,537.7208251953125,542.7157592773438,30
1787280388,894514374,,esp32,100.01468658447266,140.46865844726562,1419.73095703125,30
1787280388,894683532,,lidar,99.83956909179688,144.6216278076172,151.66139221191406,30
1787280388,894726101,,ui,502.0287170410156,537.8599853515625,542.7157592773438,30
1787280389,894476546,,esp32,100.0213623046875,140.46865844726562,1419.73095703125,30
1787280389,894717498,,lidar,99.85160827636719,144.6216278076172,151.66139221191406,30
1787280389,894767540,,ui,502.0287170410156,537.8599853515625,542.7157592773438,30
1787280390,894553258,,esp32,100.0213623046875,140.46865844726562,1419.73095703125,30
1787280390,894900780,,lidar,99.82919311523438,144.57965087890625,151.66139221191406,30
1787280390,894968802,,ui,501.8781433105469,537.7762451171875,542.7157592773438,30
1787280391,894544398,,esp32,100.02303314208984,140.46865844726562,1419.73095703125,30
1787280391,894849988,,lidar,99.83969116210938,144.57965087890625,151.66139221191406,30
1787280391,894916594,,ui,501.8781433105469,537.7762451171875,542.7157592773438,30
1787280392,894484781,,esp32,100.02589416503906,140.46865844726562,1419.73095703125,30
1787280392,894744859,,lidar,99.84612274169922,144.57965087890625,151.66139221191406,30
1787280392,894796848,,ui,501.8781433105469,537.7762451171875,542.7157592773438,30
1787280393,894784690,,esp32,100.02589416503906,140.46865844726562,1419.73095703125,30
1787280393,895204317,,lidar,99.81346130371094,144.57965087890625,151.66139221191406,30
1787280393,895297216,,ui,501.2221374511719,537.7762451171875,542.7157592773438,30
1787280394,894573307,,esp32,100.026611328125,140.46865844726562,1419.73095703125,30
1787280394,894826138,,lidar,99.82037353515625,144.57965087890625,151.66139221191406,30
1787280394,894876806,,ui,501.8781433105469,537.7762451171875,542.7157592773438,30
1787280395,894533417,,esp32,100.0213623046875,140.46865844726562,1419.73095703125,30
1787280395,894945546,,lidar,99.83969116210938,144.57965087890625,151.66139221191406,30
1787280395,895036194,,ui,501.8041076660156,537.7762451171875,542.7157592773438,30
1787280396,894637679,,esp32,100.0213623046875,140.46865844726562,1419.73095703125,30
1787280396,895053761,,lidar,99.81346130371094,144.57965087890625,151.66139221191406,30
1787280396,895163955,,ui,501.4541015625,537.7762451171875,542.7157592773438,30
1787280397,894713315,,esp32,100.02088928222656,140.46058654785156,1419.73095703125,30
1787280397,894977783,,lidar,99.82132720947266,143.8528594970703,151.66139221191406,30
1787280397,895025962,,ui,500.94866943359375,541.4288330078125,542.7157592773438,30
1787280398,894680079,,esp32,100.0221939086914,140.45050048828125,140.91635131835938,30
1787280398,894928019,,lidar,99.82132720947266,142.40768432617188,151.66139221191406,30
1787280398,894975390,,ui,500.94866943359375,541.4288330078125,542.7157592773438,30
1787280399,894542283,,esp32,100.0221939086914,140.54302978515625,140.91635131835938,30
1787280399,894918977,,lidar,99.82919311523438,142.39358520507812,151.66139221191406,30
1787280399,895003968,,ui,500.94866943359375,536.8819580078125,540.5344848632812,30
1787280400,894335628,,esp32,100.0221939086914,140.54302978515625,140.91635131835938,30
1787280400,894453535,,lidar,99.85279846191406,142.39358520507812,151.66139221191406,30
1787280400,894473212,,ui,500.94866943359375,540.8253173828125,541.2437744140625,30
1787280401,894685418,,esp32,100.02088928222656,140.54302978515625,140.91635131835938,30
1787280401,895136959,,lidar,99.8423080444336,142.39358520507812,151.66139221191406,30
1787280401,895243687,,ui,501.06787109375,540.8253173828125,541.2437744140625,30
1787280402,894717945,,esp32,100.01599884033203,140.54302978515625,140.91635131835938,30
1787280402,895026013,,lidar,99.85279846191406,142.39358520507812,151.66139221191406,30
1787280402,895084440,,ui,501.06787109375,540.8253173828125,541.2437744140625,30
1787280403,894605237,,esp32,100.01599884033203,140.54302978515625,140.91635131835938,30
1787280403,895017780,,lidar,99.8423080444336,142.39358520507812,151.66139221191406,30
1787280403,895111987,,ui,501.06787109375,540.8253173828125,541.2437744140625,30
1787280404,894810313,,esp32,100.01325988769531,140.54302978515625,140.91635131835938,30
1787280404,895238282,,lidar,99.85685729980469,142.39358520507812,151.66139221191406,30
1787280404,895346810,,ui,501.06787109375,540.8253173828125,541.2437744140625,30
1787280405,894652581,,esp32,100.01325988769531,140.54302978515625,140.91635131835938,30
1787280405,895078421,,lidar,99.8423080444336,142.39358520507812,151.66139221191406,30
1787280405,895187618,,ui,500.8359069824219,540.8253173828125,541.2437744140625,30
1787280406,894759511,,esp32,100.00491333007812,140.45022583007812,140.61068725585938,30
1787280406,895123120,,lidar,99.85685729980469,142.39358520507812,151.66139221191406,30
1787280406,895211508,,ui,500.8359069824219,540.8253173828125,541.2437744140625,30
1787280407,894744478,,esp32,100.00372314453125,140.45022583007812,140.61068725585938,30
1787280407,895122947,,lidar,99.91812896728516,142.39358520507812,151.66139221191406,30
1787280407,895237395,,ui,501.06787109375,540.8253173828125,541.2437744140625,30
1787280408,894780885,,esp32,100.00491333007812,140.45022583007812,140.61068725585938,30
1787280408,895197049,,lidar,99.85685729980469,142.39358520507812,151.66139221191406,30
1787280408,895297944,,ui,501.06787109375,540.8253173828125,541.2437744140625,30
1787280409,894656766,,esp32,100.00491333007812,140.45022583007812,140.61068725585938,30
1787280409,894975591,,lidar,99.8423080444336,142.39358520507812,151.66139221191406,30
1787280409,895023945,,ui,501.06787109375,540.8253173828125,541.2437744140625,30
1787280410,894559320,,esp32,100.01468658447266,140.43865966796875,140.61068725585938,30
1787280410,894854558,,lidar,99.88117218017578,142.39358520507812,151.66139221191406,30
1787280410,894923311,,ui,501.06787109375,540.8253173828125,541.2437744140625,30
1787280411,894736881,,esp32,100.01587677001953,140.43865966796875,140.61068725585938,30
1787280411,895155627,,lidar,99.82609558105469,142.39358520507812,151.66139221191406,30
1787280411,895268005,,ui,501.5306396484375,540.8253173828125,541.2437744140625,30
1787280412,894637269,,esp32,100.01468658447266,140.54302978515625,140.61068725585938,30
1787280412,894913671,,lidar,99.80642700195312,142.40768432617188,151.66139221191406,30
1787280412,894967261,,ui,501.5306396484375,540.8253173828125,541.2437744140625,30
1787280413,894570453,,esp32,100.01468658447266,140.54302978515625,140.61068725585938,30
1787280413,894890999,,lidar,99.8077392578125,143.80311584472656,149.30177307128906,30
1787280413,894940538,,ui,500.70001220703125,540.8253173828125,541.2437744140625,30
1787280414,894700766,,esp32,100.00944519042969,140.54302978515625,141.47901916503906,30
1787280414,895093959,,lidar,99.8077392578125,145.2991943359375,149.30177307128906,30
1787280414,895180644,,ui,501.5306396484375,540.8253173828125,541.2437744140625,30
1787280415,894572210,,esp32,100.01325988769531,140.54302978515625,141.47901916503906,30
1787280415,894821973,,lidar,99.87831115722656,145.2991943359375,149.30177307128906,30
1787280415,894874978,,ui,501.06787109375,540.8253173828125,541.2437744140625,30
1787280416,894586863,,esp32,100.01325988769531,140.54302978515625,141.47901916503906,30
1787280416,895007787,,lidar,99.8933334350586,145.2991943359375,149.30177307128906,30
1787280416,895107352,,ui,500.70001220703125,540.8253173828125,541.2437744140625,30
1787280417,894643260,,esp32,100.01325988769531,140.54302978515625,141.47901916503906,30
1787280417,894897677,,lidar,99.88737487792969,145.2991943359375,149.30177307128906,30
1787280417,894950765,,ui,501.12603759765625,540.8253173828125,541.2437744140625,30
1787280418,894575003,,esp32,100.01587677001953,140.54302978515625,141.47901916503906,30
1787280418,894852556,,lidar,99.89070892333984,145.2991943359375,149.30177307128906,30
1787280418,894915632,,ui,501.12603759765625,540.8253173828125,541.2437744140625,30
1787280419,894637639,,esp32,100.01468658447266,140.5711669921875,141.47901916503906,30
1787280419,894972383,,lidar,99.92694854736328,145.2991943359375,149.30177307128906,30
1787280419,895046788,,ui,501.12603759765625,540.8253173828125,541.2437744140625,30
1787280420,894638933,,esp32,100.01325988769531,140.5711669921875,141.47901916503906,30
1787280420,894972146,,lidar,99.9461441040039,145.3025360107422,149.30177307128906,30
1787280420,895034870,,ui,501.12603759765625,540.8253173828125,541.2437744140625,30
1787280421,894596269,,esp32,100.01325988769531,140.5711669921875,141.47901916503906,30
1787280421,895026251,,lidar,99.92253875732422,145.3025360107422,149.30177307128906,30
1787280421,895122043,,ui,501.12603759765625,540.8253173828125,541.2437744140625,30
1787280422,894703470,,esp32,100.01325988769531,140.5711669921875,141.47901916503906,30
1787280422,895048199,,lidar,99.9308853149414,145.3025360107422,149.30177307128906,30
1787280422,895148506,,ui,501.26861572265625,540.8253173828125,541.2437744140625,30
1787280423,894616819,,esp32,100.0062255859375,140.5711669921875,141.47901916503906,30
1787280423,894876766,,lidar,99.92325592041016,145.3025360107422,149.30177307128906,30
1787280423,894929909,,ui,501.26861572265625,540.8253173828125,541.2437744140625,30
1787280424,894684009,,esp32,100.00372314453125,140.5711669921875,141.47901916503906,30
1787280424,894945285,,lidar,99.87437438964844,145.3025360107422,149.30177307128906,30
1787280424,894995294,,ui,501.12603759765625,540.8253173828125,541.2437744140625,30
1787280425,894536002,,esp32,100.00908660888672,140.5711669921875,141.47901916503906,30
1787280425,894781960,,lidar,99.88426971435547,145.3025360107422,149.30177307128906,30
1787280425,894836675,,ui,501.12603759765625,540.8253173828125,541.2437744140625,30
1787280426,894581506,,esp32,100.00908660888672,140.5711669921875,141.47901916503906,30
1787280426,894932795,,lidar,99.92325592041016,145.3025360107422,149.30177307128906,30
1787280426,894997058,,ui,501.0132751464844,540.8253173828125,541.2437744140625,30
1787280427,894622602,,esp32,100.01325988769531,140.5711669921875,141.47901916503906,30
1787280427,894888208,,lidar,99.92837524414062,145.2991943359375,149.30177307128906,30
1787280427,894937331,,ui,501.0132751464844,537.6370849609375,541.2437744140625,30
1787280428,894588297,,esp32,100.01290130615234,140.60081481933594,141.47901916503906,30
1787280428,895014250,,lidar,99.92837524414062,145.2991943359375,149.30177307128906,30
1787280428,895110667,,ui,501.0132751464844,537.6370849609375,541.2437744140625,30
1787280429,894559591,,esp32,100.01290130615234,140.60081481933594,141.47901916503906,30
1787280429,894815320,,lidar,99.9306411743164,145.3025360107422,149.30177307128906,30
1787280429,894872892,,ui,500.6827087402344,537.6370849609375,541.2437744140625,30
1787280430,894685820,,esp32,100.01290130615234,140.60081481933594,141.47901916503906,30
1787280430,895001588,,lidar,99.8890380859375,145.3025360107422,149.30177307128906,30
1787280430,895089926,,ui,500.9828796386719,532.6113891601562,535.1307373046875,30
1787280431,894676077,,esp32,100.00955963134766,140.60081481933594,141.47901916503906,30
1787280431,894955313,,lidar,99.92086791992188,145.3025360107422,149.30177307128906,30
1787280431,895008586,,ui,500.7104797363281,531.988525390625,535.1307373046875,30
1787280432,894574424,,esp32,100.01468658447266,140.60081481933594,141.47901916503906,30
1787280432,895033740,,lidar,99.92086791992188,145.3025360107422,149.30177307128906,30
1787280432,895145185,,ui,500.7104797363281,531.988525390625,535.1307373046875,30
1787280433,894631138,,esp32,100.01445007324219,140.60081481933594,141.47901916503906,30
1787280433,894898431,,lidar,99.92086791992188,145.3025360107422,149.30177307128906,30
1787280433,894953170,,ui,501.0410461425781,531.988525390625,535.1307373046875,30
1787280434,894646341,,esp32,100.0173110961914,140.60081481933594,141.47901916503906,30
1787280434,895093584,,lidar,99.92945098876953,145.3025360107422,149.30177307128906,30
1787280434,895205003,,ui,500.3565673828125,531.988525390625,535.1307373046875,30
1787280435,894617177,,esp32,100.01587677001953,140.60081481933594,141.47901916503906,30
1787280435,894888219,,lidar,99.92945098876953,145.3025360107422,149.30177307128906,30
1787280435,894936778,,ui,500.7104797363281,531.988525390625,535.1307373046875,30
1787280436,894632236,,esp32,100.02172088623047,140.60081481933594,141.47901916503906,30
1787280436,894927413,,lidar,99.92742919921875,145.3025360107422,149.30177307128906,30
1787280436,894982536,,ui,501.0410461425781,531.1027221679688,535.1307373046875,30
1787280437,894532056,,esp32,100.02362823486328,140.60081481933594,141.47901916503906,30
1787280437,894843087,,lidar,99.92504119873047,145.3025360107422,149.30177307128906,30
1787280437,894902091,,ui,500.8963317871094,531.1027221679688,535.1307373046875,30
1787280438,894579647,,esp32,100.01850128173828,140.60081481933594,141.47901916503906,30
1787280438,894839218,,lidar,99.92849731445312,145.3025360107422,149.30177307128906,30
1787280438,894888742,,ui,501.0410461425781,531.1027221679688,535.1307373046875,30
1787280439,894584826,,esp32,100.01492309570312,140.60081481933594,141.47901916503906,30
1787280439,894872314,,lidar,99.92813873291016,145.3025360107422,149.30177307128906,30
1787280439,894951756,,ui,500.8963317871094,531.1027221679688,535.1307373046875,30
1787280440,894635416,,esp32,100.01194763183594,140.60081481933594,141.47901916503906,30
1787280440,895059669,,lidar,99.91061401367188,145.3025360107422,149.30177307128906,30
1787280440,895158280,,ui,500.5961608886719,531.1027221679688,535.1307373046875,30
1787280441,894645935,,esp32,100.01194763183594,140.60081481933594,141.47901916503906,30
1787280441,894898291,,lidar,99.90263366699219,145.3025360107422,149.30177307128906,30
1787280441,894950791,,ui,500.5961608886719,531.1027221679688,535.1307373046875,30
1787280442,894702740,,esp32,100.00968170166016,140.68568420410156,141.47901916503906,30
1787280442,895116756,,lidar,99.90620422363281,145.63275146484375,148.45944213867188,30
1787280442,895218948,,ui,500.5961608886719,531.1027221679688,535.1307373046875,30
1787280443,894549968,,esp32,100.00968170166016,140.7216033935547,141.47901916503906,30
1787280443,894799971,,lidar,99.90263366699219,140.31387329101562,148.45944213867188,30
1787280443,894859847,,ui,500.8963317871094,531.1027221679688,535.1307373046875,30
1787280444,894536124,,esp32,100.01123046875,140.7752685546875,141.05271911621094,30
1787280444,894782948,,lidar,99.91061401367188,140.32435607910156,153.50747680664062,30
1787280444,894830949,,ui,500.5423889160156,530.5079956054688,535.1307373046875,30
1787280445,894579240,,esp32,100.00968170166016,140.7752685546875,141.05271911621094,30
1787280445,894875261,,lidar,99.90263366699219,140.32435607910156,153.50747680664062,30
1787280445,894941960,,ui,500.8963317871094,530.5079956054688,535.1307373046875,30
1787280446,894601892,,esp32,100.00801086425781,140.7752685546875,141.05271911621094,30
1787280446,894860924,,lidar,99.88546752929688,140.32435607910156,153.50747680664062,30
1787280446,894911164,,ui,500.8963317871094,530.5079956054688,535.1307373046875,30
1787280447,894643733,,esp32,100.00968170166016,140.7752685546875,141.05271911621094,30
1787280447,895047865,,lidar,99.90263366699219,140.32435607910156,153.50747680664062,30
1787280447,895140828,,ui,500.8963317871094,530.5079956054688,535.1307373046875,30
1787280448,894648214,,esp32,100.00753784179688,140.7752685546875,141.05271911621094,30
1787280448,894928552,,lidar,99.9146728515625,140.32435607910156,153.50747680664062,30
1787280448,894978872,,ui,501.0719299316406,530.5079956054688,535.1307373046875,30
1787280449,894557823,,esp32,100.00753784179688,140.7752685546875,141.05271911621094,30
1787280449,894844213,,lidar,99.89857482910156,140.32435607910156,153.50747680664062,30
1787280449,894918038,,ui,500.8963317871094,530.5079956054688,535.1307373046875,30
1787280450,894637709,,esp32,100.00753784179688,140.7752685546875,141.05271911621094,30
1787280450,895069722,,lidar,99.89857482910156,140.32435607910156,153.50747680664062,30
1787280450,895170140,,ui,501.0719299316406,530.5079956054688,535.1307373046875,30
1787280451,894637078,,esp32,100.00646209716797,140.7752685546875,141.05271911621094,30
1787280451,894933411,,lidar,99.91026306152344,140.32435607910156,153.50747680664062,30
1787280451,894988962,,ui,501.0719299316406,530.5079956054688,535.1307373046875,30
1787280452,894684704,,esp32,100.00753784179688,140.7752685546875,141.05271911621094,30
1787280452,894962215,,lidar,99.9146728515625,140.32435607910156,153.50747680664062,30
1787280452,895015558,,ui,500.8504333496094,530.5079956054688,535.1307373046875,30
1787280453,894556980,,esp32,100.00753784179688,140.7752685546875,141.05271911621094,30
1787280453,894894267,,lidar,99.92504119873047,140.32435607910156,153.50747680664062,30
1787280453,894949608,,ui,500.8504333496094,530.5079956054688,535.1307373046875,30
1787280454,894531844,,esp32,100.01158905029297,140.7752685546875,141.05271911621094,30
1787280454,894782454,,lidar,99.92826080322266,140.32435607910156,153.50747680664062,30
1787280454,894840880,,ui,500.9647521972656,530.5079956054688,535.1307373046875,30
1787280455,894259980,,esp32,100.01158905029297,140.7752685546875,141.05271911621094,30
1787280455,894365952,,lidar,99.92504119873047,140.32435607910156,153.50747680664062,30
1787280455,894387664,,ui,501.0719299316406,530.5079956054688,535.1307373046875,30
1787280456,894585358,,esp32,100.01349639892578,140.7752685546875,141.05271911621094,30
1787280456,895072691,,lidar,99.91622161865234,140.32435607910156,153.50747680664062,30
1787280456,895181931,,ui,500.9647521972656,530.5079956054688,535.1307373046875,30
1787280457,894570198,,esp32,100.00801086425781,140.7752685546875,141.05271911621094,30
1787280457,894981074,,lidar,99.91622161865234,140.32435607910156,153.50747680664062,30
1787280457,895090519,,ui,500.9647521972656,532.13916015625,539.1092529296875,30
1787280458,894644224,,esp32,100.00801086425781,140.80311584472656,141.05271911621094,30
1787280458,894902074,,lidar,99.91622161865234,140.32435607910156,153.50747680664062,30
1787280458,894950731,,ui,500.9647521972656,565.0513305664062,602.3826904296875,30
1787280459,894675453,,esp32,100.00801086425781,140.80311584472656,141.05271911621094,30
1787280459,894958596,,lidar,99.9146728515625,146.73623657226562,153.50747680664062,30
1787280459,895019851,,ui,501.0719299316406,565.0513305664062,602.3826904296875,30
1787280460,894726112,,esp32,100.00646209716797,140.80311584472656,141.05271911621094,30
1787280460,895070161,,lidar,99.92718505859375,146.73623657226562,153.50747680664062,30
1787280460,895136099,,ui,500.8504333496094,565.0513305664062,602.3826904296875,30
1787280461,894670884,,esp32,100.00968170166016,140.80311584472656,141.05271911621094,30
1787280461,894998062,,lidar,99.92718505859375,146.73623657226562,153.50747680664062,30
1787280461,895060643,,ui,501.0260314941406,565.0513305664062,602.3826904296875,30
1787280462,894749600,,esp32,100.00968170166016,140.80311584472656,141.05271911621094,30
1787280462,895064531,,lidar,99.92718505859375,146.73623657226562,153.50747680664062,30
1787280462,895128280,,ui,501.0260314941406,565.0513305664062,602.3826904296875,30
1787280463,894753048,,esp32,100.00646209716797,140.80311584472656,141.05271911621094,30
1787280463,895226445,,lidar,99.95055389404297,146.73623657226562,153.50747680664062,30
1787280463,895318260,,ui,501.0260314941406,565.0513305664062,602.3826904296875,30
1787280464,894728885,,esp32,100.00347900390625,140.80311584472656,141.05271911621094,30
1787280464,895194391,,lidar,99.94078063964844,146.73623657226562,153.50747680664062,30
1787280464,895258077,,ui,501.22882080078125,565.0513305664062,602.3826904296875,30
1787280465,894867453,,esp32,100.00264739990234,140.80311584472656,141.05271911621094,30
1787280465,895332664,,lidar,99.95794677734375,146.73623657226562,153.50747680664062,30
1787280465,895470122,,ui,501.22882080078125,565.0513305664062,602.3826904296875,30
1787280466,894847509,,esp32,99.99978637695312,140.80311584472656,141.05271911621094,30
1787280466,895413880,,lidar,99.929931640625,146.73623657226562,153.50747680664062,30
1787280466,895497660,,ui,501.13739013671875,565.0513305664062,602.3826904296875,30
1787280467,894798715,,esp32,99.99978637695312,140.80311584472656,141.05271911621094,30
1787280467,895289529,,lidar,99.90882873535156,146.73623657226562,153.50747680664062,30
1787280467,895425594,,ui,501.22882080078125,565.0513305664062,602.3826904296875,30
1787280468,894940713,,esp32,99.99978637695312,140.80311584472656,141.05271911621094,30
1787280468,895501446,,lidar,99.90465545654297,146.73623657226562,153.50747680664062,30
1787280468,895611640,,ui,501.179443359375,565.0513305664062,602.3826904296875,30
1787280469,894549011,,esp32,99.99633026123047,140.80311584472656,141.05271911621094,30
1787280469,894934064,,lidar,99.90477752685547,146.72254943847656,153.50747680664062,30
1787280469,895031816,,ui,501.179443359375,565.0513305664062,602.3826904296875,30
1787280470,894496454,,esp32,99.99406433105469,140.80311584472656,141.05271911621094,30
1787280470,894926784,,lidar,99.90477752685547,146.72254943847656,153.50747680664062,30
1787280470,895046543,,ui,501.22882080078125,565.0513305664062,602.3826904296875,30
1787280471,894509422,,esp32,99.98595428466797,140.80311584472656,141.05271911621094,30
1787280471,894819076,,lidar,99.95079040527344,146.72254943847656,153.50747680664062,30
1787280471,894894046,,ui,501.22882080078125,565.0513305664062,602.3826904296875,30
1787280472,894577595,,esp32,99.99251556396484,140.7743377685547,140.95687866210938,30
1787280472,895002301,,lidar,99.94161224365234,136.22483825683594,153.50747680664062,30
1787280472,895114160,,ui,501.22882080078125,565.0513305664062,602.3826904296875,30
1787280473,894619892,,esp32,99.99251556396484,140.8043212890625,219.4349822998047,30
1787280473,895043494,,lidar,99.9503173828125,134.2551727294922,153.50747680664062,30
1787280473,895156743,,ui,501.2550354003906,565.0513305664062,602.3826904296875,30
1787280474,894587461,,esp32,99.99298858642578,140.7344970703125,219.4349822998047,30
1787280474,894959720,,lidar,99.9503173828125,131.95037841796875,146.72254943847656,30
1787280474,895053745,,ui,501.2550354003906,565.0513305664062,602.3826904296875,30
1787280475,894762870,,esp32,99.97940063476562,140.7344970703125,219.4349822998047,30
1787280475,895262389,,lidar,99.91741180419922,131.95037841796875,146.72254943847656,30
1787280475,895385744,,ui,501.2550354003906,565.0513305664062,602.3826904296875,30
1787280476,894913172,,esp32,99.98726654052734,140.7344970703125,219.4349822998047,30
1787280476,895365228,,lidar,99.91741180419922,131.95037841796875,146.72254943847656,30
1787280476,895487056,,ui,501.3165588378906,565.0513305664062,602.3826904296875,30
1787280477,894630822,,esp32,99.98249816894531,140.7344970703125,219.4349822998047,30
1787280477,895057976,,lidar,99.93124389648438,131.95037841796875,146.72254943847656,30
1787280477,895173052,,ui,501.3165588378906,565.0513305664062,602.3826904296875,30
1787280478,894762373,,esp32,99.98297882080078,140.7344970703125,219.4349822998047,30
1787280478,895076920,,lidar,99.91741180419922,131.95037841796875,146.72254943847656,30
1787280478,895152326,,ui,501.2524108886719,565.0513305664062,602.3826904296875,30
1787280479,894716507,,esp32,99.98297882080078,140.7344970703125,219.4349822998047,30
1787280479,895140436,,lidar,99.90477752685547,131.95037841796875,146.72254943847656,30
1787280479,895243964,,ui,501.54876708984375,565.0513305664062,602.3826904296875,30
1787280480,894710245,,esp32,99.99251556396484,140.7344970703125,219.4349822998047,30
1787280480,895085837,,lidar,99.90787506103516,131.95037841796875,146.72254943847656,30
1787280480,895150666,,ui,501.25885009765625,565.0513305664062,602.3826904296875,30
1787280481,894746603,,esp32,99.98583984375,140.7344970703125,219.4349822998047,30
1787280481,895224201,,lidar,99.91741180419922,131.95037841796875,146.72254943847656,30
1787280481,895343520,,ui,501.25885009765625,565.0513305664062,602.3826904296875,30
1787280482,894693006,,esp32,99.98345184326172,140.7344970703125,219.4349822998047,30
1787280482,895176491,,lidar,99.90477752685547,131.95037841796875,146.72254943847656,30
1787280482,895291703,,ui,502.3304138183594,565.0513305664062,602.3826904296875,30
1787280483,894786573,,esp32,99.98726654052734,140.7344970703125,219.4349822998047,30
1787280483,895077268,,lidar,99.91741180419922,131.95037841796875,146.72254943847656,30
1787280483,895134534,,ui,502.3304138183594,565.0513305664062,602.3826904296875,30
1787280484,894733841,,esp32,99.98583984375,140.7344970703125,219.4349822998047,30
1787280484,895166560,,lidar,99.93290710449219,131.95037841796875,146.72254943847656,30
1787280484,895272936,,ui,501.4537658691406,565.0513305664062,602.3826904296875,30
1787280485,894813995,,esp32,99.98345184326172,140.7344970703125,219.4349822998047,30
1787280485,895103740,,lidar,99.92909240722656,131.95037841796875,146.72254943847656,30
1787280485,895160361,,ui,501.25885009765625,565.0513305664062,602.3826904296875,30
1787280486,894795126,,esp32,99.98345184326172,140.7344970703125,219.4349822998047,30
1787280486,895087990,,lidar,99.92909240722656,131.95037841796875,146.72254943847656,30
1787280486,895143948,,ui,501.4537658691406,565.0513305664062,602.3826904296875,30
1787280487,894722582,,esp32,99.98583984375,140.73028564453125,219.4349822998047,30
1787280487,895002647,,lidar,99.91741180419922,134.2551727294922,154.0813446044922,30
1787280487,895064358,,ui,501.4537658691406,565.5142822265625,602.3826904296875,30
1787280488,894602352,,esp32,99.98583984375,140.68130493164062,219.4349822998047,30
1787280488,894947032,,lidar,99.91741180419922,131.95037841796875,154.0813446044922,30
1787280488,895046204,,ui,501.4537658691406,549.591796875,563.54736328125,30
1787280489,894674989,,esp32,99.98345184326172,140.73028564453125,219.4349822998047,30
1787280489,894975021,,lidar,99.92074584960938,131.95037841796875,154.0813446044922,30
1787280489,895048036,,ui,501.4537658691406,549.591796875,563.54736328125,30
1787280490,894746685,,esp32,99.98297882080078,140.73028564453125,219.4349822998047,30
1787280490,895032134,,lidar,99.90787506103516,131.95037841796875,154.0813446044922,30
1787280490,895093288,,ui,501.4537658691406,549.591796875,563.54736328125,30
1787280491,894820059,,esp32,99.97940063476562,140.73028564453125,219.4349822998047,30
1787280491,895124049,,lidar,99.92074584960938,131.95037841796875,154.0813446044922,30
1787280491,895182867,,ui,501.3493347167969,549.591796875,563.54736328125,30
1787280492,894799953,,esp32,99.98297882080078,140.73028564453125,219.4349822998047,30
1787280492,895280562,,lidar,99.92074584960938,131.95037841796875,154.0813446044922,30
1787280492,895409558,,ui,501.1479797363281,549.591796875,563.54736328125,30
1787280493,894743393,,esp32,99.98297882080078,140.73028564453125,219.4349822998047,30
1787280493,895042626,,lidar,99.9002456665039,131.95037841796875,154.0813446044922,30
1787280493,895100063,,ui,501.3493347167969,549.591796875,563.54736328125,30
1787280494,894724205,,esp32,99.98583984375,140.73028564453125,219.4349822998047,30
1787280494,895209014,,lidar,99.89881896972656,131.95037841796875,154.0813446044922,30
1787280494,895327987,,ui,501.1479797363281,549.591796875,563.54736328125,30
1787280495,894656758,,esp32,99.99037170410156,140.73028564453125,219.4349822998047,30
1787280495,894945645,,lidar,99.89356994628906,131.95037841796875,154.0813446044922,30
1787280495,894999721,,ui,500.86260986328125,549.591796875,563.54736328125,30
1787280496,894763085,,esp32,99.98726654052734,140.73028564453125,219.4349822998047,30
1787280496,895054798,,lidar,99.91741180419922,131.95037841796875,154.0813446044922,30
1787280496,895117137,,ui,500.7320556640625,549.591796875,563.54736328125,30
1787280497,894684681,,esp32,99.98703002929688,140.73028564453125,219.4349822998047,30
1787280497,895002720,,lidar,99.92909240722656,131.95037841796875,154.0813446044922,30
1787280497,895070378,,ui,500.21624755859375,549.591796875,563.54736328125,30
1787280498,894978823,,esp32,99.98726654052734,140.73028564453125,219.4349822998047,30
1787280498,895492245,,lidar,99.91741180419922,131.95037841796875,154.0813446044922,30
1787280498,895609540,,ui,500.21624755859375,549.591796875,563.54736328125,30
1787280499,894840853,,esp32,99.99037170410156,140.73028564453125,219.4349822998047,30
1787280499,895315415,,lidar,99.91908264160156,131.96018981933594,154.0813446044922,30
1787280499,895444560,,ui,500.7320556640625,549.591796875,563.54736328125,30
1787280500,894749310,,esp32,99.99037170410156,140.73028564453125,219.4349822998047,30
1787280500,895037948,,lidar,99.91908264160156,131.96018981933594,154.0813446044922,30
1787280500,895094276,,ui,500.7320556640625,549.591796875,563.54736328125,30
1787280501,894788540,,esp32,99.9917984008789,140.73028564453125,219.4349822998047,30
1787280501,895072299,,lidar,99.91514587402344,131.96018981933594,154.0813446044922,30
1787280501,895129206,,ui,500.7320556640625,549.591796875,563.54736328125,30
1787280502,894746906,,esp32,99.9916763305664,140.7301025390625,219.4349822998047,30
1787280502,895055869,,lidar,99.91741180419922,132.93099975585938,163.65338134765625,30
1787280502,895113534,,ui,501.0174560546875,549.591796875,563.54736328125,30
1787280503,894612983,,esp32,99.9916763305664,140.6045684814453,160.20870971679688,30
1787280503,894987366,,lidar,99.91908264160156,133.1151123046875,163.65338134765625,30
1787280503,895078669,,ui,501.0174560546875,549.591796875,563.54736328125,30
1787280504,894623907,,esp32,99.990966796875,140.55020141601562,160.20870971679688,30
1787280504,895030277,,lidar,99.9103775024414,140.82493591308594,163.65338134765625,30
1787280504,895135174,,ui,501.0174560546875,549.591796875,563.54736328125,30
1787280505,894803195,,esp32,99.990966796875,140.55020141601562,160.20870971679688,30
1787280505,895278375,,lidar,99.9103775024414,140.82493591308594,163.65338134765625,30
1787280505,895411243,,ui,500.7320556640625,549.591796875,563.54736328125,30
1787280506,894733969,,esp32,99.9916763305664,140.55020141601562,160.20870971679688,30
1787280506,895018464,,lidar,99.91681671142578,140.82493591308594,163.65338134765625,30
1787280506,895074866,,ui,500.21624755859375,552.8403930664062,563.54736328125,30
1787280507,894671419,,esp32,99.99311065673828,140.55020141601562,160.20870971679688,30
1787280507,894992884,,lidar,99.9238510131836,140.82493591308594,163.65338134765625,30
1787280507,895076450,,ui,500.50164794921875,552.8403930664062,563.54736328125,30
1787280508,894656724,,esp32,99.99311065673828,140.55020141601562,160.20870971679688,30
1787280508,895023844,,lidar,99.9103775024414,140.82493591308594,163.65338134765625,30
1787280508,895089673,,ui,500.50164794921875,552.8403930664062,563.54736328125,30
1787280509,894621327,,esp32,100.00061798095703,140.55020141601562,160.20870971679688,30
1787280509,895101820,,lidar,99.9103775024414,140.82493591308594,163.65338134765625,30
1787280509,895215658,,ui,500.13421630859375,552.8403930664062,563.54736328125,30
1787280510,894557243,,esp32,99.9916763305664,140.55020141601562,160.20870971679688,30
1787280510,894827340,,lidar,99.92802429199219,140.82493591308594,163.65338134765625,30
1787280510,894884011,,ui,500.13421630859375,552.8403930664062,563.54736328125,30
1787280511,894512222,,esp32,100.00145721435547,140.55020141601562,160.20870971679688,30
1787280511,894877249,,lidar,99.9002456665039,140.82493591308594,163.65338134765625,30
1787280511,894941639,,ui,500.13421630859375,552.8403930664062,563.54736328125,30
1787280512,894651558,,esp32,100.00061798095703,140.60455322265625,160.20870971679688,30
1787280512,894983035,,lidar,99.90060424804688,140.82493591308594,163.65338134765625,30
1787280512,895064901,,ui,500.13421630859375,552.8403930664062,563.54736328125,30
1787280513,894713476,,esp32,99.99311065673828,140.60455322265625,160.20870971679688,30
1787280513,895008562,,lidar,99.90692138671875,140.82493591308594,163.65338134765625,30
1787280513,895068339,,ui,500.13421630859375,552.8403930664062,563.54736328125,30
1787280514,894725559,,esp32,99.99311065673828,140.60455322265625,160.20870971679688,30
1787280514,895015198,,lidar,99.89094543457031,140.82493591308594,163.65338134765625,30
1787280514,895082801,,ui,500.50164794921875,552.8403930664062,563.54736328125,30
1787280515,894615450,,esp32,99.99311065673828,140.60455322265625,160.20870971679688,30
1787280515,895002493,,lidar,99.88606262207031,140.82493591308594,163.65338134765625,30
1787280515,895098595,,ui,500.50164794921875,552.8403930664062,563.54736328125,30
1787280516,894704853,,esp32,99.99311065673828,140.60455322265625,160.20870971679688,30
1787280516,894982614,,lidar,99.87091827392578,140.82493591308594,163.65338134765625,30
1787280516,895040661,,ui,500.50164794921875,552.8403930664062,563.54736328125,30
1787280517,894743120,,esp32,99.99311065673828,140.7292022705078,160.20870971679688,30
1787280517,895076911,,lidar,99.8839111328125,138.2599334716797,163.65338134765625,30
1787280517,895138906,,ui,500.50164794921875,552.8403930664062,563.54736328125,30
1787280518,894477819,,esp32,99.99465942382812,140.7292022705078,160.20870971679688,30
1787280518,894743608,,lidar,99.88606262207031,139.67849731445312,163.65338134765625,30
1787280518,894800420,,ui,500.50164794921875,539.9002685546875,545.39990234375,30
1787280519,894597366,,esp32,99.99537658691406,140.4166717529297,160.2001190185547,30
1787280519,894895011,,lidar,99.8839111328125,140.75686645507812,163.65338134765625,30
1787280519,894959869,,ui,500.50164794921875,549.1875,554.637939453125,30
1787280520,894459290,,esp32,99.99668884277344,140.4166717529297,160.2001190185547,30
1787280520,894721430,,lidar,99.8839111328125,140.75686645507812,163.65338134765625,30
1787280520,894781834,,ui,500.7320556640625,549.1875,554.637939453125,30
1787280521,894767864,,esp32,99.99954986572266,140.4166717529297,160.2001190185547,30
1787280521,895054530,,lidar,99.88606262207031,140.75686645507812,163.65338134765625,30
1787280521,895112489,,ui,500.7320556640625,549.1875,554.637939453125,30
1787280522,894780731,,esp32,99.99537658691406,140.4166717529297,160.2001190185547,30
1787280522,895279293,,lidar,99.85828399658203,140.75686645507812,163.65338134765625,30
1787280522,895395617,,ui,500.9881286621094,549.1875,554.637939453125,30
1787280523,894695595,,esp32,99.99537658691406,140.4166717529297,160.2001190185547,30
1787280523,895135109,,lidar,99.84635925292969,140.75686645507812,163.65338134765625,30
1787280523,895242234,,ui,500.9881286621094,549.1875,554.637939453125,30
1787280524,894555600,,esp32,99.99537658691406,140.4166717529297,160.2001190185547,30
1787280524,894848114,,lidar,99.88057708740234,140.75686645507812,163.65338134765625,30
1787280524,894905766,,ui,501.2347717285156,549.1875,554.637939453125,30
1787280525,894833667,,esp32,99.99465942382812,140.4166717529297,160.2001190185547,30
1787280525,895272065,,lidar,99.87950134277344,140.75686645507812,163.65338134765625,30
1787280525,895373771,,ui,501.2347717285156,549.1875,554.637939453125,30
1787280526,894691974,,esp32,99.99465942382812,140.4166717529297,160.2001190185547,30
1787280526,895144645,,lidar,99.85828399658203,140.75686645507812,163.65338134765625,30
1787280526,895255458,,ui,501.51800537109375,549.1875,554.637939453125,30
1787280527,894648352,,esp32,99.99537658691406,140.4166717529297,160.2001190185547,30
1787280527,895070611,,lidar,99.85530090332031,140.75686645507812,163.65338134765625,30
1787280527,895178441,,ui,501.51800537109375,549.1875,554.637939453125,30
1787280528,894692266,,esp32,99.99334716796875,140.4166717529297,160.2001190185547,30
1787280528,894966354,,lidar,99.85173034667969,140.75686645507812,163.65338134765625,30
1787280528,895018787,,ui,501.51800537109375,549.1875,554.637939453125,30
1787280529,894610255,,esp32,99.99334716796875,140.4166717529297,160.2001190185547,30
1787280529,894913370,,lidar,99.86388397216797,140.75686645507812,163.65338134765625,30
1787280529,894972156,,ui,501.51800537109375,549.1875,554.637939453125,30
1787280530,894560343,,esp32,99.99633026123047,140.4166717529297,160.2001190185547,30
1787280530,894888003,,lidar,99.85828399658203,140.75686645507812,163.65338134765625,30
1787280530,894972783,,ui,501.3790283203125,549.1875,554.637939453125,30
1787280531,894741965,,esp32,99.99716186523438,140.4166717529297,160.2001190185547,30
1787280531,895176473,,lidar,99.85041809082031,140.75686645507812,163.65338134765625,30
1787280531,895283880,,ui,501.3790283203125,549.1875,554.637939453125,30
1787280532,894713468,,esp32,99.99716186523438,141.01666259765625,160.25758361816406,30
1787280532,895007392,,lidar,99.84505462646484,143.9022674560547,152.11773681640625,30
1787280532,895068735,,ui,501.3790283203125,549.1875,554.637939453125,30
1787280533,894511040,,esp32,99.99716186523438,159.96572875976562,160.25758361816406,30
1787280533,894822882,,lidar,99.83849334716797,144.555419921875,152.11773681640625,30
1787280533,894899883,,ui,501.3790283203125,549.1875,554.637939453125,30
1787280534,894707352,,esp32,99.99800109863281,159.96572875976562,160.25758361816406,30
1787280534,895065938,,lidar,99.85041809082031,146.4822998046875,154.7803955078125,30
1787280534,895139725,,ui,500.7576904296875,549.1875,554.637939453125,30
1787280535,894555800,,esp32,99.99800109863281,159.96572875976562,160.25758361816406,30
1787280535,894858008,,lidar,99.83849334716797,146.4822998046875,154.7803955078125,30
1787280535,894932221,,ui,501.3790283203125,549.1875,554.637939453125,30
1787280536,894246774,,esp32,99.99752044677734,159.96572875976562,160.25758361816406,30
1787280536,894360826,,lidar,99.84505462646484,146.4822998046875,154.7803955078125,30
1787280536,894379984,,ui,500.7576904296875,544.6702270507812,554.637939453125,30
1787280537,894553865,,esp32,99.99716186523438,159.96572875976562,160.25758361816406,30
1787280537,894868393,,lidar,99.85101318359375,146.4822998046875,154.7803955078125,30
1787280537,894924746,,ui,501.3790283203125,544.6702270507812,554.637939453125,30
1787280538,894544876,,esp32,99.99633026123047,159.96572875976562,160.25758361816406,30
1787280538,894917261,,lidar,99.85983276367188,146.4822998046875,154.7803955078125,30
1787280538,894993264,,ui,501.3790283203125,544.6702270507812,554.637939453125,30
1787280539,894697764,,esp32,99.9968032836914,159.96572875976562,160.25758361816406,30
1787280539,894991912,,lidar,99.85530090332031,146.4822998046875,154.7803955078125,30
1787280539,895055494,,ui,500.3458251953125,544.6702270507812,554.637939453125,30
1787280540,894760278,,esp32,99.9968032836914,159.96572875976562,160.25758361816406,30
1787280540,895060684,,lidar,99.85983276367188,146.4822998046875,154.7803955078125,30
1787280540,895118850,,ui,500.3458251953125,544.6702270507812,554.637939453125,30
1787280541,894615369,,esp32,99.99346923828125,159.96572875976562,160.25758361816406,30
1787280541,895075274,,lidar,99.87866973876953,146.4822998046875,154.7803955078125,30
1787280541,895193275,,ui,500.3458251953125,544.6702270507812,554.637939453125,30
1787280542,894600407,,esp32,99.99537658691406,159.96572875976562,160.25758361816406,30
1787280542,895015936,,lidar,99.87354278564453,146.4822998046875,154.7803955078125,30
1787280542,895123128,,ui,500.3458251953125,544.6702270507812,554.637939453125,30
1787280543,894751293,,esp32,99.9968032836914,159.96572875976562,160.25758361816406,30
1787280543,895076741,,lidar,99.86222076416016,146.4822998046875,154.7803955078125,30
1787280543,895156694,,ui,500.3458251953125,544.6702270507812,554.637939453125,30
1787280544,894586024,,esp32,99.99716186523438,159.96572875976562,160.25758361816406,30
1787280544,894961188,,lidar,99.88034057617188,146.4822998046875,154.7803955078125,30
1787280544,895026537,,ui,500.3458251953125,544.6702270507812,554.637939453125,30
1787280545,894713394,,esp32,99.9968032836914,159.96572875976562,160.25758361816406,30
1787280545,895068960,,lidar,99.88034057617188,146.4822998046875,154.7803955078125,30
1787280545,895152048,,ui,500.3458251953125,544.6702270507812,554.637939453125,30
1787280546,894540954,,esp32,99.99752044677734,159.96572875976562,160.25758361816406,30
1787280546,894805338,,lidar,99.89726257324219,146.4822998046875,154.7803955078125,30
1787280546,894857176,,ui,500.6290588378906,544.6702270507812,554.637939453125,30
1787280547,894551855,,esp32,99.99752044677734,159.96572875976562,160.420654296875,30
1787280547,894932340,,lidar,99.89726257324219,149.398681640625,154.7803955078125,30
1787280547,894994824,,ui,500.6290588378906,544.6702270507812,554.637939453125,30
1787280548,894543596,,esp32,99.99716186523438,159.96572875976562,160.420654296875,30
1787280548,895009252,,lidar,99.88880157470703,149.398681640625,154.7803955078125,30
1787280548,895123934,,ui,500.6290588378906,544.6702270507812,554.637939453125,30
1787280549,894461788,,esp32,99.99442291259766,160.0359344482422,160.420654296875,30
1787280549,894725234,,lidar,99.89726257324219,147.8279266357422,154.7803955078125,30
1787280549,894811469,,ui,500.6290588378906,541.9594116210938,548.0260620117188,30
1787280550,894736778,,esp32,99.98893737792969,160.0359344482422,160.420654296875,30
1787280550,895038743,,lidar,99.92194366455078,147.8279266357422,154.7803955078125,30
1787280550,895097362,,ui,499.5179138183594,541.9594116210938,548.0260620117188,30
1787280551,894758955,,esp32,99.99060821533203,160.0359344482422,160.420654296875,30
1787280551,895101527,,lidar,99.90406036376953,147.8279266357422,154.7803955078125,30
1787280551,895181668,,ui,499.888427734375,541.9594116210938,548.0260620117188,30
1787280552,894645512,,esp32,99.99060821533203,160.0359344482422,160.420654296875,30
1787280552,895135846,,lidar,99.89726257324219,147.8279266357422,154.7803955078125,30
1787280552,895238907,,ui,500.9216003417969,541.9594116210938,548.0260620117188,30
1787280553,894744358,,esp32,99.99060821533203,160.0359344482422,160.420654296875,30
1787280553,895197699,,lidar,99.88916015625,147.8279266357422,154.7803955078125,30
1787280553,895318936,,ui,499.8104553222656,541.9594116210938,548.0260620117188,30
1787280554,894462680,,esp32,99.98893737792969,160.0359344482422,160.420654296875,30
1787280554,894820884,,lidar,99.88034057617188,147.8279266357422,154.7803955078125,30
1787280554,894902039,,ui,499.5381774902344,541.9594116210938,548.0260620117188,30
1787280555,894585888,,esp32,99.995849609375,160.0359344482422,160.420654296875,30
1787280555,894885203,,lidar,99.8628158569336,147.8121337890625,154.7803955078125,30
1787280555,894942927,,ui,499.90869140625,541.9594116210938,548.0260620117188,30
1787280556,894633173,,esp32,99.99561309814453,160.0359344482422,160.420654296875,30
1787280556,895090610,,lidar,99.86161804199219,147.8121337890625,154.7803955078125,30
1787280556,895207315,,ui,499.592529296875,541.9594116210938,548.0260620117188,30
1787280557,894589698,,esp32,99.99656677246094,160.0359344482422,160.420654296875,30
1787280557,895034359,,lidar,99.86161804199219,147.8121337890625,154.7803955078125,30
1787280557,895144266,,ui,499.592529296875,541.9594116210938,548.0260620117188,30
1787280558,894685799,,esp32,99.99561309814453,160.0359344482422,160.420654296875,30
1787280558,894979966,,lidar,99.8494644165039,147.8121337890625,154.7803955078125,30
1787280558,895039423,,ui,499.592529296875,541.9594116210938,548.0260620117188,30
1787280559,894619443,,esp32,99.99811553955078,160.0359344482422,160.420654296875,30
1787280559,895020983,,lidar,99.83277130126953,147.8121337890625,154.7803955078125,30
1787280559,895127323,,ui,499.592529296875,541.9594116210938,548.0260620117188,30
1787280560,894733100,,esp32,99.99561309814453,160.0359344482422,160.420654296875,30
1787280560,895036355,,lidar,99.86161804199219,147.8121337890625,154.7803955078125,30
1787280560,895096915,,ui,499.592529296875,541.9594116210938,548.0260620117188,30
1787280561,894629053,,esp32,99.99656677246094,160.0359344482422,160.420654296875,30
1787280561,894965746,,lidar,99.8494644165039,147.8121337890625,154.7803955078125,30
1787280561,895044894,,ui,499.90869140625,541.9594116210938,548.0260620117188,30
1787280562,894737978,,esp32,99.99656677246094,160.16183471679688,160.420654296875,30
1787280562,895059416,,lidar,99.86222076416016,146.46649169921875,154.7803955078125,30
1787280562,895127140,,ui,499.90869140625,541.9594116210938,548.0260620117188,30
1787280563,894698617,,esp32,99.99978637695312,160.16183471679688,160.420654296875,30
1787280563,895024278,,lidar,99.8628158569336,141.1862335205078,154.7803955078125,30
1787280563,895091142,,ui,499.90869140625,539.2266845703125,548.0260620117188,30
1787280564,894519323,,esp32,99.99656677246094,160.16183471679688,160.420654296875,30
1787280564,894849219,,lidar,99.8740234375,134.34600830078125,150.0010528564453,30
1787280564,894931041,,ui,500.3468933105469,539.2266845703125,548.0260620117188,30
1787280565,894599770,,esp32,99.99656677246094,160.16183471679688,160.420654296875,30
1787280565,894890343,,lidar,99.8740234375,134.34600830078125,150.0010528564453,30
1787280565,894945287,,ui,500.3468933105469,539.2266845703125,548.0260620117188,30
1787280566,894552515,,esp32,99.99656677246094,160.16183471679688,160.420654296875,30
1787280566,894969934,,lidar,99.8494644165039,134.34600830078125,150.0010528564453,30
1787280566,895043736,,ui,501.8674011230469,539.2266845703125,548.0260620117188,30
1787280567,894768987,,esp32,99.9969253540039,160.16183471679688,160.420654296875,30
1787280567,895325922,,lidar,99.8475570678711,134.34600830078125,150.0010528564453,30
1787280567,895481054,,ui,501.8674011230469,539.2266845703125,548.0260620117188,30
1787280568,894593649,,esp32,99.99883270263672,160.16183471679688,160.420654296875,30
1787280568,895029509,,lidar,99.8628158569336,134.34600830078125,150.0010528564453,30
1787280568,895138632,,ui,501.74237060546875,539.2266845703125,548.0260620117188,30
1787280569,894535896,,esp32,99.99561309814453,160.16183471679688,160.420654296875,30
1787280569,894896990,,lidar,99.91217041015625,134.34600830078125,150.0010528564453,30
1787280569,894979284,,ui,501.8674011230469,539.2266845703125,548.0260620117188,30
1787280570,894541391,,esp32,99.99561309814453,160.16183471679688,160.420654296875,30
1787280570,894831075,,lidar,99.88284301757812,134.34600830078125,150.0010528564453,30
1787280570,894890066,,ui,501.9543151855469,539.3757934570312,548.0260620117188,30
1787280571,894829431,,esp32,100.00025939941406,160.16183471679688,160.420654296875,30
1787280571,895355343,,lidar,99.87735748291016,134.34600830078125,150.0010528564453,30
1787280571,895484179,,ui,501.8674011230469,542.5291137695312,548.0260620117188,30
1787280572,894782002,,esp32,100.00025939941406,160.16183471679688,160.420654296875,30
1787280572,895063330,,lidar,99.85637664794922,134.34600830078125,150.0010528564453,30
1787280572,895117645,,ui,501.74237060546875,542.5291137695312,548.0260620117188,30
1787280573,894758795,,esp32,99.99883270263672,160.16183471679688,160.420654296875,30
1787280573,895086670,,lidar,99.8740234375,134.34600830078125,150.0010528564453,30
1787280573,895172393,,ui,501.7042236328125,542.6222534179688,548.0260620117188,30
1787280574,894660551,,esp32,99.99561309814453,160.16183471679688,160.420654296875,30
1787280574,894989875,,lidar,99.8740234375,134.34600830078125,150.0010528564453,30
1787280574,895069585,,ui,501.8292541503906,548.3524780273438,548.8221435546875,30
1787280575,894665199,,esp32,99.99883270263672,160.16183471679688,160.420654296875,30
1787280575,895136204,,lidar,99.85637664794922,134.34600830078125,150.0010528564453,30
1787280575,895249157,,ui,501.8292541503906,548.3524780273438,548.8221435546875,30
1787280576,894634452,,esp32,99.9948959350586,160.16183471679688,160.420654296875,30
1787280576,895076199,,lidar,99.83706665039062,134.34600830078125,150.0010528564453,30
1787280576,895161994,,ui,501.9543151855469,548.3604125976562,548.8221435546875,30
1787280577,894684101,,esp32,99.99561309814453,160.16183471679688,160.38059997558594,30
1787280577,895128221,,lidar,99.85196685791016,133.47857666015625,147.8121337890625,30
1787280577,895233541,,ui,502.6466979980469,548.3604125976562,548.8221435546875,30
1787280578,894502492,,esp32,99.9948959350586,160.16183471679688,160.38059997558594,30
1787280578,894985534,,lidar,99.8475570678711,135.68663024902344,149.5494842529297,30
1787280578,895078104,,ui,501.9543151855469,548.3604125976562,548.8221435546875,30
1787280579,894631606,,esp32,99.99561309814453,160.12867736816406,160.38059997558594,30
1787280579,894974231,,lidar,99.8475570678711,135.68663024902344,149.5494842529297,30
1787280579,895061967,,ui,501.7042236328125,542.9566040039062,548.8221435546875,30
1787280580,894585776,,esp32,99.9969253540039,160.12867736816406,160.38059997558594,30
1787280580,894895538,,lidar,99.82466888427734,135.68663024902344,149.5494842529297,30
1787280580,894954874,,ui,501.8292541503906,542.85546875,548.8221435546875,30
1787280581,894605528,,esp32,99.9948959350586,160.12867736816406,160.38059997558594,30
1787280581,895047213,,lidar,99.8289566040039,135.68663024902344,149.5494842529297,30
1787280581,895163886,,ui,501.8292541503906,542.85546875,548.8221435546875,30
1787280582,894613033,,esp32,99.99370574951172,160.12867736816406,160.38059997558594,30
1787280582,895018559,,lidar,99.83634948730469,135.68663024902344,149.5494842529297,30
1787280582,895088212,,ui,501.7042236328125,542.9566040039062,548.8221435546875,30
1787280583,894678109,,esp32,99.99382781982422,160.12867736816406,160.38059997558594,30
1787280583,895015831,,lidar,99.87974548339844,135.68663024902344,149.5494842529297,30
1787280583,895077603,,ui,501.8209228515625,542.85546875,548.8221435546875,30
1787280584,894480559,,esp32,99.99311065673828,160.12867736816406,160.38059997558594,30
1787280584,894773373,,lidar,99.8475570678711,135.68663024902344,149.5494842529297,30
1787280584,894833397,,ui,501.8209228515625,542.85546875,548.8221435546875,30
1787280585,894663784,,esp32,99.9900131225586,160.12867736816406,160.38059997558594,30
1787280585,895148387,,lidar,99.88200378417969,135.74163818359375,149.5494842529297,30
1787280585,895259023,,ui,501.8209228515625,542.85546875,548.8221435546875,30
1787280586,894595763,,esp32,99.9900131225586,160.12867736816406,160.38059997558594,30
1787280586,894878578,,lidar,99.8899917602539,135.74163818359375,149.5494842529297,30
1787280586,894941420,,ui,501.94598388671875,542.85546875,548.8221435546875,30
1787280587,894542008,,esp32,99.98810577392578,160.12867736816406,160.38059997558594,30
1787280587,895046845,,lidar,99.90418243408203,135.74163818359375,149.5494842529297,30
1787280587,895163334,,ui,501.94598388671875,542.85546875,548.8221435546875,30
1787280588,894613894,,esp32,99.98655700683594,160.12867736816406,160.38059997558594,30
1787280588,895086662,,lidar,99.92849731445312,135.74163818359375,149.5494842529297,30
1787280588,895195694,,ui,501.94598388671875,542.85546875,548.8221435546875,30
1787280589,894737855,,esp32,99.98285675048828,160.12867736816406,160.38059997558594,30
1787280589,895035318,,lidar,99.92849731445312,135.74163818359375,149.5494842529297,30
1787280589,895099861,,ui,501.9543151855469,542.9566040039062,548.8221435546875,30
1787280590,894658878,,esp32,99.98655700683594,160.12867736816406,160.38059997558594,30
1787280590,895032664,,lidar,99.9248046875,135.74163818359375,149.5494842529297,30
1787280590,895120742,,ui,501.9543151855469,542.9566040039062,548.8221435546875,30
1787280591,894593741,,esp32,99.98285675048828,160.12867736816406,160.38059997558594,30
1787280591,894916723,,lidar,99.9248046875,135.74163818359375,149.5494842529297,30
1787280591,894990923,,ui,501.9376220703125,542.9566040039062,548.8221435546875,30
1787280592,894627540,,esp32,99.985595703125,140.2082977294922,160.38059997558594,30
1787280592,895157933,,lidar,99.92432403564453,141.1862335205078,150.46144104003906,30
1787280592,895272607,,ui,501.9376220703125,542.9566040039062,548.8221435546875,30
1787280593,894638476,,esp32,99.98285675048828,140.18917846679688,160.38059997558594,30
1787280593,895154985,,lidar,99.92337036132812,145.25978088378906,150.46144104003906,30
1787280593,895279886,,ui,501.46533203125,542.9566040039062,548.8221435546875,30
1787280594,894628615,,esp32,99.985595703125,140.0968780517578,160.38059997558594,30
1787280594,895053909,,lidar,99.91455078125,145.85531616210938,156.05307006835938,30
1787280594,895156575,,ui,501.46533203125,542.9566040039062,548.8221435546875,30
1787280595,894637295,,esp32,99.98285675048828,140.0968780517578,160.38059997558594,30
1787280595,895066972,,lidar,99.93875122070312,145.85531616210938,156.05307006835938,30
1787280595,895187652,,ui,500.6959533691406,542.9566040039062,548.8221435546875,30
1787280596,894710577,,esp32,99.980712890625,140.0968780517578,160.38059997558594,30
1787280596,895013284,,lidar,99.9308853149414,145.85531616210938,156.05307006835938,30
1787280596,895073316,,ui,500.6959533691406,542.9566040039062,548.8221435546875,30
1787280597,894666975,,esp32,99.980712890625,140.0968780517578,160.38059997558594,30
1787280597,895069993,,lidar,99.91455078125,145.85531616210938,156.05307006835938,30
1787280597,895144075,,ui,500.33831787109375,542.9566040039062,548.8221435546875,30
1787280598,894766345,,esp32,99.98440551757812,140.0968780517578,160.38059997558594,30
1787280598,895085967,,lidar,99.91455078125,145.85531616210938,156.05307006835938,30
1787280598,895149307,,ui,500.33831787109375,542.9566040039062,548.8221435546875,30
1787280599,894612056,,esp32,99.99060821533203,140.0968780517578,160.38059997558594,30
1787280599,894894570,,lidar,99.89619445800781,145.85531616210938,156.05307006835938,30
1787280599,894957632,,ui,500.33831787109375,542.9566040039062,548.8221435546875,30
1787280600,894748952,,esp32,99.98440551757812,140.0968780517578,160.38059997558594,30
1787280600,895057275,,lidar,99.8899917602539,145.85531616210938,156.05307006835938,30
1787280600,895117589,,ui,500.28277587890625,542.85546875,548.8221435546875,30
1787280601,894573694,,esp32,99.980712890625,140.1890106201172,160.38059997558594,30
1787280601,894914342,,lidar,99.89619445800781,145.85531616210938,156.05307006835938,30
1787280601,894974889,,ui,500.33831787109375,541.1265869140625,548.8221435546875,30
1787280602,894519096,,esp32,99.98440551757812,140.1890106201172,160.38059997558594,30
1787280602,894820250,,lidar,99.89678955078125,145.85531616210938,156.05307006835938,30
1787280602,894889216,,ui,500.33831787109375,541.1265869140625,548.8221435546875,30
1787280603,894516129,,esp32,99.98774719238281,140.1890106201172,160.38059997558594,30
1787280603,894825102,,lidar,99.90715789794922,145.85531616210938,156.05307006835938,30
1787280603,894902541,,ui,500.5171203613281,540.993896484375,548.8221435546875,30
1787280604,894691384,,esp32,99.98762512207031,140.1890106201172,160.38059997558594,30
1787280604,895265854,,lidar,99.89619445800781,145.85531616210938,156.05307006835938,30
1787280604,895410978,,ui,500.33831787109375,533.7757568359375,535.553955078125,30
1787280605,894747047,,esp32,99.97534942626953,140.1890106201172,160.38059997558594,30
1787280605,895207348,,lidar,99.91991424560547,145.85531616210938,156.05307006835938,30
1787280605,895320105,,ui,500.6959533691406,533.7757568359375,535.553955078125,30
1787280606,894554701,,esp32,99.980712890625,140.1890106201172,160.38059997558594,30
1787280606,894834993,,lidar,99.89619445800781,145.85531616210938,156.05307006835938,30
1787280606,894902676,,ui,500.2253112792969,533.7451171875,535.553955078125,30
1787280607,894669175,,esp32,99.97534942626953,140.1890106201172,159.75094604492188,30
1787280607,895135921,,lidar,99.89571380615234,149.68515014648438,182.87252807617188,30
1787280607,895258806,,ui,499.8383483886719,541.8983154296875,551.0280151367188,30
1787280608,894577596,,esp32,99.980712890625,140.1890106201172,160.40325927734375,30
1787280608,894892931,,lidar,99.89619445800781,149.69290161132812,182.87252807617188,30
1787280608,894954588,,ui,499.95135498046875,545.8994140625,551.0280151367188,30
1787280609,894673070,,esp32,99.980712890625,140.19862365722656,160.40325927734375,30
1787280609,895029952,,lidar,99.88844299316406,149.69290161132812,182.87252807617188,30
1787280609,895116108,,ui,500.5171203613281,548.854736328125,551.0280151367188,30
1787280610,894815380,,esp32,99.98440551757812,140.19862365722656,160.40325927734375,30
1787280610,895276944,,lidar,99.89619445800781,149.69290161132812,182.87252807617188,30
1787280610,895390920,,ui,500.33831787109375,548.8915405273438,551.0280151367188,30
1787280611,894805939,,esp32,99.9857177734375,140.19862365722656,160.40325927734375,30
1787280611,895493541,,lidar,99.85387420654297,149.69290161132812,182.87252807617188,30
1787280611,895628356,,ui,500.33831787109375,548.8915405273438,551.0280151367188,30
1787280612,894830474,,esp32,99.98822021484375,140.19862365722656,160.40325927734375,30
1787280612,895332622,,lidar,99.86853790283203,149.69290161132812,182.87252807617188,30
1787280612,895471871,,ui,499.95135498046875,548.854736328125,551.0280151367188,30
1787280613,894637654,,esp32,99.98822021484375,140.19862365722656,160.40325927734375,30
1787280613,894988848,,lidar,99.85745239257812,149.69290161132812,182.87252807617188,30
1787280613,895072902,,ui,500.33831787109375,548.8915405273438,551.0280151367188,30
1787280614,894478643,,esp32,99.99024963378906,140.19862365722656,160.40325927734375,30
1787280614,894779030,,lidar,99.86686706542969,149.68515014648438,182.87252807617188,30
1787280614,894838911,,ui,500.33831787109375,548.8915405273438,551.0280151367188,30
1787280615,894627818,,esp32,99.99024963378906,140.19862365722656,160.40325927734375,30
1787280615,895022252,,lidar,99.86853790283203,149.69290161132812,182.87252807617188,30
1787280615,895138910,,ui,500.33831787109375,548.8915405273438,551.0280151367188,30
1787280616,894449532,,esp32,99.98822021484375,140.19862365722656,160.40325927734375,30
1787280616,894959835,,lidar,99.8587646484375,149.68515014648438,182.87252807617188,30
1787280616,895079789,,ui,500.33831787109375,548.8915405273438,551.0280151367188,30
1787280617,894531772,,esp32,99.99024963378906,140.19862365722656,160.40325927734375,30
1787280617,894880652,,lidar,99.83849334716797,149.68515014648438,182.87252807617188,30
1787280617,894963767,,ui,500.33831787109375,548.8915405273438,551.0280151367188,30
1787280618,894389066,,esp32,99.9857177734375,140.19862365722656,160.40325927734375,30
1787280618,894867589,,lidar,99.83849334716797,149.68515014648438,182.87252807617188,30
1787280618,894978081,,ui,499.5644226074219,548.8915405273438,551.0280151367188,30
1787280619,894579649,,esp32,99.9908447265625,140.19862365722656,160.40325927734375,30
1787280619,895002167,,lidar,99.833251953125,149.68515014648438,182.87252807617188,30
1787280619,895074537,,ui,499.4403076171875,556.1452026367188,563.5089721679688,30
1787280620,894562283,,esp32,99.98822021484375,140.19862365722656,160.40325927734375,30
1787280620,895013037,,lidar,99.82991027832031,149.68515014648438,182.87252807617188,30
1787280620,895128196,,ui,499.4403076171875,556.1452026367188,563.5089721679688,30
1787280621,894586460,,esp32,99.9908447265625,140.19862365722656,160.40325927734375,30
1787280621,894908622,,lidar,99.82490539550781,149.68515014648438,182.87252807617188,30
1787280621,894967107,,ui,499.95135498046875,556.1452026367188,563.5089721679688,30
1787280622,894747934,,esp32,99.99024963378906,140.36483764648438,160.40325927734375,30
1787280622,895105969,,lidar,99.82657623291016,145.29844665527344,182.87252807617188,30
1787280622,895189533,,ui,500.72467041015625,556.1452026367188,563.5089721679688,30
1787280623,894578233,,esp32,99.9908447265625,140.36483764648438,160.40325927734375,30
1787280623,895010783,,lidar,99.82490539550781,142.09103393554688,182.87252807617188,30
1787280623,895129621,,ui,501.2013854980469,556.1452026367188,563.5089721679688,30
1787280624,894427577,,esp32,99.98822021484375,140.36483764648438,160.40325927734375,30
1787280624,894737754,,lidar,99.81536865234375,139.1754150390625,182.87252807617188,30
1787280624,894793514,,ui,501.2013854980469,556.1452026367188,563.5089721679688,30
1787280625,894460953,,esp32,99.99024963378906,140.36483764648438,160.40325927734375,30
1787280625,894858773,,lidar,99.8282470703125,139.1754150390625,182.87252807617188,30
1787280625,894936776,,ui,501.31439208984375,556.1452026367188,563.5089721679688,30
1787280626,894643071,,esp32,99.99203491210938,140.36483764648438,160.40325927734375,30
1787280626,894933393,,lidar,99.82991027832031,139.1754150390625,182.87252807617188,30
1787280626,894990105,,ui,501.2240295410156,556.1452026367188,563.5089721679688,30
1787280627,894531541,,esp32,99.99203491210938,140.36483764648438,160.40325927734375,30
1787280627,894818441,,lidar,99.81680297851562,139.1754150390625,182.87252807617188,30
1787280627,894875501,,ui,501.876708984375,556.1452026367188,563.5089721679688,30
1787280628,894617890,,esp32,99.98822021484375,140.36483764648438,160.40325927734375,30
1787280628,894926855,,lidar,99.83849334716797,139.1754150390625,182.87252807617188,30
1787280628,894988514,,ui,501.876708984375,556.1452026367188,563.5089721679688,30
1787280629,894490915,,esp32,99.99072265625,140.36483764648438,160.40325927734375,30
1787280629,894897660,,lidar,99.83969116210938,139.1754150390625,182.87252807617188,30
1787280629,894970218,,ui,501.876708984375,556.1452026367188,563.5089721679688,30
1787280630,894621979,,esp32,99.99406433105469,140.36483764648438,160.40325927734375,30
1787280630,894917189,,lidar,99.83587646484375,139.20457458496094,182.87252807617188,30
1787280630,894980866,,ui,501.876708984375,556.1452026367188,563.5089721679688,30
1787280631,894658680,,esp32,99.99203491210938,140.36483764648438,160.40325927734375,30
1787280631,895086043,,lidar,99.84040069580078,139.1754150390625,182.87252807617188,30
1787280631,895201829,,ui,501.876708984375,556.1452026367188,563.5089721679688,30
1787280632,894506692,,esp32,99.99072265625,140.36483764648438,160.40325927734375,30
1787280632,894807453,,lidar,99.84040069580078,139.1754150390625,182.87252807617188,30
1787280632,894874966,,ui,501.876708984375,556.1452026367188,563.5089721679688,30
1787280633,894586344,,esp32,99.98822021484375,140.36483764648438,160.40325927734375,30
1787280633,894932484,,lidar,99.83849334716797,139.1754150390625,182.87252807617188,30
1787280633,894994025,,ui,502.4217224121094,556.1452026367188,563.5089721679688,30
1787280634,894626731,,esp32,99.99406433105469,140.36483764648438,160.40325927734375,30
1787280634,894919045,,lidar,99.84707641601562,139.1754150390625,182.87252807617188,30
1787280634,894976048,,ui,502.4217224121094,556.1452026367188,563.5089721679688,30
1787280635,894534325,,esp32,99.99966430664062,140.36483764648438,160.40325927734375,30
1787280635,894956668,,lidar,99.84040069580078,139.1754150390625,182.87252807617188,30
1787280635,895030057,,ui,502.1786804199219,556.1452026367188,563.5089721679688,30
1787280636,894557364,,esp32,99.99966430664062,140.36483764648438,160.40325927734375,30
1787280636,895051638,,lidar,99.87425994873047,139.1754150390625,182.87252807617188,30
1787280636,895166339,,ui,502.4217224121094,556.1452026367188,563.5089721679688,30
1787280637,894658155,,esp32,99.99966430664062,140.1443328857422,160.40325927734375,30
1787280637,895000613,,lidar,99.8747329711914,133.87396240234375,142.09103393554688,30
1787280637,895077915,,ui,502.4217224121094,560.2894287109375,563.5089721679688,30
1787280638,894625098,,esp32,100.00312042236328,140.08602905273438,141.32785034179688,30
1787280638,895120001,,lidar,99.87521362304688,136.53683471679688,142.09103393554688,30
1787280638,895248504,,ui,502.4217224121094,560.2894287109375,563.5089721679688,30
1787280639,894547180,,esp32,100.00872802734375,139.8418731689453,141.32785034179688,30
1787280639,895024076,,lidar,99.87425994873047,136.53683471679688,142.09103393554688,30
1787280639,895102419,,ui,502.4217224121094,570.6030883789062,580.811767578125,30
1787280640,894354924,,esp32,100.01004028320312,139.8418731689453,141.32785034179688,30
1787280640,894797643,,lidar,99.88117218017578,136.53683471679688,142.09103393554688,30
1787280640,894901329,,ui,502.1786804199219,570.6030883789062,580.811767578125,30
1787280641,894766653,,esp32,100.01671600341797,139.8418731689453,141.32785034179688,30
1787280641,895314799,,lidar,99.90477752685547,136.53683471679688,142.09103393554688,30
1787280641,895480611,,ui,502.1786804199219,570.6030883789062,580.811767578125,30
1787280642,894355307,,esp32,100.01432800292969,139.8418731689453,141.32785034179688,30
1787280642,894706086,,lidar,99.88117218017578,136.53683471679688,142.09103393554688,30
1787280642,894792388,,ui,502.4217224121094,570.6030883789062,580.811767578125,30
1787280643,894619074,,esp32,100.01004028320312,139.8418731689453,141.32785034179688,30
1787280643,894989341,,lidar,99.9002456665039,136.53683471679688,142.09103393554688,30
1787280643,895072736,,ui,502.4217224121094,570.6030883789062,580.811767578125,30
1787280644,894570295,,esp32,100.00312042236328,139.8418731689453,141.32785034179688,30
1787280644,895005068,,lidar,99.90895080566406,136.54635620117188,142.09103393554688,30
1787280644,895079591,,ui,502.4217224121094,570.6030883789062,580.811767578125,30
1787280645,894675036,,esp32,100.00312042236328,139.8418731689453,141.32785034179688,30
1787280645,895031301,,lidar,99.88117218017578,136.53683471679688,142.09103393554688,30
1787280645,895117442,,ui,502.4217224121094,570.6030883789062,580.811767578125,30
1787280646,894491201,,esp32,100.00455474853516,139.8418731689453,141.32785034179688,30
1787280646,894946595,,lidar,99.90251159667969,136.54635620117188,142.09103393554688,30
1787280646,895066662,,ui,502.1786804199219,570.6030883789062,580.811767578125,30
1787280647,894655686,,esp32,100.00300598144531,139.84925842285156,141.32785034179688,30
1787280647,895188310,,lidar,99.88880157470703,136.54635620117188,142.09103393554688,30
1787280647,895313900,,ui,502.1786804199219,570.6030883789062,580.811767578125,30
1787280648,894624281,,esp32,100.00586700439453,139.8738555908203,141.32785034179688,30
1787280648,895036559,,lidar,99.8952407836914,136.54635620117188,142.09103393554688,30
1787280648,895110639,,ui,502.4217224121094,570.6030883789062,580.811767578125,30
1787280649,894746899,,esp32,100.00300598144531,139.89846801757812,141.32785034179688,30
1787280649,895287726,,lidar,99.90895080566406,135.89199829101562,142.09103393554688,30
1787280649,895432517,,ui,502.4217224121094,567.383544921875,580.811767578125,30
1787280650,894644574,,esp32,100.00324249267578,139.92306518554688,141.32785034179688,30
1787280650,895125176,,lidar,99.90895080566406,135.89199829101562,142.09103393554688,30
1787280650,895242359,,ui,502.4217224121094,567.383544921875,580.811767578125,30
1787280651,894654131,,esp32,100.00455474853516,140.1087188720703,4105.55859375,30
1787280651,894980584,,lidar,99.91836547851562,135.89199829101562,142.09103393554688,30
1787280651,895042865,,ui,502.1786804199219,567.383544921875,580.811767578125,30
1787280652,894607753,,esp32,100.00312042236328,139.98501586914062,4105.55859375,30
1787280652,894955094,,lidar,99.91383361816406,135.89199829101562,150.5994873046875,30
1787280652,895026346,,ui,501.6615295410156,567.383544921875,580.811767578125,30
1787280653,894727892,,esp32,100.00312042236328,139.87049865722656,4105.55859375,30
1787280653,895081989,,lidar,99.91836547851562,137.60614013671875,151.8788299560547,30
1787280653,895156187,,ui,501.6615295410156,567.383544921875,580.811767578125,30
1787280654,894502995,,esp32,100.00455474853516,139.87049865722656,4105.55859375,30
1787280654,894824840,,lidar,99.91836547851562,149.28936767578125,151.8788299560547,30
1787280654,894900524,,ui,501.6615295410156,567.383544921875,580.811767578125,30
1787280655,894618711,,esp32,100.00074005126953,139.87049865722656,4105.55859375,30
1787280655,894941801,,lidar,99.90167236328125,149.28936767578125,151.8788299560547,30
1787280655,895004055,,ui,500.91839599609375,567.383544921875,580.811767578125,30
1787280656,894555122,,esp32,99.99835205078125,139.87049865722656,4105.55859375,30
1787280656,894906429,,lidar,99.9248046875,149.28936767578125,151.8788299560547,30
1787280656,894989251,,ui,500.91839599609375,567.383544921875,580.811767578125,30
1787280657,894805079,,esp32,99.99835205078125,139.87049865722656,4105.55859375,30
1787280657,895135022,,lidar,99.93326568603516,149.28936767578125,151.8788299560547,30
1787280657,895208276,,ui,500.91839599609375,567.383544921875,580.811767578125,30
1787280658,894435733,,esp32,100.00074005126953,139.87049865722656,4105.55859375,30
1787280658,894801138,,lidar,99.92277526855469,149.28936767578125,151.8788299560547,30
1787280658,894897783,,ui,500.91839599609375,567.383544921875,580.811767578125,30
1787280659,894726522,,esp32,99.99728393554688,139.87049865722656,4105.55859375,30
1787280659,895060075,,lidar,99.929931640625,149.28936767578125,151.8788299560547,30
1787280659,895124519,,ui,500.91839599609375,567.383544921875,580.811767578125,30
1787280660,894623165,,esp32,99.99573516845703,139.87049865722656,4105.55859375,30
1787280660,894978458,,lidar,99.92361450195312,149.28936767578125,151.8788299560547,30
1787280660,895039676,,ui,500.88250732421875,567.383544921875,580.811767578125,30
1787280661,894657450,,esp32,99.99728393554688,139.87049865722656,4105.55859375,30
1787280661,894976983,,lidar,99.9248046875,149.28936767578125,151.8788299560547,30
1787280661,895048646,,ui,500.208740234375,567.383544921875,580.811767578125,30
1787280662,894635373,,esp32,99.99835205078125,139.87049865722656,4105.55859375,30
1787280662,894954155,,lidar,99.92349243164062,149.28936767578125,151.8788299560547,30
1787280662,895016883,,ui,500.208740234375,567.383544921875,580.811767578125,30
1787280663,894466466,,esp32,100.00431823730469,139.87049865722656,4105.55859375,30
1787280663,894947341,,lidar,99.93720245361328,149.28936767578125,151.8788299560547,30
1787280663,895060611,,ui,500.208740234375,567.383544921875,580.811767578125,30
1787280664,894546041,,esp32,99.99835205078125,139.87049865722656,4105.55859375,30
1787280664,894924486,,lidar,99.92134857177734,149.28936767578125,151.8788299560547,30
1787280664,895016825,,ui,500.208740234375,567.383544921875,580.811767578125,30
1787280665,894471594,,esp32,99.99835205078125,139.87049865722656,4105.55859375,30
1787280665,894768437,,lidar,99.92277526855469,149.28936767578125,151.8788299560547,30
1787280665,894826622,,ui,499.730224609375,567.383544921875,580.811767578125,30
1787280666,894598663,,esp32,99.99728393554688,139.87049865722656,4105.55859375,30
1787280666,894912431,,lidar,99.88951873779297,149.28936767578125,151.8788299560547,30
1787280666,895004766,,ui,500.208740234375,567.383544921875,580.811767578125,30
1787280667,894560008,,esp32,99.99728393554688,139.727294921875,4105.55859375,30
1787280667,894928960,,lidar,99.88641357421875,149.28936767578125,151.8788299560547,30
1787280667,894998196,,ui,500.83685302734375,566.1642456054688,580.811767578125,30
1787280668,894220818,,esp32,99.99573516845703,139.60940551757812,4105.55859375,30
1787280668,894406174,,lidar,99.88761138916016,149.30270385742188,194.0631866455078,30
1787280668,894438540,,ui,500.83685302734375,565.0394287109375,580.811767578125,30
1787280669,894503670,,esp32,99.99573516845703,139.60940551757812,4105.55859375,30
1787280669,894801436,,lidar,99.88951873779297,149.30270385742188,194.0631866455078,30
1787280669,894871742,,ui,500.83685302734375,540.3433227539062,554.0790405273438,30
1787280670,894487956,,esp32,99.99430084228516,139.60940551757812,4105.55859375,30
1787280670,894885771,,lidar,99.91753387451172,149.30270385742188,194.0631866455078,30
1787280670,894966010,,ui,500.83685302734375,540.3433227539062,554.0790405273438,30
1787280671,894541980,,esp32,99.98881530761719,139.60940551757812,4105.55859375,30
1787280671,894971052,,lidar,99.88761138916016,149.30270385742188,194.0631866455078,30
1787280671,895045508,,ui,500.83685302734375,540.3433227539062,554.0790405273438,30
1787280672,894476422,,esp32,99.99728393554688,139.60940551757812,4105.55859375,30
1787280672,894818416,,lidar,99.92277526855469,149.30270385742188,194.0631866455078,30
1787280672,894898979,,ui,501.28961181640625,540.3433227539062,554.0790405273438,30
1787280673,894555717,,esp32,100.00074005126953,139.60940551757812,4105.55859375,30
1787280673,894904577,,lidar,99.91574096679688,149.30270385742188,194.0631866455078,30
1787280673,894971547,,ui,501.28961181640625,540.3433227539062,554.0790405273438,30
1787280674,894617709,,esp32,100.00586700439453,139.60940551757812,4105.55859375,30
1787280674,894963761,,lidar,99.89678955078125,149.30270385742188,194.0631866455078,30
1787280674,895033960,,ui,501.28961181640625,540.3433227539062,554.0790405273438,30
1787280675,894432159,,esp32,100.00586700439453,139.60940551757812,4105.55859375,30
1787280675,894820988,,lidar,99.9187240600586,149.30270385742188,194.0631866455078,30
1787280675,894894092,,ui,501.28961181640625,540.3433227539062,554.0790405273438,30
1787280676,894578764,,esp32,100.01587677001953,139.60940551757812,4105.55859375,30
1787280676,895060580,,lidar,99.90727996826172,149.30270385742188,194.0631866455078,30
1787280676,895136571,,ui,501.34063720703125,540.3433227539062,554.0790405273438,30
1787280677,894599739,,esp32,100.01802062988281,139.6084747314453,4105.55859375,30
1787280677,895088524,,lidar,99.90727996826172,149.30270385742188,194.0631866455078,30
1787280677,895202311,,ui,501.38592529296875,550.3460083007812,554.0790405273438,30
1787280678,894659379,,esp32,100.01802062988281,139.60537719726562,4105.55859375,30
1787280678,895157650,,lidar,99.90727996826172,149.30270385742188,194.0631866455078,30
1787280678,895285671,,ui,501.3360900878906,550.3460083007812,554.0790405273438,30
1787280679,894714948,,esp32,100.01802062988281,139.60227966308594,4105.55859375,30
1787280679,895275842,,lidar,99.89607238769531,149.30270385742188,194.0631866455078,30
1787280679,895419191,,ui,501.3360900878906,550.3460083007812,554.0790405273438,30
1787280680,894524935,,esp32,100.0173110961914,139.59918212890625,4105.55859375,30
1787280680,894839134,,lidar,99.88713073730469,149.30270385742188,194.0631866455078,30
1787280680,894911795,,ui,501.38592529296875,550.3460083007812,554.0790405273438,30
1787280681,894628426,,esp32,100.0102767944336,139.5952911376953,139.91522216796875,30
1787280681,895188320,,lidar,99.89905548095703,149.30270385742188,194.0631866455078,30
1787280681,895319172,,ui,501.38592529296875,550.3460083007812,554.0790405273438,30
1787280682,894703480,,esp32,100.01587677001953,139.26695251464844,139.85418701171875,30
1787280682,895222972,,lidar,99.89476013183594,149.28936767578125,194.0631866455078,30
1787280682,895310514,,ui,501.38592529296875,550.3460083007812,554.0790405273438,30
1787280683,894573490,,esp32,100.0102767944336,139.26695251464844,139.85418701171875,30
1787280683,895075514,,lidar,99.89178466796875,144.64537048339844,194.0631866455078,30
1787280683,895208373,,ui,501.38592529296875,550.3460083007812,554.0790405273438,30
1787280684,894452589,,esp32,100.0102767944336,139.59559631347656,159.4767608642578,30
1787280684,894873305,,lidar,99.89905548095703,140.63917541503906,194.0631866455078,30
1787280684,894944428,,ui,501.38592529296875,545.2047119140625,547.7518920898438,30
1787280685,894573809,,esp32,100.0102767944336,139.59559631347656,159.4767608642578,30
1787280685,894941595,,lidar,99.90727996826172,140.63917541503906,194.0631866455078,30
1787280685,895013497,,ui,501.4104919433594,545.2047119140625,547.7518920898438,30
1787280686,894549757,,esp32,100.01587677001953,139.59559631347656,159.4767608642578,30
1787280686,894895805,,lidar,99.85101318359375,140.63917541503906,194.0631866455078,30
1787280686,894975875,,ui,501.4104919433594,545.2047119140625,547.7518920898438,30
1787280687,894695169,,esp32,100.01587677001953,139.59559631347656,159.4767608642578,30
1787280687,895060975,,lidar,99.88153076171875,140.63917541503906,194.0631866455078,30
1787280687,895125774,,ui,501.38592529296875,545.2047119140625,547.7518920898438,30
1787280688,894707270,,esp32,100.01587677001953,139.59559631347656,159.4767608642578,30
1787280688,895208666,,lidar,99.87890625,140.63917541503906,194.0631866455078,30
1787280688,895337892,,ui,501.38592529296875,545.2047119140625,547.7518920898438,30
1787280689,894602174,,esp32,100.01051330566406,139.59559631347656,159.4767608642578,30
1787280689,895070139,,lidar,99.87890625,140.63917541503906,194.0631866455078,30
1787280689,895188382,,ui,501.4104919433594,545.2047119140625,547.7518920898438,30
1787280690,894666783,,esp32,100.01051330566406,139.59559631347656,159.4767608642578,30
1787280690,894995776,,lidar,99.89905548095703,140.63917541503906,194.0631866455078,30
1787280690,895061953,,ui,501.4104919433594,545.2047119140625,547.7518920898438,30
1787280691,894603755,,esp32,100.01051330566406,139.59559631347656,159.4767608642578,30
1787280691,895040337,,lidar,99.89106750488281,140.63917541503906,194.0631866455078,30
1787280691,895117088,,ui,501.55902099609375,545.2047119140625,547.7518920898438,30
1787280692,894611597,,esp32,100.00264739990234,139.59559631347656,159.4767608642578,30
1787280692,895016108,,lidar,99.89535522460938,140.63917541503906,194.0631866455078,30
1787280692,895104597,,ui,501.9721984863281,545.2047119140625,547.7518920898438,30
1787280693,894630233,,esp32,100.00574493408203,139.59559631347656,159.4767608642578,30
1787280693,895144730,,lidar,99.88284301757812,140.63917541503906,194.0631866455078,30
1787280693,895266883,,ui,501.7259216308594,545.2047119140625,547.7518920898438,30
1787280694,894541011,,esp32,100.01945495605469,139.59559631347656,159.4767608642578,30
1787280694,894994718,,lidar,99.89965057373047,140.63917541503906,194.0631866455078,30
1787280694,895072401,,ui,501.55902099609375,545.2047119140625,547.7518920898438,30
1787280695,894525318,,esp32,100.01742553710938,139.59559631347656,159.4767608642578,30
1787280695,894824724,,lidar,99.90465545654297,140.63917541503906,194.0631866455078,30
1787280695,894895083,,ui,501.7259216308594,545.2047119140625,547.7518920898438,30
1787280696,894511214,,esp32,100.021240234375,139.59559631347656,159.4767608642578,30
1787280696,894866358,,lidar,99.89273834228516,140.63917541503906,194.0631866455078,30
1787280696,894948951,,ui,501.7259216308594,545.2047119140625,547.7518920898438,30
1787280697,894576898,,esp32,100.01945495605469,139.7977752685547,159.4767608642578,30
1787280697,894904981,,lidar,99.89965057373047,140.63917541503906,194.0631866455078,30
1787280697,894971107,,ui,501.5344543457031,545.2047119140625,547.7518920898438,30
1787280698,894526971,,esp32,100.02267456054688,139.80722045898438,159.4767608642578,30
1787280698,894991023,,lidar,99.89535522460938,138.4581756591797,147.68194580078125,30
1787280698,895067077,,ui,501.5344543457031,545.2047119140625,547.7518920898438,30
1787280699,894371777,,esp32,100.021240234375,139.85491943359375,159.91830444335938,30
1787280699,894716722,,lidar,99.89476013183594,136.5695037841797,144.6147003173828,30
1787280699,894785008,,ui,501.5344543457031,545.2047119140625,547.7518920898438,30
1787280700,894424623,,esp32,100.021240234375,139.85491943359375,159.91830444335938,30
1787280700,894779319,,lidar,99.89047241210938,136.5695037841797,144.6147003173828,30
1787280700,894860820,,ui,501.5344543457031,545.2047119140625,547.7518920898438,30
1787280701,894087211,,esp32,100.01742553710938,139.85491943359375,159.91830444335938,30
1787280701,894247580,,lidar,99.89166259765625,136.5695037841797,144.6147003173828,30
1787280701,894292641,,ui,501.5728454589844,545.2047119140625,547.7518920898438,30
1787280702,894358076,,esp32,100.01325988769531,139.85491943359375,159.91830444335938,30
1787280702,894728916,,lidar,99.87306213378906,136.5695037841797,144.6147003173828,30
1787280702,894813903,,ui,501.358642578125,545.2047119140625,547.7518920898438,30
1787280703,894594253,,esp32,100.01325988769531,139.85491943359375,159.91830444335938,30
1787280703,894946776,,lidar,99.87306213378906,136.5695037841797,144.6147003173828,30
1787280703,895011104,,ui,501.358642578125,545.2047119140625,547.7518920898438,30
1787280704,894568819,,esp32,100.00383758544922,139.85491943359375,159.91830444335938,30
1787280704,894961336,,lidar,99.89047241210938,136.5695037841797,144.6147003173828,30
1787280704,895029948,,ui,501.5728454589844,545.2047119140625,547.7518920898438,30
1787280705,894456533,,esp32,100.00025939941406,139.85491943359375,159.91830444335938,30
1787280705,894863741,,lidar,99.86519622802734,136.5695037841797,144.6147003173828,30
1787280705,894942841,,ui,501.5728454589844,545.2047119140625,547.7518920898438,30
1787280706,894490118,,esp32,100.00025939941406,139.85491943359375,159.91830444335938,30
1787280706,894968144,,lidar,99.85661315917969,136.5695037841797,144.6147003173828,30
1787280706,895094496,,ui,501.44195556640625,545.2047119140625,547.7518920898438,30
1787280707,894523145,,esp32,99.99966430664062,139.85491943359375,159.91830444335938,30
1787280707,894912868,,lidar,99.86686706542969,136.5695037841797,144.6147003173828,30
1787280707,894992416,,ui,501.6333923339844,541.6180419921875,543.4346313476562,30
1787280708,894679826,,esp32,99.99966430664062,139.85491943359375,159.91830444335938,30
1787280708,895108331,,lidar,99.86257934570312,136.5695037841797,144.6147003173828,30
1787280708,895179366,,ui,502.1466064453125,541.6180419921875,543.4346313476562,30
1787280709,894679323,,esp32,99.99823760986328,139.85491943359375,159.91830444335938,30
1787280709,895138232,,lidar,99.86519622802734,136.5695037841797,144.6147003173828,30
1787280709,895258625,,ui,502.1466064453125,541.6180419921875,543.4346313476562,30
1787280710,894614500,,esp32,99.99978637695312,139.85491943359375,159.91830444335938,30
1787280710,894963375,,lidar,99.87783813476562,136.5695037841797,144.6147003173828,30
1787280710,895031196,,ui,502.0157165527344,539.0895385742188,540.355712890625,30
1787280711,894487187,,esp32,99.99823760986328,139.85491943359375,159.91830444335938,30
1787280711,894788907,,lidar,99.86257934570312,136.5695037841797,144.6147003173828,30
1787280711,894851978,,ui,502.0157165527344,539.0895385742188,540.355712890625,30
1787280712,894597332,,esp32,99.99823760986328,140.1171417236328,159.91830444335938,30
1787280712,895027054,,lidar,99.86031341552734,133.2886199951172,146.0249481201172,30
1787280712,895109747,,ui,502.44915771484375,539.0895385742188,540.355712890625,30
1787280713,894418313,,esp32,99.995849609375,140.1171417236328,159.91830444335938,30
1787280713,894803760,,lidar,99.86257934570312,140.6013946533203,148.58340454101562,30
1787280713,894910321,,ui,502.6806640625,539.0895385742188,540.355712890625,30
1787280714,894568666,,esp32,99.995849609375,140.1171417236328,159.91830444335938,30
1787280714,894911054,,lidar,99.85804748535156,142.01402282714844,149.73092651367188,30
1787280714,894972103,,ui,502.6806640625,539.0895385742188,540.355712890625,30
1787280715,894611737,,esp32,99.99823760986328,140.1171417236328,159.91830444335938,30
1787280715,895060837,,lidar,99.85804748535156,142.01402282714844,149.73092651367188,30
1787280715,895137778,,ui,503.24462890625,539.0895385742188,540.355712890625,30
1787280716,894602951,,esp32,99.99823760986328,140.1171417236328,159.91830444335938,30
1787280716,894939571,,lidar,99.87783813476562,142.01402282714844,149.73092651367188,30
1787280716,895006401,,ui,503.24462890625,539.0895385742188,540.355712890625,30
1787280717,894675931,,esp32,99.99823760986328,140.1171417236328,159.91830444335938,30
1787280717,895162216,,lidar,99.88021850585938,142.01402282714844,149.73092651367188,30
1787280717,895279526,,ui,503.24462890625,539.0895385742188,540.355712890625,30
1787280718,894557733,,esp32,99.99823760986328,140.1171417236328,159.91830444335938,30
1787280718,894987683,,lidar,99.87783813476562,142.01402282714844,149.73092651367188,30
1787280718,895087679,,ui,502.44915771484375,539.0895385742188,540.355712890625,30
1787280719,894661671,,esp32,99.99823760986328,140.1171417236328,159.91830444335938,30
1787280719,895002604,,lidar,99.86686706542969,142.01402282714844,149.73092651367188,30
1787280719,895067153,,ui,502.1147766113281,539.0895385742188,540.355712890625,30
1787280720,894679793,,esp32,99.99203491210938,140.1171417236328,159.91830444335938,30
1787280720,895230191,,lidar,99.85542297363281,142.01402282714844,149.73092651367188,30
1787280720,895365756,,ui,501.68133544921875,539.0895385742188,540.355712890625,30
1787280721,894453811,,esp32,99.995849609375,140.1171417236328,159.91830444335938,30
1787280721,894757674,,lidar,99.84970092773438,142.01402282714844,149.73092651367188,30
1787280721,894820809,,ui,501.68133544921875,539.0895385742188,540.355712890625,30
1787280722,894516335,,esp32,99.995849609375,140.1171417236328,159.91830444335938,30
1787280722,894895781,,lidar,99.83682250976562,142.01402282714844,149.73092651367188,30
1787280722,894978791,,ui,501.3308410644531,539.0895385742188,540.355712890625,30
1787280723,894571686,,esp32,99.9900131225586,140.1171417236328,159.91830444335938,30
1787280723,894922200,,lidar,99.8423080444336,142.01402282714844,149.73092651367188,30
1787280723,894994630,,ui,501.3308410644531,539.0895385742188,540.355712890625,30
1787280724,894665165,,esp32,99.98107147216797,140.1171417236328,159.91830444335938,30
1787280724,895039779,,lidar,99.82943725585938,142.01402282714844,149.73092651367188,30
1787280724,895123893,,ui,501.3308410644531,539.0895385742188,540.355712890625,30
1787280725,894575368,,esp32,99.9755859375,140.1171417236328,159.91830444335938,30
1787280725,894888071,,lidar,99.82681274414062,142.01402282714844,149.73092651367188,30
1787280725,894957900,,ui,501.3308410644531,539.0895385742188,540.355712890625,30
1787280726,894442931,,esp32,99.95985412597656,140.1171417236328,159.91830444335938,30
1787280726,894747699,,lidar,99.83682250976562,142.01402282714844,149.73092651367188,30
1787280726,894814819,,ui,501.3308410644531,539.0895385742188,540.355712890625,30
1787280727,894474638,,esp32,99.95985412597656,140.23965454101562,159.91830444335938,30
1787280727,894881169,,lidar,99.82943725585938,142.01402282714844,149.73092651367188,30
1787280727,894963578,,ui,500.9392395019531,538.4501953125,540.355712890625,30
1787280728,894393282,,esp32,99.95603942871094,140.23965454101562,159.91830444335938,30
1787280728,894744115,,lidar,99.83515930175781,142.01402282714844,149.73092651367188,30
1787280728,894812511,,ui,501.3308410644531,541.109375,546.8413696289062,30
1787280729,894660666,,esp32,99.97308349609375,139.92507934570312,159.678466796875,30
1787280729,894995204,,lidar,99.83599090576172,142.05413818359375,149.73092651367188,30
1787280729,895066959,,ui,500.9392395019531,538.6113891601562,546.8413696289062,30
1787280730,894703646,,esp32,99.98643493652344,139.92507934570312,159.678466796875,30
1787280730,895126045,,lidar,99.8322982788086,142.05413818359375,149.73092651367188,30
1787280730,895199342,,ui,501.3308410644531,538.6113891601562,546.8413696289062,30
1787280731,894692459,,esp32,99.98870086669922,139.92507934570312,159.678466796875,30
1787280731,895270349,,lidar,99.8331298828125,142.05413818359375,149.73092651367188,30
1787280731,895420479,,ui,500.9392395019531,538.6113891601562,546.8413696289062,30
1787280732,894637461,,esp32,99.98870086669922,139.92507934570312,159.678466796875,30
1787280732,895153489,,lidar,99.8374252319336,142.05413818359375,149.73092651367188,30
1787280732,895289337,,ui,501.3308410644531,538.6113891601562,546.8413696289062,30
1787280733,894560568,,esp32,99.98870086669922,139.92507934570312,159.678466796875,30
1787280733,894874484,,lidar,99.82431030273438,142.05413818359375,149.73092651367188,30
1787280733,894935638,,ui,501.2191467285156,538.6113891601562,546.8413696289062,30
1787280734,894509922,,esp32,99.99478149414062,139.92507934570312,159.678466796875,30
1787280734,894844748,,lidar,99.8331298828125,142.05413818359375,149.73092651367188,30
1787280734,894911895,,ui,501.2191467285156,538.6113891601562,546.8413696289062,30
1787280735,894507859,,esp32,99.99942779541016,139.92507934570312,159.678466796875,30
1787280735,894853070,,lidar,99.83992767333984,142.05413818359375,149.73092651367188,30
1787280735,894938692,,ui,500.8561706542969,538.6113891601562,546.8413696289062,30
1787280736,894575659,,esp32,99.99478149414062,139.92507934570312,159.678466796875,30
1787280736,894908270,,lidar,99.85089111328125,142.05413818359375,149.73092651367188,30
1787280736,894993690,,ui,500.2220764160156,538.6113891601562,546.8413696289062,30
1787280737,894572972,,esp32,100.00038146972656,139.92507934570312,159.678466796875,30
1787280737,895098260,,lidar,99.84207153320312,142.05413818359375,149.73092651367188,30
1787280737,895223801,,ui,500.2220764160156,538.437255859375,546.8413696289062,30
1787280738,894598209,,esp32,99.99275207519531,139.92507934570312,159.678466796875,30
1787280738,895175442,,lidar,99.85089111328125,142.05413818359375,149.73092651367188,30
1787280738,895315266,,ui,499.7752990722656,538.437255859375,546.8413696289062,30
1787280739,894393899,,esp32,99.99275207519531,139.92507934570312,159.678466796875,30
1787280739,894751457,,lidar,99.85089111328125,142.05413818359375,149.73092651367188,30
1787280739,894815915,,ui,499.7752990722656,538.437255859375,546.8413696289062,30
1787280740,894692208,,esp32,99.99275207519531,139.92507934570312,159.678466796875,30
1787280740,895022404,,lidar,99.83361053466797,142.05413818359375,149.73092651367188,30
1787280740,895089722,,ui,499.7752990722656,549.9708862304688,554.474365234375,30
1787280741,894523864,,esp32,100.00145721435547,139.92507934570312,159.678466796875,30
1787280741,894859380,,lidar,99.83992767333984,142.05413818359375,149.73092651367188,30
1787280741,894935055,,ui,499.7752990722656,549.9708862304688,554.474365234375,30
1787280742,894554674,,esp32,99.99787902832031,139.89572143554688,159.678466796875,30
1787280742,894970306,,lidar,99.8423080444336,140.6013946533203,149.73092651367188,30
1787280742,895043555,,ui,499.5949401855469,549.9708862304688,554.474365234375,30
1787280743,894615051,,esp32,99.99787902832031,139.8449249267578,159.678466796875,30
1787280743,894929530,,lidar,99.84207153320312,133.34228515625,149.73092651367188,30
1787280743,894990568,,ui,499.3585205078125,549.9708862304688,554.474365234375,30
1787280744,894537053,,esp32,99.995849609375,139.8449249267578,159.70611572265625,30
1787280744,894915938,,lidar,99.85053253173828,133.2418670654297,135.08462524414062,30
1787280744,894984121,,ui,499.3585205078125,549.9708862304688,554.474365234375,30
1787280745,894598705,,esp32,99.9948959350586,139.8449249267578,159.70611572265625,30
1787280745,895071489,,lidar,99.87330627441406,133.2418670654297,135.08462524414062,30
1787280745,895153907,,ui,499.3585205078125,549.9708862304688,554.474365234375,30
1787280746,894687396,,esp32,99.995849609375,139.8449249267578,159.70611572265625,30
1787280746,895279354,,lidar,99.85053253173828,133.2418670654297,135.08462524414062,30
1787280746,895430002,,ui,499.5949401855469,549.9708862304688,554.474365234375,30
1787280747,894501221,,esp32,99.99787902832031,139.8449249267578,159.70611572265625,30
1787280747,895029149,,lidar,99.83361053466797,133.2418670654297,135.08462524414062,30
1787280747,895162401,,ui,499.7752990722656,549.9708862304688,554.474365234375,30
1787280748,894537092,,esp32,100.00300598144531,139.8449249267578,159.70611572265625,30
1787280748,894959975,,lidar,99.83992767333984,133.2418670654297,135.08462524414062,30
1787280748,895083427,,ui,499.7752990722656,549.9708862304688,554.474365234375,30
1787280749,894770123,,esp32,100.0102767944336,139.8449249267578,159.70611572265625,30
1787280749,895137641,,lidar,99.83992767333984,133.2418670654297,135.08462524414062,30
1787280749,895223903,,ui,499.7752990722656,549.9708862304688,554.474365234375,30
1787280750,894676796,,esp32,100.0102767944336,139.8449249267578,159.70611572265625,30
1787280750,895330076,,lidar,99.83361053466797,133.2418670654297,135.08462524414062,30
1787280750,895474191,,ui,499.7752990722656,549.9708862304688,554.474365234375,30
1787280751,894744527,,esp32,100.00300598144531,139.8449249267578,159.70611572265625,30
1787280751,895318979,,lidar,99.84660339355469,133.2418670654297,135.08462524414062,30
1787280751,895462082,,ui,499.7752990722656,549.9708862304688,554.474365234375,30
1787280752,894336581,,esp32,99.99787902832031,139.8449249267578,159.70611572265625,30
1787280752,894661369,,lidar,99.85589599609375,133.2418670654297,135.08462524414062,30
1787280752,894724367,,ui,499.7752990722656,549.9708862304688,554.474365234375,30
1787280753,894638946,,esp32,100.0102767944336,139.8449249267578,159.70611572265625,30
1787280753,894972123,,lidar,99.87330627441406,133.2418670654297,135.08462524414062,30
1787280753,895042258,,ui,499.68756103515625,549.9708862304688,554.474365234375,30
1787280754,894675021,,esp32,100.02195739746094,139.8449249267578,159.70611572265625,30
1787280754,895056313,,lidar,99.87962341308594,133.2418670654297,135.08462524414062,30
1787280754,895130891,,ui,499.68756103515625,549.9708862304688,554.474365234375,30
1787280755,894513701,,esp32,100.02195739746094,139.8449249267578,159.70611572265625,30
1787280755,894852485,,lidar,99.8848648071289,133.2418670654297,135.08462524414062,30
1787280755,894925442,,ui,499.68756103515625,549.9708862304688,554.474365234375,30
1787280756,894568009,,esp32,100.02422332763672,139.8449249267578,159.70611572265625,30
1787280756,895030630,,lidar,99.88653564453125,133.2418670654297,135.08462524414062,30
1787280756,895110273,,ui,499.68756103515625,549.9708862304688,554.474365234375,30
1787280757,894487597,,esp32,100.02422332763672,139.7808074951172,159.70611572265625,30
1787280757,894813596,,lidar,99.8848648071289,134.22616577148438,153.53274536132812,30
1787280757,894877258,,ui,500.3153076171875,549.9708862304688,554.474365234375,30
1787280758,894489450,,esp32,100.02422332763672,139.66610717773438,159.70611572265625,30
1787280758,895068379,,lidar,99.88236236572266,135.2117919921875,153.53274536132812,30
1787280758,895200193,,ui,500.3153076171875,549.375732421875,554.474365234375,30
1787280759,894569001,,esp32,100.01468658447266,139.81069946289062,159.81649780273438,30
1787280759,894946267,,lidar,99.8848648071289,134.35333251953125,153.53274536132812,30
1787280759,895035239,,ui,500.78094482421875,549.375732421875,554.474365234375,30
1787280760,894424400,,esp32,100.00383758544922,139.81069946289062,159.81649780273438,30
1787280760,894734463,,lidar,99.87330627441406,134.35333251953125,153.53274536132812,30
1787280760,894800748,,ui,500.78094482421875,549.375732421875,554.474365234375,30
1787280761,894458220,,esp32,99.9969253540039,139.81069946289062,159.81649780273438,30
1787280761,894820664,,lidar,99.87330627441406,134.35333251953125,153.53274536132812,30
1787280761,894897606,,ui,500.78094482421875,549.375732421875,554.474365234375,30
1787280762,894518143,,esp32,99.9948959350586,139.81069946289062,159.81649780273438,30
1787280762,894894569,,lidar,99.88021850585938,134.35333251953125,153.53274536132812,30
1787280762,894980168,,ui,500.78094482421875,549.375732421875,554.474365234375,30
1787280763,894575398,,esp32,99.9948959350586,139.81069946289062,159.81649780273438,30
1787280763,894914829,,lidar,99.88021850585938,134.35333251953125,153.53274536132812,30
1787280763,894990694,,ui,500.7637634277344,549.375732421875,554.474365234375,30
1787280764,894475406,,esp32,99.98607635498047,139.81069946289062,159.81649780273438,30
1787280764,894899918,,lidar,99.88653564453125,134.35333251953125,153.53274536132812,30
1787280764,894978857,,ui,500.7637634277344,549.375732421875,554.474365234375,30
1787280765,894665762,,esp32,99.98607635498047,139.81069946289062,159.81649780273438,30
1787280765,895128362,,lidar,99.884033203125,134.35333251953125,153.53274536132812,30
1787280765,895212749,,ui,500.7637634277344,549.375732421875,554.474365234375,30
1787280766,894654309,,esp32,99.97880554199219,139.81069946289062,159.81649780273438,30
1787280766,895176042,,lidar,99.89297485351562,134.35333251953125,153.53274536132812,30
1787280766,895310341,,ui,500.7820129394531,549.375732421875,554.474365234375,30
1787280767,894606556,,esp32,99.97511291503906,139.81069946289062,159.81649780273438,30
1787280767,895135883,,lidar,99.89297485351562,134.35333251953125,153.53274536132812,30
1787280767,895270569,,ui,500.635498046875,549.375732421875,554.474365234375,30
1787280768,894432991,,esp32,99.98143005371094,139.81069946289062,159.81649780273438,30
1787280768,894753228,,lidar,99.87032318115234,134.35333251953125,153.53274536132812,30
1787280768,894816960,,ui,500.7637634277344,549.375732421875,554.474365234375,30
1787280769,894546952,,esp32,99.98607635498047,139.81069946289062,159.81649780273438,30
1787280769,894877377,,lidar,99.88021850585938,134.35333251953125,153.53274536132812,30
1787280769,894944965,,ui,500.7820129394531,549.375732421875,554.474365234375,30
1787280770,894532216,,esp32,99.98607635498047,139.81069946289062,159.81649780273438,30
1787280770,895054430,,lidar,99.88093566894531,134.35333251953125,153.53274536132812,30
1787280770,895183499,,ui,500.7820129394531,537.9097290039062,545.8326416015625,30
1787280771,894808143,,esp32,99.98464965820312,139.81069946289062,159.81649780273438,30
1787280771,895395568,,lidar,99.88093566894531,134.35333251953125,153.53274536132812,30
1787280771,895548432,,ui,500.7820129394531,537.9097290039062,545.8326416015625,30
1787280772,894476706,,esp32,99.99298858642578,140.00721740722656,159.81649780273438,30
1787280772,895082613,,lidar,99.88093566894531,147.8216094970703,153.53274536132812,30
1787280772,895218084,,ui,500.67364501953125,537.9097290039062,545.8326416015625,30
1787280773,894377614,,esp32,99.99800109863281,140.20458984375,159.81649780273438,30
1787280773,894774400,,lidar,99.87950134277344,147.84230041503906,153.53274536132812,30
1787280773,894872630,,ui,500.58245849609375,538.0440063476562,545.8326416015625,30
1787280774,894543868,,esp32,99.99871063232422,139.69972229003906,159.81649780273438,30
1787280774,894876813,,lidar,99.87437438964844,149.87789916992188,191.44345092773438,30
1787280774,894946662,,ui,500.67364501953125,553.456787109375,583.7523803710938,30
1787280775,894604046,,esp32,100.0010986328125,139.69972229003906,159.81649780273438,30
1787280775,894950763,,lidar,99.83336639404297,149.87789916992188,191.44345092773438,30
1787280775,895026806,,ui,500.67364501953125,553.456787109375,583.7523803710938,30
1787280776,894360932,,esp32,99.99453735351562,139.69972229003906,159.81649780273438,30
1787280776,894747369,,lidar,99.83336639404297,149.87789916992188,191.44345092773438,30
1787280776,894844150,,ui,500.67364501953125,553.456787109375,583.7523803710938,30
1787280777,894610220,,esp32,99.98464965820312,139.69972229003906,159.81649780273438,30
1787280777,895167809,,lidar,99.88093566894531,149.87789916992188,191.44345092773438,30
1787280777,895300386,,ui,500.67364501953125,553.456787109375,583.7523803710938,30
1787280778,894551457,,esp32,99.98381042480469,139.69972229003906,159.81649780273438,30
1787280778,894891257,,lidar,99.83551788330078,149.87789916992188,191.44345092773438,30
1787280778,894959337,,ui,500.5453796386719,553.456787109375,583.7523803710938,30
1787280779,894452917,,esp32,99.9866714477539,139.69972229003906,159.81649780273438,30
1787280779,894838056,,lidar,99.83551788330078,149.87789916992188,191.44345092773438,30
1787280779,894928068,,ui,500.67364501953125,553.456787109375,583.7523803710938,30
1787280780,894357473,,esp32,99.98929595947266,139.69972229003906,159.81649780273438,30
1787280780,894890462,,lidar,99.86579132080078,149.87789916992188,191.44345092773438,30
1787280780,895020324,,ui,500.67364501953125,553.456787109375,583.7523803710938,30
1787280781,894578732,,esp32,99.98381042480469,139.69972229003906,159.81649780273438,30
1787280781,894930238,,lidar,99.82443237304688,149.87789916992188,191.44345092773438,30
1787280781,895006777,,ui,500.67364501953125,553.456787109375,583.7523803710938,30
1787280782,894455751,,esp32,99.98929595947266,139.69972229003906,159.81649780273438,30
1787280782,894902546,,lidar,99.83551788330078,149.87789916992188,191.44345092773438,30
1787280782,895001043,,ui,500.7835693359375,553.456787109375,583.7523803710938,30
1787280783,894303198,,esp32,99.98750305175781,139.69972229003906,159.81649780273438,30
1787280783,894674398,,lidar,99.82443237304688,149.87789916992188,191.44345092773438,30
1787280783,894744903,,ui,500.7835693359375,553.456787109375,583.7523803710938,30
1787280784,894426459,,esp32,99.97785186767578,139.69972229003906,159.81649780273438,30
1787280784,894750020,,lidar,99.8077392578125,149.8699188232422,191.44345092773438,30
1787280784,894824981,,ui,500.67364501953125,553.456787109375,583.7523803710938,30
1787280785,894463796,,esp32,99.98381042480469,139.69972229003906,159.81649780273438,30
1787280785,894849991,,lidar,99.82991027832031,149.8699188232422,191.44345092773438,30
1787280785,894936870,,ui,500.67364501953125,553.13623046875,583.7523803710938,30
1787280786,894316679,,esp32,99.98381042480469,139.69972229003906,159.81649780273438,30
1787280786,894649279,,lidar,99.78794860839844,149.8699188232422,191.44345092773438,30
1787280786,894711809,,ui,500.7835693359375,553.13623046875,583.7523803710938,30
1787280787,894480043,,esp32,99.9866714477539,139.69972229003906,159.81649780273438,30
1787280787,895020595,,lidar,99.78819274902344,135.0684356689453,191.44345092773438,30
1787280787,895144957,,ui,500.7835693359375,555.9359130859375,583.7523803710938,30
1787280788,894052716,,esp32,99.98381042480469,139.7065887451172,159.81649780273438,30
1787280788,894368534,,lidar,99.8036880493164,133.12315368652344,191.44345092773438,30
1787280788,894450025,,ui,500.7835693359375,555.9359130859375,583.7523803710938,30
1787280789,894565146,,esp32,99.9866714477539,139.69972229003906,159.54733276367188,30
1787280789,894953597,,lidar,99.7884292602539,134.91893005371094,191.44345092773438,30
1787280789,895043041,,ui,500.67364501953125,555.9359130859375,583.7523803710938,30
1787280790,894547503,,esp32,99.98929595947266,139.69972229003906,159.54733276367188,30
1787280790,894899261,,lidar,99.82991027832031,134.91893005371094,191.44345092773438,30
1787280790,894966311,,ui,500.67364501953125,555.9359130859375,583.7523803710938,30
1787280791,894499739,,esp32,99.99227905273438,139.6421356201172,159.54733276367188,30
1787280791,894950391,,lidar,99.78794860839844,134.91893005371094,191.44345092773438,30
1787280791,895029673,,ui,500.7835693359375,555.9359130859375,583.7523803710938,30
1787280792,894520183,,esp32,99.99871063232422,139.6421356201172,159.54733276367188,30
1787280792,895143455,,lidar,99.8077392578125,134.91893005371094,191.44345092773438,30
1787280792,895283621,,ui,500.67364501953125,555.9359130859375,583.7523803710938,30
1787280793,894273224,,esp32,99.99573516845703,139.6421356201172,159.54733276367188,30
1787280793,894606443,,lidar,99.82967376708984,134.91893005371094,191.44345092773438,30
1787280793,894671907,,ui,500.6923828125,555.9359130859375,583.7523803710938,30
1787280794,894437288,,esp32,100.00407409667969,139.6421356201172,159.54733276367188,30
1787280794,895023376,,lidar,99.7812728881836,134.91893005371094,191.44345092773438,30
1787280794,895160975,,ui,500.5453796386719,555.9359130859375,583.7523803710938,30
1787280795,894511314,,esp32,100.00669860839844,139.6421356201172,159.54733276367188,30
1787280795,894927032,,lidar,99.78938293457031,134.92471313476562,191.44345092773438,30
1787280795,895006628,,ui,500.8022766113281,556.4074096679688,583.7523803710938,30
1787280796,894480932,,esp32,100.01420593261719,139.6421356201172,159.54733276367188,30
1787280796,895077870,,lidar,99.77889251708984,134.91893005371094,191.44345092773438,30
1787280796,895218392,,ui,500.6923828125,555.9359130859375,583.7523803710938,30
1787280797,894520730,,esp32,100.01087188720703,139.6421356201172,159.54733276367188,30
1787280797,894873464,,lidar,99.77889251708984,134.91893005371094,191.44345092773438,30
1787280797,894941104,,ui,500.94091796875,555.9359130859375,583.7523803710938,30
1787280798,894574031,,esp32,100.01504516601562,139.6421356201172,159.54733276367188,30
1787280798,895132349,,lidar,99.8077392578125,134.91893005371094,191.44345092773438,30
1787280798,895265374,,ui,500.94091796875,555.9359130859375,583.7523803710938,30
1787280799,894509795,,esp32,100.01087188720703,139.6421356201172,159.54733276367188,30
1787280799,894867966,,lidar,99.80034637451172,134.91893005371094,191.44345092773438,30
1787280799,894932187,,ui,501.2109375,555.9359130859375,583.7523803710938,30
1787280800,894701494,,esp32,100.01087188720703,139.6421356201172,159.54733276367188,30
1787280800,895332521,,lidar,99.8077392578125,134.91893005371094,191.44345092773438,30
1787280800,895485952,,ui,501.2109375,555.9359130859375,583.7523803710938,30
1787280801,894542029,,esp32,100.01504516601562,139.6421356201172,159.54733276367188,30
1787280801,895017776,,lidar,99.80845642089844,134.91893005371094,191.44345092773438,30
1787280801,895100872,,ui,501.34228515625,556.4074096679688,583.7523803710938,30
1787280802,894462284,,esp32,100.01420593261719,139.42201232910156,140.08187866210938,30
1787280802,894860638,,lidar,99.80809783935547,134.92471313476562,191.44345092773438,30
1787280802,894951229,,ui,502.6335754394531,556.4074096679688,583.7523803710938,30
1787280803,894508674,,esp32,100.00801086425781,139.6415252685547,140.08187866210938,30
1787280803,894981348,,lidar,99.80845642089844,144.41275024414062,191.44345092773438,30
1787280803,895063641,,ui,502.4905090332031,555.9359130859375,583.7523803710938,30
1787280804,894443253,,esp32,100.01087188720703,139.64219665527344,140.08187866210938,30
1787280804,894984828,,lidar,99.80845642089844,144.41275024414062,151.82041931152344,30
1787280804,895106940,,ui,501.8448791503906,533.80615234375,536.6058349609375,30
1787280805,894357656,,esp32,100.01445007324219,139.64219665527344,140.08187866210938,30
1787280805,894807455,,lidar,99.82418823242188,144.41275024414062,151.82041931152344,30
1787280805,894910823,,ui,501.8448791503906,533.80615234375,536.6058349609375,30
1787280806,894309973,,esp32,100.01445007324219,139.64219665527344,140.08187866210938,30
1787280806,894876681,,lidar,99.83158111572266,144.41275024414062,151.82041931152344,30
1787280806,895019207,,ui,502.1142883300781,533.80615234375,536.6058349609375,30
1787280807,894833957,,esp32,100.0152816772461,139.64219665527344,140.08187866210938,30
1787280807,895264243,,lidar,99.8077392578125,144.41275024414062,151.82041931152344,30
1787280807,895343407,,ui,502.88629150390625,531.3838500976562,536.6058349609375,30
1787280808,894567460,,esp32,100.01445007324219,139.64219665527344,140.08187866210938,30
1787280808,895173341,,lidar,99.83158111572266,144.41275024414062,151.82041931152344,30
1787280808,895312556,,ui,502.90130615234375,531.3838500976562,536.6058349609375,30
1787280809,894541817,,esp32,100.00741577148438,139.64219665527344,140.08187866210938,30
1787280809,895122961,,lidar,99.83086395263672,144.41275024414062,151.82041931152344,30
1787280809,895273933,,ui,502.88629150390625,531.3838500976562,536.6058349609375,30
1787280810,894509229,,esp32,100.00741577148438,139.64219665527344,140.08187866210938,30
1787280810,894949812,,lidar,99.84588623046875,144.41275024414062,151.82041931152344,30
1787280810,895023963,,ui,502.88629150390625,531.3838500976562,536.6058349609375,30
1787280811,894557329,,esp32,100.01254272460938,139.64219665527344,140.08187866210938,30
1787280811,895046035,,lidar,99.84588623046875,144.41275024414062,151.82041931152344,30
1787280811,895128318,,ui,502.88629150390625,531.3838500976562,536.6058349609375,30
1787280812,894426374,,esp32,100.01647186279297,139.64219665527344,140.08187866210938,30
1787280812,894746339,,lidar,99.83086395263672,144.41275024414062,151.82041931152344,30
1787280812,894810415,,ui,501.34228515625,531.3838500976562,536.6058349609375,30
1787280813,894427115,,esp32,100.00968170166016,139.64219665527344,140.08187866210938,30
1787280813,894925799,,lidar,99.85279846191406,144.41275024414062,151.82041931152344,30
1787280813,895023807,,ui,501.34228515625,531.3838500976562,536.6058349609375,30
1787280814,894686190,,esp32,100.01647186279297,139.64219665527344,140.08187866210938,30
1787280814,895109650,,lidar,99.86448669433594,144.4529266357422,151.82041931152344,30
1787280814,895186458,,ui,502.88629150390625,531.3838500976562,536.6058349609375,30
1787280815,894490271,,esp32,100.00741577148438,139.64219665527344,140.08187866210938,30
1787280815,894853350,,lidar,99.86174011230469,144.4529266357422,151.82041931152344,30
1787280815,894923640,,ui,502.90130615234375,531.3838500976562,536.6058349609375,30
1787280816,894354024,,esp32,100.00741577148438,139.64219665527344,140.08187866210938,30
1787280816,894677102,,lidar,99.86448669433594,144.4529266357422,151.82041931152344,30
1787280816,894742046,,ui,502.90130615234375,535.2044677734375,536.6058349609375,30
1787280817,894677998,,esp32,100.00479125976562,139.7102813720703,180.64427185058594,30
1787280817,895073202,,lidar,99.86400604248047,148.4293975830078,170.52984619140625,30
1787280817,895142451,,ui,502.90130615234375,530.7952880859375,534.189697265625,30
1787280818,894547352,,esp32,100.00264739990234,139.7102813720703,180.64427185058594,30
1787280818,894939574,,lidar,99.86448669433594,148.43438720703125,170.52984619140625,30
1787280818,895010637,,ui,501.0795593261719,530.7952880859375,534.189697265625,30
1787280819,894418530,,esp32,100.00264739990234,139.81747436523438,180.64427185058594,30
1787280819,894767509,,lidar,99.86448669433594,148.43438720703125,170.52984619140625,30
1787280819,894835852,,ui,502.88629150390625,531.502197265625,534.189697265625,30
1787280820,894530767,,esp32,99.99716186523438,139.81747436523438,180.64427185058594,30
1787280820,894868747,,lidar,99.86174011230469,148.43438720703125,170.52984619140625,30
1787280820,894937922,,ui,501.0795593261719,531.502197265625,534.189697265625,30
1787280821,894533982,,esp32,99.9919204711914,139.81747436523438,180.64427185058594,30
1787280821,894898371,,lidar,99.86448669433594,148.43438720703125,170.52984619140625,30
1787280821,894967753,,ui,500.5507507324219,531.502197265625,534.189697265625,30
1787280822,894475933,,esp32,99.9900131225586,139.81747436523438,180.64427185058594,30
1787280822,894827390,,lidar,99.86448669433594,148.43438720703125,170.52984619140625,30
1787280822,894903625,,ui,502.88629150390625,531.502197265625,534.189697265625,30
1787280823,894236587,,esp32,99.9900131225586,139.81747436523438,180.64427185058594,30
1787280823,894526911,,lidar,99.8485107421875,148.43438720703125,170.52984619140625,30
1787280823,894582345,,ui,502.88629150390625,531.502197265625,534.189697265625,30
1787280824,894281358,,esp32,99.9866714477539,139.81747436523438,180.64427185058594,30
1787280824,894793108,,lidar,99.85614013671875,148.43438720703125,170.52984619140625,30
1787280824,894938169,,ui,502.90130615234375,531.502197265625,534.189697265625,30
1787280825,894517999,,esp32,99.9866714477539,139.81747436523438,180.64427185058594,30
1787280825,895102970,,lidar,99.87330627441406,148.4293975830078,170.52984619140625,30
1787280825,895222110,,ui,502.893798828125,531.455810546875,534.189697265625,30
1787280826,894479356,,esp32,99.9866714477539,139.81747436523438,180.64427185058594,30
1787280826,894837906,,lidar,99.85124969482422,148.43438720703125,170.52984619140625,30
1787280826,894908010,,ui,502.90130615234375,531.502197265625,534.189697265625,30
1787280827,894532954,,esp32,99.98881530761719,139.81747436523438,180.64427185058594,30
1787280827,895011359,,lidar,99.86174011230469,148.43438720703125,170.52984619140625,30
1787280827,895105408,,ui,502.90130615234375,531.502197265625,534.189697265625,30
1787280828,894542976,,esp32,99.98321533203125,139.81747436523438,180.64427185058594,30
1787280828,895100364,,lidar,99.84326171875,148.43438720703125,170.52984619140625,30
1787280828,895240765,,ui,502.90130615234375,531.502197265625,534.189697265625,30
1787280829,894425102,,esp32,99.98321533203125,139.81747436523438,180.64427185058594,30
1787280829,894766749,,lidar,99.86448669433594,148.43438720703125,170.52984619140625,30
1787280829,894837951,,ui,500.7669982910156,531.502197265625,534.189697265625,30
1787280830,894324892,,esp32,99.98321533203125,139.81747436523438,180.64427185058594,30
1787280830,894709122,,lidar,99.86174011230469,148.43438720703125,170.52984619140625,30
1787280830,894803658,,ui,501.2095031738281,531.502197265625,534.189697265625,30
1787280831,894437925,,esp32,99.97987365722656,139.81747436523438,180.64427185058594,30
1787280831,894791548,,lidar,99.8485107421875,148.43438720703125,170.52984619140625,30
1787280831,894882521,,ui,500.9882507324219,531.455810546875,534.189697265625,30
1787280832,894352080,,esp32,99.97987365722656,139.81747436523438,180.64427185058594,30
1787280832,894721059,,lidar,99.84732055664062,148.4293975830078,170.52984619140625,30
1787280832,894794387,,ui,500.65887451171875,531.455810546875,534.189697265625,30
1787280833,894524522,,esp32,99.96044921875,140.00794982910156,180.64427185058594,30
1787280833,894922305,,lidar,99.84732055664062,146.35110473632812,170.52984619140625,30
1787280833,894992528,,ui,502.055419921875,534.973876953125,536.102294921875,30
1787280834,894230241,,esp32,99.96044921875,140.00794982910156,180.64427185058594,30
1787280834,894731157,,lidar,99.8485107421875,144.01625061035156,170.52984619140625,30
1787280834,894860710,,ui,501.2095031738281,534.9929809570312,536.102294921875,30
1787280835,894559207,,esp32,99.9594955444336,140.00794982910156,180.64427185058594,30
1787280835,895150259,,lidar,99.85614013671875,144.01625061035156,170.52984619140625,30
1787280835,895292172,,ui,501.2095031738281,534.9929809570312,536.102294921875,30
1787280836,894473506,,esp32,99.9594955444336,140.00794982910156,180.64427185058594,30
1787280836,895015953,,lidar,99.83802032470703,144.01625061035156,170.52984619140625,30
1787280836,895153489,,ui,502.90130615234375,534.9929809570312,536.102294921875,30
1787280837,894455241,,esp32,99.96044921875,140.00794982910156,180.64427185058594,30
1787280837,895015239,,lidar,99.8485107421875,144.01625061035156,170.52984619140625,30
1787280837,895156208,,ui,500.9882507324219,534.973876953125,536.102294921875,30
1787280838,894391228,,esp32,99.9594955444336,140.00794982910156,180.64427185058594,30
1787280838,894752045,,lidar,99.83039093017578,144.01625061035156,170.52984619140625,30
1787280838,894865858,,ui,500.9882507324219,534.973876953125,536.102294921875,30
1787280839,894506137,,esp32,99.96223449707031,140.00794982910156,180.64427185058594,30
1787280839,894850626,,lidar,99.83897399902344,144.01625061035156,170.52984619140625,30
1787280839,894922073,,ui,502.30633544921875,534.973876953125,536.102294921875,30
1787280840,894358123,,esp32,99.965576171875,140.00794982910156,180.64427185058594,30
1787280840,894711607,,lidar,99.81954193115234,144.01625061035156,170.52984619140625,30
1787280840,894787899,,ui,500.9882507324219,534.973876953125,536.102294921875,30
1787280841,894341671,,esp32,99.96223449707031,140.00794982910156,180.64427185058594,30
1787280841,894688812,,lidar,99.84254455566406,144.01625061035156,170.52984619140625,30
1787280841,894766516,,ui,500.9882507324219,534.973876953125,536.102294921875,30
1787280842,894363047,,esp32,99.96223449707031,140.00794982910156,180.64427185058594,30
1787280842,894816391,,lidar,99.8533935546875,144.01625061035156,170.52984619140625,30
1787280842,894919671,,ui,500.9882507324219,534.973876953125,536.102294921875,30
1787280843,894567877,,esp32,99.97880554199219,140.00794982910156,180.64427185058594,30
1787280843,895186583,,lidar,99.81954193115234,144.01625061035156,170.52984619140625,30
1787280843,895333124,,ui,501.5851135253906,534.973876953125,536.102294921875,30
1787280844,894481204,,esp32,99.98213958740234,140.00794982910156,180.64427185058594,30
1787280844,894806702,,lidar,99.83039093017578,144.01625061035156,170.52984619140625,30
1787280844,894879547,,ui,501.5851135253906,534.973876953125,536.102294921875,30
1787280845,894565026,,esp32,99.98834228515625,140.00794982910156,180.64427185058594,30
1787280845,894938984,,lidar,99.81954193115234,144.01625061035156,170.52984619140625,30
1787280845,895017218,,ui,501.5851135253906,534.973876953125,536.102294921875,30
1787280846,894553826,,esp32,99.9815444946289,140.00794982910156,180.64427185058594,30
1787280846,895141834,,lidar,99.82573699951172,144.01625061035156,170.52984619140625,30
1787280846,895296123,,ui,501.5851135253906,533.6051635742188,536.102294921875,30
1787280847,894530316,,esp32,99.98834228515625,139.94422912597656,159.7120819091797,30
1787280847,895094408,,lidar,99.83778381347656,144.01625061035156,150.09451293945312,30
1787280847,895230408,,ui,501.5851135253906,533.6051635742188,536.102294921875,30
1787280848,894528058,,esp32,99.99060821533203,139.80787658691406,159.7120819091797,30
1787280848,895123304,,lidar,99.82573699951172,146.3519287109375,150.09451293945312,30
1787280848,895242273,,ui,502.0101013183594,533.6051635742188,536.102294921875,30
1787280849,894498979,,esp32,99.98834228515625,139.80787658691406,159.7664337158203,30
1787280849,894905270,,lidar,99.8238296508789,146.3519287109375,150.09451293945312,30
1787280849,895000439,,ui,502.0101013183594,535.673095703125,536.102294921875,30
1787280850,894583585,,esp32,99.98512268066406,139.80787658691406,159.7664337158203,30
1787280850,894944685,,lidar,99.81954193115234,146.3519287109375,150.09451293945312,30
1787280850,895015069,,ui,503.02685546875,535.673095703125,536.102294921875,30
1787280851,894389123,,esp32,99.98512268066406,139.80787658691406,159.7664337158203,30
1787280851,894753098,,lidar,99.81954193115234,146.3519287109375,150.09451293945312,30
1787280851,894862539,,ui,502.0101013183594,535.673095703125,536.102294921875,30
1787280852,894381372,,esp32,99.98834228515625,139.80787658691406,159.7664337158203,30
1787280852,894783030,,lidar,99.7933120727539,146.3519287109375,150.09451293945312,30
1787280852,894877900,,ui,503.02685546875,535.673095703125,536.102294921875,30
1787280853,894389660,,esp32,99.99060821533203,139.80787658691406,159.7664337158203,30
1787280853,895013162,,lidar,99.78270721435547,146.35110473632812,150.09451293945312,30
1787280853,895157818,,ui,503.02685546875,535.673095703125,536.102294921875,30
1787280854,894271066,,esp32,99.990966796875,139.80787658691406,159.7664337158203,30
1787280854,894655094,,lidar,99.81536865234375,146.35110473632812,150.09451293945312,30
1787280854,894728384,,ui,503.02685546875,535.673095703125,536.102294921875,30
1787280855,894231479,,esp32,99.98512268066406,139.80787658691406,159.7664337158203,30
1787280855,894557849,,lidar,99.81536865234375,146.35110473632812,150.09451293945312,30
1787280855,894623652,,ui,503.02685546875,535.673095703125,536.102294921875,30
1787280856,894345935,,esp32,99.98857879638672,139.80787658691406,159.7664337158203,30
1787280856,894718589,,lidar,99.82752990722656,146.35110473632812,150.09451293945312,30
1787280856,894792504,,ui,503.02685546875,535.673095703125,536.102294921875,30
1787280857,894387311,,esp32,99.98857879638672,139.80787658691406,159.7664337158203,30
1787280857,894984227,,lidar,99.82752990722656,146.35110473632812,150.09451293945312,30
1787280857,895122878,,ui,503.02685546875,535.673095703125,536.102294921875,30
1787280858,894583034,,esp32,99.98345184326172,139.80787658691406,159.7664337158203,30
1787280858,894952963,,lidar,99.82371520996094,146.35110473632812,150.09451293945312,30
1787280858,895023544,,ui,503.02685546875,535.673095703125,536.102294921875,30
1787280859,894579801,,esp32,99.98238372802734,139.80787658691406,159.7664337158203,30
1787280859,895027716,,lidar,99.78270721435547,146.35110473632812,150.09451293945312,30
1787280859,895103450,,ui,504.1410827636719,535.673095703125,536.102294921875,30
1787280860,894634802,,esp32,99.98345184326172,139.80787658691406,159.7664337158203,30
1787280860,894994683,,lidar,99.78294372558594,146.35110473632812,150.09451293945312,30
1787280860,895065930,,ui,503.68798828125,535.673095703125,536.102294921875,30
1787280861,894534087,,esp32,99.98047637939453,139.80787658691406,159.7664337158203,30
1787280861,894885200,,lidar,99.82752990722656,146.35110473632812,150.09451293945312,30
1787280861,894954943,,ui,503.68798828125,535.673095703125,536.102294921875,30
1787280862,894630154,,esp32,99.9766616821289,139.94422912597656,159.7664337158203,30
1787280862,895212734,,lidar,99.8331298828125,146.07730102539062,150.09451293945312,30
1787280862,895348106,,ui,503.68798828125,543.4693603515625,554.0707397460938,30
1787280863,894476554,,esp32,99.98047637939453,139.84320068359375,159.7664337158203,30
1787280863,894813090,,lidar,99.8331298828125,146.078125,150.09451293945312,30
1787280863,894877888,,ui,502.0101013183594,543.0401611328125,554.0707397460938,30
1787280864,894476538,,esp32,99.98047637939453,139.86721801757812,159.87301635742188,30
1787280864,894955063,,lidar,99.82752990722656,146.43406677246094,150.09451293945312,30
1787280864,895040754,,ui,502.71368408203125,543.0401611328125,554.0707397460938,30
1787280865,894624813,,esp32,99.9766616821289,139.86721801757812,159.87301635742188,30
1787280865,895200598,,lidar,99.79510498046875,146.43406677246094,150.09451293945312,30
1787280865,895346464,,ui,502.0101013183594,543.0401611328125,554.0707397460938,30
1787280866,894519764,,esp32,99.97499084472656,139.86721801757812,159.87301635742188,30
1787280866,894876592,,lidar,99.79796600341797,146.43406677246094,150.09451293945312,30
1787280866,894950886,,ui,502.0101013183594,543.0401611328125,554.0707397460938,30
1787280867,894464401,,esp32,99.97499084472656,139.86721801757812,159.87301635742188,30
1787280867,894798382,,lidar,99.83897399902344,146.43406677246094,150.09451293945312,30
1787280867,894865433,,ui,502.1731872558594,543.0401611328125,554.0707397460938,30
1787280868,894349059,,esp32,99.97499084472656,139.86721801757812,159.87301635742188,30
1787280868,894915227,,lidar,99.82752990722656,146.43406677246094,150.09451293945312,30
1787280868,895053798,,ui,502.1731872558594,543.0401611328125,554.0707397460938,30
1787280869,894408006,,esp32,99.97749328613281,139.86721801757812,159.87301635742188,30
1787280869,894973160,,lidar,99.82752990722656,146.43406677246094,150.09451293945312,30
1787280869,895109765,,ui,502.0101013183594,543.0401611328125,554.0707397460938,30
1787280870,894430449,,esp32,99.97499084472656,139.86721801757812,159.87301635742188,30
1787280870,894861624,,lidar,99.85780334472656,146.43406677246094,150.09451293945312,30
1787280870,894939164,,ui,502.1731872558594,543.0401611328125,554.0707397460938,30
1787280871,894354550,,esp32,99.98238372802734,139.86721801757812,159.87301635742188,30
1787280871,894756243,,lidar,99.81155395507812,146.43406677246094,150.09451293945312,30
1787280871,894850490,,ui,502.1731872558594,543.0401611328125,554.0707397460938,30
1787280872,894468506,,esp32,99.96903228759766,139.86721801757812,159.87301635742188,30
1787280872,895096187,,lidar,99.78294372558594,146.43406677246094,150.09451293945312,30
1787280872,895248521,,ui,502.8343200683594,543.0401611328125,554.0707397460938,30
1787280873,894277069,,esp32,99.96199798583984,139.86721801757812,159.87301635742188,30
1787280873,894619128,,lidar,99.82752990722656,146.43406677246094,150.09451293945312,30
1787280873,894683855,,ui,502.8343200683594,543.0401611328125,554.0707397460938,30
1787280874,894476282,,esp32,99.9612808227539,139.86721801757812,159.87301635742188,30
1787280874,895016793,,lidar,99.81155395507812,146.43406677246094,150.09451293945312,30
1787280874,895159536,,ui,502.1731872558594,543.0401611328125,554.0707397460938,30
1787280875,894606153,,esp32,99.96199798583984,139.86721801757812,159.87301635742188,30
1787280875,895234838,,lidar,99.82514190673828,146.43406677246094,150.09451293945312,30
1787280875,895408365,,ui,502.0101013183594,543.0401611328125,554.0707397460938,30
1787280876,894347691,,esp32,99.97415161132812,139.86721801757812,159.87301635742188,30
1787280876,894977676,,lidar,99.82514190673828,146.43406677246094,150.09451293945312,30
1787280876,895127393,,ui,502.0101013183594,543.0401611328125,554.0707397460938,30
1787280877,894546244,,esp32,99.96736145019531,140.29147338867188,159.87301635742188,30
1787280877,894922082,,lidar,99.79915618896484,146.43406677246094,151.96466064453125,30
1787280877,895003139,,ui,502.1731872558594,543.0401611328125,554.0707397460938,30
1787280878,894335632,,esp32,99.96736145019531,140.29147338867188,159.87301635742188,30
1787280878,894722992,,lidar,99.81155395507812,146.0745391845703,151.96466064453125,30
1787280878,894799056,,ui,502.08984375,543.0401611328125,554.0707397460938,30
1787280879,894338769,,esp32,99.96736145019531,139.94227600097656,159.87301635742188,30
1787280879,894753393,,lidar,99.82514190673828,146.0745391845703,151.96466064453125,30
1787280879,894828448,,ui,502.8343200683594,539.8661499023438,554.0707397460938,30
1787280880,894589431,,esp32,99.97415161132812,139.94227600097656,159.87301635742188,30
1787280880,895238543,,lidar,99.85828399658203,146.0745391845703,151.96466064453125,30
1787280880,895386868,,ui,502.08984375,539.8661499023438,554.0707397460938,30
1787280881,894566211,,esp32,99.97880554199219,139.94227600097656,159.87301635742188,30
1787280881,895128163,,lidar,99.86519622802734,146.0745391845703,151.96466064453125,30
1787280881,895267224,,ui,502.2484130859375,539.8661499023438,554.0707397460938,30
1787280882,894452596,,esp32,99.97415161132812,139.94227600097656,159.87301635742188,30
1787280882,894929321,,lidar,99.86114501953125,146.0745391845703,151.96466064453125,30
1787280882,895050763,,ui,502.2484130859375,539.8661499023438,554.0707397460938,30
1787280883,894460200,,esp32,99.96426391601562,139.94227600097656,159.87301635742188,30
1787280883,894813834,,lidar,99.89630889892578,146.0902862548828,151.96466064453125,30
1787280883,894886298,,ui,501.8614501953125,539.8661499023438,554.0707397460938,30
1787280884,894339810,,esp32,99.96199798583984,139.94227600097656,159.87301635742188,30
1787280884,894689643,,lidar,99.884033203125,146.0902862548828,151.96466064453125,30
1787280884,894766275,,ui,501.7750244140625,539.8661499023438,554.0707397460938,30
1787280885,894443099,,esp32,99.97010040283203,139.94227600097656,159.87301635742188,30
1787280885,894799607,,lidar,99.85971069335938,146.0902862548828,151.96466064453125,30
1787280885,894869654,,ui,502.0707702636719,539.8661499023438,554.0707397460938,30
1787280886,894459727,,esp32,99.96700286865234,139.94227600097656,159.87301635742188,30
1787280886,894933349,,lidar,99.86936950683594,146.0902862548828,151.96466064453125,30
1787280886,895031332,,ui,502.0707702636719,539.8661499023438,554.0707397460938,30
1787280887,894562353,,esp32,99.96700286865234,139.94227600097656,159.87301635742188,30
1787280887,895124748,,lidar,99.86734008789062,146.0902862548828,151.96466064453125,30
1787280887,895266827,,ui,502.0707702636719,539.8661499023438,554.0707397460938,30
1787280888,894193151,,esp32,99.96700286865234,139.94227600097656,159.87301635742188,30
1787280888,894321471,,lidar,99.8983383178711,146.0902862548828,151.96466064453125,30
1787280888,894343836,,ui,502.1572265625,539.8661499023438,554.0707397460938,30
1787280889,894410937,,esp32,99.97415161132812,139.94227600097656,159.87301635742188,30
1787280889,894745068,,lidar,99.8983383178711,146.0902862548828,151.96466064453125,30
1787280889,894818602,,ui,502.1572265625,539.8661499023438,554.0707397460938,30
1787280890,894383719,,esp32,99.97010040283203,139.94227600097656,159.87301635742188,30
1787280890,894802377,,lidar,99.88880157470703,146.0902862548828,151.96466064453125,30
1787280890,894888887,,ui,502.0707702636719,539.8661499023438,554.0707397460938,30
1787280891,894086312,,esp32,99.97010040283203,139.94227600097656,159.87301635742188,30
1787280891,894277368,,lidar,99.88880157470703,146.0902862548828,151.96466064453125,30
1787280891,894308704,,ui,502.0707702636719,539.8661499023438,554.0707397460938,30
1787280892,893974290,,esp32,99.97415161132812,139.84396362304688,159.87301635742188,30
1787280892,894127992,,lidar,99.89213562011719,145.4842071533203,151.96466064453125,30
1787280892,894149817,,ui,502.0707702636719,529.3700561523438,529.9951782226562,30
1787280893,894340876,,esp32,99.97880554199219,139.74270629882812,159.87301635742188,30
1787280893,894745822,,lidar,99.89213562011719,145.4842071533203,152.86373901367188,30
1787280893,894826112,,ui,502.0707702636719,529.3700561523438,529.9951782226562,30
1787280894,894287404,,esp32,99.98274230957031,139.46694946289062,159.85035705566406,30
1787280894,894423187,,lidar,99.88880157470703,144.5780792236328,152.86373901367188,30
1787280894,894448291,,ui,502.1572265625,530.3232421875,532.3200073242188,30
1787280895,894460554,,esp32,99.98393249511719,139.46694946289062,159.85035705566406,30
1787280895,895047214,,lidar,99.88880157470703,144.5780792236328,152.86373901367188,30
1787280895,895185912,,ui,502.1572265625,530.3232421875,532.3200073242188,30
1787280896,894494149,,esp32,99.98941040039062,139.46694946289062,159.85035705566406,30
1787280896,895166864,,lidar,99.89559936523438,144.5780792236328,152.86373901367188,30
1787280896,895309356,,ui,502.0707702636719,530.3232421875,532.3200073242188,30
1787280897,894361632,,esp32,99.9948959350586,139.46694946289062,159.85035705566406,30
1787280897,894889462,,lidar,99.884033203125,144.5780792236328,152.86373901367188,30
1787280897,894982934,,ui,501.82843017578125,530.3232421875,532.3200073242188,30
1787280898,894547445,,esp32,99.99966430664062,139.46694946289062,159.85035705566406,30
1787280898,894906668,,lidar,99.88880157470703,144.5780792236328,152.86373901367188,30
1787280898,894980013,,ui,501.82843017578125,530.3232421875,532.3200073242188,30
1787280899,894500333,,esp32,99.99728393554688,139.46694946289062,159.85035705566406,30
1787280899,894958976,,lidar,99.884033203125,144.5780792236328,152.86373901367188,30
1787280899,895041418,,ui,502.0707702636719,530.3232421875,532.3200073242188,30
1787280900,894429963,,esp32,99.99966430664062,139.46694946289062,159.85035705566406,30
1787280900,895062485,,lidar,99.87818908691406,144.5780792236328,152.86373901367188,30
1787280900,895210331,,ui,502.0707702636719,530.3232421875,532.3200073242188,30
1787280901,894312196,,esp32,99.99728393554688,139.46694946289062,159.85035705566406,30
1787280901,894697096,,lidar,99.89309692382812,144.5780792236328,152.86373901367188,30
1787280901,894765426,,ui,502.0707702636719,530.3232421875,532.3200073242188,30
1787280902,894450253,,esp32,99.99906921386719,139.46694946289062,159.85035705566406,30
1787280902,894878911,,lidar,99.9001235961914,144.5780792236328,152.86373901367188,30
1787280902,894967259,,ui,502.0707702636719,530.3232421875,532.3200073242188,30
1787280903,894423455,,esp32,100.00121307373047,139.46694946289062,159.85035705566406,30
1787280903,894787236,,lidar,99.8983383178711,144.5780792236328,152.86373901367188,30
1787280903,894858846,,ui,502.0707702636719,530.3232421875,532.3200073242188,30
1787280904,894286836,,esp32,100.00121307373047,139.46694946289062,159.85035705566406,30
1787280904,894693947,,lidar,99.8983383178711,144.5780792236328,152.86373901367188,30
1787280904,894814049,,ui,502.0707702636719,530.3232421875,532.3200073242188,30
1787280905,894522554,,esp32,100.00228881835938,139.46694946289062,159.85035705566406,30
1787280905,895081199,,lidar,99.89678955078125,144.5780792236328,152.86373901367188,30
1787280905,895227381,,ui,502.0707702636719,530.3232421875,532.3200073242188,30
1787280906,894476356,,esp32,100.00228881835938,139.46694946289062,159.85035705566406,30
1787280906,895112968,,lidar,99.89678955078125,144.5780792236328,152.86373901367188,30
1787280906,895255904,,ui,502.1572265625,530.3232421875,532.3200073242188,30
1787280907,894586300,,esp32,100.00372314453125,139.46694946289062,140.2604522705078,30
1787280907,895217021,,lidar,99.90203094482422,144.5780792236328,152.86373901367188,30
1787280907,895345863,,ui,502.1572265625,530.3232421875,532.3200073242188,30
1787280908,894378719,,esp32,100.00479125976562,139.46694946289062,140.2604522705078,30
1787280908,894747208,,lidar,99.9001235961914,144.61050415039062,152.86373901367188,30
1787280908,894816208,,ui,502.2418518066406,536.8014526367188,543.2503051757812,30
1787280909,894522331,,esp32,100.0070571899414,139.46575927734375,140.2604522705078,30
1787280909,895005279,,lidar,99.9001235961914,144.61050415039062,152.86373901367188,30
1787280909,895086500,,ui,502.1572265625,536.8014526367188,543.2503051757812,30
1787280910,894446260,,esp32,100.0070571899414,139.46575927734375,140.2604522705078,30
1787280910,894820774,,lidar,99.88248443603516,144.61050415039062,152.86373901367188,30
1787280910,894898487,,ui,502.1572265625,536.8014526367188,543.2503051757812,30
1787280911,894355391,,esp32,100.00383758544922,139.46575927734375,140.2604522705078,30
1787280911,894768958,,lidar,99.89166259765625,144.61050415039062,152.86373901367188,30
1787280911,894859948,,ui,502.222900390625,544.848388671875,547.1480102539062,30
1787280912,894525123,,esp32,100.00228881835938,139.46575927734375,140.2604522705078,30
1787280912,894875458,,lidar,99.89166259765625,144.61050415039062,152.86373901367188,30
1787280912,894943171,,ui,502.13824462890625,544.848388671875,547.1480102539062,30
1787280913,894677575,,esp32,100.00228881835938,139.46575927734375,140.2604522705078,30
1787280913,895320884,,lidar,99.86197662353516,144.61050415039062,152.86373901367188,30
1787280913,895487028,,ui,502.222900390625,544.848388671875,547.1480102539062,30
1787280914,894499831,,esp32,99.99906921386719,139.46575927734375,140.2604522705078,30
1787280914,894844691,,lidar,99.873779296875,148.7938232421875,199.76687622070312,30
1787280914,894915086,,ui,503.14605712890625,544.848388671875,547.1480102539062,30
1787280915,894512584,,esp32,99.99037170410156,139.46575927734375,140.2604522705078,30
1787280915,895115821,,lidar,99.86424255371094,148.7938232421875,199.76687622070312,30
1787280915,895322402,,ui,502.222900390625,544.848388671875,547.1480102539062,30
1787280916,894315330,,esp32,99.9898910522461,139.46575927734375,140.2604522705078,30
1787280916,894727421,,lidar,99.85828399658203,148.7938232421875,199.76687622070312,30
1787280916,894861391,,ui,502.222900390625,544.848388671875,547.1480102539062,30
1787280917,894300120,,esp32,99.9898910522461,139.46575927734375,140.2604522705078,30
1787280917,894704843,,lidar,99.85971069335938,148.7938232421875,199.76687622070312,30
1787280917,894780098,,ui,502.222900390625,544.848388671875,547.1480102539062,30
1787280918,894484413,,esp32,99.99656677246094,139.46575927734375,140.2604522705078,30
1787280918,895015925,,lidar,99.85828399658203,148.7938232421875,199.76687622070312,30
1787280918,895133583,,ui,502.222900390625,544.848388671875,547.1480102539062,30
1787280919,894280092,,esp32,99.9805908203125,139.46575927734375,140.2604522705078,30
1787280919,894868593,,lidar,99.8443374633789,148.7606201171875,199.76687622070312,30
1787280919,895017884,,ui,501.490234375,544.848388671875,547.1480102539062,30
1787280920,894513981,,esp32,99.9897689819336,139.46575927734375,140.2604522705078,30
1787280920,894926910,,lidar,99.85971069335938,148.7938232421875,199.76687622070312,30
1787280920,895002566,,ui,502.222900390625,544.848388671875,547.1480102539062,30
1787280921,894295132,,esp32,99.9897689819336,139.46575927734375,140.2604522705078,30
1787280921,894733237,,lidar,99.86233520507812,148.7938232421875,199.76687622070312,30
1787280921,894810514,,ui,502.222900390625,544.848388671875,547.1480102539062,30
1787280922,894462694,,esp32,99.98368835449219,139.69992065429688,181.13589477539062,30
1787280922,895066326,,lidar,99.87020874023438,148.7938232421875,199.76687622070312,30
1787280922,895217605,,ui,502.222900390625,544.848388671875,547.1480102539062,30
1787280923,894180156,,esp32,99.97534942626953,159.9800262451172,181.13589477539062,30
1787280923,894524540,,lidar,99.86627197265625,140.9347381591797,199.76687622070312,30
1787280923,894592009,,ui,503.21435546875,544.848388671875,547.1480102539062,30
1787280924,894229650,,esp32,99.95901489257812,159.9800262451172,181.13589477539062,30
1787280924,894631312,,lidar,99.86627197265625,140.9347381591797,199.76687622070312,30
1787280924,894726373,,ui,502.4120788574219,544.848388671875,547.1480102539062,30
1787280925,894266361,,esp32,99.96772003173828,159.9800262451172,181.13589477539062,30
1787280925,894678763,,lidar,99.87199401855469,140.9347381591797,199.76687622070312,30
1787280925,894808467,,ui,502.4120788574219,544.848388671875,547.1480102539062,30
1787280926,894262262,,esp32,99.96772003173828,159.9800262451172,181.13589477539062,30
1787280926,894601875,,lidar,99.86627197265625,140.9347381591797,199.76687622070312,30
1787280926,894677931,,ui,503.21435546875,544.848388671875,547.1480102539062,30
1787280927,894448847,,esp32,99.95901489257812,159.9800262451172,181.13589477539062,30
1787280927,894981256,,lidar,99.85745239257812,140.9347381591797,199.76687622070312,30
1787280927,895121044,,ui,503.8895568847656,544.848388671875,547.1480102539062,30
1787280928,894489163,,esp32,99.95150756835938,159.9800262451172,181.13589477539062,30
1787280928,894868990,,lidar,99.86627197265625,140.9347381591797,199.76687622070312,30
1787280928,894944903,,ui,503.21435546875,544.848388671875,547.1480102539062,30
1787280929,894241845,,esp32,99.9611587524414,159.9800262451172,181.13589477539062,30
1787280929,894625277,,lidar,99.86102294921875,140.9347381591797,199.76687622070312,30
1787280929,894747270,,ui,502.451171875,544.848388671875,547.1480102539062,30
1787280930,894358509,,esp32,99.96867370605469,159.9800262451172,181.13589477539062,30
1787280930,894978549,,lidar,99.85816192626953,140.9347381591797,199.76687622070312,30
1787280930,895133433,,ui,503.21435546875,544.848388671875,547.1480102539062,30
1787280931,894353567,,esp32,99.96867370605469,159.9800262451172,181.13589477539062,30
1787280931,894720426,,lidar,99.86102294921875,140.9347381591797,199.76687622070312,30
1787280931,894828124,,ui,502.451171875,544.848388671875,547.1480102539062,30
1787280932,894437819,,esp32,99.96867370605469,159.9800262451172,181.13589477539062,30
1787280932,895024342,,lidar,99.86627197265625,140.9347381591797,199.76687622070312,30
1787280932,895172619,,ui,502.31982421875,544.848388671875,547.1480102539062,30
1787280933,894490325,,esp32,99.96867370605469,159.9800262451172,181.13589477539062,30
1787280933,894889257,,lidar,99.86102294921875,140.9347381591797,199.76687622070312,30
1787280933,894956517,,ui,502.31982421875,544.848388671875,547.1480102539062,30
1787280934,894554033,,esp32,99.96270751953125,159.9800262451172,181.13589477539062,30
1787280934,895188217,,lidar,99.84957885742188,140.9347381591797,199.76687622070312,30
1787280934,895336112,,ui,502.9438781738281,544.848388671875,547.1480102539062,30
1787280935,894526284,,esp32,99.9696273803711,159.9800262451172,181.13589477539062,30
1787280935,895121924,,lidar,99.85816192626953,140.9347381591797,199.76687622070312,30
1787280935,895274070,,ui,503.6867980957031,544.848388671875,547.1480102539062,30
1787280936,894381475,,esp32,99.9696273803711,159.9800262451172,181.13589477539062,30
1787280936,894874244,,lidar,99.86591339111328,140.9347381591797,199.76687622070312,30
1787280936,894958710,,ui,503.6867980957031,544.848388671875,547.1480102539062,30
1787280937,894500710,,esp32,99.9696273803711,159.9800262451172,181.13589477539062,30
1787280937,895080078,,lidar,99.86233520507812,141.01345825195312,199.76687622070312,30
1787280937,895226445,,ui,503.6867980957031,544.848388671875,547.1480102539062,30
1787280938,894460558,,esp32,99.96748352050781,159.9800262451172,181.13589477539062,30
1787280938,895028511,,lidar,99.86233520507812,147.25765991210938,199.76687622070312,30
1787280938,895178333,,ui,502.9438781738281,543.189208984375,547.1480102539062,30
1787280939,894341626,,esp32,99.96748352050781,159.9800262451172,181.13589477539062,30
1787280939,894711045,,lidar,99.86591339111328,147.23150634765625,199.76687622070312,30
1787280939,894822242,,ui,502.9438781738281,543.189208984375,547.1480102539062,30
1787280940,894316831,,esp32,99.9696273803711,159.9800262451172,181.13589477539062,30
1787280940,894919631,,lidar,99.86483764648438,147.23150634765625,199.76687622070312,30
1787280940,895062648,,ui,503.6867980957031,543.189208984375,547.1480102539062,30
1787280941,894382164,,esp32,99.9714126586914,159.9800262451172,181.13589477539062,30
1787280941,894922581,,lidar,99.84219360351562,147.23150634765625,199.76687622070312,30
1787280941,895060683,,ui,503.6867980957031,539.86962890625,540.4381713867188,30
1787280942,894591233,,esp32,99.9714126586914,159.9800262451172,181.13589477539062,30
1787280942,895263839,,lidar,99.85589599609375,147.23150634765625,199.76687622070312,30
1787280942,895474626,,ui,502.9438781738281,539.86962890625,540.4381713867188,30
1787280943,894206558,,esp32,99.98345184326172,159.9800262451172,181.13589477539062,30
1787280943,894572726,,lidar,99.86078643798828,147.23150634765625,199.76687622070312,30
1787280943,894640883,,ui,501.82794189453125,539.86962890625,540.4381713867188,30
1787280944,894368861,,esp32,99.98822021484375,159.9800262451172,181.13589477539062,30
1787280944,894919082,,lidar,99.85923767089844,145.9686737060547,149.9278564453125,30
1787280944,895024177,,ui,501.1455993652344,539.86962890625,540.4381713867188,30
1787280945,894472069,,esp32,99.99239349365234,159.9800262451172,181.13589477539062,30
1787280945,894979110,,lidar,99.85661315917969,145.9686737060547,149.9278564453125,30
1787280945,895106675,,ui,501.82794189453125,539.86962890625,540.4381713867188,30
1787280946,894564500,,esp32,99.99239349365234,159.9800262451172,181.13589477539062,30
1787280946,895051765,,lidar,99.88165283203125,145.9686737060547,149.9278564453125,30
1787280946,895138837,,ui,501.1455993652344,539.86962890625,540.4381713867188,30
1787280947,893972106,,esp32,99.99239349365234,159.9800262451172,181.13589477539062,30
1787280947,894109912,,lidar,99.85518646240234,145.9686737060547,149.9278564453125,30
1787280947,894133265,,ui,501.1455993652344,539.86962890625,540.4381713867188,30
1787280948,894452932,,esp32,99.99239349365234,159.9800262451172,181.13589477539062,30
1787280948,894841207,,lidar,99.83897399902344,145.9686737060547,149.9278564453125,30
1787280948,894915900,,ui,501.1455993652344,539.86962890625,540.4381713867188,30
1787280949,894582927,,esp32,99.9968032836914,159.9800262451172,181.13589477539062,30
1787280949,895170214,,lidar,99.86328887939453,145.98104858398438,149.9278564453125,30
1787280949,895298498,,ui,501.82794189453125,539.86962890625,540.4381713867188,30
1787280950,894541772,,esp32,100.00169372558594,159.9800262451172,181.13589477539062,30
1787280950,895190632,,lidar,99.84254455566406,145.9686737060547,149.9278564453125,30
1787280950,895326843,,ui,501.0006408691406,539.86962890625,540.4381713867188,30
1787280951,894507163,,esp32,100.00169372558594,159.9800262451172,181.13589477539062,30
1787280951,895151182,,lidar,99.84254455566406,145.9686737060547,149.9278564453125,30
1787280951,895301061,,ui,501.15203857421875,539.86962890625,540.4381713867188,30
1787280952,894454536,,esp32,100.00169372558594,159.49169921875,180.58920288085938,30
1787280952,894806775,,lidar,99.83647155761719,147.22413635253906,149.9278564453125,30
1787280952,894875862,,ui,501.15203857421875,540.7639770507812,541.2328491210938,30
1787280953,894370362,,esp32,99.99775695800781,141.02560424804688,159.88206481933594,30
1787280953,895054780,,lidar,99.84624481201172,148.88157653808594,149.9278564453125,30
1787280953,895208326,,ui,501.0006408691406,540.7639770507812,541.2328491210938,30
1787280954,894440399,,esp32,100.00169372558594,159.4904022216797,160.29286193847656,30
1787280954,894875902,,lidar,99.83647155761719,148.88157653808594,149.9278564453125,30
1787280954,894975222,,ui,501.0006408691406,540.7639770507812,541.2328491210938,30
1787280955,894518624,,esp32,100.00157165527344,159.4904022216797,160.29286193847656,30
1787280955,894918333,,lidar,99.82132720947266,148.88157653808594,149.9278564453125,30
1787280955,895000780,,ui,501.15203857421875,540.7639770507812,541.2328491210938,30
1787280956,894537031,,esp32,100.00157165527344,159.4904022216797,160.29286193847656,30
1787280956,895173427,,lidar,99.80451965332031,148.88157653808594,149.9278564453125,30
1787280956,895316533,,ui,501.15203857421875,540.7639770507812,541.2328491210938,30
1787280957,894478795,,esp32,100.00157165527344,159.4904022216797,160.29286193847656,30
1787280957,894956060,,lidar,99.82776641845703,148.88157653808594,149.9278564453125,30
1787280957,895045835,,ui,501.15203857421875,540.7639770507812,541.2328491210938,30
1787280958,894240693,,esp32,99.99668884277344,159.4904022216797,160.29286193847656,30
1787280958,894642122,,lidar,99.79939270019531,148.88157653808594,149.9278564453125,30
1787280958,894724342,,ui,501.15203857421875,540.7639770507812,541.2328491210938,30
1787280959,894376278,,esp32,99.99525451660156,159.4904022216797,160.29286193847656,30
1787280959,895018316,,lidar,99.79010009765625,148.88157653808594,149.9278564453125,30
1787280959,895173015,,ui,501.15203857421875,546.7533569335938,554.697509765625,30
1787280960,894292546,,esp32,99.99478149414062,159.4904022216797,160.29286193847656,30
1787280960,894855286,,lidar,99.82776641845703,148.88157653808594,149.9278564453125,30
1787280960,894972412,,ui,501.0006408691406,546.7533569335938,554.697509765625,30
1787280961,894308183,,esp32,99.99525451660156,159.4904022216797,160.29286193847656,30
1787280961,894767990,,lidar,99.84374237060547,148.88157653808594,149.9278564453125,30
1787280961,894905494,,ui,500.9864501953125,546.7533569335938,554.697509765625,30
1787280962,894302329,,esp32,99.99525451660156,159.4904022216797,160.29286193847656,30
1787280962,894700979,,lidar,99.81358337402344,148.88157653808594,149.9278564453125,30
1787280962,894804146,,ui,501.15203857421875,546.7533569335938,554.697509765625,30
1787280963,894592152,,esp32,99.99478149414062,159.4904022216797,160.29286193847656,30
1787280963,895204767,,lidar,99.82132720947266,148.88157653808594,149.9278564453125,30
1787280963,895353658,,ui,500.9864501953125,546.7533569335938,554.697509765625,30
1787280964,894312858,,esp32,99.99478149414062,159.4904022216797,160.29286193847656,30
1787280964,894697940,,lidar,99.82788848876953,148.88157653808594,149.9278564453125,30
1787280964,894769312,,ui,500.9864501953125,546.7533569335938,554.697509765625,30
1787280965,894414734,,esp32,99.99525451660156,159.4904022216797,160.29286193847656,30
1787280965,894785984,,lidar,99.81596374511719,148.88157653808594,149.9278564453125,30
1787280965,894859911,,ui,500.9864501953125,546.7533569335938,554.697509765625,30
1787280966,894449354,,esp32,99.99525451660156,159.4904022216797,160.29286193847656,30
1787280966,894939975,,lidar,99.82168579101562,148.88157653808594,149.9278564453125,30
1787280966,895034881,,ui,500.9864501953125,546.7533569335938,554.697509765625,30
1787280967,894434671,,esp32,99.99525451660156,159.4904022216797,160.29286193847656,30
1787280967,895033261,,lidar,99.81083679199219,148.85305786132812,149.9278564453125,30
1787280967,895182192,,ui,501.15203857421875,546.7533569335938,554.697509765625,30
1787280968,894278532,,esp32,99.99525451660156,159.4904022216797,160.29286193847656,30
1787280968,894684682,,lidar,99.82156372070312,148.59152221679688,149.08384704589844,30
1787280968,894760353,,ui,501.15203857421875,546.7533569335938,554.697509765625,30
1787280969,894462639,,esp32,99.99478149414062,140.35179138183594,160.29286193847656,30
1787280969,894826364,,lidar,99.80845642089844,148.59413146972656,149.08384704589844,30
1787280969,894898514,,ui,501.15203857421875,546.7533569335938,554.697509765625,30
1787280970,894381745,,esp32,99.99478149414062,140.35179138183594,160.29286193847656,30
1787280970,894935859,,lidar,99.79903411865234,148.59413146972656,149.08384704589844,30
1787280970,895071346,,ui,501.15203857421875,546.7533569335938,554.697509765625,30
1787280971,894469852,,esp32,99.99346923828125,140.35179138183594,160.29286193847656,30
1787280971,895131850,,lidar,99.80845642089844,148.59413146972656,149.08384704589844,30
1787280971,895291710,,ui,500.9864501953125,546.7533569335938,554.697509765625,30
1787280972,894383618,,esp32,99.99478149414062,140.35179138183594,160.29286193847656,30
1787280972,894900465,,lidar,99.8069076538086,148.59413146972656,149.08384704589844,30
1787280972,894990154,,ui,501.2918701171875,546.7533569335938,554.697509765625,30
1787280973,894511535,,esp32,99.9916763305664,140.35179138183594,160.29286193847656,30
1787280973,894953744,,lidar,99.79903411865234,148.59413146972656,149.08384704589844,30
1787280973,895034426,,ui,501.2918701171875,546.7533569335938,554.697509765625,30
1787280974,894245740,,esp32,99.9916763305664,140.35179138183594,160.29286193847656,30
1787280974,894846191,,lidar,99.77268981933594,148.59413146972656,149.08384704589844,30
1787280974,895001972,,ui,501.2918701171875,546.7533569335938,554.697509765625,30
1787280975,894039329,,esp32,99.9916763305664,140.35179138183594,160.29286193847656,30
1787280975,894277696,,lidar,99.77578735351562,148.59413146972656,149.08384704589844,30
1787280975,894323984,,ui,501.2918701171875,546.7533569335938,554.697509765625,30
1787280976,894236779,,esp32,99.9916763305664,140.35179138183594,160.29286193847656,30
1787280976,894649270,,lidar,99.77268981933594,148.59413146972656,149.08384704589844,30
1787280976,894751844,,ui,501.9007873535156,546.7533569335938,554.697509765625,30
1787280977,894383301,,esp32,99.99334716796875,140.35179138183594,160.29286193847656,30
1787280977,894794018,,lidar,99.80606842041016,148.59413146972656,149.08384704589844,30
1787280977,894872488,,ui,502.27130126953125,546.7533569335938,554.697509765625,30
1787280978,894319752,,esp32,99.9916763305664,140.35179138183594,160.29286193847656,30
1787280978,894727141,,lidar,99.80213928222656,148.59413146972656,149.08384704589844,30
1787280978,894825601,,ui,501.9007873535156,546.7533569335938,554.697509765625,30
1787280979,894461337,,esp32,99.98548126220703,140.35179138183594,160.29286193847656,30
1787280979,895038788,,lidar,99.78604125976562,148.59413146972656,149.08384704589844,30
1787280979,895184347,,ui,501.9007873535156,546.7533569335938,554.697509765625,30
1787280980,894363029,,esp32,99.98321533203125,140.35179138183594,160.29286193847656,30
1787280980,895007915,,lidar,99.78604125976562,148.59413146972656,149.08384704589844,30
1787280980,895172397,,ui,501.9007873535156,546.7533569335938,554.697509765625,30
1787280981,894220863,,esp32,99.98548126220703,140.35179138183594,160.29286193847656,30
1787280981,894641523,,lidar,99.78604125976562,148.59413146972656,149.08384704589844,30
1787280981,894733300,,ui,501.271240234375,546.7533569335938,554.697509765625,30
1787280982,894278815,,esp32,99.98834228515625,140.35179138183594,160.29286193847656,30
1787280982,894917844,,lidar,99.77698516845703,143.910400390625,148.87953186035156,30
1787280982,895071813,,ui,501.271240234375,545.03662109375,554.697509765625,30
1787280983,894454881,,esp32,99.98917388916016,140.15484619140625,160.29286193847656,30
1787280983,895131114,,lidar,99.79200744628906,134.2068634033203,148.85305786132812,30
1787280983,895291996,,ui,500.7593688964844,545.03662109375,554.697509765625,30
1787280984,894268127,,esp32,99.9916763305664,140.0904083251953,160.10379028320312,30
1787280984,894928003,,lidar,99.79200744628906,133.28927612304688,147.27139282226562,30
1787280984,895074151,,ui,500.7593688964844,550.344970703125,554.697509765625,30
1787280985,894232868,,esp32,99.99442291259766,140.0904083251953,160.10379028320312,30
1787280985,894666619,,lidar,99.81000518798828,133.28927612304688,147.27139282226562,30
1787280985,894789327,,ui,500.7593688964844,550.344970703125,554.697509765625,30
1787280986,894438848,,esp32,99.99442291259766,140.0904083251953,160.10379028320312,30
1787280986,894933495,,lidar,99.88653564453125,133.28927612304688,147.27139282226562,30
1787280986,895038407,,ui,500.4423828125,550.344970703125,554.697509765625,30
1787280987,894246014,,esp32,99.99442291259766,140.0904083251953,160.10379028320312,30
1787280987,894659649,,lidar,99.84397888183594,133.28927612304688,147.27139282226562,30
1787280987,894789511,,ui,500.2404479980469,550.344970703125,554.697509765625,30
1787280988,894477440,,esp32,99.99442291259766,140.0904083251953,160.10379028320312,30
1787280988,894879210,,lidar,99.81000518798828,133.28927612304688,147.27139282226562,30
1787280988,894955497,,ui,500.2404479980469,550.344970703125,554.697509765625,30
1787280989,894351220,,esp32,99.9959716796875,140.0904083251953,160.10379028320312,30
1787280989,894991098,,lidar,99.86805725097656,133.28927612304688,147.27139282226562,30
1787280989,895158993,,ui,500.1869201660156,542.6862182617188,547.3203735351562,30
1787280990,894289600,,esp32,99.9969253540039,140.0904083251953,160.10379028320312,30
1787280990,894656262,,lidar,99.81000518798828,133.28927612304688,147.27139282226562,30
1787280990,894728967,,ui,500.1869201660156,542.6862182617188,547.3203735351562,30
1787280991,894216319,,esp32,99.9959716796875,140.0904083251953,160.10379028320312,30
1787280991,894635211,,lidar,99.81298828125,133.28927612304688,147.27139282226562,30
1787280991,894713891,,ui,499.99725341796875,542.6862182617188,547.3203735351562,30
1787280992,894352735,,esp32,99.9969253540039,140.0904083251953,160.10379028320312,30
1787280992,895014523,,lidar,99.80642700195312,133.28927612304688,147.27139282226562,30
1787280992,895177771,,ui,499.9483947753906,542.6862182617188,547.3203735351562,30
1787280993,894307301,,esp32,99.9969253540039,140.0904083251953,160.10379028320312,30
1787280993,895004669,,lidar,99.80892944335938,133.28927612304688,147.27139282226562,30
1787280993,895159115,,ui,499.99725341796875,542.6862182617188,547.3203735351562,30
1787280994,894214913,,esp32,100.00586700439453,140.0904083251953,160.10379028320312,30
1787280994,894853821,,lidar,99.7974853515625,133.28927612304688,147.27139282226562,30
1787280994,895015252,,ui,499.9483947753906,542.6862182617188,547.3203735351562,30
1787280995,894456056,,esp32,99.99775695800781,140.0904083251953,160.10379028320312,30
1787280995,895028899,,lidar,99.79367065429688,133.28927612304688,147.27139282226562,30
1787280995,895181778,,ui,499.9253845214844,542.6862182617188,547.3203735351562,30
1787280996,894553088,,esp32,100.00228881835938,140.0904083251953,160.10379028320312,30
1787280996,895226564,,lidar,99.80034637451172,133.28927612304688,147.27139282226562,30
1787280996,895389428,,ui,499.9483947753906,542.6862182617188,547.3203735351562,30
1787280997,894546331,,esp32,99.99823760986328,140.09104919433594,160.10379028320312,30
1787280997,895197480,,lidar,99.80642700195312,143.87901306152344,147.27139282226562,30
1787280997,895360788,,ui,499.9253845214844,542.6862182617188,547.3203735351562,30
1787280998,894209428,,esp32,99.99775695800781,159.73049926757812,160.14886474609375,30
1787280998,894597531,,lidar,99.80034637451172,143.92153930664062,147.27139282226562,30
1787280998,894676349,,ui,499.9253845214844,542.6862182617188,547.3203735351562,30
1787280999,894395551,,esp32,100.00228881835938,159.73049926757812,160.14886474609375,30
1787280999,894799127,,lidar,99.80642700195312,145.0323486328125,158.630126953125,30
1787280999,894877171,,ui,499.9253845214844,542.6862182617188,547.3203735351562,30
1787281000,894186226,,esp32,99.99775695800781,159.73049926757812,160.14886474609375,30
1787281000,894594816,,lidar,99.83277130126953,145.0323486328125,158.630126953125,30
1787281000,894671715,,ui,499.9253845214844,542.6862182617188,547.3203735351562,30
1787281001,894490422,,esp32,99.99775695800781,159.73049926757812,160.14886474609375,30
1787281001,895115971,,lidar,99.85292053222656,145.0323486328125,158.630126953125,30
1787281001,895278735,,ui,499.9253845214844,542.6862182617188,547.3203735351562,30
1787281002,894445188,,esp32,99.9969253540039,159.73049926757812,160.14886474609375,30
1787281002,895109696,,lidar,99.85292053222656,145.0323486328125,158.630126953125,30
1787281002,895258297,,ui,499.9253845214844,542.6862182617188,547.3203735351562,30
1787281003,894437883,,esp32,99.99739837646484,159.73049926757812,160.14886474609375,30
1787281003,895143220,,lidar,99.82096862792969,145.0323486328125,158.630126953125,30
1787281003,895294133,,ui,499.8432312011719,542.6862182617188,547.3203735351562,30
1787281004,894434271,,esp32,100.00228881835938,159.73049926757812,160.14886474609375,30
1787281004,895116613,,lidar,99.88188934326172,145.0323486328125,158.630126953125,30
1787281004,895278481,,ui,499.8432312011719,542.6862182617188,547.3203735351562,30
1787281005,894444198,,esp32,100.00228881835938,159.73049926757812,160.14886474609375,30
1787281005,894874479,,lidar,99.91419219970703,145.0323486328125,158.630126953125,30
1787281005,894980531,,ui,499.8432312011719,544.2750854492188,547.3203735351562,30
1787281006,894330234,,esp32,100.00228881835938,159.73049926757812,160.14886474609375,30
1787281006,895052502,,lidar,99.89309692382812,145.0323486328125,158.630126953125,30
1787281006,895208612,,ui,499.8432312011719,544.2750854492188,547.3203735351562,30
1787281007,894230065,,esp32,100.00241088867188,159.73049926757812,160.14886474609375,30
1787281007,894618844,,lidar,99.85542297363281,145.0323486328125,158.630126953125,30
1787281007,894702834,,ui,499.4111022949219,544.2750854492188,547.3203735351562,30
1787281008,894238266,,esp32,100.00920104980469,159.73049926757812,160.14886474609375,30
1787281008,894639207,,lidar,99.88617706298828,145.0323486328125,158.630126953125,30
1787281008,894721102,,ui,499.9253845214844,544.2750854492188,547.3203735351562,30
1787281009,894238214,,esp32,100.0120620727539,159.73049926757812,160.14886474609375,30
1787281009,894662861,,lidar,99.91192626953125,145.0323486328125,158.630126953125,30
1787281009,894740837,,ui,499.9637451171875,544.2750854492188,547.3203735351562,30
1787281010,894454252,,esp32,100.00920104980469,159.73049926757812,160.14886474609375,30
1787281010,894845874,,lidar,99.89905548095703,145.0323486328125,158.630126953125,30
1787281010,894922873,,ui,499.9637451171875,544.2750854492188,547.3203735351562,30
1787281011,894244769,,esp32,100.00241088867188,159.73049926757812,160.14886474609375,30
1787281011,894684413,,lidar,99.90704345703125,145.0323486328125,158.630126953125,30
1787281011,894823998,,ui,499.9637451171875,544.2750854492188,547.3203735351562,30
1787281012,894350231,,esp32,100.00241088867188,159.73049926757812,160.14886474609375,30
1787281012,894769043,,lidar,99.90704345703125,145.96022033691406,158.630126953125,30
1787281012,894886941,,ui,499.9442138671875,544.32666015625,547.3203735351562,30
1787281013,894333892,,esp32,99.99823760986328,140.52365112304688,160.14886474609375,30
1787281013,894768904,,lidar,99.88617706298828,147.2881317138672,158.630126953125,30
1787281013,894884514,,ui,499.9253845214844,552.329833984375,559.53857421875,30
1787281014,893896209,,esp32,99.99668884277344,140.3276824951172,160.14886474609375,30
1787281014,894109536,,lidar,99.89905548095703,145.9769744873047,158.630126953125,30
1787281014,894160042,,ui,499.9253845214844,549.2845458984375,559.53857421875,30
1787281015,894196496,,esp32,99.9919204711914,140.3276824951172,160.14886474609375,30
1787281015,894586042,,lidar,99.86006927490234,145.9769744873047,158.630126953125,30
1787281015,894665993,,ui,499.9637451171875,549.2845458984375,559.53857421875,30
1787281016,894271613,,esp32,99.9919204711914,140.3276824951172,160.14886474609375,30
1787281016,894693921,,lidar,99.86006927490234,145.9769744873047,158.630126953125,30
1787281016,894772143,,ui,500.2094421386719,549.2845458984375,559.53857421875,30
1787281017,894356902,,esp32,100.00431823730469,140.3276824951172,160.14886474609375,30
1787281017,895043073,,lidar,99.86006927490234,145.9769744873047,158.630126953125,30
1787281017,895199566,,ui,500.9517822265625,549.4583129882812,559.53857421875,30
1787281018,894373199,,esp32,100.01087188720703,140.3276824951172,160.14886474609375,30
1787281018,894832556,,lidar,99.94029998779297,145.9769744873047,158.630126953125,30
1787281018,894912012,,ui,500.69366455078125,549.2845458984375,559.53857421875,30
1787281019,894209473,,esp32,100.00383758544922,140.3276824951172,160.14886474609375,30
1787281019,894600215,,lidar,99.94029998779297,145.9769744873047,158.630126953125,30
1787281019,894686573,,ui,500.69366455078125,549.2845458984375,559.53857421875,30
1787281020,894229827,,esp32,100.00383758544922,140.3276824951172,160.14886474609375,30
1787281020,894623502,,lidar,99.94029998779297,145.9769744873047,158.630126953125,30
1787281020,894697232,,ui,500.69366455078125,549.2845458984375,559.53857421875,30
1787281021,894250909,,esp32,99.99620819091797,140.3276824951172,160.14886474609375,30
1787281021,894653526,,lidar,99.91681671142578,145.9769744873047,158.630126953125,30
1787281021,894734753,,ui,500.9058837890625,549.2845458984375,559.53857421875,30
1787281022,894352990,,esp32,99.99620819091797,140.3276824951172,160.14886474609375,30
1787281022,894760364,,lidar,99.9501953125,145.9769744873047,158.630126953125,30
1787281022,894842167,,ui,500.9058837890625,549.2845458984375,559.53857421875,30
1787281023,894540040,,esp32,100.00383758544922,140.3276824951172,160.14886474609375,30
1787281023,895240810,,lidar,99.94292449951172,145.9769744873047,158.630126953125,30
1787281023,895393818,,ui,500.9517822265625,549.4583129882812,559.53857421875,30
1787281024,894374985,,esp32,99.99215698242188,140.3276824951172,160.14886474609375,30
1787281024,895065406,,lidar,99.95388793945312,145.9769744873047,158.630126953125,30
1787281024,895223460,,ui,501.2901916503906,549.2845458984375,559.53857421875,30
1787281025,894235867,,esp32,99.99215698242188,140.3276824951172,160.14886474609375,30
1787281025,894653055,,lidar,99.9757080078125,145.9769744873047,158.630126953125,30
1787281025,894740366,,ui,501.2901916503906,549.2845458984375,559.53857421875,30
1787281026,894234634,,esp32,99.99012756347656,140.3276824951172,160.14886474609375,30
1787281026,894695017,,lidar,99.9593734741211,145.9769744873047,158.630126953125,30
1787281026,894822987,,ui,501.18231201171875,549.4583129882812,559.53857421875,30
1787281027,894251179,,esp32,99.98655700683594,140.1317138671875,160.14886474609375,30
1787281027,894652801,,lidar,99.95496368408203,145.9769744873047,158.630126953125,30
1787281027,894728340,,ui,501.4183654785156,549.4583129882812,559.53857421875,30
1787281028,894128559,,esp32,99.98762512207031,139.94610595703125,159.9304656982422,30
1787281028,894700450,,lidar,99.95889282226562,139.45364379882812,158.630126953125,30
1787281028,894853365,,ui,501.0670471191406,549.2845458984375,559.53857421875,30
1787281029,894253683,,esp32,99.98643493652344,139.94610595703125,159.9304656982422,30
1787281029,894826145,,lidar,99.96867370605469,137.33673095703125,149.78646850585938,30
1787281029,894930380,,ui,501.0670471191406,556.660400390625,559.53857421875,30
1787281030,894213986,,esp32,99.98440551757812,139.94610595703125,159.9304656982422,30
1787281030,894641098,,lidar,99.94935607910156,137.33673095703125,149.78646850585938,30
1787281030,894718786,,ui,501.18231201171875,556.709228515625,559.53857421875,30
1787281031,894355338,,esp32,99.98762512207031,139.94610595703125,159.9304656982422,30
1787281031,894748223,,lidar,99.9510269165039,137.33673095703125,149.78646850585938,30
1787281031,894831940,,ui,501.18231201171875,556.709228515625,559.53857421875,30
1787281032,894140988,,esp32,99.98762512207031,139.94610595703125,159.9304656982422,30
1787281032,894511322,,lidar,99.9510269165039,137.33673095703125,149.78646850585938,30
1787281032,894594459,,ui,501.18231201171875,556.709228515625,559.53857421875,30
1787281033,894264764,,esp32,99.9797592163086,139.94610595703125,159.9304656982422,30
1787281033,894701015,,lidar,99.94935607910156,137.33673095703125,149.78646850585938,30
1787281033,894810247,,ui,501.4183654785156,556.709228515625,559.53857421875,30
1787281034,894230836,,esp32,99.9797592163086,139.94610595703125,159.9304656982422,30
1787281034,894642272,,lidar,99.9510269165039,137.33673095703125,149.78646850585938,30
1787281034,894721567,,ui,501.54638671875,556.709228515625,559.53857421875,30
1787281035,894296263,,esp32,99.9766616821289,139.94610595703125,159.9304656982422,30
1787281035,894721313,,lidar,99.9400634765625,137.33673095703125,149.78646850585938,30
1787281035,894798409,,ui,501.4183654785156,556.709228515625,559.53857421875,30
1787281036,894281912,,esp32,99.97821044921875,139.94610595703125,159.9304656982422,30
1787281036,894668786,,lidar,99.93791198730469,137.33673095703125,149.78646850585938,30
1787281036,894755058,,ui,501.4183654785156,557.9735107421875,559.53857421875,30
1787281037,894153055,,esp32,99.97940063476562,139.94610595703125,159.9304656982422,30
1787281037,894541325,,lidar,99.94625854492188,137.33673095703125,149.78646850585938,30
1787281037,894620225,,ui,501.54638671875,557.9735107421875,559.53857421875,30
1787281038,894327504,,esp32,99.97940063476562,139.94610595703125,159.9304656982422,30
1787281038,894775100,,lidar,99.92813873291016,137.33673095703125,149.78646850585938,30
1787281038,894855134,,ui,501.4183654785156,557.9735107421875,559.53857421875,30
1787281039,894451311,,esp32,99.98023223876953,139.94610595703125,159.9304656982422,30
1787281039,894858868,,lidar,99.91669464111328,137.33673095703125,149.78646850585938,30
1787281039,894935549,,ui,501.18231201171875,557.9735107421875,559.53857421875,30
1787281040,894192008,,esp32,99.98023223876953,139.94610595703125,159.9304656982422,30
1787281040,894624140,,lidar,99.94935607910156,137.33673095703125,149.78646850585938,30
1787281040,894733111,,ui,501.18231201171875,557.9735107421875,559.53857421875,30
1787281041,894206872,,esp32,99.98500061035156,139.94610595703125,159.9304656982422,30
1787281041,894653283,,lidar,99.92122650146484,137.33673095703125,149.78646850585938,30
1787281041,894734101,,ui,501.18231201171875,557.9735107421875,559.53857421875,30
1787281042,894310925,,esp32,99.98321533203125,139.94610595703125,159.9304656982422,30
1787281042,894809243,,lidar,99.92277526855469,137.34783935546875,149.9702911376953,30
1787281042,894919250,,ui,501.3003234863281,557.946533203125,559.53857421875,30
1787281043,894304589,,esp32,99.98583984375,139.8906707763672,140.07020568847656,30
1787281043,894736823,,lidar,99.92432403564453,137.33673095703125,149.9702911376953,30
1787281043,894817478,,ui,501.18231201171875,555.5758666992188,556.8402099609375,30
1787281044,894166305,,esp32,99.98619842529297,139.91909790039062,140.07020568847656,30
1787281044,894567878,,lidar,99.92813873291016,137.36343383789062,149.9702911376953,30
1787281044,894676359,,ui,501.18231201171875,555.5758666992188,556.8402099609375,30
1787281045,894306862,,esp32,99.98619842529297,139.91909790039062,140.07020568847656,30
1787281045,894802756,,lidar,99.91669464111328,137.36343383789062,149.9702911376953,30
1787281045,894898315,,ui,501.11700439453125,555.5758666992188,556.8402099609375,30
1787281046,894248364,,esp32,99.98619842529297,139.91909790039062,140.07020568847656,30
1787281046,894689834,,lidar,99.92122650146484,137.36343383789062,149.9702911376953,30
1787281046,894769506,,ui,501.18231201171875,555.5758666992188,556.8402099609375,30
1787281047,894271354,,esp32,99.98500061035156,139.91909790039062,140.07020568847656,30
1787281047,894678881,,lidar,99.92813873291016,137.36343383789062,149.9702911376953,30
1787281047,894752441,,ui,501.149658203125,555.5540771484375,556.8402099609375,30
1787281048,894211191,,esp32,99.98238372802734,139.91909790039062,140.07020568847656,30
1787281048,894638597,,lidar,99.89810180664062,137.36343383789062,149.9702911376953,30
1787281048,894711441,,ui,501.18231201171875,555.5758666992188,556.8402099609375,30
1787281049,894380077,,esp32,99.98238372802734,139.91909790039062,140.07020568847656,30
1787281049,894899645,,lidar,99.9104995727539,137.36343383789062,149.9702911376953,30
1787281049,894995143,,ui,501.8913879394531,555.5758666992188,556.8402099609375,30
1787281050,894257572,,esp32,99.98238372802734,139.91909790039062,140.07020568847656,30
1787281050,894863963,,lidar,99.89810180664062,137.36343383789062,149.9702911376953,30
1787281050,894994822,,ui,501.8913879394531,555.5758666992188,556.8402099609375,30
1787281051,894373671,,esp32,99.98202514648438,139.91909790039062,140.07020568847656,30
1787281051,895100315,,lidar,99.92813873291016,137.36343383789062,149.9702911376953,30
1787281051,895256855,,ui,502.22991943359375,555.5758666992188,556.8402099609375,30
1787281052,894181237,,esp32,99.9808349609375,139.89096069335938,140.07020568847656,30
1787281052,894815176,,lidar,99.89189910888672,137.36343383789062,149.9702911376953,30
1787281052,894974895,,ui,502.3362731933594,555.5758666992188,556.8402099609375,30
1787281053,893841387,,esp32,99.9808349609375,139.89096069335938,140.07020568847656,30
1787281053,893978299,,lidar,99.91669464111328,137.36343383789062,149.9702911376953,30
1787281053,894002377,,ui,502.0606384277344,555.5540771484375,556.8402099609375,30
1787281054,894323454,,esp32,99.97952270507812,139.89096069335938,140.07020568847656,30
1787281054,894999546,,lidar,99.89189910888672,137.36343383789062,149.9702911376953,30
1787281054,895156276,,ui,502.22991943359375,555.5758666992188,556.8402099609375,30
1787281055,894291082,,esp32,99.98297882080078,139.89096069335938,140.07020568847656,30
1787281055,894907316,,lidar,99.87306213378906,137.36343383789062,149.9702911376953,30
1787281055,895058233,,ui,502.22991943359375,555.5758666992188,556.8402099609375,30
1787281056,894169337,,esp32,99.98500061035156,139.89096069335938,140.07020568847656,30
1787281056,894595722,,lidar,99.88761138916016,137.36343383789062,149.9702911376953,30
1787281056,894692305,,ui,502.0606384277344,555.5540771484375,556.8402099609375,30
1787281057,894418583,,esp32,99.98774719238281,139.9198455810547,160.74681091308594,30
1787281057,894793330,,lidar,99.87306213378906,137.36343383789062,149.9702911376953,30
1787281057,894867248,,ui,501.5041809082031,555.5540771484375,556.8402099609375,30
1787281058,894250071,,esp32,99.98870086669922,139.89096069335938,160.74681091308594,30
1787281058,894860318,,lidar,99.88034057617188,136.51417541503906,149.9702911376953,30
1787281058,895022496,,ui,502.22991943359375,555.5758666992188,556.8402099609375,30
1787281059,894169985,,esp32,99.99143981933594,139.87107849121094,160.74681091308594,30
1787281059,894592956,,lidar,99.85411071777344,137.3914337158203,149.9702911376953,30
1787281059,894691466,,ui,502.22991943359375,554.5762329101562,556.8402099609375,30
1787281060,894190846,,esp32,99.99143981933594,139.87107849121094,160.74681091308594,30
1787281060,894582897,,lidar,99.87080383300781,137.3914337158203,149.9702911376953,30
1787281060,894658260,,ui,501.5041809082031,554.5371704101562,556.8402099609375,30
1787281061,893894785,,esp32,99.98870086669922,139.87107849121094,160.74681091308594,30
1787281061,894108195,,lidar,99.88034057617188,137.3914337158203,149.9702911376953,30
1787281061,894149363,,ui,501.5041809082031,554.5371704101562,556.8402099609375,30
1787281062,894009809,,esp32,99.99012756347656,139.87107849121094,160.74681091308594,30
1787281062,894285705,,lidar,99.85411071777344,137.3914337158203,149.9702911376953,30
1787281062,894344612,,ui,501.0590515136719,554.5371704101562,556.8402099609375,30
1787281063,894317503,,esp32,99.99716186523438,139.87107849121094,160.74681091308594,30
1787281063,894777689,,lidar,99.88975524902344,137.3914337158203,149.9702911376953,30
1787281063,894890583,,ui,501.0590515136719,554.5371704101562,556.8402099609375,30
1787281064,894134216,,esp32,99.99275207519531,139.87107849121094,160.74681091308594,30
1787281064,894537329,,lidar,99.8647232055664,137.3914337158203,149.9702911376953,30
1787281064,894617141,,ui,500.9769287109375,554.5371704101562,556.8402099609375,30
1787281065,894145876,,esp32,99.99513244628906,139.87107849121094,160.74681091308594,30
1787281065,894590986,,lidar,99.88034057617188,137.3914337158203,149.9702911376953,30
1787281065,894670744,,ui,501.2804260253906,554.5371704101562,556.8402099609375,30
1787281066,894276823,,esp32,99.99775695800781,139.87107849121094,160.74681091308594,30
1787281066,894989751,,lidar,99.90811157226562,137.3914337158203,149.9702911376953,30
1787281066,895166457,,ui,501.2804260253906,540.6205444335938,552.936767578125,30
1787281067,894425759,,esp32,99.99775695800781,139.87107849121094,160.74681091308594,30
1787281067,894893800,,lidar,99.87080383300781,137.3914337158203,149.9702911376953,30
1787281067,894975026,,ui,501.0590515136719,540.6205444335938,552.936767578125,30
1787281068,894128552,,esp32,99.99775695800781,139.87107849121094,160.74681091308594,30
1787281068,894523750,,lidar,99.89535522460938,137.3914337158203,149.9702911376953,30
1787281068,894606569,,ui,500.9769287109375,540.6205444335938,552.936767578125,30
1787281069,894214334,,esp32,99.99298858642578,139.87107849121094,160.74681091308594,30
1787281069,894670435,,lidar,99.87080383300781,137.3914337158203,149.9702911376953,30
1787281069,894767768,,ui,501.2225036621094,538.39111328125,552.936767578125,30
1787281070,894113726,,esp32,99.99298858642578,139.87107849121094,160.74681091308594,30
1787281070,894642268,,lidar,99.84111785888672,137.3914337158203,149.9702911376953,30
1787281070,894748623,,ui,501.2225036621094,538.39111328125,552.936767578125,30
1787281071,894177645,,esp32,99.99298858642578,139.87107849121094,160.74681091308594,30
1787281071,894678135,,lidar,99.85173034667969,137.3914337158203,149.9702911376953,30
1787281071,894780043,,ui,501.2225036621094,538.39111328125,552.936767578125,30
1787281072,894181051,,esp32,99.99656677246094,139.87107849121094,160.74681091308594,30
1787281072,894845055,,lidar,99.8442153930664,140.1638946533203,146.6064453125,30
1787281072,895011479,,ui,501.2225036621094,564.8611450195312,582.0205078125,30
1787281073,893994208,,esp32,99.9969253540039,139.79335021972656,160.74681091308594,30
1787281073,894308372,,lidar,99.84111785888672,138.82872009277344,146.6064453125,30
1787281073,894381660,,ui,501.1343994140625,564.8611450195312,582.0205078125,30
1787281074,894109526,,esp32,100.00347900390625,139.7893829345703,160.74681091308594,30
1787281074,894500745,,lidar,99.83372497558594,140.49070739746094,148.79083251953125,30
1787281074,894582520,,ui,501.1343994140625,564.8611450195312,582.0205078125,30
1787281075,894466007,,esp32,100.00145721435547,139.7893829345703,160.74681091308594,30
1787281075,895182162,,lidar,99.8636474609375,140.49070739746094,148.79083251953125,30
1787281075,895341342,,ui,501.1343994140625,564.8611450195312,582.0205078125,30
1787281076,894313512,,esp32,100.00145721435547,139.7893829345703,160.74681091308594,30
1787281076,894984032,,lidar,99.85160827636719,140.49070739746094,148.79083251953125,30
1787281076,895152115,,ui,500.6798400878906,564.8611450195312,582.0205078125,30
1787281077,894168147,,esp32,99.9969253540039,139.7893829345703,160.74681091308594,30
1787281077,894585773,,lidar,99.79676818847656,140.49070739746094,148.79083251953125,30
1787281077,894667216,,ui,500.6798400878906,564.8611450195312,582.0205078125,30
1787281078,894287393,,esp32,100.00145721435547,139.7893829345703,160.74681091308594,30
1787281078,894730269,,lidar,99.85911560058594,140.49070739746094,148.79083251953125,30
1787281078,894828209,,ui,500.6798400878906,564.8611450195312,582.0205078125,30
1787281079,894139757,,esp32,100.00347900390625,139.7893829345703,160.74681091308594,30
1787281079,894755669,,lidar,99.84516906738281,140.49070739746094,148.79083251953125,30
1787281079,894928969,,ui,500.3391418457031,564.8611450195312,582.0205078125,30
1787281080,894306850,,esp32,100.00347900390625,139.7893829345703,160.74681091308594,30
1787281080,895061495,,lidar,99.84732055664062,140.49070739746094,148.79083251953125,30
1787281080,895228173,,ui,500.3391418457031,564.8611450195312,582.0205078125,30
1787281081,894136940,,esp32,100.0052719116211,139.7893829345703,160.74681091308594,30
1787281081,894592271,,lidar,99.85911560058594,140.49070739746094,148.79083251953125,30
1787281081,894684988,,ui,499.96435546875,564.8611450195312,582.0205078125,30
1787281082,894539662,,esp32,100.0052719116211,139.7893829345703,160.74681091308594,30
1787281082,895264456,,lidar,99.86138153076172,140.49070739746094,148.79083251953125,30
1787281082,895439772,,ui,499.4947814941406,564.8611450195312,582.0205078125,30
1787281083,894219765,,esp32,100.00383758544922,139.7893829345703,160.74681091308594,30
1787281083,894622712,,lidar,99.83122253417969,140.49070739746094,148.79083251953125,30
1787281083,894711790,,ui,499.96435546875,564.8611450195312,582.0205078125,30
1787281084,894916315,,esp32,100.00634002685547,139.7893829345703,160.74681091308594,30
1787281084,895655575,,lidar,99.85911560058594,140.49070739746094,148.79083251953125,30
1787281084,895819561,,ui,499.96435546875,564.8611450195312,582.0205078125,30
1787281085,894387147,,esp32,99.9969253540039,139.7893829345703,160.74681091308594,30
1787281085,894813737,,lidar,99.85375213623047,140.49070739746094,148.79083251953125,30
1787281085,894898143,,ui,500.3391418457031,564.8611450195312,582.0205078125,30
1787281086,894309169,,esp32,99.9969253540039,139.7893829345703,160.74681091308594,30
1787281086,894997680,,lidar,99.84732055664062,140.49070739746094,148.79083251953125,30
1787281086,895145355,,ui,500.3391418457031,564.8611450195312,582.0205078125,30
1787281087,894171492,,esp32,99.99406433105469,139.7893829345703,140.0804443359375,30
1787281087,894599355,,lidar,99.85911560058594,144.09786987304688,148.7967987060547,30
1787281087,894689554,,ui,500.3391418457031,564.8611450195312,582.0205078125,30
1787281088,894170053,,esp32,99.99406433105469,139.8603515625,140.23399353027344,30
1787281088,894597518,,lidar,99.85375213623047,144.09786987304688,148.7967987060547,30
1787281088,894680467,,ui,500.3391418457031,564.8611450195312,582.0205078125,30
1787281089,894390677,,esp32,99.99406433105469,139.8603515625,140.23399353027344,30
1787281089,894847721,,lidar,99.85375213623047,144.1119842529297,148.7967987060547,30
1787281089,894941949,,ui,500.3391418457031,556.7353515625,582.0205078125,30
1787281090,894363041,,esp32,99.99406433105469,139.8603515625,140.23399353027344,30
1787281090,894866665,,lidar,99.86138153076172,144.1119842529297,148.7967987060547,30
1787281090,894963597,,ui,500.6798400878906,556.7353515625,582.0205078125,30
1787281091,894121526,,esp32,100.00181579589844,139.8603515625,140.23399353027344,30
1787281091,894526450,,lidar,99.84612274169922,144.07254028320312,148.7967987060547,30
1787281091,894605894,,ui,500.6798400878906,556.7353515625,582.0205078125,30
1787281092,894049807,,esp32,100.00181579589844,139.8603515625,140.23399353027344,30
1787281092,894458484,,lidar,99.85900115966797,144.07254028320312,148.7967987060547,30
1787281092,894550367,,ui,500.691650390625,556.7353515625,582.0205078125,30
1787281093,894071047,,esp32,99.99406433105469,139.8603515625,140.23399353027344,30
1787281093,894683478,,lidar,99.85900115966797,144.07254028320312,148.7967987060547,30
1787281093,894839158,,ui,500.691650390625,556.7353515625,582.0205078125,30
1787281094,894247282,,esp32,99.99406433105469,139.8603515625,140.23399353027344,30
1787281094,894731376,,lidar,99.8485107421875,144.07254028320312,148.7967987060547,30
1787281094,894879488,,ui,501.1462097167969,556.7353515625,582.0205078125,30
1787281095,894214892,,esp32,99.99358367919922,139.8603515625,140.23399353027344,30
1787281095,894649845,,lidar,99.8485107421875,144.07254028320312,148.7967987060547,30
1787281095,894732546,,ui,500.3391418457031,556.7353515625,582.0205078125,30
1787281096,894150330,,esp32,99.99406433105469,139.8603515625,140.23399353027344,30
1787281096,894537872,,lidar,99.8485107421875,144.07254028320312,148.7967987060547,30
1787281096,894617125,,ui,500.3391418457031,556.7353515625,582.0205078125,30
1787281097,894090105,,esp32,99.99358367919922,139.8603515625,140.23399353027344,30
1787281097,894532296,,lidar,99.81941986083984,144.07254028320312,148.7967987060547,30
1787281097,894626343,,ui,500.691650390625,556.7353515625,582.0205078125,30
1787281098,894202971,,esp32,99.99728393554688,139.8603515625,140.23399353027344,30
1787281098,894616801,,lidar,99.77889251708984,144.07254028320312,148.7967987060547,30
1787281098,894691069,,ui,501.5106201171875,556.7353515625,582.0205078125,30
1787281099,894079417,,esp32,100.0062255859375,139.8603515625,140.23399353027344,30
1787281099,894483589,,lidar,99.79248046875,144.07254028320312,148.7967987060547,30
1787281099,894569494,,ui,500.691650390625,556.7353515625,582.0205078125,30
1787281100,894062912,,esp32,100.00634002685547,139.8603515625,140.23399353027344,30
1787281100,894453003,,lidar,99.80106353759766,144.07254028320312,148.7967987060547,30
1787281100,894527555,,ui,500.691650390625,556.7353515625,582.0205078125,30
1787281101,894289963,,esp32,100.00669860839844,139.8603515625,140.23399353027344,30
1787281101,894712871,,lidar,99.8485107421875,144.07254028320312,148.7967987060547,30
1787281101,894810275,,ui,501.3794860839844,556.7353515625,582.0205078125,30
1787281102,894209731,,esp32,100.00729370117188,139.92892456054688,160.28260803222656,30
1787281102,894828068,,lidar,99.85614013671875,146.3859405517578,148.7967987060547,30
1787281102,894982921,,ui,501.3794860839844,526.8604736328125,539.164306640625,30
1787281103,894204044,,esp32,100.00669860839844,140.08079528808594,160.28260803222656,30
1787281103,894938221,,lidar,99.85900115966797,146.5983428955078,148.7967987060547,30
1787281103,895093479,,ui,502.04156494140625,526.8604736328125,539.164306640625,30
1787281104,894091245,,esp32,100.0062255859375,140.08079528808594,160.28260803222656,30
1787281104,894572778,,lidar,99.85327911376953,146.3694610595703,148.7967987060547,30
1787281104,894664253,,ui,502.2489929199219,526.8604736328125,539.164306640625,30
1787281105,894165679,,esp32,100.0062255859375,140.08079528808594,160.28260803222656,30
1787281105,894615544,,lidar,99.86614990234375,146.3694610595703,148.7967987060547,30
1787281105,894718746,,ui,502.11785888671875,526.8604736328125,539.164306640625,30
1787281106,894143885,,esp32,99.9969253540039,140.08079528808594,160.28260803222656,30
1787281106,894772668,,lidar,99.84612274169922,146.3694610595703,148.7967987060547,30
1787281106,894941214,,ui,502.11785888671875,529.3748779296875,539.164306640625,30
1787281107,894106477,,esp32,99.99573516845703,140.08079528808594,160.28260803222656,30
1787281107,894519235,,lidar,99.86019134521484,146.3694610595703,148.7967987060547,30
1787281107,894601952,,ui,502.441650390625,531.929931640625,539.164306640625,30
1787281108,894158619,,esp32,99.9969253540039,140.08079528808594,160.28260803222656,30
1787281108,894561612,,lidar,99.83611297607422,146.3694610595703,148.7967987060547,30
1787281108,894689685,,ui,502.11785888671875,531.929931640625,539.164306640625,30
1787281109,894328395,,esp32,99.99573516845703,140.08079528808594,160.28260803222656,30
1787281109,895069297,,lidar,99.843505859375,146.3694610595703,148.7967987060547,30
1787281109,895247850,,ui,502.11785888671875,531.929931640625,539.164306640625,30
1787281110,894034503,,esp32,100.00181579589844,140.08079528808594,160.28260803222656,30
1787281110,894489845,,lidar,99.86614990234375,146.3694610595703,148.7967987060547,30
1787281110,894597623,,ui,502.11785888671875,531.929931640625,539.164306640625,30
1787281111,894091681,,esp32,99.99573516845703,140.08079528808594,160.28260803222656,30
1787281111,894509591,,lidar,99.81584167480469,146.3694610595703,148.7967987060547,30
1787281111,894587560,,ui,502.11785888671875,531.929931640625,539.164306640625,30
1787281112,894239907,,esp32,99.99573516845703,140.08079528808594,160.28260803222656,30
1787281112,894684898,,lidar,99.81584167480469,146.3694610595703,148.7967987060547,30
1787281112,894766887,,ui,502.11785888671875,531.929931640625,539.164306640625,30
1787281113,894301671,,esp32,99.99298858642578,140.08079528808594,160.28260803222656,30
1787281113,894730453,,lidar,99.83611297607422,146.3694610595703,148.7967987060547,30
1787281113,894814909,,ui,502.11785888671875,531.929931640625,539.164306640625,30
1787281114,894195024,,esp32,99.9969253540039,140.08079528808594,160.28260803222656,30
1787281114,894601540,,lidar,99.82776641845703,146.3694610595703,148.7967987060547,30
1787281114,894700711,,ui,501.6474609375,531.929931640625,539.164306640625,30
1787281115,894162199,,esp32,99.9969253540039,140.08079528808594,160.28260803222656,30
1787281115,894873645,,lidar,99.82776641845703,146.3694610595703,148.7967987060547,30
1787281115,895047021,,ui,500.8654479980469,531.929931640625,539.164306640625,30
1787281116,894269540,,esp32,99.9969253540039,140.08079528808594,160.28260803222656,30
1787281116,894726128,,lidar,99.82776641845703,146.3694610595703,148.7967987060547,30
1787281116,894805062,,ui,501.0731201171875,531.929931640625,539.164306640625,30
1787281117,894303953,,esp32,100.00383758544922,140.2250213623047,160.28260803222656,30
1787281117,894831583,,lidar,99.81941986083984,145.1296844482422,148.0183563232422,30
1787281117,894947970,,ui,501.0731201171875,525.4573364257812,526.9026489257812,30
1787281118,894072251,,esp32,100.006103515625,140.1156463623047,160.28260803222656,30
1787281118,894709179,,lidar,99.82371520996094,145.1296844482422,148.0183563232422,30
1787281118,894867417,,ui,501.0731201171875,525.4573364257812,526.9026489257812,30
1787281119,894208644,,esp32,100.00383758544922,140.1156463623047,160.28260803222656,30
1787281119,894618006,,lidar,99.83015441894531,144.3870086669922,146.5983428955078,30
1787281119,894705553,,ui,501.0731201171875,525.4573364257812,526.9026489257812,30
1787281120,894069371,,esp32,100.006103515625,140.1156463623047,160.28260803222656,30
1787281120,894461261,,lidar,99.8017807006836,144.3870086669922,146.5983428955078,30
1787281120,894536924,,ui,500.5540771484375,525.4573364257812,526.9026489257812,30
1787281121,894171648,,esp32,100.00383758544922,140.1156463623047,160.28260803222656,30
1787281121,894603657,,lidar,99.78854370117188,144.39443969726562,146.5983428955078,30
1787281121,894692523,,ui,500.8426818847656,525.4573364257812,526.9026489257812,30
1787281122,894289831,,esp32,99.99847412109375,140.1156463623047,160.28260803222656,30
1787281122,894726698,,lidar,99.82156372070312,144.39443969726562,146.5983428955078,30
1787281122,894823397,,ui,500.8426818847656,525.4573364257812,526.9026489257812,30
1787281123,893769312,,esp32,100.00050354003906,140.1156463623047,160.28260803222656,30
1787281123,893972057,,lidar,99.78306579589844,144.39443969726562,146.5983428955078,30
1787281123,894016653,,ui,500.8426818847656,525.4573364257812,526.9026489257812,30
1787281124,893730746,,esp32,99.99847412109375,140.1156463623047,160.28260803222656,30
1787281124,893942281,,lidar,99.78306579589844,144.39443969726562,146.5983428955078,30
1787281124,894006546,,ui,500.6980895996094,525.4573364257812,526.9026489257812,30
1787281125,893870558,,esp32,99.9969253540039,140.1156463623047,160.28260803222656,30
1787281125,894106787,,lidar,99.77936553955078,144.39443969726562,146.5983428955078,30
1787281125,894158720,,ui,501.154052734375,525.4573364257812,526.9026489257812,30
1787281126,894139929,,esp32,99.99573516845703,140.1156463623047,160.28260803222656,30
1787281126,894789473,,lidar,99.75743103027344,144.39443969726562,146.5983428955078,30
1787281126,894963715,,ui,501.154052734375,525.4573364257812,526.9026489257812,30
1787281127,894108907,,esp32,99.99775695800781,140.1156463623047,160.28260803222656,30
1787281127,894540630,,lidar,99.8088150024414,144.39443969726562,146.5983428955078,30
1787281127,894646728,,ui,500.8426818847656,525.4573364257812,526.9026489257812,30
1787281128,894044895,,esp32,99.9969253540039,140.1156463623047,160.28260803222656,30
1787281128,894517581,,lidar,99.82573699951172,144.39443969726562,146.5983428955078,30
1787281128,894616353,,ui,500.8426818847656,525.4573364257812,526.9026489257812,30
1787281129,894043797,,esp32,99.99072265625,140.1156463623047,160.28260803222656,30
1787281129,894454634,,lidar,99.82001495361328,144.39443969726562,146.5983428955078,30
1787281129,894549106,,ui,500.8426818847656,525.4573364257812,526.9026489257812,30
1787281130,894126692,,esp32,99.99072265625,140.1156463623047,160.28260803222656,30
1787281130,894566864,,lidar,99.81596374511719,144.39443969726562,146.5983428955078,30
1787281130,894648786,,ui,500.8426818847656,525.4573364257812,526.9026489257812,30
1787281131,894065191,,esp32,99.99072265625,140.1156463623047,160.28260803222656,30
1787281131,894528894,,lidar,99.81489562988281,144.39443969726562,146.5983428955078,30
1787281131,894625595,,ui,500.6980895996094,525.50634765625,526.9026489257812,30
1787281132,894166595,,esp32,99.99024963378906,140.08740234375,140.7032012939453,30
1787281132,894871552,,lidar,99.81584167480469,132.78341674804688,146.5983428955078,30
1787281132,895052475,,ui,500.6980895996094,525.5552978515625,526.9026489257812,30
1787281133,894476288,,esp32,99.99072265625,139.94102478027344,140.7032012939453,30
1787281133,895233449,,lidar,99.81489562988281,132.42747497558594,145.1296844482422,30
1787281133,895392138,,ui,500.6980895996094,525.6043090820312,526.9026489257812,30
1787281134,894271190,,esp32,99.99358367919922,139.94102478027344,140.7032012939453,30
1787281134,895049496,,lidar,99.81596374511719,132.42747497558594,144.3870086669922,30
1787281134,895218524,,ui,500.49041748046875,525.6533203125,526.9026489257812,30
1787281135,894261562,,esp32,99.99024963378906,139.94102478027344,140.7032012939453,30
1787281135,894694003,,lidar,99.79998779296875,132.42747497558594,144.3870086669922,30
1787281135,894772168,,ui,500.6980895996094,525.7022705078125,526.9026489257812,30
1787281136,894023510,,esp32,99.99024963378906,139.94102478027344,140.7032012939453,30
1787281136,894414030,,lidar,99.81620025634766,132.42747497558594,144.3870086669922,30
1787281136,894487333,,ui,500.6980895996094,525.7512817382812,526.9026489257812,30
1787281137,893723438,,esp32,99.99024963378906,139.94102478027344,140.7032012939453,30
1787281137,893886845,,lidar,99.83897399902344,132.42747497558594,144.3870086669922,30
1787281137,893910459,,ui,500.6980895996094,522.798095703125,524.4529418945312,30
1787281138,894109255,,esp32,99.99024963378906,139.94102478027344,140.7032012939453,30
1787281138,894540091,,lidar,99.84159851074219,132.42747497558594,144.3870086669922,30
1787281138,894628951,,ui,500.7617492675781,4585.4189453125,7776.17822265625,30
1787281139,894191587,,esp32,99.98905944824219,139.94102478027344,140.7032012939453,30
1787281139,894596466,,lidar,99.83026885986328,132.42747497558594,144.3870086669922,30
1787281139,894705262,,ui,500.92364501953125,4585.4189453125,7776.17822265625,30
1787281140,894064066,,esp32,99.98262023925781,139.94102478027344,140.7032012939453,30
1787281140,894459666,,lidar,99.81608581542969,132.4238739013672,144.3870086669922,30
1787281140,894542166,,ui,500.92364501953125,4585.4189453125,7776.17822265625,30
1787281141,894108480,,esp32,99.98190307617188,139.94102478027344,140.7032012939453,30
1787281141,894553267,,lidar,99.83682250976562,132.4238739013672,144.3870086669922,30
1787281141,894656856,,ui,501.34539794921875,4585.4189453125,7776.17822265625,30
1787281142,894200474,,esp32,99.98190307617188,139.94102478027344,140.7032012939453,30
1787281142,894594538,,lidar,99.82371520996094,132.4238739013672,144.3870086669922,30
1787281142,894679690,,ui,501.34539794921875,4585.4189453125,7776.17822265625,30
1787281143,894020765,,esp32,99.98905944824219,139.94102478027344,140.7032012939453,30
1787281143,894424907,,lidar,99.83682250976562,132.4238739013672,144.3870086669922,30
1787281143,894514599,,ui,501.34539794921875,4585.4189453125,7776.17822265625,30
1787281144,893781893,,esp32,99.98190307617188,139.94102478027344,140.7032012939453,30
1787281144,893971729,,lidar,99.83682250976562,132.4238739013672,144.3870086669922,30
1787281144,894015357,,ui,501.9316711425781,4585.4189453125,7776.17822265625,30
1787281145,894136489,,esp32,99.99024963378906,139.94102478027344,140.7032012939453,30
1787281145,894541818,,lidar,99.83682250976562,132.4238739013672,144.3870086669922,30
1787281145,894614790,,ui,501.9316711425781,4585.4189453125,7776.17822265625,30
1787281146,894082052,,esp32,99.99024963378906,139.94102478027344,140.7032012939453,30
1787281146,894484748,,lidar,99.84111785888672,132.4238739013672,144.3870086669922,30
1787281146,894558086,,ui,501.9316711425781,4585.4189453125,7776.17822265625,30
1787281147,894194175,,esp32,99.98535919189453,139.9397735595703,141.47401428222656,30
1787281147,894661205,,lidar,99.84635925292969,129.64480590820312,133.615966796875,30
1787281147,894749202,,ui,501.9316711425781,4587.18896484375,7776.17822265625,30
1787281148,894150117,,esp32,99.98130798339844,139.99595642089844,141.47401428222656,30
1787281148,894799669,,lidar,99.84111785888672,131.9291534423828,133.615966796875,30
1787281148,894955324,,ui,502.1612548828125,4588.818359375,7776.17822265625,30
1787281149,894169895,,esp32,99.98094940185547,139.96324157714844,141.47401428222656,30
1787281149,894562063,,lidar,99.83682250976562,131.9291534423828,144.91725158691406,30
1787281149,894633104,,ui,501.9316711425781,4588.818359375,7776.17822265625,30
1787281150,894286975,,esp32,99.98035430908203,139.96324157714844,141.47401428222656,30
1787281150,894762145,,lidar,99.86090850830078,131.9291534423828,144.91725158691406,30
1787281150,894878543,,ui,504.5027770996094,4588.818359375,7776.17822265625,30
1787281151,894209041,,esp32,99.98035430908203,139.96324157714844,141.47401428222656,30
1787281151,894871167,,lidar,99.8678207397461,131.9291534423828,144.91725158691406,30
1787281151,895035833,,ui,504.5027770996094,4588.818359375,7776.17822265625,30
1787281152,894064681,,esp32,99.98238372802734,139.96324157714844,141.47401428222656,30
1787281152,894476756,,lidar,99.8678207397461,131.9291534423828,144.91725158691406,30
1787281152,894564248,,ui,504.5027770996094,4588.818359375,7776.17822265625,30
1787281153,894290136,,esp32,99.98905944824219,139.96324157714844,141.47401428222656,30
1787281153,895072436,,lidar,99.87568664550781,131.9291534423828,144.91725158691406,30
1787281153,895236674,,ui,504.9788818359375,4588.818359375,7776.17822265625,30
1787281154,894098278,,esp32,99.99215698242188,139.96324157714844,141.47401428222656,30
1787281154,894770851,,lidar,99.89500427246094,131.9291534423828,144.91725158691406,30
1787281154,894934308,,ui,504.9788818359375,4588.818359375,7776.17822265625,30
1787281155,894108247,,esp32,99.99406433105469,139.96324157714844,141.47401428222656,30
1787281155,894574858,,lidar,99.89356994628906,131.9291534423828,144.91725158691406,30
1787281155,894686786,,ui,503.7298278808594,4588.818359375,7776.17822265625,30
1787281156,894086586,,esp32,99.99215698242188,139.96324157714844,141.47401428222656,30
1787281156,894790161,,lidar,99.89500427246094,131.9291534423828,144.91725158691406,30
1787281156,894962021,,ui,503.7298278808594,4592.08642578125,7776.17822265625,30
1787281157,894246365,,esp32,99.99131774902344,139.96324157714844,141.47401428222656,30
1787281157,894762161,,lidar,99.86639404296875,131.9291534423828,144.91725158691406,30
1787281157,894936648,,ui,503.7298278808594,4592.08642578125,7776.17822265625,30
1787281158,894123535,,esp32,99.98786163330078,139.96324157714844,141.47401428222656,30
1787281158,894538865,,lidar,99.86639404296875,131.9291534423828,144.91725158691406,30
1787281158,894614853,,ui,502.919189453125,4592.08642578125,7776.17822265625,30
1787281159,894219901,,esp32,99.98786163330078,139.96324157714844,141.47401428222656,30
1787281159,894735501,,lidar,99.86639404296875,131.9291534423828,144.91725158691406,30
1787281159,894826160,,ui,503.7298278808594,4592.08642578125,7776.17822265625,30
1787281160,894090280,,esp32,99.98786163330078,139.96324157714844,141.47401428222656,30
1787281160,894486388,,lidar,99.8849868774414,131.9291534423828,144.91725158691406,30
1787281160,894557860,,ui,503.7841796875,4592.08642578125,7776.17822265625,30
1787281161,894273877,,esp32,99.98786163330078,139.96324157714844,141.47401428222656,30
1787281161,894837217,,lidar,99.8849868774414,131.9291534423828,144.91725158691406,30
1787281161,894957426,,ui,503.7841796875,4447.35498046875,7776.17822265625,30
1787281162,894288445,,esp32,99.99131774902344,139.96324157714844,141.47401428222656,30
1787281162,894733019,,lidar,99.88331604003906,131.94602966308594,147.80307006835938,30
1787281162,894817741,,ui,503.7841796875,4302.62353515625,7776.17822265625,30
1787281163,894033201,,esp32,99.98786163330078,139.99588012695312,160.1712646484375,30
1787281163,894490331,,lidar,99.8849868774414,134.27066040039062,148.5443115234375,30
1787281163,894606134,,ui,504.8172607421875,4157.89208984375,7776.17822265625,30
1787281164,894205778,,esp32,99.99131774902344,139.99588012695312,160.1712646484375,30
1787281164,894657719,,lidar,99.8849868774414,144.91725158691406,149.21641540527344,30
1787281164,894751682,,ui,504.8172607421875,4013.16064453125,7776.17822265625,30
1787281165,894019753,,esp32,99.99406433105469,139.99588012695312,160.1712646484375,30
1787281165,894435943,,lidar,99.89118957519531,144.91725158691406,149.21641540527344,30
1787281165,894522776,,ui,503.7841796875,3868.42919921875,7776.17822265625,30
1787281166,894254129,,esp32,99.99525451660156,139.99588012695312,160.1712646484375,30
1787281166,895008551,,lidar,99.88522338867188,144.91725158691406,149.21641540527344,30
1787281166,895168910,,ui,503.7841796875,3723.69775390625,7776.17822265625,30
1787281167,894139559,,esp32,99.99298858642578,139.99595642089844,160.1712646484375,30
1787281167,894836159,,lidar,99.9002456665039,144.91725158691406,149.21641540527344,30
1787281167,895010045,,ui,503.7841796875,3578.96630859375,7776.17822265625,30
1787281168,893970817,,esp32,99.99406433105469,139.99588012695312,160.1712646484375,30
1787281168,894424123,,lidar,99.89118957519531,144.91725158691406,149.21641540527344,30
1787281168,894529477,,ui,503.7569885253906,535.2235107421875,539.6058349609375,30
1787281169,894152148,,esp32,99.99406433105469,139.99588012695312,160.1712646484375,30
1787281169,894629525,,lidar,99.89810180664062,144.91725158691406,149.21641540527344,30
1787281169,894735220,,ui,503.32452392578125,535.2235107421875,539.6058349609375,30
1787281170,893962336,,esp32,99.99406433105469,139.99588012695312,160.1712646484375,30
1787281170,894340456,,lidar,99.90107727050781,144.94610595703125,149.21641540527344,30
1787281170,894437315,,ui,503.7569885253906,535.2235107421875,539.6058349609375,30
1787281171,894103970,,esp32,99.99513244628906,139.99588012695312,160.1712646484375,30
1787281171,894575101,,lidar,99.899169921875,144.94610595703125,149.21641540527344,30
1787281171,894684043,,ui,503.32452392578125,535.2235107421875,539.6058349609375,30
1787281172,894164659,,esp32,99.99525451660156,139.99588012695312,160.1712646484375,30
1787281172,894604253,,lidar,99.90501403808594,144.94610595703125,149.21641540527344,30
1787281172,894731167,,ui,502.30120849609375,535.2235107421875,539.6058349609375,30
1787281173,894169961,,esp32,99.99406433105469,139.99588012695312,160.1712646484375,30
1787281173,894613903,,lidar,99.899169921875,144.94610595703125,149.21641540527344,30
1787281173,894704056,,ui,502.30120849609375,535.2235107421875,539.6058349609375,30
1787281174,894199930,,esp32,99.99513244628906,139.99588012695312,160.1712646484375,30
1787281174,894887055,,lidar,99.87664031982422,144.94610595703125,149.21641540527344,30
1787281174,895062394,,ui,502.30120849609375,535.2235107421875,539.6058349609375,30
1787281175,894109267,,esp32,99.99573516845703,139.99588012695312,160.1712646484375,30
1787281175,894542868,,lidar,99.86400604248047,144.94610595703125,149.21641540527344,30
1787281175,894658105,,ui,502.30120849609375,535.2235107421875,539.6058349609375,30
1787281176,894230581,,esp32,99.99537658691406,139.99595642089844,160.1712646484375,30
1787281176,895000518,,lidar,99.86805725097656,144.94610595703125,149.21641540527344,30
1787281176,895171482,,ui,502.86614990234375,535.2235107421875,539.6058349609375,30
1787281177,894103366,,esp32,99.99573516845703,139.92971801757812,160.1712646484375,30
1787281177,894598310,,lidar,99.8678207397461,144.91725158691406,149.21641540527344,30
1787281177,894710934,,ui,502.86614990234375,537.1500854492188,539.6058349609375,30
1787281178,893954139,,esp32,99.99573516845703,139.90797424316406,160.1712646484375,30
1787281178,894225201,,lidar,99.86710357666016,144.94610595703125,149.21641540527344,30
1787281178,894274769,,ui,502.2481689453125,537.1500854492188,539.6058349609375,30
1787281179,894133552,,esp32,99.99525451660156,139.92198181152344,160.46524047851562,30
1787281179,894568798,,lidar,99.86805725097656,147.81048583984375,149.6934814453125,30
1787281179,894675993,,ui,503.32452392578125,537.1500854492188,539.6058349609375,30
1787281180,893997856,,esp32,99.99573516845703,139.92198181152344,160.46524047851562,30
1787281180,894360619,,lidar,99.87032318115234,147.81048583984375,149.6934814453125,30
1787281180,894451421,,ui,502.625,537.1500854492188,539.6058349609375,30
1787281181,893977039,,esp32,100.0019302368164,139.92198181152344,160.46524047851562,30
1787281181,894328269,,lidar,99.89869689941406,147.81048583984375,149.6934814453125,30
1787281181,894424814,,ui,502.625,537.1500854492188,539.6058349609375,30
1787281182,894188405,,esp32,100.00431823730469,139.92198181152344,160.46524047851562,30
1787281182,894911970,,lidar,99.86805725097656,147.81048583984375,149.6934814453125,30
1787281182,895087858,,ui,502.625,537.1500854492188,539.6058349609375,30
1787281183,894053073,,esp32,100.0019302368164,139.92198181152344,160.46524047851562,30
1787281183,894486453,,lidar,99.85315704345703,147.81048583984375,149.6934814453125,30
1787281183,894580518,,ui,502.06005859375,537.1500854492188,539.6058349609375,30
1787281184,894250122,,esp32,99.99775695800781,139.92198181152344,160.46524047851562,30
1787281184,894748472,,lidar,99.85089111328125,147.81048583984375,149.6934814453125,30
1787281184,894829690,,ui,502.06005859375,537.1500854492188,539.6058349609375,30
1787281185,894136892,,esp32,100.00288391113281,139.92198181152344,160.46524047851562,30
1787281185,894597605,,lidar,99.86805725097656,147.81048583984375,149.6934814453125,30
1787281185,894696383,,ui,502.06005859375,537.1500854492188,539.6058349609375,30
1787281186,894046550,,esp32,100.00813293457031,139.92198181152344,160.46524047851562,30
1787281186,894456085,,lidar,99.87032318115234,147.81048583984375,149.6934814453125,30
1787281186,894546106,,ui,502.06005859375,533.1693725585938,535.4435424804688,30
1787281187,894029069,,esp32,100.00813293457031,139.92198181152344,160.46524047851562,30
1787281187,894691751,,lidar,99.87032318115234,147.81048583984375,149.6934814453125,30
1787281187,894863977,,ui,502.06005859375,533.1693725585938,535.4435424804688,30
1787281188,894033687,,esp32,100.01385498046875,139.92198181152344,160.46524047851562,30
1787281188,894713400,,lidar,99.87032318115234,147.81048583984375,149.6934814453125,30
1787281188,894886674,,ui,503.29864501953125,533.1693725585938,535.4435424804688,30
1787281189,894212703,,esp32,100.01290130615234,139.92198181152344,160.46524047851562,30
1787281189,894665166,,lidar,99.87866973876953,147.81048583984375,149.6934814453125,30
1787281189,894789368,,ui,502.625,533.1693725585938,535.4435424804688,30
1787281190,894265351,,esp32,100.01754760742188,139.92198181152344,160.46524047851562,30
1787281190,895027092,,lidar,99.89691162109375,147.81048583984375,149.6934814453125,30
1787281190,895212862,,ui,502.06005859375,533.1693725585938,535.4435424804688,30
1787281191,894144144,,esp32,100.01754760742188,139.92198181152344,160.46524047851562,30
1787281191,894586522,,lidar,99.87032318115234,147.81048583984375,149.6934814453125,30
1787281191,894721794,,ui,502.06005859375,533.1693725585938,535.4435424804688,30
1787281192,894143987,,esp32,100.01659393310547,139.90689086914062,160.46524047851562,30
1787281192,894588424,,lidar,99.8678207397461,142.8172607421875,149.6934814453125,30
1787281192,894683560,,ui,502.06005859375,533.1693725585938,535.4435424804688,30
1787281193,894044821,,esp32,100.01290130615234,139.90904235839844,160.46524047851562,30
1787281193,894443399,,lidar,99.8595962524414,142.20286560058594,149.6934814453125,30
1787281193,894522054,,ui,501.587158203125,533.1693725585938,535.4435424804688,30
1787281194,893997095,,esp32,100.00729370117188,139.90904235839844,160.46524047851562,30
1787281194,894518876,,lidar,99.86805725097656,142.20286560058594,153.3052978515625,30
1787281194,894652614,,ui,502.06005859375,535.0513916015625,535.4435424804688,30
1787281195,894093550,,esp32,99.99871063232422,139.90904235839844,160.46524047851562,30
1787281195,894556489,,lidar,99.84707641601562,142.20286560058594,153.3052978515625,30
1787281195,894644189,,ui,502.06005859375,535.0513916015625,535.4435424804688,30
1787281196,894143986,,esp32,99.99883270263672,139.90904235839844,160.46524047851562,30
1787281196,894587632,,lidar,99.84910583496094,142.20286560058594,153.3052978515625,30
1787281196,894676296,,ui,501.587158203125,535.0513916015625,535.4435424804688,30
1787281197,894195979,,esp32,100.00586700439453,139.9078369140625,160.46524047851562,30
1787281197,894635964,,lidar,99.83872985839844,142.20286560058594,153.3052978515625,30
1787281197,894730724,,ui,502.06005859375,535.0513916015625,535.4435424804688,30
1787281198,894052302,,esp32,100.00407409667969,139.90904235839844,160.46524047851562,30
1787281198,894538154,,lidar,99.82109069824219,142.20286560058594,153.3052978515625,30
1787281198,894644567,,ui,501.6832275390625,535.0579833984375,535.4435424804688,30
1787281199,894052560,,esp32,100.0059814453125,139.90904235839844,160.46524047851562,30
1787281199,894481007,,lidar,99.82979583740234,142.20286560058594,153.3052978515625,30
1787281199,894565893,,ui,501.6832275390625,535.0712890625,535.4435424804688,30
1787281200,894026023,,esp32,100.01146697998047,139.90904235839844,160.46524047851562,30
1787281200,894479928,,lidar,99.812744140625,142.20286560058594,153.3052978515625,30
1787281200,894560030,,ui,501.6832275390625,535.0845947265625,535.4435424804688,30
1787281201,894145291,,esp32,100.01325988769531,139.90904235839844,160.46524047851562,30
1787281201,894576539,,lidar,99.80595397949219,142.20286560058594,153.3052978515625,30
1787281201,894671897,,ui,500.97955322265625,1703.459228515625,3384.26220703125,30
1787281202,894134455,,esp32,100.01039123535156,139.90904235839844,160.46524047851562,30
1787281202,894583300,,lidar,99.82979583740234,142.20286560058594,153.3052978515625,30
1787281202,894673078,,ui,500.97955322265625,1751.3792724609375,3384.26220703125,30
1787281203,894160828,,esp32,100.01146697998047,139.90904235839844,160.46524047851562,30
1787281203,894932832,,lidar,99.82109069824219,142.20286560058594,153.3052978515625,30
1787281203,895110992,,ui,500.97955322265625,1751.3792724609375,3384.26220703125,30
1787281204,894078512,,esp32,100.00944519042969,139.90904235839844,160.46524047851562,30
1787281204,894535456,,lidar,99.84481048583984,142.20286560058594,153.3052978515625,30
1787281204,894669249,,ui,501.7493896484375,1751.3792724609375,3384.26220703125,30
1787281205,894088793,,esp32,100.0059814453125,139.90904235839844,160.46524047851562,30
1787281205,894705640,,lidar,99.84564971923828,142.20286560058594,153.3052978515625,30
1787281205,894860910,,ui,501.7493896484375,1751.3792724609375,3384.26220703125,30
1787281206,894159284,,esp32,100.006103515625,139.9078369140625,160.46524047851562,30
1787281206,894632101,,lidar,99.83872985839844,142.20286560058594,153.3052978515625,30
1787281206,894721427,,ui,500.97955322265625,1751.3792724609375,3384.26220703125,30
1787281207,894382998,,esp32,100.0059814453125,139.90809631347656,160.46524047851562,30
1787281207,895125392,,lidar,99.84207153320312,142.88601684570312,159.6393585205078,30
1787281207,895283918,,ui,500.97955322265625,1751.3792724609375,3384.26220703125,30
1787281208,894061774,,esp32,100.00466918945312,139.90809631347656,160.46524047851562,30
1787281208,894520895,,lidar,99.84207153320312,149.6975555419922,159.6393585205078,30
1787281208,894600001,,ui,501.7493896484375,1751.3792724609375,3384.26220703125,30
1787281209,894081324,,esp32,100.00765228271484,139.90809631347656,141.15499877929688,30
1787281209,894736365,,lidar,99.82669067382812,142.8900909423828,159.6393585205078,30
1787281209,894909250,,ui,501.7493896484375,1751.3792724609375,3384.26220703125,30
1787281210,894172273,,esp32,100.0059814453125,139.90809631347656,141.15499877929688,30
1787281210,894953039,,lidar,99.80595397949219,142.8900909423828,159.6393585205078,30
1787281210,895143084,,ui,501.04559326171875,1751.3792724609375,3384.26220703125,30
1787281211,894109252,,esp32,100.00228881835938,139.90809631347656,141.15499877929688,30
1787281211,894588915,,lidar,99.802490234375,142.8900909423828,159.6393585205078,30
1787281211,894695079,,ui,501.04559326171875,1751.3792724609375,3384.26220703125,30
1787281212,894006293,,esp32,100.00288391113281,139.90809631347656,141.15499877929688,30
1787281212,894423134,,lidar,99.80595397949219,142.8900909423828,159.6393585205078,30
1787281212,894503744,,ui,501.04559326171875,1751.3792724609375,3384.26220703125,30
1787281213,894147440,,esp32,100.00466918945312,139.90809631347656,141.15499877929688,30
1787281213,894657551,,lidar,99.82669067382812,142.8900909423828,159.6393585205078,30
1787281213,894769106,,ui,501.04559326171875,1751.3792724609375,3384.26220703125,30
1787281214,894375419,,esp32,100.00288391113281,139.90809631347656,141.15499877929688,30
1787281214,895194649,,lidar,99.8393325805664,142.8900909423828,159.6393585205078,30
1787281214,895372675,,ui,500.96319580078125,1751.3792724609375,3384.26220703125,30
1787281215,894004222,,esp32,100.0059814453125,139.90809631347656,141.15499877929688,30
1787281215,894716319,,lidar,99.81429290771484,142.8900909423828,159.6393585205078,30
1787281215,894892376,,ui,500.96319580078125,1751.3792724609375,3384.26220703125,30
1787281216,894071855,,esp32,100.00288391113281,139.90809631347656,141.15499877929688,30
1787281216,894752084,,lidar,99.82728576660156,142.8900909423828,159.6393585205078,30
1787281216,894922705,,ui,500.96319580078125,1751.3792724609375,3384.26220703125,30
1787281217,894328436,,esp32,100.00395965576172,139.90809631347656,141.15499877929688,30
1787281217,895126082,,lidar,99.8392105102539,142.8900909423828,159.6393585205078,30
1787281217,895297520,,ui,501.037353515625,1751.3792724609375,3384.26220703125,30
1787281218,893976324,,esp32,100.00395965576172,139.90809631347656,141.15499877929688,30
1787281218,894323809,,lidar,99.84207153320312,142.8900909423828,159.6393585205078,30
1787281218,894415022,,ui,500.96319580078125,1751.3792724609375,3384.26220703125,30
1787281219,893734294,,esp32,100.0051498413086,139.90809631347656,141.15499877929688,30
1787281219,893919433,,lidar,99.82609558105469,142.8900909423828,159.6393585205078,30
1787281219,893952512,,ui,501.037353515625,1751.3792724609375,3384.26220703125,30
1787281220,894280837,,esp32,100.0059814453125,139.90809631347656,141.15499877929688,30
1787281220,894981840,,lidar,99.82609558105469,142.8900909423828,159.6393585205078,30
1787281220,895106822,,ui,501.037353515625,1751.3792724609375,3384.26220703125,30
1787281221,894236374,,esp32,100.00395965576172,139.90809631347656,141.15499877929688,30
1787281221,894991901,,lidar,99.84194946289062,142.8900909423828,159.6393585205078,30
1787281221,895156668,,ui,501.1018371582031,1751.3792724609375,3384.26220703125,30
1787281222,894150810,,esp32,100.0059814453125,139.9071502685547,141.15499877929688,30
1787281222,894607087,,lidar,99.8433837890625,150.10769653320312,159.6393585205078,30
1787281222,894697169,,ui,501.1018371582031,1751.3792724609375,3384.26220703125,30
1787281223,894114509,,esp32,100.0062255859375,139.79441833496094,141.15499877929688,30
1787281223,894893041,,lidar,99.8433837890625,150.10769653320312,159.6393585205078,30
1787281223,895082065,,ui,501.1702880859375,1751.3792724609375,3384.26220703125,30
1787281224,894090829,,esp32,100.0062255859375,139.79441833496094,141.15499877929688,30
1787281224,894678458,,lidar,99.8392105102539,139.37294006347656,159.6393585205078,30
1787281224,894840151,,ui,501.1018371582031,1751.3792724609375,3384.26220703125,30
1787281225,894085234,,esp32,100.00777435302734,139.79441833496094,141.15499877929688,30
1787281225,894531525,,lidar,99.85113525390625,139.37294006347656,159.6393585205078,30
1787281225,894624220,,ui,501.1702880859375,1751.3792724609375,3384.26220703125,30
1787281226,894149918,,esp32,100.01313781738281,139.79441833496094,141.15499877929688,30
1787281226,894599598,,lidar,99.86102294921875,139.37294006347656,159.6393585205078,30
1787281226,894683962,,ui,502.0055847167969,1751.3792724609375,3384.26220703125,30
1787281227,894144270,,esp32,100.01325988769531,139.79473876953125,141.15499877929688,30
1787281227,894662696,,lidar,99.8433837890625,139.37294006347656,159.6393585205078,30
1787281227,894748461,,ui,501.5444641113281,1751.3792724609375,3384.26220703125,30
1787281228,894070559,,esp32,100.01313781738281,139.79441833496094,141.15499877929688,30
1787281228,894507411,,lidar,99.86102294921875,139.37294006347656,159.6393585205078,30
1787281228,894588944,,ui,501.9066467285156,1723.7032470703125,3384.26220703125,30
1787281229,894237435,,esp32,100.01301574707031,139.79473876953125,141.15499877929688,30
1787281229,894690646,,lidar,99.86042785644531,139.37294006347656,159.6393585205078,30
1787281229,894775960,,ui,501.9066467285156,1668.351318359375,3384.26220703125,30
1787281230,894293813,,esp32,100.00920104980469,139.79473876953125,141.15499877929688,30
1787281230,895100328,,lidar,99.86317443847656,139.37294006347656,159.6393585205078,30
1787281230,895279385,,ui,501.9066467285156,1612.9993896484375,3384.26220703125,30
1787281231,894071454,,esp32,100.00824737548828,139.79473876953125,141.15499877929688,30
1787281231,894767744,,lidar,99.8698501586914,139.37294006347656,159.6393585205078,30
1787281231,894950458,,ui,503.2994689941406,590.4686279296875,616.6639404296875,30
1787281232,894282495,,esp32,100.01313781738281,139.79441833496094,141.15499877929688,30
1787281232,894754792,,lidar,99.85923767089844,139.37294006347656,159.6393585205078,30
1787281232,894861201,,ui,503.2994689941406,562.7614135742188,572.26513671875,30
1787281233,894122833,,esp32,100.01325988769531,139.79473876953125,141.15499877929688,30
1787281233,894783762,,lidar,99.8698501586914,139.37294006347656,159.6393585205078,30
1787281233,894946460,,ui,503.2994689941406,562.7614135742188,572.26513671875,30
1787281234,894030176,,esp32,100.01695251464844,139.79441833496094,141.15499877929688,30
1787281234,894449515,,lidar,99.84970092773438,139.37294006347656,159.6393585205078,30
1787281234,894532703,,ui,502.0055847167969,560.7080688476562,572.26513671875,30
1787281235,894193006,,esp32,100.01802062988281,139.79473876953125,141.15499877929688,30
1787281235,894611860,,lidar,99.86627197265625,139.37294006347656,159.6393585205078,30
1787281235,894716008,,ui,502.51007080078125,560.7080688476562,572.26513671875,30
1787281236,894000383,,esp32,100.02112579345703,139.79473876953125,141.15499877929688,30
1787281236,894674933,,lidar,99.86305236816406,139.37294006347656,159.6393585205078,30
1787281236,894857728,,ui,502.51007080078125,560.7080688476562,572.26513671875,30
1787281237,894186814,,esp32,100.0213623046875,139.79441833496094,141.15499877929688,30
1787281237,894965561,,lidar,99.86627197265625,132.34750366210938,150.84695434570312,30
1787281237,895147336,,ui,502.51007080078125,560.7080688476562,572.26513671875,30
1787281238,894137429,,esp32,100.0213623046875,139.79656982421875,141.15499877929688,30
1787281238,894583452,,lidar,99.86305236816406,132.3109130859375,150.84695434570312,30
1787281238,894669963,,ui,502.0055847167969,565.5269165039062,572.26513671875,30
1787281239,894065844,,esp32,100.01587677001953,139.7990264892578,140.7117919921875,30
1787281239,894528948,,lidar,99.86627197265625,132.6583709716797,150.84695434570312,30
1787281239,894633576,,ui,501.78265380859375,565.5269165039062,572.26513671875,30
1787281240,894416048,,esp32,100.01802062988281,139.7990264892578,140.7117919921875,30
1787281240,894866204,,lidar,99.85995483398438,132.62176513671875,150.84695434570312,30
1787281240,894948502,,ui,501.78265380859375,565.5269165039062,572.26513671875,30
1787281241,894187350,,esp32,100.01981353759766,139.79656982421875,140.7117919921875,30
1787281241,894638207,,lidar,99.85089111328125,132.6583709716797,150.84695434570312,30
1787281241,894723976,,ui,502.0055847167969,565.5269165039062,572.26513671875,30
1787281242,894141228,,esp32,100.02159881591797,139.7990264892578,140.7117919921875,30
1787281242,894871991,,lidar,99.86519622802734,132.62176513671875,150.84695434570312,30
1787281242,895033090,,ui,501.78265380859375,565.5269165039062,572.26513671875,30
1787281243,893992201,,esp32,100.03304290771484,139.7990264892578,140.7117919921875,30
1787281243,894433715,,lidar,99.86519622802734,132.62176513671875,150.84695434570312,30
1787281243,894532048,,ui,501.78265380859375,565.5269165039062,572.26513671875,30
1787281244,894198895,,esp32,100.03399658203125,139.79656982421875,140.7117919921875,30
1787281244,894631168,,lidar,99.85995483398438,132.62176513671875,150.84695434570312,30
1787281244,894720564,,ui,502.51007080078125,565.5269165039062,572.26513671875,30
1787281245,894078732,,esp32,100.01802062988281,139.7990264892578,140.7117919921875,30
1787281245,894599494,,lidar,99.86519622802734,132.62176513671875,150.84695434570312,30
1787281245,894703408,,ui,502.51007080078125,565.5269165039062,572.26513671875,30
1787281246,894043138,,esp32,100.0255355834961,139.79656982421875,140.7117919921875,30
1787281246,894534575,,lidar,99.853515625,132.62176513671875,150.84695434570312,30
1787281246,894622315,,ui,502.1986999511719,565.5269165039062,572.26513671875,30
1787281247,894197626,,esp32,100.04019927978516,139.7990264892578,140.7117919921875,30
1787281247,894669670,,lidar,99.853515625,132.62176513671875,150.84695434570312,30
1787281247,894756665,,ui,502.1986999511719,565.5269165039062,572.26513671875,30
1787281248,893940147,,esp32,100.03971862792969,139.79656982421875,140.7117919921875,30
1787281248,894362868,,lidar,99.79057312011719,132.62176513671875,150.84695434570312,30
1787281248,894469725,,ui,502.0055847167969,565.5269165039062,572.26513671875,30
1787281249,894090206,,esp32,100.03924560546875,139.7990264892578,140.7117919921875,30
1787281249,894821963,,lidar,99.85995483398438,132.62176513671875,150.84695434570312,30
1787281249,894996288,,ui,502.0055847167969,565.5269165039062,572.26513671875,30
1787281250,893991555,,esp32,100.01587677001953,140.0413055419922,140.7117919921875,30
1787281250,894717822,,lidar,99.85995483398438,132.62176513671875,150.84695434570312,30
1787281250,894889508,,ui,502.1986999511719,565.5269165039062,572.26513671875,30
1787281251,894038417,,esp32,100.01587677001953,140.0413055419922,140.7117919921875,30
1787281251,894506491,,lidar,99.79057312011719,132.62176513671875,150.84695434570312,30
1787281251,894593702,,ui,501.9598083496094,565.5269165039062,572.26513671875,30
1787281252,894161818,,esp32,100.01456451416016,140.09768676757812,160.2528076171875,30
1787281252,894631211,,lidar,99.7822265625,132.6583709716797,157.79495239257812,30
1787281252,894777032,,ui,501.9598083496094,565.5269165039062,572.26513671875,30
1787281253,894033808,,esp32,100.01587677001953,140.3225860595703,160.2528076171875,30
1787281253,894466091,,lidar,99.7831802368164,138.48019409179688,157.79495239257812,30
1787281253,894559887,,ui,501.78265380859375,556.0255737304688,560.8444213867188,30
1787281254,894000491,,esp32,100.01587677001953,140.3225860595703,160.2528076171875,30
1787281254,894419778,,lidar,99.7831802368164,146.5575714111328,157.79495239257812,30
1787281254,894506645,,ui,501.8358154296875,556.0255737304688,560.8444213867188,30
1787281255,894024080,,esp32,100.03089904785156,140.32228088378906,160.2528076171875,30
1787281255,894494601,,lidar,99.82633972167969,146.5575714111328,157.79495239257812,30
1787281255,894582210,,ui,501.36614990234375,556.0255737304688,560.8444213867188,30
1787281256,894084595,,esp32,100.01587677001953,140.3225860595703,160.2528076171875,30
1787281256,894521374,,lidar,99.7812728881836,146.5575714111328,157.79495239257812,30
1787281256,894620020,,ui,501.36614990234375,549.6751708984375,560.8444213867188,30
1787281257,894087727,,esp32,100.00824737548828,140.3219757080078,160.2528076171875,30
1787281257,894835797,,lidar,99.79057312011719,146.5575714111328,157.79495239257812,30
1787281257,894994094,,ui,501.36614990234375,549.6751708984375,560.8444213867188,30
1787281258,893996829,,esp32,100.01254272460938,140.3225860595703,160.2528076171875,30
1787281258,894662124,,lidar,99.7831802368164,146.5575714111328,157.79495239257812,30
1787281258,894819219,,ui,501.36614990234375,549.6751708984375,560.8444213867188,30
1787281259,894202413,,esp32,100.0019302368164,140.32228088378906,160.2528076171875,30
1787281259,894972990,,lidar,99.78294372558594,146.5575714111328,157.79495239257812,30
1787281259,895152469,,ui,501.54327392578125,548.051025390625,560.8444213867188,30
1787281260,894114938,,esp32,99.99883270263672,140.32228088378906,160.2528076171875,30
1787281260,894845505,,lidar,99.78294372558594,146.5575714111328,157.79495239257812,30
1787281260,895027069,,ui,501.54327392578125,548.051025390625,560.8444213867188,30
1787281261,894007198,,esp32,100.0019302368164,140.32228088378906,160.2528076171875,30
1787281261,894503602,,lidar,99.7812728881836,146.5575714111328,157.79495239257812,30
1787281261,894661088,,ui,501.54327392578125,548.051025390625,560.8444213867188,30
1787281262,894230549,,esp32,99.99549102783203,140.32228088378906,160.2528076171875,30
1787281262,895064063,,lidar,99.82156372070312,146.5575714111328,157.79495239257812,30
1787281262,895245324,,ui,501.0491638183594,548.051025390625,560.8444213867188,30
1787281263,894049210,,esp32,100.0019302368164,140.32228088378906,160.2528076171875,30
1787281263,894576691,,lidar,99.78294372558594,146.5575714111328,157.79495239257812,30
1787281263,894679816,,ui,501.0491638183594,548.051025390625,560.8444213867188,30
1787281264,894189436,,esp32,100.00252532958984,140.3225860595703,160.2528076171875,30
1787281264,894905412,,lidar,99.853515625,146.5575714111328,157.79495239257812,30
1787281264,895084312,,ui,501.54327392578125,548.051025390625,560.8444213867188,30
1787281265,894160113,,esp32,100.01039123535156,140.32228088378906,160.2528076171875,30
1787281265,894630404,,lidar,99.7831802368164,146.5575714111328,157.79495239257812,30
1787281265,894729931,,ui,501.0491638183594,548.051025390625,560.8444213867188,30
1787281266,894294791,,esp32,100.0019302368164,140.32228088378906,160.2528076171875,30
1787281266,895115176,,lidar,99.84683990478516,146.5575714111328,157.79495239257812,30
1787281266,895291050,,ui,500.08905029296875,548.051025390625,560.8444213867188,30
1787281267,894039562,,esp32,100.00538635253906,140.32228088378906,160.2528076171875,30
1787281267,894758520,,lidar,99.82633972167969,146.5575714111328,157.79495239257812,30
1787281267,894937075,,ui,501.0491638183594,559.4243774414062,560.8444213867188,30
1787281268,894145978,,esp32,100.00538635253906,140.32228088378906,160.2528076171875,30
1787281268,894637074,,lidar,99.84374237060547,146.5575714111328,157.79495239257812,30
1787281268,894740720,,ui,501.0491638183594,556.4899291992188,558.4375610351562,30
1787281269,893755102,,esp32,100.0019302368164,140.32228088378906,160.2528076171875,30
1787281269,894012403,,lidar,99.84683990478516,148.9136199951172,157.79495239257812,30
1787281269,894063257,,ui,500.08905029296875,556.4899291992188,558.4375610351562,30
1787281270,893729204,,esp32,100.00133514404297,140.3219757080078,160.2528076171875,30
1787281270,893898612,,lidar,99.86197662353516,148.9654083251953,157.79495239257812,30
1787281270,893931102,,ui,501.0491638183594,556.4899291992188,558.4375610351562,30
1787281271,894095802,,esp32,100.00538635253906,140.32228088378906,160.2528076171875,30
1787281271,894615055,,lidar,99.8780746459961,148.9136199951172,157.79495239257812,30
1787281271,894724389,,ui,501.0491638183594,556.4899291992188,558.4375610351562,30
1787281272,893730269,,esp32,99.9959716796875,140.32228088378906,160.2528076171875,30
1787281272,893922680,,lidar,99.87068176269531,148.9654083251953,157.79495239257812,30
1787281272,893959462,,ui,501.54327392578125,556.4899291992188,558.4375610351562,30
1787281273,894124458,,esp32,99.9959716796875,140.32228088378906,160.2528076171875,30
1787281273,894554934,,lidar,99.88081359863281,148.9654083251953,157.79495239257812,30
1787281273,894636293,,ui,501.1914978027344,556.4899291992188,558.4375610351562,30
1787281274,894191395,,esp32,99.99322509765625,140.3225860595703,160.2528076171875,30
1787281274,894998071,,lidar,99.86936950683594,148.9654083251953,157.79495239257812,30
1787281274,895110585,,ui,501.0491638183594,556.4899291992188,558.4375610351562,30
1787281275,894263918,,esp32,99.99478149414062,140.32228088378906,160.2528076171875,30
1787281275,895027401,,lidar,99.88081359863281,148.9654083251953,157.79495239257812,30
1787281275,895216260,,ui,500.076171875,556.4899291992188,558.4375610351562,30
1787281276,894254811,,esp32,99.99394226074219,140.3225860595703,160.2528076171875,30
1787281276,894783462,,lidar,99.86936950683594,148.9654083251953,157.79495239257812,30
1787281276,894886836,,ui,500.076171875,556.4899291992188,558.4375610351562,30
1787281277,893798537,,esp32,99.99358367919922,140.32228088378906,160.2528076171875,30
1787281277,894059143,,lidar,99.88081359863281,148.9654083251953,157.79495239257812,30
1787281277,894118343,,ui,499.24755859375,556.4899291992188,558.4375610351562,30
1787281278,893812518,,esp32,99.99561309814453,140.3225860595703,160.2528076171875,30
1787281278,894072505,,lidar,99.87938690185547,148.9654083251953,157.79495239257812,30
1787281278,894117400,,ui,500.93603515625,556.4899291992188,558.4375610351562,30
1787281279,893975201,,esp32,99.9959716796875,140.32228088378906,160.2528076171875,30
1787281279,894643274,,lidar,99.87759399414062,148.9654083251953,157.79495239257812,30
1787281279,894820468,,ui,500.9604797363281,556.4899291992188,558.4375610351562,30
1787281280,894088976,,esp32,99.99883270263672,140.32228088378906,160.2528076171875,30
1787281280,894782588,,lidar,99.85565948486328,148.9654083251953,157.79495239257812,30
1787281280,894999747,,ui,500.5859069824219,556.4899291992188,558.4375610351562,30
1787281281,894004094,,esp32,100.0019302368164,140.32228088378906,160.2528076171875,30
1787281281,894450877,,lidar,99.8728256225586,148.9654083251953,157.79495239257812,30
1787281281,894538326,,ui,500.5859069824219,556.4899291992188,558.4375610351562,30
1787281282,894027662,,esp32,100.00288391113281,139.74440002441406,140.421875,30
1787281282,894502665,,lidar,99.87712097167969,146.5575714111328,154.11114501953125,30
1787281282,894604444,,ui,500.5859069824219,556.4899291992188,558.4375610351562,30
1787281283,894078168,,esp32,100.00288391113281,120.60962677001953,140.421875,30
1787281283,894586408,,lidar,99.8728256225586,136.59730529785156,154.11114501953125,30
1787281283,894687346,,ui,500.9604797363281,556.4899291992188,558.4375610351562,30
1787281284,893977355,,esp32,100.0019302368164,120.60962677001953,140.421875,30
1787281284,894418856,,lidar,99.87938690185547,133.8431396484375,154.11114501953125,30
1787281284,894504186,,ui,500.9604797363281,556.4899291992188,558.4375610351562,30
1787281285,894190869,,esp32,100.00252532958984,120.80284881591797,140.421875,30
1787281285,895023280,,lidar,99.84874725341797,133.8431396484375,154.11114501953125,30
1787281285,895214625,,ui,501.078369140625,556.4899291992188,558.4375610351562,30
1787281286,894024101,,esp32,99.99847412109375,120.60962677001953,140.421875,30
1787281286,894542802,,lidar,99.8646011352539,133.8431396484375,154.11114501953125,30
1787281286,894655945,,ui,500.4378662109375,556.4899291992188,558.4375610351562,30
1787281287,893932754,,esp32,100.00252532958984,120.80284881591797,140.421875,30
1787281287,894197620,,lidar,99.87938690185547,133.8431396484375,154.11114501953125,30
1787281287,894257693,,ui,500.4378662109375,556.4899291992188,558.4375610351562,30
1787281288,894043043,,esp32,99.99847412109375,120.60962677001953,140.421875,30
1787281288,894553961,,lidar,99.8728256225586,133.8431396484375,154.11114501953125,30
1787281288,894680408,,ui,500.4378662109375,556.4899291992188,558.4375610351562,30
1787281289,894152443,,esp32,100.00574493408203,120.60962677001953,140.421875,30
1787281289,894594760,,lidar,99.8728256225586,133.8431396484375,154.11114501953125,30
1787281289,894725624,,ui,499.3392333984375,556.4899291992188,558.4375610351562,30
1787281290,894005775,,esp32,100.01194763183594,120.60962677001953,140.421875,30
1787281290,894450392,,lidar,99.8728256225586,133.8431396484375,154.11114501953125,30
1787281290,894598851,,ui,499.3392333984375,556.4899291992188,558.4375610351562,30
1787281291,893992316,,esp32,100.00241088867188,120.60962677001953,140.421875,30
1787281291,894484914,,lidar,99.89952850341797,133.8431396484375,154.11114501953125,30
1787281291,894594506,,ui,499.94097900390625,556.4899291992188,558.4375610351562,30
1787281292,894373858,,esp32,100.00824737548828,120.80284881591797,140.421875,30
1787281292,895256280,,lidar,99.89785766601562,133.8431396484375,154.11114501953125,30
1787281292,895436545,,ui,500.69927978515625,556.4899291992188,558.4375610351562,30
1787281293,894226613,,esp32,100.00241088867188,120.60962677001953,140.421875,30
1787281293,895072939,,lidar,99.89273834228516,133.8431396484375,154.11114501953125,30
1787281293,895258057,,ui,500.4378662109375,556.4899291992188,558.4375610351562,30
1787281294,894275739,,esp32,100.00241088867188,120.60962677001953,140.421875,30
1787281294,895095882,,lidar,99.84719848632812,133.8431396484375,154.11114501953125,30
1787281294,895270604,,ui,500.4378662109375,556.4899291992188,558.4375610351562,30
1787281295,894083254,,esp32,100.00145721435547,120.60962677001953,140.421875,30
1787281295,894602121,,lidar,99.8728256225586,133.8431396484375,154.11114501953125,30
1787281295,894721243,,ui,500.4378662109375,556.4899291992188,558.4375610351562,30
1787281296,894055115,,esp32,100.00466918945312,120.60962677001953,140.421875,30
1787281296,894887086,,lidar,99.8728256225586,133.8431396484375,154.11114501953125,30
1787281296,895078203,,ui,500.69927978515625,566.0691528320312,577.0511474609375,30
1787281297,893986847,,esp32,100.00241088867188,139.7440643310547,140.42282104492188,30
1787281297,894435735,,lidar,99.8728256225586,140.95787048339844,154.11114501953125,30
1787281297,894546036,,ui,500.4378662109375,564.1214599609375,577.0511474609375,30
1787281298,894188556,,esp32,100.00372314453125,140.28968811035156,140.7082061767578,30
1787281298,894665274,,lidar,99.8728256225586,145.93408203125,154.11114501953125,30
1787281298,894810032,,ui,500.4378662109375,553.4754028320312,577.0511474609375,30
1787281299,894175823,,esp32,100.00466918945312,140.3664093017578,140.7082061767578,30
1787281299,894658523,,lidar,99.8373031616211,140.95787048339844,154.07252502441406,30
1787281299,894745559,,ui,500.69927978515625,560.2701416015625,577.0511474609375,30
1787281300,894050576,,esp32,100.00324249267578,140.36697387695312,140.7082061767578,30
1787281300,894514100,,lidar,99.8830795288086,140.95787048339844,154.07252502441406,30
1787281300,894612460,,ui,500.69927978515625,560.2701416015625,577.0511474609375,30
1787281301,894095139,,esp32,100.00157165527344,140.36697387695312,140.7082061767578,30
1787281301,894561598,,lidar,99.78878784179688,140.95787048339844,154.07252502441406,30
1787281301,894663959,,ui,500.69927978515625,560.2701416015625,577.0511474609375,30
1787281302,894112902,,esp32,100.00145721435547,140.3664093017578,140.7082061767578,30
1787281302,894613049,,lidar,99.82550048828125,140.95787048339844,154.07252502441406,30
1787281302,894701454,,ui,500.4378662109375,560.2701416015625,577.0511474609375,30
1787281303,894290760,,esp32,100.0010986328125,140.3664093017578,140.7082061767578,30
1787281303,894789133,,lidar,99.78353881835938,140.95787048339844,154.07252502441406,30
1787281303,894881464,,ui,500.4378662109375,560.2701416015625,577.0511474609375,30
1787281304,893951573,,esp32,100.0010986328125,140.3664093017578,140.7082061767578,30
1787281304,894447878,,lidar,99.82872009277344,140.95787048339844,154.07252502441406,30
1787281304,894536190,,ui,500.4378662109375,560.2701416015625,577.0511474609375,30
1787281305,894167036,,esp32,99.99859619140625,140.3664093017578,140.7082061767578,30
1787281305,894651651,,lidar,99.82550048828125,140.95787048339844,154.07252502441406,30
1787281305,894734531,,ui,500.9604797363281,560.2701416015625,577.0511474609375,30
1787281306,893945693,,esp32,100.0010986328125,140.3664093017578,140.7082061767578,30
1787281306,894440629,,lidar,99.82550048828125,140.95787048339844,154.07252502441406,30
1787281306,894542124,,ui,500.69927978515625,560.2701416015625,577.0511474609375,30
1787281307,893970384,,esp32,100.0010986328125,140.3664093017578,140.7082061767578,30
1787281307,894364533,,lidar,99.83289337158203,140.95787048339844,154.07252502441406,30
1787281307,894453966,,ui,500.69927978515625,560.2701416015625,577.0511474609375,30
1787281308,894087219,,esp32,99.99859619140625,140.3664093017578,140.7082061767578,30
1787281308,894534613,,lidar,99.80738067626953,140.95787048339844,154.07252502441406,30
1787281308,894651640,,ui,500.8124084472656,560.2701416015625,577.0511474609375,30
1787281309,894048939,,esp32,99.99859619140625,140.3664093017578,140.7082061767578,30
1787281309,894534027,,lidar,99.84123992919922,140.95787048339844,154.07252502441406,30
1787281309,894622321,,ui,500.3442687988281,560.2701416015625,577.0511474609375,30
1787281310,893996209,,esp32,100.00288391113281,140.3664093017578,140.7082061767578,30
1787281310,894455302,,lidar,99.81060028076172,140.95787048339844,154.07252502441406,30
1787281310,894546261,,ui,500.3442687988281,560.2701416015625,577.0511474609375,30
1787281311,893967142,,esp32,100.0010986328125,140.3664093017578,140.7082061767578,30
1787281311,894675421,,lidar,99.85315704345703,140.95787048339844,154.07252502441406,30
1787281311,894847644,,ui,500.3442687988281,560.2701416015625,577.0511474609375,30
1787281312,893708552,,esp32,100.0010986328125,140.3664093017578,140.7082061767578,30
1787281312,893980111,,lidar,99.88963317871094,145.93408203125,154.07252502441406,30
1787281312,894036218,,ui,500.3442687988281,560.2701416015625,577.0511474609375,30
1787281313,893960584,,esp32,99.99859619140625,140.3664093017578,140.7082061767578,30
1787281313,894378395,,lidar,99.88963317871094,148.10678100585938,154.07252502441406,30
1787281313,894481715,,ui,500.0823669433594,560.2701416015625,577.0511474609375,30
1787281314,893713550,,esp32,99.99978637695312,140.4254608154297,141.418701171875,30
1787281314,893981893,,lidar,99.87914276123047,149.8431396484375,156.30746459960938,30
1787281314,894042346,,ui,500.0823669433594,560.2701416015625,577.0511474609375,30
1787281315,894189105,,esp32,99.99978637695312,140.4254608154297,141.418701171875,30
1787281315,894664070,,lidar,99.88963317871094,149.8431396484375,156.30746459960938,30
1787281315,894759288,,ui,500.0823669433594,560.2701416015625,577.0511474609375,30
1787281316,894210527,,esp32,100.00288391113281,140.4254608154297,141.418701171875,30
1787281316,894679838,,lidar,99.89583587646484,149.8431396484375,156.30746459960938,30
1787281316,894766524,,ui,500.0823669433594,560.2701416015625,577.0511474609375,30
1787281317,893967147,,esp32,100.00466918945312,140.4254608154297,141.418701171875,30
1787281317,894453184,,lidar,99.88963317871094,149.8431396484375,156.30746459960938,30
1787281317,894556168,,ui,500.0823669433594,560.2701416015625,577.0511474609375,30
1787281318,894233483,,esp32,100.00466918945312,140.4254608154297,141.418701171875,30
1787281318,895036035,,lidar,99.8933334350586,149.8431396484375,156.30746459960938,30
1787281318,895220435,,ui,500.0823669433594,560.2701416015625,577.0511474609375,30
1787281319,894239922,,esp32,100.00466918945312,140.4254608154297,141.418701171875,30
1787281319,894771625,,lidar,99.93207550048828,149.8431396484375,156.30746459960938,30
1787281319,894863973,,ui,500.569580078125,560.2701416015625,577.0511474609375,30
1787281320,894120041,,esp32,100.00395965576172,140.4254608154297,141.418701171875,30
1787281320,894823399,,lidar,99.89738464355469,149.82699584960938,156.30746459960938,30
1787281320,894988037,,ui,500.569580078125,560.2701416015625,577.0511474609375,30
1787281321,894307609,,esp32,100.00395965576172,140.4254608154297,141.418701171875,30
1787281321,895159965,,lidar,99.92527770996094,149.8431396484375,156.30746459960938,30
1787281321,895347097,,ui,500.569580078125,560.2701416015625,577.0511474609375,30
1787281322,894078185,,esp32,100.00466918945312,140.54867553710938,141.418701171875,30
1787281322,894688628,,lidar,99.92527770996094,149.8431396484375,156.30746459960938,30
1787281322,894879772,,ui,500.0823669433594,560.2701416015625,577.0511474609375,30
1787281323,894296885,,esp32,100.00466918945312,140.54867553710938,141.418701171875,30
1787281323,895139685,,lidar,99.91526794433594,149.82699584960938,156.30746459960938,30
1787281323,895328743,,ui,501.14691162109375,560.2701416015625,577.0511474609375,30
1787281324,894201602,,esp32,100.00312042236328,140.54867553710938,141.418701171875,30
1787281324,894827571,,lidar,99.9398193359375,149.82699584960938,156.30746459960938,30
1787281324,894935059,,ui,501.14691162109375,560.2701416015625,577.0511474609375,30
1787281325,893712142,,esp32,99.99978637695312,140.54867553710938,141.418701171875,30
1787281325,893971801,,lidar,99.9398193359375,149.82699584960938,156.30746459960938,30
1787281325,894021716,,ui,501.14691162109375,560.2701416015625,577.0511474609375,30
1787281326,893592771,,esp32,99.99346923828125,140.54867553710938,141.418701171875,30
1787281326,893780231,,lidar,99.9357681274414,149.82699584960938,156.30746459960938,30
1787281326,893807570,,ui,501.14691162109375,545.5841674804688,548.6087646484375,30
1787281327,893995867,,esp32,99.99537658691406,140.54867553710938,141.418701171875,30
1787281327,894447744,,lidar,99.94375610351562,148.12290954589844,156.30746459960938,30
1787281327,894539489,,ui,501.14691162109375,545.5841674804688,548.6087646484375,30
1787281328,893934578,,esp32,99.99012756347656,140.54867553710938,141.418701171875,30
1787281328,894492019,,lidar,99.94375610351562,148.1045379638672,156.30746459960938,30
1787281328,894638753,,ui,501.14691162109375,545.5841674804688,548.6087646484375,30
1787281329,894029719,,esp32,99.98715209960938,140.53759765625,141.418701171875,30
1787281329,894492744,,lidar,99.94769287109375,148.08941650390625,156.30746459960938,30
1787281329,894594660,,ui,501.14691162109375,535.0601806640625,543.4822998046875,30
1787281330,893959937,,esp32,99.99012756347656,140.53759765625,141.418701171875,30
1787281330,894391858,,lidar,99.94769287109375,148.08941650390625,156.30746459960938,30
1787281330,894508873,,ui,500.5384826660156,535.0601806640625,543.4822998046875,30
1787281331,894091007,,esp32,99.99012756347656,140.53759765625,141.418701171875,30
1787281331,894580626,,lidar,99.9398193359375,148.08941650390625,156.30746459960938,30
1787281331,894670438,,ui,500.3101806640625,535.0601806640625,543.4822998046875,30
1787281332,894155082,,esp32,99.99012756347656,140.53759765625,141.418701171875,30
1787281332,894943207,,lidar,99.94769287109375,148.08941650390625,156.30746459960938,30
1787281332,895114986,,ui,501.14691162109375,535.0601806640625,543.4822998046875,30
1787281333,893595113,,esp32,99.9948959350586,140.53759765625,141.418701171875,30
1787281333,893771108,,lidar,99.95126342773438,148.08941650390625,156.30746459960938,30
1787281333,893807411,,ui,500.7735595703125,535.0601806640625,543.4822998046875,30
1787281334,894110385,,esp32,99.99990844726562,140.53759765625,141.418701171875,30
1787281334,894741992,,lidar,99.94149017333984,148.08941650390625,156.30746459960938,30
1787281334,894894533,,ui,500.7735595703125,535.0601806640625,543.4822998046875,30
1787281335,893770530,,esp32,99.99478149414062,140.53759765625,141.418701171875,30
1787281335,894109183,,lidar,99.94149017333984,148.08941650390625,156.30746459960938,30
1787281335,894173429,,ui,500.3101806640625,535.0601806640625,543.4822998046875,30
1787281336,893979690,,esp32,99.98703002929688,140.53759765625,141.418701171875,30
1787281336,894476766,,lidar,99.9398193359375,148.08941650390625,156.30746459960938,30
1787281336,894575535,,ui,500.7735595703125,535.0601806640625,543.4822998046875,30
1787281337,894106607,,esp32,99.98583984375,140.53759765625,141.418701171875,30
1787281337,894608885,,lidar,99.93338775634766,148.08941650390625,156.30746459960938,30
1787281337,894704877,,ui,500.7735595703125,535.0601806640625,543.4822998046875,30
1787281338,894117199,,esp32,99.9900131225586,140.53759765625,141.418701171875,30
1787281338,894630847,,lidar,99.93338775634766,148.08941650390625,156.30746459960938,30
1787281338,894739181,,ui,500.5452575683594,535.202880859375,543.4822998046875,30
1787281339,894151850,,esp32,99.99227905273438,140.53759765625,141.418701171875,30
1787281339,894651919,,lidar,99.9085922241211,148.08941650390625,156.30746459960938,30
1787281339,894741050,,ui,500.7735595703125,535.0601806640625,543.4822998046875,30
1787281340,894291842,,esp32,99.99227905273438,140.53759765625,141.418701171875,30
1787281340,895086961,,lidar,99.90238952636719,148.08941650390625,156.30746459960938,30
1787281340,895259112,,ui,500.7735595703125,528.3515014648438,529.2074584960938,30
1787281341,893638411,,esp32,99.99227905273438,140.53759765625,141.418701171875,30
1787281341,893971244,,lidar,99.90238952636719,148.08941650390625,156.30746459960938,30
1787281341,894047060,,ui,500.5452575683594,528.3660278320312,529.2074584960938,30
1787281342,894089340,,esp32,99.98905944824219,140.53759765625,141.418701171875,30
1787281342,894570829,,lidar,99.88093566894531,147.18675231933594,156.30746459960938,30
1787281342,894698500,,ui,501.0018310546875,528.3660278320312,529.2074584960938,30
1787281343,893625154,,esp32,99.99478149414062,140.53759765625,141.418701171875,30
1787281343,893889816,,lidar,99.88761138916016,141.29495239257812,156.30746459960938,30
1787281343,893946725,,ui,500.4440612792969,528.3515014648438,529.2074584960938,30
1787281344,894114337,,esp32,99.99478149414062,140.349853515625,141.1519012451172,30
1787281344,894586338,,lidar,99.88093566894531,141.29495239257812,149.60169982910156,30
1787281344,894720740,,ui,500.5452575683594,534.6632690429688,542.1974487304688,30
1787281345,893892931,,esp32,99.99823760986328,140.349853515625,141.1519012451172,30
1787281345,894350322,,lidar,99.88093566894531,141.29495239257812,149.60169982910156,30
1787281345,894457514,,ui,500.208984375,534.5333862304688,542.1974487304688,30
1787281346,894004227,,esp32,99.99478149414062,140.349853515625,141.1519012451172,30
1787281346,894500130,,lidar,99.87926483154297,141.29495239257812,149.60169982910156,30
1787281346,894616134,,ui,500.208984375,534.5333862304688,542.1974487304688,30
1787281347,893845360,,esp32,99.99478149414062,140.349853515625,141.1519012451172,30
1787281347,894259033,,lidar,99.873779296875,141.29495239257812,149.60169982910156,30
1787281347,894343633,,ui,500.208984375,534.5333862304688,542.1974487304688,30
1787281348,894083942,,esp32,99.99478149414062,140.349853515625,141.1519012451172,30
1787281348,894590879,,lidar,99.87926483154297,141.29495239257812,149.60169982910156,30
1787281348,894689285,,ui,500.34283447265625,534.6632690429688,542.1974487304688,30
1787281349,893964129,,esp32,99.99823760986328,140.349853515625,141.1519012451172,30
1787281349,894495506,,lidar,99.87545013427734,141.29495239257812,149.60169982910156,30
1787281349,894605087,,ui,499.7367858886719,534.6632690429688,542.1974487304688,30
1787281350,894022072,,esp32,99.99823760986328,140.349853515625,141.1519012451172,30
1787281350,894597055,,lidar,99.87187194824219,141.32052612304688,149.60169982910156,30
1787281350,894697607,,ui,500.0751037597656,534.6632690429688,542.1974487304688,30
1787281351,893981417,,esp32,100.00074005126953,140.349853515625,141.1519012451172,30
1787281351,894462952,,lidar,99.86830139160156,141.29495239257812,149.60169982910156,30
1787281351,894552313,,ui,500.0751037597656,534.6632690429688,542.1974487304688,30
1787281352,894072477,,esp32,99.99823760986328,140.3262481689453,141.1519012451172,30
1787281352,894556608,,lidar,99.86448669433594,141.29495239257812,149.60169982910156,30
1787281352,894674846,,ui,499.7367858886719,534.6632690429688,542.1974487304688,30
1787281353,894162328,,esp32,99.99227905273438,140.3262481689453,141.1519012451172,30
1787281353,895020383,,lidar,99.86663055419922,141.32052612304688,149.60169982910156,30
1787281353,895210594,,ui,499.08660888671875,536.1249389648438,542.1974487304688,30
1787281354,894096480,,esp32,99.99478149414062,140.3262481689453,141.1519012451172,30
1787281354,894556112,,lidar,99.86663055419922,141.32052612304688,149.60169982910156,30
1787281354,894650685,,ui,499.08660888671875,536.1249389648438,542.1974487304688,30
1787281355,893999479,,esp32,100.00074005126953,140.3262481689453,141.1519012451172,30
1787281355,894463498,,lidar,99.87735748291016,141.32052612304688,149.60169982910156,30
1787281355,894566507,,ui,499.7367858886719,536.1249389648438,542.1974487304688,30
1787281356,894090470,,esp32,100.00074005126953,140.3262481689453,141.1519012451172,30
1787281356,894877230,,lidar,99.873779296875,141.32052612304688,149.60169982910156,30
1787281356,895051590,,ui,499.08660888671875,536.1249389648438,542.1974487304688,30
1787281357,894182348,,esp32,100.00074005126953,140.3262481689453,141.1519012451172,30
1787281357,895071417,,lidar,99.87211608886719,141.29495239257812,149.60169982910156,30
1787281357,895253511,,ui,499.7367858886719,536.1249389648438,542.1974487304688,30
1787281358,894000964,,esp32,100.00074005126953,140.32801818847656,141.1814727783203,30
1787281358,894494364,,lidar,99.87211608886719,139.56857299804688,152.49871826171875,30
1787281358,894608493,,ui,499.4284973144531,536.1249389648438,542.1974487304688,30
1787281359,894271993,,esp32,100.00074005126953,140.32801818847656,160.24708557128906,30
1787281359,895132458,,lidar,99.87020874023438,133.10028076171875,152.49871826171875,30
1787281359,895323497,,ui,499.4284973144531,536.1249389648438,542.1974487304688,30
1787281360,893972121,,esp32,100.00074005126953,140.32801818847656,160.24708557128906,30
1787281360,894483592,,lidar,99.82669067382812,133.10028076171875,152.49871826171875,30
1787281360,894603337,,ui,500.34283447265625,536.1249389648438,542.1974487304688,30
1787281361,894166876,,esp32,100.00074005126953,140.32801818847656,160.24708557128906,30
1787281361,894951664,,lidar,99.8647232055664,133.10028076171875,152.49871826171875,30
1787281361,895126226,,ui,500.34283447265625,536.1249389648438,542.1974487304688,30
1787281362,894387018,,esp32,100.00491333007812,140.32801818847656,160.24708557128906,30
1787281362,895248054,,lidar,99.84099578857422,133.10028076171875,152.49871826171875,30
1787281362,895443204,,ui,499.4284973144531,536.5928955078125,542.1974487304688,30
1787281363,894252949,,esp32,100.00491333007812,140.32801818847656,160.24708557128906,30
1787281363,895134857,,lidar,99.81990051269531,133.10028076171875,152.49871826171875,30
1787281363,895326641,,ui,500.34283447265625,536.5928955078125,542.1974487304688,30
1787281364,894049591,,esp32,100.00491333007812,140.32801818847656,160.24708557128906,30
1787281364,894557237,,lidar,99.84099578857422,133.10028076171875,152.49871826171875,30
1787281364,894665181,,ui,500.34283447265625,536.5928955078125,542.1974487304688,30
1787281365,894350509,,esp32,100.01361083984375,140.32801818847656,160.24708557128906,30
1787281365,895243506,,lidar,99.86209869384766,133.10028076171875,152.49871826171875,30
1787281365,895420524,,ui,500.34283447265625,536.5928955078125,542.1974487304688,30
1787281366,894178297,,esp32,100.01647186279297,140.32801818847656,160.24708557128906,30
1787281366,894829960,,lidar,99.82669067382812,133.10028076171875,152.49871826171875,30
1787281366,894938397,,ui,500.34283447265625,536.5928955078125,542.1974487304688,30
1787281367,893648013,,esp32,100.01647186279297,140.32801818847656,160.24708557128906,30
1787281367,893922432,,lidar,99.81990051269531,133.10028076171875,152.49871826171875,30
1787281367,893977971,,ui,500.34283447265625,536.5928955078125,542.1974487304688,30
1787281368,894000376,,esp32,100.02183532714844,140.32801818847656,160.24708557128906,30
1787281368,894522337,,lidar,99.83802032470703,133.10028076171875,152.49871826171875,30
1787281368,894636446,,ui,500.4922180175781,536.4962158203125,542.1974487304688,30
1787281369,894230986,,esp32,100.01611328125,140.32801818847656,160.24708557128906,30
1787281369,894709397,,lidar,99.8576889038086,133.10028076171875,152.49871826171875,30
1787281369,894827784,,ui,501.555908203125,536.5928955078125,542.1974487304688,30
1787281370,894273635,,esp32,100.01564025878906,140.32801818847656,160.24708557128906,30
1787281370,895125993,,lidar,99.85279846191406,133.10028076171875,152.49871826171875,30
1787281370,895312756,,ui,501.555908203125,536.5928955078125,542.1974487304688,30
1787281371,894361646,,esp32,100.01611328125,140.32801818847656,160.24708557128906,30
1787281371,895236969,,lidar,99.83802032470703,133.10028076171875,152.49871826171875,30
1787281371,895445760,,ui,501.57891845703125,536.4962158203125,542.1974487304688,30
1787281372,894167300,,esp32,100.02100372314453,140.52613830566406,160.24708557128906,30
1787281372,894635492,,lidar,99.85279846191406,133.10028076171875,152.49871826171875,30
1787281372,894730039,,ui,500.345458984375,536.4962158203125,542.1974487304688,30
1787281373,893543701,,esp32,100.01504516601562,140.5821533203125,160.24708557128906,30
1787281373,893779058,,lidar,99.84648132324219,133.10028076171875,152.49871826171875,30
1787281373,893832500,,ui,501.6019287109375,539.2526245117188,542.1974487304688,30
1787281374,894011314,,esp32,100.01504516601562,140.5821533203125,160.24708557128906,30
1787281374,894496095,,lidar,99.85279846191406,134.42271423339844,152.49871826171875,30
1787281374,894600069,,ui,501.57891845703125,542.7862548828125,550.9400634765625,30
1787281375,894130580,,esp32,100.01504516601562,140.5821533203125,160.24708557128906,30
1787281375,894604532,,lidar,99.81990051269531,134.42271423339844,152.49871826171875,30
1787281375,894695441,,ui,501.6019287109375,542.9244995117188,550.9400634765625,30
1787281376,894347533,,esp32,100.01564025878906,140.5821533203125,160.24708557128906,30
1787281376,895213462,,lidar,99.82669067382812,134.42271423339844,152.49871826171875,30
1787281376,895346828,,ui,501.6019287109375,542.9244995117188,550.9400634765625,30
1787281377,894360234,,esp32,100.01301574707031,140.5821533203125,160.24708557128906,30
1787281377,895242307,,lidar,99.82669067382812,134.42271423339844,152.49871826171875,30
1787281377,895446458,,ui,501.6019287109375,542.9244995117188,550.9400634765625,30
1787281378,893939340,,esp32,100.00932312011719,140.5821533203125,160.24708557128906,30
1787281378,894453375,,lidar,99.8189468383789,134.38034057617188,152.49871826171875,30
1787281378,894576841,,ui,501.57891845703125,542.7862548828125,550.9400634765625,30
1787281379,893877986,,esp32,100.0052719116211,140.5821533203125,160.24708557128906,30
1787281379,894367049,,lidar,99.81227111816406,134.38034057617188,152.49871826171875,30
1787281379,894475130,,ui,501.8049621582031,542.7862548828125,550.9400634765625,30
1787281380,893863064,,esp32,100.00455474853516,140.5821533203125,160.24708557128906,30
1787281380,894615977,,lidar,99.80606842041016,134.38034057617188,152.49871826171875,30
1787281380,894785731,,ui,501.6740417480469,542.7862548828125,550.9400634765625,30
1787281381,894124513,,esp32,100.00455474853516,140.5821533203125,160.24708557128906,30
1787281381,894993418,,lidar,99.77459716796875,134.38034057617188,152.49871826171875,30
1787281381,895182263,,ui,501.6740417480469,542.7862548828125,550.9400634765625,30
1787281382,894110815,,esp32,100.00455474853516,140.5821533203125,160.24708557128906,30
1787281382,894677952,,lidar,99.77459716796875,134.38034057617188,152.49871826171875,30
1787281382,894870861,,ui,502.1274108886719,542.7862548828125,550.9400634765625,30
1787281383,893910242,,esp32,100.00455474853516,140.5821533203125,160.24708557128906,30
1787281383,894367900,,lidar,99.79510498046875,134.38034057617188,152.49871826171875,30
1787281383,894489942,,ui,502.1274108886719,542.7862548828125,550.9400634765625,30
1787281384,893901313,,esp32,100.00455474853516,140.5821533203125,160.24708557128906,30
1787281384,894325835,,lidar,99.79510498046875,134.38034057617188,152.49871826171875,30
1787281384,894437374,,ui,502.1274108886719,542.7862548828125,550.9400634765625,30
1787281385,894073333,,esp32,100.00455474853516,140.5821533203125,160.24708557128906,30
1787281385,894547130,,lidar,99.78556823730469,134.38034057617188,152.49871826171875,30
1787281385,894636529,,ui,502.1274108886719,542.7862548828125,550.9400634765625,30
1787281386,893680570,,esp32,100.00312042236328,140.5821533203125,160.24708557128906,30
1787281386,893942350,,lidar,99.77459716796875,134.38034057617188,152.49871826171875,30
1787281386,893993587,,ui,501.6740417480469,542.7862548828125,550.9400634765625,30
1787281387,893966666,,esp32,100.00455474853516,140.65060424804688,160.24708557128906,30
1787281387,894472648,,lidar,99.76947021484375,134.01779174804688,152.49871826171875,30
1787281387,894570555,,ui,501.43218994140625,565.7924194335938,587.1653442382812,30
1787281388,893566398,,esp32,100.00634002685547,140.58181762695312,160.24708557128906,30
1787281388,893748085,,lidar,99.78341674804688,131.7088623046875,138.61703491210938,30
1787281388,893776597,,ui,501.43218994140625,565.7924194335938,587.1653442382812,30
1787281389,894199658,,esp32,100.00634002685547,140.4645233154297,140.68341064453125,30
1787281389,895019175,,lidar,99.76947021484375,134.01779174804688,153.9275665283203,30
1787281389,895198413,,ui,501.6740417480469,565.7924194335938,587.1653442382812,30
1787281390,893916562,,esp32,100.00634002685547,140.4645233154297,140.68341064453125,30
1787281390,894414228,,lidar,99.79510498046875,134.01412963867188,153.9275665283203,30
1787281390,894527321,,ui,501.43218994140625,565.7924194335938,587.1653442382812,30
1787281391,894057475,,esp32,100.00634002685547,140.4645233154297,140.68341064453125,30
1787281391,894835666,,lidar,99.79510498046875,134.01412963867188,153.9275665283203,30
1787281391,895026156,,ui,501.5043029785156,565.7924194335938,587.1653442382812,30
1787281392,894303316,,esp32,100.00729370117188,140.4645233154297,140.68341064453125,30
1787281392,895191019,,lidar,99.79510498046875,134.01412963867188,153.9275665283203,30
1787281392,895383182,,ui,501.5043029785156,565.7924194335938,587.1653442382812,30
1787281393,893961941,,esp32,100.01123046875,140.4645233154297,140.68341064453125,30
1787281393,894491437,,lidar,99.80988311767578,134.01412963867188,153.9275665283203,30
1787281393,894604917,,ui,501.04583740234375,565.7924194335938,587.1653442382812,30
1787281394,894037148,,esp32,100.01123046875,140.4645233154297,140.68341064453125,30
1787281394,894490939,,lidar,99.79510498046875,134.01412963867188,153.9275665283203,30
1787281394,894578751,,ui,501.04583740234375,565.7924194335938,587.1653442382812,30
1787281395,893666675,,esp32,100.00455474853516,140.4645233154297,140.68341064453125,30
1787281395,894019372,,lidar,99.79510498046875,134.01412963867188,153.9275665283203,30
1787281395,894094190,,ui,501.04583740234375,565.7924194335938,587.1653442382812,30
1787281396,893984548,,esp32,100.00157165527344,140.4645233154297,140.68341064453125,30
1787281396,894530830,,lidar,99.79724884033203,134.01412963867188,153.9275665283203,30
1787281396,894631649,,ui,501.04583740234375,565.7924194335938,587.1653442382812,30
1787281397,894268057,,esp32,100.00157165527344,140.4645233154297,140.68341064453125,30
1787281397,895122962,,lidar,99.80988311767578,134.01412963867188,153.9275665283203,30
1787281397,895315756,,ui,501.04583740234375,565.7924194335938,587.1653442382812,30
1787281398,893954320,,esp32,99.99919128417969,140.4645233154297,140.68341064453125,30
1787281398,894542790,,lidar,99.81393432617188,134.01412963867188,153.9275665283203,30
1787281398,894660879,,ui,501.04583740234375,565.7924194335938,587.1653442382812,30
1787281399,893531339,,esp32,99.99835205078125,140.4645233154297,140.68341064453125,30
1787281399,893695363,,lidar,99.80988311767578,134.01412963867188,153.9275665283203,30
1787281399,893722511,,ui,501.04583740234375,565.7924194335938,587.1653442382812,30
1787281400,893896953,,esp32,99.99871063232422,140.4645233154297,140.68341064453125,30
1787281400,894360061,,lidar,99.8136978149414,134.01412963867188,153.9275665283203,30
1787281400,894461050,,ui,501.2905578613281,565.7924194335938,587.1653442382812,30
1787281401,893977317,,esp32,99.99835205078125,140.4645233154297,140.68341064453125,30
1787281401,894425555,,lidar,99.81393432617188,134.01412963867188,153.9275665283203,30
1787281401,894525457,,ui,501.2905578613281,565.7924194335938,587.1653442382812,30
1787281402,894223149,,esp32,99.99835205078125,140.39065551757812,140.68341064453125,30
1787281402,894743581,,lidar,99.80988311767578,134.15170288085938,153.9275665283203,30
1787281402,894835412,,ui,502.1302795410156,565.7924194335938,587.1653442382812,30
1787281403,893611694,,esp32,100.00157165527344,140.28866577148438,140.6502685546875,30
1787281403,893867904,,lidar,99.81250762939453,134.15170288085938,153.9275665283203,30
1787281403,893924210,,ui,501.2905578613281,568.7322387695312,587.1653442382812,30
1787281404,894009268,,esp32,100.00157165527344,140.28793334960938,140.6502685546875,30
1787281404,894546648,,lidar,99.80988311767578,134.01412963867188,153.9275665283203,30
1787281404,894637963,,ui,500.8155212402344,568.7322387695312,587.1653442382812,30
1787281405,893958495,,esp32,99.99835205078125,140.28793334960938,140.6502685546875,30
1787281405,894450020,,lidar,99.81965637207031,134.01412963867188,153.9275665283203,30
1787281405,894542588,,ui,501.2905578613281,568.7322387695312,587.1653442382812,30
