1787128154,688894132,,esp32,99.99716186523438,120.17198944091797,120.21064758300781,30
1787128154,688944488,,lidar,100.03685760498047,244.29190063476562,292.2103271484375,30
1787128154,688948754,,ui,0.0,0.0,0.0,0
1787128155,689052362,,esp32,99.990966796875,120.1957015991211,120.29791259765625,30
1787128155,689142844,,lidar,100.03685760498047,290.18768310546875,299.1640625,30
1787128155,689151789,,ui,0.0,0.0,0.0,0
1787128156,689043314,,esp32,99.98774719238281,120.19297790527344,120.29791259765625,30
1787128156,689164341,,lidar,100.0020523071289,289.8738098144531,299.1640625,30
1787128156,689176191,,ui,0.0,0.0,0.0,0
1787128157,689055094,,esp32,99.990966796875,120.19026184082031,120.29791259765625,30
1787128157,689204761,,lidar,99.99322509765625,289.5599670410156,299.1640625,30
1787128157,689226031,,ui,0.0,0.0,0.0,0
1787128158,689151221,,esp32,99.990966796875,120.18754577636719,120.29791259765625,30
1787128158,689326095,,lidar,99.99322509765625,289.2112121582031,299.1640625,30
1787128158,689347917,,ui,0.0,0.0,0.0,0
1787128159,689165634,,esp32,99.990966796875,120.18482971191406,120.29791259765625,30
1787128159,689354309,,lidar,100.01873779296875,288.8973693847656,299.1640625,30
1787128159,689380143,,ui,0.0,0.0,0.0,0
1787128160,689123366,,esp32,99.990966796875,120.18218994140625,120.29791259765625,30
1787128160,689287485,,lidar,100.0020523071289,284.7058410644531,299.1640625,30
1787128160,689295293,,ui,0.0,0.0,0.0,0
1787128161,689206218,,esp32,99.99716186523438,120.17964172363281,120.29791259765625,30
1787128161,689344161,,lidar,99.98440551757812,276.6715087890625,299.1640625,30
1787128161,689353896,,ui,0.0,0.0,0.0,0
1787128162,689042778,,esp32,99.99716186523438,120.17709350585938,120.29791259765625,30
1787128162,689189037,,lidar,99.93672180175781,268.6371765136719,299.1640625,30
1787128162,689207064,,ui,0.0,0.0,0.0,0
1787128163,689156535,,esp32,99.990966796875,120.1745376586914,120.29791259765625,30
1787128163,689331164,,lidar,99.98440551757812,260.60284423828125,299.1640625,30
1787128163,689352449,,ui,0.0,0.0,0.0,0
1787128164,689107507,,esp32,99.990966796875,120.17198944091797,120.29791259765625,30
1787128164,689286047,,lidar,100.01873779296875,252.5685272216797,299.1640625,30
1787128164,689308438,,ui,0.0,0.0,0.0,0
1787128165,689066498,,esp32,99.990966796875,120.16943359375,120.29791259765625,30
1787128165,689193283,,lidar,100.01873779296875,244.53421020507812,299.1640625,30
1787128165,689201074,,ui,0.0,0.0,0.0,0
1787128166,689126618,,esp32,99.98881530761719,120.16688537597656,120.29791259765625,30
1787128166,689265059,,lidar,100.03173065185547,236.4998779296875,299.1640625,30
1787128166,689273852,,ui,0.0,0.0,0.0,0
1787128167,689140494,,esp32,99.98881530761719,120.16433715820312,120.29791259765625,30
1787128167,689267121,,lidar,100.05927276611328,228.46556091308594,299.1640625,30
1787128167,689279799,,ui,0.0,0.0,0.0,0
1787128168,689103831,,esp32,99.98881530761719,120.16178131103516,120.29791259765625,30
1787128168,689267462,,lidar,100.08049011230469,222.84153747558594,299.1640625,30
1787128168,689284025,,ui,0.0,0.0,0.0,0
1787128169,689027528,,esp32,99.98643493652344,120.15923309326172,120.29791259765625,30
1787128169,689204527,,lidar,100.03173065185547,200.96827697753906,299.1640625,30
1787128169,689222549,,ui,0.0,0.0,0.0,0
1787128170,689051679,,esp32,99.9968032836914,120.15821075439453,120.29791259765625,30
1787128170,689237408,,lidar,100.026611328125,206.39639282226562,299.1640625,30
1787128170,689255953,,ui,0.0,0.0,0.0,0
1787128171,689093929,,esp32,99.98881530761719,119.9056396484375,120.29791259765625,30
1787128171,689277981,,lidar,100.0020523071289,206.3733367919922,299.1640625,30
1787128171,689299329,,ui,0.0,0.0,0.0,0
1787128172,688891767,,esp32,99.98368835449219,119.9056396484375,120.29791259765625,30
1787128172,688942921,,lidar,100.01873779296875,206.3733367919922,299.1640625,30
1787128172,688945724,,ui,0.0,0.0,0.0,0
1787128173,689179250,,esp32,99.98368835449219,119.9056396484375,120.29791259765625,30
1787128173,689430987,,lidar,99.89237976074219,206.3733367919922,299.1640625,30
1787128173,689456061,,ui,0.0,0.0,0.0,0
1787128174,689087326,,esp32,99.98703002929688,119.9056396484375,120.29791259765625,30
1787128174,689254609,,lidar,99.88689422607422,206.39639282226562,299.1640625,30
1787128174,689271067,,ui,0.0,0.0,0.0,0
1787128175,689119901,,esp32,99.98810577392578,119.9056396484375,120.29791259765625,30
1787128175,689291006,,lidar,99.89785766601562,206.39639282226562,299.1640625,30
1787128175,689306133,,ui,0.0,0.0,0.0,0
1787128176,689067030,,esp32,99.98703002929688,120.15821075439453,120.29791259765625,30
1787128176,689230791,,lidar,99.78341674804688,206.3733367919922,299.1640625,30
1787128176,689247172,,ui,0.0,0.0,0.0,0
1787128177,689088655,,esp32,99.9898910522461,119.90589141845703,120.29791259765625,30
1787128177,689229642,,lidar,99.7781753540039,206.39639282226562,299.1640625,30
1787128177,689243008,,ui,0.0,0.0,0.0,0
1787128178,689148552,,esp32,99.9898910522461,119.76453399658203,120.29791259765625,30
1787128178,689406370,,lidar,99.78341674804688,206.32720947265625,299.1640625,30
1787128178,689428707,,ui,0.0,0.0,0.0,0
1787128179,689133800,,esp32,99.99239349365234,119.76453399658203,120.29791259765625,30
1787128179,689384773,,lidar,99.88689422607422,206.3502655029297,299.1640625,30
1787128179,689407144,,ui,0.0,0.0,0.0,0
1787128180,689185669,,esp32,99.99609375,119.76453399658203,120.29791259765625,30
1787128180,689465183,,lidar,99.78866577148438,206.3502655029297,299.1640625,30
1787128180,689490378,,ui,0.0,0.0,0.0,0
1787128181,689171374,,esp32,99.99859619140625,119.76453399658203,120.29791259765625,30
1787128181,689368876,,lidar,99.77650451660156,206.3733367919922,299.1640625,30
1787128181,689388704,,ui,0.0,0.0,0.0,0
1787128182,689161340,,esp32,99.99609375,119.76453399658203,120.29791259765625,30
1787128182,689363072,,lidar,99.78341674804688,206.3733367919922,299.1640625,30
1787128182,689382766,,ui,0.0,0.0,0.0,0
1787128183,689157806,,esp32,99.99609375,119.76453399658203,120.29791259765625,30
1787128183,689359915,,lidar,99.79080963134766,206.3733367919922,299.1640625,30
1787128183,689379644,,ui,0.0,0.0,0.0,0
1787128184,689111556,,esp32,99.98810577392578,101.2398681640625,120.29791259765625,30
1787128184,689295350,,lidar,99.79080963134766,200.0716552734375,299.1640625,30
1787128184,689307037,,ui,0.0,0.0,0.0,0
1787128185,689091616,,esp32,99.99609375,101.2398681640625,120.21517944335938,30
1787128185,689275207,,lidar,99.78341674804688,198.718017578125,208.37974548339844,30
1787128185,689293443,,ui,0.0,0.0,0.0,0
1787128186,689163518,,esp32,99.99609375,119.7633285522461,120.21517944335938,30
1787128186,689452365,,lidar,99.83992767333984,198.718017578125,208.37974548339844,30
1787128186,689474844,,ui,0.0,0.0,0.0,0
1787128187,688841394,,esp32,99.99609375,119.7633285522461,120.21517944335938,30
1787128187,688923387,,lidar,99.79295349121094,197.01966857910156,206.07351684570312,30
1787128187,688930632,,ui,0.0,0.0,0.0,0
1787128188,688995928,,esp32,99.98810577392578,119.7633285522461,120.21517944335938,30
1787128188,689170765,,lidar,99.83992767333984,198.718017578125,206.07351684570312,30
1787128188,689187636,,ui,0.0,0.0,0.0,0
1787128189,688998112,,esp32,99.99609375,119.78260040283203,120.21517944335938,30
1787128189,689184606,,lidar,99.79295349121094,198.7113037109375,206.07351684570312,30
1787128189,689203549,,ui,0.0,0.0,0.0,0
1787128190,689112712,,esp32,99.99728393554688,119.82367706298828,120.21517944335938,30
1787128190,689378427,,lidar,99.88689422607422,198.7113037109375,206.07351684570312,30
1787128190,689400446,,ui,0.0,0.0,0.0,0
1787128191,689035064,,esp32,99.99609375,119.82367706298828,120.21517944335938,30
1787128191,689238611,,lidar,100.01349639892578,198.7113037109375,206.07351684570312,30
1787128191,689259854,,ui,0.0,0.0,0.0,0
1787128192,688973192,,esp32,99.99728393554688,120.08230590820312,120.21517944335938,30
1787128192,689144847,,lidar,100.08955383300781,199.4274139404297,206.07351684570312,30
1787128192,689162070,,ui,0.0,0.0,0.0,0
1787128193,689127486,,esp32,99.99859619140625,120.08230590820312,120.21517944335938,30
1787128193,689415617,,lidar,100.08990478515625,199.4274139404297,206.07351684570312,30
1787128193,689440409,,ui,0.0,0.0,0.0,0
1787128194,689055951,,esp32,99.99859619140625,120.08230590820312,120.21517944335938,30
1787128194,689231341,,lidar,100.01611328125,199.4274139404297,206.07351684570312,30
1787128194,689247860,,ui,0.0,0.0,0.0,0
1787128195,689071650,,esp32,100.00074005126953,120.08230590820312,120.21517944335938,30
1787128195,689258290,,lidar,100.08072662353516,199.43826293945312,206.07351684570312,30
1787128195,689278732,,ui,0.0,0.0,0.0,0
1787128196,689074227,,esp32,100.00228881835938,120.08230590820312,120.21517944335938,30
1787128196,689236573,,lidar,100.08072662353516,199.43826293945312,206.07351684570312,30
1787128196,689249455,,ui,0.0,0.0,0.0,0
1787128197,689069454,,esp32,100.00228881835938,120.08230590820312,120.21517944335938,30
1787128197,689230286,,lidar,99.94483184814453,199.43826293945312,206.07351684570312,30
1787128197,689238318,,ui,0.0,0.0,0.0,0
1787128198,689107611,,esp32,100.00241088867188,120.08820343017578,120.21517944335938,30
1787128198,689403280,,lidar,99.83992767333984,197.12481689453125,206.07351684570312,30
1787128198,689427565,,ui,0.0,0.0,0.0,0
1787128199,689153888,,esp32,100.00312042236328,120.08820343017578,120.21517944335938,30
1787128199,689330717,,lidar,100.00848388671875,197.12481689453125,206.07351684570312,30
1787128199,689346726,,ui,0.0,0.0,0.0,0
1787128200,689091742,,esp32,100.00241088867188,120.08820343017578,120.21517944335938,30
1787128200,689367522,,lidar,100.01349639892578,194.279541015625,202.97360229492188,30
1787128200,689391999,,ui,0.0,0.0,0.0,0
1787128201,689059108,,esp32,100.00312042236328,120.08820343017578,120.21517944335938,30
1787128201,689229485,,lidar,100.12018585205078,196.97303771972656,202.97360229492188,30
1787128201,689245118,,ui,0.0,0.0,0.0,0
1787128202,688949378,,esp32,100.00312042236328,120.08820343017578,120.21517944335938,30
1787128202,689140911,,lidar,100.01611328125,196.97303771972656,202.97360229492188,30
1787128202,689159833,,ui,0.0,0.0,0.0,0
1787128203,688961984,,esp32,100.00466918945312,120.08820343017578,120.21517944335938,30
1787128203,689134492,,lidar,100.18873596191406,196.97303771972656,202.97360229492188,30
1787128203,689152267,,ui,0.0,0.0,0.0,0
1787128204,689101067,,esp32,100.00312042236328,120.08820343017578,120.21517944335938,30
1787128204,689280720,,lidar,100.35574340820312,196.97303771972656,202.97360229492188,30
1787128204,689296966,,ui,0.0,0.0,0.0,0
1787128205,689024375,,esp32,100.00228881835938,120.08820343017578,120.21517944335938,30
1787128205,689198741,,lidar,100.23379516601562,196.97303771972656,202.97360229492188,30
1787128205,689208649,,ui,0.0,0.0,0.0,0
1787128206,689028872,,esp32,100.00241088867188,120.08820343017578,120.3043441772461,30
1787128206,689207890,,lidar,100.48389434814453,196.98672485351562,202.97360229492188,30
1787128206,689217650,,ui,0.0,0.0,0.0,0
1787128207,688930739,,esp32,100.0001449584961,120.08820343017578,120.3043441772461,30
1787128207,689104152,,lidar,100.51750946044922,200.16696166992188,203.96780395507812,30
1787128207,689120302,,ui,0.0,0.0,0.0,0
1787128208,688923923,,esp32,100.00241088867188,120.08820343017578,120.3043441772461,30
1787128208,689134576,,lidar,100.53849029541016,200.16970825195312,203.96780395507812,30
1787128208,689155120,,ui,0.0,0.0,0.0,0
1787128209,689079982,,esp32,100.00241088867188,120.08820343017578,120.3043441772461,30
1787128209,689377112,,lidar,100.51750946044922,200.72109985351562,206.68601989746094,30
1787128209,689406401,,ui,0.0,0.0,0.0,0
1787128210,689012656,,esp32,100.00228881835938,120.14612579345703,120.38493347167969,30
1787128210,689185933,,lidar,100.52442932128906,202.9822540283203,206.68601989746094,30
1787128210,689201982,,ui,0.0,0.0,0.0,0
1787128211,689057127,,esp32,100.00241088867188,120.14612579345703,120.38493347167969,30
1787128211,689237431,,lidar,100.53849029541016,202.9822540283203,206.68601989746094,30
1787128211,689253974,,ui,0.0,0.0,0.0,0
1787128212,688757892,,esp32,100.00241088867188,120.14612579345703,120.38493347167969,30
1787128212,688852645,,lidar,100.73661804199219,202.9822540283203,206.68601989746094,30
1787128212,688859879,,ui,0.0,0.0,0.0,0
1787128213,688973449,,esp32,100.00241088867188,120.17898559570312,120.38493347167969,30
1787128213,689166168,,lidar,100.76415252685547,202.9822540283203,206.68601989746094,30
1787128213,689184131,,ui,0.0,0.0,0.0,0
1787128214,688990453,,esp32,100.00312042236328,120.18515014648438,120.74256134033203,30
1787128214,689165192,,lidar,100.72589111328125,202.9828338623047,206.68601989746094,30
1787128214,689182109,,ui,0.0,0.0,0.0,0
1787128215,688988804,,esp32,100.00241088867188,120.18515014648438,120.74256134033203,30
1787128215,689162370,,lidar,100.6827392578125,202.9828338623047,206.68601989746094,30
1787128215,689178396,,ui,0.0,0.0,0.0,0
1787128216,688927832,,esp32,100.0051498413086,120.26516723632812,120.74256134033203,30
1787128216,689149247,,lidar,100.63565063476562,202.9822540283203,206.68601989746094,30
1787128216,689174023,,ui,0.0,0.0,0.0,0
1787128217,688995361,,esp32,100.0051498413086,120.26516723632812,120.74256134033203,30
1787128217,689241037,,lidar,100.60047912597656,202.9828338623047,206.68601989746094,30
1787128217,689265009,,ui,0.0,0.0,0.0,0
1787128218,688917339,,esp32,100.01671600341797,120.26516723632812,120.74256134033203,30
1787128218,689091726,,lidar,100.57305908203125,202.82945251464844,206.68601989746094,30
1787128218,689108756,,ui,0.0,0.0,0.0,0
1787128219,688890474,,esp32,100.0051498413086,120.26516723632812,120.74256134033203,30
1787128219,689064577,,lidar,100.6072769165039,202.82945251464844,206.68601989746094,30
1787128219,689078975,,ui,0.0,0.0,0.0,0
1787128220,688937602,,esp32,100.0009765625,120.26516723632812,120.74256134033203,30
1787128220,689113582,,lidar,100.70431518554688,202.82945251464844,206.68601989746094,30
1787128220,689130291,,ui,0.0,0.0,0.0,0
1787128221,688961536,,esp32,100.00372314453125,120.26516723632812,120.74256134033203,30
1787128221,689135678,,lidar,100.67677307128906,202.82945251464844,206.68601989746094,30
1787128221,689149836,,ui,0.0,0.0,0.0,0
1787128222,688958711,,esp32,99.99442291259766,120.26516723632812,120.74256134033203,30
1787128222,689145679,,lidar,100.60047912597656,202.82708740234375,206.68601989746094,30
1787128222,689162424,,ui,0.0,0.0,0.0,0
1787128223,688771892,,esp32,99.99453735351562,120.26516723632812,120.74256134033203,30
1787128223,688933385,,lidar,100.5004653930664,202.82470703125,206.68601989746094,30
1787128223,688948439,,ui,0.0,0.0,0.0,0
1787128224,689073884,,esp32,99.99633026123047,120.26516723632812,120.74256134033203,30
1787128224,689267152,,lidar,100.46958923339844,202.82708740234375,206.68601989746094,30
1787128224,689283921,,ui,0.0,0.0,0.0,0
1787128225,688879419,,esp32,99.99453735351562,120.26516723632812,120.74256134033203,30
1787128225,689039552,,lidar,100.28147888183594,202.82232666015625,206.68601989746094,30
1787128225,689054569,,ui,0.0,0.0,0.0,0
1787128226,689010361,,esp32,99.99752044677734,120.26516723632812,120.74256134033203,30
1787128226,689307883,,lidar,100.25334167480469,202.82232666015625,206.68601989746094,30
1787128226,689336326,,ui,0.0,0.0,0.0,0
1787128227,688628874,,esp32,99.99894714355469,120.26516723632812,120.74256134033203,30
1787128227,688691088,,lidar,100.28147888183594,202.82232666015625,206.68601989746094,30
1787128227,688695210,,ui,0.0,0.0,0.0,0
1787128228,688814008,,esp32,99.99633026123047,120.26516723632812,120.74256134033203,30
1787128228,688984600,,lidar,100.25334167480469,202.82232666015625,206.68601989746094,30
1787128228,688999297,,ui,0.0,0.0,0.0,0
1787128229,688813931,,esp32,99.99633026123047,120.26516723632812,120.74256134033203,30
1787128229,688982825,,lidar,100.14080810546875,202.82232666015625,206.68601989746094,30
1787128229,688994390,,ui,0.0,0.0,0.0,0
1787128230,688839079,,esp32,99.99453735351562,120.26516723632812,120.74256134033203,30
1787128230,689003805,,lidar,100.14080810546875,202.82232666015625,206.68601989746094,30
1787128230,689015751,,ui,0.0,0.0,0.0,0
1787128231,688837954,,esp32,99.99311065673828,120.26516723632812,120.74256134033203,30
1787128231,688998666,,lidar,100.09336853027344,202.82232666015625,206.68601989746094,30
1787128231,689013611,,ui,0.0,0.0,0.0,0
1787128232,688640677,,esp32,99.99311065673828,120.26516723632812,120.74256134033203,30
1787128232,688742795,,lidar,100.18873596191406,202.82232666015625,206.68601989746094,30
1787128232,688751073,,ui,0.0,0.0,0.0,0
1787128233,688800124,,esp32,99.99239349365234,120.3051528930664,120.74256134033203,30
1787128233,689000045,,lidar,100.235107421875,202.82470703125,206.68601989746094,30
1787128233,689019054,,ui,0.0,0.0,0.0,0
1787128234,688788717,,esp32,99.99239349365234,120.3051528930664,120.74256134033203,30
1787128234,688952760,,lidar,100.1170883178711,202.82470703125,206.68601989746094,30
1787128234,688967557,,ui,0.0,0.0,0.0,0
1787128235,688718812,,esp32,99.99453735351562,120.3051528930664,120.74256134033203,30
1787128235,688861295,,lidar,100.20148468017578,202.82470703125,206.68601989746094,30
1787128235,688874205,,ui,0.0,0.0,0.0,0
1787128236,688826564,,esp32,99.99251556396484,120.2659683227539,120.74256134033203,30
1787128236,689003692,,lidar,100.14080810546875,202.82232666015625,206.68601989746094,30
1787128236,689017729,,ui,0.0,0.0,0.0,0
1787128237,688797995,,esp32,99.99453735351562,120.2659683227539,120.74256134033203,30
1787128237,688955260,,lidar,100.09336853027344,202.7659454345703,206.68601989746094,30
1787128237,688968777,,ui,0.0,0.0,0.0,0
1787128238,688895129,,esp32,99.99108123779297,120.2659683227539,120.74256134033203,30
1787128238,689169685,,lidar,100.00586700439453,202.765625,206.68601989746094,30
1787128238,689197841,,ui,0.0,0.0,0.0,0
1787128239,688943180,,esp32,99.99108123779297,120.2659683227539,120.74256134033203,30
1787128239,689225070,,lidar,100.06642150878906,202.44720458984375,203.0312957763672,30
1787128239,689255721,,ui,0.0,0.0,0.0,0
1787128240,688923427,,esp32,99.99703979492188,120.2605209350586,120.74256134033203,30
1787128240,689089239,,lidar,100.04925537109375,199.083984375,202.79383850097656,30
1787128240,689101583,,ui,0.0,0.0,0.0,0
1787128241,688886083,,esp32,99.99251556396484,120.2605209350586,120.74256134033203,30
1787128241,689063162,,lidar,99.9796371459961,198.39791870117188,202.76284790039062,30
1787128241,689077715,,ui,0.0,0.0,0.0,0
1787128242,688645384,,esp32,99.99703979492188,120.2605209350586,120.74256134033203,30
1787128242,688751640,,lidar,99.96485900878906,198.39791870117188,202.76284790039062,30
1787128242,688759815,,ui,0.0,0.0,0.0,0
1787128243,688871161,,esp32,99.99453735351562,120.2605209350586,120.74256134033203,30
1787128243,689028953,,lidar,99.95865631103516,199.54052734375,202.76284790039062,30
1787128243,689043151,,ui,0.0,0.0,0.0,0
1787128244,688851605,,esp32,99.9968032836914,120.25505065917969,120.57948303222656,30
1787128244,689008401,,lidar,99.94721221923828,199.0753173828125,200.68002319335938,30
1787128244,689021633,,ui,0.0,0.0,0.0,0
1787128245,688778608,,esp32,99.99453735351562,120.25505065917969,120.57948303222656,30
1787128245,688981655,,lidar,99.94721221923828,199.0753173828125,200.68002319335938,30
1787128245,689001060,,ui,0.0,0.0,0.0,0
1787128246,688878784,,esp32,99.99800109863281,120.16954803466797,120.57948303222656,30
1787128246,689089588,,lidar,99.96176147460938,199.0753173828125,200.68002319335938,30
1787128246,689109387,,ui,0.0,0.0,0.0,0
1787128247,688755577,,esp32,99.99453735351562,120.16954803466797,120.57948303222656,30
1787128247,688924450,,lidar,99.95865631103516,199.07052612304688,200.68002319335938,30
1787128247,688939246,,ui,0.0,0.0,0.0,0
1787128248,688853891,,esp32,99.98881530761719,120.1558609008789,120.57948303222656,30
1787128248,689023220,,lidar,99.95865631103516,198.39791870117188,200.68002319335938,30
1787128248,689036840,,ui,0.0,0.0,0.0,0
1787128249,688899548,,esp32,99.99251556396484,120.1558609008789,120.57948303222656,30
1787128249,689171279,,lidar,99.88117218017578,198.39791870117188,200.68002319335938,30
1787128249,689193807,,ui,0.0,0.0,0.0,0
1787128250,688783424,,esp32,99.99108123779297,120.25505065917969,120.57948303222656,30
1787128250,688951985,,lidar,99.83969116210938,198.39791870117188,200.68002319335938,30
1787128250,688966371,,ui,0.0,0.0,0.0,0
1787128251,688777588,,esp32,99.99251556396484,120.25505065917969,120.57948303222656,30
1787128251,688956410,,lidar,99.82728576660156,198.39791870117188,200.68002319335938,30
1787128251,688971099,,ui,0.0,0.0,0.0,0
1787128252,688780436,,esp32,99.99549102783203,120.25505065917969,120.57948303222656,30
1787128252,688956586,,lidar,99.82728576660156,198.39791870117188,200.68002319335938,30
1787128252,688971768,,ui,0.0,0.0,0.0,0
1787128253,688902238,,esp32,99.99251556396484,120.25505065917969,120.57948303222656,30
1787128253,689212097,,lidar,99.86042785644531,198.40472412109375,200.68002319335938,30
1787128253,689241645,,ui,0.0,0.0,0.0,0
1787128254,688874271,,esp32,99.99251556396484,120.25505065917969,120.57948303222656,30
1787128254,689085386,,lidar,99.88713073730469,198.39791870117188,200.68002319335938,30
1787128254,689102966,,ui,0.0,0.0,0.0,0
1787128255,688723754,,esp32,99.98953247070312,120.26110076904297,120.57948303222656,30
1787128255,688888583,,lidar,99.85518646240234,198.40472412109375,200.68002319335938,30
1787128255,688902087,,ui,0.0,0.0,0.0,0
1787128256,688857835,,esp32,99.98404693603516,120.26110076904297,120.57948303222656,30
1787128256,689139850,,lidar,99.91145324707031,198.40472412109375,200.68002319335938,30
1787128256,689167467,,ui,0.0,0.0,0.0,0
1787128257,688857816,,esp32,99.98274230957031,120.26110076904297,120.57948303222656,30
1787128257,689129017,,lidar,99.95865631103516,198.41152954101562,200.68002319335938,30
1787128257,689152737,,ui,0.0,0.0,0.0,0
1787128258,688848911,,esp32,99.98274230957031,120.26110076904297,120.57948303222656,30
1787128258,689027805,,lidar,99.95865631103516,198.41152954101562,200.68002319335938,30
1787128258,689040524,,ui,0.0,0.0,0.0,0
1787128259,688548585,,esp32,99.98368835449219,120.26110076904297,120.57948303222656,30
1787128259,688609502,,lidar,99.96295166015625,198.41152954101562,200.68002319335938,30
1787128259,688613865,,ui,0.0,0.0,0.0,0
1787128260,688787176,,esp32,99.98464965820312,120.26110076904297,120.57948303222656,30
1787128260,688958309,,lidar,100.12173461914062,198.41152954101562,200.68002319335938,30
1787128260,688971688,,ui,0.0,0.0,0.0,0
1787128261,688854576,,esp32,99.98619842529297,120.26110076904297,120.57948303222656,30
1787128261,689118724,,lidar,99.96295166015625,198.4402618408203,200.68002319335938,30
1787128261,689139611,,ui,0.0,0.0,0.0,0
1787128262,688848458,,esp32,99.98619842529297,120.26110076904297,120.57948303222656,30
1787128262,689128790,,lidar,99.95865631103516,198.4402618408203,200.68002319335938,30
1787128262,689154868,,ui,0.0,0.0,0.0,0
1787128263,688864993,,esp32,99.9908447265625,120.25528717041016,120.32437133789062,30
1787128263,689134673,,lidar,99.9104995727539,194.946044921875,200.68002319335938,30
1787128263,689159245,,ui,0.0,0.0,0.0,0
1787128264,688709462,,esp32,99.99549102783203,120.25528717041016,120.32437133789062,30
1787128264,688882143,,lidar,99.9104995727539,194.946044921875,200.68002319335938,30
1787128264,688894963,,ui,0.0,0.0,0.0,0
1787128265,688860119,,esp32,99.99883270263672,120.25528717041016,120.32437133789062,30
1787128265,689046248,,lidar,99.95865631103516,199.20314025878906,200.68002319335938,30
1787128265,689061087,,ui,0.0,0.0,0.0,0
1787128266,688813638,,esp32,99.99883270263672,120.26110076904297,120.48602294921875,30
1787128266,688992324,,lidar,99.9338607788086,199.20314025878906,200.68002319335938,30
1787128266,689007459,,ui,0.0,0.0,0.0,0
1787128267,688684681,,esp32,99.99620819091797,120.26110076904297,120.48602294921875,30
1787128267,688882216,,lidar,99.88713073730469,199.20314025878906,200.68002319335938,30
1787128267,688900049,,ui,0.0,0.0,0.0,0
1787128268,688791131,,esp32,99.99620819091797,120.32598876953125,139.46580505371094,30
1787128268,688969799,,lidar,99.95865631103516,199.20314025878906,200.68002319335938,30
1787128268,688983322,,ui,0.0,0.0,0.0,0
1787128269,688836887,,esp32,99.99394226074219,120.32598876953125,139.46580505371094,30
1787128269,689030598,,lidar,99.96295166015625,199.20314025878906,200.68002319335938,30
1787128269,689040369,,ui,0.0,0.0,0.0,0
1787128270,688820360,,esp32,99.98870086669922,120.32598876953125,139.46580505371094,30
1787128270,688996954,,lidar,100.06427764892578,199.20314025878906,200.68002319335938,30
1787128270,689009008,,ui,0.0,0.0,0.0,0
1787128271,688915370,,esp32,99.99394226074219,120.32598876953125,139.46580505371094,30
1787128271,689206337,,lidar,100.06427764892578,199.20314025878906,200.68002319335938,30
1787128271,689234555,,ui,0.0,0.0,0.0,0
1787128272,688800374,,esp32,99.98870086669922,120.32598876953125,139.46580505371094,30
1787128272,689083742,,lidar,100.12149810791016,199.55091857910156,200.68002319335938,30
1787128272,689110488,,ui,0.0,0.0,0.0,0
1787128273,688814357,,esp32,99.99334716796875,120.32598876953125,139.46580505371094,30
1787128273,689009966,,lidar,100.12149810791016,199.8841094970703,202.24046325683594,30
1787128273,689024330,,ui,0.0,0.0,0.0,0
1787128274,688759196,,esp32,99.99334716796875,120.48678588867188,139.46580505371094,30
1787128274,688943059,,lidar,100.12173461914062,199.89222717285156,202.24046325683594,30
1787128274,688954866,,ui,0.0,0.0,0.0,0
1787128275,688735834,,esp32,99.99406433105469,120.56279754638672,139.46580505371094,30
1787128275,688919130,,lidar,100.17060852050781,200.66722106933594,202.24046325683594,30
1787128275,688928443,,ui,0.0,0.0,0.0,0
1787128276,688747137,,esp32,99.99108123779297,120.56279754638672,139.46580505371094,30
1787128276,688920498,,lidar,100.24797821044922,200.66722106933594,202.24046325683594,30
1787128276,688935907,,ui,0.0,0.0,0.0,0
1787128277,688682386,,esp32,99.99334716796875,120.56279754638672,139.46580505371094,30
1787128277,688848351,,lidar,100.27813720703125,200.9758758544922,203.5980224609375,30
1787128277,688861354,,ui,0.0,0.0,0.0,0
1787128278,688763457,,esp32,99.99525451660156,120.56279754638672,139.46580505371094,30
1787128278,689006835,,lidar,100.24797821044922,200.9758758544922,203.5980224609375,30
1787128278,689031487,,ui,0.0,0.0,0.0,0
1787128279,688784703,,esp32,99.99406433105469,120.56279754638672,139.46580505371094,30
1787128279,688979993,,lidar,100.21949005126953,200.97911071777344,203.5980224609375,30
1787128279,688998991,,ui,0.0,0.0,0.0,0
1787128280,688868683,,esp32,99.99334716796875,120.56279754638672,139.46580505371094,30
1787128280,689185217,,lidar,100.17060852050781,201.39022827148438,304.99554443359375,30
1787128280,689216970,,ui,0.0,0.0,0.0,0
1787128281,688761102,,esp32,99.99215698242188,120.56279754638672,139.46580505371094,30
1787128281,688947380,,lidar,100.30424499511719,201.39022827148438,304.99554443359375,30
1787128281,688961648,,ui,0.0,0.0,0.0,0
1787128282,688745485,,esp32,99.9900131225586,120.58672332763672,139.46580505371094,30
1787128282,688922184,,lidar,100.27647399902344,201.40000915527344,304.99554443359375,30
1787128282,688937794,,ui,0.0,0.0,0.0,0
1787128283,688716574,,esp32,99.99227905273438,120.58672332763672,139.46580505371094,30
1787128283,688932810,,lidar,100.21949005126953,202.43052673339844,304.99554443359375,30
1787128283,688954037,,ui,0.0,0.0,0.0,0
1787128284,688713839,,esp32,99.98881530761719,120.58672332763672,139.46580505371094,30
1787128284,688893158,,lidar,100.21949005126953,202.43052673339844,304.99554443359375,30
1787128284,688906936,,ui,0.0,0.0,0.0,0
1787128285,688703750,,esp32,99.9900131225586,120.58672332763672,139.46580505371094,30
1787128285,688889307,,lidar,100.33202362060547,202.43052673339844,304.99554443359375,30
1787128285,688910357,,ui,0.0,0.0,0.0,0
1787128286,688683248,,esp32,99.9900131225586,120.58672332763672,139.46580505371094,30
1787128286,688858474,,lidar,100.27647399902344,202.43052673339844,304.99554443359375,30
1787128286,688871825,,ui,0.0,0.0,0.0,0
1787128287,688692697,,esp32,99.9900131225586,120.58672332763672,139.46580505371094,30
1787128287,688882708,,lidar,100.17037200927734,202.4169464111328,304.99554443359375,30
1787128287,688899817,,ui,0.0,0.0,0.0,0
1787128288,688625850,,esp32,99.99215698242188,120.59980010986328,140.42019653320312,30
1787128288,688812013,,lidar,100.24797821044922,202.4169464111328,304.99554443359375,30
1787128288,688826753,,ui,0.0,0.0,0.0,0
1787128289,688805691,,esp32,99.9900131225586,120.59980010986328,140.42019653320312,30
1787128289,689102669,,lidar,100.24797821044922,202.4169464111328,304.99554443359375,30
1787128289,689132773,,ui,0.0,0.0,0.0,0
1787128290,688670372,,esp32,99.99215698242188,120.59980010986328,140.42019653320312,30
1787128290,688848001,,lidar,100.24797821044922,202.4169464111328,304.99554443359375,30
1787128290,688861210,,ui,0.0,0.0,0.0,0
1787128291,688743944,,esp32,99.9900131225586,120.59980010986328,140.42019653320312,30
1787128291,689032501,,lidar,100.30424499511719,202.4169464111328,304.99554443359375,30
1787128291,689062694,,ui,0.0,0.0,0.0,0
1787128292,688774113,,esp32,99.99334716796875,120.59980010986328,140.42019653320312,30
1787128292,689127838,,lidar,100.30424499511719,202.4169464111328,304.99554443359375,30
1787128292,689158769,,ui,0.0,0.0,0.0,0
1787128293,688608871,,esp32,99.9900131225586,120.59980010986328,140.42019653320312,30
1787128293,688787326,,lidar,100.35574340820312,203.69664001464844,304.99554443359375,30
1787128293,688803008,,ui,0.0,0.0,0.0,0
1787128294,688744750,,esp32,99.9898910522461,120.59980010986328,140.42019653320312,30
1787128294,688928937,,lidar,100.30424499511719,203.69664001464844,304.99554443359375,30
1787128294,688944276,,ui,0.0,0.0,0.0,0
1787128295,688687733,,esp32,99.9898910522461,120.98272705078125,140.42019653320312,30
1787128295,688862888,,lidar,100.23760986328125,203.69664001464844,304.99554443359375,30
1787128295,688871931,,ui,0.0,0.0,0.0,0
1787128296,688510191,,esp32,99.98583984375,120.98272705078125,140.42019653320312,30
1787128296,688697409,,lidar,100.35574340820312,203.69664001464844,304.99554443359375,30
1787128296,688716003,,ui,0.0,0.0,0.0,0
1787128297,688592623,,esp32,99.99334716796875,120.98272705078125,140.42019653320312,30
1787128297,688812757,,lidar,100.4586181640625,203.70423889160156,304.99554443359375,30
1787128297,688836576,,ui,0.0,0.0,0.0,0
1787128298,688618056,,esp32,99.99215698242188,120.59980010986328,140.42019653320312,30
1787128298,688861364,,lidar,100.37947082519531,203.70423889160156,304.99554443359375,30
1787128298,688886813,,ui,0.0,0.0,0.0,0
1787128299,688683958,,esp32,99.9898910522461,120.59980010986328,140.42019653320312,30
1787128299,688901418,,lidar,100.33202362060547,203.70423889160156,304.99554443359375,30
1787128299,688923176,,ui,0.0,0.0,0.0,0
1787128300,688678206,,esp32,99.99334716796875,120.59980010986328,140.42019653320312,30
1787128300,688871880,,lidar,100.19874572753906,203.70423889160156,304.99554443359375,30
1787128300,688885624,,ui,0.0,0.0,0.0,0
1787128301,688806394,,esp32,99.9898910522461,120.59980010986328,140.42019653320312,30
1787128301,689103403,,lidar,100.19874572753906,203.70423889160156,304.99554443359375,30
1787128301,689132458,,ui,0.0,0.0,0.0,0
1787128302,688672316,,esp32,99.99215698242188,120.59980010986328,140.42019653320312,30
1787128302,688850334,,lidar,99.99919128417969,203.69664001464844,304.99554443359375,30
1787128302,688865450,,ui,0.0,0.0,0.0,0
1787128303,688599674,,esp32,99.99215698242188,120.8641586303711,140.42019653320312,30
1787128303,688775465,,lidar,99.95996856689453,203.6814727783203,304.99554443359375,30
1787128303,688788651,,ui,0.0,0.0,0.0,0
1787128304,688668397,,esp32,99.9898910522461,120.8641586303711,140.42019653320312,30
1787128304,688869985,,lidar,99.97105407714844,203.67388916015625,304.99554443359375,30
1787128304,688886123,,ui,0.0,0.0,0.0,0
1787128305,688796961,,esp32,99.9898910522461,120.8641586303711,140.42019653320312,30
1787128305,689097056,,lidar,99.9714126586914,203.6663055419922,304.99554443359375,30
1787128305,689127521,,ui,0.0,0.0,0.0,0
1787128306,688811359,,esp32,99.99215698242188,120.8641586303711,140.42019653320312,30
1787128306,689133486,,lidar,99.93779754638672,203.6663055419922,304.99554443359375,30
1787128306,689165352,,ui,0.0,0.0,0.0,0
1787128307,688654769,,esp32,99.99847412109375,120.8641586303711,140.42019653320312,30
1787128307,688870142,,lidar,99.89344787597656,200.73826599121094,304.99554443359375,30
1787128307,688887720,,ui,0.0,0.0,0.0,0
1787128308,688640468,,esp32,99.99620819091797,120.8641586303711,140.42019653320312,30
1787128308,688827167,,lidar,99.90287017822266,200.73826599121094,304.99554443359375,30
1787128308,688840548,,ui,0.0,0.0,0.0,0
1787128309,688688629,,esp32,99.99620819091797,120.8641586303711,140.42019653320312,30
1787128309,688879740,,lidar,99.93505859375,200.69935607910156,304.99554443359375,30
1787128309,688892913,,ui,0.0,0.0,0.0,0
1787128310,688704600,,esp32,99.99978637695312,120.8641586303711,140.42019653320312,30
1787128310,688898637,,lidar,99.96723937988281,199.37828063964844,205.078125,30
1787128310,688915922,,ui,0.0,0.0,0.0,0
1787128311,688637269,,esp32,99.99978637695312,120.8641586303711,140.42019653320312,30
1787128311,688820981,,lidar,99.86126708984375,199.37828063964844,205.078125,30
1787128311,688834602,,ui,0.0,0.0,0.0,0
1787128312,688632072,,esp32,99.99978637695312,120.66728973388672,140.42019653320312,30
1787128312,688817158,,lidar,99.93505859375,199.3668212890625,205.078125,30
1787128312,688831793,,ui,0.0,0.0,0.0,0
1787128313,688685359,,esp32,100.00074005126953,120.8631820678711,140.42019653320312,30
1787128313,688878246,,lidar,99.87068176269531,197.0930938720703,204.35667419433594,30
1787128313,688890773,,ui,0.0,0.0,0.0,0
1787128314,688667697,,esp32,100.0019302368164,120.8631820678711,140.42019653320312,30
1787128314,688881923,,lidar,99.93505859375,197.0930938720703,204.35667419433594,30
1787128314,688899876,,ui,0.0,0.0,0.0,0
1787128315,688800464,,esp32,100.0019302368164,120.8631820678711,140.42019653320312,30
1787128315,689144446,,lidar,99.85184478759766,197.0930938720703,204.35667419433594,30
1787128315,689176573,,ui,0.0,0.0,0.0,0
1787128316,688739119,,esp32,100.0019302368164,120.8631820678711,140.42019653320312,30
1787128316,688935509,,lidar,99.84993743896484,197.0930938720703,204.35667419433594,30
1787128316,688950263,,ui,0.0,0.0,0.0,0
1787128317,688488302,,esp32,100.0020523071289,120.8631820678711,140.42019653320312,30
1787128317,688662761,,lidar,99.82180786132812,197.0930938720703,204.35667419433594,30
1787128317,688676868,,ui,0.0,0.0,0.0,0
1787128318,688496600,,esp32,100.00479125976562,120.71449279785156,120.99051666259766,30
1787128318,688696962,,lidar,99.83778381347656,197.0930938720703,204.35667419433594,30
1787128318,688711036,,ui,0.0,0.0,0.0,0
1787128319,688632189,,esp32,100.0069351196289,120.71449279785156,120.99051666259766,30
1787128319,688827258,,lidar,99.87068176269531,197.0930938720703,204.35667419433594,30
1787128319,688842736,,ui,0.0,0.0,0.0,0
1787128320,688620058,,esp32,100.00479125976562,120.71449279785156,120.99051666259766,30
1787128320,688809141,,lidar,99.87068176269531,197.0930938720703,204.35667419433594,30
1787128320,688823290,,ui,0.0,0.0,0.0,0
1787128321,688642499,,esp32,100.00479125976562,120.71449279785156,120.99051666259766,30
1787128321,688835861,,lidar,99.82979583740234,128.70811462402344,204.35667419433594,30
1787128321,688849036,,ui,0.0,0.0,0.0,0
1787128322,688602635,,esp32,100.0020523071289,120.71449279785156,120.99051666259766,30
1787128322,688797734,,lidar,99.79891967773438,140.4513397216797,204.35667419433594,30
1787128322,688811495,,ui,0.0,0.0,0.0,0
1787128323,688522706,,esp32,100.00347900390625,120.71449279785156,120.99051666259766,30
1787128323,688707407,,lidar,99.83778381347656,141.05824279785156,203.26995849609375,30
1787128323,688720510,,ui,0.0,0.0,0.0,0
1787128324,688658974,,esp32,100.0020523071289,120.71449279785156,120.99051666259766,30
1787128324,688859463,,lidar,99.87068176269531,141.05824279785156,203.26995849609375,30
1787128324,688872666,,ui,0.0,0.0,0.0,0
1787128325,688661167,,esp32,100.00169372558594,120.67428588867188,120.88489532470703,30
1787128325,688863406,,lidar,99.83778381347656,141.01278686523438,203.26995849609375,30
1787128325,688878202,,ui,0.0,0.0,0.0,0
1787128326,688542077,,esp32,100.00300598144531,120.71449279785156,120.94879150390625,30
1787128326,688714836,,lidar,99.82979583740234,198.09933471679688,203.26995849609375,30
1787128326,688729513,,ui,0.0,0.0,0.0,0
1787128327,688567556,,esp32,100.0020523071289,120.71449279785156,120.94879150390625,30
1787128327,688780573,,lidar,99.87068176269531,141.0092010498047,203.26995849609375,30
1787128327,688800789,,ui,0.0,0.0,0.0,0
1787128328,688373956,,esp32,100.00300598144531,120.71449279785156,120.94879150390625,30
1787128328,688509118,,lidar,99.87068176269531,141.0092010498047,203.26995849609375,30
1787128328,688520119,,ui,0.0,0.0,0.0,0
1787128329,688575894,,esp32,100.00419616699219,120.71449279785156,120.94879150390625,30
1787128329,688762901,,lidar,99.82180786132812,141.0092010498047,203.26995849609375,30
1787128329,688777164,,ui,0.0,0.0,0.0,0
1787128330,688550391,,esp32,100.00276184082031,120.71449279785156,120.94879150390625,30
1787128330,688856943,,lidar,99.80750274658203,141.0092010498047,203.26995849609375,30
1787128330,688885476,,ui,0.0,0.0,0.0,0
1787128331,688449563,,esp32,100.00276184082031,120.71449279785156,120.94879150390625,30
1787128331,688685132,,lidar,99.82180786132812,141.0092010498047,203.26995849609375,30
1787128331,688705753,,ui,0.0,0.0,0.0,0
1787128332,688603456,,esp32,100.00276184082031,120.71449279785156,120.94879150390625,30
1787128332,688912887,,lidar,99.92552185058594,184.9613800048828,203.26995849609375,30
1787128332,688939202,,ui,0.0,0.0,0.0,0
1787128333,688544731,,esp32,100.00276184082031,120.67428588867188,120.94879150390625,30
1787128333,688738491,,lidar,99.97725677490234,196.54420471191406,203.26995849609375,30
1787128333,688753599,,ui,0.0,0.0,0.0,0
1787128334,688620562,,esp32,100.00431823730469,120.67428588867188,120.94879150390625,30
1787128334,688823980,,lidar,100.00479125976562,198.10113525390625,203.26995849609375,30
1787128334,688840382,,ui,0.0,0.0,0.0,0
1787128335,688600973,,esp32,100.00872802734375,120.67428588867188,120.94879150390625,30
1787128335,688800739,,lidar,99.96497344970703,198.10113525390625,203.26995849609375,30
1787128335,688815482,,ui,0.0,0.0,0.0,0
1787128336,688624103,,esp32,100.00025939941406,120.67428588867188,120.94879150390625,30
1787128336,688814099,,lidar,99.92552185058594,198.10113525390625,203.26995849609375,30
1787128336,688829532,,ui,0.0,0.0,0.0,0
1787128337,688562427,,esp32,99.99656677246094,120.67428588867188,120.94879150390625,30
1787128337,688759838,,lidar,100.07679748535156,198.10113525390625,203.26995849609375,30
1787128337,688774780,,ui,0.0,0.0,0.0,0
1787128338,688621737,,esp32,99.99835205078125,120.67428588867188,120.94879150390625,30
1787128338,688833270,,lidar,100.03233337402344,198.10203552246094,203.26995849609375,30
1787128338,688849896,,ui,0.0,0.0,0.0,0
1787128339,688576519,,esp32,99.99942779541016,120.67428588867188,120.94879150390625,30
1787128339,688765204,,lidar,100.03233337402344,198.10203552246094,203.26995849609375,30
1787128339,688779949,,ui,0.0,0.0,0.0,0
1787128340,688549707,,esp32,99.99942779541016,120.67428588867188,120.94879150390625,30
1787128340,688739475,,lidar,100.03233337402344,198.10203552246094,203.26995849609375,30
1787128340,688755140,,ui,0.0,0.0,0.0,0
1787128341,688579950,,esp32,99.99859619140625,120.67428588867188,120.94879150390625,30
1787128341,688769106,,lidar,100.11541748046875,198.2394256591797,203.26995849609375,30
1787128341,688782593,,ui,0.0,0.0,0.0,0
1787128342,688387713,,esp32,99.99823760986328,120.67428588867188,120.94879150390625,30
1787128342,688569331,,lidar,99.99764251708984,198.2394256591797,203.26995849609375,30
1787128342,688586800,,ui,0.0,0.0,0.0,0
1787128343,688544789,,esp32,99.99823760986328,120.654541015625,120.94879150390625,30
1787128343,688733756,,lidar,99.97725677490234,198.9900360107422,205.4870147705078,30
1787128343,688748408,,ui,0.0,0.0,0.0,0
1787128344,688529726,,esp32,99.99823760986328,120.654541015625,120.94879150390625,30
1787128344,688718591,,lidar,99.95269775390625,198.9900360107422,205.4870147705078,30
1787128344,688733642,,ui,0.0,0.0,0.0,0
1787128345,688551539,,esp32,99.99823760986328,120.654541015625,120.94879150390625,30
1787128345,688738882,,lidar,99.99764251708984,199.00979614257812,205.4870147705078,30
1787128345,688748185,,ui,0.0,0.0,0.0,0
1787128346,688585345,,esp32,99.99859619140625,120.654541015625,120.94879150390625,30
1787128346,688776174,,lidar,100.02517700195312,201.0934600830078,206.80474853515625,30
1787128346,688790807,,ui,0.0,0.0,0.0,0
1787128347,688414250,,esp32,99.99930572509766,120.654541015625,120.94879150390625,30
1787128347,688628679,,lidar,100.02517700195312,201.0934600830078,206.80474853515625,30
1787128347,688646514,,ui,0.0,0.0,0.0,0
1787128348,688487950,,esp32,99.99716186523438,120.59982299804688,120.94879150390625,30
1787128348,688706260,,lidar,100.09789276123047,201.0934600830078,206.80474853515625,30
1787128348,688724844,,ui,0.0,0.0,0.0,0
1787128349,688485532,,esp32,99.99716186523438,120.59982299804688,120.94879150390625,30
1787128349,688710119,,lidar,100.16226959228516,201.0934600830078,206.80474853515625,30
1787128349,688729785,,ui,0.0,0.0,0.0,0
1787128350,688590376,,esp32,99.99716186523438,120.59982299804688,120.94879150390625,30
1787128350,688799159,,lidar,100.10957336425781,201.11846923828125,206.80474853515625,30
1787128350,688815596,,ui,0.0,0.0,0.0,0
1787128351,688665682,,esp32,99.99930572509766,120.29124450683594,120.94879150390625,30
1787128351,689006689,,lidar,100.10957336425781,201.11846923828125,206.80474853515625,30
1787128351,689037451,,ui,0.0,0.0,0.0,0
1787128352,688535664,,esp32,100.0009765625,120.29124450683594,120.94879150390625,30
1787128352,688841060,,lidar,100.21495819091797,201.11846923828125,206.80474853515625,30
1787128352,688867411,,ui,0.0,0.0,0.0,0
1787128353,688584305,,esp32,100.00276184082031,120.25556182861328,120.94879150390625,30
1787128353,688822389,,lidar,100.05927276611328,199.04930114746094,206.80474853515625,30
1787128353,688842220,,ui,0.0,0.0,0.0,0
1787128354,688530753,,esp32,99.99930572509766,120.2886734008789,120.94879150390625,30
1787128354,688749968,,lidar,100.08621215820312,200.75778198242188,206.80474853515625,30
1787128354,688768080,,ui,0.0,0.0,0.0,0
1787128355,688509845,,esp32,99.99930572509766,120.34314727783203,120.94879150390625,30
1787128355,688698944,,lidar,100.03233337402344,201.42886352539062,210.90579223632812,30
1787128355,688717268,,ui,0.0,0.0,0.0,0
1787128356,688472369,,esp32,99.99930572509766,120.2886734008789,120.59927368164062,30
1787128356,688658840,,lidar,99.99764251708984,201.3816680908203,210.90579223632812,30
1787128356,688672381,,ui,0.0,0.0,0.0,0
1787128357,688504070,,esp32,100.00169372558594,120.2886734008789,120.59927368164062,30
1787128357,688817267,,lidar,99.92849731445312,201.3816680908203,210.90579223632812,30
1787128357,688850361,,ui,0.0,0.0,0.0,0
1787128358,688468151,,esp32,100.0008544921875,120.26476287841797,120.47863006591797,30
1787128358,688655283,,lidar,99.92849731445312,201.3816680908203,210.90579223632812,30
1787128358,688668418,,ui,0.0,0.0,0.0,0
1787128359,688351934,,esp32,99.99930572509766,120.26476287841797,120.47863006591797,30
1787128359,688541542,,lidar,100.05927276611328,201.3816680908203,210.90579223632812,30
1787128359,688556625,,ui,0.0,0.0,0.0,0
1787128360,688404198,,esp32,99.99930572509766,120.26476287841797,120.47863006591797,30
1787128360,688597886,,lidar,100.12626647949219,201.3816680908203,210.90579223632812,30
1787128360,688613107,,ui,0.0,0.0,0.0,0
1787128361,688446270,,esp32,99.99656677246094,120.26476287841797,120.47863006591797,30
1787128361,688638484,,lidar,100.12626647949219,201.3816680908203,210.90579223632812,30
1787128361,688654879,,ui,0.0,0.0,0.0,0
1787128362,688432494,,esp32,99.995849609375,120.2496566772461,120.47863006591797,30
1787128362,688714099,,lidar,100.08621215820312,201.33448791503906,210.90579223632812,30
1787128362,688743028,,ui,0.0,0.0,0.0,0
1787128363,688310426,,esp32,99.99513244628906,120.2496566772461,120.47863006591797,30
1787128363,688526568,,lidar,100.10957336425781,201.33448791503906,210.90579223632812,30
1787128363,688544805,,ui,0.0,0.0,0.0,0
1787128364,688484401,,esp32,99.99513244628906,120.2496566772461,120.47863006591797,30
1787128364,688794527,,lidar,100.02445983886719,201.28729248046875,210.90579223632812,30
1787128364,688820872,,ui,0.0,0.0,0.0,0
1787128365,688545321,,esp32,99.99370574951172,120.2496566772461,120.47863006591797,30
1787128365,688862175,,lidar,99.94888305664062,201.28729248046875,210.90579223632812,30
1787128365,688888954,,ui,0.0,0.0,0.0,0
1787128366,688561401,,esp32,99.99430084228516,120.2496566772461,120.47863006591797,30
1787128366,688906250,,lidar,99.94888305664062,201.28729248046875,210.90579223632812,30
1787128366,688935989,,ui,0.0,0.0,0.0,0
1787128367,688288969,,esp32,99.99311065673828,120.2496566772461,120.47863006591797,30
1787128367,688602505,,lidar,99.80630493164062,201.2401123046875,210.90579223632812,30
1787128367,688628940,,ui,0.0,0.0,0.0,0
1787128368,688411154,,esp32,99.99108123779297,120.2496566772461,120.47863006591797,30
1787128368,688603210,,lidar,99.87974548339844,201.2401123046875,210.90579223632812,30
1787128368,688616247,,ui,0.0,0.0,0.0,0
1787128369,688263628,,esp32,99.99108123779297,120.2496566772461,120.47863006591797,30
1787128369,688486923,,lidar,99.89189910888672,201.1929168701172,210.90579223632812,30
1787128369,688505071,,ui,0.0,0.0,0.0,0
1787128370,688519326,,esp32,99.98750305175781,120.2496566772461,120.47863006591797,30
1787128370,688837321,,lidar,99.90406036376953,201.2401123046875,210.90579223632812,30
1787128370,688865568,,ui,0.0,0.0,0.0,0
1787128371,688512895,,esp32,99.98548126220703,120.2496566772461,120.47863006591797,30
1787128371,688745652,,lidar,99.96390533447266,201.18185424804688,210.90579223632812,30
1787128371,688761153,,ui,0.0,0.0,0.0,0
1787128372,688359425,,esp32,99.98703002929688,120.2496566772461,120.47863006591797,30
1787128372,688562135,,lidar,100.05855560302734,201.27647399902344,210.90579223632812,30
1787128372,688577298,,ui,0.0,0.0,0.0,0
1787128373,688415356,,esp32,99.98548126220703,120.2496566772461,120.47863006591797,30
1787128373,688615218,,lidar,100.1272201538086,200.99545288085938,210.90579223632812,30
1787128373,688630626,,ui,0.0,0.0,0.0,0
1787128374,688414240,,esp32,99.98368835449219,120.2496566772461,120.47863006591797,30
1787128374,688631880,,lidar,100.15714263916016,201.01937866210938,210.90579223632812,30
1787128374,688646537,,ui,0.0,0.0,0.0,0
1787128375,688396700,,esp32,99.98548126220703,120.2496566772461,120.47863006591797,30
1787128375,688623097,,lidar,100.17132568359375,200.99545288085938,210.90579223632812,30
1787128375,688641425,,ui,0.0,0.0,0.0,0
1787128376,688419813,,esp32,99.98548126220703,120.2496566772461,120.47863006591797,30
1787128376,688645369,,lidar,100.14295959472656,198.8861541748047,210.90579223632812,30
1787128376,688664053,,ui,0.0,0.0,0.0,0
1787128377,688381158,,esp32,99.98368835449219,120.26530456542969,120.829345703125,30
1787128377,688593807,,lidar,100.14295959472656,198.8861541748047,210.90579223632812,30
1787128377,688610036,,ui,0.0,0.0,0.0,0
1787128378,688450872,,esp32,99.9797592163086,120.26530456542969,120.829345703125,30
1787128378,688799309,,lidar,100.03089904785156,198.8861541748047,210.90579223632812,30
1787128378,688829179,,ui,0.0,0.0,0.0,0
1787128379,688443229,,esp32,99.97772979736328,120.26530456542969,120.829345703125,30
1787128379,688680659,,lidar,100.02374267578125,198.8861541748047,210.90579223632812,30
1787128379,688699382,,ui,0.0,0.0,0.0,0
1787128380,688278611,,esp32,99.97689819335938,120.26530456542969,120.829345703125,30
1787128380,688555109,,lidar,100.0273208618164,198.28622436523438,210.90579223632812,30
1787128380,688656619,,ui,0.0,0.0,0.0,0
1787128381,688313951,,esp32,99.97689819335938,120.26530456542969,120.829345703125,30
1787128381,688549303,,lidar,100.0273208618164,198.28622436523438,210.90579223632812,30
1787128381,688564225,,ui,0.0,0.0,0.0,0
1787128382,688259795,,esp32,99.97689819335938,120.29126739501953,120.829345703125,30
1787128382,688494459,,lidar,100.00336456298828,198.28622436523438,210.90579223632812,30
1787128382,688511929,,ui,0.0,0.0,0.0,0
1787128383,688290818,,esp32,99.97344207763672,120.29126739501953,120.829345703125,30
1787128383,688647000,,lidar,100.00336456298828,198.28622436523438,210.90579223632812,30
1787128383,688677062,,ui,0.0,0.0,0.0,0
1787128384,688355526,,esp32,99.97689819335938,120.29124450683594,120.829345703125,30
1787128384,688708392,,lidar,99.98297882080078,196.88272094726562,210.90579223632812,30
1787128384,688736139,,ui,0.0,0.0,0.0,0
1787128385,688282672,,esp32,99.97808837890625,120.24000549316406,120.829345703125,30
1787128385,688465830,,lidar,100.0273208618164,195.85665893554688,203.14979553222656,30
1787128385,688479762,,ui,0.0,0.0,0.0,0
1787128386,688351104,,esp32,99.97725677490234,120.24000549316406,120.829345703125,30
1787128386,688551057,,lidar,100.07512664794922,195.85665893554688,203.14979553222656,30
1787128386,688566365,,ui,0.0,0.0,0.0,0
1787128387,688360318,,esp32,99.97725677490234,120.2588882446289,120.829345703125,30
1787128387,688583500,,lidar,100.07512664794922,195.85665893554688,203.14979553222656,30
1787128387,688601184,,ui,0.0,0.0,0.0,0
1787128388,688380894,,esp32,99.97534942626953,120.29096984863281,120.829345703125,30
1787128388,688713438,,lidar,100.00336456298828,195.85665893554688,203.14979553222656,30
1787128388,688738858,,ui,0.0,0.0,0.0,0
1787128389,688244703,,esp32,99.97344207763672,120.31201171875,140.06924438476562,30
1787128389,688442825,,lidar,100.0273208618164,195.85665893554688,203.14979553222656,30
1787128389,688457650,,ui,0.0,0.0,0.0,0
1787128390,688261175,,esp32,99.96736145019531,120.34039306640625,140.06924438476562,30
1787128390,688462859,,lidar,100.00336456298828,195.85665893554688,203.14979553222656,30
1787128390,688476209,,ui,0.0,0.0,0.0,0
1787128391,688431928,,esp32,99.97344207763672,120.34039306640625,140.06924438476562,30
1787128391,688766749,,lidar,99.97164916992188,195.85665893554688,203.14979553222656,30
1787128391,688795468,,ui,0.0,0.0,0.0,0
1787128392,688242773,,esp32,99.97987365722656,120.34039306640625,140.06924438476562,30
1787128392,688513270,,lidar,99.99978637695312,195.85665893554688,203.14979553222656,30
1787128392,688538244,,ui,0.0,0.0,0.0,0
1787128393,688302397,,esp32,99.98500061035156,120.34039306640625,140.06924438476562,30
1787128393,688555053,,lidar,99.98297882080078,195.8466796875,203.14979553222656,30
1787128393,688579146,,ui,0.0,0.0,0.0,0
1787128394,688354459,,esp32,99.98500061035156,120.44342803955078,140.06924438476562,30
1787128394,688665901,,lidar,100.01659393310547,195.8466796875,203.14979553222656,30
1787128394,688690577,,ui,0.0,0.0,0.0,0
1787128395,688194189,,esp32,99.98703002929688,120.44342803955078,140.06924438476562,30
1787128395,688364469,,lidar,100.22854614257812,195.8466796875,203.14979553222656,30
1787128395,688376132,,ui,0.0,0.0,0.0,0
1787128396,688247592,,esp32,99.98905944824219,120.83146667480469,140.3372344970703,30
1787128396,688513508,,lidar,100.24880981445312,195.8466796875,203.14979553222656,30
1787128396,688536620,,ui,0.0,0.0,0.0,0
1787128397,688225549,,esp32,99.99239349365234,120.83146667480469,140.3372344970703,30
1787128397,688534282,,lidar,100.23867797851562,195.85665893554688,203.14979553222656,30
1787128397,688560226,,ui,0.0,0.0,0.0,0
1787128398,688248896,,esp32,99.995849609375,120.83146667480469,140.3372344970703,30
1787128398,688468826,,lidar,100.1739501953125,196.86976623535156,205.26695251464844,30
1787128398,688482277,,ui,0.0,0.0,0.0,0
1787128399,688180371,,esp32,99.995849609375,120.83146667480469,140.3372344970703,30
1787128399,688508943,,lidar,100.22854614257812,198.50428771972656,297.4584045410156,30
1787128399,688534604,,ui,0.0,0.0,0.0,0
1787128400,688018911,,esp32,99.99764251708984,120.83146667480469,140.3372344970703,30
1787128400,688382921,,lidar,100.1739501953125,198.45379638671875,297.4584045410156,30
1787128400,688409230,,ui,0.0,0.0,0.0,0
1787128401,687954127,,esp32,99.99787902832031,120.83146667480469,140.3372344970703,30
1787128401,688157286,,lidar,100.1739501953125,198.45379638671875,297.4584045410156,30
1787128401,688171447,,ui,0.0,0.0,0.0,0
1787128402,687926857,,esp32,99.99835205078125,120.83146667480469,140.3372344970703,30
1787128402,688190944,,lidar,100.2492904663086,198.35279846191406,297.4584045410156,30
1787128402,688215218,,ui,0.0,0.0,0.0,0
1787128403,687954530,,esp32,99.99775695800781,120.83146667480469,140.3372344970703,30
1787128403,688245845,,lidar,100.23867797851562,203.79052734375,389.7872009277344,30
1787128403,688272581,,ui,0.0,0.0,0.0,0
1787128404,687813272,,esp32,99.99835205078125,120.83146667480469,140.3372344970703,30
1787128404,688013694,,lidar,100.2492904663086,203.79052734375,389.7872009277344,30
1787128404,688028139,,ui,0.0,0.0,0.0,0
1787128405,687901215,,esp32,99.99775695800781,120.83146667480469,140.3372344970703,30
1787128405,688186050,,lidar,100.22854614257812,203.8067626953125,389.7872009277344,30
1787128405,688214439,,ui,0.0,0.0,0.0,0
1787128406,687791107,,esp32,99.995849609375,120.83146667480469,140.3372344970703,30
1787128406,688125716,,lidar,100.04281616210938,203.82298278808594,389.7872009277344,30
1787128406,688151710,,ui,0.0,0.0,0.0,0
1787128407,687668163,,esp32,99.99322509765625,120.76514434814453,140.3372344970703,30
1787128407,687964280,,lidar,100.24977111816406,203.83920288085938,389.7872009277344,30
1787128407,687986119,,ui,0.0,0.0,0.0,0
1787128408,687688404,,esp32,99.99322509765625,120.76514434814453,140.3372344970703,30
1787128408,687872609,,lidar,100.25191497802734,203.83920288085938,389.7872009277344,30
1787128408,687885890,,ui,0.0,0.0,0.0,0
1787128409,687707810,,esp32,99.99322509765625,120.76514434814453,140.3372344970703,30
1787128409,687907355,,lidar,100.25191497802734,203.83920288085938,389.7872009277344,30
1787128409,687922781,,ui,0.0,0.0,0.0,0
1787128410,687709226,,esp32,99.99143981933594,120.76514434814453,140.3372344970703,30
1787128410,687914292,,lidar,100.24977111816406,203.83920288085938,389.7872009277344,30
1787128410,687929774,,ui,0.0,0.0,0.0,0
1787128411,687537831,,esp32,99.99143981933594,120.76514434814453,140.3372344970703,30
1787128411,687776492,,lidar,100.24977111816406,203.83920288085938,389.7872009277344,30
1787128411,687796473,,ui,0.0,0.0,0.0,0
1787128412,687434538,,esp32,99.99322509765625,120.76514434814453,140.3372344970703,30
1787128412,687676942,,lidar,100.34370422363281,203.83920288085938,389.7872009277344,30
1787128412,687697236,,ui,0.0,0.0,0.0,0
1787128413,687406114,,esp32,99.99835205078125,120.76514434814453,140.3372344970703,30
1787128413,687621941,,lidar,100.34370422363281,203.83920288085938,389.7872009277344,30
1787128413,687646825,,ui,0.0,0.0,0.0,0
1787128414,687425201,,esp32,99.99835205078125,120.76514434814453,140.3372344970703,30
1787128414,687693045,,lidar,100.24977111816406,203.83920288085938,389.7872009277344,30
1787128414,687718654,,ui,0.0,0.0,0.0,0
1787128415,687324748,,esp32,99.99322509765625,120.76514434814453,140.3372344970703,30
1787128415,687542836,,lidar,100.25083923339844,205.878662109375,389.7872009277344,30
1787128415,687559710,,ui,0.0,0.0,0.0,0
1787128416,687364429,,esp32,99.99609375,120.76514434814453,140.3372344970703,30
1787128416,687580992,,lidar,100.05414581298828,205.878662109375,389.7872009277344,30
1787128416,687599522,,ui,0.0,0.0,0.0,0
1787128417,687219590,,esp32,99.99322509765625,120.76514434814453,140.3372344970703,30
1787128417,687510076,,lidar,100.12197875976562,205.878662109375,389.7872009277344,30
1787128417,687546182,,ui,0.0,0.0,0.0,0
1787128418,687226021,,esp32,99.99609375,120.76514434814453,140.3372344970703,30
1787128418,687460274,,lidar,100.21340942382812,205.878662109375,389.7872009277344,30
1787128418,687478648,,ui,0.0,0.0,0.0,0
1787128419,687330514,,esp32,99.99322509765625,120.62238311767578,140.3372344970703,30
1787128419,687665538,,lidar,100.01659393310547,205.9257049560547,389.7872009277344,30
1787128419,687691788,,ui,0.0,0.0,0.0,0
1787128420,687262053,,esp32,99.99871063232422,120.62238311767578,140.3372344970703,30
1787128420,687481380,,lidar,100.12197875976562,205.97276306152344,389.7872009277344,30
1787128420,687495292,,ui,0.0,0.0,0.0,0
1787128421,687087233,,esp32,99.99609375,120.62238311767578,140.3372344970703,30
1787128421,687420904,,lidar,100.20303344726562,205.97276306152344,389.7872009277344,30
1787128421,687450660,,ui,0.0,0.0,0.0,0
1787128422,687118488,,esp32,99.99871063232422,120.62238311767578,140.3372344970703,30
1787128422,687310932,,lidar,100.05414581298828,205.97276306152344,389.7872009277344,30
1787128422,687322750,,ui,0.0,0.0,0.0,0
1787128423,686988994,,esp32,99.99037170410156,120.62238311767578,140.3372344970703,30
1787128423,687196099,,lidar,100.05414581298828,205.97276306152344,389.7872009277344,30
1787128423,687211017,,ui,0.0,0.0,0.0,0
1787128424,686957333,,esp32,99.99037170410156,120.58438110351562,140.3372344970703,30
1787128424,687167276,,lidar,100.05414581298828,205.97276306152344,389.7872009277344,30
1787128424,687182210,,ui,0.0,0.0,0.0,0
1787128425,686900329,,esp32,99.98703002929688,120.62238311767578,140.3372344970703,30
1787128425,687103369,,lidar,100.01778411865234,205.97276306152344,389.7872009277344,30
1787128425,687116942,,ui,0.0,0.0,0.0,0
1787128426,686861633,,esp32,99.98500061035156,120.58438110351562,121.012451171875,30
1787128426,687071374,,lidar,100.05414581298828,206.68447875976562,389.7872009277344,30
1787128426,687086757,,ui,0.0,0.0,0.0,0
1787128427,686968496,,esp32,99.98703002929688,120.5058822631836,121.012451171875,30
1787128427,687298777,,lidar,100.05414581298828,206.68447875976562,389.7872009277344,30
1787128427,687319954,,ui,0.0,0.0,0.0,0
1787128428,686831819,,esp32,99.99012756347656,120.5058822631836,121.012451171875,30
1787128428,687020438,,lidar,99.99633026123047,206.64486694335938,389.7872009277344,30
1787128428,687033533,,ui,0.0,0.0,0.0,0
1787128429,686789430,,esp32,99.99012756347656,120.5058822631836,121.012451171875,30
1787128429,686984838,,lidar,99.97010040283203,203.975830078125,389.7872009277344,30
1787128429,686998426,,ui,0.0,0.0,0.0,0
1787128430,686685222,,esp32,99.99012756347656,120.5058822631836,121.012451171875,30
1787128430,686882175,,lidar,99.91669464111328,203.975830078125,389.7872009277344,30
1787128430,686895708,,ui,0.0,0.0,0.0,0
1787128431,686730294,,esp32,99.98500061035156,120.5058822631836,121.012451171875,30
1787128431,686947277,,lidar,99.91669464111328,203.975830078125,389.7872009277344,30
1787128431,686962030,,ui,0.0,0.0,0.0,0
1787128432,686716748,,esp32,99.99012756347656,120.5058822631836,121.012451171875,30
1787128432,686921907,,lidar,99.76625061035156,203.975830078125,389.7872009277344,30
1787128432,686936635,,ui,0.0,0.0,0.0,0
1787128433,686741907,,esp32,99.9916763305664,120.5058822631836,121.012451171875,30
1787128433,687082893,,lidar,99.91001892089844,202.28482055664062,209.97238159179688,30
1787128433,687108640,,ui,0.0,0.0,0.0,0
1787128434,686686862,,esp32,99.99048614501953,120.5058822631836,121.012451171875,30
1787128434,686928450,,lidar,99.75361633300781,199.67835998535156,209.97238159179688,30
1787128434,686946311,,ui,0.0,0.0,0.0,0
1787128435,686659333,,esp32,99.98893737792969,120.4585952758789,121.012451171875,30
1787128435,686898229,,lidar,99.73191833496094,198.37083435058594,209.97238159179688,30
1787128435,686918807,,ui,0.0,0.0,0.0,0
1787128436,686547866,,esp32,99.99048614501953,120.4585952758789,121.012451171875,30
1787128436,686755700,,lidar,99.7364501953125,197.54835510253906,209.97238159179688,30
1787128436,686770446,,ui,0.0,0.0,0.0,0
1787128437,686595296,,esp32,99.98893737792969,120.4585952758789,121.012451171875,30
1787128437,686941188,,lidar,99.73191833496094,197.4876708984375,209.97238159179688,30
1787128437,686967521,,ui,0.0,0.0,0.0,0
1787128438,686429323,,esp32,99.98703002929688,120.5058822631836,121.012451171875,30
1787128438,686676194,,lidar,99.76625061035156,197.4876708984375,209.97238159179688,30
1787128438,686695789,,ui,0.0,0.0,0.0,0
1787128439,686415780,,esp32,99.98893737792969,120.5058822631836,121.012451171875,30
1787128439,686661020,,lidar,99.76625061035156,197.4876708984375,209.97238159179688,30
1787128439,686688706,,ui,0.0,0.0,0.0,0
1787128440,686446733,,esp32,99.99263000488281,120.5058822631836,121.012451171875,30
1787128440,686704281,,lidar,99.74098205566406,197.4876708984375,209.97238159179688,30
1787128440,686723723,,ui,0.0,0.0,0.0,0
1787128441,686315019,,esp32,99.9916763305664,120.506591796875,121.012451171875,30
1787128441,686633039,,lidar,99.74098205566406,197.4876708984375,209.97238159179688,30
1787128441,686655729,,ui,0.0,0.0,0.0,0
1787128442,686286620,,esp32,99.9908447265625,120.506591796875,121.012451171875,30
1787128442,686510987,,lidar,99.73191833496094,197.4876708984375,209.97238159179688,30
1787128442,686526815,,ui,0.0,0.0,0.0,0
1787128443,686277503,,esp32,99.9908447265625,120.506591796875,121.012451171875,30
1787128443,686488978,,lidar,99.73191833496094,197.4876708984375,209.97238159179688,30
1787128443,686504366,,ui,0.0,0.0,0.0,0
1787128444,686186558,,esp32,99.9908447265625,120.506591796875,121.012451171875,30
1787128444,686439106,,lidar,99.76148986816406,197.4876708984375,209.97238159179688,30
1787128444,686455829,,ui,0.0,0.0,0.0,0
1787128445,686139102,,esp32,99.9908447265625,120.45860290527344,121.012451171875,30
1787128445,686362985,,lidar,99.76625061035156,189.8548583984375,206.0110626220703,30
1787128445,686378451,,ui,0.0,0.0,0.0,0
1787128446,686112776,,esp32,99.9897689819336,120.45860290527344,121.012451171875,30
1787128446,686462939,,lidar,99.91669464111328,189.8548583984375,206.0110626220703,30
1787128446,686490552,,ui,0.0,0.0,0.0,0
1787128447,686115382,,esp32,99.9897689819336,120.45860290527344,121.012451171875,30
1787128447,686479303,,lidar,99.90238952636719,189.8548583984375,206.0110626220703,30
1787128447,686512987,,ui,0.0,0.0,0.0,0
1787128448,686023154,,esp32,99.98893737792969,120.45860290527344,121.012451171875,30
1787128448,686382431,,lidar,99.89285278320312,197.4406280517578,206.0110626220703,30
1787128448,686410069,,ui,0.0,0.0,0.0,0
1787128449,685746742,,esp32,99.9897689819336,120.44349670410156,121.012451171875,30
1787128449,686006661,,lidar,99.90238952636719,197.2110137939453,206.0110626220703,30
1787128449,686030072,,ui,0.0,0.0,0.0,0
1787128450,685935946,,esp32,99.98786163330078,120.44349670410156,121.012451171875,30
1787128450,686239879,,lidar,99.81584167480469,197.2110137939453,206.0110626220703,30
1787128450,686287253,,ui,0.0,0.0,0.0,0
1787128451,685834550,,esp32,99.98893737792969,120.44349670410156,121.012451171875,30
1787128451,686083252,,lidar,99.80654907226562,189.85043334960938,206.0110626220703,30
1787128451,686110662,,ui,0.0,0.0,0.0,0
1787128452,685679927,,esp32,99.9847640991211,120.44349670410156,121.012451171875,30
1787128452,685873251,,lidar,99.80654907226562,189.85043334960938,206.0110626220703,30
1787128452,685885908,,ui,0.0,0.0,0.0,0
1787128453,685683069,,esp32,99.98381042480469,120.44349670410156,121.012451171875,30
1787128453,685877875,,lidar,99.76387023925781,189.85043334960938,206.0110626220703,30
1787128453,685891795,,ui,0.0,0.0,0.0,0
1787128454,685623764,,esp32,99.98381042480469,120.44349670410156,121.012451171875,30
1787128454,685857245,,lidar,99.72977447509766,189.85043334960938,206.0110626220703,30
1787128454,685882797,,ui,0.0,0.0,0.0,0
1787128455,685561071,,esp32,99.98178100585938,120.43106842041016,120.7082290649414,30
1787128455,685836411,,lidar,99.72763061523438,198.81130981445312,206.0110626220703,30
1787128455,685865123,,ui,0.0,0.0,0.0,0
1787128456,685604885,,esp32,99.98238372802734,120.43106842041016,120.7082290649414,30
1787128456,685802118,,lidar,99.72977447509766,195.23338317871094,205.68728637695312,30
1787128456,685813903,,ui,0.0,0.0,0.0,0
1787128457,685596952,,esp32,99.98238372802734,120.43106842041016,120.7082290649414,30
1787128457,685809910,,lidar,99.69758605957031,198.81130981445312,205.68728637695312,30
1787128457,685823735,,ui,0.0,0.0,0.0,0
1787128458,685433439,,esp32,99.98023223876953,120.43106842041016,120.7082290649414,30
1787128458,685625629,,lidar,99.74456024169922,200.43072509765625,205.68728637695312,30
1787128458,685640090,,ui,0.0,0.0,0.0,0
1787128459,685498952,,esp32,99.98178100585938,120.43106842041016,120.7082290649414,30
1787128459,685705877,,lidar,99.76077270507812,200.45199584960938,205.68728637695312,30
1787128459,685718722,,ui,0.0,0.0,0.0,0
1787128460,685348656,,esp32,99.98023223876953,120.43106842041016,120.7082290649414,30
1787128460,685584790,,lidar,99.76077270507812,200.45199584960938,205.68728637695312,30
1787128460,685606062,,ui,0.0,0.0,0.0,0
1787128461,685271970,,esp32,99.98393249511719,120.39447784423828,120.7082290649414,30
1787128461,685357871,,lidar,99.76148986816406,202.3892364501953,205.68728637695312,30
1787128461,685362988,,ui,0.0,0.0,0.0,0
1787128462,685287874,,esp32,99.98178100585938,120.39447784423828,120.7082290649414,30
1787128462,685550078,,lidar,99.80654907226562,202.4827880859375,506.9160461425781,30
1787128462,685579581,,ui,0.0,0.0,0.0,0
1787128463,685435842,,esp32,99.98238372802734,120.39447784423828,120.7082290649414,30
1787128463,685789469,,lidar,99.77936553955078,203.3767547607422,506.9160461425781,30
1787128463,685819156,,ui,0.0,0.0,0.0,0
1787128464,685396479,,esp32,99.98393249511719,120.39447784423828,120.7082290649414,30
1787128464,685668219,,lidar,99.84993743896484,203.4045867919922,506.9160461425781,30
1787128464,685693244,,ui,0.0,0.0,0.0,0
1787128465,685390107,,esp32,99.98870086669922,120.35481262207031,120.7082290649414,30
1787128465,685615056,,lidar,99.87139892578125,227.1707763671875,506.9160461425781,30
1787128465,685631439,,ui,0.0,0.0,0.0,0
1787128466,685298563,,esp32,99.98631286621094,120.35481262207031,120.7082290649414,30
1787128466,685619795,,lidar,99.90238952636719,228.19378662109375,506.9160461425781,30
1787128466,685654422,,ui,0.0,0.0,0.0,0
1787128467,685144766,,esp32,99.99263000488281,120.35481262207031,120.7082290649414,30
1787128467,685441186,,lidar,99.84993743896484,230.23983764648438,506.9160461425781,30
1787128467,685463327,,ui,0.0,0.0,0.0,0
1787128468,685291789,,esp32,99.99263000488281,120.24909973144531,120.50581359863281,30
1787128468,685581150,,lidar,99.87139892578125,231.2628631591797,506.9160461425781,30
1787128468,685602212,,ui,0.0,0.0,0.0,0
1787128469,685143173,,esp32,99.98953247070312,120.24909973144531,120.50581359863281,30
1787128469,685370290,,lidar,99.95150756835938,232.285888671875,506.9160461425781,30
1787128469,685389299,,ui,0.0,0.0,0.0,0
1787128470,685151485,,esp32,99.98810577392578,120.2569351196289,120.72563171386719,30
1787128470,685381048,,lidar,99.95150756835938,232.285888671875,506.9160461425781,30
1787128470,685396243,,ui,0.0,0.0,0.0,0
1787128471,685100354,,esp32,99.99203491210938,120.24909973144531,120.91111755371094,30
1787128471,685332099,,lidar,100.02398681640625,233.3089141845703,506.9160461425781,30
1787128471,685350661,,ui,0.0,0.0,0.0,0
1787128472,684995623,,esp32,99.99203491210938,120.24909973144531,120.91111755371094,30
1787128472,685235389,,lidar,100.09384155273438,234.33192443847656,506.9160461425781,30
1787128472,685259122,,ui,0.0,0.0,0.0,0
1787128473,685055077,,esp32,99.98393249511719,120.24909973144531,120.91111755371094,30
1787128473,685277348,,lidar,100.09384155273438,234.33192443847656,506.9160461425781,30
1787128473,685292796,,ui,0.0,0.0,0.0,0
1787128474,684988810,,esp32,99.98810577392578,120.24909973144531,120.91111755371094,30
1787128474,685333594,,lidar,100.00133514404297,234.33192443847656,506.9160461425781,30
1787128474,685359104,,ui,0.0,0.0,0.0,0
1787128475,684940093,,esp32,99.99549102783203,120.24909973144531,120.91111755371094,30
1787128475,685134356,,lidar,100.01373291015625,233.3089141845703,506.9160461425781,30
1787128475,685148291,,ui,0.0,0.0,0.0,0
1787128476,684802585,,esp32,99.99823760986328,120.24909973144531,120.91111755371094,30
1787128476,684999903,,lidar,99.92694854736328,233.3089141845703,506.9160461425781,30
1787128476,685013733,,ui,0.0,0.0,0.0,0
1787128477,684814825,,esp32,99.99823760986328,120.24909973144531,120.91111755371094,30
1787128477,685064872,,lidar,99.90072631835938,233.3089141845703,506.9160461425781,30
1787128477,685084390,,ui,0.0,0.0,0.0,0
1787128478,684781808,,esp32,99.99835205078125,120.24909973144531,120.91111755371094,30
1787128478,684989835,,lidar,99.96617126464844,233.3089141845703,506.9160461425781,30
1787128478,685004689,,ui,0.0,0.0,0.0,0
1787128479,684754342,,esp32,99.99835205078125,120.2606430053711,120.91111755371094,30
1787128479,685000436,,lidar,99.95150756835938,232.285888671875,506.9160461425781,30
1787128479,685019398,,ui,0.0,0.0,0.0,0
1787128480,684778195,,esp32,100.00801086425781,120.2606430053711,120.91111755371094,30
1787128480,685024632,,lidar,99.90072631835938,231.2628631591797,506.9160461425781,30
1787128480,685041420,,ui,0.0,0.0,0.0,0
1787128481,684628081,,esp32,100.00407409667969,120.2606430053711,120.91111755371094,30
1787128481,684860921,,lidar,99.95150756835938,232.285888671875,506.9160461425781,30
1787128481,684889535,,ui,0.0,0.0,0.0,0
1787128482,684608155,,esp32,100.00407409667969,120.2606430053711,120.91111755371094,30
1787128482,684879698,,lidar,99.95150756835938,232.285888671875,506.9160461425781,30
1787128482,684904709,,ui,0.0,0.0,0.0,0
1787128483,684641451,,esp32,100.00979614257812,120.2606430053711,120.91111755371094,30
1787128483,684988231,,lidar,99.95150756835938,232.285888671875,506.9160461425781,30
1787128483,685014262,,ui,0.0,0.0,0.0,0
1787128484,684548852,,esp32,100.00407409667969,120.2606430053711,120.91111755371094,30
1787128484,684773541,,lidar,100.09384155273438,232.285888671875,506.9160461425781,30
1787128484,684787101,,ui,0.0,0.0,0.0,0
1787128485,684493529,,esp32,100.00979614257812,120.2606430053711,120.91111755371094,30
1787128485,684699685,,lidar,100.20804595947266,231.33509826660156,506.9160461425781,30
1787128485,684712861,,ui,0.0,0.0,0.0,0
1787128486,684361214,,esp32,99.99871063232422,120.2606430053711,120.91111755371094,30
1787128486,684569971,,lidar,100.1383056640625,230.2992401123047,506.9160461425781,30
1787128486,684582947,,ui,0.0,0.0,0.0,0
1787128487,684435482,,esp32,99.99942779541016,120.2606430053711,120.91111755371094,30
1787128487,684780332,,lidar,100.25382232666016,229.26336669921875,506.9160461425781,30
1787128487,684807364,,ui,0.0,0.0,0.0,0
1787128488,684223902,,esp32,99.99942779541016,120.2606430053711,120.91111755371094,30
1787128488,684480492,,lidar,100.1383056640625,228.2274932861328,506.9160461425781,30
1787128488,684505162,,ui,0.0,0.0,0.0,0
1787128489,684440812,,esp32,99.99942779541016,120.2606430053711,120.91111755371094,30
1787128489,684659782,,lidar,100.09384155273438,227.19161987304688,506.9160461425781,30
1787128489,684673597,,ui,0.0,0.0,0.0,0
1787128490,684348699,,esp32,100.00157165527344,120.2606430053711,120.91111755371094,30
1787128490,684564857,,lidar,99.9808349609375,227.19161987304688,506.9160461425781,30
1787128490,684578073,,ui,0.0,0.0,0.0,0
1787128491,684298184,,esp32,100.00574493408203,120.2606430053711,120.91111755371094,30
1787128491,684550006,,lidar,99.97272491455078,225.119873046875,506.9160461425781,30
1787128491,684568528,,ui,0.0,0.0,0.0,0
1787128492,684285888,,esp32,99.99871063232422,120.2606430053711,120.91111755371094,30
1787128492,684641606,,lidar,99.94566345214844,200.68492126464844,397.1798400878906,30
1787128492,684668702,,ui,0.0,0.0,0.0,0
1787128493,684223158,,esp32,99.99823760986328,120.2606430053711,120.91111755371094,30
1787128493,684469838,,lidar,99.90072631835938,199.38525390625,397.1798400878906,30
1787128493,684489897,,ui,0.0,0.0,0.0,0
1787128494,684175395,,esp32,99.99823760986328,120.25379943847656,120.91111755371094,30
1787128494,684437319,,lidar,99.7712631225586,199.37786865234375,397.1798400878906,30
1787128494,684457311,,ui,0.0,0.0,0.0,0
1787128495,684021844,,esp32,99.98643493652344,120.22382354736328,120.91111755371094,30
1787128495,684253564,,lidar,99.7914047241211,198.15524291992188,204.40245056152344,30
1787128495,684269834,,ui,0.0,0.0,0.0,0
1787128496,683976242,,esp32,100.00574493408203,120.22382354736328,120.91111755371094,30
1787128496,684199468,,lidar,99.7712631225586,198.14279174804688,204.40245056152344,30
1787128496,684212035,,ui,0.0,0.0,0.0,0
1787128497,684047433,,esp32,100.0010986328125,120.22382354736328,120.91111755371094,30
1787128497,684261579,,lidar,99.74646759033203,197.85215759277344,200.02890014648438,30
1787128497,684276392,,ui,0.0,0.0,0.0,0
1787128498,684088441,,esp32,100.01754760742188,120.22382354736328,120.91111755371094,30
1787128498,684485855,,lidar,99.7264404296875,195.43409729003906,200.02890014648438,30
1787128498,684518235,,ui,0.0,0.0,0.0,0
1787128499,683847032,,esp32,100.01265716552734,120.22382354736328,120.91111755371094,30
1787128499,684067069,,lidar,99.69973754882812,113.4709243774414,200.02890014648438,30
1787128499,684081362,,ui,0.0,0.0,0.0,0
1787128500,683900926,,esp32,100.0010986328125,120.22223663330078,120.91111755371094,30
1787128500,684230898,,lidar,99.69973754882812,113.4709243774414,200.02890014648438,30
1787128500,684257876,,ui,0.0,0.0,0.0,0
1787128501,683914338,,esp32,100.0008544921875,120.21934509277344,120.84174346923828,30
1787128501,684152285,,lidar,99.6949691772461,108.85676574707031,200.02890014648438,30
1787128501,684167314,,ui,0.0,0.0,0.0,0
1787128502,683789008,,esp32,99.99430084228516,120.1834716796875,120.84174346923828,30
1787128502,684084830,,lidar,99.69043731689453,108.55828094482422,195.83726501464844,30
1787128502,684106660,,ui,0.0,0.0,0.0,0
1787128503,683861893,,esp32,100.0008544921875,120.47125244140625,120.84174346923828,30
1787128503,684103975,,lidar,99.69973754882812,108.7958984375,195.83726501464844,30
1787128503,684118240,,ui,0.0,0.0,0.0,0
1787128504,683747646,,esp32,99.99430084228516,120.47125244140625,120.84174346923828,30
1787128504,683972038,,lidar,99.72286224365234,108.7958984375,195.83726501464844,30
1787128504,683985481,,ui,0.0,0.0,0.0,0
1787128505,683629550,,esp32,99.98870086669922,120.56780242919922,120.84174346923828,30
1787128505,683969116,,lidar,99.72286224365234,108.7958984375,195.83726501464844,30
1787128505,683995290,,ui,0.0,0.0,0.0,0
1787128506,683578184,,esp32,99.98357391357422,120.56780242919922,120.84174346923828,30
1787128506,683920378,,lidar,99.74646759033203,108.7958984375,195.83726501464844,30
1787128506,683941883,,ui,0.0,0.0,0.0,0
1787128507,683518617,,esp32,99.98643493652344,120.63957214355469,120.84174346923828,30
1787128507,683735971,,lidar,99.73001098632812,108.55778503417969,195.83726501464844,30
1787128507,683750175,,ui,0.0,0.0,0.0,0
1787128508,683325048,,esp32,99.98238372802734,120.63957214355469,120.84174346923828,30
1787128508,683431014,,lidar,99.74646759033203,108.7958984375,195.83726501464844,30
1787128508,683437346,,ui,0.0,0.0,0.0,0
1787128509,683411592,,esp32,99.98107147216797,120.56780242919922,120.74828338623047,30
1787128509,683639435,,lidar,99.86161804199219,114.32877349853516,202.7435302734375,30
1787128509,683653752,,ui,0.0,0.0,0.0,0
1787128510,683505049,,esp32,99.97594451904297,120.63957214355469,120.9452133178711,30
1787128510,683725976,,lidar,99.81155395507812,114.32877349853516,202.7435302734375,30
1787128510,683739146,,ui,0.0,0.0,0.0,0
1787128511,683380823,,esp32,99.97594451904297,120.63957214355469,120.9452133178711,30
1787128511,683605628,,lidar,99.88570404052734,197.29827880859375,202.7435302734375,30
1787128511,683618419,,ui,0.0,0.0,0.0,0
1787128512,683515917,,esp32,99.97904205322266,120.63957214355469,120.9452133178711,30
1787128512,683921350,,lidar,99.95150756835938,197.3047637939453,202.7435302734375,30
1787128512,683955658,,ui,0.0,0.0,0.0,0
1787128513,683255691,,esp32,99.97594451904297,120.63957214355469,120.9452133178711,30
1787128513,683476253,,lidar,100.01074981689453,197.29827880859375,202.7435302734375,30
1787128513,683488298,,ui,0.0,0.0,0.0,0
1787128514,683240019,,esp32,99.98238372802734,120.63957214355469,120.9452133178711,30
1787128514,683459918,,lidar,100.03459167480469,197.29827880859375,202.7435302734375,30
1787128514,683472578,,ui,0.0,0.0,0.0,0
1787128515,683348279,,esp32,99.97904205322266,120.63957214355469,120.9452133178711,30
1787128515,683578354,,lidar,100.00729370117188,197.2917938232422,202.7435302734375,30
1787128515,683592195,,ui,0.0,0.0,0.0,0
1787128516,683189109,,esp32,99.98238372802734,120.63957214355469,120.9452133178711,30
1787128516,683458653,,lidar,100.05497741699219,197.2917938232422,202.7435302734375,30
1787128516,683480053,,ui,0.0,0.0,0.0,0
1787128517,683175748,,esp32,99.9808349609375,120.63957214355469,120.9452133178711,30
1787128517,683417600,,lidar,100.00729370117188,197.2917938232422,202.7435302734375,30
1787128517,683432034,,ui,0.0,0.0,0.0,0
1787128518,683219623,,esp32,99.98238372802734,120.63957214355469,120.9452133178711,30
1787128518,683445743,,lidar,100.04639434814453,197.2917938232422,202.7435302734375,30
1787128518,683460421,,ui,0.0,0.0,0.0,0
1787128519,683019867,,esp32,99.98238372802734,120.63957214355469,120.9452133178711,30
1787128519,683243401,,lidar,100.01420593261719,197.2917938232422,202.7435302734375,30
1787128519,683257801,,ui,0.0,0.0,0.0,0
1787128520,683064926,,esp32,99.98238372802734,120.63957214355469,120.9452133178711,30
1787128520,683344010,,lidar,100.06761169433594,198.08041381835938,202.9030303955078,30
1787128520,683366297,,ui,0.0,0.0,0.0,0
1787128521,683050205,,esp32,99.98238372802734,120.63957214355469,120.9452133178711,30
1787128521,683293478,,lidar,100.05068969726562,198.08041381835938,202.9030303955078,30
1787128521,683308295,,ui,0.0,0.0,0.0,0
1787128522,682978619,,esp32,99.98274230957031,120.63957214355469,120.9452133178711,30
1787128522,683205060,,lidar,100.05068969726562,198.08041381835938,202.9030303955078,30
1787128522,683219554,,ui,0.0,0.0,0.0,0
1787128523,683059985,,esp32,99.9847640991211,120.63957214355469,120.9452133178711,30
1787128523,683300796,,lidar,100.05068969726562,198.08041381835938,202.9030303955078,30
1787128523,683317840,,ui,0.0,0.0,0.0,0
1787128524,682871586,,esp32,99.98274230957031,120.63957214355469,120.9452133178711,30
1787128524,683098603,,lidar,100.06761169433594,198.08041381835938,202.9030303955078,30
1787128524,683110082,,ui,0.0,0.0,0.0,0
1787128525,682847214,,esp32,99.9808349609375,120.63957214355469,120.9452133178711,30
1787128525,683073419,,lidar,100.08168029785156,198.08041381835938,202.9030303955078,30
1787128525,683086219,,ui,0.0,0.0,0.0,0
1787128526,682887957,,esp32,99.97594451904297,120.63957214355469,120.9452133178711,30
1787128526,683112692,,lidar,100.06904602050781,198.08041381835938,202.9030303955078,30
1787128526,683127734,,ui,0.0,0.0,0.0,0
1787128527,682504002,,esp32,99.97308349609375,120.63957214355469,120.9452133178711,30
1787128527,682581365,,lidar,100.05068969726562,198.08041381835938,202.9030303955078,30
1787128527,682586000,,ui,0.0,0.0,0.0,0
1787128528,682824573,,esp32,99.97308349609375,120.63957214355469,120.9452133178711,30
1787128528,683057104,,lidar,100.02708435058594,198.08041381835938,202.9030303955078,30
1787128528,683072112,,ui,0.0,0.0,0.0,0
1787128529,682793608,,esp32,99.97594451904297,120.75025177001953,160.085205078125,30
1787128529,682986361,,lidar,100.06904602050781,198.08041381835938,202.9030303955078,30
1787128529,682997554,,ui,0.0,0.0,0.0,0
1787128530,682754063,,esp32,99.9808349609375,120.75025177001953,160.085205078125,30
1787128530,683074780,,lidar,100.05068969726562,198.08041381835938,202.9030303955078,30
1787128530,683104528,,ui,0.0,0.0,0.0,0
1787128531,682342859,,esp32,99.98333740234375,120.75025177001953,160.085205078125,30
1787128531,682418272,,lidar,100.06904602050781,198.08041381835938,202.9030303955078,30
1787128531,682422205,,ui,0.0,0.0,0.0,0
1787128532,682355379,,esp32,99.98798370361328,120.75025177001953,160.085205078125,30
1787128532,682474415,,lidar,100.08597564697266,198.08041381835938,202.9030303955078,30
1787128532,682484372,,ui,0.0,0.0,0.0,0
1787128533,682537043,,esp32,99.9866714477539,120.75025177001953,160.085205078125,30
1787128533,682755702,,lidar,100.08442687988281,198.08041381835938,202.9030303955078,30
1787128533,682770627,,ui,0.0,0.0,0.0,0
1787128534,682657257,,esp32,99.9808349609375,120.75025177001953,160.085205078125,30
1787128534,683035020,,lidar,100.06475830078125,198.08041381835938,202.9030303955078,30
1787128534,683063233,,ui,0.0,0.0,0.0,0
1787128535,682672176,,esp32,99.97772979736328,120.75025177001953,160.085205078125,30
1787128535,682953887,,lidar,100.06475830078125,198.08041381835938,202.9030303955078,30
1787128535,682975052,,ui,0.0,0.0,0.0,0
1787128536,682566122,,esp32,99.98798370361328,120.75025177001953,160.085205078125,30
1787128536,682799046,,lidar,100.0660629272461,198.08041381835938,202.9030303955078,30
1787128536,682815073,,ui,0.0,0.0,0.0,0
1787128537,682571350,,esp32,99.98440551757812,120.73939514160156,160.085205078125,30
1787128537,682798810,,lidar,100.04317474365234,198.08041381835938,202.9030303955078,30
1787128537,682811803,,ui,0.0,0.0,0.0,0
1787128538,682543200,,esp32,99.99120330810547,120.73939514160156,160.085205078125,30
1787128538,682774584,,lidar,100.04317474365234,198.08041381835938,202.9030303955078,30
1787128538,682788208,,ui,0.0,0.0,0.0,0
1787128539,682496659,,esp32,100.0010986328125,120.73939514160156,160.085205078125,30
1787128539,682728427,,lidar,100.04317474365234,125.88513946533203,202.9030303955078,30
1787128539,682742187,,ui,0.0,0.0,0.0,0
1787128540,682488176,,esp32,100.00872802734375,120.46115112304688,160.085205078125,30
1787128540,682717583,,lidar,100.04317474365234,125.88513946533203,202.9030303955078,30
1787128540,682730551,,ui,0.0,0.0,0.0,0
1787128541,682386524,,esp32,100.0010986328125,120.46115112304688,160.085205078125,30
1787128541,682652764,,lidar,100.006103515625,119.10652160644531,204.52474975585938,30
1787128541,682672616,,ui,0.0,0.0,0.0,0
1787128542,682465575,,esp32,99.99120330810547,120.46115112304688,160.085205078125,30
1787128542,682747344,,lidar,99.95603942871094,125.94549560546875,204.52474975585938,30
1787128542,682768614,,ui,0.0,0.0,0.0,0
1787128543,682354575,,esp32,99.98798370361328,120.93081665039062,160.085205078125,30
1787128543,682604389,,lidar,100.006103515625,195.7841339111328,204.52474975585938,30
1787128543,682622175,,ui,0.0,0.0,0.0,0
1787128544,682179565,,esp32,99.97796630859375,120.93081665039062,160.085205078125,30
1787128544,682584255,,lidar,99.89952850341797,195.7841339111328,204.52474975585938,30
1787128544,682614362,,ui,0.0,0.0,0.0,0
1787128545,682076627,,esp32,99.990966796875,120.93081665039062,160.085205078125,30
1787128545,682188318,,lidar,99.92694854736328,199.4928741455078,204.52474975585938,30
1787128545,682195261,,ui,0.0,0.0,0.0,0
1787128546,682082315,,esp32,100.00872802734375,140.0881805419922,179.931640625,30
1787128546,682380322,,lidar,99.87211608886719,199.4928741455078,204.52474975585938,30
1787128546,682407126,,ui,0.0,0.0,0.0,0
1787128547,681795313,,esp32,100.00872802734375,140.0881805419922,179.931640625,30
1787128547,681881791,,lidar,99.87211608886719,199.4928741455078,204.52474975585938,30
1787128547,681886907,,ui,0.0,0.0,0.0,0
1787128548,681968712,,esp32,100.00955963134766,140.0881805419922,179.931640625,30
1787128548,682198736,,lidar,99.77078247070312,199.4928741455078,204.52474975585938,30
1787128548,682213622,,ui,0.0,0.0,0.0,0
1787128549,681704121,,esp32,100.01004028320312,140.0881805419922,179.931640625,30
1787128549,681780279,,lidar,99.86996459960938,199.4928741455078,204.52474975585938,30
1787128549,681784884,,ui,0.0,0.0,0.0,0
1787128550,682051654,,esp32,100.0162353515625,140.0881805419922,179.931640625,30
1787128550,682299915,,lidar,99.83956909179688,195.7841339111328,204.52474975585938,30
1787128550,682314697,,ui,0.0,0.0,0.0,0
1787128551,681929412,,esp32,100.01004028320312,140.0881805419922,179.931640625,30
1787128551,682237353,,lidar,99.75409698486328,199.42721557617188,204.52474975585938,30
1787128551,682288404,,ui,0.0,0.0,0.0,0
1787128552,681958383,,esp32,100.01004028320312,140.0881805419922,179.931640625,30
1787128552,682305047,,lidar,99.78389739990234,199.42721557617188,204.52474975585938,30
1787128552,682349403,,ui,0.0,0.0,0.0,0
1787128553,681987635,,esp32,100.00884246826172,140.0881805419922,179.931640625,30
1787128553,682281580,,lidar,99.82693481445312,201.82334899902344,204.52474975585938,30
1787128553,682303591,,ui,0.0,0.0,0.0,0
1787128554,681799323,,esp32,100.01004028320312,140.0881805419922,179.931640625,30
1787128554,682048240,,lidar,99.77734375,201.82334899902344,204.52474975585938,30
1787128554,682063163,,ui,0.0,0.0,0.0,0
1787128555,681891842,,esp32,100.0213623046875,140.0881805419922,179.931640625,30
1787128555,682231475,,lidar,99.7354965209961,201.82334899902344,204.52474975585938,30
1787128555,682286515,,ui,0.0,0.0,0.0,0
1787128556,681844821,,esp32,100.0213623046875,140.0881805419922,179.931640625,30
1787128556,682174398,,lidar,99.78389739990234,201.8308868408203,204.52474975585938,30
1787128556,682202517,,ui,0.0,0.0,0.0,0
1787128557,681678097,,esp32,100.02589416503906,140.0881805419922,179.931640625,30
1787128557,681949009,,lidar,99.77078247070312,201.8308868408203,204.52474975585938,30
1787128557,681967579,,ui,0.0,0.0,0.0,0
1787128558,681456037,,esp32,100.02589416503906,140.0881805419922,179.931640625,30
1787128558,681562080,,lidar,99.9002456665039,201.8308868408203,204.52474975585938,30
1787128558,681567589,,ui,0.0,0.0,0.0,0
1787128559,681678093,,esp32,100.02589416503906,121.02884674072266,179.931640625,30
1787128559,681909325,,lidar,99.80535888671875,201.8308868408203,204.52474975585938,30
1787128559,681922282,,ui,0.0,0.0,0.0,0
1787128560,681813346,,esp32,100.01742553710938,121.13388061523438,179.931640625,30
1787128560,682202303,,lidar,99.87687683105469,201.8308868408203,204.52474975585938,30
1787128560,682246461,,ui,0.0,0.0,0.0,0
1787128561,681530224,,esp32,100.00550842285156,121.13388061523438,179.931640625,30
1787128561,681762132,,lidar,99.83766174316406,201.82334899902344,204.52474975585938,30
1787128561,681777118,,ui,0.0,0.0,0.0,0
1787128562,681628430,,esp32,99.97880554199219,121.13388061523438,179.931640625,30
1787128562,681995144,,lidar,99.78437805175781,201.8308868408203,204.52474975585938,30
1787128562,682024607,,ui,0.0,0.0,0.0,0
1787128563,681536474,,esp32,99.99156188964844,121.13388061523438,179.931640625,30
1787128563,681824567,,lidar,99.78437805175781,201.8308868408203,204.52474975585938,30
1787128563,681847451,,ui,0.0,0.0,0.0,0
1787128564,681487506,,esp32,100.00550842285156,121.13388061523438,179.931640625,30
1787128564,681700388,,lidar,99.80535888671875,201.8308868408203,204.52474975585938,30
1787128564,681714378,,ui,0.0,0.0,0.0,0
1787128565,681590108,,esp32,100.00550842285156,121.13388061523438,179.931640625,30
1787128565,681988775,,lidar,99.80535888671875,201.8308868408203,204.52474975585938,30
1787128565,682018585,,ui,0.0,0.0,0.0,0
1787128566,681280786,,esp32,99.9908447265625,121.13388061523438,179.931640625,30
1787128566,681581857,,lidar,99.78389739990234,201.8308868408203,204.52474975585938,30
1787128566,681606540,,ui,0.0,0.0,0.0,0
1787128567,681418952,,esp32,99.97880554199219,121.13388061523438,179.931640625,30
1787128567,681725435,,lidar,99.79486083984375,202.5554962158203,204.52474975585938,30
1787128567,681752006,,ui,0.0,0.0,0.0,0
1787128568,681350273,,esp32,99.9908447265625,121.13388061523438,179.931640625,30
1787128568,681583164,,lidar,99.78413391113281,202.5554962158203,204.52474975585938,30
1787128568,681598272,,ui,0.0,0.0,0.0,0
1787128569,681382492,,esp32,99.97880554199219,121.13388061523438,179.931640625,30
1787128569,681620477,,lidar,99.78413391113281,202.5554962158203,204.52474975585938,30
1787128569,681635220,,ui,0.0,0.0,0.0,0
1787128570,681321789,,esp32,99.9908447265625,121.13388061523438,179.931640625,30
1787128570,681553350,,lidar,99.84111785888672,202.5554962158203,204.52474975585938,30
1787128570,681566130,,ui,0.0,0.0,0.0,0
1787128571,681260537,,esp32,100.00228881835938,121.13388061523438,179.931640625,30
1787128571,681486089,,lidar,99.78437805175781,201.8308868408203,203.81951904296875,30
1787128571,681500601,,ui,0.0,0.0,0.0,0
1787128572,681219301,,esp32,100.00657653808594,121.13388061523438,179.931640625,30
1787128572,681454162,,lidar,99.84111785888672,201.82334899902344,203.81951904296875,30
1787128572,681469193,,ui,0.0,0.0,0.0,0
1787128573,681198080,,esp32,100.01492309570312,120.94416809082031,179.931640625,30
1787128573,681430352,,lidar,99.78437805175781,201.81581115722656,203.81951904296875,30
1787128573,681445478,,ui,0.0,0.0,0.0,0
1787128574,681278561,,esp32,100.01492309570312,120.94416809082031,179.931640625,30
1787128574,681700908,,lidar,99.80535888671875,201.81581115722656,203.81951904296875,30
1787128574,681734692,,ui,0.0,0.0,0.0,0
1787128575,681180249,,esp32,100.0205307006836,120.98567199707031,179.931640625,30
1787128575,681493780,,lidar,99.78413391113281,198.91712951660156,203.81951904296875,30
1787128575,681520642,,ui,0.0,0.0,0.0,0
1787128576,681111974,,esp32,99.99430084228516,120.94416809082031,139.95361328125,30
1787128576,681433045,,lidar,99.77758026123047,198.91712951660156,203.81951904296875,30
1787128576,681463347,,ui,0.0,0.0,0.0,0
1787128577,681178214,,esp32,100.00228881835938,120.98567199707031,139.95361328125,30
1787128577,681477559,,lidar,99.79486083984375,198.91712951660156,203.81951904296875,30
1787128577,681498056,,ui,0.0,0.0,0.0,0
1787128578,680915570,,esp32,99.98416900634766,120.98567199707031,139.95361328125,30
1787128578,681063734,,lidar,99.84111785888672,198.91712951660156,203.81951904296875,30
1787128578,681071926,,ui,0.0,0.0,0.0,0
1787128579,681041279,,esp32,99.98595428466797,120.94416809082031,121.5870361328125,30
1787128579,681432270,,lidar,99.87914276123047,198.91712951660156,203.81951904296875,30
1787128579,681462844,,ui,0.0,0.0,0.0,0
1787128580,680969450,,esp32,99.97105407714844,120.94416809082031,121.5870361328125,30
1787128580,681228255,,lidar,99.79486083984375,198.91712951660156,203.81951904296875,30
1787128580,681242230,,ui,0.0,0.0,0.0,0
1787128581,681037200,,esp32,99.98309326171875,120.94416809082031,121.5870361328125,30
1787128581,681294427,,lidar,99.78437805175781,123.5648422241211,203.81951904296875,30
1787128581,681310754,,ui,0.0,0.0,0.0,0
1787128582,680985600,,esp32,99.98309326171875,120.94416809082031,121.5870361328125,30
1787128582,681379756,,lidar,99.77030944824219,123.5648422241211,203.81951904296875,30
1787128582,681410631,,ui,0.0,0.0,0.0,0
1787128583,680897755,,esp32,99.98953247070312,120.94416809082031,121.5870361328125,30
1787128583,681278506,,lidar,99.76982879638672,118.02880096435547,203.81951904296875,30
1787128583,681312259,,ui,0.0,0.0,0.0,0
1787128584,680844957,,esp32,99.98953247070312,120.94416809082031,121.5870361328125,30
1787128584,681132908,,lidar,99.77078247070312,118.02880096435547,203.81951904296875,30
1787128584,681155643,,ui,0.0,0.0,0.0,0
1787128585,680817481,,esp32,99.9796371459961,120.94416809082031,121.5870361328125,30
1787128585,681056310,,lidar,99.79486083984375,118.02880096435547,203.81951904296875,30
1787128585,681069275,,ui,0.0,0.0,0.0,0
1787128586,680802986,,esp32,99.9796371459961,120.94416809082031,121.5870361328125,30
1787128586,681197481,,lidar,99.76363372802734,116.73577117919922,203.81951904296875,30
1787128586,681230707,,ui,0.0,0.0,0.0,0
1787128587,680776316,,esp32,99.97439575195312,120.97815704345703,121.5870361328125,30
1787128587,681008406,,lidar,99.7712631225586,116.73577117919922,203.81951904296875,30
1787128587,681021489,,ui,0.0,0.0,0.0,0
1787128588,680698097,,esp32,99.96664428710938,120.97815704345703,121.5870361328125,30
1787128588,680916047,,lidar,99.7712631225586,116.73577117919922,203.81951904296875,30
1787128588,680928547,,ui,0.0,0.0,0.0,0
1787128589,680646766,,esp32,99.96426391601562,120.98383331298828,121.5870361328125,30
1787128589,680888632,,lidar,99.77030944824219,116.73577117919922,203.81951904296875,30
1787128589,680901712,,ui,0.0,0.0,0.0,0
1787128590,680618778,,esp32,99.96903228759766,120.98383331298828,121.5870361328125,30
1787128590,680907242,,lidar,99.76935577392578,116.73577117919922,203.81951904296875,30
1787128590,680930138,,ui,0.0,0.0,0.0,0
1787128591,680623401,,esp32,99.96903228759766,120.98383331298828,121.5870361328125,30
1787128591,680902987,,lidar,99.77030944824219,116.73577117919922,203.81951904296875,30
1787128591,680925881,,ui,0.0,0.0,0.0,0
1787128592,680633689,,esp32,99.96903228759766,120.98383331298828,121.5870361328125,30
1787128592,681028660,,lidar,99.88140869140625,116.73577117919922,203.81951904296875,30
1787128592,681060928,,ui,0.0,0.0,0.0,0
1787128593,680584898,,esp32,99.96903228759766,120.98383331298828,121.5870361328125,30
1787128593,680872093,,lidar,100.016357421875,116.73577117919922,203.81951904296875,30
1787128593,680895379,,ui,0.0,0.0,0.0,0
1787128594,680556289,,esp32,99.96903228759766,120.98383331298828,121.5870361328125,30
1787128594,680877891,,lidar,99.79367065429688,116.73577117919922,203.81951904296875,30
1787128594,680904216,,ui,0.0,0.0,0.0,0
1787128595,680436900,,esp32,99.97439575195312,121.08745574951172,121.5870361328125,30
1787128595,680772798,,lidar,99.79367065429688,116.73577117919922,203.81951904296875,30
1787128595,680799851,,ui,0.0,0.0,0.0,0
1787128596,680419868,,esp32,99.97069549560547,121.08745574951172,121.5870361328125,30
1787128596,680788509,,lidar,100.016357421875,116.17654418945312,203.81951904296875,30
1787128596,680814857,,ui,0.0,0.0,0.0,0
1787128597,680390746,,esp32,99.97069549560547,121.17239379882812,121.5870361328125,30
1787128597,680635671,,lidar,100.02708435058594,116.03912353515625,120.43142700195312,30
1787128597,680650987,,ui,0.0,0.0,0.0,0
1787128598,680000245,,esp32,99.96676635742188,121.17239379882812,121.5870361328125,30
1787128598,680090770,,lidar,100.02708435058594,116.03912353515625,120.43142700195312,30
1787128598,680095957,,ui,0.0,0.0,0.0,0
1787128599,680129238,,esp32,99.97069549560547,121.17239379882812,121.5870361328125,30
1787128599,680350853,,lidar,99.90501403808594,116.03912353515625,120.43142700195312,30
1787128599,680362636,,ui,0.0,0.0,0.0,0
1787128600,680031368,,esp32,99.96676635742188,121.17239379882812,121.5870361328125,30
1787128600,680203290,,lidar,99.79367065429688,113.82190704345703,204.589599609375,30
1787128600,680217805,,ui,0.0,0.0,0.0,0
1787128601,680091841,,esp32,99.96903228759766,121.194091796875,139.2264404296875,30
1787128601,680332647,,lidar,99.86639404296875,113.39000701904297,204.589599609375,30
1787128601,680350157,,ui,0.0,0.0,0.0,0
1787128602,680178721,,esp32,99.95639038085938,121.194091796875,139.2264404296875,30
1787128602,680437390,,lidar,99.86639404296875,113.84452056884766,204.589599609375,30
1787128602,680450168,,ui,0.0,0.0,0.0,0
1787128603,680283006,,esp32,99.96151733398438,121.194091796875,139.2264404296875,30
1787128603,680549367,,lidar,99.79367065429688,119.28797912597656,204.589599609375,30
1787128603,680564496,,ui,0.0,0.0,0.0,0
1787128604,680202483,,esp32,99.96151733398438,121.194091796875,139.2264404296875,30
1787128604,680599497,,lidar,99.79367065429688,136.5172882080078,204.589599609375,30
1787128604,680623570,,ui,0.0,0.0,0.0,0
1787128605,679765521,,esp32,99.95687103271484,121.19640350341797,160.09808349609375,30
1787128605,679905109,,lidar,99.98846435546875,197.43995666503906,206.86865234375,30
1787128605,679912970,,ui,0.0,0.0,0.0,0
1787128606,679781763,,esp32,99.96676635742188,121.76343536376953,160.09808349609375,30
1787128606,679945622,,lidar,100.11982727050781,200.5054931640625,206.86865234375,30
1787128606,679959060,,ui,0.0,0.0,0.0,0
1787128607,679931108,,esp32,99.97069549560547,121.37279510498047,160.09808349609375,30
1787128607,680187519,,lidar,100.03781127929688,200.5054931640625,206.86865234375,30
1787128607,680200242,,ui,0.0,0.0,0.0,0
1787128608,679963240,,esp32,99.97439575195312,121.37279510498047,160.09808349609375,30
1787128608,680372938,,lidar,100.05259704589844,200.46583557128906,206.86865234375,30
1787128608,680401006,,ui,0.0,0.0,0.0,0
1787128609,679904950,,esp32,99.97069549560547,121.37279510498047,160.09808349609375,30
1787128609,680137016,,lidar,99.98846435546875,200.46583557128906,206.86865234375,30
1787128609,680149267,,ui,0.0,0.0,0.0,0
1787128610,679886751,,esp32,99.97439575195312,121.37279510498047,160.09808349609375,30
1787128610,680126159,,lidar,100.03781127929688,200.5054931640625,206.86865234375,30
1787128610,680139105,,ui,0.0,0.0,0.0,0
1787128611,679772085,,esp32,99.97069549560547,121.37279510498047,160.09808349609375,30
1787128611,680027046,,lidar,100.05259704589844,200.54515075683594,206.86865234375,30
1787128611,680045217,,ui,0.0,0.0,0.0,0
1787128612,679709247,,esp32,99.97069549560547,121.37279510498047,160.09808349609375,30
1787128612,679951123,,lidar,100.06737518310547,200.5054931640625,206.86865234375,30
1787128612,679964404,,ui,0.0,0.0,0.0,0
1787128613,679819233,,esp32,99.96891021728516,121.37279510498047,160.09808349609375,30
1787128613,680059546,,lidar,100.06737518310547,200.5054931640625,206.86865234375,30
1787128613,680073454,,ui,0.0,0.0,0.0,0
1787128614,679656463,,esp32,99.97069549560547,121.37279510498047,160.09808349609375,30
1787128614,679997004,,lidar,100.03781127929688,200.5054931640625,206.86865234375,30
1787128614,680090558,,ui,0.0,0.0,0.0,0
1787128615,679789316,,esp32,99.97892761230469,121.37279510498047,160.09808349609375,30
1787128615,680025438,,lidar,99.98846435546875,200.54515075683594,206.86865234375,30
1787128615,680039661,,ui,0.0,0.0,0.0,0
1787128616,679582462,,esp32,99.97892761230469,121.37279510498047,160.09808349609375,30
1787128616,679949809,,lidar,100.13520812988281,200.54515075683594,206.86865234375,30
1787128616,679976496,,ui,0.0,0.0,0.0,0
1787128617,679603906,,esp32,99.97892761230469,121.37279510498047,160.09808349609375,30
1787128617,679866865,,lidar,100.12495422363281,200.54515075683594,206.86865234375,30
1787128617,679879958,,ui,0.0,0.0,0.0,0
1787128618,679557163,,esp32,99.99108123779297,121.37279510498047,160.09808349609375,30
1787128618,679799566,,lidar,100.00324249267578,200.54515075683594,206.86865234375,30
1787128618,679812207,,ui,0.0,0.0,0.0,0
1787128619,679610387,,esp32,100.00074005126953,121.37279510498047,160.09808349609375,30
1787128619,679864010,,lidar,100.0936050415039,200.54515075683594,206.86865234375,30
1787128619,679879520,,ui,0.0,0.0,0.0,0
1787128620,679421667,,esp32,100.00968170166016,121.37279510498047,160.09808349609375,30
1787128620,679621010,,lidar,100.06737518310547,200.58480834960938,206.86865234375,30
1787128620,679633629,,ui,0.0,0.0,0.0,0
1787128621,679490089,,esp32,100.00968170166016,121.37279510498047,160.09808349609375,30
1787128621,679818032,,lidar,100.12495422363281,201.72857666015625,206.86865234375,30
1787128621,679845141,,ui,0.0,0.0,0.0,0
1787128622,679597128,,esp32,100.01814270019531,121.37279510498047,160.09808349609375,30
1787128622,679859237,,lidar,100.13008117675781,201.756103515625,206.86865234375,30
1787128622,679874921,,ui,0.0,0.0,0.0,0
1787128623,679324681,,esp32,100.01814270019531,121.37279510498047,160.09808349609375,30
1787128623,679426363,,lidar,100.24583435058594,201.7836151123047,206.86865234375,30
1787128623,679452642,,ui,0.0,0.0,0.0,0
1787128624,679371531,,esp32,100.01814270019531,121.37279510498047,160.09808349609375,30
1787128624,679625302,,lidar,100.33941650390625,201.81114196777344,206.86865234375,30
1787128624,679641925,,ui,0.0,0.0,0.0,0
1787128625,679349673,,esp32,100.01814270019531,121.37279510498047,160.09808349609375,30
1787128625,679594507,,lidar,100.36099243164062,201.7836151123047,206.86865234375,30
1787128625,679609184,,ui,0.0,0.0,0.0,0
1787128626,679211475,,esp32,100.01814270019531,121.37279510498047,160.09808349609375,30
1787128626,679496240,,lidar,100.51131439208984,201.7836151123047,206.86865234375,30
1787128626,679516808,,ui,0.0,0.0,0.0,0
1787128627,679282098,,esp32,100.01898193359375,121.26539611816406,160.09808349609375,30
1787128627,679525865,,lidar,100.39186096191406,204.27593994140625,211.3497314453125,30
1787128627,679541458,,ui,0.0,0.0,0.0,0
1787128628,679224239,,esp32,100.01898193359375,121.26539611816406,160.09808349609375,30
1787128628,679511222,,lidar,100.382568359375,204.27593994140625,211.3497314453125,30
1787128628,679530440,,ui,0.0,0.0,0.0,0
1787128629,679234737,,esp32,100.01004028320312,121.26539611816406,160.09808349609375,30
1787128629,679474752,,lidar,100.39186096191406,204.27593994140625,211.3497314453125,30
1787128629,679489866,,ui,0.0,0.0,0.0,0
1787128630,679233733,,esp32,100.01814270019531,121.26539611816406,160.09808349609375,30
1787128630,679471477,,lidar,100.24595642089844,201.81114196777344,211.3497314453125,30
1787128630,679485895,,ui,0.0,0.0,0.0,0
1787128631,679156877,,esp32,100.01898193359375,120.96147155761719,160.09808349609375,30
1787128631,679415292,,lidar,100.33941650390625,204.41575622558594,211.3497314453125,30
1787128631,679431963,,ui,0.0,0.0,0.0,0
1787128632,679274423,,esp32,100.02195739746094,120.96147155761719,160.09808349609375,30
1787128632,679694995,,lidar,100.31414031982422,204.43096923828125,211.3497314453125,30
1787128632,679725842,,ui,0.0,0.0,0.0,0
1787128633,679212981,,esp32,100.01957702636719,120.96147155761719,160.09808349609375,30
1787128633,679622129,,lidar,100.382568359375,205.9329833984375,293.45465087890625,30
1787128633,679653305,,ui,0.0,0.0,0.0,0
1787128634,679098918,,esp32,100.01957702636719,120.96147155761719,160.09808349609375,30
1787128634,679359378,,lidar,100.43513488769531,205.94412231445312,293.45465087890625,30
1787128634,679374763,,ui,0.0,0.0,0.0,0
1787128635,678945087,,esp32,100.01814270019531,120.92860412597656,140.48170471191406,30
1787128635,679184295,,lidar,100.43513488769531,206.032470703125,293.45465087890625,30
1787128635,679196105,,ui,0.0,0.0,0.0,0
1787128636,678972846,,esp32,100.01814270019531,120.87942504882812,121.08397674560547,30
1787128636,679334441,,lidar,100.33941650390625,206.01614379882812,293.45465087890625,30
1787128636,679372260,,ui,0.0,0.0,0.0,0
1787128637,679084499,,esp32,99.99764251708984,120.87942504882812,121.08397674560547,30
1787128637,679327132,,lidar,100.33941650390625,206.01614379882812,293.45465087890625,30
1787128637,679340931,,ui,0.0,0.0,0.0,0
1787128638,679013676,,esp32,99.99764251708984,120.87942504882812,121.08397674560547,30
1787128638,679259069,,lidar,100.29267883300781,206.032470703125,293.45465087890625,30
1787128638,679271899,,ui,0.0,0.0,0.0,0
1787128639,679027619,,esp32,99.99609375,120.87942504882812,121.08397674560547,30
1787128639,679404078,,lidar,100.18801879882812,206.032470703125,293.45465087890625,30
1787128639,679432317,,ui,0.0,0.0,0.0,0
1787128640,678938909,,esp32,99.99764251708984,120.87942504882812,121.08397674560547,30
1787128640,679229581,,lidar,100.24595642089844,206.01614379882812,293.45465087890625,30
1787128640,679249014,,ui,0.0,0.0,0.0,0
1787128641,678909139,,esp32,99.99609375,120.87942504882812,121.08397674560547,30
1787128641,679191284,,lidar,100.382568359375,206.01614379882812,293.45465087890625,30
1787128641,679211091,,ui,0.0,0.0,0.0,0
1787128642,678825765,,esp32,100.00276184082031,120.87942504882812,121.08397674560547,30
1787128642,679098857,,lidar,100.38721466064453,206.032470703125,293.45465087890625,30
1787128642,679117670,,ui,0.0,0.0,0.0,0
1787128643,678835031,,esp32,100.00788879394531,120.87942504882812,121.08397674560547,30
1787128643,679056285,,lidar,100.38721466064453,206.032470703125,293.45465087890625,30
1787128643,679069762,,ui,0.0,0.0,0.0,0
1787128644,678887840,,esp32,100.00788879394531,120.87942504882812,121.08397674560547,30
1787128644,679139100,,lidar,100.38721466064453,206.032470703125,293.45465087890625,30
1787128644,679151983,,ui,0.0,0.0,0.0,0
1787128645,678760716,,esp32,99.99465942382812,120.7901840209961,120.96023559570312,30
1787128645,679006083,,lidar,100.39186096191406,206.01614379882812,293.45465087890625,30
1787128645,679018703,,ui,0.0,0.0,0.0,0
1787128646,678798211,,esp32,99.99609375,120.7901840209961,120.96023559570312,30
1787128646,679092423,,lidar,100.47840881347656,206.01614379882812,293.45465087890625,30
1787128646,679115870,,ui,0.0,0.0,0.0,0
1787128647,678780504,,esp32,99.99764251708984,120.87942504882812,120.9757308959961,30
1787128647,679213068,,lidar,100.56281280517578,206.032470703125,293.45465087890625,30
1787128647,679249193,,ui,0.0,0.0,0.0,0
1787128648,678693419,,esp32,99.99764251708984,120.87942504882812,120.9757308959961,30
1787128648,678943172,,lidar,100.64506530761719,206.032470703125,293.45465087890625,30
1787128648,678957867,,ui,0.0,0.0,0.0,0
1787128649,678685974,,esp32,99.99764251708984,120.87942504882812,120.9757308959961,30
1787128649,678931171,,lidar,100.63409423828125,206.04881286621094,293.45465087890625,30
1787128649,678944816,,ui,0.0,0.0,0.0,0
1787128650,678544103,,esp32,99.99764251708984,120.87942504882812,120.9757308959961,30
1787128650,678784675,,lidar,100.59046936035156,206.032470703125,293.45465087890625,30
1787128650,678797535,,ui,0.0,0.0,0.0,0
1787128651,678575378,,esp32,100.0062255859375,120.87942504882812,120.9757308959961,30
1787128651,678823412,,lidar,100.24595642089844,206.01614379882812,293.45465087890625,30
1787128651,678836500,,ui,0.0,0.0,0.0,0
1787128652,678399128,,esp32,100.0059814453125,120.87942504882812,120.9757308959961,30
1787128652,678625589,,lidar,100.17871856689453,205.9998016357422,293.45465087890625,30
1787128652,678637374,,ui,0.0,0.0,0.0,0
1787128653,678612549,,esp32,100.00788879394531,120.87942504882812,120.9757308959961,30
1787128653,678865193,,lidar,100.10075378417969,205.98345947265625,293.45465087890625,30
1787128653,678879727,,ui,0.0,0.0,0.0,0
1787128654,678628401,,esp32,100.00788879394531,120.8583984375,120.9757308959961,30
1787128654,679053042,,lidar,100.00860595703125,205.96713256835938,293.45465087890625,30
1787128654,679085906,,ui,0.0,0.0,0.0,0
1787128655,678436201,,esp32,100.0062255859375,120.8583984375,120.9757308959961,30
1787128655,678648007,,lidar,99.99966430664062,205.98345947265625,293.45465087890625,30
1787128655,678659190,,ui,0.0,0.0,0.0,0
1787128656,678519288,,esp32,100.0113525390625,120.87974548339844,121.022705078125,30
1787128656,678932331,,lidar,99.90393829345703,205.9998016357422,293.45465087890625,30
1787128656,678965664,,ui,0.0,0.0,0.0,0
1787128657,678499354,,esp32,100.01611328125,120.96038818359375,121.17433166503906,30
1787128657,678769027,,lidar,99.95317077636719,204.8511505126953,293.45465087890625,30
1787128657,678784645,,ui,0.0,0.0,0.0,0
1787128658,678431628,,esp32,100.01611328125,120.96038818359375,121.17433166503906,30
1787128658,678781440,,lidar,100.04973602294922,204.8511505126953,293.45465087890625,30
1787128658,678817259,,ui,0.0,0.0,0.0,0
1787128659,678393782,,esp32,100.01898193359375,120.90492248535156,121.17433166503906,30
1787128659,678644182,,lidar,100.08001708984375,204.8616485595703,293.45465087890625,30
1787128659,678659301,,ui,0.0,0.0,0.0,0
1787128660,678301922,,esp32,100.01898193359375,120.90492248535156,121.17433166503906,30
1787128660,678571632,,lidar,100.25978088378906,204.8511505126953,293.45465087890625,30
1787128660,678586982,,ui,0.0,0.0,0.0,0
1787128661,678311656,,esp32,100.00788879394531,120.90492248535156,121.17433166503906,30
1787128661,678563283,,lidar,100.23629760742188,201.5462188720703,293.45465087890625,30
1787128661,678576575,,ui,0.0,0.0,0.0,0
1787128662,678382120,,esp32,100.0113525390625,120.90492248535156,121.17433166503906,30
1787128662,678831479,,lidar,100.25978088378906,201.50991821289062,293.45465087890625,30
1787128662,678868475,,ui,0.0,0.0,0.0,0
1787128663,678144136,,esp32,100.00788879394531,120.90492248535156,121.17433166503906,30
1787128663,678449306,,lidar,100.21281433105469,199.9184112548828,207.38839721679688,30
1787128663,678469376,,ui,0.0,0.0,0.0,0
1787128664,678247736,,esp32,100.0062255859375,120.90492248535156,121.17433166503906,30
1787128664,678551233,,lidar,100.03363800048828,199.01390075683594,207.38839721679688,30
1787128664,678567322,,ui,0.0,0.0,0.0,0
1787128665,678085677,,esp32,100.01898193359375,120.90492248535156,121.17433166503906,30
1787128665,678330999,,lidar,100.01754760742188,194.86085510253906,204.70404052734375,30
1787128665,678346721,,ui,0.0,0.0,0.0,0
1787128666,678202644,,esp32,100.0062255859375,120.90492248535156,121.17433166503906,30
1787128666,678647614,,lidar,100.04973602294922,194.86085510253906,204.70404052734375,30
1787128666,678683811,,ui,0.0,0.0,0.0,0
1787128667,678071464,,esp32,100.0062255859375,120.90492248535156,121.17433166503906,30
1787128667,678520450,,lidar,100.08477783203125,194.86085510253906,204.70404052734375,30
1787128667,678560163,,ui,0.0,0.0,0.0,0
1787128668,678153971,,esp32,100.0059814453125,120.95283508300781,121.17433166503906,30
1787128668,678591212,,lidar,100.21281433105469,194.86085510253906,204.70404052734375,30
1787128668,678626658,,ui,0.0,0.0,0.0,0
1787128669,678138592,,esp32,100.0059814453125,120.95283508300781,121.17433166503906,30
1787128669,678631596,,lidar,100.25978088378906,194.86085510253906,204.70404052734375,30
1787128669,678671557,,ui,0.0,0.0,0.0,0
1787128670,678031142,,esp32,100.00443267822266,120.9686508178711,121.17433166503906,30
1787128670,678311133,,lidar,100.21281433105469,194.86085510253906,204.70404052734375,30
1787128670,678328257,,ui,0.0,0.0,0.0,0
1787128671,678011448,,esp32,100.0059814453125,120.9686508178711,121.17433166503906,30
1787128671,678284226,,lidar,100.13973999023438,193.8705291748047,204.70404052734375,30
1787128671,678298427,,ui,0.0,0.0,0.0,0
1787128672,677943092,,esp32,100.00443267822266,120.9686508178711,121.17433166503906,30
1787128672,678192718,,lidar,100.19469451904297,193.87820434570312,204.70404052734375,30
1787128672,678208685,,ui,0.0,0.0,0.0,0
1787128673,677810026,,esp32,100.0010986328125,120.9686508178711,121.17433166503906,30
1787128673,678176430,,lidar,100.34918975830078,193.87820434570312,204.70404052734375,30
1787128673,678210997,,ui,0.0,0.0,0.0,0
1787128674,677920309,,esp32,99.99525451660156,120.9686508178711,121.17433166503906,30
1787128674,678318893,,lidar,100.25978088378906,193.87820434570312,204.70404052734375,30
1787128674,678350709,,ui,0.0,0.0,0.0,0
1787128675,677867736,,esp32,100.00491333007812,120.9686508178711,121.17433166503906,30
1787128675,678125778,,lidar,100.25978088378906,193.87820434570312,204.70404052734375,30
1787128675,678140824,,ui,0.0,0.0,0.0,0
1787128676,677883739,,esp32,100.00466918945312,120.9686508178711,121.17433166503906,30
1787128676,678155159,,lidar,100.19469451904297,193.87820434570312,204.70404052734375,30
1787128676,678171156,,ui,0.0,0.0,0.0,0
1787128677,677692809,,esp32,100.00347900390625,120.95276641845703,121.17433166503906,30
1787128677,677930370,,lidar,100.25978088378906,194.86085510253906,204.70404052734375,30
1787128677,677943759,,ui,0.0,0.0,0.0,0
1787128678,677757476,,esp32,99.99394226074219,120.95276641845703,121.17433166503906,30
1787128678,678124320,,lidar,100.21281433105469,194.86085510253906,204.70404052734375,30
1787128678,678165775,,ui,0.0,0.0,0.0,0
1787128679,677601303,,esp32,99.99048614501953,120.95276641845703,121.17433166503906,30
1787128679,677838619,,lidar,100.30448150634766,191.55369567871094,204.70404052734375,30
1787128679,677852399,,ui,0.0,0.0,0.0,0
1787128680,677729631,,esp32,99.99716186523438,120.95276641845703,121.17433166503906,30
1787128680,678021792,,lidar,100.38399505615234,191.55369567871094,204.70404052734375,30
1787128680,678037487,,ui,0.0,0.0,0.0,0
1787128681,677527119,,esp32,99.99048614501953,120.95276641845703,121.17433166503906,30
1787128681,677790938,,lidar,100.42035675048828,191.55369567871094,204.70404052734375,30
1787128681,677808655,,ui,0.0,0.0,0.0,0
1787128682,677643575,,esp32,99.99048614501953,120.95276641845703,121.17433166503906,30
1787128682,677895728,,lidar,100.42035675048828,191.55369567871094,204.70404052734375,30
1787128682,677909377,,ui,0.0,0.0,0.0,0
1787128683,677569475,,esp32,99.99048614501953,120.95276641845703,121.17433166503906,30
1787128683,677807973,,lidar,100.42035675048828,191.55369567871094,204.70404052734375,30
1787128683,677822208,,ui,0.0,0.0,0.0,0
1787128684,677507556,,esp32,99.99048614501953,120.95276641845703,121.17433166503906,30
1787128684,677765325,,lidar,100.46685028076172,191.55369567871094,204.70404052734375,30
1787128684,677780256,,ui,0.0,0.0,0.0,0
1787128685,677228694,,esp32,99.99048614501953,120.95276641845703,121.17433166503906,30
1787128685,677326107,,lidar,100.44741821289062,191.55369567871094,204.70404052734375,30
1787128685,677330966,,ui,0.0,0.0,0.0,0
1787128686,677471807,,esp32,99.98965454101562,120.90469360351562,121.17433166503906,30
1787128686,677769155,,lidar,100.42190551757812,147.48399353027344,202.58450317382812,30
1787128686,677795353,,ui,0.0,0.0,0.0,0
1787128687,677520001,,esp32,99.98881530761719,120.7245864868164,120.96858215332031,30
1787128687,677773148,,lidar,100.433349609375,147.48399353027344,202.58450317382812,30
1787128687,677788155,,ui,0.0,0.0,0.0,0
1787128688,677463088,,esp32,99.99048614501953,120.7245864868164,120.96858215332031,30
1787128688,677783187,,lidar,100.42190551757812,147.48399353027344,202.58450317382812,30
1787128688,677809507,,ui,0.0,0.0,0.0,0
1787128689,677509941,,esp32,99.99239349365234,120.67013549804688,120.96858215332031,30
1787128689,677798607,,lidar,100.41571044921875,120.099365234375,202.58450317382812,30
1787128689,677813052,,ui,0.0,0.0,0.0,0
1787128690,677471434,,esp32,99.99048614501953,120.67013549804688,120.96858215332031,30
1787128690,677793311,,lidar,100.41571044921875,125.68628692626953,202.58450317382812,30
1787128690,677816201,,ui,0.0,0.0,0.0,0
1787128691,677387811,,esp32,99.99239349365234,120.67013549804688,120.96858215332031,30
1787128691,677669088,,lidar,100.38924407958984,125.68628692626953,202.58450317382812,30
1787128691,677684325,,ui,0.0,0.0,0.0,0
1787128692,676975382,,esp32,99.99239349365234,120.67013549804688,120.96858215332031,30
1787128692,677094068,,lidar,100.21698760986328,125.68628692626953,202.58450317382812,30
1787128692,677102884,,ui,0.0,0.0,0.0,0
1787128693,677189095,,esp32,99.99716186523438,120.67013549804688,120.96858215332031,30
1787128693,677560249,,lidar,100.21698760986328,125.68628692626953,202.58450317382812,30
1787128693,677589264,,ui,0.0,0.0,0.0,0
1787128694,677165388,,esp32,99.99716186523438,120.67013549804688,120.96858215332031,30
1787128694,677426140,,lidar,100.21698760986328,125.68628692626953,202.58450317382812,30
1787128694,677448698,,ui,0.0,0.0,0.0,0
1787128695,677021822,,esp32,99.99239349365234,120.67013549804688,120.96858215332031,30
1787128695,677124371,,lidar,100.113037109375,125.68628692626953,202.58450317382812,30
1787128695,677129432,,ui,0.0,0.0,0.0,0
1787128696,676964275,,esp32,100.00264739990234,120.67013549804688,120.96858215332031,30
1787128696,677164835,,lidar,100.113037109375,125.68628692626953,202.58450317382812,30
1787128696,677180805,,ui,0.0,0.0,0.0,0
1787128697,677179024,,esp32,100.00360107421875,120.44136047363281,120.96858215332031,30
1787128697,677444818,,lidar,100.35383605957031,125.68628692626953,202.58450317382812,30
1787128697,677459662,,ui,0.0,0.0,0.0,0
1787128698,677070587,,esp32,100.00300598144531,120.38429260253906,120.96858215332031,30
1787128698,677308418,,lidar,100.05474090576172,129.62823486328125,202.58450317382812,30
1787128698,677321243,,ui,0.0,0.0,0.0,0
1787128699,677160316,,esp32,100.00300598144531,120.30563354492188,120.96858215332031,30
1787128699,677442535,,lidar,100.05474090576172,129.62823486328125,202.58450317382812,30
1787128699,677458629,,ui,0.0,0.0,0.0,0
1787128700,677148810,,esp32,100.00300598144531,120.10296630859375,120.43905639648438,30
1787128700,677467666,,lidar,100.14128875732422,129.62823486328125,202.58450317382812,30
1787128700,677488157,,ui,0.0,0.0,0.0,0
1787128701,677050349,,esp32,100.00300598144531,120.10296630859375,120.43905639648438,30
1787128701,677292851,,lidar,100.35848999023438,129.62823486328125,202.58450317382812,30
1787128701,677305888,,ui,0.0,0.0,0.0,0
1787128702,677043027,,esp32,100.00360107421875,120.07086944580078,120.43905639648438,30
1787128702,677330743,,lidar,100.17668914794922,125.68628692626953,202.58450317382812,30
1787128702,677349698,,ui,0.0,0.0,0.0,0
1787128703,676943824,,esp32,100.00431823730469,119.82099151611328,120.43905639648438,30
1787128703,677236196,,lidar,100.12495422363281,125.68628692626953,202.58450317382812,30
1787128703,677254902,,ui,0.0,0.0,0.0,0
1787128704,676811777,,esp32,100.00586700439453,119.81468200683594,120.06997680664062,30
1787128704,677088866,,lidar,100.21209716796875,125.67218017578125,202.58450317382812,30
1787128704,677103109,,ui,0.0,0.0,0.0,0
1787128705,677025652,,esp32,100.00241088867188,119.81468200683594,120.06997680664062,30
1787128705,677288998,,lidar,100.17668914794922,125.68628692626953,202.58450317382812,30
1787128705,677303631,,ui,0.0,0.0,0.0,0
1787128706,677068946,,esp32,100.0019302368164,119.81468200683594,120.06997680664062,30
1787128706,677359801,,lidar,100.17668914794922,125.68628692626953,202.58450317382812,30
1787128706,677374724,,ui,0.0,0.0,0.0,0
1787128707,676943325,,esp32,100.00300598144531,119.81468200683594,120.06997680664062,30
1787128707,677232150,,lidar,100.04842376708984,124.96607971191406,200.66404724121094,30
1787128707,677247093,,ui,0.0,0.0,0.0,0
1787128708,676844469,,esp32,100.00479125976562,119.81468200683594,120.06997680664062,30
1787128708,677293025,,lidar,100.12495422363281,124.96607971191406,200.66404724121094,30
1787128708,677333222,,ui,0.0,0.0,0.0,0
1787128709,676872568,,esp32,100.00884246826172,119.72447204589844,120.06997680664062,30
1787128709,677133569,,lidar,100.05474090576172,124.9729232788086,200.66404724121094,30
1787128709,677146900,,ui,0.0,0.0,0.0,0
1787128710,676738343,,esp32,100.00753784179688,119.81603240966797,120.06997680664062,30
1787128710,677090449,,lidar,100.12495422363281,124.96607971191406,200.66404724121094,30
1787128710,677110433,,ui,0.0,0.0,0.0,0
1787128711,676794808,,esp32,100.00479125976562,119.95539855957031,121.4182357788086,30
1787128711,677079628,,lidar,99.9968032836914,125.65807342529297,200.66404724121094,30
1787128711,677092870,,ui,0.0,0.0,0.0,0
1787128712,676702929,,esp32,100.00884246826172,119.95539855957031,121.4182357788086,30
1787128712,677181817,,lidar,99.9968032836914,127.15941619873047,200.66404724121094,30
1787128712,677222605,,ui,0.0,0.0,0.0,0
1787128713,676506307,,esp32,100.00884246826172,119.95539855957031,121.4182357788086,30
1787128713,676769664,,lidar,100.05474090576172,193.89402770996094,200.66404724121094,30
1787128713,676783159,,ui,0.0,0.0,0.0,0
1787128714,676795683,,esp32,100.00884246826172,119.95539855957031,121.4182357788086,30
1787128714,677241666,,lidar,99.95150756835938,193.89402770996094,200.66404724121094,30
1787128714,677283811,,ui,0.0,0.0,0.0,0
1787128715,676726218,,esp32,100.00884246826172,119.95539855957031,121.4182357788086,30
1787128715,677167767,,lidar,100.04842376708984,198.49462890625,298.0563659667969,30
1787128715,677203642,,ui,0.0,0.0,0.0,0
1787128716,676659239,,esp32,100.00884246826172,119.95539855957031,121.4182357788086,30
1787128716,676973647,,lidar,99.93099975585938,198.49462890625,298.0563659667969,30
1787128716,676995486,,ui,0.0,0.0,0.0,0
1787128717,676588726,,esp32,100.00753784179688,119.95539855957031,121.4182357788086,30
1787128717,676935353,,lidar,99.89869689941406,198.49462890625,298.0563659667969,30
1787128717,676964752,,ui,0.0,0.0,0.0,0
1787128718,676561411,,esp32,100.00455474853516,119.95539855957031,121.4182357788086,30
1787128718,676829244,,lidar,99.82431030273438,198.49462890625,298.0563659667969,30
1787128718,676846691,,ui,0.0,0.0,0.0,0
1787128719,676564925,,esp32,100.00753784179688,119.95539855957031,121.4182357788086,30
1787128719,676860874,,lidar,99.89869689941406,198.49462890625,298.0563659667969,30
1787128719,676880356,,ui,0.0,0.0,0.0,0
1787128720,676584596,,esp32,100.00872802734375,119.95539855957031,121.4182357788086,30
1787128720,676850618,,lidar,99.89869689941406,198.49462890625,298.0563659667969,30
1787128720,676866018,,ui,0.0,0.0,0.0,0
1787128721,676499834,,esp32,100.00979614257812,119.95539855957031,121.4182357788086,30
1787128721,676767249,,lidar,99.93099975585938,198.49462890625,298.0563659667969,30
1787128721,676785810,,ui,0.0,0.0,0.0,0
1787128722,676461604,,esp32,100.00979614257812,119.95539855957031,121.4182357788086,30
1787128722,676909110,,lidar,100.04425048828125,198.51222229003906,298.0563659667969,30
1787128722,676945257,,ui,0.0,0.0,0.0,0
1787128723,676432561,,esp32,100.00872802734375,119.87089538574219,121.4182357788086,30
1787128723,676687395,,lidar,100.12495422363281,198.5298309326172,298.0563659667969,30
1787128723,676701975,,ui,0.0,0.0,0.0,0
1787128724,676457139,,esp32,100.00753784179688,119.87089538574219,121.4182357788086,30
1787128724,676841839,,lidar,100.2205581665039,198.5298309326172,298.0563659667969,30
1787128724,676874211,,ui,0.0,0.0,0.0,0
1787128725,676290209,,esp32,100.00753784179688,119.81517791748047,121.4182357788086,30
1787128725,676589980,,lidar,100.23140716552734,198.5298309326172,298.0563659667969,30
1787128725,676608104,,ui,0.0,0.0,0.0,0
1787128726,676317559,,esp32,100.00753784179688,119.81517791748047,121.4182357788086,30
1787128726,676755672,,lidar,100.2205581665039,198.5298309326172,298.0563659667969,30
1787128726,676787993,,ui,0.0,0.0,0.0,0
1787128727,676331144,,esp32,100.0008544921875,119.67497253417969,121.4182357788086,30
1787128727,676594470,,lidar,100.2205581665039,198.5298309326172,298.0563659667969,30
1787128727,676607918,,ui,0.0,0.0,0.0,0
1787128728,676250456,,esp32,100.0070571899414,119.8475112915039,121.4182357788086,30
1787128728,676642362,,lidar,100.2290267944336,197.91494750976562,298.0563659667969,30
1787128728,676673127,,ui,0.0,0.0,0.0,0
1787128729,676243887,,esp32,99.99883270263672,119.8475112915039,121.4182357788086,30
1787128729,676686905,,lidar,100.21209716796875,197.91494750976562,298.0563659667969,30
1787128729,676743816,,ui,0.0,0.0,0.0,0
1787128730,676012136,,esp32,100.00360107421875,119.87089538574219,121.4182357788086,30
1787128730,676273706,,lidar,100.23379516601562,197.91494750976562,298.0563659667969,30
1787128730,676286025,,ui,0.0,0.0,0.0,0
1787128731,676160485,,esp32,100.0070571899414,119.87089538574219,121.4182357788086,30
1787128731,676451449,,lidar,100.21209716796875,197.91494750976562,298.0563659667969,30
1787128731,676469482,,ui,0.0,0.0,0.0,0
1787128732,676187763,,esp32,100.00050354003906,119.87089538574219,121.4182357788086,30
1787128732,676606000,,lidar,100.04425048828125,197.91494750976562,298.0563659667969,30
1787128732,676630925,,ui,0.0,0.0,0.0,0
1787128733,675822995,,esp32,100.00050354003906,120.0609359741211,121.4182357788086,30
1787128733,675943242,,lidar,99.97439575195312,197.91494750976562,298.0563659667969,30
1787128733,675947667,,ui,0.0,0.0,0.0,0
1787128734,675995316,,esp32,99.99800109863281,120.0609359741211,121.4182357788086,30
1787128734,676348587,,lidar,100.09837341308594,197.919921875,298.0563659667969,30
1787128734,676373806,,ui,0.0,0.0,0.0,0
1787128735,675904349,,esp32,100.00228881835938,120.0609359741211,121.4182357788086,30
1787128735,676148565,,lidar,99.95663452148438,197.919921875,298.0563659667969,30
1787128735,676160032,,ui,0.0,0.0,0.0,0
1787128736,675775679,,esp32,100.00228881835938,120.0609359741211,121.4182357788086,30
1787128736,675960365,,lidar,99.91705322265625,197.919921875,298.0563659667969,30
1787128736,675970115,,ui,0.0,0.0,0.0,0
1787128737,675841637,,esp32,100.00228881835938,120.0609359741211,121.4182357788086,30
1787128737,676120145,,lidar,99.97439575195312,197.9248809814453,298.0563659667969,30
1787128737,676140356,,ui,0.0,0.0,0.0,0
1787128738,676037632,,esp32,99.99800109863281,120.16502380371094,121.4182357788086,30
1787128738,676482189,,lidar,99.88689422607422,197.9248809814453,298.0563659667969,30
1787128738,676514466,,ui,0.0,0.0,0.0,0
1787128739,675637016,,esp32,99.99633026123047,120.16502380371094,121.4182357788086,30
1787128739,675799031,,lidar,99.81644439697266,197.919921875,298.0563659667969,30
1787128739,675808565,,ui,0.0,0.0,0.0,0
1787128740,675884123,,esp32,99.99800109863281,120.16502380371094,121.4182357788086,30
1787128740,676332261,,lidar,99.74598693847656,197.9248809814453,298.0563659667969,30
1787128740,676366318,,ui,0.0,0.0,0.0,0
1787128741,676033923,,esp32,99.99954986572266,119.99681091308594,120.81932830810547,30
1787128741,676348396,,lidar,99.93887329101562,197.9248809814453,298.0563659667969,30
1787128741,676369626,,ui,0.0,0.0,0.0,0
1787128742,675916768,,esp32,99.99764251708984,119.99681091308594,120.81932830810547,30
1787128742,676188128,,lidar,99.93887329101562,197.73641967773438,298.0563659667969,30
1787128742,676201755,,ui,0.0,0.0,0.0,0
1787128743,675751599,,esp32,99.99764251708984,119.99681091308594,120.81932830810547,30
1787128743,676074105,,lidar,99.89106750488281,196.8128204345703,298.0563659667969,30
1787128743,676088823,,ui,0.0,0.0,0.0,0
1787128744,675764860,,esp32,99.99954986572266,120.16502380371094,120.81932830810547,30
1787128744,676032852,,lidar,99.91085815429688,196.8128204345703,298.0563659667969,30
1787128744,676045777,,ui,0.0,0.0,0.0,0
1787128745,675387619,,esp32,99.99954986572266,120.16502380371094,120.81932830810547,30
1787128745,675513828,,lidar,99.8952407836914,124.39344787597656,197.87525939941406,30
1787128745,675520490,,ui,0.0,0.0,0.0,0
1787128746,675801982,,esp32,99.99764251708984,120.16502380371094,120.81932830810547,30
1787128746,676181010,,lidar,99.91085815429688,190.4641876220703,213.27090454101562,30
1787128746,676209966,,ui,0.0,0.0,0.0,0
1787128747,675650807,,esp32,99.99954986572266,120.20680236816406,120.81932830810547,30
1787128747,676034057,,lidar,99.73633575439453,190.4641876220703,213.27090454101562,30
1787128747,676061922,,ui,0.0,0.0,0.0,0
1787128748,675634792,,esp32,99.99954986572266,120.20680236816406,120.81932830810547,30
1787128748,675901214,,lidar,99.73633575439453,190.4641876220703,213.27090454101562,30
1787128748,675914164,,ui,0.0,0.0,0.0,0
1787128749,675612692,,esp32,99.99883270263672,120.20680236816406,120.81932830810547,30
1787128749,675875924,,lidar,99.82061767578125,190.4641876220703,213.27090454101562,30
1787128749,675888794,,ui,0.0,0.0,0.0,0
1787128750,675585454,,esp32,99.9948959350586,120.20680236816406,120.81932830810547,30
1787128750,675883510,,lidar,99.82061767578125,190.4641876220703,213.27090454101562,30
1787128750,675901790,,ui,0.0,0.0,0.0,0
1787128751,675603088,,esp32,99.99370574951172,120.20680236816406,120.81932830810547,30
1787128751,675921799,,lidar,99.73633575439453,190.4641876220703,213.27090454101562,30
1787128751,675936824,,ui,0.0,0.0,0.0,0
1787128752,675566284,,esp32,99.99370574951172,120.20680236816406,120.81932830810547,30
1787128752,675966408,,lidar,99.68090057373047,190.3877716064453,213.27090454101562,30
1787128752,675997660,,ui,0.0,0.0,0.0,0
1787128753,675525723,,esp32,99.9948959350586,120.20680236816406,120.81932830810547,30
1787128753,675924574,,lidar,99.68090057373047,192.30438232421875,213.27090454101562,30
1787128753,675954124,,ui,0.0,0.0,0.0,0
1787128754,675471412,,esp32,99.9948959350586,120.20680236816406,120.81932830810547,30
1787128754,675825920,,lidar,99.65968322753906,192.30438232421875,213.27090454101562,30
1787128754,675854991,,ui,0.0,0.0,0.0,0
1787128755,675475134,,esp32,99.99513244628906,120.20680236816406,120.81932830810547,30
1787128755,675896924,,lidar,99.64418029785156,192.35890197753906,213.27090454101562,30
1787128755,675928260,,ui,0.0,0.0,0.0,0
1787128756,675344130,,esp32,99.99251556396484,120.20680236816406,120.81932830810547,30
1787128756,675601562,,lidar,99.70378875732422,197.7037353515625,213.27090454101562,30
1787128756,675616755,,ui,0.0,0.0,0.0,0
1787128757,675253068,,esp32,99.99358367919922,120.48925018310547,120.81932830810547,30
1787128757,675586587,,lidar,99.70378875732422,197.7037353515625,213.27090454101562,30
1787128757,675611311,,ui,0.0,0.0,0.0,0
1787128758,675078709,,esp32,99.99251556396484,120.48925018310547,120.81932830810547,30
1787128758,675204566,,lidar,99.80702209472656,197.7037353515625,213.27090454101562,30
1787128758,675212970,,ui,0.0,0.0,0.0,0
1787128759,675214921,,esp32,99.99358367919922,120.6455078125,120.81932830810547,30
1787128759,675482893,,lidar,99.80702209472656,197.7037353515625,213.27090454101562,30
1787128759,675496626,,ui,0.0,0.0,0.0,0
1787128760,675213593,,esp32,99.99251556396484,120.6455078125,120.81932830810547,30
1787128760,675499169,,lidar,99.65968322753906,197.66452026367188,213.27090454101562,30
1787128760,675513888,,ui,0.0,0.0,0.0,0
1787128761,675301735,,esp32,99.99024963378906,120.6455078125,120.81932830810547,30
1787128761,675579664,,lidar,99.72667694091797,197.74295043945312,213.27090454101562,30
1787128761,675593365,,ui,0.0,0.0,0.0,0
1787128762,674891924,,esp32,99.98834228515625,120.6455078125,120.81932830810547,30
1787128762,674992579,,lidar,99.73633575439453,201.4483184814453,213.27090454101562,30
1787128762,674998229,,ui,0.0,0.0,0.0,0
1787128763,675146433,,esp32,99.99156188964844,120.48831176757812,120.76687622070312,30
1787128763,675577744,,lidar,99.8678207397461,201.9697265625,213.27090454101562,30
1787128763,675613003,,ui,0.0,0.0,0.0,0
1787128764,675066046,,esp32,99.98834228515625,120.48831176757812,120.76687622070312,30
1787128764,675437091,,lidar,99.68090057373047,201.9697265625,213.27090454101562,30
1787128764,675464152,,ui,0.0,0.0,0.0,0
1787128765,674832650,,esp32,99.98834228515625,120.48831176757812,120.76687622070312,30
1787128765,674917134,,lidar,99.92646789550781,201.9697265625,213.27090454101562,30
1787128765,674920848,,ui,0.0,0.0,0.0,0
1787128766,675026278,,esp32,99.98750305175781,120.48831176757812,120.76687622070312,30
1787128766,675295764,,lidar,99.95746612548828,201.97805786132812,213.27090454101562,30
1787128766,675312316,,ui,0.0,0.0,0.0,0
1787128767,675058065,,esp32,99.98631286621094,120.48831176757812,120.76687622070312,30
1787128767,675445700,,lidar,99.92646789550781,201.98638916015625,213.27090454101562,30
1787128767,675474913,,ui,0.0,0.0,0.0,0
1787128768,674969659,,esp32,99.98631286621094,120.48831176757812,120.76687622070312,30
1787128768,675260625,,lidar,99.94363403320312,201.9947052001953,213.27090454101562,30
1787128768,675278905,,ui,0.0,0.0,0.0,0
1787128769,675003074,,esp32,99.97987365722656,120.6455078125,140.52891540527344,30
1787128769,675265441,,lidar,100.06951904296875,202.00303649902344,213.27090454101562,30
1787128769,675278507,,ui,0.0,0.0,0.0,0
1787128770,674849113,,esp32,99.97796630859375,120.6455078125,140.52891540527344,30
1787128770,675011061,,lidar,100.06951904296875,203.0696563720703,297.8148498535156,30
1787128770,675018785,,ui,0.0,0.0,0.0,0
1787128771,675149686,,esp32,99.9766616821289,120.6455078125,140.52891540527344,30
1787128771,675624356,,lidar,100.01516723632812,203.09349060058594,297.8148498535156,30
1787128771,675668506,,ui,0.0,0.0,0.0,0
1787128772,674889700,,esp32,99.97904205322266,120.6455078125,140.52891540527344,30
1787128772,675213831,,lidar,99.94363403320312,203.09349060058594,297.8148498535156,30
1787128772,675232480,,ui,0.0,0.0,0.0,0
1787128773,674852367,,esp32,99.98631286621094,120.6455078125,140.52891540527344,30
1787128773,675147729,,lidar,99.94363403320312,203.09349060058594,297.8148498535156,30
1787128773,675165754,,ui,0.0,0.0,0.0,0
1787128774,674919980,,esp32,99.98262023925781,120.48831176757812,140.52891540527344,30
1787128774,675200237,,lidar,100.06951904296875,203.11734008789062,297.8148498535156,30
1787128774,675214493,,ui,0.0,0.0,0.0,0
1787128775,675004286,,esp32,99.98631286621094,120.48831176757812,140.52891540527344,30
1787128775,675454650,,lidar,100.06951904296875,203.11734008789062,297.8148498535156,30
1787128775,675487576,,ui,0.0,0.0,0.0,0
1787128776,674957287,,esp32,99.98750305175781,120.48831176757812,140.52891540527344,30
1787128776,675413015,,lidar,100.06951904296875,202.191162109375,297.8148498535156,30
1787128776,675450840,,ui,0.0,0.0,0.0,0
1787128777,674907274,,esp32,99.98750305175781,120.48194122314453,140.52891540527344,30
1787128777,675173938,,lidar,100.12579345703125,202.191162109375,297.8148498535156,30
1787128777,675186708,,ui,0.0,0.0,0.0,0
1787128778,674904543,,esp32,99.98750305175781,120.48194122314453,140.52891540527344,30
1787128778,675198845,,lidar,100.24070739746094,202.8460235595703,297.8148498535156,30
1787128778,675212383,,ui,0.0,0.0,0.0,0
1787128779,674935825,,esp32,99.98715209960938,120.48194122314453,140.52891540527344,30
1787128779,675206539,,lidar,100.39949035644531,202.85826110839844,297.8148498535156,30
1787128779,675219458,,ui,0.0,0.0,0.0,0
1787128780,674899637,,esp32,99.98715209960938,120.48194122314453,140.52891540527344,30
1787128780,675200582,,lidar,100.43156433105469,202.8643798828125,297.8148498535156,30
1787128780,675218907,,ui,0.0,0.0,0.0,0
1787128781,674814874,,esp32,99.98715209960938,120.48194122314453,140.52891540527344,30
1787128781,675231993,,lidar,100.43156433105469,202.8643798828125,297.8148498535156,30
1787128781,675264856,,ui,0.0,0.0,0.0,0
1787128782,674850230,,esp32,99.98750305175781,120.48194122314453,140.52891540527344,30
1787128782,675115920,,lidar,100.46052551269531,202.87049865722656,297.8148498535156,30
1787128782,675130087,,ui,0.0,0.0,0.0,0
1787128783,674824630,,esp32,99.98810577392578,120.48194122314453,140.52891540527344,30
1787128783,675094513,,lidar,100.43156433105469,203.4714813232422,297.8148498535156,30
1787128783,675107454,,ui,0.0,0.0,0.0,0
1787128784,674763962,,esp32,99.98893737792969,120.48194122314453,140.52891540527344,30
1787128784,675110710,,lidar,100.48150634765625,203.47799682617188,297.8148498535156,30
1787128784,675140621,,ui,0.0,0.0,0.0,0
1787128785,674778614,,esp32,99.98715209960938,120.48194122314453,140.52891540527344,30
1787128785,675046325,,lidar,100.50332641601562,203.48451232910156,297.8148498535156,30
1787128785,675059698,,ui,0.0,0.0,0.0,0
1787128786,674710252,,esp32,99.98715209960938,120.48194122314453,140.52891540527344,30
1787128786,675047720,,lidar,100.52513885498047,204.18275451660156,297.8148498535156,30
1787128786,675072559,,ui,0.0,0.0,0.0,0
1787128787,674763733,,esp32,99.98893737792969,120.04895782470703,140.52891540527344,30
1787128787,675224273,,lidar,100.52513885498047,204.18275451660156,297.8148498535156,30
1787128787,675258850,,ui,0.0,0.0,0.0,0
1787128788,674699049,,esp32,99.990966796875,120.1700439453125,140.52891540527344,30
1787128788,674984466,,lidar,100.46124267578125,204.18275451660156,297.8148498535156,30
1787128788,674999545,,ui,0.0,0.0,0.0,0
1787128789,674694985,,esp32,99.990966796875,120.04855346679688,140.52891540527344,30
1787128789,674984127,,lidar,100.46052551269531,204.18275451660156,297.8148498535156,30
1787128789,675007641,,ui,0.0,0.0,0.0,0
1787128790,674680776,,esp32,99.9919204711914,120.04855346679688,140.52891540527344,30
1787128790,674968096,,lidar,100.46052551269531,204.9020538330078,297.8148498535156,30
1787128790,674984446,,ui,0.0,0.0,0.0,0
1787128791,674462775,,esp32,99.99358367919922,120.04855346679688,140.52891540527344,30
1787128791,674823563,,lidar,100.45814514160156,204.8963165283203,297.8148498535156,30
1787128791,674848274,,ui,0.0,0.0,0.0,0
1787128792,674606925,,esp32,99.99358367919922,120.1700439453125,140.52891540527344,30
1787128792,674902363,,lidar,100.3623046875,204.19110107421875,297.8148498535156,30
1787128792,674917272,,ui,0.0,0.0,0.0,0
1787128793,674490606,,esp32,99.99203491210938,120.1700439453125,140.52891540527344,30
1787128793,674752779,,lidar,100.34751892089844,204.18275451660156,297.8148498535156,30
1787128793,674766128,,ui,0.0,0.0,0.0,0
1787128794,674541672,,esp32,99.99358367919922,120.1700439453125,140.52891540527344,30
1787128794,674808154,,lidar,100.45933532714844,204.17442321777344,297.8148498535156,30
1787128794,674822873,,ui,0.0,0.0,0.0,0
1787128795,674002742,,esp32,99.99358367919922,120.1700439453125,140.52891540527344,30
1787128795,674089511,,lidar,100.3623046875,204.17442321777344,297.8148498535156,30
1787128795,674093984,,ui,0.0,0.0,0.0,0
1787128796,674287128,,esp32,99.99525451660156,120.1700439453125,140.52891540527344,30
1787128796,674535407,,lidar,100.34751892089844,204.16607666015625,297.8148498535156,30
1787128796,674547620,,ui,0.0,0.0,0.0,0
1787128797,674353832,,esp32,99.99525451660156,120.08821105957031,140.52891540527344,30
1787128797,674672308,,lidar,100.3623046875,204.15774536132812,297.8148498535156,30
1787128797,674691409,,ui,0.0,0.0,0.0,0
1787128798,674169275,,esp32,99.99775695800781,120.08821105957031,140.52891540527344,30
1787128798,674585918,,lidar,100.41499328613281,204.14939880371094,297.8148498535156,30
1787128798,674616533,,ui,0.0,0.0,0.0,0
1787128799,674150022,,esp32,100.00169372558594,120.08821105957031,120.2747802734375,30
1787128799,674426309,,lidar,100.40461730957031,204.14105224609375,297.8148498535156,30
1787128799,674442007,,ui,0.0,0.0,0.0,0
1787128800,674187233,,esp32,100.00657653808594,120.08821105957031,120.2747802734375,30
1787128800,674629241,,lidar,100.34751892089844,203.45193481445312,211.78292846679688,30
1787128800,674661918,,ui,0.0,0.0,0.0,0
1787128801,674385976,,esp32,100.00657653808594,120.08821105957031,120.2747802734375,30
1787128801,674743929,,lidar,100.31556701660156,204.05860900878906,211.78292846679688,30
1787128801,674766070,,ui,0.0,0.0,0.0,0
1787128802,674293002,,esp32,100.0069351196289,120.08821105957031,120.2747802734375,30
1787128802,674563718,,lidar,100.37708282470703,204.06256103515625,211.78292846679688,30
1787128802,674576869,,ui,0.0,0.0,0.0,0
1787128803,674296047,,esp32,100.00169372558594,120.16985321044922,120.66674041748047,30
1787128803,674572172,,lidar,100.43775939941406,204.0665283203125,211.78292846679688,30
1787128803,674586926,,ui,0.0,0.0,0.0,0
1787128804,674242402,,esp32,100.0069351196289,120.17552185058594,120.66674041748047,30
1787128804,674537599,,lidar,100.46052551269531,204.06256103515625,211.78292846679688,30
1787128804,674550710,,ui,0.0,0.0,0.0,0
1787128805,673995732,,esp32,100.00431823730469,120.17552185058594,120.66674041748047,30
1787128805,674211288,,lidar,100.40461730957031,204.0665283203125,211.78292846679688,30
1787128805,674237466,,ui,0.0,0.0,0.0,0
1787128806,674198678,,esp32,100.00979614257812,120.19216918945312,120.66674041748047,30
1787128806,674513087,,lidar,100.41499328613281,204.06256103515625,211.78292846679688,30
1787128806,674531550,,ui,0.0,0.0,0.0,0
1787128807,674159264,,esp32,100.0069351196289,120.19216918945312,120.66674041748047,30
1787128807,674470003,,lidar,100.37708282470703,204.06256103515625,211.78292846679688,30
1787128807,674488135,,ui,0.0,0.0,0.0,0
1787128808,674328555,,esp32,100.0069351196289,120.27599334716797,120.66674041748047,30
1787128808,674818752,,lidar,100.37708282470703,204.05465698242188,211.78292846679688,30
1787128808,674855680,,ui,0.0,0.0,0.0,0
1787128809,674078752,,esp32,100.0071792602539,120.27599334716797,120.66674041748047,30
1787128809,674373299,,lidar,100.27861785888672,204.0467529296875,211.78292846679688,30
1787128809,674388128,,ui,0.0,0.0,0.0,0
1787128810,674105487,,esp32,100.00586700439453,120.27599334716797,120.66674041748047,30
1787128810,674435114,,lidar,100.25202941894531,204.04278564453125,211.78292846679688,30
1787128810,674450526,,ui,0.0,0.0,0.0,0
1787128811,674069740,,esp32,100.00372314453125,120.27599334716797,120.66674041748047,30
1787128811,674580913,,lidar,100.17955017089844,204.04278564453125,211.78292846679688,30
1787128811,674621580,,ui,0.0,0.0,0.0,0
1787128812,674008978,,esp32,100.00372314453125,120.39742279052734,120.66674041748047,30
1787128812,674317126,,lidar,100.16918182373047,204.03883361816406,211.78292846679688,30
1787128812,674333585,,ui,0.0,0.0,0.0,0
1787128813,673976934,,esp32,100.00169372558594,120.54813385009766,120.9299545288086,30
1787128813,674276722,,lidar,100.10957336425781,202.40333557128906,211.78292846679688,30
1787128813,674290607,,ui,0.0,0.0,0.0,0
1787128814,673977656,,esp32,99.995849609375,120.54813385009766,120.9299545288086,30
1787128814,674296115,,lidar,100.07536315917969,202.38121032714844,211.78292846679688,30
1787128814,674314245,,ui,0.0,0.0,0.0,0
1787128815,673992661,,esp32,100.00169372558594,120.54813385009766,120.9299545288086,30
1787128815,674337331,,lidar,100.0823974609375,202.35906982421875,211.78292846679688,30
1787128815,674355485,,ui,0.0,0.0,0.0,0
1787128816,673986808,,esp32,100.00372314453125,120.54813385009766,120.9299545288086,30
1787128816,674349038,,lidar,100.07536315917969,194.2386016845703,211.78292846679688,30
1787128816,674372023,,ui,0.0,0.0,0.0,0
1787128817,674014415,,esp32,100.00121307373047,120.54813385009766,120.9299545288086,30
1787128817,674513580,,lidar,100.10957336425781,199.930908203125,211.78292846679688,30
1787128817,674561099,,ui,0.0,0.0,0.0,0
1787128818,673641676,,esp32,99.99787902832031,120.56147003173828,121.29878997802734,30
1787128818,673932370,,lidar,100.0823974609375,199.930908203125,211.78292846679688,30
1787128818,673949781,,ui,0.0,0.0,0.0,0
1787128819,673650841,,esp32,99.99966430664062,120.56147003173828,121.29878997802734,30
1787128819,673952477,,lidar,100.0823974609375,199.930908203125,211.78292846679688,30
1787128819,673969687,,ui,0.0,0.0,0.0,0
1787128820,673616171,,esp32,99.99859619140625,120.56147003173828,121.29878997802734,30
1787128820,673921021,,lidar,100.1393814086914,194.06732177734375,204.3948211669922,30
1787128820,673940078,,ui,0.0,0.0,0.0,0
1787128821,673762439,,esp32,99.99966430664062,120.56147003173828,121.29878997802734,30
1787128821,674075381,,lidar,100.16918182373047,194.12826538085938,204.3948211669922,30
1787128821,674095523,,ui,0.0,0.0,0.0,0
1787128822,673776791,,esp32,99.99966430664062,120.93364715576172,121.39582824707031,30
1787128822,674095847,,lidar,100.22544860839844,199.930908203125,204.3948211669922,30
1787128822,674115614,,ui,0.0,0.0,0.0,0
1787128823,673557716,,esp32,100.0050277709961,121.13734436035156,121.39582824707031,30
1787128823,673873599,,lidar,100.22544860839844,199.930908203125,204.3948211669922,30
1787128823,673892402,,ui,0.0,0.0,0.0,0
1787128824,673529539,,esp32,100.0050277709961,121.13734436035156,121.39582824707031,30
1787128824,673898483,,lidar,100.16918182373047,199.930908203125,204.3948211669922,30
1787128824,673924571,,ui,0.0,0.0,0.0,0
1787128825,673509324,,esp32,100.00586700439453,121.13734436035156,121.39582824707031,30
1787128825,673836281,,lidar,100.21090698242188,199.95538330078125,204.3948211669922,30
1787128825,673853750,,ui,0.0,0.0,0.0,0
1787128826,673527865,,esp32,100.00216674804688,121.13734436035156,121.39582824707031,30
1787128826,673979963,,lidar,100.2511978149414,199.9798583984375,204.3948211669922,30
1787128826,674018050,,ui,0.0,0.0,0.0,0
1787128827,673577098,,esp32,99.99966430664062,121.13734436035156,121.39582824707031,30
1787128827,673852758,,lidar,100.27861785888672,199.9798583984375,204.3948211669922,30
1787128827,673867824,,ui,0.0,0.0,0.0,0
1787128828,673657143,,esp32,99.99859619140625,121.13734436035156,121.39582824707031,30
1787128828,674137359,,lidar,100.22544860839844,199.9798583984375,204.3948211669922,30
1787128828,674180666,,ui,0.0,0.0,0.0,0
1787128829,673339170,,esp32,99.99859619140625,121.13734436035156,121.39582824707031,30
1787128829,673591613,,lidar,100.22544860839844,199.9798583984375,204.3948211669922,30
1787128829,673605658,,ui,0.0,0.0,0.0,0
1787128830,673414182,,esp32,99.99728393554688,121.13734436035156,121.39582824707031,30
1787128830,673668993,,lidar,100.21090698242188,199.95538330078125,204.3948211669922,30
1787128830,673683024,,ui,0.0,0.0,0.0,0
1787128831,673291608,,esp32,99.99739837646484,121.13734436035156,121.39582824707031,30
1787128831,673636468,,lidar,100.18276977539062,197.87493896484375,202.72732543945312,30
1787128831,673660581,,ui,0.0,0.0,0.0,0
1787128832,673331146,,esp32,99.9969253540039,121.13734436035156,121.39582824707031,30
1787128832,673606681,,lidar,100.16918182373047,196.80941772460938,202.72732543945312,30
1787128832,673620482,,ui,0.0,0.0,0.0,0
1787128833,673322929,,esp32,99.9969253540039,121.13734436035156,121.39582824707031,30
1787128833,673607590,,lidar,100.1393814086914,196.79983520507812,202.72732543945312,30
1787128833,673623007,,ui,0.0,0.0,0.0,0
1787128834,673451106,,esp32,99.9959716796875,121.13734436035156,121.39582824707031,30
1787128834,673740966,,lidar,100.06475830078125,196.79983520507812,202.72732543945312,30
1787128834,673757640,,ui,0.0,0.0,0.0,0
1787128835,673494173,,esp32,99.99656677246094,121.13734436035156,121.39582824707031,30
1787128835,673797547,,lidar,100.16918182373047,196.79025268554688,202.72732543945312,30
1787128835,673813135,,ui,0.0,0.0,0.0,0
1787128836,673200172,,esp32,99.9959716796875,121.13734436035156,121.39582824707031,30
1787128836,673489577,,lidar,100.01265716552734,196.79983520507812,202.72732543945312,30
1787128836,673503037,,ui,0.0,0.0,0.0,0
1787128837,673232136,,esp32,99.9959716796875,121.13734436035156,121.39582824707031,30
1787128837,673522267,,lidar,100.19636535644531,196.79983520507812,202.72732543945312,30
1787128837,673549793,,ui,0.0,0.0,0.0,0
1787128838,673341758,,esp32,99.9969253540039,121.13734436035156,121.39582824707031,30
1787128838,673656844,,lidar,100.21996307373047,197.87493896484375,202.72732543945312,30
1787128838,673671473,,ui,0.0,0.0,0.0,0
1787128839,673218131,,esp32,99.99656677246094,121.13734436035156,121.39582824707031,30
1787128839,673501927,,lidar,100.24738311767578,197.87493896484375,202.72732543945312,30
1787128839,673515357,,ui,0.0,0.0,0.0,0
1787128840,673272053,,esp32,99.99656677246094,121.13734436035156,121.39582824707031,30
1787128840,673654961,,lidar,100.28934478759766,197.87493896484375,202.72732543945312,30
1787128840,673688372,,ui,0.0,0.0,0.0,0
1787128841,673269553,,esp32,99.99656677246094,121.13734436035156,121.39582824707031,30
1787128841,673562440,,lidar,100.36563873291016,197.8953857421875,202.72732543945312,30
1787128841,673575249,,ui,0.0,0.0,0.0,0
1787128842,673261570,,esp32,99.99656677246094,121.13734436035156,121.39582824707031,30
1787128842,673625232,,lidar,100.33297729492188,197.8953857421875,202.72732543945312,30
1787128842,673654779,,ui,0.0,0.0,0.0,0
1787128843,672966277,,esp32,99.99656677246094,121.13734436035156,121.39582824707031,30
1787128843,673223434,,lidar,100.33297729492188,197.8953857421875,202.72732543945312,30
1787128843,673236698,,ui,0.0,0.0,0.0,0
1787128844,673030862,,esp32,99.99859619140625,121.13734436035156,121.39582824707031,30
1787128844,673455596,,lidar,100.3274917602539,197.8953857421875,202.72732543945312,30
1787128844,673487027,,ui,0.0,0.0,0.0,0
1787128845,673123605,,esp32,99.99739837646484,121.13734436035156,121.39582824707031,30
1787128845,673630067,,lidar,100.32450866699219,197.87493896484375,202.72732543945312,30
1787128845,673672943,,ui,0.0,0.0,0.0,0
1787128846,673017493,,esp32,99.9969253540039,121.13734436035156,121.39582824707031,30
1787128846,673335555,,lidar,100.28362274169922,197.87493896484375,202.72732543945312,30
1787128846,673363175,,ui,0.0,0.0,0.0,0
1787128847,672955494,,esp32,99.99871063232422,121.13734436035156,121.39582824707031,30
1787128847,673225259,,lidar,100.2511978149414,196.80941772460938,202.72732543945312,30
1787128847,673240700,,ui,0.0,0.0,0.0,0
1787128848,673122786,,esp32,99.99739837646484,120.76773071289062,121.39582824707031,30
1787128848,673437608,,lidar,100.2511978149414,196.80941772460938,202.72732543945312,30
1787128848,673454669,,ui,0.0,0.0,0.0,0
1787128849,673032826,,esp32,99.9948959350586,120.76773071289062,121.39582824707031,30
1787128849,673330851,,lidar,100.24356842041016,196.80941772460938,202.72732543945312,30
1787128849,673345457,,ui,0.0,0.0,0.0,0
1787128850,672855912,,esp32,99.9969253540039,120.76773071289062,121.39582824707031,30
1787128850,673134969,,lidar,100.19636535644531,196.80941772460938,202.72732543945312,30
1787128850,673148134,,ui,0.0,0.0,0.0,0
1787128851,672877463,,esp32,99.99883270263672,120.76773071289062,121.39582824707031,30
1787128851,673155848,,lidar,100.24738311767578,200.36331176757812,206.9501953125,30
1787128851,673168630,,ui,0.0,0.0,0.0,0
1787128852,672949413,,esp32,99.99752044677734,119.58940887451172,121.13571166992188,30
1787128852,673229795,,lidar,100.21996307373047,197.91043090820312,206.9501953125,30
1787128852,673243682,,ui,0.0,0.0,0.0,0
1787128853,672824482,,esp32,99.9969253540039,101.88481903076172,120.7640151977539,30
1787128853,673241134,,lidar,100.16858673095703,197.91043090820312,206.9501953125,30
1787128853,673266532,,ui,0.0,0.0,0.0,0
1787128854,672918170,,esp32,99.99525451660156,101.25260925292969,120.7640151977539,30
1787128854,673431571,,lidar,100.16858673095703,197.91043090820312,206.9501953125,30
1787128854,673469014,,ui,0.0,0.0,0.0,0
1787128855,672735945,,esp32,99.99358367919922,101.13897705078125,120.7640151977539,30
1787128855,673022396,,lidar,99.90835571289062,197.88604736328125,206.9501953125,30
1787128855,673037484,,ui,0.0,0.0,0.0,0
1787128856,672604065,,esp32,99.99358367919922,101.09539031982422,101.70602416992188,30
1787128856,672804590,,lidar,99.85017395019531,195.0457000732422,206.9501953125,30
1787128856,672814792,,ui,0.0,0.0,0.0,0
1787128857,672779740,,esp32,99.99668884277344,101.08665466308594,101.70602416992188,30
1787128857,673069235,,lidar,99.85017395019531,195.0457000732422,206.9501953125,30
1787128857,673084667,,ui,0.0,0.0,0.0,0
1787128858,672793373,,esp32,99.99668884277344,101.0370864868164,101.70602416992188,30
1787128858,673060655,,lidar,99.7977294921875,195.0457000732422,206.9501953125,30
1787128858,673074679,,ui,0.0,0.0,0.0,0
1787128859,672799133,,esp32,99.99668884277344,101.13897705078125,119.79961395263672,30
1787128859,673147186,,lidar,99.772216796875,200.6119384765625,228.85989379882812,30
1787128859,673163213,,ui,0.0,0.0,0.0,0
1787128860,672499115,,esp32,99.99668884277344,101.13897705078125,119.79961395263672,30
1787128860,672656946,,lidar,99.772216796875,200.6119384765625,228.85989379882812,30
1787128860,672663983,,ui,0.0,0.0,0.0,0
1787128861,672813896,,esp32,99.99716186523438,101.13897705078125,119.79961395263672,30
1787128861,673329451,,lidar,99.78437805175781,200.6119384765625,228.85989379882812,30
1787128861,673370467,,ui,0.0,0.0,0.0,0
1787128862,672729947,,esp32,99.99966430664062,101.13897705078125,119.79961395263672,30
1787128862,673242378,,lidar,99.75802612304688,200.6722412109375,228.85989379882812,30
1787128862,673283790,,ui,0.0,0.0,0.0,0
1787128863,672705125,,esp32,100.00157165527344,101.13897705078125,119.79961395263672,30
1787128863,673181090,,lidar,99.72405242919922,200.6722412109375,228.85989379882812,30
1787128863,673217339,,ui,0.0,0.0,0.0,0
1787128864,672571735,,esp32,100.00157165527344,101.13897705078125,119.79961395263672,30
1787128864,672856612,,lidar,99.7916488647461,200.6722412109375,228.85989379882812,30
1787128864,672870636,,ui,0.0,0.0,0.0,0
1787128865,672748291,,esp32,100.00491333007812,101.25260925292969,119.88663482666016,30
1787128865,673272079,,lidar,99.70426940917969,206.2234649658203,228.85989379882812,30
1787128865,673309806,,ui,0.0,0.0,0.0,0
1787128866,672545089,,esp32,100.006103515625,101.25260925292969,119.88663482666016,30
1787128866,672984040,,lidar,99.7110595703125,206.81263732910156,228.85989379882812,30
1787128866,673016072,,ui,0.0,0.0,0.0,0
1787128867,672543750,,esp32,100.006103515625,101.886962890625,119.88663482666016,30
1787128867,672831971,,lidar,99.61843872070312,206.8141326904297,228.85989379882812,30
1787128867,672845005,,ui,0.0,0.0,0.0,0
1787128868,672483008,,esp32,100.00574493408203,101.886962890625,119.88663482666016,30
1787128868,672765839,,lidar,99.59745788574219,206.81114196777344,228.85989379882812,30
1787128868,672781308,,ui,0.0,0.0,0.0,0
1787128869,672425639,,esp32,100.00574493408203,101.886962890625,119.88663482666016,30
1787128869,672870992,,lidar,99.64990234375,206.8141326904297,228.85989379882812,30
1787128869,672905312,,ui,0.0,0.0,0.0,0
1787128870,672464407,,esp32,100.006103515625,101.886962890625,119.88663482666016,30
1787128870,672873127,,lidar,99.59745788574219,206.8141326904297,228.85989379882812,30
1787128870,672902021,,ui,0.0,0.0,0.0,0
1787128871,672459629,,esp32,100.00788879394531,101.43354034423828,119.88663482666016,30
1787128871,672988635,,lidar,99.59745788574219,206.8141326904297,228.85989379882812,30
1787128871,673026303,,ui,0.0,0.0,0.0,0
1787128872,672446703,,esp32,100.00788879394531,101.43354034423828,119.88663482666016,30
1787128872,672744215,,lidar,99.59745788574219,206.8141326904297,228.85989379882812,30
1787128872,672756829,,ui,0.0,0.0,0.0,0
1787128873,672356269,,esp32,100.00788879394531,101.43354034423828,119.88663482666016,30
1787128873,672640423,,lidar,99.71475219726562,206.8156280517578,228.85989379882812,30
1787128873,672655167,,ui,0.0,0.0,0.0,0
1787128874,672376323,,esp32,100.006103515625,119.80008697509766,119.90928649902344,30
1787128874,672793580,,lidar,99.96581268310547,206.817138671875,228.85989379882812,30
1787128874,672825022,,ui,0.0,0.0,0.0,0
1787128875,672415695,,esp32,100.00657653808594,119.80008697509766,119.90928649902344,30
1787128875,672929623,,lidar,100.14080810546875,206.817138671875,228.85989379882812,30
1787128875,672968240,,ui,0.0,0.0,0.0,0
1787128876,672257449,,esp32,100.0102767944336,119.80008697509766,119.90928649902344,30
1787128876,672611769,,lidar,99.96581268310547,206.817138671875,228.85989379882812,30
1787128876,672632692,,ui,0.0,0.0,0.0,0
1787128877,672179520,,esp32,100.01194763183594,119.80008697509766,119.90928649902344,30
1787128877,672487653,,lidar,100.06690216064453,206.81863403320312,228.85989379882812,30
1787128877,672504648,,ui,0.0,0.0,0.0,0
1787128878,672139113,,esp32,100.01194763183594,119.80008697509766,119.90928649902344,30
1787128878,672417267,,lidar,100.24810028076172,206.82012939453125,228.85989379882812,30
1787128878,672433027,,ui,0.0,0.0,0.0,0
1787128879,672143307,,esp32,100.0154037475586,119.80008697509766,119.90928649902344,30
1787128879,672420182,,lidar,100.39389038085938,206.82162475585938,228.85989379882812,30
1787128879,672433825,,ui,0.0,0.0,0.0,0
1787128880,672185577,,esp32,100.01480865478516,119.80008697509766,119.90928649902344,30
1787128880,672525215,,lidar,100.58546447753906,206.8231201171875,228.85989379882812,30
1787128880,672545705,,ui,0.0,0.0,0.0,0
1787128881,672115932,,esp32,100.01349639892578,119.80008697509766,119.90928649902344,30
1787128881,672438714,,lidar,100.34298706054688,204.49928283691406,228.85989379882812,30
1787128881,672458857,,ui,0.0,0.0,0.0,0
1787128882,672065954,,esp32,100.0154037475586,119.80008697509766,119.90928649902344,30
1787128882,672411754,,lidar,100.3581314086914,204.49928283691406,228.85989379882812,30
1787128882,672434375,,ui,0.0,0.0,0.0,0
1787128883,672056398,,esp32,100.01754760742188,119.80008697509766,119.90928649902344,30
1787128883,672460254,,lidar,100.43394470214844,204.49928283691406,228.85989379882812,30
1787128883,672485728,,ui,0.0,0.0,0.0,0
1787128884,672044137,,esp32,100.0202865600586,119.80008697509766,119.90928649902344,30
1787128884,672352846,,lidar,100.52216339111328,204.49928283691406,228.85989379882812,30
1787128884,672367961,,ui,0.0,0.0,0.0,0
1787128885,672052395,,esp32,100.01933288574219,119.80008697509766,119.90928649902344,30
1787128885,672339406,,lidar,100.43394470214844,204.49928283691406,228.85989379882812,30
1787128885,672352830,,ui,0.0,0.0,0.0,0
1787128886,672030614,,esp32,100.01933288574219,119.80008697509766,119.90928649902344,30
1787128886,672316798,,lidar,100.5188217163086,204.49928283691406,228.85989379882812,30
1787128886,672328840,,ui,0.0,0.0,0.0,0
1787128887,671932873,,esp32,100.01921844482422,119.80008697509766,119.90928649902344,30
1787128887,672212441,,lidar,100.5188217163086,204.49928283691406,228.85989379882812,30
1787128887,672226138,,ui,0.0,0.0,0.0,0
1787128888,671932879,,esp32,100.01921844482422,119.80008697509766,119.90928649902344,30
1787128888,672194591,,lidar,100.59976196289062,204.49928283691406,228.85989379882812,30
1787128888,672208674,,ui,0.0,0.0,0.0,0
1787128889,671985867,,esp32,100.01754760742188,119.5137710571289,119.90928649902344,30
1787128889,672263803,,lidar,100.57878112792969,202.98123168945312,206.94589233398438,30
1787128889,672276879,,ui,0.0,0.0,0.0,0
1787128890,671877308,,esp32,100.0154037475586,119.5137710571289,119.90928649902344,30
1787128890,672234857,,lidar,100.57878112792969,202.98123168945312,206.94589233398438,30
1787128890,672259388,,ui,0.0,0.0,0.0,0
1787128891,671870264,,esp32,100.0154037475586,119.84698486328125,120.16654205322266,30
1787128891,672184278,,lidar,100.60441589355469,202.9936981201172,206.94589233398438,30
1787128891,672197600,,ui,0.0,0.0,0.0,0
1787128892,671868778,,esp32,100.0154037475586,119.84698486328125,120.16654205322266,30
1787128892,672209157,,lidar,100.59475708007812,202.98123168945312,206.94589233398438,30
1787128892,672228939,,ui,0.0,0.0,0.0,0
1787128893,671919386,,esp32,100.01004028320312,119.84698486328125,120.16654205322266,30
1787128893,672261350,,lidar,100.59475708007812,202.98123168945312,206.94589233398438,30
1787128893,672280140,,ui,0.0,0.0,0.0,0
1787128894,671862873,,esp32,100.01361083984375,119.84698486328125,120.16654205322266,30
1787128894,672204167,,lidar,100.3072280883789,202.98123168945312,206.94589233398438,30
1787128894,672224156,,ui,0.0,0.0,0.0,0
1787128895,671746500,,esp32,100.01170349121094,119.5137710571289,120.16654205322266,30
1787128895,672066219,,lidar,100.3581314086914,202.6104278564453,206.94589233398438,30
1787128895,672084673,,ui,0.0,0.0,0.0,0
1787128896,671760037,,esp32,100.00669860839844,119.5137710571289,120.16654205322266,30
1787128896,672044461,,lidar,100.32212829589844,201.42410278320312,204.02883911132812,30
1787128896,672057885,,ui,0.0,0.0,0.0,0
1787128897,671802842,,esp32,100.01170349121094,116.80120849609375,120.16654205322266,30
1787128897,672095701,,lidar,100.29983520507812,201.42410278320312,204.02883911132812,30
1787128897,672110292,,ui,0.0,0.0,0.0,0
1787128898,671639797,,esp32,100.01170349121094,116.80120849609375,120.16654205322266,30
1787128898,671902672,,lidar,100.25537109375,201.42410278320312,204.02883911132812,30
1787128898,671916121,,ui,0.0,0.0,0.0,0
1787128899,671682031,,esp32,100.01361083984375,116.80120849609375,120.16654205322266,30
1787128899,671994380,,lidar,100.11923217773438,201.40533447265625,204.02883911132812,30
1787128899,672008946,,ui,0.0,0.0,0.0,0
1787128900,671626901,,esp32,100.01265716552734,116.80120849609375,120.16654205322266,30
1787128900,671922258,,lidar,100.24810028076172,202.2816619873047,204.02883911132812,30
1787128900,671935345,,ui,0.0,0.0,0.0,0
1787128901,671445512,,esp32,100.00264739990234,116.80120849609375,120.16654205322266,30
1787128901,671592133,,lidar,100.17716979980469,202.27825927734375,204.02883911132812,30
1787128901,671598783,,ui,0.0,0.0,0.0,0
1787128902,671646278,,esp32,100.01170349121094,116.80120849609375,120.16654205322266,30
1787128902,671959553,,lidar,100.14176177978516,202.27825927734375,204.02883911132812,30
1787128902,671975411,,ui,0.0,0.0,0.0,0
1787128903,671601187,,esp32,100.01170349121094,116.80120849609375,120.16654205322266,30
1787128903,671895861,,lidar,100.07048034667969,202.27487182617188,204.02883911132812,30
1787128903,671909992,,ui,0.0,0.0,0.0,0
1787128904,671653716,,esp32,100.01170349121094,101.3744888305664,120.16654205322266,30
1787128904,672068015,,lidar,100.04615783691406,202.271484375,204.02883911132812,30
1787128904,672097098,,ui,0.0,0.0,0.0,0
1787128905,671548949,,esp32,100.00848388671875,101.3744888305664,120.16654205322266,30
1787128905,671898933,,lidar,100.04615783691406,202.271484375,204.02883911132812,30
1787128905,671910996,,ui,0.0,0.0,0.0,0
1787128906,671532570,,esp32,100.00848388671875,101.02349853515625,120.16654205322266,30
1787128906,671823604,,lidar,99.98035430908203,202.271484375,204.02883911132812,30
1787128906,671838121,,ui,0.0,0.0,0.0,0
1787128907,671523421,,esp32,100.01170349121094,101.06598663330078,120.16654205322266,30
1787128907,671827363,,lidar,99.83634948730469,199.25872802734375,202.84890747070312,30
1787128907,671840943,,ui,0.0,0.0,0.0,0
1787128908,671524794,,esp32,100.01170349121094,101.02195739746094,120.16654205322266,30
1787128908,671816104,,lidar,99.84707641601562,199.226318359375,202.84890747070312,30
1787128908,671833232,,ui,0.0,0.0,0.0,0
1787128909,671460128,,esp32,100.006103515625,101.02195739746094,120.16654205322266,30
1787128909,671756402,,lidar,99.77293395996094,197.47341918945312,202.84890747070312,30
1787128909,671768887,,ui,0.0,0.0,0.0,0
1787128910,671811821,,esp32,100.00872802734375,101.02195739746094,120.16654205322266,30
1787128910,672417590,,lidar,99.57444763183594,197.45718383789062,202.84890747070312,30
1787128910,672455180,,ui,0.0,0.0,0.0,0
1787128911,671505046,,esp32,100.00872802734375,101.02195739746094,120.16654205322266,30
1787128911,671866340,,lidar,99.8077392578125,131.27012634277344,202.84890747070312,30
1787128911,671887198,,ui,0.0,0.0,0.0,0
1787128912,671350453,,esp32,100.006103515625,101.02195739746094,120.16654205322266,30
1787128912,671744949,,lidar,99.83277130126953,131.958740234375,202.84890747070312,30
1787128912,671769579,,ui,0.0,0.0,0.0,0
1787128913,671465932,,esp32,100.00336456298828,101.02195739746094,120.16654205322266,30
1787128913,671834954,,lidar,99.79784393310547,197.45718383789062,205.99794006347656,30
1787128913,671859192,,ui,0.0,0.0,0.0,0
1787128914,671437300,,esp32,99.99894714355469,101.02195739746094,120.16654205322266,30
1787128914,671968111,,lidar,99.78794860839844,199.048828125,205.99794006347656,30
1787128914,672000116,,ui,0.0,0.0,0.0,0
1787128915,671333772,,esp32,100.00336456298828,101.02195739746094,120.16654205322266,30
1787128915,671646138,,lidar,99.78794860839844,199.048828125,205.99794006347656,30
1787128915,671661296,,ui,0.0,0.0,0.0,0
1787128916,671238883,,esp32,100.00336456298828,101.02195739746094,120.16654205322266,30
1787128916,671560898,,lidar,99.77293395996094,199.048828125,205.99794006347656,30
1787128916,671576673,,ui,0.0,0.0,0.0,0
1787128917,671090931,,esp32,100.00025939941406,101.06512451171875,120.16654205322266,30
1787128917,671261567,,lidar,99.78794860839844,199.048828125,205.99794006347656,30
1787128917,671268184,,ui,0.0,0.0,0.0,0
1787128918,671240083,,esp32,100.00025939941406,101.06512451171875,120.16654205322266,30
1787128918,671582172,,lidar,99.78794860839844,199.048828125,205.99794006347656,30
1787128918,671598671,,ui,0.0,0.0,0.0,0
1787128919,671259521,,esp32,100.00336456298828,101.28927612304688,120.16654205322266,30
1787128919,671616782,,lidar,99.8077392578125,199.048828125,205.99794006347656,30
1787128919,671641631,,ui,0.0,0.0,0.0,0
1787128920,671152207,,esp32,100.01349639892578,101.12342834472656,120.16654205322266,30
1787128920,671482804,,lidar,99.8077392578125,199.048828125,205.99794006347656,30
1787128920,671500908,,ui,0.0,0.0,0.0,0
1787128921,671134627,,esp32,100.01349639892578,101.06503295898438,119.8465805053711,30
1787128921,671455193,,lidar,99.78044128417969,199.04058837890625,205.99794006347656,30
1787128921,671473135,,ui,0.0,0.0,0.0,0
1787128922,670895009,,esp32,100.01182556152344,101.06503295898438,119.8465805053711,30
1787128922,671028884,,lidar,99.80332946777344,200.0116424560547,205.99794006347656,30
1787128922,671036268,,ui,0.0,0.0,0.0,0
1787128923,671146996,,esp32,100.01349639892578,101.06503295898438,119.8465805053711,30
1787128923,671455502,,lidar,99.8077392578125,200.03857421875,205.99794006347656,30
1787128923,671468744,,ui,0.0,0.0,0.0,0
1787128924,671141283,,esp32,100.01349639892578,101.06503295898438,119.8465805053711,30
1787128924,671507235,,lidar,99.93624877929688,200.03857421875,205.99794006347656,30
1787128924,671531869,,ui,0.0,0.0,0.0,0
1787128925,671054780,,esp32,100.02017211914062,101.06503295898438,119.8465805053711,30
1787128925,671345011,,lidar,99.93624877929688,200.03857421875,205.99794006347656,30
1787128925,671356887,,ui,0.0,0.0,0.0,0
1787128926,671101073,,esp32,100.02017211914062,101.06503295898438,119.8465805053711,30
1787128926,671425101,,lidar,99.93624877929688,200.03857421875,205.99794006347656,30
1787128926,671440539,,ui,0.0,0.0,0.0,0
1787128927,671040298,,esp32,100.01349639892578,101.06503295898438,119.8465805053711,30
1787128927,671501221,,lidar,99.93756103515625,200.0116424560547,205.99794006347656,30
1787128927,671532301,,ui,0.0,0.0,0.0,0
1787128928,670993916,,esp32,100.01182556152344,101.06503295898438,119.8465805053711,30
1787128928,671409392,,lidar,99.96604919433594,200.0116424560547,205.99794006347656,30
1787128928,671436171,,ui,0.0,0.0,0.0,0
1787128929,670836491,,esp32,100.00944519042969,101.06503295898438,119.8465805053711,30
1787128929,671146464,,lidar,99.96604919433594,200.0116424560547,205.99794006347656,30
1787128929,671165993,,ui,0.0,0.0,0.0,0
1787128930,670943566,,esp32,100.01873779296875,101.06503295898438,119.8465805053711,30
1787128930,671377344,,lidar,99.90382385253906,199.6348876953125,205.99794006347656,30
1787128930,671404769,,ui,0.0,0.0,0.0,0
1787128931,670955258,,esp32,100.02911376953125,101.12342834472656,119.8465805053711,30
1787128931,671246983,,lidar,99.96604919433594,199.6348876953125,205.99794006347656,30
1787128931,671259548,,ui,0.0,0.0,0.0,0
1787128932,670987897,,esp32,100.02672576904297,101.12342834472656,119.8465805053711,30
1787128932,671376859,,lidar,99.93624877929688,199.6348876953125,205.99794006347656,30
1787128932,671397701,,ui,0.0,0.0,0.0,0
1787128933,670917172,,esp32,100.01826477050781,101.12342834472656,119.8465805053711,30
1787128933,671282242,,lidar,99.96604919433594,199.6348876953125,205.99794006347656,30
1787128933,671299834,,ui,0.0,0.0,0.0,0
1787128934,670881528,,esp32,100.01826477050781,101.12342834472656,119.8465805053711,30
1787128934,671363983,,lidar,99.93624877929688,199.6348876953125,205.99794006347656,30
1787128934,671397426,,ui,0.0,0.0,0.0,0
1787128935,670828206,,esp32,100.02159881591797,101.12342834472656,119.8465805053711,30
1787128935,671285282,,lidar,99.88117218017578,199.6348876953125,205.99794006347656,30
1787128935,671314884,,ui,0.0,0.0,0.0,0
1787128936,671011053,,esp32,100.02159881591797,101.12342834472656,119.8465805053711,30
1787128936,671579755,,lidar,99.85923767089844,199.6348876953125,205.99794006347656,30
1787128936,671618009,,ui,0.0,0.0,0.0,0
1787128937,670939403,,esp32,100.01373291015625,101.12342834472656,119.8465805053711,30
1787128937,671271441,,lidar,99.93624877929688,199.6348876953125,205.99794006347656,30
1787128937,671289801,,ui,0.0,0.0,0.0,0
1787128938,670746987,,esp32,100.01146697998047,101.12342834472656,119.8465805053711,30
1787128938,671040760,,lidar,99.93624877929688,199.6348876953125,205.99794006347656,30
1787128938,671055284,,ui,0.0,0.0,0.0,0
1787128939,670816352,,esp32,100.01826477050781,101.12342834472656,119.8465805053711,30
1787128939,671123863,,lidar,99.9511489868164,200.0116424560547,206.400634765625,30
1787128939,671137237,,ui,0.0,0.0,0.0,0
1787128940,670724655,,esp32,100.01826477050781,101.12342834472656,119.8465805053711,30
1787128940,671050405,,lidar,99.96604919433594,200.03857421875,206.400634765625,30
1787128940,671064271,,ui,0.0,0.0,0.0,0
1787128941,670769434,,esp32,100.00944519042969,101.12342834472656,119.8465805053711,30
1787128941,671094721,,lidar,99.96604919433594,200.03857421875,206.400634765625,30
1787128941,671107691,,ui,0.0,0.0,0.0,0
1787128942,670782653,,esp32,100.01456451416016,101.12342834472656,119.8465805053711,30
1787128942,671078990,,lidar,99.99060821533203,200.0116424560547,206.400634765625,30
1787128942,671092090,,ui,0.0,0.0,0.0,0
1787128943,670792280,,esp32,100.01146697998047,101.12342834472656,119.8465805053711,30
1787128943,671127330,,lidar,99.96604919433594,200.03857421875,232.61285400390625,30
1787128943,671149704,,ui,0.0,0.0,0.0,0
1787128944,670747542,,esp32,100.01826477050781,101.13314819335938,119.8465805053711,30
1787128944,671051047,,lidar,99.96604919433594,199.8253936767578,232.61285400390625,30
1787128944,671066628,,ui,0.0,0.0,0.0,0
1787128945,670606385,,esp32,100.01826477050781,101.13314819335938,119.8465805053711,30
1787128945,670941136,,lidar,99.99060821533203,199.8253936767578,232.61285400390625,30
1787128945,670955426,,ui,0.0,0.0,0.0,0
1787128946,670656035,,esp32,100.01647186279297,101.13314819335938,119.8465805053711,30
1787128946,670979350,,lidar,100.04019927978516,199.8253936767578,232.61285400390625,30
1787128946,670996101,,ui,0.0,0.0,0.0,0
1787128947,670877430,,esp32,100.02481842041016,101.16133117675781,119.8465805053711,30
1787128947,671402237,,lidar,100.04138946533203,200.47396850585938,232.61285400390625,30
1787128947,671437608,,ui,0.0,0.0,0.0,0
1787128948,670952955,,esp32,100.02481842041016,101.16133117675781,119.8465805053711,30
1787128948,671535114,,lidar,100.10028076171875,200.47396850585938,232.61285400390625,30
1787128948,671575336,,ui,0.0,0.0,0.0,0
1787128949,670574040,,esp32,100.03376007080078,101.09231567382812,119.67253875732422,30
1787128949,670877125,,lidar,100.10028076171875,200.47396850585938,232.61285400390625,30
1787128949,670890744,,ui,0.0,0.0,0.0,0
1787128950,670632722,,esp32,100.01969146728516,101.16165924072266,119.78411865234375,30
1787128950,670967079,,lidar,100.24547576904297,200.47396850585938,232.61285400390625,30
1787128950,670984936,,ui,0.0,0.0,0.0,0
1787128951,670719512,,esp32,100.01826477050781,101.16133117675781,119.78411865234375,30
1787128951,671254478,,lidar,100.24547576904297,200.47396850585938,232.61285400390625,30
1787128951,671288949,,ui,0.0,0.0,0.0,0
1787128952,670647102,,esp32,100.01969146728516,101.16165924072266,119.78411865234375,30
1787128952,670987240,,lidar,100.1728744506836,199.67001342773438,232.61285400390625,30
1787128952,671006006,,ui,0.0,0.0,0.0,0
1787128953,670567100,,esp32,100.01969146728516,101.16165924072266,119.78411865234375,30
1787128953,670987404,,lidar,100.1728744506836,199.6565399169922,232.61285400390625,30
1787128953,671012588,,ui,0.0,0.0,0.0,0
1787128954,670726301,,esp32,100.03042602539062,101.16133117675781,119.78411865234375,30
1787128954,671269023,,lidar,100.10028076171875,206.92254638671875,299.2041015625,30
1787128954,671306642,,ui,0.0,0.0,0.0,0
1787128955,670423844,,esp32,100.02481842041016,101.16133117675781,119.78411865234375,30
1787128955,670729885,,lidar,100.38542938232422,207.0530242919922,299.2041015625,30
1787128955,670744762,,ui,0.0,0.0,0.0,0
1787128956,670460904,,esp32,100.01969146728516,101.16165924072266,119.78411865234375,30
1787128956,671073806,,lidar,100.26693725585938,207.4488983154297,299.2041015625,30
1787128956,671113402,,ui,0.0,0.0,0.0,0
1787128957,670278575,,esp32,100.02303314208984,101.16100311279297,119.78411865234375,30
1787128957,670610318,,lidar,100.39710998535156,207.57334899902344,299.2041015625,30
1787128957,670625126,,ui,0.0,0.0,0.0,0
1787128958,670741005,,esp32,100.03089904785156,101.16165924072266,119.78411865234375,30
1787128958,671337391,,lidar,100.43167877197266,207.6355743408203,299.2041015625,30
1787128958,671369095,,ui,0.0,0.0,0.0,0
1787128959,670375832,,esp32,100.0375747680664,101.73306274414062,119.78411865234375,30
1787128959,670678683,,lidar,100.51322174072266,209.30728149414062,299.2041015625,30
1787128959,670694336,,ui,0.0,0.0,0.0,0
1787128960,670490798,,esp32,100.03852844238281,101.55122375488281,119.78411865234375,30
1787128960,670871483,,lidar,100.53062438964844,216.66526794433594,299.2041015625,30
1787128960,670899228,,ui,0.0,0.0,0.0,0
1787128961,670582375,,esp32,100.03852844238281,119.53043365478516,119.80581665039062,30
1787128961,671090529,,lidar,100.57294464111328,217.0590362548828,299.2041015625,30
1787128961,671131295,,ui,0.0,0.0,0.0,0
1787128962,670419714,,esp32,100.03424072265625,119.78417205810547,159.74331665039062,30
1787128962,670782716,,lidar,100.70156860351562,217.25592041015625,299.2041015625,30
1787128962,670811948,,ui,0.0,0.0,0.0,0
1787128963,670636018,,esp32,100.03089904785156,119.78992462158203,159.74331665039062,30
1787128963,671002051,,lidar,100.84510040283203,217.4528045654297,299.2041015625,30
1787128963,671027756,,ui,0.0,0.0,0.0,0
1787128964,670147526,,esp32,100.03089904785156,119.80581665039062,159.74331665039062,30
1787128964,670495035,,lidar,100.8921890258789,217.4528045654297,299.2041015625,30
1787128964,670510223,,ui,0.0,0.0,0.0,0
1787128965,670461676,,esp32,100.0375747680664,119.80742645263672,159.74331665039062,30
1787128965,670988255,,lidar,101.12476348876953,218.04345703125,299.2041015625,30
1787128965,671023409,,ui,0.0,0.0,0.0,0
1787128966,670285641,,esp32,100.02326965332031,119.8066177368164,159.74331665039062,30
1787128966,670618098,,lidar,101.13572692871094,217.84657287597656,299.2041015625,30
1787128966,670631845,,ui,0.0,0.0,0.0,0
1787128967,670625048,,esp32,100.03030395507812,119.8066177368164,159.74331665039062,30
1787128967,671161625,,lidar,101.12476348876953,218.04345703125,299.2041015625,30
1787128967,671186476,,ui,0.0,0.0,0.0,0
1787128968,670483076,,esp32,100.03424072265625,119.80742645263672,159.74331665039062,30
1787128968,671025608,,lidar,101.12476348876953,248.9664306640625,300.59002685546875,30
1787128968,671046783,,ui,0.0,0.0,0.0,0
1787128969,670309415,,esp32,100.03852844238281,119.8066177368164,159.74331665039062,30
1787128969,670653248,,lidar,101.1343002319336,248.3823699951172,300.59002685546875,30
1787128969,670667979,,ui,0.0,0.0,0.0,0
1787128970,670244226,,esp32,100.03590393066406,119.89569091796875,159.74331665039062,30
1787128970,670659593,,lidar,101.12476348876953,247.79830932617188,300.59002685546875,30
1787128970,670694068,,ui,0.0,0.0,0.0,0
1787128971,670225268,,esp32,100.03352355957031,119.89569091796875,159.74331665039062,30
1787128971,670626113,,lidar,101.12476348876953,247.79830932617188,300.59002685546875,30
1787128971,670655351,,ui,0.0,0.0,0.0,0
1787128972,670228638,,esp32,100.03352355957031,119.89569091796875,159.74331665039062,30
1787128972,670643974,,lidar,101.14383697509766,247.79830932617188,300.59002685546875,30
1787128972,670673488,,ui,0.0,0.0,0.0,0
1787128973,669812457,,esp32,100.03089904785156,119.97366333007812,159.74331665039062,30
1787128973,670000530,,lidar,101.68624114990234,233.2289276123047,300.59002685546875,30
1787128973,670009645,,ui,0.0,0.0,0.0,0
1787128974,670189301,,esp32,100.02803802490234,120.98188781738281,159.74331665039062,30
1787128974,670558556,,lidar,101.70674133300781,233.2289276123047,300.59002685546875,30
1787128974,670577340,,ui,0.0,0.0,0.0,0
1787128975,670278556,,esp32,100.02494049072266,120.98188781738281,159.74331665039062,30
1787128975,670819657,,lidar,101.69648742675781,236.90597534179688,300.59002685546875,30
1787128975,670847411,,ui,0.0,0.0,0.0,0
1787128976,670071711,,esp32,100.02494049072266,120.98188781738281,159.74331665039062,30
1787128976,670379972,,lidar,101.69648742675781,236.90597534179688,300.59002685546875,30
1787128976,670394237,,ui,0.0,0.0,0.0,0
1787128977,670090244,,esp32,100.02982330322266,120.98188781738281,159.74331665039062,30
1787128977,670412290,,lidar,101.68624114990234,236.1647186279297,300.59002685546875,30
1787128977,670429166,,ui,0.0,0.0,0.0,0
1787128978,670040163,,esp32,100.02982330322266,120.98188781738281,159.74331665039062,30
1787128978,670368118,,lidar,101.60946655273438,236.90597534179688,300.59002685546875,30
1787128978,670389263,,ui,0.0,0.0,0.0,0
1787128979,669936365,,esp32,100.02803802490234,120.98188781738281,159.74331665039062,30
1787128979,670233843,,lidar,101.70674133300781,237.64724731445312,300.59002685546875,30
1787128979,670248878,,ui,0.0,0.0,0.0,0
1787128980,670077397,,esp32,100.02803802490234,139.76727294921875,159.74331665039062,30
1787128980,670414639,,lidar,101.7210464477539,237.64724731445312,300.59002685546875,30
1787128980,670432080,,ui,0.0,0.0,0.0,0
1787128981,670019774,,esp32,100.02982330322266,139.76727294921875,159.74331665039062,30
1787128981,670390341,,lidar,101.87852478027344,238.38851928710938,300.59002685546875,30
1787128981,670410872,,ui,0.0,0.0,0.0,0
1787128982,669995357,,esp32,100.02803802490234,139.76727294921875,159.74331665039062,30
1787128982,670388064,,lidar,101.73153686523438,237.64724731445312,300.59002685546875,30
1787128982,670410608,,ui,0.0,0.0,0.0,0
1787128983,670004478,,esp32,100.02494049072266,139.76727294921875,159.74331665039062,30
1787128983,670420338,,lidar,101.61972045898438,238.38851928710938,300.59002685546875,30
1787128983,670445446,,ui,0.0,0.0,0.0,0
1787128984,669750668,,esp32,100.02314758300781,139.76727294921875,159.74331665039062,30
1787128984,670050271,,lidar,101.53269958496094,210.69166564941406,300.59002685546875,30
1787128984,670067458,,ui,0.0,0.0,0.0,0
1787128985,669933064,,esp32,100.02267456054688,139.76727294921875,159.74331665039062,30
1787128985,670289731,,lidar,100.9513168334961,210.60787963867188,300.59002685546875,30
1787128985,670314871,,ui,0.0,0.0,0.0,0
1787128986,669760027,,esp32,100.02339172363281,139.76727294921875,159.74331665039062,30
1787128986,670005278,,lidar,100.93807983398438,210.52410888671875,300.59002685546875,30
1787128986,670018100,,ui,0.0,0.0,0.0,0
1787128987,670108338,,esp32,100.01862335205078,139.76727294921875,159.74331665039062,30
1787128987,670730454,,lidar,100.71516418457031,210.35653686523438,300.59002685546875,30
1787128987,670774197,,ui,0.0,0.0,0.0,0
1787128988,669786527,,esp32,100.01862335205078,139.76727294921875,159.74331665039062,30
1787128988,670127481,,lidar,100.69143676757812,210.2727508544922,300.59002685546875,30
1787128988,670145455,,ui,0.0,0.0,0.0,0
1787128989,669928335,,esp32,100.01671600341797,139.76727294921875,159.74331665039062,30
1787128989,670475944,,lidar,100.6429214477539,208.49070739746094,300.59002685546875,30
1787128989,670513795,,ui,0.0,0.0,0.0,0
1787128990,669355318,,esp32,100.01599884033203,139.76727294921875,159.74331665039062,30
1787128990,669499041,,lidar,100.66771697998047,205.6559600830078,300.59002685546875,30
1787128990,669507105,,ui,0.0,0.0,0.0,0
1787128991,669797783,,esp32,100.01087188720703,139.76727294921875,159.74331665039062,30
1787128991,670295618,,lidar,100.61812591552734,203.38424682617188,300.59002685546875,30
1787128991,670330662,,ui,0.0,0.0,0.0,0
1787128992,669644385,,esp32,100.01087188720703,120.98188781738281,140.41494750976562,30
1787128992,669872573,,lidar,100.51142883300781,203.35946655273438,300.59002685546875,30
1787128992,669883783,,ui,0.0,0.0,0.0,0
1787128993,669664587,,esp32,100.01229858398438,120.35261535644531,140.41494750976562,30
1787128993,669970870,,lidar,100.40426635742188,201.78866577148438,300.59002685546875,30
1787128993,669988704,,ui,0.0,0.0,0.0,0
1787128994,669685390,,esp32,100.00646209716797,120.35261535644531,140.41494750976562,30
1787128994,670198736,,lidar,100.22354125976562,201.78866577148438,300.59002685546875,30
1787128994,670227146,,ui,0.0,0.0,0.0,0
1787128995,669876268,,esp32,100.00872802734375,120.35261535644531,140.41494750976562,30
1787128995,670449778,,lidar,100.1018295288086,200.4303436279297,300.59002685546875,30
1787128995,670501626,,ui,0.0,0.0,0.0,0
1787128996,669729049,,esp32,100.00872802734375,120.35261535644531,140.41494750976562,30
1787128996,670194524,,lidar,100.04997253417969,200.43887329101562,300.59002685546875,30
1787128996,670226786,,ui,0.0,0.0,0.0,0
1787128997,669688777,,esp32,100.00872802734375,120.35261535644531,140.41494750976562,30
1787128997,670131515,,lidar,100.0113525390625,200.4303436279297,300.59002685546875,30
1787128997,670169722,,ui,0.0,0.0,0.0,0
1787128998,669779010,,esp32,100.0020523071289,120.35261535644531,140.41494750976562,30
1787128998,670148334,,lidar,99.92671203613281,199.9480743408203,216.8917694091797,30
1787128998,670169015,,ui,0.0,0.0,0.0,0
1787128999,669629802,,esp32,100.00347900390625,120.35261535644531,140.41494750976562,30
1787128999,670137935,,lidar,99.97272491455078,199.9480743408203,216.8917694091797,30
1787128999,670173543,,ui,0.0,0.0,0.0,0
1787129000,669587295,,esp32,100.00347900390625,120.1119155883789,140.41494750976562,30
1787129000,669902673,,lidar,100.04997253417969,199.9480743408203,216.8917694091797,30
1787129000,669918265,,ui,0.0,0.0,0.0,0
1787129001,669578766,,esp32,100.00872802734375,120.1119155883789,140.41494750976562,30
1787129001,669888086,,lidar,100.1536865234375,199.9480743408203,216.8917694091797,30
1787129001,669904719,,ui,0.0,0.0,0.0,0
1787129002,669598081,,esp32,100.00872802734375,120.1119155883789,140.41494750976562,30
1787129002,670085611,,lidar,100.20387268066406,199.952392578125,216.8917694091797,30
1787129002,670117181,,ui,0.0,0.0,0.0,0
1787129003,669609164,,esp32,100.00920104980469,120.11236572265625,140.41494750976562,30
1787129003,670012201,,lidar,100.04997253417969,199.9480743408203,216.8917694091797,30
1787129003,670032405,,ui,0.0,0.0,0.0,0
1787129004,669559247,,esp32,100.00801086425781,120.0899887084961,139.91903686523438,30
1787129004,669930367,,lidar,100.04997253417969,199.9480743408203,216.8917694091797,30
1787129004,669952311,,ui,0.0,0.0,0.0,0
1787129005,669518954,,esp32,100.00848388671875,120.0899887084961,139.91903686523438,30
1787129005,669817579,,lidar,100.06320190429688,195.916748046875,201.19000244140625,30
1787129005,669831916,,ui,0.0,0.0,0.0,0
1787129006,669469795,,esp32,100.00848388671875,120.0899887084961,139.91903686523438,30
1787129006,669883948,,lidar,99.87568664550781,195.916748046875,201.19000244140625,30
1787129006,669912067,,ui,0.0,0.0,0.0,0
1787129007,669461666,,esp32,100.00657653808594,120.0899887084961,139.91903686523438,30
1787129007,669947123,,lidar,99.87568664550781,195.916748046875,201.19000244140625,30
1787129007,669977945,,ui,0.0,0.0,0.0,0
1787129008,669352437,,esp32,100.00729370117188,120.0899887084961,139.91903686523438,30
1787129008,669792943,,lidar,99.9033432006836,195.87290954589844,201.19000244140625,30
1787129008,669820585,,ui,0.0,0.0,0.0,0
1787129009,669415551,,esp32,100.00347900390625,120.1119155883789,139.91903686523438,30
1787129009,669766388,,lidar,99.87568664550781,195.82908630371094,201.19000244140625,30
1787129009,669787204,,ui,0.0,0.0,0.0,0
1787129010,669641867,,esp32,100.00657653808594,120.0899887084961,120.16058349609375,30
1787129010,670293662,,lidar,99.9033432006836,199.93943786621094,205.95384216308594,30
1787129010,670336636,,ui,0.0,0.0,0.0,0
1787129011,669378117,,esp32,100.00347900390625,120.0899887084961,120.16058349609375,30
1787129011,669677452,,lidar,99.8289566040039,199.93511962890625,205.95384216308594,30
1787129011,669692359,,ui,0.0,0.0,0.0,0
1787129012,669417225,,esp32,100.00657653808594,120.0899887084961,120.16058349609375,30
1787129012,669738256,,lidar,99.90644836425781,199.93511962890625,205.95384216308594,30
1787129012,669753068,,ui,0.0,0.0,0.0,0
1787129013,669334762,,esp32,100.00657653808594,120.0899887084961,120.16058349609375,30
1787129013,669652473,,lidar,99.90644836425781,199.93511962890625,205.95384216308594,30
1787129013,669668116,,ui,0.0,0.0,0.0,0
1787129014,669544470,,esp32,100.0071792602539,120.0899887084961,120.16058349609375,30
1787129014,670160516,,lidar,99.83480072021484,199.93511962890625,205.95384216308594,30
1787129014,670201636,,ui,0.0,0.0,0.0,0
1787129015,669265132,,esp32,100.00765228271484,120.0899887084961,120.16058349609375,30
1787129015,669590597,,lidar,99.69258117675781,195.78526306152344,205.95384216308594,30
1787129015,669606165,,ui,0.0,0.0,0.0,0
1787129016,669351473,,esp32,100.0071792602539,120.0899887084961,120.16058349609375,30
1787129016,669705582,,lidar,99.68876647949219,194.9427032470703,205.95384216308594,30
1787129016,669723756,,ui,0.0,0.0,0.0,0
1787129017,669312041,,esp32,100.01254272460938,120.0899887084961,120.16058349609375,30
1787129017,669628388,,lidar,99.75946044921875,194.9427032470703,205.95384216308594,30
1787129017,669645153,,ui,0.0,0.0,0.0,0
1787129018,669407563,,esp32,100.01254272460938,120.0899887084961,120.16058349609375,30
1787129018,669982046,,lidar,99.64120483398438,194.9427032470703,205.95384216308594,30
1787129018,670021237,,ui,0.0,0.0,0.0,0
1787129019,669235734,,esp32,100.01254272460938,120.0899887084961,120.16058349609375,30
1787129019,669625904,,lidar,99.59745788574219,136.8306884765625,205.95384216308594,30
1787129019,669640089,,ui,0.0,0.0,0.0,0
1787129020,669236404,,esp32,100.01254272460938,120.0899887084961,120.16058349609375,30
1787129020,669547007,,lidar,99.59745788574219,136.8306884765625,205.95384216308594,30
1787129020,669561846,,ui,0.0,0.0,0.0,0
1787129021,669104866,,esp32,100.01516723632812,119.958984375,120.16058349609375,30
1787129021,669408707,,lidar,99.5779037475586,132.53343200683594,205.95384216308594,30
1787129021,669423254,,ui,0.0,0.0,0.0,0
1787129022,669241774,,esp32,100.01254272460938,119.91047668457031,120.16058349609375,30
1787129022,669593534,,lidar,99.59745788574219,132.53343200683594,205.95384216308594,30
1787129022,669610349,,ui,0.0,0.0,0.0,0
1787129023,669102926,,esp32,100.00765228271484,119.7341537475586,120.16058349609375,30
1787129023,669642160,,lidar,99.60651397705078,132.53343200683594,205.95384216308594,30
1787129023,669682741,,ui,0.0,0.0,0.0,0
1787129024,668807817,,esp32,100.01254272460938,119.7341537475586,120.16058349609375,30
1787129024,669009949,,lidar,99.61592864990234,194.9427032470703,205.95384216308594,30
1787129024,669021694,,ui,0.0,0.0,0.0,0
1787129025,669250844,,esp32,100.01516723632812,119.7341537475586,120.16058349609375,30
1787129025,669831569,,lidar,99.6744613647461,194.9427032470703,205.95384216308594,30
1787129025,669867834,,ui,0.0,0.0,0.0,0
1787129026,669007682,,esp32,100.01516723632812,119.7341537475586,120.16058349609375,30
1787129026,669323419,,lidar,99.6744613647461,194.9427032470703,205.95384216308594,30
1787129026,669335042,,ui,0.0,0.0,0.0,0
1787129027,668996884,,esp32,100.01361083984375,119.7341537475586,120.16058349609375,30
1787129027,669406282,,lidar,99.6744613647461,194.9427032470703,205.95384216308594,30
1787129027,669432517,,ui,0.0,0.0,0.0,0
1787129028,669213151,,esp32,100.00968170166016,119.89466094970703,120.16058349609375,30
1787129028,669805991,,lidar,99.66564178466797,132.55783081054688,205.95384216308594,30
1787129028,669844500,,ui,0.0,0.0,0.0,0
1787129029,669127436,,esp32,100.0071792602539,119.89466094970703,120.16058349609375,30
1787129029,669709806,,lidar,99.63798522949219,132.55783081054688,205.95384216308594,30
1787129029,669755681,,ui,0.0,0.0,0.0,0
1787129030,669249067,,esp32,100.01254272460938,119.89466094970703,120.16058349609375,30
1787129030,669678038,,lidar,99.62535095214844,132.55783081054688,205.95384216308594,30
1787129030,669715351,,ui,0.0,0.0,0.0,0
1787129031,668905918,,esp32,100.00765228271484,119.89466094970703,120.16058349609375,30
1787129031,669274921,,lidar,99.63798522949219,132.55783081054688,205.95384216308594,30
1787129031,669295011,,ui,0.0,0.0,0.0,0
1787129032,668905125,,esp32,100.0071792602539,119.89466094970703,120.16058349609375,30
1787129032,669228360,,lidar,99.60198211669922,117.96028137207031,205.95384216308594,30
1787129032,669241781,,ui,0.0,0.0,0.0,0
1787129033,668950164,,esp32,100.00968170166016,119.73400115966797,120.16058349609375,30
1787129033,669408558,,lidar,99.61592864990234,117.96028137207031,205.95384216308594,30
1787129033,669438301,,ui,0.0,0.0,0.0,0
1787129034,668928010,,esp32,100.01265716552734,119.89466094970703,120.16058349609375,30
1787129034,669308748,,lidar,99.61592864990234,117.96028137207031,205.95384216308594,30
1787129034,669330163,,ui,0.0,0.0,0.0,0
1787129035,668785990,,esp32,100.01265716552734,119.91096496582031,120.43070983886719,30
1787129035,669255866,,lidar,99.63166809082031,130.06654357910156,205.95384216308594,30
1787129035,669289010,,ui,0.0,0.0,0.0,0
1787129036,668971425,,esp32,100.01265716552734,120.00762939453125,120.57328033447266,30
1787129036,669413331,,lidar,99.68495178222656,136.90525817871094,205.95384216308594,30
1787129036,669448308,,ui,0.0,0.0,0.0,0
1787129037,668736522,,esp32,100.00955963134766,120.00762939453125,120.57328033447266,30
1787129037,669094555,,lidar,99.83802032470703,136.90525817871094,205.95384216308594,30
1787129037,669113283,,ui,0.0,0.0,0.0,0
1787129038,668892277,,esp32,100.00133514404297,120.14075469970703,120.57328033447266,30
1787129038,669255956,,lidar,99.68495178222656,136.90525817871094,205.95384216308594,30
1787129038,669275613,,ui,0.0,0.0,0.0,0
1787129039,668888245,,esp32,100.00955963134766,120.1434555053711,140.21945190429688,30
1787129039,669220446,,lidar,99.68328857421875,136.90525817871094,205.95384216308594,30
1787129039,669235435,,ui,0.0,0.0,0.0,0
1787129040,668943801,,esp32,100.00133514404297,120.1434555053711,140.21945190429688,30
1787129040,669530598,,lidar,99.66683197021484,136.90525817871094,201.83920288085938,30
1787129040,669558751,,ui,0.0,0.0,0.0,0
1787129041,668845413,,esp32,99.99859619140625,120.1434555053711,140.21945190429688,30
1787129041,669167579,,lidar,99.68328857421875,136.90525817871094,201.83920288085938,30
1787129041,669187721,,ui,0.0,0.0,0.0,0
1787129042,668720211,,esp32,99.99656677246094,120.1434555053711,140.21945190429688,30
1787129042,669099066,,lidar,99.68328857421875,136.90525817871094,201.83920288085938,30
1787129042,669115385,,ui,0.0,0.0,0.0,0
1787129043,669097594,,esp32,99.99370574951172,120.43213653564453,140.21945190429688,30
1787129043,669463279,,lidar,99.68495178222656,136.90525817871094,201.83920288085938,30
1787129043,669480147,,ui,0.0,0.0,0.0,0
1787129044,669019963,,esp32,99.99060821533203,120.43213653564453,140.21945190429688,30
1787129044,669470514,,lidar,99.67505645751953,198.45726013183594,206.1357421875,30
1787129044,669509271,,ui,0.0,0.0,0.0,0
1787129045,668608825,,esp32,99.98953247070312,120.43213653564453,140.21945190429688,30
1787129045,668955657,,lidar,99.80964660644531,201.35006713867188,206.1357421875,30
1787129045,668969888,,ui,0.0,0.0,0.0,0
1787129046,668795178,,esp32,99.99060821533203,120.43213653564453,140.21945190429688,30
1787129046,669218157,,lidar,99.84898376464844,201.35533142089844,206.1357421875,30
1787129046,669251866,,ui,0.0,0.0,0.0,0
1787129047,668635094,,esp32,99.99060821533203,120.43213653564453,140.21945190429688,30
1787129047,669024961,,lidar,99.84898376464844,201.35533142089844,206.1357421875,30
1787129047,669045191,,ui,0.0,0.0,0.0,0
1787129048,668703679,,esp32,99.99322509765625,120.43213653564453,140.21945190429688,30
1787129048,669128408,,lidar,99.97927856445312,201.360595703125,206.1357421875,30
1787129048,669152095,,ui,0.0,0.0,0.0,0
1787129049,668498368,,esp32,99.99322509765625,120.43213653564453,140.21945190429688,30
1787129049,668848821,,lidar,99.98917388916016,201.36585998535156,206.1357421875,30
1787129049,668862537,,ui,0.0,0.0,0.0,0
1787129050,668576874,,esp32,99.99060821533203,120.43213653564453,140.21945190429688,30
1787129050,668941411,,lidar,100.09884643554688,201.37110900878906,206.1357421875,30
1787129050,668954858,,ui,0.0,0.0,0.0,0
1787129051,668451503,,esp32,99.99060821533203,120.43213653564453,140.21945190429688,30
1787129051,668779465,,lidar,100.2644271850586,201.37110900878906,206.1357421875,30
1787129051,668797579,,ui,0.0,0.0,0.0,0
1787129052,668581322,,esp32,99.99322509765625,120.43213653564453,140.21945190429688,30
1787129052,668927153,,lidar,100.41177368164062,201.37110900878906,206.1357421875,30
1787129052,668944204,,ui,0.0,0.0,0.0,0
