1787121575,483345915,,esp32,100.00252532958984,148.28173828125,1240.1063232421875,30
1787121575,483426104,,lidar,99.29013061523438,115.6939697265625,636.4772338867188,30
1787121575,483438398,,ui,0.0,0.0,0.0,0
1787121576,483438593,,esp32,100.02970886230469,144.39263916015625,1240.1063232421875,30
1787121576,483548843,,lidar,99.31707763671875,113.9493179321289,636.4772338867188,30
1787121576,483564858,,ui,0.0,0.0,0.0,0
1787121577,483415177,,esp32,100.006103515625,140.50352478027344,1240.1063232421875,30
1787121577,483513593,,lidar,99.3458023071289,112.20466613769531,636.4772338867188,30
1787121577,483522010,,ui,0.0,0.0,0.0,0
1787121578,483424424,,esp32,99.99894714355469,159.9377899169922,1240.1063232421875,30
1787121578,483551566,,lidar,99.35665130615234,117.1185302734375,636.4772338867188,30
1787121578,483574890,,ui,0.0,0.0,0.0,0
1787121579,483513360,,esp32,99.99894714355469,363.8631591796875,1240.1063232421875,30
1787121579,483695639,,lidar,99.34258270263672,144.65321350097656,636.4772338867188,30
1787121579,483718608,,ui,0.0,0.0,0.0,0
1787121580,483431400,,esp32,99.995849609375,327.1576843261719,1240.1063232421875,30
1787121580,483543775,,lidar,99.29156494140625,125.02991485595703,636.4772338867188,30
1787121580,483554309,,ui,0.0,0.0,0.0,0
1787121581,483455323,,esp32,99.99894714355469,290.45220947265625,1240.1063232421875,30
1787121581,483591388,,lidar,99.31301879882812,124.01564025878906,636.4772338867188,30
1787121581,483604050,,ui,0.0,0.0,0.0,0
1787121582,483447908,,esp32,100.0010986328125,253.74673461914062,1240.1063232421875,30
1787121582,483597995,,lidar,99.29156494140625,123.00135803222656,636.4772338867188,30
1787121582,483616680,,ui,0.0,0.0,0.0,0
1787121583,483502245,,esp32,100.00431823730469,231.6217498779297,1240.1063232421875,30
1787121583,483662417,,lidar,99.2948989868164,121.98707580566406,636.4772338867188,30
1787121583,483682972,,ui,0.0,0.0,0.0,0
1787121584,483477207,,esp32,100.0010986328125,224.07725524902344,1240.1063232421875,30
1787121584,483632734,,lidar,99.29156494140625,120.97279357910156,636.4772338867188,30
1787121584,483657839,,ui,0.0,0.0,0.0,0
1787121585,483523381,,esp32,99.99811553955078,216.5327606201172,1240.1063232421875,30
1787121585,483738164,,lidar,99.29322814941406,119.95851135253906,636.4772338867188,30
1787121585,483762310,,ui,0.0,0.0,0.0,0
1787121586,483474446,,esp32,99.99894714355469,208.98826599121094,1240.1063232421875,30
1787121586,483690196,,lidar,99.29156494140625,118.9442367553711,636.4772338867188,30
1787121586,483717248,,ui,0.0,0.0,0.0,0
1787121587,483570066,,esp32,99.99787902832031,201.44378662109375,1240.1063232421875,30
1787121587,483721517,,lidar,99.2948989868164,117.9299545288086,636.4772338867188,30
1787121587,483730279,,ui,0.0,0.0,0.0,0
1787121588,483625339,,esp32,99.99811553955078,193.8992919921875,1240.1063232421875,30
1787121588,483786625,,lidar,99.2948989868164,116.9156723022461,636.4772338867188,30
1787121588,483802107,,ui,0.0,0.0,0.0,0
1787121589,483470955,,esp32,99.99561309814453,186.35479736328125,1240.1063232421875,30
1787121589,483643935,,lidar,99.2948989868164,115.90139770507812,636.4772338867188,30
1787121589,483662464,,ui,0.0,0.0,0.0,0
1787121590,483493291,,esp32,99.99251556396484,178.810302734375,1240.1063232421875,30
1787121590,483654993,,lidar,99.2940673828125,115.79996490478516,636.4772338867188,30
1787121590,483670120,,ui,0.0,0.0,0.0,0
1787121591,483529906,,esp32,99.99108123779297,171.44454956054688,1240.1063232421875,30
1787121591,483746593,,lidar,99.29669189453125,125.73467254638672,636.4772338867188,30
1787121591,483768249,,ui,0.0,0.0,0.0,0
1787121592,483533076,,esp32,99.98846435546875,171.44454956054688,1240.1063232421875,30
1787121592,483685490,,lidar,99.29669189453125,150.9945526123047,636.4772338867188,30
1787121592,483700625,,ui,0.0,0.0,0.0,0
1787121593,483511666,,esp32,99.99251556396484,171.44454956054688,1240.1063232421875,30
1787121593,483716279,,lidar,99.29692840576172,150.9945526123047,636.4772338867188,30
1787121593,483738018,,ui,0.0,0.0,0.0,0
1787121594,483698485,,esp32,99.99108123779297,294.6253356933594,1240.1063232421875,30
1787121594,483894667,,lidar,99.2940673828125,168.13247680664062,636.4772338867188,30
1787121594,483912892,,ui,0.0,0.0,0.0,0
1787121595,483736209,,esp32,99.98846435546875,294.6253356933594,1240.1063232421875,30
1787121595,483897982,,lidar,99.29513549804688,168.13247680664062,636.4772338867188,30
1787121595,483913231,,ui,0.0,0.0,0.0,0
1787121596,483715925,,esp32,99.98846435546875,294.6253356933594,1240.1063232421875,30
1787121596,483878064,,lidar,99.29513549804688,168.13247680664062,636.4772338867188,30
1787121596,483899254,,ui,0.0,0.0,0.0,0
1787121597,483563781,,esp32,99.99108123779297,294.6253356933594,1240.1063232421875,30
1787121597,483706192,,lidar,99.29692840576172,168.13247680664062,636.4772338867188,30
1787121597,483714380,,ui,0.0,0.0,0.0,0
1787121598,483618040,,esp32,99.99263000488281,273.72015380859375,1240.1063232421875,30
1787121598,483783983,,lidar,99.29513549804688,155.7762451171875,636.4772338867188,30
1787121598,483798964,,ui,0.0,0.0,0.0,0
1787121599,483580327,,esp32,99.99346923828125,166.17811584472656,602.44873046875,30
1787121599,483736126,,lidar,99.30670166015625,150.892822265625,601.0067749023438,30
1787121599,483746707,,ui,0.0,0.0,0.0,0
1787121600,483459178,,esp32,99.99465942382812,166.17811584472656,602.44873046875,30
1787121600,483619118,,lidar,99.31111145019531,150.892822265625,601.0067749023438,30
1787121600,483628984,,ui,0.0,0.0,0.0,0
1787121601,483543638,,esp32,99.99609375,166.17811584472656,602.44873046875,30
1787121601,483712543,,lidar,99.32744598388672,150.892822265625,601.0067749023438,30
1787121601,483729624,,ui,0.0,0.0,0.0,0
1787121602,483550757,,esp32,99.99609375,166.17811584472656,602.44873046875,30
1787121602,483729607,,lidar,99.29692840576172,150.892822265625,601.0067749023438,30
1787121602,483745526,,ui,0.0,0.0,0.0,0
1787121603,483533981,,esp32,99.99609375,166.17811584472656,602.44873046875,30
1787121603,483764274,,lidar,99.31111145019531,150.892822265625,601.0067749023438,30
1787121603,483788109,,ui,0.0,0.0,0.0,0
1787121604,483612373,,esp32,99.99775695800781,166.17811584472656,602.44873046875,30
1787121604,483759722,,lidar,99.31552124023438,150.892822265625,601.0067749023438,30
1787121604,483773328,,ui,0.0,0.0,0.0,0
1787121605,483474689,,esp32,99.99609375,166.17811584472656,602.44873046875,30
1787121605,483571254,,lidar,99.30670166015625,150.892822265625,601.0067749023438,30
1787121605,483576009,,ui,0.0,0.0,0.0,0
1787121606,483559228,,esp32,99.9917984008789,166.17811584472656,602.44873046875,30
1787121606,483709769,,lidar,99.30670166015625,150.892822265625,601.0067749023438,30
1787121606,483718703,,ui,0.0,0.0,0.0,0
1787121607,483720770,,esp32,99.99465942382812,166.17811584472656,602.44873046875,30
1787121607,483969822,,lidar,99.30133819580078,150.892822265625,601.0067749023438,30
1787121607,484010765,,ui,0.0,0.0,0.0,0
1787121608,483638127,,esp32,99.99609375,164.67343139648438,602.44873046875,30
1787121608,483758919,,lidar,99.30133819580078,155.8779754638672,601.0067749023438,30
1787121608,483769162,,ui,0.0,0.0,0.0,0
1787121609,483746903,,esp32,99.99537658691406,140.7600555419922,583.8136596679688,30
1787121609,484008377,,lidar,99.3092041015625,150.84194946289062,562.7164916992188,30
1787121609,484034005,,ui,0.0,0.0,0.0,0
1787121610,483655411,,esp32,99.99787902832031,140.7600555419922,583.8136596679688,30
1787121610,483840391,,lidar,99.31230163574219,150.84194946289062,562.7164916992188,30
1787121610,483858978,,ui,0.0,0.0,0.0,0
1787121611,483556842,,esp32,99.99537658691406,160.01734924316406,583.8136596679688,30
1787121611,483724331,,lidar,99.31087493896484,150.84194946289062,562.7164916992188,30
1787121611,483734004,,ui,0.0,0.0,0.0,0
1787121612,483685527,,esp32,99.99442291259766,160.01734924316406,583.8136596679688,30
1787121612,483847787,,lidar,99.31230163574219,150.84194946289062,562.7164916992188,30
1787121612,483862706,,ui,0.0,0.0,0.0,0
1787121613,483700472,,esp32,99.99442291259766,160.01734924316406,583.8136596679688,30
1787121613,483958527,,lidar,99.31254577636719,150.84194946289062,562.7164916992188,30
1787121613,483982506,,ui,0.0,0.0,0.0,0
1787121614,483737728,,esp32,99.99311065673828,160.7416534423828,583.8136596679688,30
1787121614,483921728,,lidar,99.3459243774414,150.84194946289062,562.7164916992188,30
1787121614,483937509,,ui,0.0,0.0,0.0,0
1787121615,483692346,,esp32,99.99453735351562,179.76356506347656,583.8136596679688,30
1787121615,483857448,,lidar,99.3447265625,151.27635192871094,562.7164916992188,30
1787121615,483866316,,ui,0.0,0.0,0.0,0
1787121616,483693441,,esp32,99.99442291259766,179.76356506347656,583.8136596679688,30
1787121616,483952116,,lidar,99.34759521484375,151.27635192871094,562.7164916992188,30
1787121616,483974246,,ui,0.0,0.0,0.0,0
1787121617,483623797,,esp32,99.99453735351562,179.76356506347656,583.8136596679688,30
1787121617,483795362,,lidar,99.34759521484375,151.27635192871094,562.7164916992188,30
1787121617,483810272,,ui,0.0,0.0,0.0,0
1787121618,483755999,,esp32,99.99442291259766,179.76356506347656,583.8136596679688,30
1787121618,483920077,,lidar,99.34759521484375,151.27635192871094,562.7164916992188,30
1787121618,483932594,,ui,0.0,0.0,0.0,0
1787121619,483590615,,esp32,99.99537658691406,179.76356506347656,583.8136596679688,30
1787121619,483749213,,lidar,99.34759521484375,151.27635192871094,562.7164916992188,30
1787121619,483770602,,ui,0.0,0.0,0.0,0
1787121620,483610034,,esp32,100.00050354003906,179.76356506347656,583.8136596679688,30
1787121620,483760276,,lidar,99.34759521484375,151.27635192871094,562.7164916992188,30
1787121620,483769319,,ui,0.0,0.0,0.0,0
1787121621,483656197,,esp32,100.00169372558594,179.76356506347656,583.8136596679688,30
1787121621,483827814,,lidar,99.3509292602539,151.27635192871094,562.7164916992188,30
1787121621,483842352,,ui,0.0,0.0,0.0,0
1787121622,483572094,,esp32,100.00169372558594,179.76356506347656,583.8136596679688,30
1787121622,483657243,,lidar,99.3509292602539,150.03895568847656,562.7164916992188,30
1787121622,483664528,,ui,0.0,0.0,0.0,0
1787121623,483724298,,esp32,100.00050354003906,179.76356506347656,583.8136596679688,30
1787121623,483939728,,lidar,99.3540267944336,150.03895568847656,562.7164916992188,30
1787121623,483961907,,ui,0.0,0.0,0.0,0
1787121624,483850410,,esp32,100.00169372558594,179.5714111328125,180.6709747314453,30
1787121624,484015770,,lidar,99.3540267944336,143.4969940185547,162.69064331054688,30
1787121624,484029060,,ui,0.0,0.0,0.0,0
1787121625,483674067,,esp32,100.00169372558594,179.5714111328125,180.6709747314453,30
1787121625,483842329,,lidar,99.3540267944336,143.4969940185547,162.69064331054688,30
1787121625,483856177,,ui,0.0,0.0,0.0,0
1787121626,483674958,,esp32,100.00169372558594,179.5714111328125,180.6709747314453,30
1787121626,483843124,,lidar,99.35307312011719,143.4969940185547,162.69064331054688,30
1787121626,483857576,,ui,0.0,0.0,0.0,0
1787121627,483675128,,esp32,100.00324249267578,179.5714111328125,180.6709747314453,30
1787121627,483828221,,lidar,99.3447265625,143.4969940185547,162.69064331054688,30
1787121627,483840300,,ui,0.0,0.0,0.0,0
1787121628,483813489,,esp32,100.00324249267578,179.5714111328125,180.6709747314453,30
1787121628,484077647,,lidar,99.34925842285156,143.4969940185547,162.69064331054688,30
1787121628,484098488,,ui,0.0,0.0,0.0,0
1787121629,483861142,,esp32,100.01409149169922,179.5714111328125,180.6709747314453,30
1787121629,484123671,,lidar,99.35200500488281,143.56240844726562,162.69064331054688,30
1787121629,484145715,,ui,0.0,0.0,0.0,0
1787121630,483859506,,esp32,100.0069351196289,179.5714111328125,180.6709747314453,30
1787121630,484130320,,lidar,99.34246826171875,143.56240844726562,162.69064331054688,30
1787121630,484152859,,ui,0.0,0.0,0.0,0
1787121631,483696219,,esp32,100.0069351196289,179.5714111328125,180.6709747314453,30
1787121631,483866867,,lidar,99.34699249267578,143.56240844726562,162.69064331054688,30
1787121631,483881811,,ui,0.0,0.0,0.0,0
1787121632,483807445,,esp32,100.0069351196289,179.5714111328125,180.6709747314453,30
1787121632,483978228,,lidar,99.35009765625,143.56240844726562,162.69064331054688,30
1787121632,483993755,,ui,0.0,0.0,0.0,0
1787121633,483858473,,esp32,100.0069351196289,179.5714111328125,180.6709747314453,30
1787121633,484046733,,lidar,99.34699249267578,143.56240844726562,162.69064331054688,30
1787121633,484065166,,ui,0.0,0.0,0.0,0
1787121634,483595446,,esp32,100.00336456298828,179.5714111328125,180.6709747314453,30
1787121634,483772277,,lidar,99.33865356445312,143.56240844726562,162.69064331054688,30
1787121634,483786215,,ui,0.0,0.0,0.0,0
1787121635,483741748,,esp32,100.0069351196289,179.5714111328125,180.6709747314453,30
1787121635,483919368,,lidar,99.35009765625,143.56240844726562,162.69064331054688,30
1787121635,483936601,,ui,0.0,0.0,0.0,0
1787121636,483796176,,esp32,100.0069351196289,179.5714111328125,180.6709747314453,30
1787121636,483999866,,lidar,99.33197784423828,143.56240844726562,162.69064331054688,30
1787121636,484021056,,ui,0.0,0.0,0.0,0
1787121637,483793818,,esp32,100.00657653808594,179.5714111328125,180.6709747314453,30
1787121637,483987568,,lidar,99.35009765625,143.56240844726562,162.69064331054688,30
1787121637,484009489,,ui,0.0,0.0,0.0,0
1787121638,483864933,,esp32,100.01373291015625,179.56948852539062,180.6709747314453,30
1787121638,484124528,,lidar,99.3447265625,134.21774291992188,151.27635192871094,30
1787121638,484148965,,ui,0.0,0.0,0.0,0
1787121639,483807926,,esp32,100.01683044433594,160.8099822998047,180.6709747314453,30
1787121639,484045275,,lidar,99.35009765625,131.11624145507812,151.27635192871094,30
1787121639,484069437,,ui,0.0,0.0,0.0,0
1787121640,483807355,,esp32,100.01194763183594,160.8099822998047,180.6709747314453,30
1787121640,484072843,,lidar,99.34842681884766,131.11624145507812,151.27635192871094,30
1787121640,484103189,,ui,0.0,0.0,0.0,0
1787121641,483782070,,esp32,100.01194763183594,160.8099822998047,180.6709747314453,30
1787121641,483929612,,lidar,99.3438949584961,120.82278442382812,151.27635192871094,30
1787121641,483942478,,ui,0.0,0.0,0.0,0
1787121642,483727463,,esp32,100.01409149169922,160.8099822998047,180.6709747314453,30
1787121642,483892032,,lidar,99.3438949584961,120.82278442382812,151.27635192871094,30
1787121642,483906905,,ui,0.0,0.0,0.0,0
1787121643,483692078,,esp32,100.01409149169922,160.8099822998047,180.6709747314453,30
1787121643,483841838,,lidar,99.3235092163086,120.82278442382812,151.27635192871094,30
1787121643,483861146,,ui,0.0,0.0,0.0,0
1787121644,483737647,,esp32,100.01409149169922,159.64749145507812,179.8179168701172,30
1787121644,483930682,,lidar,99.32077026367188,114.38064575195312,151.27635192871094,30
1787121644,483948199,,ui,0.0,0.0,0.0,0
1787121645,483717076,,esp32,100.016357421875,120.03211212158203,160.61854553222656,30
1787121645,483908447,,lidar,99.32077026367188,108.0891342163086,132.15756225585938,30
1787121645,483926349,,ui,0.0,0.0,0.0,0
1787121646,483783053,,esp32,100.01873779296875,120.03211212158203,160.61854553222656,30
1787121646,484053579,,lidar,99.32077026367188,107.07775115966797,132.15756225585938,30
1787121646,484077419,,ui,0.0,0.0,0.0,0
1787121647,483773028,,esp32,100.01873779296875,120.03211212158203,160.61854553222656,30
1787121647,484020299,,lidar,99.31290435791016,107.10560607910156,132.15756225585938,30
1787121647,484041452,,ui,0.0,0.0,0.0,0
1787121648,483820899,,esp32,100.01945495605469,120.03211212158203,160.61854553222656,30
1787121648,484003213,,lidar,99.31290435791016,107.10560607910156,132.15756225585938,30
1787121648,484012983,,ui,0.0,0.0,0.0,0
1787121649,483807007,,esp32,100.01945495605469,120.03211212158203,160.61854553222656,30
1787121649,483988415,,lidar,99.31587982177734,107.10560607910156,132.15756225585938,30
1787121649,484005334,,ui,0.0,0.0,0.0,0
1787121650,483750055,,esp32,100.01945495605469,120.03211212158203,160.61854553222656,30
1787121650,483918571,,lidar,99.31587982177734,107.10560607910156,132.15756225585938,30
1787121650,483931858,,ui,0.0,0.0,0.0,0
1787121651,483813464,,esp32,100.01981353759766,119.95564270019531,160.61854553222656,30
1787121651,483996889,,lidar,99.31587982177734,107.10560607910156,132.15756225585938,30
1787121651,484006554,,ui,0.0,0.0,0.0,0
1787121652,483909269,,esp32,100.01981353759766,119.95564270019531,160.61854553222656,30
1787121652,484084608,,lidar,99.3235092163086,107.10560607910156,132.15756225585938,30
1787121652,484100785,,ui,0.0,0.0,0.0,0
1787121653,483790413,,esp32,100.02183532714844,119.89627075195312,160.61854553222656,30
1787121653,483976583,,lidar,99.3235092163086,107.10560607910156,132.15756225585938,30
1787121653,483994370,,ui,0.0,0.0,0.0,0
1787121654,483924436,,esp32,100.01981353759766,119.89627075195312,160.61854553222656,30
1787121654,484139794,,lidar,99.33352661132812,107.10560607910156,132.15756225585938,30
1787121654,484163633,,ui,0.0,0.0,0.0,0
1787121655,483950693,,esp32,100.01945495605469,119.89970397949219,160.61854553222656,30
1787121655,484198832,,lidar,99.33257293701172,107.155029296875,132.15756225585938,30
1787121655,484224329,,ui,0.0,0.0,0.0,0
1787121656,483887737,,esp32,100.01921844482422,119.98558807373047,1462.87255859375,30
1787121656,484060410,,lidar,99.33448028564453,108.09407043457031,615.8678588867188,30
1787121656,484075110,,ui,0.0,0.0,0.0,0
1787121657,483872352,,esp32,100.01754760742188,120.39806365966797,1462.87255859375,30
1787121657,484082814,,lidar,99.33448028564453,108.09407043457031,615.8678588867188,30
1787121657,484100074,,ui,0.0,0.0,0.0,0
1787121658,483750234,,esp32,100.01754760742188,120.39806365966797,1462.87255859375,30
1787121658,483916854,,lidar,99.32804107666016,107.11053466796875,615.8678588867188,30
1787121658,483931944,,ui,0.0,0.0,0.0,0
1787121659,483690490,,esp32,100.0070571899414,120.43746948242188,1462.87255859375,30
1787121659,483845041,,lidar,99.32339477539062,107.11053466796875,615.8678588867188,30
1787121659,483858763,,ui,0.0,0.0,0.0,0
1787121660,483755921,,esp32,100.0070571899414,120.44574737548828,1462.87255859375,30
1787121660,483944191,,lidar,99.34520721435547,107.18463897705078,615.8678588867188,30
1787121660,483958557,,ui,0.0,0.0,0.0,0
1787121661,483811886,,esp32,100.0069351196289,126.48239135742188,1462.87255859375,30
1787121661,483989319,,lidar,99.33257293701172,109.04932403564453,637.0070190429688,30
1787121661,484002845,,ui,0.0,0.0,0.0,0
1787121662,483838469,,esp32,100.0019302368164,126.48239135742188,1462.87255859375,30
1787121662,484012854,,lidar,99.3235092163086,109.04932403564453,637.0070190429688,30
1787121662,484025635,,ui,0.0,0.0,0.0,0
1787121663,483812052,,esp32,100.0008544921875,126.48239135742188,1462.87255859375,30
1787121663,484014825,,lidar,99.32231903076172,109.04932403564453,637.0070190429688,30
1787121663,484032305,,ui,0.0,0.0,0.0,0
1787121664,483819385,,esp32,100.00431823730469,126.57561492919922,1462.87255859375,30
1787121664,484089832,,lidar,99.31230163574219,109.04932403564453,637.0070190429688,30
1787121664,484112877,,ui,0.0,0.0,0.0,0
1787121665,483779289,,esp32,100.00133514404297,126.57561492919922,1462.87255859375,30
1787121665,483978133,,lidar,99.31182861328125,112.94194030761719,637.0070190429688,30
1787121665,483996087,,ui,0.0,0.0,0.0,0
1787121666,483916524,,esp32,100.00431823730469,126.57561492919922,1462.87255859375,30
1787121666,484195097,,lidar,99.3235092163086,112.94194030761719,637.0070190429688,30
1787121666,484217571,,ui,0.0,0.0,0.0,0
1787121667,483905451,,esp32,100.00133514404297,120.47481536865234,1462.87255859375,30
1787121667,484077746,,lidar,99.32231903076172,112.94194030761719,637.0070190429688,30
1787121667,484093473,,ui,0.0,0.0,0.0,0
1787121668,483938642,,esp32,99.99930572509766,120.55445861816406,1462.87255859375,30
1787121668,484157834,,lidar,99.32231903076172,112.94194030761719,637.0070190429688,30
1787121668,484179419,,ui,0.0,0.0,0.0,0
1787121669,483837040,,esp32,99.99930572509766,120.55445861816406,1462.87255859375,30
1787121669,484013879,,lidar,99.30992126464844,112.94194030761719,637.0070190429688,30
1787121669,484022891,,ui,0.0,0.0,0.0,0
1787121670,483862398,,esp32,99.99703979492188,120.55445861816406,1462.87255859375,30
1787121670,484142450,,lidar,99.31182861328125,112.94194030761719,637.0070190429688,30
1787121670,484165305,,ui,0.0,0.0,0.0,0
1787121671,483715502,,esp32,99.99716186523438,120.55445861816406,1462.87255859375,30
1787121671,483838671,,lidar,99.30992126464844,112.94194030761719,637.0070190429688,30
1787121671,483850062,,ui,0.0,0.0,0.0,0
1787121672,483838584,,esp32,99.99942779541016,120.55445861816406,1462.87255859375,30
1787121672,484066709,,lidar,99.31230163574219,112.94194030761719,637.0070190429688,30
1787121672,484087039,,ui,0.0,0.0,0.0,0
1787121673,483958704,,esp32,99.99716186523438,120.55445861816406,1462.87255859375,30
1787121673,484143705,,lidar,99.3235092163086,112.94194030761719,637.0070190429688,30
1787121673,484156773,,ui,0.0,0.0,0.0,0
1787121674,483990955,,esp32,99.99942779541016,120.55445861816406,1462.87255859375,30
1787121674,484167327,,lidar,99.3235092163086,112.94194030761719,637.0070190429688,30
1787121674,484182195,,ui,0.0,0.0,0.0,0
1787121675,483952860,,esp32,99.99037170410156,123.49317932128906,1462.87255859375,30
1787121675,484135570,,lidar,99.32231903076172,107.20479583740234,637.0070190429688,30
1787121675,484150783,,ui,0.0,0.0,0.0,0
1787121676,483885547,,esp32,99.98118591308594,140.1012725830078,1462.87255859375,30
1787121676,484154726,,lidar,99.3235092163086,107.20479583740234,637.0070190429688,30
1787121676,484178626,,ui,0.0,0.0,0.0,0
1787121677,483994766,,esp32,99.99263000488281,140.1012725830078,1462.87255859375,30
1787121677,484273388,,lidar,99.33448028564453,105.75289916992188,637.0070190429688,30
1787121677,484298748,,ui,0.0,0.0,0.0,0
1787121678,483845825,,esp32,99.99263000488281,140.1012725830078,1462.87255859375,30
1787121678,484037017,,lidar,99.33448028564453,105.75289916992188,637.0070190429688,30
1787121678,484053249,,ui,0.0,0.0,0.0,0
1787121679,483932452,,esp32,99.99549102783203,140.1012725830078,1462.87255859375,30
1787121679,484207043,,lidar,99.31182861328125,105.75289916992188,637.0070190429688,30
1787121679,484233448,,ui,0.0,0.0,0.0,0
1787121680,483991094,,esp32,99.9950180053711,140.1012725830078,1462.87255859375,30
1787121680,484177934,,lidar,99.33257293701172,105.75289916992188,637.0070190429688,30
1787121680,484188265,,ui,0.0,0.0,0.0,0
1787121681,483983951,,esp32,99.9950180053711,140.1012725830078,1462.87255859375,30
1787121681,484258443,,lidar,99.32231903076172,105.75289916992188,637.0070190429688,30
1787121681,484286511,,ui,0.0,0.0,0.0,0
1787121682,483647324,,esp32,99.99263000488281,140.1012725830078,1462.87255859375,30
1787121682,483725614,,lidar,99.3235092163086,105.75289916992188,637.0070190429688,30
1787121682,483732441,,ui,0.0,0.0,0.0,0
1787121683,484010212,,esp32,99.98524475097656,140.1012725830078,1462.87255859375,30
1787121683,484198707,,lidar,99.31182861328125,105.75289916992188,637.0070190429688,30
1787121683,484213352,,ui,0.0,0.0,0.0,0
1787121684,484018077,,esp32,99.9900131225586,140.1012725830078,1462.87255859375,30
1787121684,484192959,,lidar,99.3051528930664,105.75289916992188,637.0070190429688,30
1787121684,484205777,,ui,0.0,0.0,0.0,0
1787121685,483924552,,esp32,99.9900131225586,140.08836364746094,1462.87255859375,30
1787121685,484106565,,lidar,99.30754089355469,105.5982894897461,637.0070190429688,30
1787121685,484121857,,ui,0.0,0.0,0.0,0
1787121686,484014425,,esp32,99.99298858642578,121.64470672607422,602.6279907226562,30
1787121686,484205710,,lidar,99.32219696044922,105.08971405029297,637.0070190429688,30
1787121686,484217488,,ui,0.0,0.0,0.0,0
1787121687,483894644,,esp32,99.99633026123047,121.64470672607422,602.6279907226562,30
1787121687,484084552,,lidar,99.33531188964844,105.08971405029297,637.0070190429688,30
1787121687,484100861,,ui,0.0,0.0,0.0,0
1787121688,483999506,,esp32,99.99298858642578,121.64470672607422,602.6279907226562,30
1787121688,484192435,,lidar,99.33257293701172,105.09501647949219,637.0070190429688,30
1787121688,484206835,,ui,0.0,0.0,0.0,0
1787121689,483937176,,esp32,99.99227905273438,121.64470672607422,602.6279907226562,30
1787121689,484126617,,lidar,99.33257293701172,105.09501647949219,637.0070190429688,30
1787121689,484141792,,ui,0.0,0.0,0.0,0
1787121690,483943519,,esp32,99.99227905273438,120.87702941894531,602.6279907226562,30
1787121690,484236024,,lidar,99.30265045166016,105.07723999023438,637.0070190429688,30
1787121690,484260462,,ui,0.0,0.0,0.0,0
1787121691,483912785,,esp32,99.99465942382812,120.78827667236328,140.2840576171875,30
1787121691,484122864,,lidar,99.30848693847656,104.24248504638672,112.5497817993164,30
1787121691,484140658,,ui,0.0,0.0,0.0,0
1787121692,483967537,,esp32,99.99752044677734,120.78827667236328,140.2840576171875,30
1787121692,484143821,,lidar,99.33531188964844,104.24248504638672,112.5497817993164,30
1787121692,484158629,,ui,0.0,0.0,0.0,0
1787121693,483977765,,esp32,99.99752044677734,120.78827667236328,140.2840576171875,30
1787121693,484151388,,lidar,99.31099700927734,104.24248504638672,112.5497817993164,30
1787121693,484166672,,ui,0.0,0.0,0.0,0
1787121694,483779437,,esp32,99.99263000488281,120.78827667236328,140.2840576171875,30
1787121694,483895510,,lidar,99.33531188964844,104.24248504638672,112.5497817993164,30
1787121694,483903200,,ui,0.0,0.0,0.0,0
1787121695,483878005,,esp32,99.99287414550781,121.0689468383789,140.2840576171875,30
1787121695,484041743,,lidar,99.33531188964844,104.18511962890625,105.61418151855469,30
1787121695,484054752,,ui,0.0,0.0,0.0,0
1787121696,483910293,,esp32,99.99465942382812,121.0689468383789,140.2840576171875,30
1787121696,484098117,,lidar,99.35057067871094,104.18511962890625,105.61418151855469,30
1787121696,484112627,,ui,0.0,0.0,0.0,0
1787121697,483926448,,esp32,99.99251556396484,121.0689468383789,140.2840576171875,30
1787121697,484112462,,lidar,99.33531188964844,104.18511962890625,105.61418151855469,30
1787121697,484127114,,ui,0.0,0.0,0.0,0
1787121698,484002928,,esp32,99.99465942382812,121.0689468383789,140.2840576171875,30
1787121698,484190340,,lidar,99.33531188964844,104.18511962890625,105.61418151855469,30
1787121698,484206996,,ui,0.0,0.0,0.0,0
1787121699,484081634,,esp32,99.99334716796875,121.0689468383789,140.2840576171875,30
1787121699,484288457,,lidar,99.34091186523438,104.18511962890625,105.61418151855469,30
1787121699,484306563,,ui,0.0,0.0,0.0,0
1787121700,483924701,,esp32,99.99668884277344,121.0689468383789,140.2840576171875,30
1787121700,484228134,,lidar,99.34091186523438,104.18511962890625,105.61418151855469,30
1787121700,484260068,,ui,0.0,0.0,0.0,0
1787121701,483922017,,esp32,99.99334716796875,121.0689468383789,140.2840576171875,30
1787121701,484153974,,lidar,99.36309051513672,104.31958770751953,106.58836364746094,30
1787121701,484178253,,ui,0.0,0.0,0.0,0
1787121702,483979163,,esp32,99.99287414550781,121.0689468383789,140.2840576171875,30
1787121702,484186675,,lidar,99.35641479492188,104.31958770751953,106.58836364746094,30
1787121702,484205802,,ui,0.0,0.0,0.0,0
1787121703,483925498,,esp32,99.99287414550781,121.0689468383789,140.2840576171875,30
1787121703,484126112,,lidar,99.34461212158203,104.31958770751953,106.58836364746094,30
1787121703,484145119,,ui,0.0,0.0,0.0,0
1787121704,483983864,,esp32,99.99275207519531,121.0689468383789,140.2840576171875,30
1787121704,484237935,,lidar,99.34091186523438,104.8045883178711,106.58836364746094,30
1787121704,484263478,,ui,0.0,0.0,0.0,0
1787121705,483954450,,esp32,99.99287414550781,120.78827667236328,140.2840576171875,30
1787121705,484167098,,lidar,99.35044860839844,104.8045883178711,106.58836364746094,30
1787121705,484186464,,ui,0.0,0.0,0.0,0
1787121706,483956074,,esp32,99.99287414550781,120.51287078857422,140.2299346923828,30
1787121706,484166857,,lidar,99.34461212158203,104.8045883178711,106.58836364746094,30
1787121706,484187559,,ui,0.0,0.0,0.0,0
1787121707,483942519,,esp32,99.99322509765625,120.51287078857422,140.2299346923828,30
1787121707,484144126,,lidar,99.34461212158203,104.80314636230469,106.58836364746094,30
1787121707,484161068,,ui,0.0,0.0,0.0,0
1787121708,484031694,,esp32,99.99322509765625,120.51287078857422,140.2299346923828,30
1787121708,484217616,,lidar,99.34461212158203,104.80314636230469,106.58836364746094,30
1787121708,484233495,,ui,0.0,0.0,0.0,0
1787121709,484088598,,esp32,99.9950180053711,120.51160430908203,140.2299346923828,30
1787121709,484349780,,lidar,99.35641479492188,104.80314636230469,106.58836364746094,30
1787121709,484373978,,ui,0.0,0.0,0.0,0
1787121710,483910245,,esp32,99.99633026123047,120.51160430908203,140.2299346923828,30
1787121710,484087350,,lidar,99.34378051757812,104.7964096069336,106.58836364746094,30
1787121710,484100769,,ui,0.0,0.0,0.0,0
1787121711,484073277,,esp32,99.99633026123047,120.51160430908203,140.2299346923828,30
1787121711,484258409,,lidar,99.34091186523438,104.80314636230469,106.58836364746094,30
1787121711,484273465,,ui,0.0,0.0,0.0,0
1787121712,484067339,,esp32,99.99633026123047,120.51160430908203,140.2299346923828,30
1787121712,484238125,,lidar,99.34091186523438,104.80314636230469,106.58836364746094,30
1787121712,484251865,,ui,0.0,0.0,0.0,0
1787121713,483880733,,esp32,99.99919128417969,120.51160430908203,140.2299346923828,30
1787121713,484059209,,lidar,99.3294677734375,104.7964096069336,106.58836364746094,30
1787121713,484074201,,ui,0.0,0.0,0.0,0
1787121714,483946015,,esp32,100.00050354003906,120.51160430908203,140.2299346923828,30
1787121714,484126937,,lidar,99.3294677734375,104.7964096069336,106.58836364746094,30
1787121714,484141550,,ui,0.0,0.0,0.0,0
1787121715,483958946,,esp32,100.0019302368164,120.20018768310547,140.2299346923828,30
1787121715,484126384,,lidar,99.3101577758789,104.7964096069336,106.58836364746094,30
1787121715,484139958,,ui,0.0,0.0,0.0,0
1787121716,483997805,,esp32,100.00324249267578,120.20018768310547,140.2299346923828,30
1787121716,484182665,,lidar,99.30610656738281,105.46994018554688,106.58836364746094,30
1787121716,484197754,,ui,0.0,0.0,0.0,0
1787121717,483870410,,esp32,100.00324249267578,120.20018768310547,140.2299346923828,30
1787121717,484037586,,lidar,99.30610656738281,105.46994018554688,106.58836364746094,30
1787121717,484053050,,ui,0.0,0.0,0.0,0
1787121718,483981313,,esp32,100.00491333007812,120.20018768310547,140.2299346923828,30
1787121718,484163133,,lidar,99.30610656738281,105.46994018554688,106.58836364746094,30
1787121718,484178060,,ui,0.0,0.0,0.0,0
1787121719,484016420,,esp32,100.00550842285156,120.27075958251953,140.2299346923828,30
1787121719,484246606,,lidar,99.3051528930664,105.46994018554688,106.58836364746094,30
1787121719,484274808,,ui,0.0,0.0,0.0,0
1787121720,483969525,,esp32,100.0071792602539,120.27075958251953,140.2299346923828,30
1787121720,484170899,,lidar,99.30968475341797,105.46994018554688,106.58836364746094,30
1787121720,484186133,,ui,0.0,0.0,0.0,0
1787121721,484088495,,esp32,100.0071792602539,120.27075958251953,140.2299346923828,30
1787121721,484412256,,lidar,99.31099700927734,105.4758529663086,106.58836364746094,30
1787121721,484440860,,ui,0.0,0.0,0.0,0
1787121722,484066126,,esp32,100.0071792602539,120.27075958251953,140.2299346923828,30
1787121722,484358822,,lidar,99.3101577758789,106.06074523925781,115.57674407958984,30
1787121722,484382891,,ui,0.0,0.0,0.0,0
1787121723,484159828,,esp32,100.0071792602539,120.27075958251953,140.2299346923828,30
1787121723,484451082,,lidar,99.31492614746094,106.06074523925781,115.57674407958984,30
1787121723,484474915,,ui,0.0,0.0,0.0,0
1787121724,484118306,,esp32,100.0101547241211,120.27017211914062,140.2299346923828,30
1787121724,484343798,,lidar,99.30968475341797,106.06074523925781,115.57674407958984,30
1787121724,484363103,,ui,0.0,0.0,0.0,0
1787121725,484151778,,esp32,100.0101547241211,120.19776916503906,120.66006469726562,30
1787121725,484366026,,lidar,99.30610656738281,106.06074523925781,115.57674407958984,30
1787121725,484383792,,ui,0.0,0.0,0.0,0
1787121726,484154595,,esp32,100.00753784179688,120.19776916503906,120.66006469726562,30
1787121726,484354120,,lidar,99.30610656738281,106.06074523925781,115.57674407958984,30
1787121726,484370292,,ui,0.0,0.0,0.0,0
1787121727,484068909,,esp32,100.0101547241211,120.19776916503906,120.66006469726562,30
1787121727,484312555,,lidar,99.30968475341797,106.06074523925781,115.57674407958984,30
1787121727,484336023,,ui,0.0,0.0,0.0,0
1787121728,484143888,,esp32,100.0101547241211,120.19776916503906,120.66006469726562,30
1787121728,484362735,,lidar,99.32685089111328,106.06074523925781,115.57674407958984,30
1787121728,484380337,,ui,0.0,0.0,0.0,0
1787121729,484025625,,esp32,100.00813293457031,120.19776916503906,120.66006469726562,30
1787121729,484246881,,lidar,99.34544372558594,106.06074523925781,115.57674407958984,30
1787121729,484264822,,ui,0.0,0.0,0.0,0
1787121730,484093264,,esp32,100.00813293457031,120.18950653076172,120.66006469726562,30
1787121730,484278594,,lidar,99.33518981933594,106.06074523925781,115.57674407958984,30
1787121730,484293386,,ui,0.0,0.0,0.0,0
1787121731,484130173,,esp32,100.0101547241211,120.18950653076172,120.66006469726562,30
1787121731,484305261,,lidar,99.32685089111328,105.52764129638672,115.57674407958984,30
1787121731,484317209,,ui,0.0,0.0,0.0,0
1787121732,484057808,,esp32,100.00872802734375,120.18950653076172,120.66006469726562,30
1787121732,484333835,,lidar,99.32422637939453,105.52764129638672,115.57674407958984,30
1787121732,484355861,,ui,0.0,0.0,0.0,0
1787121733,484173643,,esp32,100.00872802734375,120.18950653076172,120.66006469726562,30
1787121733,484367570,,lidar,99.3294677734375,105.52764129638672,115.57674407958984,30
1787121733,484381320,,ui,0.0,0.0,0.0,0
1787121734,484048429,,esp32,100.00741577148438,120.18950653076172,120.66006469726562,30
1787121734,484321693,,lidar,99.32708740234375,105.46994018554688,115.57674407958984,30
1787121734,484341808,,ui,0.0,0.0,0.0,0
1787121735,484157187,,esp32,100.00443267822266,120.18950653076172,120.66006469726562,30
1787121735,484339838,,lidar,99.31492614746094,105.46994018554688,115.57674407958984,30
1787121735,484353420,,ui,0.0,0.0,0.0,0
1787121736,483956463,,esp32,100.00586700439453,120.18950653076172,120.66006469726562,30
1787121736,484055720,,lidar,99.31492614746094,105.46994018554688,115.57674407958984,30
1787121736,484061567,,ui,0.0,0.0,0.0,0
1787121737,484128700,,esp32,100.00395965576172,120.19508361816406,120.66006469726562,30
1787121737,484350235,,lidar,99.30789184570312,105.53297424316406,610.128662109375,30
1787121737,484368415,,ui,0.0,0.0,0.0,0
1787121738,484077601,,esp32,100.00276184082031,120.28848266601562,1405.0570068359375,30
1787121738,484295526,,lidar,99.31373596191406,105.53297424316406,610.128662109375,30
1787121738,484313097,,ui,0.0,0.0,0.0,0
1787121739,484175231,,esp32,100.00443267822266,120.19747161865234,1405.0570068359375,30
1787121739,484507484,,lidar,99.31373596191406,105.53297424316406,610.128662109375,30
1787121739,484533470,,ui,0.0,0.0,0.0,0
1787121740,484194655,,esp32,99.99906921386719,120.28848266601562,1405.0570068359375,30
1787121740,484422184,,lidar,99.31492614746094,106.06867218017578,610.128662109375,30
1787121740,484440757,,ui,0.0,0.0,0.0,0
1787121741,484208388,,esp32,100.00157165527344,120.45158386230469,1405.0570068359375,30
1787121741,484403758,,lidar,99.319580078125,106.06470489501953,610.128662109375,30
1787121741,484418667,,ui,0.0,0.0,0.0,0
1787121742,483956912,,esp32,100.00443267822266,120.45479583740234,1405.0570068359375,30
1787121742,484046939,,lidar,99.31182861328125,106.5349349975586,610.128662109375,30
1787121742,484051837,,ui,0.0,0.0,0.0,0
1787121743,484127002,,esp32,100.00157165527344,120.47525787353516,1405.0570068359375,30
1787121743,484349621,,lidar,99.30610656738281,106.61263275146484,610.128662109375,30
1787121743,484369321,,ui,0.0,0.0,0.0,0
1787121744,484123937,,esp32,99.99906921386719,120.47525787353516,1405.0570068359375,30
1787121744,484298048,,lidar,99.30610656738281,106.61263275146484,610.128662109375,30
1787121744,484311698,,ui,0.0,0.0,0.0,0
1787121745,484216403,,esp32,99.99859619140625,120.50157928466797,1405.0570068359375,30
1787121745,484417363,,lidar,99.31111145019531,106.61263275146484,610.128662109375,30
1787121745,484431630,,ui,0.0,0.0,0.0,0
1787121746,484163865,,esp32,99.99811553955078,120.53114318847656,1405.0570068359375,30
1787121746,484397643,,lidar,99.31802368164062,106.61263275146484,610.128662109375,30
1787121746,484421571,,ui,0.0,0.0,0.0,0
1787121747,484086599,,esp32,99.99537658691406,120.67393493652344,1405.0570068359375,30
1787121747,484366271,,lidar,99.31254577636719,106.61263275146484,610.128662109375,30
1787121747,484386315,,ui,0.0,0.0,0.0,0
1787121748,484131661,,esp32,99.99811553955078,120.67393493652344,1405.0570068359375,30
1787121748,484430391,,lidar,99.31254577636719,106.61263275146484,610.128662109375,30
1787121748,484451692,,ui,0.0,0.0,0.0,0
1787121749,484097765,,esp32,99.99537658691406,120.67393493652344,1405.0570068359375,30
1787121749,484286709,,lidar,99.31254577636719,106.61263275146484,610.128662109375,30
1787121749,484300136,,ui,0.0,0.0,0.0,0
1787121750,484238092,,esp32,99.99537658691406,120.67393493652344,1405.0570068359375,30
1787121750,484552810,,lidar,99.31802368164062,106.61263275146484,610.128662109375,30
1787121750,484581393,,ui,0.0,0.0,0.0,0
1787121751,484147418,,esp32,99.99811553955078,120.67393493652344,1405.0570068359375,30
1787121751,484405784,,lidar,99.31087493896484,106.5349349975586,610.128662109375,30
1787121751,484428315,,ui,0.0,0.0,0.0,0
1787121752,484195717,,esp32,99.99537658691406,120.67393493652344,1405.0570068359375,30
1787121752,484376044,,lidar,99.31111145019531,105.54623413085938,610.128662109375,30
1787121752,484388268,,ui,0.0,0.0,0.0,0
1787121753,484216783,,esp32,99.99215698242188,120.67393493652344,1405.0570068359375,30
1787121753,484403814,,lidar,99.31111145019531,105.54623413085938,610.128662109375,30
1787121753,484416998,,ui,0.0,0.0,0.0,0
1787121754,484232516,,esp32,99.99215698242188,120.67393493652344,1405.0570068359375,30
1787121754,484454637,,lidar,99.31111145019531,105.54623413085938,610.128662109375,30
1787121754,484472409,,ui,0.0,0.0,0.0,0
1787121755,484264915,,esp32,99.99215698242188,120.67393493652344,1405.0570068359375,30
1787121755,484481984,,lidar,99.31254577636719,105.27285766601562,610.128662109375,30
1787121755,484502068,,ui,0.0,0.0,0.0,0
1787121756,484225926,,esp32,99.995849609375,120.67393493652344,1405.0570068359375,30
1787121756,484489161,,lidar,99.30396270751953,105.27285766601562,610.128662109375,30
1787121756,484514590,,ui,0.0,0.0,0.0,0
1787121757,484114599,,esp32,99.995849609375,120.67393493652344,1405.0570068359375,30
1787121757,484355890,,lidar,99.31063842773438,105.27285766601562,610.128662109375,30
1787121757,484377713,,ui,0.0,0.0,0.0,0
1787121758,484259072,,esp32,99.99048614501953,120.67393493652344,1405.0570068359375,30
1787121758,484458726,,lidar,99.30348205566406,105.27285766601562,610.128662109375,30
1787121758,484478484,,ui,0.0,0.0,0.0,0
1787121759,484209064,,esp32,99.99048614501953,120.67393493652344,1405.0570068359375,30
1787121759,484398082,,lidar,99.28417205810547,105.27285766601562,610.128662109375,30
1787121759,484412388,,ui,0.0,0.0,0.0,0
1787121760,484141222,,esp32,99.98810577392578,120.67393493652344,1405.0570068359375,30
1787121760,484403210,,lidar,99.29847717285156,105.27285766601562,610.128662109375,30
1787121760,484428091,,ui,0.0,0.0,0.0,0
1787121761,484252339,,esp32,99.98810577392578,120.67393493652344,1405.0570068359375,30
1787121761,484441896,,lidar,99.29347229003906,105.27285766601562,610.128662109375,30
1787121761,484457133,,ui,0.0,0.0,0.0,0
1787121762,484130978,,esp32,99.98798370361328,120.67406463623047,1405.0570068359375,30
1787121762,484333596,,lidar,99.2898941040039,106.47677612304688,610.128662109375,30
1787121762,484350347,,ui,0.0,0.0,0.0,0
1787121763,484207525,,esp32,99.98535919189453,145.2699432373047,1405.0570068359375,30
1787121763,484394802,,lidar,99.28334045410156,107.3221435546875,629.3871459960938,30
1787121763,484408049,,ui,0.0,0.0,0.0,0
1787121764,484287728,,esp32,99.990966796875,145.2699432373047,1405.0570068359375,30
1787121764,484494255,,lidar,99.28334045410156,107.3221435546875,629.3871459960938,30
1787121764,484509118,,ui,0.0,0.0,0.0,0
1787121765,484239233,,esp32,99.98810577392578,145.2699432373047,1405.0570068359375,30
1787121765,484447048,,lidar,99.28524780273438,107.3221435546875,629.3871459960938,30
1787121765,484462105,,ui,0.0,0.0,0.0,0
1787121766,484240604,,esp32,99.98249816894531,145.2699432373047,1405.0570068359375,30
1787121766,484418254,,lidar,99.2898941040039,107.3221435546875,629.3871459960938,30
1787121766,484430160,,ui,0.0,0.0,0.0,0
1787121767,484173508,,esp32,99.98798370361328,142.74916076660156,1405.0570068359375,30
1787121767,484365349,,lidar,99.30097961425781,106.4637451171875,629.3871459960938,30
1787121767,484380053,,ui,0.0,0.0,0.0,0
1787121768,484231361,,esp32,99.98798370361328,123.3713607788086,582.6332397460938,30
1787121768,484420854,,lidar,99.28524780273438,107.17977905273438,629.3871459960938,30
1787121768,484435893,,ui,0.0,0.0,0.0,0
1787121769,484322027,,esp32,99.98249816894531,144.54971313476562,1224.091552734375,30
1787121769,484516133,,lidar,99.28822326660156,107.17977905273438,629.3871459960938,30
1787121769,484531161,,ui,0.0,0.0,0.0,0
1787121770,484286098,,esp32,99.98249816894531,144.54971313476562,1224.091552734375,30
1787121770,484537985,,lidar,99.29180145263672,107.17977905273438,629.3871459960938,30
1787121770,484555811,,ui,0.0,0.0,0.0,0
1787121771,484260355,,esp32,99.97630310058594,144.54971313476562,1224.091552734375,30
1787121771,484451898,,lidar,99.28822326660156,107.17977905273438,629.3871459960938,30
1787121771,484465201,,ui,0.0,0.0,0.0,0
1787121772,484206845,,esp32,99.98535919189453,144.54971313476562,1224.091552734375,30
1787121772,484419483,,lidar,99.29430389404297,104.66044616699219,629.3871459960938,30
1787121772,484433683,,ui,0.0,0.0,0.0,0
1787121773,484194233,,esp32,99.98535919189453,144.54971313476562,1224.091552734375,30
1787121773,484391362,,lidar,99.30074310302734,107.4596939086914,629.3871459960938,30
1787121773,484404240,,ui,0.0,0.0,0.0,0
1787121774,484290852,,esp32,99.98810577392578,144.54971313476562,1224.091552734375,30
1787121774,484496982,,lidar,99.29978942871094,107.4596939086914,629.3871459960938,30
1787121774,484510123,,ui,0.0,0.0,0.0,0
1787121775,484303572,,esp32,99.99311065673828,144.54971313476562,1224.091552734375,30
1787121775,484498677,,lidar,99.30348205566406,107.4596939086914,629.3871459960938,30
1787121775,484514266,,ui,0.0,0.0,0.0,0
1787121776,484164030,,esp32,99.99215698242188,144.54971313476562,1224.091552734375,30
1787121776,484348383,,lidar,99.29978942871094,107.4596939086914,629.3871459960938,30
1787121776,484362200,,ui,0.0,0.0,0.0,0
1787121777,484255159,,esp32,99.99561309814453,128.38893127441406,1224.091552734375,30
1787121777,484463851,,lidar,99.30348205566406,107.4596939086914,629.3871459960938,30
1787121777,484479546,,ui,0.0,0.0,0.0,0
1787121778,484336709,,esp32,99.99620819091797,245.20790100097656,1224.091552734375,30
1787121778,484583546,,lidar,99.30300903320312,118.1851577758789,629.3871459960938,30
1787121778,484604320,,ui,0.0,0.0,0.0,0
1787121779,484264611,,esp32,99.99453735351562,245.20790100097656,1224.091552734375,30
1787121779,484576173,,lidar,99.31063842773438,118.1851577758789,629.3871459960938,30
1787121779,484601223,,ui,0.0,0.0,0.0,0
1787121780,484207823,,esp32,99.99453735351562,245.20790100097656,1224.091552734375,30
1787121780,484428708,,lidar,99.30110168457031,118.1851577758789,629.3871459960938,30
1787121780,484442766,,ui,0.0,0.0,0.0,0
1787121781,484270998,,esp32,99.99215698242188,245.20790100097656,1224.091552734375,30
1787121781,484562784,,lidar,99.30300903320312,118.1851577758789,629.3871459960938,30
1787121781,484582050,,ui,0.0,0.0,0.0,0
1787121782,484344821,,esp32,99.99311065673828,245.20790100097656,1224.091552734375,30
1787121782,484586802,,lidar,99.30110168457031,121.88687896728516,629.3871459960938,30
1787121782,484608523,,ui,0.0,0.0,0.0,0
1787121783,484330494,,esp32,99.99549102783203,245.20790100097656,1224.091552734375,30
1787121783,484544670,,lidar,99.30300903320312,121.88687896728516,629.3871459960938,30
1787121783,484559575,,ui,0.0,0.0,0.0,0
1787121784,484329569,,esp32,99.99513244628906,245.20790100097656,1224.091552734375,30
1787121784,484579314,,lidar,99.30110168457031,121.88687896728516,629.3871459960938,30
1787121784,484598426,,ui,0.0,0.0,0.0,0
1787121785,484254687,,esp32,99.99513244628906,245.20790100097656,1224.091552734375,30
1787121785,484577248,,lidar,99.30181884765625,121.88687896728516,629.3871459960938,30
1787121785,484600872,,ui,0.0,0.0,0.0,0
1787121786,484128474,,esp32,99.99513244628906,245.20790100097656,1224.091552734375,30
1787121786,484305000,,lidar,99.30110168457031,121.88687896728516,629.3871459960938,30
1787121786,484316782,,ui,0.0,0.0,0.0,0
1787121787,484206816,,esp32,99.9968032836914,249.2732696533203,1224.091552734375,30
1787121787,484395463,,lidar,99.30300903320312,121.88687896728516,629.3871459960938,30
1787121787,484410432,,ui,0.0,0.0,0.0,0
1787121788,484348842,,esp32,100.00181579589844,249.2732696533203,1224.091552734375,30
1787121788,484593656,,lidar,99.31206512451172,121.88687896728516,629.3871459960938,30
1787121788,484612307,,ui,0.0,0.0,0.0,0
1787121789,484313761,,esp32,99.99620819091797,245.20790100097656,1224.091552734375,30
1787121789,484525253,,lidar,99.31373596191406,121.88687896728516,629.3871459960938,30
1787121789,484540774,,ui,0.0,0.0,0.0,0
1787121790,484298069,,esp32,99.99561309814453,249.2732696533203,1224.091552734375,30
1787121790,484524867,,lidar,99.31206512451172,121.88687896728516,629.3871459960938,30
1787121790,484541936,,ui,0.0,0.0,0.0,0
1787121791,484250055,,esp32,99.99478149414062,245.20790100097656,1224.091552734375,30
1787121791,484476995,,lidar,99.31373596191406,121.88687896728516,629.3871459960938,30
1787121791,484493478,,ui,0.0,0.0,0.0,0
1787121792,484310899,,esp32,99.99465942382812,241.1425323486328,1224.091552734375,30
1787121792,484540071,,lidar,99.31647491455078,117.08875274658203,629.3871459960938,30
1787121792,484557246,,ui,0.0,0.0,0.0,0
1787121793,484318146,,esp32,99.99358367919922,127.56834411621094,1224.091552734375,30
1787121793,484551202,,lidar,99.32124328613281,112.29366302490234,626.9872436523438,30
1787121793,484568560,,ui,0.0,0.0,0.0,0
1787121794,484269447,,esp32,99.99311065673828,127.56834411621094,1224.091552734375,30
1787121794,484492293,,lidar,99.32124328613281,112.29366302490234,626.9872436523438,30
1787121794,484509533,,ui,0.0,0.0,0.0,0
1787121795,484299733,,esp32,99.99418640136719,127.56834411621094,1224.091552734375,30
1787121795,484523913,,lidar,99.32530212402344,112.29366302490234,626.9872436523438,30
1787121795,484540924,,ui,0.0,0.0,0.0,0
1787121796,484349163,,esp32,99.99478149414062,127.56834411621094,1224.091552734375,30
1787121796,484596838,,lidar,99.32530212402344,112.29366302490234,626.9872436523438,30
1787121796,484616587,,ui,0.0,0.0,0.0,0
1787121797,484319751,,esp32,99.99478149414062,127.56834411621094,1224.091552734375,30
1787121797,484547073,,lidar,99.32494354248047,112.29669952392578,626.9872436523438,30
1787121797,484563417,,ui,0.0,0.0,0.0,0
1787121798,484399555,,esp32,99.99478149414062,124.2215576171875,1224.091552734375,30
1787121798,484633155,,lidar,99.32958984375,108.70221710205078,626.9872436523438,30
1787121798,484650325,,ui,0.0,0.0,0.0,0
1787121799,484402717,,esp32,99.99418640136719,177.8743438720703,603.1727905273438,30
1787121799,484606314,,lidar,99.32565307617188,112.29974365234375,640.3069458007812,30
1787121799,484619279,,ui,0.0,0.0,0.0,0
1787121800,484448444,,esp32,99.99478149414062,177.8743438720703,603.1727905273438,30
1787121800,484667652,,lidar,99.32708740234375,112.29974365234375,640.3069458007812,30
1787121800,484683315,,ui,0.0,0.0,0.0,0
1787121801,484417399,,esp32,99.99275207519531,177.8743438720703,603.1727905273438,30
1787121801,484649038,,lidar,99.32530212402344,112.29974365234375,640.3069458007812,30
1787121801,484666284,,ui,0.0,0.0,0.0,0
1787121802,484136484,,esp32,99.99203491210938,177.8743438720703,603.1727905273438,30
1787121802,484253839,,lidar,99.32530212402344,112.29974365234375,640.3069458007812,30
1787121802,484262354,,ui,0.0,0.0,0.0,0
1787121803,484383712,,esp32,99.99418640136719,177.8743438720703,603.1727905273438,30
1787121803,484583669,,lidar,99.32530212402344,112.29974365234375,640.3069458007812,30
1787121803,484596664,,ui,0.0,0.0,0.0,0
1787121804,484389217,,esp32,99.99298858642578,177.8743438720703,603.1727905273438,30
1787121804,484601763,,lidar,99.32470703125,112.29974365234375,640.3069458007812,30
1787121804,484615244,,ui,0.0,0.0,0.0,0
1787121805,484378410,,esp32,99.99298858642578,177.8743438720703,603.1727905273438,30
1787121805,484568822,,lidar,99.32386779785156,112.29974365234375,640.3069458007812,30
1787121805,484580676,,ui,0.0,0.0,0.0,0
1787121806,484356022,,esp32,99.99418640136719,177.8743438720703,603.1727905273438,30
1787121806,484623973,,lidar,99.32160186767578,112.29974365234375,640.3069458007812,30
1787121806,484649832,,ui,0.0,0.0,0.0,0
1787121807,484244365,,esp32,99.99227905273438,177.67681884765625,603.1727905273438,30
1787121807,484371884,,lidar,99.31182861328125,112.29974365234375,640.3069458007812,30
1787121807,484380103,,ui,0.0,0.0,0.0,0
1787121808,484610438,,esp32,99.9916763305664,120.57469177246094,602.4625244140625,30
1787121808,484944757,,lidar,99.31993103027344,106.87110137939453,640.3069458007812,30
1787121808,484975040,,ui,0.0,0.0,0.0,0
1787121809,484434134,,esp32,99.99525451660156,120.57469177246094,602.4625244140625,30
1787121809,484757488,,lidar,99.31993103027344,109.19242095947266,640.3069458007812,30
1787121809,484780786,,ui,0.0,0.0,0.0,0
1787121810,484420378,,esp32,99.995849609375,120.57469177246094,602.4625244140625,30
1787121810,484620570,,lidar,99.31993103027344,109.19242095947266,640.3069458007812,30
1787121810,484633900,,ui,0.0,0.0,0.0,0
1787121811,484446269,,esp32,99.99811553955078,120.57469177246094,602.4625244140625,30
1787121811,484761654,,lidar,99.31731414794922,109.19242095947266,640.3069458007812,30
1787121811,484790076,,ui,0.0,0.0,0.0,0
1787121812,484413298,,esp32,99.99811553955078,120.57469177246094,602.4625244140625,30
1787121812,484664644,,lidar,99.31993103027344,106.53099822998047,640.3069458007812,30
1787121812,484684212,,ui,0.0,0.0,0.0,0
1787121813,484407001,,esp32,99.99703979492188,120.57469177246094,602.4625244140625,30
1787121813,484645771,,lidar,99.30587005615234,106.6064682006836,640.3069458007812,30
1787121813,484663762,,ui,0.0,0.0,0.0,0
1787121814,484467395,,esp32,99.99703979492188,120.57469177246094,602.4625244140625,30
1787121814,484709022,,lidar,99.30634307861328,106.6064682006836,640.3069458007812,30
1787121814,484729167,,ui,0.0,0.0,0.0,0
1787121815,484453260,,esp32,99.99465942382812,120.57469177246094,602.4625244140625,30
1787121815,484689076,,lidar,99.30634307861328,106.6064682006836,640.3069458007812,30
1787121815,484706390,,ui,0.0,0.0,0.0,0
1787121816,484261475,,esp32,99.99298858642578,120.57469177246094,602.4625244140625,30
1787121816,484498078,,lidar,99.30693817138672,106.58072662353516,640.3069458007812,30
1787121816,484516059,,ui,0.0,0.0,0.0,0
1787121817,484358360,,esp32,99.99108123779297,120.57373809814453,602.4625244140625,30
1787121817,484570697,,lidar,99.30133819580078,106.58072662353516,640.3069458007812,30
1787121817,484585634,,ui,0.0,0.0,0.0,0
1787121818,484329268,,esp32,99.99108123779297,120.57373809814453,602.4625244140625,30
1787121818,484567357,,lidar,99.30610656738281,106.58072662353516,640.3069458007812,30
1787121818,484584902,,ui,0.0,0.0,0.0,0
1787121819,484345877,,esp32,99.99525451660156,120.57469177246094,602.4625244140625,30
1787121819,484583733,,lidar,99.30610656738281,109.1638412475586,640.3069458007812,30
1787121819,484600968,,ui,0.0,0.0,0.0,0
1787121820,484496863,,esp32,99.9948959350586,120.5775375366211,602.4625244140625,30
1787121820,484697639,,lidar,99.30610656738281,109.30245971679688,640.3069458007812,30
1787121820,484711374,,ui,0.0,0.0,0.0,0
1787121821,484526230,,esp32,99.995849609375,131.9423828125,1323.100341796875,30
1787121821,484818071,,lidar,99.29847717285156,113.51071166992188,640.3069458007812,30
1787121821,484850314,,ui,0.0,0.0,0.0,0
1787121822,484694253,,esp32,99.99525451660156,131.9423828125,1323.100341796875,30
1787121822,484925509,,lidar,99.29347229003906,113.51071166992188,640.3069458007812,30
1787121822,484954346,,ui,0.0,0.0,0.0,0
1787121823,484603719,,esp32,99.995849609375,131.9423828125,1323.100341796875,30
1787121823,484866810,,lidar,99.29847717285156,113.51071166992188,640.3069458007812,30
1787121823,484887782,,ui,0.0,0.0,0.0,0
1787121824,484518165,,esp32,99.995849609375,131.9423828125,1323.100341796875,30
1787121824,484749473,,lidar,99.29871368408203,113.51071166992188,640.3069458007812,30
1787121824,484765931,,ui,0.0,0.0,0.0,0
1787121825,484832156,,esp32,99.995849609375,131.9423828125,1323.100341796875,30
1787121825,485061818,,lidar,99.29347229003906,113.51071166992188,640.3069458007812,30
1787121825,485079014,,ui,0.0,0.0,0.0,0
1787121826,484541186,,esp32,99.99525451660156,131.9423828125,1323.100341796875,30
1787121826,484769545,,lidar,99.28012084960938,113.51071166992188,640.3069458007812,30
1787121826,484790185,,ui,0.0,0.0,0.0,0
1787121827,484506732,,esp32,99.99525451660156,131.9423828125,1323.100341796875,30
1787121827,484706599,,lidar,99.28012084960938,113.51071166992188,640.3069458007812,30
1787121827,484720331,,ui,0.0,0.0,0.0,0
1787121828,484474681,,esp32,99.99561309814453,129.68687438964844,1323.100341796875,30
1787121828,484682222,,lidar,99.27511596679688,113.01361083984375,640.3069458007812,30
1787121828,484696882,,ui,0.0,0.0,0.0,0
1787121829,484688930,,esp32,99.99703979492188,120.53217315673828,1323.100341796875,30
1787121829,484976232,,lidar,99.28143310546875,109.16842651367188,604.56396484375,30
1787121829,484991500,,ui,0.0,0.0,0.0,0
1787121830,484643651,,esp32,99.99811553955078,120.51116943359375,1323.100341796875,30
1787121830,484938213,,lidar,99.27821350097656,109.16842651367188,604.56396484375,30
1787121830,484957797,,ui,0.0,0.0,0.0,0
1787121831,484675207,,esp32,100.0019302368164,120.4766845703125,1323.100341796875,30
1787121831,484940896,,lidar,99.27821350097656,109.16842651367188,604.56396484375,30
1787121831,484957962,,ui,0.0,0.0,0.0,0
1787121832,484472697,,esp32,100.0019302368164,120.45503997802734,1323.100341796875,30
1787121832,484756705,,lidar,99.27725982666016,109.16842651367188,604.56396484375,30
1787121832,484775737,,ui,0.0,0.0,0.0,0
1787121833,484549769,,esp32,100.0019302368164,120.51116943359375,1323.100341796875,30
1787121833,484846214,,lidar,99.27725982666016,109.16842651367188,604.56396484375,30
1787121833,484894727,,ui,0.0,0.0,0.0,0
1787121834,484648448,,esp32,100.0019302368164,120.51116943359375,1323.100341796875,30
1787121834,484938211,,lidar,99.27725982666016,109.16842651367188,604.56396484375,30
1787121834,484954128,,ui,0.0,0.0,0.0,0
1787121835,484531351,,esp32,100.00074005126953,120.51116943359375,1323.100341796875,30
1787121835,484799984,,lidar,99.2745132446289,109.16842651367188,604.56396484375,30
1787121835,484824304,,ui,0.0,0.0,0.0,0
1787121836,484670075,,esp32,100.00145721435547,120.51116943359375,1323.100341796875,30
1787121836,484973836,,lidar,99.28656005859375,109.16842651367188,604.56396484375,30
1787121836,484993656,,ui,0.0,0.0,0.0,0
1787121837,484520846,,esp32,100.00074005126953,120.51116943359375,1323.100341796875,30
1787121837,484752375,,lidar,99.2981185913086,109.16842651367188,604.56396484375,30
1787121837,484775708,,ui,0.0,0.0,0.0,0
1787121838,484601009,,esp32,100.00074005126953,120.51116943359375,1323.100341796875,30
1787121838,484824417,,lidar,99.3051528930664,109.16842651367188,604.56396484375,30
1787121838,484840828,,ui,0.0,0.0,0.0,0
1787121839,484441527,,esp32,99.99871063232422,120.51116943359375,1323.100341796875,30
1787121839,484706900,,lidar,99.29096984863281,106.63412475585938,604.56396484375,30
1787121839,484723193,,ui,0.0,0.0,0.0,0
1787121840,484607220,,esp32,99.99990844726562,120.51116943359375,1323.100341796875,30
1787121840,484947481,,lidar,99.30657958984375,106.63412475585938,604.56396484375,30
1787121840,484979554,,ui,0.0,0.0,0.0,0
1787121841,484544031,,esp32,99.99871063232422,120.51116943359375,1323.100341796875,30
1787121841,484874636,,lidar,99.29096984863281,106.63412475585938,604.56396484375,30
1787121841,484898862,,ui,0.0,0.0,0.0,0
1787121842,484550908,,esp32,99.99990844726562,120.51116943359375,1323.100341796875,30
1787121842,484825951,,lidar,99.2981185913086,106.63412475585938,604.56396484375,30
1787121842,484854421,,ui,0.0,0.0,0.0,0
1787121843,484604416,,esp32,99.99990844726562,120.44029235839844,1323.100341796875,30
1787121843,485013545,,lidar,99.30801391601562,106.63412475585938,604.56396484375,30
1787121843,485041209,,ui,0.0,0.0,0.0,0
1787121844,484531929,,esp32,99.99990844726562,120.40108489990234,1323.100341796875,30
1787121844,484762099,,lidar,99.31468963623047,109.8600082397461,604.56396484375,30
1787121844,484777968,,ui,0.0,0.0,0.0,0
1787121845,484611652,,esp32,100.00479125976562,120.40108489990234,1323.100341796875,30
1787121845,484951716,,lidar,99.31468963623047,109.8600082397461,604.56396484375,30
1787121845,485026885,,ui,0.0,0.0,0.0,0
1787121846,484490135,,esp32,100.006103515625,120.40108489990234,1323.100341796875,30
1787121846,484785675,,lidar,99.31468963623047,109.89225769042969,604.56396484375,30
1787121846,484843589,,ui,0.0,0.0,0.0,0
1787121847,484726339,,esp32,100.00634002685547,120.40108489990234,1323.100341796875,30
1787121847,485031365,,lidar,99.32303619384766,109.89225769042969,604.56396484375,30
1787121847,485065759,,ui,0.0,0.0,0.0,0
1787121848,484729377,,esp32,100.00634002685547,120.40108489990234,1323.100341796875,30
1787121848,485090178,,lidar,99.30563354492188,109.89225769042969,604.56396484375,30
1787121848,485128450,,ui,0.0,0.0,0.0,0
1787121849,484496645,,esp32,100.00634002685547,120.40108489990234,1323.100341796875,30
1787121849,484724256,,lidar,99.30563354492188,106.63446044921875,604.56396484375,30
1787121849,484738287,,ui,0.0,0.0,0.0,0
1787121850,484652982,,esp32,100.00634002685547,120.3998031616211,1323.100341796875,30
1787121850,484901585,,lidar,99.30467224121094,106.55419158935547,604.56396484375,30
1787121850,484924916,,ui,0.0,0.0,0.0,0
1787121851,484508252,,esp32,100.00634002685547,120.37207794189453,139.89186096191406,30
1787121851,484730290,,lidar,99.3051528930664,105.82176971435547,109.8277587890625,30
1787121851,484743679,,ui,0.0,0.0,0.0,0
1787121852,484471749,,esp32,100.00788879394531,120.37207794189453,139.89186096191406,30
1787121852,484708354,,lidar,99.30396270751953,105.82176971435547,109.8277587890625,30
1787121852,484725982,,ui,0.0,0.0,0.0,0
1787121853,484626487,,esp32,100.00788879394531,120.37207794189453,139.89186096191406,30
1787121853,484872611,,lidar,99.30276489257812,105.82176971435547,109.8277587890625,30
1787121853,484890720,,ui,0.0,0.0,0.0,0
1787121854,484574923,,esp32,100.00682067871094,120.37207794189453,139.89186096191406,30
1787121854,484795347,,lidar,99.29871368408203,105.82176971435547,109.8277587890625,30
1787121854,484808450,,ui,0.0,0.0,0.0,0
1787121855,484639927,,esp32,100.00788879394531,120.37207794189453,139.89186096191406,30
1787121855,484880080,,lidar,99.29871368408203,106.58888244628906,116.2669677734375,30
1787121855,484893603,,ui,0.0,0.0,0.0,0
1787121856,484644491,,esp32,100.00788879394531,120.37207794189453,139.89186096191406,30
1787121856,484856236,,lidar,99.29871368408203,106.58888244628906,116.2669677734375,30
1787121856,484869414,,ui,0.0,0.0,0.0,0
1787121857,484628956,,esp32,100.00788879394531,120.37207794189453,139.89186096191406,30
1787121857,484982280,,lidar,99.30276489257812,106.58888244628906,116.2669677734375,30
1787121857,485007270,,ui,0.0,0.0,0.0,0
1787121858,484662692,,esp32,100.00634002685547,120.37207794189453,139.89186096191406,30
1787121858,484967166,,lidar,99.3051528930664,106.58888244628906,116.2669677734375,30
1787121858,485002144,,ui,0.0,0.0,0.0,0
1787121859,484630471,,esp32,100.00682067871094,120.39788818359375,139.89186096191406,30
1787121859,484939802,,lidar,99.3051528930664,106.58888244628906,116.2669677734375,30
1787121859,484967587,,ui,0.0,0.0,0.0,0
1787121860,484613617,,esp32,100.00634002685547,120.39788818359375,139.89186096191406,30
1787121860,484914773,,lidar,99.3102798461914,108.5416030883789,135.47850036621094,30
1787121860,484941613,,ui,0.0,0.0,0.0,0
1787121861,484618661,,esp32,100.00634002685547,120.39820861816406,139.89186096191406,30
1787121861,484964136,,lidar,99.32315063476562,108.5416030883789,135.47850036621094,30
1787121861,484990680,,ui,0.0,0.0,0.0,0
1787121862,484356271,,esp32,100.00634002685547,120.4344711303711,200.15382385253906,30
1787121862,484514422,,lidar,99.32315063476562,108.5416030883789,135.47850036621094,30
1787121862,484526357,,ui,0.0,0.0,0.0,0
1787121863,484589122,,esp32,100.00228881835938,120.39820861816406,200.15382385253906,30
1787121863,484930555,,lidar,99.32315063476562,108.5416030883789,135.47850036621094,30
1787121863,484954535,,ui,0.0,0.0,0.0,0
1787121864,484669954,,esp32,100.00324249267578,120.39820861816406,200.15382385253906,30
1787121864,484898991,,lidar,99.32637023925781,108.5416030883789,135.47850036621094,30
1787121864,484916004,,ui,0.0,0.0,0.0,0
1787121865,484740858,,esp32,100.00634002685547,120.39820861816406,200.15382385253906,30
1787121865,485121736,,lidar,99.32637023925781,108.5416030883789,135.47850036621094,30
1787121865,485150303,,ui,0.0,0.0,0.0,0
1787121866,484663257,,esp32,100.00634002685547,120.39820861816406,200.15382385253906,30
1787121866,485020862,,lidar,99.32422637939453,108.5416030883789,135.47850036621094,30
1787121866,485057420,,ui,0.0,0.0,0.0,0
1787121867,484697617,,esp32,100.00729370117188,120.39820861816406,200.15382385253906,30
1787121867,485074668,,lidar,99.32530212402344,108.5416030883789,135.47850036621094,30
1787121867,485101127,,ui,0.0,0.0,0.0,0
1787121868,484695390,,esp32,100.00729370117188,120.33728790283203,200.15382385253906,30
1787121868,485045424,,lidar,99.3102798461914,108.5416030883789,135.47850036621094,30
1787121868,485071249,,ui,0.0,0.0,0.0,0
1787121869,484663582,,esp32,100.00634002685547,120.33728790283203,200.15382385253906,30
1787121869,485047740,,lidar,99.31814575195312,108.5416030883789,135.47850036621094,30
1787121869,485076071,,ui,0.0,0.0,0.0,0
1787121870,484786577,,esp32,100.00634002685547,120.33728790283203,200.15382385253906,30
1787121870,485169509,,lidar,99.3051528930664,108.5416030883789,135.47850036621094,30
1787121870,485198512,,ui,0.0,0.0,0.0,0
1787121871,484692848,,esp32,100.00729370117188,120.40266418457031,200.15382385253906,30
1787121871,485081408,,lidar,99.31814575195312,108.5416030883789,135.47850036621094,30
1787121871,485110957,,ui,0.0,0.0,0.0,0
1787121872,484644924,,esp32,100.00324249267578,120.34237670898438,200.15382385253906,30
1787121872,484855201,,lidar,99.31170654296875,108.5416030883789,135.47850036621094,30
1787121872,484869414,,ui,0.0,0.0,0.0,0
1787121873,484657091,,esp32,100.00634002685547,120.34237670898438,200.15382385253906,30
1787121873,484905152,,lidar,99.31170654296875,108.5416030883789,135.47850036621094,30
1787121873,484925418,,ui,0.0,0.0,0.0,0
1787121874,484638980,,esp32,100.00634002685547,120.34237670898438,200.15382385253906,30
1787121874,484850447,,lidar,99.30848693847656,106.23648071289062,135.47850036621094,30
1787121874,484865610,,ui,0.0,0.0,0.0,0
1787121875,484678386,,esp32,100.00324249267578,120.34237670898438,200.15382385253906,30
1787121875,484927478,,lidar,99.30848693847656,106.23648071289062,135.47850036621094,30
1787121875,484945397,,ui,0.0,0.0,0.0,0
1787121876,484480466,,esp32,100.00466918945312,120.34237670898438,200.15382385253906,30
1787121876,484688803,,lidar,99.31170654296875,106.23648071289062,135.47850036621094,30
1787121876,484704423,,ui,0.0,0.0,0.0,0
1787121877,484548518,,esp32,100.00634002685547,120.34237670898438,200.15382385253906,30
1787121877,484875246,,lidar,99.30348205566406,106.23648071289062,135.47850036621094,30
1787121877,484897147,,ui,0.0,0.0,0.0,0
1787121878,484630029,,esp32,100.01087188720703,120.34237670898438,200.15382385253906,30
1787121878,484837483,,lidar,99.30848693847656,106.23648071289062,135.47850036621094,30
1787121878,484850056,,ui,0.0,0.0,0.0,0
1787121879,484751388,,esp32,100.01087188720703,120.40242767333984,200.15382385253906,30
1787121879,485033316,,lidar,99.31075286865234,106.23648071289062,135.47850036621094,30
1787121879,485050342,,ui,0.0,0.0,0.0,0
1787121880,484767534,,esp32,100.01158905029297,120.40242767333984,200.15382385253906,30
1787121880,485157960,,lidar,99.31254577636719,106.23648071289062,135.47850036621094,30
1787121880,485188009,,ui,0.0,0.0,0.0,0
1787121881,484562938,,esp32,100.01087188720703,120.43537139892578,200.15382385253906,30
1787121881,484789255,,lidar,99.33161926269531,106.18830871582031,135.47850036621094,30
1787121881,484802034,,ui,0.0,0.0,0.0,0
1787121882,484548240,,esp32,100.01158905029297,120.43537139892578,200.15382385253906,30
1787121882,484770187,,lidar,99.3357925415039,106.18830871582031,135.47850036621094,30
1787121882,484783168,,ui,0.0,0.0,0.0,0
1787121883,484590685,,esp32,100.01516723632812,120.65270233154297,200.15382385253906,30
1787121883,484830352,,lidar,99.33745574951172,106.18830871582031,135.47850036621094,30
1787121883,484847110,,ui,0.0,0.0,0.0,0
1787121884,484727220,,esp32,100.01564025878906,120.65270233154297,200.15382385253906,30
1787121884,484983848,,lidar,99.32780456542969,106.18805694580078,135.47850036621094,30
1787121884,485001648,,ui,0.0,0.0,0.0,0
1787121885,484750804,,esp32,100.01564025878906,120.6531982421875,200.15382385253906,30
1787121885,484980692,,lidar,99.33161926269531,105.18505859375,135.47850036621094,30
1787121885,484995937,,ui,0.0,0.0,0.0,0
1787121886,484666555,,esp32,100.01564025878906,125.48818969726562,563.2543334960938,30
1787121886,484997377,,lidar,99.31517028808594,106.18805694580078,593.2955932617188,30
1787121886,485015844,,ui,0.0,0.0,0.0,0
1787121887,484672103,,esp32,100.01516723632812,125.48818969726562,563.2543334960938,30
1787121887,484983581,,lidar,99.31587982177734,106.18805694580078,593.2955932617188,30
1787121887,485011823,,ui,0.0,0.0,0.0,0
1787121888,484601305,,esp32,100.01516723632812,125.48818969726562,563.2543334960938,30
1787121888,484823689,,lidar,99.31517028808594,106.18805694580078,593.2955932617188,30
1787121888,484838773,,ui,0.0,0.0,0.0,0
1787121889,484702654,,esp32,100.01420593261719,125.48818969726562,563.2543334960938,30
1787121889,485024153,,lidar,99.31230163574219,105.37004089355469,593.2955932617188,30
1787121889,485065151,,ui,0.0,0.0,0.0,0
1787121890,484703432,,esp32,100.01325988769531,125.48818969726562,563.2543334960938,30
1787121890,484961908,,lidar,99.31230163574219,105.15403747558594,593.2955932617188,30
1787121890,484985132,,ui,0.0,0.0,0.0,0
1787121891,484714799,,esp32,100.00955963134766,124.6938705444336,563.2543334960938,30
1787121891,485007351,,lidar,99.31587982177734,105.15403747558594,593.2955932617188,30
1787121891,485033967,,ui,0.0,0.0,0.0,0
1787121892,484769359,,esp32,100.00955963134766,120.65570068359375,563.2543334960938,30
1787121892,485135967,,lidar,99.31230163574219,105.15403747558594,593.2955932617188,30
1787121892,485166658,,ui,0.0,0.0,0.0,0
1787121893,484717627,,esp32,100.00955963134766,120.65570068359375,563.2543334960938,30
1787121893,484947387,,lidar,99.31517028808594,105.15403747558594,593.2955932617188,30
1787121893,484961162,,ui,0.0,0.0,0.0,0
1787121894,484693104,,esp32,100.00466918945312,120.65570068359375,563.2543334960938,30
1787121894,485050568,,lidar,99.31159210205078,105.15403747558594,593.2955932617188,30
1787121894,485084759,,ui,0.0,0.0,0.0,0
1787121895,484845770,,esp32,100.00466918945312,120.65570068359375,563.2543334960938,30
1787121895,485160960,,lidar,99.3031234741211,105.15619659423828,593.2955932617188,30
1787121895,485189869,,ui,0.0,0.0,0.0,0
1787121896,484755987,,esp32,100.00264739990234,219.80250549316406,623.412841796875,30
1787121896,484975836,,lidar,99.2989501953125,105.37822723388672,649.8584594726562,30
1787121896,484989414,,ui,0.0,0.0,0.0,0
1787121897,484746088,,esp32,100.00264739990234,219.80250549316406,623.412841796875,30
1787121897,485026833,,lidar,99.29800415039062,105.37822723388672,649.8584594726562,30
1787121897,485046633,,ui,0.0,0.0,0.0,0
1787121898,484746986,,esp32,100.00264739990234,219.80250549316406,623.412841796875,30
1787121898,484999822,,lidar,99.3001480102539,105.37822723388672,649.8584594726562,30
1787121898,485019513,,ui,0.0,0.0,0.0,0
1787121899,484751634,,esp32,100.00657653808594,219.80250549316406,623.412841796875,30
1787121899,485006334,,lidar,99.3001480102539,105.37822723388672,649.8584594726562,30
1787121899,485028077,,ui,0.0,0.0,0.0,0
1787121900,484753830,,esp32,100.00657653808594,219.80250549316406,623.412841796875,30
1787121900,485017768,,lidar,99.30229187011719,105.37822723388672,649.8584594726562,30
1787121900,485039848,,ui,0.0,0.0,0.0,0
1787121901,484803648,,esp32,100.00466918945312,219.80250549316406,623.412841796875,30
1787121901,485043545,,lidar,99.30241394042969,105.37822723388672,649.8584594726562,30
1787121901,485062210,,ui,0.0,0.0,0.0,0
1787121902,484757798,,esp32,100.00657653808594,219.80250549316406,623.412841796875,30
1787121902,485026459,,lidar,99.30097961425781,105.37822723388672,649.8584594726562,30
1787121902,485052302,,ui,0.0,0.0,0.0,0
1787121903,484770540,,esp32,100.00657653808594,219.80250549316406,623.412841796875,30
1787121903,485048090,,lidar,99.30097961425781,105.37822723388672,649.8584594726562,30
1787121903,485078585,,ui,0.0,0.0,0.0,0
1787121904,484706749,,esp32,100.00955963134766,219.80250549316406,623.412841796875,30
1787121904,484960734,,lidar,99.29966735839844,105.37822723388672,649.8584594726562,30
1787121904,484982621,,ui,0.0,0.0,0.0,0
1787121905,484774069,,esp32,100.01158905029297,219.80250549316406,623.412841796875,30
1787121905,485064916,,lidar,99.29513549804688,104.29467010498047,649.8584594726562,30
1787121905,485095206,,ui,0.0,0.0,0.0,0
1787121906,484827761,,esp32,100.00729370117188,219.80250549316406,623.412841796875,30
1787121906,485045786,,lidar,99.29966735839844,104.29467010498047,649.8584594726562,30
1787121906,485060678,,ui,0.0,0.0,0.0,0
1787121907,484777554,,esp32,100.00729370117188,219.80250549316406,623.412841796875,30
1787121907,485058771,,lidar,99.30097961425781,104.42095184326172,649.8584594726562,30
1787121907,485079127,,ui,0.0,0.0,0.0,0
1787121908,484792404,,esp32,100.00538635253906,219.80250549316406,623.412841796875,30
1787121908,485045865,,lidar,99.29549407958984,104.42095184326172,649.8584594726562,30
1787121908,485064040,,ui,0.0,0.0,0.0,0
1787121909,484758568,,esp32,100.00538635253906,219.80250549316406,623.412841796875,30
1787121909,484985090,,lidar,99.29216003417969,104.42095184326172,649.8584594726562,30
1787121909,485001451,,ui,0.0,0.0,0.0,0
1787121910,484821387,,esp32,100.00383758544922,219.80250549316406,623.412841796875,30
1787121910,485067352,,lidar,99.29216003417969,104.42095184326172,649.8584594726562,30
1787121910,485082496,,ui,0.0,0.0,0.0,0
1787121911,484880193,,esp32,100.00538635253906,219.80250549316406,623.412841796875,30
1787121911,485254061,,lidar,99.2878646850586,105.54475402832031,649.8584594726562,30
1787121911,485281887,,ui,0.0,0.0,0.0,0
1787121912,484864462,,esp32,100.00538635253906,219.80250549316406,623.412841796875,30
1787121912,485234165,,lidar,99.29216003417969,105.54475402832031,649.8584594726562,30
1787121912,485260662,,ui,0.0,0.0,0.0,0
1787121913,484856565,,esp32,100.00538635253906,219.80250549316406,623.412841796875,30
1787121913,485252929,,lidar,99.28166961669922,105.54475402832031,649.8584594726562,30
1787121913,485281983,,ui,0.0,0.0,0.0,0
1787121914,484847489,,esp32,100.00145721435547,219.80250549316406,623.412841796875,30
1787121914,485246127,,lidar,99.29251861572266,105.71946716308594,649.8584594726562,30
1787121914,485278229,,ui,0.0,0.0,0.0,0
1787121915,484933099,,esp32,100.0009765625,219.0232696533203,623.412841796875,30
1787121915,485212467,,lidar,99.29669189453125,105.36045837402344,649.8584594726562,30
1787121915,485232628,,ui,0.0,0.0,0.0,0
1787121916,484854763,,esp32,100.0010986328125,120.84386444091797,623.412841796875,30
1787121916,485101844,,lidar,99.30479431152344,104.47846984863281,649.8584594726562,30
1787121916,485120406,,ui,0.0,0.0,0.0,0
1787121917,484840121,,esp32,99.99823760986328,138.55455017089844,1162.9185791015625,30
1787121917,485095268,,lidar,99.29251861572266,108.16719055175781,649.8584594726562,30
1787121917,485112794,,ui,0.0,0.0,0.0,0
1787121918,484822524,,esp32,99.99954986572266,138.55455017089844,1162.9185791015625,30
1787121918,485053230,,lidar,99.30110168457031,108.16719055175781,649.8584594726562,30
1787121918,485068681,,ui,0.0,0.0,0.0,0
1787121919,484869823,,esp32,99.99954986572266,138.55455017089844,1162.9185791015625,30
1787121919,485120490,,lidar,99.30181884765625,108.16719055175781,649.8584594726562,30
1787121919,485139189,,ui,0.0,0.0,0.0,0
1787121920,484847461,,esp32,100.00395965576172,138.55455017089844,1162.9185791015625,30
1787121920,485091348,,lidar,99.30181884765625,108.16719055175781,649.8584594726562,30
1787121920,485108042,,ui,0.0,0.0,0.0,0
1787121921,484836304,,esp32,100.00145721435547,138.55455017089844,1162.9185791015625,30
1787121921,485096235,,lidar,99.29251861572266,108.16719055175781,649.8584594726562,30
1787121921,485116257,,ui,0.0,0.0,0.0,0
1787121922,484546703,,esp32,100.00145721435547,138.55455017089844,1162.9185791015625,30
1787121922,484681060,,lidar,99.29251861572266,108.16719055175781,649.8584594726562,30
1787121922,484687763,,ui,0.0,0.0,0.0,0
1787121923,484659749,,esp32,100.00646209716797,138.55455017089844,1162.9185791015625,30
1787121923,484883106,,lidar,99.283935546875,108.16719055175781,649.8584594726562,30
1787121923,484898331,,ui,0.0,0.0,0.0,0
1787121924,484822196,,esp32,100.00908660888672,138.55455017089844,1162.9185791015625,30
1787121924,485068049,,lidar,99.283935546875,108.16719055175781,649.8584594726562,30
1787121924,485088641,,ui,0.0,0.0,0.0,0
1787121925,484850900,,esp32,100.01146697998047,138.55455017089844,1162.9185791015625,30
1787121925,485191722,,lidar,99.2878646850586,108.0174560546875,649.8584594726562,30
1787121925,485219485,,ui,0.0,0.0,0.0,0
1787121926,484813512,,esp32,100.01254272460938,120.74331665039062,1162.9185791015625,30
1787121926,485073708,,lidar,99.30765533447266,104.44593048095703,567.7027587890625,30
1787121926,485095256,,ui,0.0,0.0,0.0,0
1787121927,484853726,,esp32,100.01254272460938,120.74331665039062,1162.9185791015625,30
1787121927,485120231,,lidar,99.30146026611328,104.44593048095703,567.7027587890625,30
1787121927,485143955,,ui,0.0,0.0,0.0,0
1787121928,484878418,,esp32,100.01146697998047,120.74331665039062,1162.9185791015625,30
1787121928,485104666,,lidar,99.29680633544922,104.44593048095703,567.7027587890625,30
1787121928,485119889,,ui,0.0,0.0,0.0,0
1787121929,484856487,,esp32,100.00729370117188,120.74331665039062,1162.9185791015625,30
1787121929,485084404,,lidar,99.28524780273438,104.44593048095703,567.7027587890625,30
1787121929,485099644,,ui,0.0,0.0,0.0,0
1787121930,484877825,,esp32,100.00908660888672,120.70013427734375,1162.9185791015625,30
1787121930,485140552,,lidar,99.28345489501953,105.66056060791016,567.7027587890625,30
1787121930,485157310,,ui,0.0,0.0,0.0,0
1787121931,484878289,,esp32,100.01123046875,120.84083557128906,1162.9185791015625,30
1787121931,485109836,,lidar,99.28202819824219,105.66056060791016,567.7027587890625,30
1787121931,485124299,,ui,0.0,0.0,0.0,0
1787121932,484763522,,esp32,100.00908660888672,120.84083557128906,1162.9185791015625,30
1787121932,484986150,,lidar,99.28345489501953,105.66056060791016,567.7027587890625,30
1787121932,485003344,,ui,0.0,0.0,0.0,0
1787121933,484916396,,esp32,100.01039123535156,139.4733123779297,1162.9185791015625,30
1787121933,485170795,,lidar,99.28345489501953,105.66056060791016,567.7027587890625,30
1787121933,485187105,,ui,0.0,0.0,0.0,0
1787121934,484686592,,esp32,100.00908660888672,156.5127410888672,1162.9185791015625,30
1787121934,484908559,,lidar,99.283935546875,107.86772155761719,576.488525390625,30
1787121934,484926250,,ui,0.0,0.0,0.0,0
1787121935,484771309,,esp32,100.00729370117188,156.5127410888672,1162.9185791015625,30
1787121935,484996563,,lidar,99.283935546875,107.86772155761719,576.488525390625,30
1787121935,485011146,,ui,0.0,0.0,0.0,0
1787121936,484887366,,esp32,100.0120620727539,156.54754638671875,1162.9185791015625,30
1787121936,485112605,,lidar,99.28345489501953,108.0174560546875,576.488525390625,30
1787121936,485127185,,ui,0.0,0.0,0.0,0
1787121937,484812217,,esp32,100.01039123535156,156.89564514160156,1162.9185791015625,30
1787121937,485211926,,lidar,99.27940368652344,122.84135437011719,589.843994140625,30
1787121937,485242918,,ui,0.0,0.0,0.0,0
1787121938,484909869,,esp32,100.01123046875,256.9327087402344,1364.9442138671875,30
1787121938,485283216,,lidar,99.2829818725586,122.84135437011719,589.843994140625,30
1787121938,485310339,,ui,0.0,0.0,0.0,0
1787121939,484948594,,esp32,100.01229858398438,256.9327087402344,1364.9442138671875,30
1787121939,485192979,,lidar,99.3134994506836,122.84135437011719,589.843994140625,30
1787121939,485208146,,ui,0.0,0.0,0.0,0
1787121940,484885541,,esp32,100.01254272460938,256.9327087402344,1364.9442138671875,30
1787121940,485108151,,lidar,99.3134994506836,122.84135437011719,589.843994140625,30
1787121940,485122282,,ui,0.0,0.0,0.0,0
1787121941,484888417,,esp32,100.01254272460938,256.9327087402344,1364.9442138671875,30
1787121941,485113032,,lidar,99.28656005859375,107.86772155761719,589.843994140625,30
1787121941,485128882,,ui,0.0,0.0,0.0,0
1787121942,484944773,,esp32,100.01123046875,256.9327087402344,1364.9442138671875,30
1787121942,485191645,,lidar,99.28656005859375,107.86772155761719,589.843994140625,30
1787121942,485205280,,ui,0.0,0.0,0.0,0
1787121943,484976185,,esp32,100.01254272460938,256.9327087402344,1364.9442138671875,30
1787121943,485384762,,lidar,99.30157470703125,107.86772155761719,589.843994140625,30
1787121943,485420110,,ui,0.0,0.0,0.0,0
1787121944,484918204,,esp32,100.01445007324219,256.9327087402344,1364.9442138671875,30
1787121944,485323235,,lidar,99.30157470703125,107.86772155761719,589.843994140625,30
1787121944,485351935,,ui,0.0,0.0,0.0,0
1787121945,484930672,,esp32,100.01229858398438,256.9327087402344,1364.9442138671875,30
1787121945,485311486,,lidar,99.31636047363281,107.86772155761719,589.843994140625,30
1787121945,485343402,,ui,0.0,0.0,0.0,0
1787121946,484989109,,esp32,100.01254272460938,235.7606201171875,1364.9442138671875,30
1787121946,485397537,,lidar,99.31671905517578,107.7562484741211,589.843994140625,30
1787121946,485432968,,ui,0.0,0.0,0.0,0
1787121947,484973253,,esp32,100.01445007324219,156.5823516845703,1364.9442138671875,30
1787121947,485357787,,lidar,99.32732391357422,105.63826751708984,589.843994140625,30
1787121947,485386454,,ui,0.0,0.0,0.0,0
1787121948,484922472,,esp32,100.01254272460938,156.5823516845703,1364.9442138671875,30
1787121948,485150426,,lidar,99.32852172851562,105.63826751708984,589.843994140625,30
1787121948,485165715,,ui,0.0,0.0,0.0,0
1787121949,484972945,,esp32,100.01087188720703,156.5823516845703,1364.9442138671875,30
1787121949,485354815,,lidar,99.32852172851562,105.63826751708984,589.843994140625,30
1787121949,485381372,,ui,0.0,0.0,0.0,0
1787121950,484951749,,esp32,100.00968170166016,156.5823516845703,1364.9442138671875,30
1787121950,485337373,,lidar,99.33018493652344,105.63826751708984,589.843994140625,30
1787121950,485366730,,ui,0.0,0.0,0.0,0
1787121951,484813416,,esp32,100.01087188720703,156.5823516845703,1364.9442138671875,30
1787121951,485143187,,lidar,99.32852172851562,105.63826751708984,589.843994140625,30
1787121951,485172815,,ui,0.0,0.0,0.0,0
1787121952,484994872,,esp32,100.01087188720703,156.5823516845703,1364.9442138671875,30
1787121952,485414720,,lidar,99.33018493652344,105.63826751708984,589.843994140625,30
1787121952,485447330,,ui,0.0,0.0,0.0,0
1787121953,484986247,,esp32,100.0101547241211,156.5823516845703,1364.9442138671875,30
1787121953,485128822,,lidar,99.33018493652344,105.63826751708984,589.843994140625,30
1787121953,485135089,,ui,0.0,0.0,0.0,0
1787121954,484931003,,esp32,100.00574493408203,156.5823516845703,1364.9442138671875,30
1787121954,485176051,,lidar,99.32852172851562,105.63826751708984,589.843994140625,30
1787121954,485190155,,ui,0.0,0.0,0.0,0
1787121955,484948667,,esp32,100.0019302368164,156.5823516845703,1364.9442138671875,30
1787121955,485327763,,lidar,99.33018493652344,105.63826751708984,589.843994140625,30
1787121955,485355199,,ui,0.0,0.0,0.0,0
1787121956,485045680,,esp32,100.00133514404297,156.5823516845703,1364.9442138671875,30
1787121956,485464243,,lidar,99.32852172851562,105.63826751708984,589.843994140625,30
1787121956,485501251,,ui,0.0,0.0,0.0,0
1787121957,484964309,,esp32,100.00133514404297,156.5823516845703,1364.9442138671875,30
1787121957,485351327,,lidar,99.33042907714844,105.63826751708984,589.843994140625,30
1787121957,485382569,,ui,0.0,0.0,0.0,0
1787121958,484968728,,esp32,100.00133514404297,156.5823516845703,1364.9442138671875,30
1787121958,485219414,,lidar,99.33018493652344,107.89727783203125,589.843994140625,30
1787121958,485233168,,ui,0.0,0.0,0.0,0
1787121959,484993729,,esp32,99.99835205078125,156.5823516845703,1364.9442138671875,30
1787121959,485227896,,lidar,99.33042907714844,107.89727783203125,589.843994140625,30
1787121959,485243543,,ui,0.0,0.0,0.0,0
1787121960,484998345,,esp32,99.99835205078125,156.5823516845703,1364.9442138671875,30
1787121960,485384335,,lidar,99.3297119140625,107.89727783203125,589.843994140625,30
1787121960,485418906,,ui,0.0,0.0,0.0,0
1787121961,484955191,,esp32,99.99835205078125,156.5823516845703,1364.9442138671875,30
1787121961,485178968,,lidar,99.3297119140625,107.89727783203125,589.843994140625,30
1787121961,485195743,,ui,0.0,0.0,0.0,0
1787121962,484972363,,esp32,99.99835205078125,156.5823516845703,1364.9442138671875,30
1787121962,485203728,,lidar,99.32732391357422,107.89727783203125,589.843994140625,30
1787121962,485218814,,ui,0.0,0.0,0.0,0
1787121963,484978551,,esp32,99.99990844726562,125.5162353515625,1364.9442138671875,30
1787121963,485247713,,lidar,99.32852172851562,107.89727783203125,589.843994140625,30
1787121963,485263863,,ui,0.0,0.0,0.0,0
1787121964,484952403,,esp32,100.00061798095703,120.44698333740234,1364.9442138671875,30
1787121964,485186526,,lidar,99.32791900634766,107.91130828857422,589.843994140625,30
1787121964,485201785,,ui,0.0,0.0,0.0,0
1787121965,485009320,,esp32,99.99787902832031,142.350830078125,1364.9442138671875,30
1787121965,485251877,,lidar,99.32911682128906,107.91130828857422,589.843994140625,30
1787121965,485268489,,ui,0.0,0.0,0.0,0
1787121966,485008573,,esp32,99.99990844726562,142.15223693847656,1364.9442138671875,30
1787121966,485240774,,lidar,99.3297119140625,107.89727783203125,589.843994140625,30
1787121966,485256282,,ui,0.0,0.0,0.0,0
1787121967,485108867,,esp32,99.99990844726562,140.16629028320312,1364.9442138671875,30
1787121967,485355252,,lidar,99.3357925415039,107.91130828857422,120.341064453125,30
1787121967,485368984,,ui,0.0,0.0,0.0,0
1787121968,485053660,,esp32,99.99752044677734,160.2186737060547,279.754150390625,30
1787121968,485319978,,lidar,99.32994842529297,109.31637573242188,120.341064453125,30
1787121968,485338120,,ui,0.0,0.0,0.0,0
1787121969,485032616,,esp32,99.99752044677734,160.2186737060547,279.754150390625,30
1787121969,485267267,,lidar,99.32911682128906,109.31637573242188,120.341064453125,30
1787121969,485282067,,ui,0.0,0.0,0.0,0
1787121970,485037350,,esp32,99.99954986572266,160.2186737060547,279.754150390625,30
1787121970,485269710,,lidar,99.32911682128906,109.31637573242188,120.341064453125,30
1787121970,485284576,,ui,0.0,0.0,0.0,0
1787121971,485096322,,esp32,100.00133514404297,160.2186737060547,279.754150390625,30
1787121971,485345984,,lidar,99.33412170410156,109.31637573242188,120.341064453125,30
1787121971,485361544,,ui,0.0,0.0,0.0,0
1787121972,485064885,,esp32,100.00133514404297,160.79721069335938,279.754150390625,30
1787121972,485301405,,lidar,99.33412170410156,109.34980773925781,120.341064453125,30
1787121972,485316390,,ui,0.0,0.0,0.0,0
1787121973,485086511,,esp32,99.99752044677734,182.98687744140625,1123.4693603515625,30
1787121973,485380968,,lidar,99.32911682128906,110.99430847167969,572.885498046875,30
1787121973,485401627,,ui,0.0,0.0,0.0,0
1787121974,485046444,,esp32,99.99752044677734,182.98687744140625,1123.4693603515625,30
1787121974,485370367,,lidar,99.32791900634766,110.99430847167969,572.885498046875,30
1787121974,485404985,,ui,0.0,0.0,0.0,0
1787121975,485070686,,esp32,99.99752044677734,182.98687744140625,1123.4693603515625,30
1787121975,485485043,,lidar,99.32208251953125,110.99430847167969,572.885498046875,30
1787121975,485514144,,ui,0.0,0.0,0.0,0
1787121976,484967714,,esp32,99.99573516845703,182.98687744140625,1123.4693603515625,30
1787121976,485200644,,lidar,99.32208251953125,110.99430847167969,572.885498046875,30
1787121976,485214366,,ui,0.0,0.0,0.0,0
1787121977,485062732,,esp32,99.99573516845703,182.98687744140625,1123.4693603515625,30
1787121977,485332640,,lidar,99.31981658935547,110.99430847167969,572.885498046875,30
1787121977,485354169,,ui,0.0,0.0,0.0,0
1787121978,485062230,,esp32,99.9968032836914,182.98687744140625,1123.4693603515625,30
1787121978,485297809,,lidar,99.3152847290039,110.99430847167969,572.885498046875,30
1787121978,485312208,,ui,0.0,0.0,0.0,0
1787121979,485065989,,esp32,99.99573516845703,182.98687744140625,1123.4693603515625,30
1787121979,485340925,,lidar,99.31361389160156,110.99430847167969,572.885498046875,30
1787121979,485360226,,ui,0.0,0.0,0.0,0
1787121980,485014698,,esp32,99.99525451660156,182.98687744140625,1123.4693603515625,30
1787121980,485339065,,lidar,99.30754089355469,110.99430847167969,572.885498046875,30
1787121980,485373761,,ui,0.0,0.0,0.0,0
1787121981,485072767,,esp32,99.9968032836914,182.98687744140625,1123.4693603515625,30
1787121981,485401702,,lidar,99.30754089355469,110.99430847167969,572.885498046875,30
1787121981,485430695,,ui,0.0,0.0,0.0,0
1787121982,484620543,,esp32,99.9968032836914,182.98687744140625,1123.4693603515625,30
1787121982,484789661,,lidar,99.31254577636719,110.9712142944336,572.885498046875,30
1787121982,484799376,,ui,0.0,0.0,0.0,0
1787121983,485020859,,esp32,99.99573516845703,182.98687744140625,1123.4693603515625,30
1787121983,485263548,,lidar,99.31587982177734,110.9712142944336,572.885498046875,30
1787121983,485279786,,ui,0.0,0.0,0.0,0
1787121984,484944216,,esp32,99.99525451660156,182.98687744140625,1123.4693603515625,30
1787121984,485177886,,lidar,99.31778717041016,110.9712142944336,572.885498046875,30
1787121984,485192716,,ui,0.0,0.0,0.0,0
1787121985,485091703,,esp32,99.99573516845703,182.98687744140625,1123.4693603515625,30
1787121985,485330491,,lidar,99.31254577636719,110.9712142944336,572.885498046875,30
1787121985,485344100,,ui,0.0,0.0,0.0,0
1787121986,485013790,,esp32,99.9968032836914,182.98687744140625,1123.4693603515625,30
1787121986,485250923,,lidar,99.30801391601562,110.9712142944336,572.885498046875,30
1787121986,485264084,,ui,0.0,0.0,0.0,0
1787121987,485130533,,esp32,99.99573516845703,182.98687744140625,1123.4693603515625,30
1787121987,485459507,,lidar,99.30252838134766,110.9712142944336,572.885498046875,30
1787121987,485489162,,ui,0.0,0.0,0.0,0
1787121988,485046290,,esp32,99.9968032836914,182.98687744140625,1123.4693603515625,30
1787121988,485378734,,lidar,99.29800415039062,110.9712142944336,572.885498046875,30
1787121988,485411720,,ui,0.0,0.0,0.0,0
1787121989,485097944,,esp32,100.0009765625,182.98687744140625,1123.4693603515625,30
1787121989,485423436,,lidar,99.29800415039062,110.9712142944336,572.885498046875,30
1787121989,485458796,,ui,0.0,0.0,0.0,0
1787121990,485154438,,esp32,99.99847412109375,182.98687744140625,1123.4693603515625,30
1787121990,485395760,,lidar,99.30252838134766,110.9712142944336,572.885498046875,30
1787121990,485411585,,ui,0.0,0.0,0.0,0
1787121991,485166044,,esp32,99.9968032836914,182.98687744140625,1123.4693603515625,30
1787121991,485423160,,lidar,99.29800415039062,110.9712142944336,572.885498046875,30
1787121991,485437707,,ui,0.0,0.0,0.0,0
1787121992,485153263,,esp32,99.99668884277344,182.98687744140625,1123.4693603515625,30
1787121992,485399850,,lidar,99.29537963867188,110.9712142944336,572.885498046875,30
1787121992,485414912,,ui,0.0,0.0,0.0,0
1787121993,485197859,,esp32,99.99549102783203,182.98687744140625,1123.4693603515625,30
1787121993,485601102,,lidar,99.28679656982422,110.9712142944336,572.885498046875,30
1787121993,485637620,,ui,0.0,0.0,0.0,0
1787121994,484997824,,esp32,99.99131774902344,161.76141357421875,1123.4693603515625,30
1787121994,485390204,,lidar,99.29537963867188,107.90991973876953,572.885498046875,30
1787121994,485419429,,ui,0.0,0.0,0.0,0
1787121995,485226974,,esp32,99.99549102783203,125.98933410644531,1123.4693603515625,30
1787121995,485625840,,lidar,99.29108428955078,107.90991973876953,572.885498046875,30
1787121995,485662499,,ui,0.0,0.0,0.0,0
1787121996,485006172,,esp32,99.99131774902344,125.98933410644531,1123.4693603515625,30
1787121996,485276956,,lidar,99.29108428955078,107.90991973876953,572.885498046875,30
1787121996,485294601,,ui,0.0,0.0,0.0,0
1787121997,485059511,,esp32,99.99131774902344,125.98933410644531,1123.4693603515625,30
1787121997,485362268,,lidar,99.28679656982422,107.74445343017578,572.885498046875,30
1787121997,485382121,,ui,0.0,0.0,0.0,0
1787121998,485117407,,esp32,99.99453735351562,120.54012298583984,1123.4693603515625,30
1787121998,485428762,,lidar,99.29800415039062,107.04827117919922,572.885498046875,30
1787121998,485447546,,ui,0.0,0.0,0.0,0
1787121999,485140514,,esp32,99.99430084228516,120.50064086914062,1123.4693603515625,30
1787121999,485378190,,lidar,99.29108428955078,107.04827117919922,572.885498046875,30
1787121999,485393309,,ui,0.0,0.0,0.0,0
1787122000,485120381,,esp32,99.99227905273438,120.50064086914062,1123.4693603515625,30
1787122000,485356248,,lidar,99.29537963867188,107.04827117919922,572.885498046875,30
1787122000,485370518,,ui,0.0,0.0,0.0,0
1787122001,485282721,,esp32,99.99131774902344,120.50064086914062,1123.4693603515625,30
1787122001,485685011,,lidar,99.29800415039062,107.04827117919922,572.885498046875,30
1787122001,485720891,,ui,0.0,0.0,0.0,0
1787122002,485222681,,esp32,99.9908447265625,120.49735260009766,1123.4693603515625,30
1787122002,485512517,,lidar,99.29800415039062,107.03128051757812,572.885498046875,30
1787122002,485531092,,ui,0.0,0.0,0.0,0
1787122003,485020551,,esp32,99.99227905273438,120.49188232421875,120.71585845947266,30
1787122003,485454990,,lidar,99.30801391601562,106.19854736328125,107.90991973876953,30
1787122003,485489842,,ui,0.0,0.0,0.0,0
1787122004,485145250,,esp32,99.99048614501953,120.42706298828125,120.64505004882812,30
1787122004,485416950,,lidar,99.33042907714844,106.19854736328125,107.90991973876953,30
1787122004,485437413,,ui,0.0,0.0,0.0,0
1787122005,485122651,,esp32,99.99131774902344,120.42706298828125,120.64505004882812,30
1787122005,485393307,,lidar,99.33042907714844,106.19854736328125,107.90991973876953,30
1787122005,485412709,,ui,0.0,0.0,0.0,0
1787122006,485125708,,esp32,99.99382781982422,120.42706298828125,120.64505004882812,30
1787122006,485366559,,lidar,99.31731414794922,106.19854736328125,107.90991973876953,30
1787122006,485381802,,ui,0.0,0.0,0.0,0
1787122007,485185948,,esp32,99.99275207519531,120.42706298828125,120.64505004882812,30
1787122007,485462077,,lidar,99.32780456542969,105.36337280273438,107.90991973876953,30
1787122007,485481244,,ui,0.0,0.0,0.0,0
1787122008,485192810,,esp32,99.99275207519531,120.33011627197266,120.64505004882812,30
1787122008,485466751,,lidar,99.33042907714844,105.36337280273438,107.90991973876953,30
1787122008,485484335,,ui,0.0,0.0,0.0,0
1787122009,485204752,,esp32,99.99620819091797,120.152099609375,120.64505004882812,30
1787122009,485447096,,lidar,99.33185577392578,104.99429321289062,107.90991973876953,30
1787122009,485462804,,ui,0.0,0.0,0.0,0
1787122010,485105112,,esp32,99.99620819091797,120.152099609375,120.64505004882812,30
1787122010,485418182,,lidar,99.33709716796875,105.36337280273438,108.43777465820312,30
1787122010,485438276,,ui,0.0,0.0,0.0,0
1787122011,485143545,,esp32,99.99537658691406,120.152099609375,120.64505004882812,30
1787122011,485421766,,lidar,99.33709716796875,104.70604705810547,108.43777465820312,30
1787122011,485440911,,ui,0.0,0.0,0.0,0
1787122012,485100844,,esp32,99.99800109863281,120.152099609375,120.64505004882812,30
1787122012,485380533,,lidar,99.3305435180664,105.37171936035156,108.43777465820312,30
1787122012,485401724,,ui,0.0,0.0,0.0,0
1787122013,485149614,,esp32,99.99800109863281,120.152099609375,120.64505004882812,30
1787122013,485416803,,lidar,99.31170654296875,104.7209701538086,108.43777465820312,30
1787122013,485430131,,ui,0.0,0.0,0.0,0
1787122014,485138907,,esp32,99.99800109863281,120.152099609375,120.64505004882812,30
1787122014,485381750,,lidar,99.32887268066406,104.7209701538086,108.43777465820312,30
1787122014,485396331,,ui,0.0,0.0,0.0,0
1787122015,485147796,,esp32,99.9969253540039,120.11470031738281,120.64505004882812,30
1787122015,485390391,,lidar,99.33448028564453,104.7209701538086,108.43777465820312,30
1787122015,485405344,,ui,0.0,0.0,0.0,0
1787122016,485259286,,esp32,99.99633026123047,120.152099609375,160.572998046875,30
1787122016,485500068,,lidar,99.33149719238281,104.7209701538086,108.43777465820312,30
1787122016,485514978,,ui,0.0,0.0,0.0,0
1787122017,485312581,,esp32,99.9969253540039,120.152099609375,160.572998046875,30
1787122017,485596414,,lidar,99.33805847167969,104.71520233154297,108.43777465820312,30
1787122017,485616471,,ui,0.0,0.0,0.0,0
1787122018,485071560,,esp32,99.9969253540039,120.152099609375,160.572998046875,30
1787122018,485337614,,lidar,99.35581970214844,104.71520233154297,108.43777465820312,30
1787122018,485353248,,ui,0.0,0.0,0.0,0
1787122019,485238317,,esp32,99.99800109863281,120.16259765625,160.572998046875,30
1787122019,485537044,,lidar,99.35581970214844,104.71520233154297,108.43777465820312,30
1787122019,485560526,,ui,0.0,0.0,0.0,0
1787122020,485254414,,esp32,99.99800109863281,120.15245056152344,160.572998046875,30
1787122020,485636143,,lidar,99.35581970214844,104.71520233154297,108.43777465820312,30
1787122020,485672987,,ui,0.0,0.0,0.0,0
1787122021,485226441,,esp32,99.99978637695312,120.15245056152344,160.572998046875,30
1787122021,485626293,,lidar,99.34819030761719,104.71520233154297,108.43777465820312,30
1787122021,485659101,,ui,0.0,0.0,0.0,0
1787122022,485159116,,esp32,99.99800109863281,120.15245056152344,160.572998046875,30
1787122022,485426435,,lidar,99.3509292602539,104.71520233154297,108.43777465820312,30
1787122022,485444781,,ui,0.0,0.0,0.0,0
1787122023,485345087,,esp32,99.9969253540039,120.11515808105469,160.572998046875,30
1787122023,485751051,,lidar,99.3509292602539,104.71520233154297,108.43777465820312,30
1787122023,485788864,,ui,0.0,0.0,0.0,0
1787122024,484910468,,esp32,100.0009765625,120.20133209228516,160.572998046875,30
1787122024,485023366,,lidar,99.3599853515625,104.71520233154297,108.43777465820312,30
1787122024,485029090,,ui,0.0,0.0,0.0,0
1787122025,485115324,,esp32,99.9969253540039,120.20133209228516,160.572998046875,30
1787122025,485375063,,lidar,99.35581970214844,105.62593078613281,108.43777465820312,30
1787122025,485396548,,ui,0.0,0.0,0.0,0
1787122026,485499014,,esp32,99.9969253540039,120.20133209228516,160.572998046875,30
1787122026,486022154,,lidar,99.35581970214844,105.62593078613281,108.43777465820312,30
1787122026,486071598,,ui,0.0,0.0,0.0,0
1787122027,485279163,,esp32,99.99978637695312,120.20133209228516,160.572998046875,30
1787122027,485690073,,lidar,99.34819030761719,105.62593078613281,108.43777465820312,30
1787122027,485727672,,ui,0.0,0.0,0.0,0
1787122028,485116380,,esp32,99.99978637695312,120.60137939453125,160.572998046875,30
1787122028,485455141,,lidar,99.3509292602539,105.62593078613281,108.43777465820312,30
1787122028,485476328,,ui,0.0,0.0,0.0,0
1787122029,485195770,,esp32,99.99800109863281,120.64608764648438,160.572998046875,30
1787122029,485432022,,lidar,99.35581970214844,106.39082336425781,124.30953979492188,30
1787122029,485446944,,ui,0.0,0.0,0.0,0
1787122030,485256294,,esp32,99.99800109863281,120.95077514648438,179.98480224609375,30
1787122030,485500932,,lidar,99.35581970214844,106.39082336425781,124.30953979492188,30
1787122030,485516138,,ui,0.0,0.0,0.0,0
1787122031,485251831,,esp32,99.99978637695312,120.95077514648438,179.98480224609375,30
1787122031,485494845,,lidar,99.34819030761719,106.56177520751953,124.30953979492188,30
1787122031,485509172,,ui,0.0,0.0,0.0,0
1787122032,485233114,,esp32,99.99978637695312,120.95077514648438,179.98480224609375,30
1787122032,485461232,,lidar,99.34819030761719,106.56177520751953,124.30953979492188,30
1787122032,485475184,,ui,0.0,0.0,0.0,0
1787122033,485177391,,esp32,99.99800109863281,120.95077514648438,179.98480224609375,30
1787122033,485423515,,lidar,99.34306335449219,106.56177520751953,124.30953979492188,30
1787122033,485438847,,ui,0.0,0.0,0.0,0
1787122034,485267421,,esp32,100.0009765625,120.95077514648438,179.98480224609375,30
1787122034,485493935,,lidar,99.3355484008789,106.56177520751953,124.30953979492188,30
1787122034,485507682,,ui,0.0,0.0,0.0,0
1787122035,485059481,,esp32,100.0009765625,120.95077514648438,179.98480224609375,30
1787122035,485398752,,lidar,99.33113861083984,106.5428237915039,124.30953979492188,30
1787122035,485423708,,ui,0.0,0.0,0.0,0
1787122036,485187551,,esp32,100.0009765625,120.95077514648438,179.98480224609375,30
1787122036,485542328,,lidar,99.34711456298828,106.5428237915039,124.30953979492188,30
1787122036,485568296,,ui,0.0,0.0,0.0,0
1787122037,485401143,,esp32,100.00407409667969,120.95077514648438,179.98480224609375,30
1787122037,485814505,,lidar,99.33209228515625,108.43777465820312,124.30953979492188,30
1787122037,485853803,,ui,0.0,0.0,0.0,0
1787122038,485513750,,esp32,100.00407409667969,120.95077514648438,179.98480224609375,30
1787122038,485981797,,lidar,99.34711456298828,108.43777465820312,124.30953979492188,30
1787122038,486021240,,ui,0.0,0.0,0.0,0
1787122039,485455315,,esp32,100.0009765625,120.95077514648438,179.98480224609375,30
1787122039,485879780,,lidar,99.33209228515625,108.43777465820312,124.30953979492188,30
1787122039,485917032,,ui,0.0,0.0,0.0,0
1787122040,485438772,,esp32,100.0009765625,120.95077514648438,179.98480224609375,30
1787122040,485866813,,lidar,99.33209228515625,106.5428237915039,124.30953979492188,30
1787122040,485904730,,ui,0.0,0.0,0.0,0
1787122041,485453012,,esp32,100.0009765625,120.95077514648438,179.98480224609375,30
1787122041,485877491,,lidar,99.34711456298828,106.5428237915039,124.30953979492188,30
1787122041,485914866,,ui,0.0,0.0,0.0,0
1787122042,484912874,,esp32,99.99453735351562,120.95077514648438,179.98480224609375,30
1787122042,485017985,,lidar,99.34759521484375,106.3892822265625,124.30953979492188,30
1787122042,485023673,,ui,0.0,0.0,0.0,0
1787122043,485305407,,esp32,99.99370574951172,120.95077514648438,179.98480224609375,30
1787122043,485565463,,lidar,99.36165618896484,106.3892822265625,124.30953979492188,30
1787122043,485580657,,ui,0.0,0.0,0.0,0
1787122044,485288587,,esp32,99.99370574951172,120.95077514648438,179.98480224609375,30
1787122044,485520735,,lidar,99.36165618896484,106.3892822265625,124.30953979492188,30
1787122044,485534875,,ui,0.0,0.0,0.0,0
1787122045,485306751,,esp32,99.99239349365234,120.95077514648438,179.98480224609375,30
1787122045,485722708,,lidar,99.36165618896484,106.3892822265625,124.30953979492188,30
1787122045,485755550,,ui,0.0,0.0,0.0,0
1787122046,485281915,,esp32,99.99334716796875,120.69282531738281,179.98480224609375,30
1787122046,485540704,,lidar,99.34759521484375,108.93392944335938,586.8797607421875,30
1787122046,485555744,,ui,0.0,0.0,0.0,0
1787122047,485456848,,esp32,99.99156188964844,123.16768646240234,1483.5076904296875,30
1787122047,485856746,,lidar,99.33209228515625,108.93392944335938,586.8797607421875,30
1787122047,485888957,,ui,0.0,0.0,0.0,0
1787122048,485207623,,esp32,99.99156188964844,123.16768646240234,1483.5076904296875,30
1787122048,485454142,,lidar,99.32231903076172,108.93392944335938,586.8797607421875,30
1787122048,485468212,,ui,0.0,0.0,0.0,0
1787122049,485298216,,esp32,99.99156188964844,123.16768646240234,1483.5076904296875,30
1787122049,485571492,,lidar,99.32923126220703,108.93392944335938,586.8797607421875,30
1787122049,485591167,,ui,0.0,0.0,0.0,0
1787122050,485344061,,esp32,99.99394226074219,123.16768646240234,1483.5076904296875,30
1787122050,485596413,,lidar,99.32923126220703,108.93392944335938,586.8797607421875,30
1787122050,485611491,,ui,0.0,0.0,0.0,0
1787122051,485351719,,esp32,99.99346923828125,123.16768646240234,1483.5076904296875,30
1787122051,485620183,,lidar,99.32231903076172,108.93392944335938,586.8797607421875,30
1787122051,485635447,,ui,0.0,0.0,0.0,0
1787122052,485291192,,esp32,99.99012756347656,123.16768646240234,1483.5076904296875,30
1787122052,485531213,,lidar,99.32923126220703,108.93392944335938,586.8797607421875,30
1787122052,485546724,,ui,0.0,0.0,0.0,0
1787122053,485284600,,esp32,99.99012756347656,123.16768646240234,1483.5076904296875,30
1787122053,485518599,,lidar,99.32923126220703,108.93392944335938,586.8797607421875,30
1787122053,485532919,,ui,0.0,0.0,0.0,0
1787122054,485191112,,esp32,99.99012756347656,123.16768646240234,1483.5076904296875,30
1787122054,485424964,,lidar,99.31301879882812,108.93392944335938,586.8797607421875,30
1787122054,485448843,,ui,0.0,0.0,0.0,0
1787122055,485163704,,esp32,99.99394226074219,123.16768646240234,1483.5076904296875,30
1787122055,485435474,,lidar,99.32231903076172,108.93392944335938,586.8797607421875,30
1787122055,485454235,,ui,0.0,0.0,0.0,0
1787122056,485196715,,esp32,99.99156188964844,123.16768646240234,1483.5076904296875,30
1787122056,485542380,,lidar,99.32231903076172,108.93392944335938,586.8797607421875,30
1787122056,485568654,,ui,0.0,0.0,0.0,0
1787122057,485253306,,esp32,99.99156188964844,123.16768646240234,1483.5076904296875,30
1787122057,485649594,,lidar,99.32231903076172,108.93392944335938,586.8797607421875,30
1787122057,485679939,,ui,0.0,0.0,0.0,0
1787122058,485329249,,esp32,99.9908447265625,123.71961212158203,1483.5076904296875,30
1787122058,485635962,,lidar,99.31468963623047,109.00106811523438,586.8797607421875,30
1787122058,485665926,,ui,0.0,0.0,0.0,0
1787122059,485228825,,esp32,99.99275207519531,176.7443389892578,1483.5076904296875,30
1787122059,485461924,,lidar,99.31111145019531,108.9507064819336,628.3650512695312,30
1787122059,485474361,,ui,0.0,0.0,0.0,0
1787122060,485459037,,esp32,99.99275207519531,129.01004028320312,1483.5076904296875,30
1787122060,485849872,,lidar,99.31111145019531,108.9507064819336,628.3650512695312,30
1787122060,485890457,,ui,0.0,0.0,0.0,0
1787122061,485167942,,esp32,99.99275207519531,129.01004028320312,1483.5076904296875,30
1787122061,485450137,,lidar,99.31385803222656,105.34431457519531,628.3650512695312,30
1787122061,485468006,,ui,0.0,0.0,0.0,0
1787122062,485226920,,esp32,99.99453735351562,129.21978759765625,1483.5076904296875,30
1787122062,485515178,,lidar,99.31385803222656,107.17924499511719,628.3650512695312,30
1787122062,485533606,,ui,0.0,0.0,0.0,0
1787122063,485229045,,esp32,99.99453735351562,129.21978759765625,1483.5076904296875,30
1787122063,485527385,,lidar,99.31195068359375,107.17924499511719,628.3650512695312,30
1787122063,485546226,,ui,0.0,0.0,0.0,0
1787122064,485490973,,esp32,99.99644470214844,129.21978759765625,1483.5076904296875,30
1787122064,485926210,,lidar,99.3082504272461,107.17924499511719,628.3650512695312,30
1787122064,485965000,,ui,0.0,0.0,0.0,0
1787122065,485370957,,esp32,99.99644470214844,129.21978759765625,1483.5076904296875,30
1787122065,485798310,,lidar,99.31468963623047,107.19696807861328,628.3650512695312,30
1787122065,485828920,,ui,0.0,0.0,0.0,0
1787122066,485423707,,esp32,99.99275207519531,129.21978759765625,1483.5076904296875,30
1787122066,485818404,,lidar,99.31468963623047,107.19696807861328,628.3650512695312,30
1787122066,485850285,,ui,0.0,0.0,0.0,0
1787122067,485474167,,esp32,99.99275207519531,129.21978759765625,1483.5076904296875,30
1787122067,485901185,,lidar,99.3092041015625,106.7928237915039,628.3650512695312,30
1787122067,485940100,,ui,0.0,0.0,0.0,0
1787122068,485456701,,esp32,99.99143981933594,179.64663696289062,1483.5076904296875,30
1787122068,485884531,,lidar,99.31468963623047,106.7928237915039,628.3650512695312,30
1787122068,485919568,,ui,0.0,0.0,0.0,0
1787122069,485442148,,esp32,99.99275207519531,183.5785675048828,1483.5076904296875,30
1787122069,485865389,,lidar,99.31468963623047,107.23008728027344,628.3650512695312,30
1787122069,485894113,,ui,0.0,0.0,0.0,0
1787122070,485469177,,esp32,99.99453735351562,183.5785675048828,1483.5076904296875,30
1787122070,485946429,,lidar,99.3092041015625,110.40446472167969,628.3650512695312,30
1787122070,485985791,,ui,0.0,0.0,0.0,0
1787122071,485466567,,esp32,99.99453735351562,183.5785675048828,1483.5076904296875,30
1787122071,485910436,,lidar,99.3092041015625,110.40446472167969,628.3650512695312,30
1787122071,485953652,,ui,0.0,0.0,0.0,0
1787122072,485492400,,esp32,99.99525451660156,183.5785675048828,1483.5076904296875,30
1787122072,485961166,,lidar,99.3092041015625,110.40446472167969,628.3650512695312,30
1787122072,486002311,,ui,0.0,0.0,0.0,0
1787122073,485491020,,esp32,99.99919128417969,183.5785675048828,1483.5076904296875,30
1787122073,485963976,,lidar,99.3082504272461,110.40446472167969,628.3650512695312,30
1787122073,486005709,,ui,0.0,0.0,0.0,0
1787122074,485401827,,esp32,100.00038146972656,183.5785675048828,1483.5076904296875,30
1787122074,485684798,,lidar,99.3082504272461,110.58367156982422,628.3650512695312,30
1787122074,485706883,,ui,0.0,0.0,0.0,0
1787122075,485594194,,esp32,100.01445007324219,183.763916015625,1483.5076904296875,30
1787122075,486086999,,lidar,99.3082504272461,110.58367156982422,628.3650512695312,30
1787122075,486130470,,ui,0.0,0.0,0.0,0
1787122076,485465736,,esp32,100.00038146972656,182.0957489013672,1483.5076904296875,30
1787122076,485769023,,lidar,99.31230163574219,110.40433502197266,628.3650512695312,30
1787122076,485788730,,ui,0.0,0.0,0.0,0
1787122077,485455809,,esp32,100.0204086303711,176.35752868652344,563.1342163085938,30
1787122077,485891581,,lidar,99.31230163574219,110.40433502197266,628.3650512695312,30
1787122077,485927759,,ui,0.0,0.0,0.0,0
1787122078,485540028,,esp32,100.0204086303711,201.75799560546875,563.1342163085938,30
1787122078,486031653,,lidar,99.32494354248047,110.40433502197266,628.3650512695312,30
1787122078,486074144,,ui,0.0,0.0,0.0,0
1787122079,485559537,,esp32,100.00765228271484,202.3641357421875,563.1342163085938,30
1787122079,486046872,,lidar,99.32494354248047,110.58367156982422,628.3650512695312,30
1787122079,486089546,,ui,0.0,0.0,0.0,0
1787122080,485517693,,esp32,100.0008544921875,201.75799560546875,563.1342163085938,30
1787122080,485993657,,lidar,99.32494354248047,110.602783203125,628.3650512695312,30
1787122080,486038957,,ui,0.0,0.0,0.0,0
1787122081,485513652,,esp32,100.01445007324219,201.75799560546875,563.1342163085938,30
1787122081,485811730,,lidar,99.33424377441406,110.602783203125,628.3650512695312,30
1787122081,485829837,,ui,0.0,0.0,0.0,0
1787122082,485492888,,esp32,100.0204086303711,259.6348876953125,563.1342163085938,30
1787122082,485799379,,lidar,99.31468963623047,110.602783203125,628.3650512695312,30
1787122082,485818647,,ui,0.0,0.0,0.0,0
1787122083,485512496,,esp32,100.0008544921875,259.6348876953125,563.1342163085938,30
1787122083,485832850,,lidar,99.3082504272461,111.6134033203125,628.3650512695312,30
1787122083,485852593,,ui,0.0,0.0,0.0,0
1787122084,485623916,,esp32,99.99537658691406,259.6348876953125,563.1342163085938,30
1787122084,486061697,,lidar,99.3082504272461,111.6134033203125,628.3650512695312,30
1787122084,486108654,,ui,0.0,0.0,0.0,0
1787122085,485246021,,esp32,99.9815444946289,324.4449462890625,563.1342163085938,30
1787122085,485541695,,lidar,99.28822326660156,111.60713958740234,628.3650512695312,30
1787122085,485558683,,ui,0.0,0.0,0.0,0
1787122086,485396444,,esp32,99.9805908203125,324.4449462890625,563.1342163085938,30
1787122086,485832779,,lidar,99.28822326660156,111.60713958740234,628.3650512695312,30
1787122086,485873738,,ui,0.0,0.0,0.0,0
1787122087,485469279,,esp32,99.97725677490234,324.4449462890625,563.1342163085938,30
1787122087,485904655,,lidar,99.3032455444336,111.60713958740234,628.3650512695312,30
1787122087,485943063,,ui,0.0,0.0,0.0,0
1787122088,485505162,,esp32,99.96342468261719,322.0778503417969,563.1342163085938,30
1787122088,485817970,,lidar,99.29287719726562,111.58975219726562,628.3650512695312,30
1787122088,485837466,,ui,0.0,0.0,0.0,0
1787122089,485478507,,esp32,99.95818328857422,281.2183532714844,419.7094421386719,30
1787122089,485794648,,lidar,99.30443572998047,111.23013305664062,113.72017669677734,30
1787122089,485816003,,ui,0.0,0.0,0.0,0
1787122090,485721632,,esp32,99.95293426513672,281.2183532714844,419.7094421386719,30
1787122090,485991353,,lidar,99.28846740722656,111.23013305664062,113.72017669677734,30
1787122090,486008287,,ui,0.0,0.0,0.0,0
1787122091,485332613,,esp32,99.95293426513672,281.2183532714844,419.7094421386719,30
1787122091,485585117,,lidar,99.30205535888672,111.23013305664062,113.72017669677734,30
1787122091,485598830,,ui,0.0,0.0,0.0,0
1787122092,485366885,,esp32,99.96342468261719,281.2183532714844,419.7094421386719,30
1787122092,485623153,,lidar,99.29728698730469,111.23013305664062,113.72017669677734,30
1787122092,485636679,,ui,0.0,0.0,0.0,0
1787122093,485568595,,esp32,99.96569061279297,281.2183532714844,419.7094421386719,30
1787122093,486014085,,lidar,99.30205535888672,111.23013305664062,113.72017669677734,30
1787122093,486051503,,ui,0.0,0.0,0.0,0
1787122094,485780399,,esp32,99.970458984375,281.2183532714844,419.7094421386719,30
1787122094,486278334,,lidar,99.30205535888672,111.23013305664062,113.72017669677734,30
1787122094,486319230,,ui,0.0,0.0,0.0,0
1787122095,485466885,,esp32,99.97427368164062,281.2183532714844,419.7094421386719,30
1787122095,485921479,,lidar,99.30205535888672,111.23013305664062,113.72017669677734,30
1787122095,485963580,,ui,0.0,0.0,0.0,0
1787122096,485591358,,esp32,99.97605895996094,281.2183532714844,419.7094421386719,30
1787122096,485888360,,lidar,99.28846740722656,111.23013305664062,113.72017669677734,30
1787122096,485909493,,ui,0.0,0.0,0.0,0
1787122097,485427839,,esp32,99.97605895996094,281.2183532714844,419.7094421386719,30
1787122097,485792972,,lidar,99.28846740722656,111.23013305664062,113.72017669677734,30
1787122097,485813710,,ui,0.0,0.0,0.0,0
1787122098,485621727,,esp32,99.97892761230469,281.61517333984375,419.7094421386719,30
1787122098,485893108,,lidar,99.2879867553711,111.23013305664062,113.72017669677734,30
1787122098,485912024,,ui,0.0,0.0,0.0,0
1787122099,485337506,,esp32,99.97725677490234,324.4449462890625,581.5997314453125,30
1787122099,485612839,,lidar,99.27749633789062,111.60713958740234,619.8759155273438,30
1787122099,485634076,,ui,0.0,0.0,0.0,0
1787122100,485704734,,esp32,99.9746322631836,324.4449462890625,581.5997314453125,30
1787122100,486163965,,lidar,99.27749633789062,112.24237060546875,619.8759155273438,30
1787122100,486201947,,ui,0.0,0.0,0.0,0
1787122101,485594159,,esp32,99.97725677490234,324.4449462890625,581.5997314453125,30
1787122101,485905434,,lidar,99.2696304321289,112.57848358154297,619.8759155273438,30
1787122101,485930599,,ui,0.0,0.0,0.0,0
1787122102,485201007,,esp32,99.97725677490234,324.4449462890625,581.5997314453125,30
1787122102,485364065,,lidar,99.2696304321289,112.57848358154297,619.8759155273438,30
1787122102,485372285,,ui,0.0,0.0,0.0,0
1787122103,485618796,,esp32,99.97725677490234,324.4449462890625,581.5997314453125,30
1787122103,486144169,,lidar,99.27058410644531,112.57848358154297,619.8759155273438,30
1787122103,486189007,,ui,0.0,0.0,0.0,0
1787122104,485688198,,esp32,99.97725677490234,324.4449462890625,581.5997314453125,30
1787122104,486145976,,lidar,99.2696304321289,112.57848358154297,619.8759155273438,30
1787122104,486187109,,ui,0.0,0.0,0.0,0
1787122105,485721595,,esp32,99.97808837890625,323.6559143066406,581.5997314453125,30
1787122105,486177975,,lidar,99.27058410644531,112.57848358154297,619.8759155273438,30
1787122105,486216701,,ui,0.0,0.0,0.0,0
1787122106,485683534,,esp32,99.9815444946289,324.4449462890625,581.5997314453125,30
1787122106,486153564,,lidar,99.27224731445312,112.57848358154297,619.8759155273438,30
1787122106,486194389,,ui,0.0,0.0,0.0,0
1787122107,485686642,,esp32,99.98011779785156,324.4449462890625,581.5997314453125,30
1787122107,486104832,,lidar,99.27224731445312,112.57848358154297,619.8759155273438,30
1787122107,486139976,,ui,0.0,0.0,0.0,0
1787122108,485578175,,esp32,99.98011779785156,287.14306640625,581.5997314453125,30
1787122108,485901633,,lidar,99.2696304321289,112.57848358154297,619.8759155273438,30
1787122108,485924021,,ui,0.0,0.0,0.0,0
1787122109,485713035,,esp32,99.9816665649414,285.9571838378906,581.5997314453125,30
1787122109,486170167,,lidar,99.26831817626953,112.57848358154297,619.8759155273438,30
1787122109,486210199,,ui,0.0,0.0,0.0,0
1787122110,485516313,,esp32,99.9808349609375,288.32891845703125,581.5997314453125,30
1787122110,485802287,,lidar,99.26914978027344,112.59001159667969,619.8759155273438,30
1787122110,485818325,,ui,0.0,0.0,0.0,0
1787122111,485479831,,esp32,99.9808349609375,300.1875915527344,581.5997314453125,30
1787122111,485754218,,lidar,99.26879119873047,113.7417221069336,619.8759155273438,30
1787122111,485769937,,ui,0.0,0.0,0.0,0
1787122112,485438884,,esp32,99.98178100585938,401.9896240234375,1404.5057373046875,30
1787122112,485662852,,lidar,99.26879119873047,113.7417221069336,619.8759155273438,30
1787122112,485675663,,ui,0.0,0.0,0.0,0
1787122113,485626731,,esp32,99.98535919189453,401.9896240234375,1404.5057373046875,30
1787122113,486069854,,lidar,99.27224731445312,112.60002899169922,619.8759155273438,30
1787122113,486112564,,ui,0.0,0.0,0.0,0
1787122114,485541017,,esp32,99.98249816894531,401.9896240234375,1404.5057373046875,30
1787122114,485856483,,lidar,99.2746353149414,112.60002899169922,619.8759155273438,30
1787122114,485874988,,ui,0.0,0.0,0.0,0
1787122115,485546948,,esp32,99.99012756347656,262.7518005371094,1404.5057373046875,30
1787122115,485865864,,lidar,99.27582550048828,112.63310241699219,619.8759155273438,30
1787122115,485885223,,ui,0.0,0.0,0.0,0
1787122116,485709942,,esp32,99.99131774902344,334.310791015625,1404.5057373046875,30
1787122116,486165000,,lidar,99.27224731445312,130.3073272705078,657.196044921875,30
1787122116,486204267,,ui,0.0,0.0,0.0,0
1787122117,485333886,,esp32,99.995849609375,334.310791015625,1404.5057373046875,30
1787122117,485510551,,lidar,99.27010345458984,130.3073272705078,657.196044921875,30
1787122117,485522293,,ui,0.0,0.0,0.0,0
1787122118,485514628,,esp32,99.99966430664062,285.2152404785156,1404.5057373046875,30
1787122118,485783892,,lidar,99.27224731445312,130.3073272705078,657.196044921875,30
1787122118,485799897,,ui,0.0,0.0,0.0,0
1787122119,485518942,,esp32,100.0010986328125,285.2152404785156,1404.5057373046875,30
1787122119,485784060,,lidar,99.27224731445312,130.3073272705078,657.196044921875,30
1787122119,485799613,,ui,0.0,0.0,0.0,0
1787122120,485693431,,esp32,100.00372314453125,285.2152404785156,1404.5057373046875,30
1787122120,486169547,,lidar,99.27594757080078,130.3073272705078,657.196044921875,30
1787122120,486208294,,ui,0.0,0.0,0.0,0
1787122121,485710883,,esp32,100.00729370117188,285.2152404785156,1404.5057373046875,30
1787122121,486169713,,lidar,99.27427673339844,133.06910705566406,657.196044921875,30
1787122121,486206592,,ui,0.0,0.0,0.0,0
1787122122,485657821,,esp32,100.00682067871094,285.2152404785156,1404.5057373046875,30
1787122122,486116465,,lidar,99.27594757080078,133.06910705566406,657.196044921875,30
1787122122,486152158,,ui,0.0,0.0,0.0,0
1787122123,485676793,,esp32,100.00682067871094,285.2152404785156,1404.5057373046875,30
1787122123,486181991,,lidar,99.28012084960938,133.06910705566406,657.196044921875,30
1787122123,486216819,,ui,0.0,0.0,0.0,0
1787122124,485497817,,esp32,100.0051498413086,285.2152404785156,1404.5057373046875,30
1787122124,485838578,,lidar,99.2898941040039,133.06910705566406,657.196044921875,30
1787122124,485864442,,ui,0.0,0.0,0.0,0
1787122125,485538632,,esp32,100.0051498413086,285.2152404785156,1404.5057373046875,30
1787122125,485804055,,lidar,99.2898941040039,133.06910705566406,657.196044921875,30
1787122125,485818414,,ui,0.0,0.0,0.0,0
1787122126,485552182,,esp32,100.0051498413086,285.2152404785156,1404.5057373046875,30
1787122126,485815935,,lidar,99.28631591796875,133.06910705566406,657.196044921875,30
1787122126,485831695,,ui,0.0,0.0,0.0,0
1787122127,485536497,,esp32,100.006103515625,285.2152404785156,1404.5057373046875,30
1787122127,485972566,,lidar,99.29347229003906,133.06910705566406,657.196044921875,30
1787122127,486013789,,ui,0.0,0.0,0.0,0
1787122128,485550545,,esp32,100.00419616699219,281.6007995605469,1404.5057373046875,30
1787122128,485847883,,lidar,99.29347229003906,133.06910705566406,657.196044921875,30
1787122128,485881438,,ui,0.0,0.0,0.0,0
1787122129,485536143,,esp32,100.00563049316406,220.02899169921875,1404.5057373046875,30
1787122129,485839559,,lidar,99.30419921875,115.93170928955078,657.196044921875,30
1787122129,485860281,,ui,0.0,0.0,0.0,0
1787122130,485633313,,esp32,100.00836944580078,140.18934631347656,1404.5057373046875,30
1787122130,485906959,,lidar,99.30419921875,112.69004821777344,657.196044921875,30
1787122130,485923665,,ui,0.0,0.0,0.0,0
1787122131,485596253,,esp32,100.00646209716797,123.23820495605469,1404.5057373046875,30
1787122131,485877299,,lidar,99.30085754394531,104.8996810913086,657.196044921875,30
1787122131,485892747,,ui,0.0,0.0,0.0,0
1787122132,485631777,,esp32,100.00646209716797,120.20195770263672,1404.5057373046875,30
1787122132,485914496,,lidar,99.29561614990234,104.8996810913086,657.196044921875,30
1787122132,485933047,,ui,0.0,0.0,0.0,0
1787122133,485614239,,esp32,100.00419616699219,120.20195770263672,1404.5057373046875,30
1787122133,485879737,,lidar,99.28846740722656,104.8996810913086,657.196044921875,30
1787122133,485895096,,ui,0.0,0.0,0.0,0
1787122134,485508260,,esp32,100.00646209716797,120.20195770263672,1404.5057373046875,30
1787122134,485948331,,lidar,99.28846740722656,104.8996810913086,657.196044921875,30
1787122134,485979699,,ui,0.0,0.0,0.0,0
1787122135,485564319,,esp32,100.00563049316406,120.20195770263672,1404.5057373046875,30
1787122135,486053687,,lidar,99.2898941040039,104.48531341552734,657.196044921875,30
1787122135,486096723,,ui,0.0,0.0,0.0,0
1787122136,485602030,,esp32,100.00419616699219,120.20195770263672,1404.5057373046875,30
1787122136,486058685,,lidar,99.2898941040039,104.48531341552734,657.196044921875,30
1787122136,486093236,,ui,0.0,0.0,0.0,0
1787122137,485446647,,esp32,100.0020523071289,120.21310424804688,1404.5057373046875,30
1787122137,485862220,,lidar,99.29347229003906,104.48531341552734,657.196044921875,30
1787122137,485892054,,ui,0.0,0.0,0.0,0
1787122138,485639670,,esp32,100.00264739990234,120.20560455322266,1404.5057373046875,30
1787122138,485922370,,lidar,99.30252838134766,104.48531341552734,657.196044921875,30
1787122138,485939026,,ui,0.0,0.0,0.0,0
1787122139,485527698,,esp32,100.0020523071289,120.20560455322266,1404.5057373046875,30
1787122139,485784582,,lidar,99.30252838134766,104.48531341552734,657.196044921875,30
1787122139,485799321,,ui,0.0,0.0,0.0,0
1787122140,485513688,,esp32,100.0020523071289,120.20527648925781,1404.5057373046875,30
1787122140,485916576,,lidar,99.30085754394531,106.56929016113281,657.196044921875,30
1787122140,485948685,,ui,0.0,0.0,0.0,0
1787122141,485667377,,esp32,100.0020523071289,120.20195770263672,1404.5057373046875,30
1787122141,486103068,,lidar,99.30252838134766,104.36378479003906,657.196044921875,30
1787122141,486139058,,ui,0.0,0.0,0.0,0
1787122142,485788231,,esp32,100.00466918945312,120.09417724609375,622.8895263671875,30
1787122142,486247444,,lidar,99.30443572998047,104.79573059082031,657.196044921875,30
1787122142,486309512,,ui,0.0,0.0,0.0,0
1787122143,485677707,,esp32,100.00466918945312,120.2022933959961,622.8895263671875,30
1787122143,486129182,,lidar,99.30443572998047,104.79573059082031,657.196044921875,30
1787122143,486171156,,ui,0.0,0.0,0.0,0
1787122144,485629675,,esp32,100.00646209716797,120.2022933959961,622.8895263671875,30
1787122144,486076325,,lidar,99.30443572998047,104.79573059082031,657.196044921875,30
1787122144,486113763,,ui,0.0,0.0,0.0,0
1787122145,485635740,,esp32,100.00563049316406,120.2022933959961,622.8895263671875,30
1787122145,486069548,,lidar,99.30443572998047,104.79573059082031,657.196044921875,30
1787122145,486104365,,ui,0.0,0.0,0.0,0
1787122146,485651157,,esp32,100.00646209716797,120.0896987915039,120.4886474609375,30
1787122146,485922209,,lidar,99.3101577758789,104.73489379882812,118.72196197509766,30
1787122146,485940238,,ui,0.0,0.0,0.0,0
1787122147,485677750,,esp32,100.0059814453125,120.0896987915039,120.4886474609375,30
1787122147,485996229,,lidar,99.31182861328125,104.73489379882812,118.72196197509766,30
1787122147,486016153,,ui,0.0,0.0,0.0,0
1787122148,485598003,,esp32,100.00466918945312,120.20096588134766,120.85867309570312,30
1787122148,485867429,,lidar,99.31182861328125,104.77781677246094,118.72196197509766,30
1787122148,485884016,,ui,0.0,0.0,0.0,0
1787122149,485645214,,esp32,100.00466918945312,120.20096588134766,120.85867309570312,30
1787122149,485930840,,lidar,99.31159210205078,104.77781677246094,118.72196197509766,30
1787122149,485950649,,ui,0.0,0.0,0.0,0
1787122150,485737642,,esp32,100.00669860839844,120.20096588134766,120.85867309570312,30
1787122150,486028989,,lidar,99.30467224121094,104.77781677246094,118.72196197509766,30
1787122150,486045696,,ui,0.0,0.0,0.0,0
1787122151,485812563,,esp32,100.00074005126953,120.23632049560547,120.85867309570312,30
1787122151,486111071,,lidar,99.3101577758789,104.73489379882812,106.56929016113281,30
1787122151,486129746,,ui,0.0,0.0,0.0,0
1787122152,485919885,,esp32,100.0020523071289,120.23632049560547,120.85867309570312,30
1787122152,486466020,,lidar,99.30348205566406,104.73489379882812,106.56929016113281,30
1787122152,486665695,,ui,0.0,0.0,0.0,0
1787122153,485702826,,esp32,100.00157165527344,120.23632049560547,120.85867309570312,30
1787122153,485980512,,lidar,99.29347229003906,104.73489379882812,106.56929016113281,30
1787122153,485994365,,ui,0.0,0.0,0.0,0
1787122154,485731918,,esp32,100.00157165527344,120.40792083740234,120.85867309570312,30
1787122154,486194515,,lidar,99.29347229003906,104.77781677246094,106.56929016113281,30
1787122154,486237827,,ui,0.0,0.0,0.0,0
1787122155,485848789,,esp32,100.00264739990234,120.40792083740234,120.85867309570312,30
1787122155,486379899,,lidar,99.29561614990234,104.77781677246094,106.56929016113281,30
1787122155,486430253,,ui,0.0,0.0,0.0,0
1787122156,485774943,,esp32,99.99823760986328,120.40792083740234,120.85867309570312,30
1787122156,486189188,,lidar,99.30348205566406,105.08584594726562,106.56929016113281,30
1787122156,486216405,,ui,0.0,0.0,0.0,0
1787122157,485782302,,esp32,99.99823760986328,120.40792083740234,120.85867309570312,30
1787122157,486097976,,lidar,99.29347229003906,105.08584594726562,106.56929016113281,30
1787122157,486116033,,ui,0.0,0.0,0.0,0
1787122158,485715568,,esp32,99.9950180053711,120.40792083740234,120.85867309570312,30
1787122158,485983202,,lidar,99.29132080078125,105.08584594726562,106.56929016113281,30
1787122158,485999392,,ui,0.0,0.0,0.0,0
1787122159,485909561,,esp32,99.99823760986328,120.40792083740234,120.85867309570312,30
1787122159,486210718,,lidar,99.29132080078125,105.08584594726562,106.56929016113281,30
1787122159,486227533,,ui,0.0,0.0,0.0,0
1787122160,485706138,,esp32,99.99143981933594,120.40792083740234,120.85867309570312,30
1787122160,486019512,,lidar,99.29347229003906,105.08584594726562,106.56929016113281,30
1787122160,486038459,,ui,0.0,0.0,0.0,0
1787122161,485889663,,esp32,99.99143981933594,120.40792083740234,120.85867309570312,30
1787122161,486373289,,lidar,99.29656982421875,105.08584594726562,106.56929016113281,30
1787122161,486432876,,ui,0.0,0.0,0.0,0
1787122162,485471122,,esp32,99.99143981933594,120.40792083740234,120.85867309570312,30
1787122162,485575669,,lidar,99.3101577758789,105.9365234375,114.38536834716797,30
1787122162,485580854,,ui,0.0,0.0,0.0,0
1787122163,485917956,,esp32,99.9950180053711,120.40792083740234,120.85867309570312,30
1787122163,486201323,,lidar,99.31182861328125,105.9365234375,114.38536834716797,30
1787122163,486219490,,ui,0.0,0.0,0.0,0
1787122164,485721525,,esp32,99.99275207519531,120.40792083740234,120.85867309570312,30
1787122164,486032403,,lidar,99.31039428710938,105.9365234375,114.38536834716797,30
1787122164,486053560,,ui,0.0,0.0,0.0,0
1787122165,485749837,,esp32,99.9950180053711,120.40792083740234,120.85867309570312,30
1787122165,486050109,,lidar,99.31111145019531,105.93795776367188,114.38536834716797,30
1787122165,486069041,,ui,0.0,0.0,0.0,0
1787122166,485661976,,esp32,99.99823760986328,120.40792083740234,120.85867309570312,30
1787122166,485934611,,lidar,99.31111145019531,106.08447265625,114.38536834716797,30
1787122166,485951888,,ui,0.0,0.0,0.0,0
1787122167,485609462,,esp32,100.00252532958984,120.4889144897461,120.85867309570312,30
1787122167,485881219,,lidar,99.3000259399414,106.08447265625,114.38536834716797,30
1787122167,485897511,,ui,0.0,0.0,0.0,0
1787122168,485825338,,esp32,99.9959716796875,120.4889144897461,120.85867309570312,30
1787122168,486314562,,lidar,99.29609680175781,106.08447265625,114.38536834716797,30
1787122168,486341755,,ui,0.0,0.0,0.0,0
1787122169,485823654,,esp32,99.99143981933594,120.4889144897461,120.85867309570312,30
1787122169,486374077,,lidar,99.29656982421875,106.08447265625,114.38536834716797,30
1787122169,486405471,,ui,0.0,0.0,0.0,0
1787122170,485682636,,esp32,99.99919128417969,120.4889144897461,120.85867309570312,30
1787122170,486082189,,lidar,99.29716491699219,105.93795776367188,114.38536834716797,30
1787122170,486117809,,ui,0.0,0.0,0.0,0
1787122171,485919728,,esp32,99.98941040039062,120.4889144897461,120.85867309570312,30
1787122171,486472853,,lidar,99.31159210205078,105.93795776367188,114.38536834716797,30
1787122171,486504131,,ui,0.0,0.0,0.0,0
1787122172,485783147,,esp32,99.98941040039062,120.4889144897461,120.85867309570312,30
1787122172,486184380,,lidar,99.31373596191406,105.93795776367188,114.38536834716797,30
1787122172,486210568,,ui,0.0,0.0,0.0,0
1787122173,485657399,,esp32,99.9959716796875,120.40819549560547,120.85867309570312,30
1787122173,485927396,,lidar,99.31373596191406,105.93795776367188,114.38536834716797,30
1787122173,485941989,,ui,0.0,0.0,0.0,0
1787122174,485477480,,esp32,99.9959716796875,120.40819549560547,120.85867309570312,30
1787122174,485831421,,lidar,99.31802368164062,105.93795776367188,114.38536834716797,30
1787122174,485841394,,ui,0.0,0.0,0.0,0
1787122175,485729694,,esp32,99.9959716796875,120.40819549560547,120.85867309570312,30
1787122175,486070159,,lidar,99.31075286865234,105.93795776367188,114.38536834716797,30
1787122175,486089356,,ui,0.0,0.0,0.0,0
1787122176,485990162,,esp32,99.9959716796875,120.40819549560547,120.85867309570312,30
1787122176,486396040,,lidar,99.31802368164062,105.93795776367188,114.38536834716797,30
1787122176,486420146,,ui,0.0,0.0,0.0,0
1787122177,485655372,,esp32,99.99919128417969,120.40819549560547,120.85867309570312,30
1787122177,485926625,,lidar,99.3245849609375,105.93795776367188,114.38536834716797,30
1787122177,485943184,,ui,0.0,0.0,0.0,0
1787122178,485747747,,esp32,100.0001449584961,120.25297546386719,120.60928344726562,30
1787122178,486092292,,lidar,99.3245849609375,105.09578704833984,114.38536834716797,30
1787122178,486109945,,ui,0.0,0.0,0.0,0
1787122179,485757348,,esp32,100.0001449584961,120.25297546386719,120.60928344726562,30
1787122179,486053079,,lidar,99.33030700683594,105.09578704833984,114.38536834716797,30
1787122179,486072640,,ui,0.0,0.0,0.0,0
1787122180,485780108,,esp32,99.99919128417969,120.25297546386719,120.60928344726562,30
1787122180,486188310,,lidar,99.33137512207031,105.09578704833984,114.38536834716797,30
1787122180,486209951,,ui,0.0,0.0,0.0,0
1787122181,485874663,,esp32,100.00181579589844,120.22285461425781,120.60928344726562,30
1787122181,486414949,,lidar,99.33030700683594,106.09588623046875,114.38536834716797,30
1787122181,486463759,,ui,0.0,0.0,0.0,0
1787122182,485875312,,esp32,100.0001449584961,120.22285461425781,120.60928344726562,30
1787122182,486535704,,lidar,99.33137512207031,107.71150970458984,122.33805847167969,30
1787122182,486591582,,ui,0.0,0.0,0.0,0
1787122183,485768578,,esp32,100.0008544921875,120.22285461425781,120.60928344726562,30
1787122183,486044707,,lidar,99.33030700683594,107.71150970458984,122.33805847167969,30
1787122183,486060862,,ui,0.0,0.0,0.0,0
1787122184,485927057,,esp32,100.0008544921875,120.15034484863281,120.60928344726562,30
1787122184,486465776,,lidar,99.33137512207031,107.71150970458984,122.33805847167969,30
1787122184,486515457,,ui,0.0,0.0,0.0,0
1787122185,485869306,,esp32,100.00324249267578,120.15034484863281,120.60928344726562,30
1787122185,486413214,,lidar,99.33137512207031,107.71150970458984,122.33805847167969,30
1787122185,486460993,,ui,0.0,0.0,0.0,0
1787122186,485557336,,esp32,100.00669860839844,120.15034484863281,120.60928344726562,30
1787122186,485873788,,lidar,99.33257293701172,107.71150970458984,122.33805847167969,30
1787122186,485895947,,ui,0.0,0.0,0.0,0
1787122187,485866771,,esp32,100.01074981689453,120.15034484863281,120.60928344726562,30
1787122187,486385989,,lidar,99.33399963378906,107.71150970458984,122.33805847167969,30
1787122187,486436929,,ui,0.0,0.0,0.0,0
1787122188,485765332,,esp32,100.01707458496094,120.15034484863281,120.60928344726562,30
1787122188,486064873,,lidar,99.33257293701172,107.71150970458984,122.33805847167969,30
1787122188,486082246,,ui,0.0,0.0,0.0,0
1787122189,485969881,,esp32,100.00669860839844,120.15034484863281,120.60928344726562,30
1787122189,486487245,,lidar,99.33257293701172,107.71150970458984,122.33805847167969,30
1787122189,486517887,,ui,0.0,0.0,0.0,0
1787122190,485881362,,esp32,100.01074981689453,120.22276306152344,139.79864501953125,30
1787122190,486224801,,lidar,99.33030700683594,107.71150970458984,122.33805847167969,30
1787122190,486250809,,ui,0.0,0.0,0.0,0
1787122191,485874905,,esp32,100.00669860839844,120.22276306152344,139.79864501953125,30
1787122191,486194351,,lidar,99.31301879882812,107.71150970458984,122.33805847167969,30
1787122191,486210804,,ui,0.0,0.0,0.0,0
1787122192,485878462,,esp32,100.01074981689453,120.22276306152344,139.79864501953125,30
1787122192,486214983,,lidar,99.3092041015625,106.56536102294922,122.33805847167969,30
1787122192,486239889,,ui,0.0,0.0,0.0,0
1787122193,485886759,,esp32,100.01445007324219,120.22276306152344,139.79864501953125,30
1787122193,486227225,,lidar,99.3092041015625,106.56536102294922,122.33805847167969,30
1787122193,486271979,,ui,0.0,0.0,0.0,0
1787122194,485864764,,esp32,100.01051330566406,120.24349212646484,139.79864501953125,30
1787122194,486206070,,lidar,99.3092041015625,106.56536102294922,122.33805847167969,30
1787122194,486232689,,ui,0.0,0.0,0.0,0
1787122195,485917763,,esp32,100.00455474853516,120.24349212646484,139.79864501953125,30
1787122195,486271841,,lidar,99.30598449707031,106.56536102294922,122.33805847167969,30
1787122195,486298299,,ui,0.0,0.0,0.0,0
1787122196,485925426,,esp32,100.0009765625,120.35861206054688,139.87469482421875,30
1787122196,486474612,,lidar,99.30598449707031,105.852294921875,122.33805847167969,30
1787122196,486525093,,ui,0.0,0.0,0.0,0
1787122197,485860343,,esp32,99.99942779541016,120.24349212646484,139.87469482421875,30
1787122197,486394494,,lidar,99.31492614746094,105.84521484375,122.33805847167969,30
1787122197,486445953,,ui,0.0,0.0,0.0,0
1787122198,485992183,,esp32,99.99942779541016,120.24349212646484,139.87469482421875,30
1787122198,486533321,,lidar,99.33018493652344,105.84521484375,122.33805847167969,30
1787122198,486579850,,ui,0.0,0.0,0.0,0
1787122199,485905641,,esp32,100.00228881835938,120.24349212646484,139.87469482421875,30
1787122199,486426303,,lidar,99.31492614746094,105.84521484375,122.33805847167969,30
1787122199,486473814,,ui,0.0,0.0,0.0,0
1787122200,485912115,,esp32,99.99942779541016,120.24349212646484,139.87469482421875,30
1787122200,486347398,,lidar,99.31218719482422,105.852294921875,122.33805847167969,30
1787122200,486388918,,ui,0.0,0.0,0.0,0
1787122201,485783435,,esp32,100.00324249267578,120.24349212646484,139.87469482421875,30
1787122201,486072319,,lidar,99.30491638183594,106.55379486083984,122.33805847167969,30
1787122201,486088434,,ui,0.0,0.0,0.0,0
1787122202,485913873,,esp32,99.99990844726562,120.24349212646484,139.87469482421875,30
1787122202,486417608,,lidar,99.30610656738281,106.56079864501953,122.33805847167969,30
1787122202,486465354,,ui,0.0,0.0,0.0,0
1787122203,485865811,,esp32,99.99990844726562,120.24349212646484,139.87469482421875,30
1787122203,486332088,,lidar,99.30491638183594,107.2540283203125,122.33805847167969,30
1787122203,486374797,,ui,0.0,0.0,0.0,0
1787122204,485872030,,esp32,99.99942779541016,120.24349212646484,139.87469482421875,30
1787122204,486345126,,lidar,99.30491638183594,107.2540283203125,122.33805847167969,30
1787122204,486391174,,ui,0.0,0.0,0.0,0
1787122205,486059546,,esp32,99.99942779541016,120.24349212646484,139.87469482421875,30
1787122205,486436239,,lidar,99.31087493896484,107.2540283203125,122.33805847167969,30
1787122205,486461150,,ui,0.0,0.0,0.0,0
1787122206,485983925,,esp32,99.99859619140625,120.24349212646484,139.87469482421875,30
1787122206,486405751,,lidar,99.30467224121094,107.2540283203125,122.33805847167969,30
1787122206,486430662,,ui,0.0,0.0,0.0,0
1787122207,486015904,,esp32,99.99311065673828,120.36070251464844,139.87469482421875,30
1787122207,486466743,,lidar,99.30467224121094,107.2540283203125,122.33805847167969,30
1787122207,486494641,,ui,0.0,0.0,0.0,0
1787122208,485998828,,esp32,99.9897689819336,120.36070251464844,139.87469482421875,30
1787122208,486418608,,lidar,99.30467224121094,107.2540283203125,122.33805847167969,30
1787122208,486445306,,ui,0.0,0.0,0.0,0
1787122209,485917326,,esp32,99.9897689819336,120.36070251464844,139.87469482421875,30
1787122209,486200687,,lidar,99.29084777832031,107.2540283203125,122.33805847167969,30
1787122209,486217111,,ui,0.0,0.0,0.0,0
1787122210,485977125,,esp32,99.98715209960938,120.427734375,139.87469482421875,30
1787122210,486304600,,lidar,99.30467224121094,107.2540283203125,122.33805847167969,30
1787122210,486325189,,ui,0.0,0.0,0.0,0
1787122211,485937470,,esp32,99.98357391357422,120.427734375,139.87469482421875,30
1787122211,486225999,,lidar,99.30491638183594,106.99343872070312,122.33805847167969,30
1787122211,486241606,,ui,0.0,0.0,0.0,0
1787122212,485986199,,esp32,99.98274230957031,120.427734375,139.87469482421875,30
1787122212,486329595,,lidar,99.30491638183594,106.55379486083984,114.74442291259766,30
1787122212,486350919,,ui,0.0,0.0,0.0,0
1787122213,485944700,,esp32,99.97868347167969,120.45530700683594,139.87469482421875,30
1787122213,486455346,,lidar,99.30467224121094,106.99343872070312,566.6646728515625,30
1787122213,486500167,,ui,0.0,0.0,0.0,0
1787122214,485937596,,esp32,99.97868347167969,122.71575927734375,1322.581298828125,30
1787122214,486228928,,lidar,99.29084777832031,106.99343872070312,566.6646728515625,30
1787122214,486244959,,ui,0.0,0.0,0.0,0
1787122215,485912235,,esp32,99.97868347167969,122.71575927734375,1322.581298828125,30
1787122215,486221723,,lidar,99.29084777832031,106.99343872070312,566.6646728515625,30
1787122215,486239279,,ui,0.0,0.0,0.0,0
1787122216,485911868,,esp32,99.97582244873047,122.71575927734375,1322.581298828125,30
1787122216,486289730,,lidar,99.28750610351562,106.99343872070312,566.6646728515625,30
1787122216,486318481,,ui,0.0,0.0,0.0,0
1787122217,485908301,,esp32,99.97272491455078,122.71575927734375,1322.581298828125,30
1787122217,486219336,,lidar,99.28750610351562,106.99343872070312,566.6646728515625,30
1787122217,486237462,,ui,0.0,0.0,0.0,0
1787122218,485943241,,esp32,99.97272491455078,139.80929565429688,1322.581298828125,30
1787122218,486313902,,lidar,99.28750610351562,107.2540283203125,598.906982421875,30
1787122218,486344306,,ui,0.0,0.0,0.0,0
1787122219,486110494,,esp32,99.97427368164062,154.35934448242188,1322.581298828125,30
1787122219,486618674,,lidar,99.28750610351562,107.2540283203125,598.906982421875,30
1787122219,486662304,,ui,0.0,0.0,0.0,0
1787122220,486019836,,esp32,99.97248840332031,154.35934448242188,1322.581298828125,30
1787122220,486592024,,lidar,99.28750610351562,107.2540283203125,598.906982421875,30
1787122220,486636036,,ui,0.0,0.0,0.0,0
1787122221,485864000,,esp32,99.97427368164062,154.35934448242188,1322.581298828125,30
1787122221,486174126,,lidar,99.2898941040039,107.2540283203125,598.906982421875,30
1787122221,486195306,,ui,0.0,0.0,0.0,0
1787122222,485600641,,esp32,99.97427368164062,154.35934448242188,1322.581298828125,30
1787122222,485709435,,lidar,99.2898941040039,107.2540283203125,598.906982421875,30
1787122222,485714981,,ui,0.0,0.0,0.0,0
1787122223,486104390,,esp32,99.97737121582031,154.35934448242188,1322.581298828125,30
1787122223,486535289,,lidar,99.2898941040039,114.74442291259766,598.906982421875,30
1787122223,486560196,,ui,0.0,0.0,0.0,0
1787122224,486144290,,esp32,99.98035430908203,154.35934448242188,1322.581298828125,30
1787122224,486567595,,lidar,99.2898941040039,114.74442291259766,598.906982421875,30
1787122224,486592812,,ui,0.0,0.0,0.0,0
1787122225,486121222,,esp32,99.98357391357422,154.35934448242188,1322.581298828125,30
1787122225,486537893,,lidar,99.29084777832031,114.74442291259766,598.906982421875,30
1787122225,486567281,,ui,0.0,0.0,0.0,0
1787122226,485719818,,esp32,99.98357391357422,138.16085815429688,1322.581298828125,30
1787122226,485864738,,lidar,99.28750610351562,114.74442291259766,598.906982421875,30
1787122226,485873657,,ui,0.0,0.0,0.0,0
1787122227,485988725,,esp32,99.98404693603516,138.16085815429688,1322.581298828125,30
1787122227,486332721,,lidar,99.29788208007812,114.81076049804688,598.906982421875,30
1787122227,486354083,,ui,0.0,0.0,0.0,0
1787122228,485950613,,esp32,99.99215698242188,138.16085815429688,1322.581298828125,30
1787122228,486467259,,lidar,99.29788208007812,114.81076049804688,598.906982421875,30
1787122228,486518396,,ui,0.0,0.0,0.0,0
1787122229,486050120,,esp32,99.98822021484375,138.16085815429688,1322.581298828125,30
1787122229,486435484,,lidar,99.30610656738281,114.81076049804688,598.906982421875,30
1787122229,486458687,,ui,0.0,0.0,0.0,0
1787122230,485947261,,esp32,99.99215698242188,138.16085815429688,1322.581298828125,30
1787122230,486286412,,lidar,99.30968475341797,114.74442291259766,598.906982421875,30
1787122230,486308655,,ui,0.0,0.0,0.0,0
1787122231,486032272,,esp32,99.99215698242188,138.16085815429688,1322.581298828125,30
1787122231,486590518,,lidar,99.32017517089844,114.81076049804688,598.906982421875,30
1787122231,486635993,,ui,0.0,0.0,0.0,0
1787122232,486039258,,esp32,99.99656677246094,138.16085815429688,1322.581298828125,30
1787122232,486554582,,lidar,99.30968475341797,114.74442291259766,598.906982421875,30
1787122232,486597087,,ui,0.0,0.0,0.0,0
1787122233,485943599,,esp32,100.0010986328125,138.16085815429688,1322.581298828125,30
1787122233,486246572,,lidar,99.3033676147461,107.13728332519531,598.906982421875,30
1787122233,486289826,,ui,0.0,0.0,0.0,0
1787122234,485991679,,esp32,100.0010986328125,138.16085815429688,1322.581298828125,30
1787122234,486471490,,lidar,99.29466247558594,107.13728332519531,598.906982421875,30
1787122234,486511467,,ui,0.0,0.0,0.0,0
1787122235,486009983,,esp32,100.0010986328125,138.16085815429688,1322.581298828125,30
1787122235,486525026,,lidar,99.3033676147461,104.64830017089844,598.906982421875,30
1787122235,486567469,,ui,0.0,0.0,0.0,0
1787122236,485968541,,esp32,100.00920104980469,138.16085815429688,1322.581298828125,30
1787122236,486435219,,lidar,99.3033676147461,104.64830017089844,598.906982421875,30
1787122236,486477458,,ui,0.0,0.0,0.0,0
1787122237,486006897,,esp32,100.01099395751953,138.018798828125,1322.581298828125,30
1787122237,486313707,,lidar,99.3033676147461,104.64830017089844,598.906982421875,30
1787122237,486332141,,ui,0.0,0.0,0.0,0
1787122238,486028984,,esp32,100.01099395751953,138.018798828125,1322.581298828125,30
1787122238,486534191,,lidar,99.29800415039062,121.40216064453125,598.906982421875,30
1787122238,486573468,,ui,0.0,0.0,0.0,0
1787122239,486116859,,esp32,100.01099395751953,138.018798828125,1322.581298828125,30
1787122239,486626863,,lidar,99.30848693847656,121.40216064453125,598.906982421875,30
1787122239,486668810,,ui,0.0,0.0,0.0,0
1787122240,486118933,,esp32,100.01099395751953,138.018798828125,1322.581298828125,30
1787122240,486635356,,lidar,99.30848693847656,121.40216064453125,598.906982421875,30
1787122240,486687719,,ui,0.0,0.0,0.0,0
1787122241,485992851,,esp32,100.01707458496094,138.018798828125,1322.581298828125,30
1787122241,486343404,,lidar,99.29800415039062,121.40216064453125,598.906982421875,30
1787122241,486362346,,ui,0.0,0.0,0.0,0
1787122242,486021311,,esp32,100.01898193359375,138.018798828125,1322.581298828125,30
1787122242,486338459,,lidar,99.29800415039062,121.40216064453125,598.906982421875,30
1787122242,486356884,,ui,0.0,0.0,0.0,0
1787122243,486039493,,esp32,100.02017211914062,129.91360473632812,1322.581298828125,30
1787122243,486316609,,lidar,99.3101577758789,104.64830017089844,598.906982421875,30
1787122243,486332137,,ui,0.0,0.0,0.0,0
1787122244,486108444,,esp32,100.02017211914062,182.4452667236328,603.1865844726562,30
1787122244,486615104,,lidar,99.29656982421875,121.42637634277344,613.5695190429688,30
1787122244,486659342,,ui,0.0,0.0,0.0,0
1787122245,486190015,,esp32,100.02517700195312,182.4452667236328,603.1865844726562,30
1787122245,486772077,,lidar,99.29656982421875,121.42637634277344,613.5695190429688,30
1787122245,486817564,,ui,0.0,0.0,0.0,0
1787122246,486141279,,esp32,100.02708435058594,182.4452667236328,603.1865844726562,30
1787122246,486708292,,lidar,99.29656982421875,121.42637634277344,613.5695190429688,30
1787122246,486753178,,ui,0.0,0.0,0.0,0
1787122247,486134061,,esp32,100.02517700195312,182.4452667236328,603.1865844726562,30
1787122247,486659288,,lidar,99.30968475341797,121.42637634277344,613.5695190429688,30
1787122247,486711369,,ui,0.0,0.0,0.0,0
1787122248,486387235,,esp32,100.02517700195312,123.99825286865234,601.9010620117188,30
1787122248,486932067,,lidar,99.31063842773438,106.9444351196289,613.5695190429688,30
1787122248,486977517,,ui,0.0,0.0,0.0,0
1787122249,485999814,,esp32,100.02613067626953,120.51304626464844,601.9010620117188,30
1787122249,486356802,,lidar,99.29943084716797,106.9444351196289,613.5695190429688,30
1787122249,486381653,,ui,0.0,0.0,0.0,0
1787122250,486077503,,esp32,100.02613067626953,120.51304626464844,601.9010620117188,30
1787122250,486428182,,lidar,99.32994842529297,106.9444351196289,613.5695190429688,30
1787122250,486450586,,ui,0.0,0.0,0.0,0
1787122251,485819394,,esp32,100.02267456054688,120.51304626464844,601.9010620117188,30
1787122251,486159873,,lidar,99.33030700683594,106.79715728759766,613.5695190429688,30
1787122251,486174297,,ui,0.0,0.0,0.0,0
1787122252,485880605,,esp32,100.0171890258789,120.51304626464844,601.9010620117188,30
1787122252,486195918,,lidar,99.31147003173828,106.79715728759766,613.5695190429688,30
1787122252,486213687,,ui,0.0,0.0,0.0,0
1787122253,485845267,,esp32,100.01229858398438,120.51304626464844,601.9010620117188,30
1787122253,486161625,,lidar,99.31147003173828,104.50101470947266,613.5695190429688,30
1787122253,486179921,,ui,0.0,0.0,0.0,0
1787122254,485791827,,esp32,100.01099395751953,120.51304626464844,601.9010620117188,30
1787122254,486137655,,lidar,99.32112884521484,105.46025848388672,613.5695190429688,30
1787122254,486156801,,ui,0.0,0.0,0.0,0
1787122255,485678297,,esp32,100.00968170166016,120.51304626464844,601.9010620117188,30
1787122255,485972159,,lidar,99.3101577758789,105.46025848388672,613.5695190429688,30
1787122255,485988946,,ui,0.0,0.0,0.0,0
1787122256,485652986,,esp32,100.00848388671875,120.5225601196289,601.9010620117188,30
1787122256,485967311,,lidar,99.32112884521484,105.46025848388672,613.5695190429688,30
1787122256,485985001,,ui,0.0,0.0,0.0,0
1787122257,485600303,,esp32,100.00729370117188,120.5225601196289,601.9010620117188,30
1787122257,486113976,,lidar,99.3101577758789,105.46025848388672,613.5695190429688,30
1787122257,486154983,,ui,0.0,0.0,0.0,0
1787122258,485540729,,esp32,100.00347900390625,120.5225601196289,601.9010620117188,30
1787122258,486014198,,lidar,99.29800415039062,105.46025848388672,613.5695190429688,30
1787122258,486050316,,ui,0.0,0.0,0.0,0
1787122259,485500208,,esp32,100.00347900390625,120.5225601196289,601.9010620117188,30
1787122259,485854293,,lidar,99.29609680175781,105.46025848388672,613.5695190429688,30
1787122259,485877354,,ui,0.0,0.0,0.0,0
1787122260,485464600,,esp32,100.00574493408203,120.5225601196289,601.9010620117188,30
1787122260,485799302,,lidar,99.288818359375,105.46025848388672,613.5695190429688,30
1787122260,485820736,,ui,0.0,0.0,0.0,0
1787122261,485433283,,esp32,100.00431823730469,120.63671112060547,601.9010620117188,30
1787122261,485801540,,lidar,99.29609680175781,105.46025848388672,613.5695190429688,30
1787122261,485826295,,ui,0.0,0.0,0.0,0
1787122262,485362536,,esp32,100.00431823730469,120.63671112060547,601.9010620117188,30
1787122262,485706521,,lidar,99.31147003173828,105.46025848388672,613.5695190429688,30
1787122262,485728402,,ui,0.0,0.0,0.0,0
1787122263,485288770,,esp32,100.00061798095703,120.66519165039062,601.9010620117188,30
1787122263,485620340,,lidar,99.31636047363281,105.46025848388672,613.5695190429688,30
1787122263,485642460,,ui,0.0,0.0,0.0,0
1787122264,485359059,,esp32,100.00157165527344,120.66519165039062,601.9010620117188,30
1787122264,485857462,,lidar,99.32386779785156,105.46025848388672,613.5695190429688,30
1787122264,485895498,,ui,0.0,0.0,0.0,0
1787122265,485051656,,esp32,100.00157165527344,120.66519165039062,601.9010620117188,30
1787122265,485412560,,lidar,99.31695556640625,105.46025848388672,613.5695190429688,30
1787122265,485432934,,ui,0.0,0.0,0.0,0
1787122266,485111281,,esp32,99.99394226074219,120.65137481689453,601.9010620117188,30
1787122266,485447103,,lidar,99.31290435791016,105.46025848388672,613.5695190429688,30
1787122266,485467442,,ui,0.0,0.0,0.0,0
1787122267,484981676,,esp32,99.99370574951172,120.65137481689453,601.9010620117188,30
1787122267,485299411,,lidar,99.31230163574219,105.46025848388672,613.5695190429688,30
1787122267,485314790,,ui,0.0,0.0,0.0,0
1787122268,485023434,,esp32,99.99370574951172,120.65137481689453,601.9010620117188,30
1787122268,485378218,,lidar,99.31230163574219,105.40056610107422,613.5695190429688,30
1787122268,485400494,,ui,0.0,0.0,0.0,0
1787122269,484929784,,esp32,99.99728393554688,120.65137481689453,601.9010620117188,30
1787122269,485477478,,lidar,99.31230163574219,105.40056610107422,613.5695190429688,30
1787122269,485518764,,ui,0.0,0.0,0.0,0
1787122270,484871550,,esp32,99.99370574951172,120.65137481689453,601.9010620117188,30
1787122270,485357366,,lidar,99.31290435791016,105.40056610107422,613.5695190429688,30
1787122270,485403659,,ui,0.0,0.0,0.0,0
1787122271,484789644,,esp32,99.98762512207031,120.65137481689453,601.9010620117188,30
1787122271,485112195,,lidar,99.31564331054688,105.45787048339844,613.5695190429688,30
1787122271,485125907,,ui,0.0,0.0,0.0,0
1787122272,484748847,,esp32,99.98500061035156,120.65137481689453,601.9010620117188,30
1787122272,485098403,,lidar,99.3183822631836,105.45787048339844,613.5695190429688,30
1787122272,485116687,,ui,0.0,0.0,0.0,0
1787122273,484633291,,esp32,99.97713470458984,120.65137481689453,601.9010620117188,30
1787122273,484986591,,lidar,99.3183822631836,105.45787048339844,613.5695190429688,30
1787122273,485007193,,ui,0.0,0.0,0.0,0
1787122274,484784128,,esp32,99.97713470458984,120.51607513427734,120.94378662109375,30
1787122274,485340116,,lidar,99.32398986816406,105.40008544921875,106.64987182617188,30
1787122274,485383044,,ui,0.0,0.0,0.0,0
1787122275,484663311,,esp32,99.97439575195312,120.51607513427734,120.94378662109375,30
1787122275,485157839,,lidar,99.32374572753906,105.40008544921875,106.64987182617188,30
1787122275,485196673,,ui,0.0,0.0,0.0,0
1787122276,484527039,,esp32,99.97713470458984,120.51607513427734,120.94378662109375,30
1787122276,484822603,,lidar,99.32374572753906,105.40008544921875,106.64987182617188,30
1787122276,484838890,,ui,0.0,0.0,0.0,0
1787122277,484368734,,esp32,99.98500061035156,120.51607513427734,120.94378662109375,30
1787122277,484663719,,lidar,99.31898498535156,105.3507308959961,106.4107437133789,30
1787122277,484678575,,ui,0.0,0.0,0.0,0
1787122278,484462389,,esp32,99.98762512207031,120.51607513427734,120.94378662109375,30
1787122278,484762666,,lidar,99.31778717041016,105.3507308959961,106.4107437133789,30
1787122278,484777833,,ui,0.0,0.0,0.0,0
1787122279,484377766,,esp32,99.98762512207031,120.51607513427734,120.94378662109375,30
1787122279,484674778,,lidar,99.32374572753906,105.3507308959961,106.4107437133789,30
1787122279,484690441,,ui,0.0,0.0,0.0,0
1787122280,484342086,,esp32,99.99525451660156,120.51607513427734,120.94378662109375,30
1787122280,484659631,,lidar,99.32374572753906,105.3507308959961,106.4107437133789,30
1787122280,484675770,,ui,0.0,0.0,0.0,0
1787122281,484263903,,esp32,99.99823760986328,120.51607513427734,120.94378662109375,30
1787122281,484558149,,lidar,99.32386779785156,105.35122680664062,106.4107437133789,30
1787122281,484572359,,ui,0.0,0.0,0.0,0
1787122282,483846740,,esp32,99.99525451660156,120.54180908203125,120.94378662109375,30
1787122282,484002754,,lidar,99.32482147216797,105.35122680664062,106.4107437133789,30
1787122282,484010042,,ui,0.0,0.0,0.0,0
1787122283,484119778,,esp32,99.99060821533203,120.63652038574219,120.94378662109375,30
1787122283,484440353,,lidar,99.32482147216797,105.35122680664062,106.4107437133789,30
1787122283,484456639,,ui,0.0,0.0,0.0,0
1787122284,484076355,,esp32,100.00241088867188,120.63652038574219,120.94378662109375,30
1787122284,484398312,,lidar,99.32386779785156,105.0556869506836,106.4107437133789,30
1787122284,484414790,,ui,0.0,0.0,0.0,0
1787122285,484076726,,esp32,99.99823760986328,120.63652038574219,120.94378662109375,30
1787122285,484406674,,lidar,99.32482147216797,105.40742492675781,112.59770202636719,30
1787122285,484423023,,ui,0.0,0.0,0.0,0
1787122286,484019810,,esp32,100.00241088867188,120.63652038574219,120.94378662109375,30
1787122286,484342106,,lidar,99.32386779785156,105.40742492675781,112.59770202636719,30
1787122286,484358328,,ui,0.0,0.0,0.0,0
1787122287,483928900,,esp32,100.00241088867188,120.63652038574219,120.94378662109375,30
1787122287,484273332,,lidar,99.3183822631836,105.40742492675781,112.59770202636719,30
1787122287,484294084,,ui,0.0,0.0,0.0,0
1787122288,483924146,,esp32,100.00765228271484,120.63652038574219,120.94378662109375,30
1787122288,484421586,,lidar,99.31969451904297,105.35855865478516,112.59770202636719,30
1787122288,484459816,,ui,0.0,0.0,0.0,0
1787122289,483865652,,esp32,100.00241088867188,120.63652038574219,120.94378662109375,30
1787122289,484421254,,lidar,99.31969451904297,105.35855865478516,112.59770202636719,30
1787122289,484464280,,ui,0.0,0.0,0.0,0
1787122290,483703773,,esp32,99.99823760986328,120.63652038574219,120.94378662109375,30
1787122290,484049399,,lidar,99.32470703125,105.35855865478516,112.59770202636719,30
1787122290,484062878,,ui,0.0,0.0,0.0,0
1787122291,483539142,,esp32,99.99525451660156,120.57160949707031,120.94378662109375,30
1787122291,483828385,,lidar,99.32470703125,106.13646697998047,112.59770202636719,30
1787122291,483841412,,ui,0.0,0.0,0.0,0
1787122292,483545180,,esp32,99.99823760986328,120.57160949707031,120.94378662109375,30
1787122292,483855842,,lidar,99.32136535644531,106.13646697998047,112.59770202636719,30
1787122292,483869480,,ui,0.0,0.0,0.0,0
1787122293,483391412,,esp32,100.00241088867188,120.54115295410156,120.80335998535156,30
1787122293,483712821,,lidar,99.32231903076172,106.13646697998047,112.59770202636719,30
1787122293,483726112,,ui,0.0,0.0,0.0,0
1787122294,483244794,,esp32,100.00061798095703,120.54115295410156,120.80335998535156,30
1787122294,483711973,,lidar,99.31778717041016,106.13369750976562,112.59770202636719,30
1787122294,483741982,,ui,0.0,0.0,0.0,0
1787122295,483268961,,esp32,100.00479125976562,120.69076538085938,240.07534790039062,30
1787122295,483728458,,lidar,99.32565307617188,107.52439880371094,112.59770202636719,30
1787122295,483761638,,ui,0.0,0.0,0.0,0
1787122296,483279519,,esp32,100.00836944580078,120.69076538085938,240.07534790039062,30
1787122296,483577851,,lidar,99.3294677734375,107.52439880371094,112.59770202636719,30
1787122296,483591350,,ui,0.0,0.0,0.0,0
1787122297,483321696,,esp32,100.01254272460938,120.69076538085938,240.07534790039062,30
1787122297,483751615,,lidar,99.33615112304688,107.52439880371094,112.59770202636719,30
1787122297,483784999,,ui,0.0,0.0,0.0,0
1787122298,483149356,,esp32,100.01254272460938,120.69076538085938,240.07534790039062,30
1787122298,483652661,,lidar,99.33662414550781,107.52439880371094,112.59770202636719,30
1787122298,483691097,,ui,0.0,0.0,0.0,0
1787122299,483051770,,esp32,100.00836944580078,120.69076538085938,240.07534790039062,30
1787122299,483397071,,lidar,99.3294677734375,107.52439880371094,112.59770202636719,30
1787122299,483416441,,ui,0.0,0.0,0.0,0
1787122300,483150177,,esp32,100.01254272460938,120.69076538085938,240.07534790039062,30
1787122300,483503903,,lidar,99.3294677734375,107.52439880371094,112.59770202636719,30
1787122300,483523539,,ui,0.0,0.0,0.0,0
1787122301,482951391,,esp32,100.01396942138672,120.69076538085938,240.07534790039062,30
1787122301,483287329,,lidar,99.3294677734375,107.52439880371094,112.59770202636719,30
1787122301,483306815,,ui,0.0,0.0,0.0,0
1787122302,482973762,,esp32,100.01826477050781,120.69076538085938,240.07534790039062,30
1787122302,483301266,,lidar,99.32565307617188,107.52439880371094,112.59770202636719,30
1787122302,483316287,,ui,0.0,0.0,0.0,0
1787122303,482968292,,esp32,100.01826477050781,120.69076538085938,240.07534790039062,30
1787122303,483262687,,lidar,99.31182861328125,107.52439880371094,112.59770202636719,30
1787122303,483276271,,ui,0.0,0.0,0.0,0
1787122304,483008576,,esp32,100.01862335205078,120.69076538085938,240.07534790039062,30
1787122304,483367608,,lidar,99.3051528930664,107.52439880371094,112.59770202636719,30
1787122304,483386851,,ui,0.0,0.0,0.0,0
1787122305,482983960,,esp32,100.01862335205078,120.69076538085938,240.07534790039062,30
1787122305,483353764,,lidar,99.3051528930664,108.37889099121094,112.59770202636719,30
1787122305,483372106,,ui,0.0,0.0,0.0,0
1787122306,482933634,,esp32,100.01826477050781,120.69076538085938,240.07534790039062,30
1787122306,483292679,,lidar,99.29680633544922,108.37889099121094,112.59770202636719,30
1787122306,483313860,,ui,0.0,0.0,0.0,0
1787122307,482759935,,esp32,100.01277923583984,120.69076538085938,240.07534790039062,30
1787122307,483120449,,lidar,99.29680633544922,108.37889099121094,112.59770202636719,30
1787122307,483143742,,ui,0.0,0.0,0.0,0
1787122308,482799716,,esp32,100.01004028320312,120.69076538085938,240.07534790039062,30
1787122308,483151710,,lidar,99.29680633544922,108.37889099121094,112.59770202636719,30
1787122308,483169096,,ui,0.0,0.0,0.0,0
1787122309,482672997,,esp32,100.00466918945312,120.69076538085938,240.07534790039062,30
1787122309,483022674,,lidar,99.29656982421875,108.37889099121094,112.59770202636719,30
1787122309,483042899,,ui,0.0,0.0,0.0,0
1787122310,482598283,,esp32,100.00466918945312,120.69076538085938,240.07534790039062,30
1787122310,482892625,,lidar,99.27987670898438,108.37889099121094,112.59770202636719,30
1787122310,482905792,,ui,0.0,0.0,0.0,0
1787122311,482660674,,esp32,99.995849609375,120.69076538085938,240.07534790039062,30
1787122311,482987078,,lidar,99.27987670898438,108.37889099121094,112.59770202636719,30
1787122311,483003634,,ui,0.0,0.0,0.0,0
1787122312,482542246,,esp32,99.9959716796875,120.57275390625,240.07534790039062,30
1787122312,482847033,,lidar,99.28559875488281,108.37889099121094,112.59770202636719,30
1787122312,482861322,,ui,0.0,0.0,0.0,0
1787122313,482449990,,esp32,100.00169372558594,120.49559783935547,240.07534790039062,30
1787122313,482752416,,lidar,99.27796936035156,108.37889099121094,112.59770202636719,30
1787122313,482767356,,ui,0.0,0.0,0.0,0
1787122314,482394538,,esp32,100.00169372558594,120.49559783935547,240.07534790039062,30
1787122314,482697526,,lidar,99.27987670898438,108.37889099121094,112.59770202636719,30
1787122314,482712610,,ui,0.0,0.0,0.0,0
1787122315,482455614,,esp32,100.00169372558594,120.49559783935547,240.07534790039062,30
1787122315,482760038,,lidar,99.29251861572266,107.52439880371094,110.27073669433594,30
1787122315,482773879,,ui,0.0,0.0,0.0,0
1787122316,482117111,,esp32,100.00466918945312,120.49559783935547,240.07534790039062,30
1787122316,482466482,,lidar,99.29251861572266,107.52439880371094,110.27073669433594,30
1787122316,482489122,,ui,0.0,0.0,0.0,0
1787122317,482318010,,esp32,100.00169372558594,120.49559783935547,240.07534790039062,30
1787122317,482689940,,lidar,99.29656982421875,107.52439880371094,110.27073669433594,30
1787122317,482712815,,ui,0.0,0.0,0.0,0
1787122318,482053586,,esp32,100.00466918945312,120.49559783935547,240.07534790039062,30
1787122318,482463164,,lidar,99.29656982421875,107.52439880371094,110.27073669433594,30
1787122318,482490699,,ui,0.0,0.0,0.0,0
1787122319,482073531,,esp32,100.0071792602539,120.49559783935547,240.07534790039062,30
1787122319,482393994,,lidar,99.30443572998047,107.52439880371094,110.27073669433594,30
1787122319,482410334,,ui,0.0,0.0,0.0,0
1787122320,482043101,,esp32,99.99811553955078,120.49539947509766,240.07534790039062,30
1787122320,482361760,,lidar,99.29656982421875,107.52439880371094,110.27073669433594,30
1787122320,482377684,,ui,0.0,0.0,0.0,0
1787122321,482079639,,esp32,100.00169372558594,120.49539947509766,240.07534790039062,30
1787122321,482490263,,lidar,99.29656982421875,106.33087158203125,110.27073669433594,30
1787122321,482516139,,ui,0.0,0.0,0.0,0
1787122322,481971236,,esp32,99.99811553955078,120.49539947509766,240.07534790039062,30
1787122322,482328219,,lidar,99.29680633544922,106.33087158203125,110.27073669433594,30
1787122322,482350762,,ui,0.0,0.0,0.0,0
1787122323,481959779,,esp32,99.99811553955078,120.49539947509766,240.07534790039062,30
1787122323,482310792,,lidar,99.30181884765625,106.33087158203125,110.27073669433594,30
1787122323,482330010,,ui,0.0,0.0,0.0,0
1787122324,481876544,,esp32,99.99334716796875,120.49539947509766,240.07534790039062,30
1787122324,482183002,,lidar,99.29609680175781,106.33087158203125,110.27073669433594,30
1787122324,482196840,,ui,0.0,0.0,0.0,0
1787122325,481715150,,esp32,99.99263000488281,120.35260772705078,120.55062866210938,30
1787122325,482024306,,lidar,99.29120635986328,106.16016387939453,110.27073669433594,30
1787122325,482037812,,ui,0.0,0.0,0.0,0
1787122326,481706669,,esp32,99.99311065673828,120.35260772705078,120.55062866210938,30
1787122326,482043153,,lidar,99.29120635986328,106.16016387939453,110.27073669433594,30
1787122326,482062939,,ui,0.0,0.0,0.0,0
1787122327,481735421,,esp32,99.98655700683594,120.35260772705078,120.55062866210938,30
1787122327,482053226,,lidar,99.28822326660156,106.16016387939453,110.27073669433594,30
1787122327,482068434,,ui,0.0,0.0,0.0,0
1787122328,481680160,,esp32,99.98368835449219,120.35260772705078,120.55062866210938,30
1787122328,481985719,,lidar,99.29120635986328,104.16307067871094,110.27073669433594,30
1787122328,482000107,,ui,0.0,0.0,0.0,0
1787122329,481588289,,esp32,99.98870086669922,120.35260772705078,120.55062866210938,30
1787122329,481997594,,lidar,99.29275512695312,104.16307067871094,110.27073669433594,30
1787122329,482015043,,ui,0.0,0.0,0.0,0
1787122330,481568401,,esp32,99.9797592163086,120.35260772705078,120.55062866210938,30
1787122330,481903780,,lidar,99.29120635986328,104.16307067871094,110.27073669433594,30
1787122330,481926039,,ui,0.0,0.0,0.0,0
1787122331,481584763,,esp32,99.9808349609375,120.35260772705078,120.55062866210938,30
1787122331,482105793,,lidar,99.29454040527344,104.01473999023438,110.27073669433594,30
1787122331,482146856,,ui,0.0,0.0,0.0,0
1787122332,481450795,,esp32,99.98345184326172,120.35260772705078,120.55062866210938,30
1787122332,481761943,,lidar,99.2989501953125,103.96907043457031,110.27073669433594,30
1787122332,481777361,,ui,0.0,0.0,0.0,0
1787122333,481427076,,esp32,99.98870086669922,120.35260772705078,120.55062866210938,30
1787122333,481732082,,lidar,99.3031234741211,103.87158966064453,110.27073669433594,30
1787122333,481746806,,ui,0.0,0.0,0.0,0
1787122334,481362459,,esp32,99.98870086669922,120.35260772705078,120.55062866210938,30
1787122334,481701537,,lidar,99.30670166015625,103.85811614990234,110.27073669433594,30
1787122334,481720917,,ui,0.0,0.0,0.0,0
1787122335,481220970,,esp32,99.99215698242188,120.35260772705078,120.55062866210938,30
1787122335,481518701,,lidar,99.3031234741211,103.80097198486328,104.01344299316406,30
1787122335,481533145,,ui,0.0,0.0,0.0,0
1787122336,481241414,,esp32,99.98870086669922,120.34376525878906,120.55062866210938,30
1787122336,481579574,,lidar,99.3031234741211,103.80097198486328,104.01344299316406,30
1787122336,481599608,,ui,0.0,0.0,0.0,0
1787122337,481175290,,esp32,99.99311065673828,120.34376525878906,120.55062866210938,30
1787122337,481514502,,lidar,99.30670166015625,103.84466552734375,105.85189056396484,30
1787122337,481534420,,ui,0.0,0.0,0.0,0
1787122338,481138374,,esp32,99.99215698242188,120.34376525878906,120.55062866210938,30
1787122338,481445611,,lidar,99.30670166015625,103.80097198486328,105.85189056396484,30
1787122338,481460698,,ui,0.0,0.0,0.0,0
1787122339,481076680,,esp32,99.99311065673828,120.27239990234375,120.55062866210938,30
1787122339,481404914,,lidar,99.31195068359375,103.80097198486328,105.85189056396484,30
1787122339,481419778,,ui,0.0,0.0,0.0,0
1787122340,480976757,,esp32,99.98965454101562,120.34376525878906,120.59664916992188,30
1787122340,481292962,,lidar,99.31898498535156,103.80097198486328,105.85189056396484,30
1787122340,481308136,,ui,0.0,0.0,0.0,0
1787122341,480952294,,esp32,99.99311065673828,120.34376525878906,120.59664916992188,30
1787122341,481280611,,lidar,99.32124328613281,103.80097198486328,105.85189056396484,30
1787122341,481296138,,ui,0.0,0.0,0.0,0
1787122342,480729180,,esp32,99.99251556396484,120.34376525878906,120.59664916992188,30
1787122342,481053638,,lidar,99.32565307617188,103.84466552734375,105.85189056396484,30
1787122342,481062338,,ui,0.0,0.0,0.0,0
1787122343,480829414,,esp32,99.99251556396484,120.34376525878906,120.59664916992188,30
1787122343,481154988,,lidar,99.33590698242188,103.87081146240234,105.85189056396484,30
1787122343,481169379,,ui,0.0,0.0,0.0,0
1787122344,480828682,,esp32,99.98965454101562,120.34376525878906,120.59664916992188,30
1787122344,481161133,,lidar,99.33590698242188,103.87081146240234,105.85189056396484,30
1787122344,481176213,,ui,0.0,0.0,0.0,0
1787122345,480738579,,esp32,99.98965454101562,120.35210418701172,120.59664916992188,30
1787122345,481074963,,lidar,99.33078002929688,103.87081146240234,105.85189056396484,30
1787122345,481090276,,ui,0.0,0.0,0.0,0
1787122346,480704716,,esp32,99.9867935180664,120.41360473632812,643.3289184570312,30
1787122346,481103775,,lidar,99.32136535644531,103.94621276855469,661.7405395507812,30
1787122346,481130862,,ui,0.0,0.0,0.0,0
1787122347,480757995,,esp32,99.98774719238281,120.55339050292969,643.3289184570312,30
1787122347,481328104,,lidar,99.32565307617188,103.94096374511719,661.7405395507812,30
1787122347,481374204,,ui,0.0,0.0,0.0,0
1787122348,480369115,,esp32,99.98583984375,120.55339050292969,643.3289184570312,30
1787122348,480686653,,lidar,99.33078002929688,103.94096374511719,661.7405395507812,30
1787122348,480703257,,ui,0.0,0.0,0.0,0
1787122349,480629304,,esp32,99.98583984375,120.55339050292969,643.3289184570312,30
1787122349,481157086,,lidar,99.34544372558594,103.94621276855469,661.7405395507812,30
1787122349,481194019,,ui,0.0,0.0,0.0,0
1787122350,480620056,,esp32,99.99346923828125,120.41780090332031,643.3289184570312,30
1787122350,481190053,,lidar,99.35152435302734,103.94096374511719,661.7405395507812,30
1787122350,481236587,,ui,0.0,0.0,0.0,0
1787122351,480463247,,esp32,99.99394226074219,120.46307373046875,643.3289184570312,30
1787122351,480894537,,lidar,99.35152435302734,104.39768981933594,661.7405395507812,30
1787122351,480924365,,ui,0.0,0.0,0.0,0
1787122352,480411496,,esp32,99.995849609375,120.46307373046875,643.3289184570312,30
1787122352,480942849,,lidar,99.34711456298828,104.39768981933594,661.7405395507812,30
1787122352,480983873,,ui,0.0,0.0,0.0,0
1787122353,480319299,,esp32,99.99656677246094,120.46307373046875,643.3289184570312,30
1787122353,480790230,,lidar,99.33590698242188,104.39768981933594,661.7405395507812,30
1787122353,480821825,,ui,0.0,0.0,0.0,0
1787122354,480275452,,esp32,99.99894714355469,120.46307373046875,643.3289184570312,30
1787122354,480751109,,lidar,99.35152435302734,104.39768981933594,661.7405395507812,30
1787122354,480785374,,ui,0.0,0.0,0.0,0
1787122355,480223185,,esp32,100.00372314453125,120.46307373046875,643.3289184570312,30
1787122355,480807877,,lidar,99.35855865478516,104.39768981933594,661.7405395507812,30
1787122355,480850986,,ui,0.0,0.0,0.0,0
1787122356,480277844,,esp32,100.00372314453125,120.46875762939453,643.3289184570312,30
1787122356,480819509,,lidar,99.35807800292969,104.40086364746094,661.7405395507812,30
1787122356,480866965,,ui,0.0,0.0,0.0,0
1787122357,480039909,,esp32,100.00563049316406,129.79443359375,643.3289184570312,30
1787122357,480431772,,lidar,99.3447265625,104.4743881225586,661.7405395507812,30
1787122357,480454282,,ui,0.0,0.0,0.0,0
1787122358,480133301,,esp32,100.006103515625,129.79443359375,643.3289184570312,30
1787122358,480551745,,lidar,99.34210968017578,105.85691833496094,661.7405395507812,30
1787122358,480579439,,ui,0.0,0.0,0.0,0
1787122359,480014585,,esp32,100.00563049316406,129.79443359375,643.3289184570312,30
1787122359,480326092,,lidar,99.34210968017578,105.85691833496094,661.7405395507812,30
1787122359,480340372,,ui,0.0,0.0,0.0,0
1787122360,479856370,,esp32,100.00563049316406,129.79443359375,643.3289184570312,30
1787122360,480203036,,lidar,99.34210968017578,105.85691833496094,661.7405395507812,30
1787122360,480216452,,ui,0.0,0.0,0.0,0
1787122361,479808947,,esp32,100.00563049316406,129.79443359375,643.3289184570312,30
1787122361,480130806,,lidar,99.33781433105469,105.85691833496094,661.7405395507812,30
1787122361,480143895,,ui,0.0,0.0,0.0,0
1787122362,479822405,,esp32,100.00228881835938,129.79443359375,643.3289184570312,30
1787122362,480141608,,lidar,99.34711456298828,105.85691833496094,661.7405395507812,30
1787122362,480156516,,ui,0.0,0.0,0.0,0
1787122363,479852858,,esp32,99.99966430664062,129.79443359375,643.3289184570312,30
1787122363,480173648,,lidar,99.33590698242188,105.85691833496094,661.7405395507812,30
1787122363,480189150,,ui,0.0,0.0,0.0,0
1787122364,479815869,,esp32,99.99752044677734,129.79443359375,643.3289184570312,30
1787122364,480157345,,lidar,99.33590698242188,105.85691833496094,661.7405395507812,30
1787122364,480172627,,ui,0.0,0.0,0.0,0
1787122365,479738402,,esp32,99.99894714355469,129.79443359375,643.3289184570312,30
1787122365,480281341,,lidar,99.3447265625,105.85691833496094,661.7405395507812,30
1787122365,480320898,,ui,0.0,0.0,0.0,0
1787122366,479601126,,esp32,100.0001449584961,129.79443359375,643.3289184570312,30
1787122366,479940012,,lidar,99.3447265625,105.85691833496094,661.7405395507812,30
1787122366,479955124,,ui,0.0,0.0,0.0,0
1787122367,479658767,,esp32,100.0001449584961,129.79443359375,643.3289184570312,30
1787122367,480204784,,lidar,99.34639739990234,104.47942352294922,661.7405395507812,30
1787122367,480243511,,ui,0.0,0.0,0.0,0
1787122368,479561464,,esp32,100.00563049316406,129.79443359375,643.3289184570312,30
1787122368,479865522,,lidar,99.34806823730469,104.47942352294922,661.7405395507812,30
1787122368,479879538,,ui,0.0,0.0,0.0,0
1787122369,479408104,,esp32,100.00228881835938,129.79443359375,643.3289184570312,30
1787122369,479729998,,lidar,99.3447265625,104.47942352294922,661.7405395507812,30
1787122369,479742850,,ui,0.0,0.0,0.0,0
1787122370,479452863,,esp32,100.00563049316406,129.66371154785156,643.3289184570312,30
1787122370,479763870,,lidar,99.32720947265625,104.47942352294922,661.7405395507812,30
1787122370,479777700,,ui,0.0,0.0,0.0,0
1787122371,479567677,,esp32,100.00563049316406,129.66371154785156,643.3289184570312,30
1787122371,480098449,,lidar,99.3202896118164,104.47942352294922,661.7405395507812,30
1787122371,480137347,,ui,0.0,0.0,0.0,0
1787122372,479425984,,esp32,100.00563049316406,129.66371154785156,643.3289184570312,30
1787122372,479755377,,lidar,99.3202896118164,104.41664123535156,661.7405395507812,30
1787122372,479770407,,ui,0.0,0.0,0.0,0
1787122373,479247890,,esp32,100.00563049316406,129.66371154785156,643.3289184570312,30
1787122373,479577921,,lidar,99.3235092163086,104.41664123535156,661.7405395507812,30
1787122373,479591101,,ui,0.0,0.0,0.0,0
1787122374,479254035,,esp32,100.00563049316406,129.66371154785156,643.3289184570312,30
1787122374,479602156,,lidar,99.3235092163086,104.41664123535156,661.7405395507812,30
1787122374,479616550,,ui,0.0,0.0,0.0,0
1787122375,479192626,,esp32,100.00824737548828,129.66371154785156,643.3289184570312,30
1787122375,479499002,,lidar,99.31206512451172,104.41664123535156,661.7405395507812,30
1787122375,479512887,,ui,0.0,0.0,0.0,0
1787122376,479289354,,esp32,100.00824737548828,120.46485137939453,580.372802734375,30
1787122376,479737104,,lidar,99.32327270507812,103.8725357055664,589.140625,30
1787122376,479761131,,ui,0.0,0.0,0.0,0
1787122377,479063039,,esp32,100.00908660888672,120.43697357177734,580.372802734375,30
1787122377,479374523,,lidar,99.32518005371094,103.87187957763672,589.140625,30
1787122377,479387934,,ui,0.0,0.0,0.0,0
1787122378,479156533,,esp32,100.01087188720703,120.43697357177734,580.372802734375,30
1787122378,479564658,,lidar,99.32374572753906,103.84822082519531,589.140625,30
1787122378,479594599,,ui,0.0,0.0,0.0,0
1787122379,478964056,,esp32,100.01277923583984,120.43697357177734,580.372802734375,30
1787122379,479316174,,lidar,99.3082504272461,103.9571762084961,589.140625,30
1787122379,479336598,,ui,0.0,0.0,0.0,0
1787122380,479013413,,esp32,100.01242065429688,120.43697357177734,580.372802734375,30
1787122380,479361804,,lidar,99.3052749633789,104.29344177246094,589.140625,30
1787122380,479381557,,ui,0.0,0.0,0.0,0
1787122381,478930428,,esp32,100.00920104980469,120.31246948242188,580.372802734375,30
1787122381,479265547,,lidar,99.31242370605469,103.96052551269531,589.140625,30
1787122381,479283660,,ui,0.0,0.0,0.0,0
1787122382,478912467,,esp32,100.01087188720703,120.31246948242188,580.372802734375,30
1787122382,479266346,,lidar,99.30860900878906,103.96052551269531,589.140625,30
1787122382,479286323,,ui,0.0,0.0,0.0,0
1787122383,478886173,,esp32,100.01004028320312,120.40382385253906,580.372802734375,30
1787122383,479171756,,lidar,99.30860900878906,103.96052551269531,589.140625,30
1787122383,479184505,,ui,0.0,0.0,0.0,0
1787122384,478847177,,esp32,100.01004028320312,120.40382385253906,580.372802734375,30
1787122384,479223509,,lidar,99.3043212890625,103.96052551269531,589.140625,30
1787122384,479240171,,ui,0.0,0.0,0.0,0
1787122385,478742435,,esp32,100.0121841430664,120.40382385253906,580.372802734375,30
1787122385,478978521,,lidar,99.3052749633789,104.1434555053711,589.140625,30
1787122385,478989767,,ui,0.0,0.0,0.0,0
1787122386,478870097,,esp32,100.0113525390625,120.40187072753906,580.372802734375,30
1787122386,479417206,,lidar,99.30443572998047,104.13455963134766,589.140625,30
1787122386,479456549,,ui,0.0,0.0,0.0,0
1787122387,478724140,,esp32,100.01004028320312,120.30957794189453,120.71204376220703,30
1787122387,479105738,,lidar,99.30860900878906,104.1434555053711,106.35519409179688,30
1787122387,479121480,,ui,0.0,0.0,0.0,0
1787122388,478804454,,esp32,100.00920104980469,120.30957794189453,120.71204376220703,30
1787122388,479353938,,lidar,99.3052749633789,103.95902252197266,106.00638580322266,30
1787122388,479392861,,ui,0.0,0.0,0.0,0
1787122389,478648986,,esp32,100.01004028320312,120.24042510986328,120.71204376220703,30
1787122389,478974729,,lidar,99.31242370605469,103.95902252197266,106.00638580322266,30
1787122389,478989723,,ui,0.0,0.0,0.0,0
1787122390,478603807,,esp32,100.01004028320312,120.24042510986328,120.71204376220703,30
1787122390,478940200,,lidar,99.30860900878906,103.95902252197266,106.00638580322266,30
1787122390,478956371,,ui,0.0,0.0,0.0,0
1787122391,478510284,,esp32,100.00920104980469,120.24042510986328,120.71204376220703,30
1787122391,478839951,,lidar,99.30860900878906,103.95902252197266,106.00638580322266,30
1787122391,478855580,,ui,0.0,0.0,0.0,0
1787122392,478584243,,esp32,100.00920104980469,120.24042510986328,120.71204376220703,30
1787122392,478932863,,lidar,99.31242370605469,103.95902252197266,106.00638580322266,30
1787122392,478949468,,ui,0.0,0.0,0.0,0
1787122393,478398626,,esp32,100.01004028320312,120.24042510986328,120.71204376220703,30
1787122393,478734510,,lidar,99.32231903076172,103.95902252197266,106.00638580322266,30
1787122393,478749313,,ui,0.0,0.0,0.0,0
1787122394,478436975,,esp32,100.0121841430664,120.23572540283203,120.71204376220703,30
1787122394,478800089,,lidar,99.32064819335938,104.12613677978516,106.00638580322266,30
1787122394,478815824,,ui,0.0,0.0,0.0,0
1787122395,478354048,,esp32,100.0113525390625,120.23572540283203,120.71204376220703,30
1787122395,478695627,,lidar,99.31707763671875,104.12613677978516,106.00638580322266,30
1787122395,478713079,,ui,0.0,0.0,0.0,0
1787122396,478249952,,esp32,100.0121841430664,120.23572540283203,120.71204376220703,30
1787122396,478592412,,lidar,99.30860900878906,104.12613677978516,106.00638580322266,30
1787122396,478606590,,ui,0.0,0.0,0.0,0
1787122397,478230300,,esp32,100.0121841430664,120.23572540283203,120.71204376220703,30
1787122397,478737237,,lidar,99.30718231201172,104.12613677978516,106.00638580322266,30
1787122397,478772466,,ui,0.0,0.0,0.0,0
1787122398,478298777,,esp32,100.00944519042969,120.24136352539062,120.71204376220703,30
1787122398,478856277,,lidar,99.30718231201172,104.12613677978516,106.00638580322266,30
1787122398,478897230,,ui,0.0,0.0,0.0,0
1787122399,477920016,,esp32,100.00884246826172,120.23735046386719,120.71204376220703,30
1787122399,478294996,,lidar,99.30896759033203,104.1259765625,106.00638580322266,30
1787122399,478311011,,ui,0.0,0.0,0.0,0
1787122400,477834576,,esp32,100.00169372558594,120.23735046386719,120.71204376220703,30
1787122400,478125353,,lidar,99.30038452148438,104.14195251464844,106.00638580322266,30
1787122400,478139147,,ui,0.0,0.0,0.0,0
1787122401,477855126,,esp32,100.00169372558594,120.40388488769531,120.71204376220703,30
1787122401,478205756,,lidar,99.30896759033203,104.29238891601562,109.18951416015625,30
1787122401,478223706,,ui,0.0,0.0,0.0,0
1787122402,477598731,,esp32,100.00884246826172,120.40388488769531,120.71204376220703,30
1787122402,477750928,,lidar,99.29180145263672,104.32791900634766,129.11700439453125,30
1787122402,477758042,,ui,0.0,0.0,0.0,0
1787122403,477680035,,esp32,100.00646209716797,120.40388488769531,120.71204376220703,30
1787122403,478005966,,lidar,99.29108428955078,104.32791900634766,129.11700439453125,30
1787122403,478022085,,ui,0.0,0.0,0.0,0
1787122404,477848771,,esp32,100.00169372558594,120.40388488769531,120.71204376220703,30
1787122404,478200856,,lidar,99.29108428955078,104.32791900634766,129.11700439453125,30
1787122404,478220716,,ui,0.0,0.0,0.0,0
1787122405,477864833,,esp32,99.99620819091797,120.40388488769531,120.71204376220703,30
1787122405,478218348,,lidar,99.30038452148438,104.32791900634766,129.11700439453125,30
1787122405,478238250,,ui,0.0,0.0,0.0,0
1787122406,477867708,,esp32,99.99716186523438,120.29895782470703,120.51438903808594,30
1787122406,478249404,,lidar,99.29013061523438,104.32791900634766,129.11700439453125,30
1787122406,478310143,,ui,0.0,0.0,0.0,0
1787122407,477713708,,esp32,99.99716186523438,120.29895782470703,120.51438903808594,30
1787122407,478091173,,lidar,99.29013061523438,104.32791900634766,129.11700439453125,30
1787122407,478109267,,ui,0.0,0.0,0.0,0
1787122408,477569393,,esp32,99.99859619140625,120.29895782470703,120.51438903808594,30
1787122408,477887910,,lidar,99.28250122070312,104.32791900634766,129.11700439453125,30
1787122408,477902828,,ui,0.0,0.0,0.0,0
1787122409,477635767,,esp32,99.99716186523438,120.40388488769531,120.81980895996094,30
1787122409,477974718,,lidar,99.273681640625,104.32791900634766,129.11700439453125,30
1787122409,477989869,,ui,0.0,0.0,0.0,0
1787122410,477547321,,esp32,99.99764251708984,120.40388488769531,120.81980895996094,30
1787122410,477864447,,lidar,99.28917694091797,104.32791900634766,129.11700439453125,30
1787122410,477879305,,ui,0.0,0.0,0.0,0
1787122411,477567309,,esp32,99.99764251708984,120.40388488769531,120.81980895996094,30
1787122411,477905188,,lidar,99.28250122070312,104.32791900634766,129.11700439453125,30
1787122411,477922086,,ui,0.0,0.0,0.0,0
1787122412,477476209,,esp32,99.99620819091797,120.40602111816406,120.81980895996094,30
1787122412,477819169,,lidar,99.29013061523438,104.36148834228516,129.11700439453125,30
1787122412,477839368,,ui,0.0,0.0,0.0,0
1787122413,477491302,,esp32,99.99620819091797,120.3254623413086,120.81980895996094,30
1787122413,477844823,,lidar,99.28917694091797,106.00638580322266,589.0894165039062,30
1787122413,477863370,,ui,0.0,0.0,0.0,0
1787122414,477438231,,esp32,99.99620819091797,120.3466567993164,120.81980895996094,30
1787122414,477791148,,lidar,99.28250122070312,106.00638580322266,589.0894165039062,30
1787122414,477811044,,ui,0.0,0.0,0.0,0
1787122415,477403666,,esp32,99.99334716796875,120.51090240478516,2525.10546875,30
1787122415,477728513,,lidar,99.27344512939453,106.00638580322266,589.0894165039062,30
1787122415,477743867,,ui,0.0,0.0,0.0,0
1787122416,477208672,,esp32,99.99716186523438,120.51090240478516,2525.10546875,30
1787122416,477522443,,lidar,99.273681640625,106.00638580322266,589.0894165039062,30
1787122416,477535999,,ui,0.0,0.0,0.0,0
1787122417,477276120,,esp32,99.99418640136719,120.51090240478516,2525.10546875,30
1787122417,477607521,,lidar,99.28250122070312,106.36734771728516,589.0894165039062,30
1787122417,477623560,,ui,0.0,0.0,0.0,0
1787122418,477213778,,esp32,99.99716186523438,120.51090240478516,2525.10546875,30
1787122418,477548940,,lidar,99.28846740722656,106.36734771728516,589.0894165039062,30
1787122418,477563432,,ui,0.0,0.0,0.0,0
1787122419,477258517,,esp32,100.00074005126953,120.54421997070312,2525.10546875,30
1787122419,477577424,,lidar,99.273681640625,106.36734771728516,589.0894165039062,30
1787122419,477590988,,ui,0.0,0.0,0.0,0
1787122420,476908832,,esp32,99.99800109863281,120.54292297363281,2525.10546875,30
1787122420,477223102,,lidar,99.273681640625,109.18951416015625,589.0894165039062,30
1787122420,477236196,,ui,0.0,0.0,0.0,0
1787122421,476962912,,esp32,100.00419616699219,120.54421997070312,2525.10546875,30
1787122421,477421157,,lidar,99.28250122070312,118.8700180053711,589.0894165039062,30
1787122421,477450198,,ui,0.0,0.0,0.0,0
1787122422,477088133,,esp32,100.00074005126953,120.54421997070312,2525.10546875,30
1787122422,477488201,,lidar,99.28083801269531,118.8700180053711,589.0894165039062,30
1787122422,477508919,,ui,0.0,0.0,0.0,0
1787122423,477006170,,esp32,100.00074005126953,120.54421997070312,2525.10546875,30
1787122423,477395531,,lidar,99.28107452392578,118.8700180053711,589.0894165039062,30
1787122423,477416750,,ui,0.0,0.0,0.0,0
1787122424,476857691,,esp32,100.00074005126953,120.54421997070312,2525.10546875,30
1787122424,477219766,,lidar,99.28107452392578,118.8700180053711,589.0894165039062,30
1787122424,477237409,,ui,0.0,0.0,0.0,0
1787122425,476996314,,esp32,100.00443267822266,120.54421997070312,2525.10546875,30
1787122425,477349919,,lidar,99.28107452392578,118.8700180053711,589.0894165039062,30
1787122425,477364926,,ui,0.0,0.0,0.0,0
1787122426,476877885,,esp32,100.00383758544922,120.54421997070312,2525.10546875,30
1787122426,477313873,,lidar,99.28917694091797,118.8700180053711,589.0894165039062,30
1787122426,477334744,,ui,0.0,0.0,0.0,0
1787122427,476918828,,esp32,100.00443267822266,120.68450927734375,2525.10546875,30
1787122427,477320472,,lidar,99.29013061523438,118.8700180053711,589.0894165039062,30
1787122427,477342424,,ui,0.0,0.0,0.0,0
1787122428,476821248,,esp32,100.00443267822266,120.68450927734375,2525.10546875,30
1787122428,477212417,,lidar,99.29633331298828,118.8700180053711,589.0894165039062,30
1787122428,477233153,,ui,0.0,0.0,0.0,0
1787122429,476566395,,esp32,100.00466918945312,120.68274688720703,2525.10546875,30
1787122429,476910564,,lidar,99.3051528930664,118.8700180053711,589.0894165039062,30
1787122429,476926537,,ui,0.0,0.0,0.0,0
1787122430,476699415,,esp32,100.00443267822266,120.68450927734375,2525.10546875,30
1787122430,477055307,,lidar,99.30563354492188,118.97248840332031,589.0894165039062,30
1787122430,477070023,,ui,0.0,0.0,0.0,0
1787122431,476716766,,esp32,100.00443267822266,120.68450927734375,2525.10546875,30
1787122431,477340661,,lidar,99.30074310302734,118.97248840332031,589.0894165039062,30
1787122431,477376761,,ui,0.0,0.0,0.0,0
1787122432,476496880,,esp32,100.00586700439453,120.68450927734375,2525.10546875,30
1787122432,476881579,,lidar,99.30657958984375,106.49237823486328,589.0894165039062,30
1787122432,476894937,,ui,0.0,0.0,0.0,0
1787122433,476595180,,esp32,100.00443267822266,120.68450927734375,2525.10546875,30
1787122433,477163770,,lidar,99.30074310302734,106.49237823486328,589.0894165039062,30
1787122433,477203610,,ui,0.0,0.0,0.0,0
1787122434,476467759,,esp32,100.0071792602539,120.68450927734375,2525.10546875,30
1787122434,476789994,,lidar,99.30657958984375,106.49237823486328,589.0894165039062,30
1787122434,476804270,,ui,0.0,0.0,0.0,0
1787122435,476426319,,esp32,100.00788879394531,120.68450927734375,2525.10546875,30
1787122435,476747545,,lidar,99.30657958984375,106.49237823486328,589.0894165039062,30
1787122435,476761654,,ui,0.0,0.0,0.0,0
1787122436,476484670,,esp32,100.00741577148438,120.68450927734375,2525.10546875,30
1787122436,476825773,,lidar,99.30956268310547,106.49237823486328,589.0894165039062,30
1787122436,476839279,,ui,0.0,0.0,0.0,0
1787122437,476408457,,esp32,100.00741577148438,120.68450927734375,2525.10546875,30
1787122437,476757286,,lidar,99.30074310302734,106.49237823486328,589.0894165039062,30
1787122437,476771487,,ui,0.0,0.0,0.0,0
1787122438,476170804,,esp32,100.0070571899414,120.69329071044922,2525.10546875,30
1787122438,476572725,,lidar,99.29633331298828,119.12189483642578,635.8220825195312,30
1787122438,476599264,,ui,0.0,0.0,0.0,0
1787122439,476307904,,esp32,100.00682067871094,127.2188949584961,2525.10546875,30
1787122439,476662898,,lidar,99.29633331298828,119.12189483642578,635.8220825195312,30
1787122439,476678064,,ui,0.0,0.0,0.0,0
1787122440,476294778,,esp32,100.00550842285156,127.02552032470703,2525.10546875,30
1787122440,476915575,,lidar,99.28846740722656,119.12189483642578,635.8220825195312,30
1787122440,476954193,,ui,0.0,0.0,0.0,0
1787122441,476212052,,esp32,100.00682067871094,127.2188949584961,2525.10546875,30
1787122441,476536783,,lidar,99.28846740722656,119.12189483642578,635.8220825195312,30
1787122441,476550553,,ui,0.0,0.0,0.0,0
1787122442,476219532,,esp32,100.00753784179688,126.83213806152344,2525.10546875,30
1787122442,476594679,,lidar,99.29633331298828,118.8700180053711,635.8220825195312,30
1787122442,476611646,,ui,0.0,0.0,0.0,0
1787122443,476043840,,esp32,100.00753784179688,124.89837646484375,2525.10546875,30
1787122443,476535668,,lidar,99.3051528930664,106.88352966308594,635.8220825195312,30
1787122443,476573434,,ui,0.0,0.0,0.0,0
1787122444,475908639,,esp32,100.00920104980469,122.96461486816406,2525.10546875,30
1787122444,476405193,,lidar,99.31326293945312,106.88352966308594,635.8220825195312,30
1787122444,476442324,,ui,0.0,0.0,0.0,0
1787122445,475919790,,esp32,100.01039123535156,120.5129623413086,1482.728515625,30
1787122445,476235433,,lidar,99.31326293945312,107.19755554199219,635.8220825195312,30
1787122445,476247576,,ui,0.0,0.0,0.0,0
1787122446,475719341,,esp32,100.00872802734375,120.511474609375,1482.728515625,30
1787122446,476035459,,lidar,99.3194580078125,107.19755554199219,635.8220825195312,30
1787122446,476048618,,ui,0.0,0.0,0.0,0
1787122447,475848964,,esp32,100.00920104980469,120.5129623413086,1482.728515625,30
1787122447,476235917,,lidar,99.3051528930664,107.19755554199219,635.8220825195312,30
1787122447,476250748,,ui,0.0,0.0,0.0,0
1787122448,476006974,,esp32,100.00920104980469,120.5129623413086,1482.728515625,30
1787122448,476558023,,lidar,99.3194580078125,107.19755554199219,635.8220825195312,30
1787122448,476586434,,ui,0.0,0.0,0.0,0
1787122449,475614743,,esp32,100.0069351196289,120.33509063720703,1482.728515625,30
1787122449,475890825,,lidar,99.3194580078125,107.19755554199219,635.8220825195312,30
1787122449,475904080,,ui,0.0,0.0,0.0,0
1787122450,475981051,,esp32,100.00729370117188,120.33868408203125,1482.728515625,30
1787122450,476632197,,lidar,99.3194580078125,106.64531707763672,635.8220825195312,30
1787122450,476672805,,ui,0.0,0.0,0.0,0
1787122451,475769233,,esp32,100.0070571899414,120.33688354492188,1482.728515625,30
1787122451,476123506,,lidar,99.30706024169922,105.95104217529297,635.8220825195312,30
1787122451,476137901,,ui,0.0,0.0,0.0,0
1787122452,475703362,,esp32,100.01468658447266,120.33688354492188,1482.728515625,30
1787122452,476053284,,lidar,99.30706024169922,105.95104217529297,635.8220825195312,30
1787122452,476069776,,ui,0.0,0.0,0.0,0
1787122453,475569123,,esp32,100.01468658447266,120.33688354492188,1482.728515625,30
1787122453,475937849,,lidar,99.29633331298828,106.64531707763672,635.8220825195312,30
1787122453,475951596,,ui,0.0,0.0,0.0,0
1787122454,475670462,,esp32,100.01468658447266,120.33688354492188,1482.728515625,30
1787122454,476038820,,lidar,99.30706024169922,106.64531707763672,635.8220825195312,30
1787122454,476053151,,ui,0.0,0.0,0.0,0
1787122455,475467021,,esp32,100.00682067871094,120.33688354492188,1482.728515625,30
1787122455,475808297,,lidar,99.30706024169922,106.64531707763672,635.8220825195312,30
1787122455,475827944,,ui,0.0,0.0,0.0,0
1787122456,475435566,,esp32,100.00682067871094,120.33688354492188,1482.728515625,30
1787122456,475762300,,lidar,99.2889404296875,106.95988464355469,635.8220825195312,30
1787122456,475777017,,ui,0.0,0.0,0.0,0
1787122457,475518911,,esp32,99.99775695800781,120.33688354492188,1482.728515625,30
1787122457,475871295,,lidar,99.29228210449219,106.95988464355469,635.8220825195312,30
1787122457,475886943,,ui,0.0,0.0,0.0,0
1787122458,475487398,,esp32,100.00682067871094,120.33688354492188,1482.728515625,30
1787122458,475843961,,lidar,99.2889404296875,106.95988464355469,635.8220825195312,30
1787122458,475859571,,ui,0.0,0.0,0.0,0
1787122459,475235172,,esp32,100.00682067871094,120.33688354492188,1482.728515625,30
1787122459,475524054,,lidar,99.28656005859375,106.95988464355469,635.8220825195312,30
1787122459,475536006,,ui,0.0,0.0,0.0,0
1787122460,475339135,,esp32,100.01492309570312,120.33688354492188,1482.728515625,30
1787122460,475692448,,lidar,99.2889404296875,106.95988464355469,635.8220825195312,30
1787122460,475708868,,ui,0.0,0.0,0.0,0
1787122461,475479833,,esp32,100.01492309570312,120.33100891113281,1482.728515625,30
1787122461,476072790,,lidar,99.28656005859375,107.09245300292969,635.8220825195312,30
1787122461,476107199,,ui,0.0,0.0,0.0,0
1787122462,475071411,,esp32,100.01170349121094,125.65056610107422,1482.728515625,30
1787122462,475397944,,lidar,99.28656005859375,107.09245300292969,635.8220825195312,30
1787122462,475409366,,ui,0.0,0.0,0.0,0
1787122463,475301938,,esp32,100.01492309570312,125.65056610107422,1482.728515625,30
1787122463,475666587,,lidar,99.2889404296875,107.09245300292969,635.8220825195312,30
1787122463,475684885,,ui,0.0,0.0,0.0,0
1787122464,475115960,,esp32,100.01492309570312,125.65056610107422,1482.728515625,30
1787122464,475476563,,lidar,99.28656005859375,107.09245300292969,635.8220825195312,30
1787122464,475491644,,ui,0.0,0.0,0.0,0
1787122465,475087766,,esp32,100.01170349121094,125.65056610107422,1482.728515625,30
1787122465,475414462,,lidar,99.28572082519531,107.09245300292969,635.8220825195312,30
1787122465,475428356,,ui,0.0,0.0,0.0,0
1787122466,475095146,,esp32,100.01170349121094,125.65056610107422,1482.728515625,30
1787122466,475490122,,lidar,99.2889404296875,107.09245300292969,635.8220825195312,30
1787122466,475511693,,ui,0.0,0.0,0.0,0
1787122467,475055710,,esp32,100.00729370117188,125.65056610107422,1482.728515625,30
1787122467,475449720,,lidar,99.29287719726562,107.09245300292969,635.8220825195312,30
1787122467,475469167,,ui,0.0,0.0,0.0,0
1787122468,475349454,,esp32,100.006103515625,123.66768646240234,1482.728515625,30
1787122468,476006299,,lidar,99.31326293945312,107.01346588134766,120.85318756103516,30
1787122468,476043571,,ui,0.0,0.0,0.0,0
1787122469,474808170,,esp32,100.006103515625,120.4948501586914,219.92636108398438,30
1787122469,475099883,,lidar,99.30706024169922,107.01346588134766,120.85318756103516,30
1787122469,475113013,,ui,0.0,0.0,0.0,0
1787122470,474998528,,esp32,100.006103515625,120.4948501586914,219.92636108398438,30
1787122470,475392065,,lidar,99.30706024169922,107.01346588134766,120.85318756103516,30
1787122470,475414048,,ui,0.0,0.0,0.0,0
1787122471,475171683,,esp32,100.006103515625,120.4948501586914,219.92636108398438,30
1787122471,475805443,,lidar,99.30538940429688,107.01346588134766,120.85318756103516,30
1787122471,475846343,,ui,0.0,0.0,0.0,0
1787122472,475064737,,esp32,100.00848388671875,120.31236267089844,219.92636108398438,30
1787122472,475647875,,lidar,99.29347229003906,107.01346588134766,120.85318756103516,30
1787122472,475686144,,ui,0.0,0.0,0.0,0
1787122473,474913509,,esp32,100.01492309570312,120.31236267089844,219.92636108398438,30
1787122473,475243381,,lidar,99.30706024169922,107.01346588134766,120.85318756103516,30
1787122473,475257615,,ui,0.0,0.0,0.0,0
