1787126659,640998554,,esp32,99.97772979736328,120.00752258300781,120.3155517578125,30
1787126659,641045439,,lidar,99.7926025390625,132.9277801513672,204.13351440429688,30
1787126659,641050708,,ui,0.0,0.0,0.0,0
1787126660,641238482,,esp32,99.98512268066406,120.23307037353516,120.4783935546875,30
1787126660,641360188,,lidar,99.74503326416016,130.06153869628906,204.13351440429688,30
1787126660,641370523,,ui,0.0,0.0,0.0,0
1787126661,641168872,,esp32,99.99251556396484,120.21792602539062,120.4783935546875,30
1787126661,641320424,,lidar,99.70879364013672,127.19529724121094,204.13351440429688,30
1787126661,641339093,,ui,0.0,0.0,0.0,0
1787126662,641038571,,esp32,99.99298858642578,120.36603546142578,120.81265258789062,30
1787126662,641139789,,lidar,99.6797103881836,153.77731323242188,204.13351440429688,30
1787126662,641151128,,ui,0.0,0.0,0.0,0
1787126663,641098754,,esp32,99.99430084228516,120.34974670410156,120.81265258789062,30
1787126663,641212161,,lidar,99.73788452148438,150.5990753173828,204.13351440429688,30
1787126663,641226214,,ui,0.0,0.0,0.0,0
1787126664,641114851,,esp32,99.99430084228516,120.33346557617188,120.81265258789062,30
1787126664,641237388,,lidar,99.74407958984375,147.54563903808594,204.13351440429688,30
1787126664,641255548,,ui,0.0,0.0,0.0,0
1787126665,641073481,,esp32,99.99298858642578,120.48172760009766,120.81265258789062,30
1787126665,641204346,,lidar,99.78508758544922,144.67938232421875,204.13351440429688,30
1787126665,641222741,,ui,0.0,0.0,0.0,0
1787126666,641091242,,esp32,99.98631286621094,120.46373748779297,120.81265258789062,30
1787126666,641235603,,lidar,99.78508758544922,141.81314086914062,204.13351440429688,30
1787126666,641255116,,ui,0.0,0.0,0.0,0
1787126667,641080909,,esp32,99.9897689819336,120.44744873046875,120.81265258789062,30
1787126667,641208077,,lidar,99.78508758544922,138.9468994140625,204.13351440429688,30
1787126667,641219149,,ui,0.0,0.0,0.0,0
1787126668,641214814,,esp32,99.99298858642578,120.43116760253906,120.81265258789062,30
1787126668,641421460,,lidar,99.80619049072266,166.80809020996094,204.13351440429688,30
1787126668,641446889,,ui,0.0,0.0,0.0,0
1787126669,641233098,,esp32,99.99298858642578,120.41488647460938,120.81265258789062,30
1787126669,641385442,,lidar,99.80619049072266,163.62985229492188,204.13351440429688,30
1787126669,641400951,,ui,0.0,0.0,0.0,0
1787126670,641039737,,esp32,99.99298858642578,120.39859771728516,120.81265258789062,30
1787126670,641178275,,lidar,100.00777435302734,160.4516143798828,204.13351440429688,30
1787126670,641192308,,ui,0.0,0.0,0.0,0
1787126671,641063802,,esp32,99.9919204711914,120.38231658935547,120.81265258789062,30
1787126671,641224289,,lidar,99.99465942382812,185.53305053710938,204.13351440429688,30
1787126671,641242859,,ui,0.0,0.0,0.0,0
1787126672,641150869,,esp32,99.9919204711914,120.36603546142578,120.81265258789062,30
1787126672,641389727,,lidar,99.81227111816406,183.72642517089844,204.13351440429688,30
1787126672,641416764,,ui,0.0,0.0,0.0,0
1787126673,641021159,,esp32,99.9919204711914,120.34974670410156,120.81265258789062,30
1787126673,641169527,,lidar,99.81227111816406,181.91981506347656,204.13351440429688,30
1787126673,641184319,,ui,0.0,0.0,0.0,0
1787126674,641010334,,esp32,99.99298858642578,120.33346557617188,120.81265258789062,30
1787126674,641164127,,lidar,100.06487274169922,181.37782287597656,204.13351440429688,30
1787126674,641173565,,ui,0.0,0.0,0.0,0
1787126675,641001996,,esp32,99.99298858642578,120.31717681884766,120.81265258789062,30
1787126675,641157729,,lidar,100.06487274169922,181.37782287597656,204.13351440429688,30
1787126675,641171610,,ui,0.0,0.0,0.0,0
1787126676,641068193,,esp32,99.99298858642578,120.31717681884766,120.81265258789062,30
1787126676,641253998,,lidar,100.19731140136719,181.37782287597656,204.13351440429688,30
1787126676,641271613,,ui,0.0,0.0,0.0,0
1787126677,640971524,,esp32,99.99298858642578,120.31717681884766,120.81265258789062,30
1787126677,641116993,,lidar,100.24595642089844,181.37782287597656,204.13351440429688,30
1787126677,641131289,,ui,0.0,0.0,0.0,0
1787126678,641067642,,esp32,99.9919204711914,120.31717681884766,120.81265258789062,30
1787126678,641299821,,lidar,100.37708282470703,195.55348205566406,204.13351440429688,30
1787126678,641320899,,ui,0.0,0.0,0.0,0
1787126679,641102282,,esp32,99.99430084228516,120.31717681884766,120.81265258789062,30
1787126679,641355994,,lidar,100.26979064941406,195.55348205566406,204.13351440429688,30
1787126679,641384157,,ui,0.0,0.0,0.0,0
1787126680,640966570,,esp32,99.99513244628906,120.3155517578125,120.81265258789062,30
1787126680,641119497,,lidar,100.22210693359375,195.55348205566406,204.13351440429688,30
1787126680,641134699,,ui,0.0,0.0,0.0,0
1787126681,640961871,,esp32,99.99298858642578,120.15054321289062,120.81265258789062,30
1787126681,641118099,,lidar,99.94530487060547,195.55348205566406,204.13351440429688,30
1787126681,641132473,,ui,0.0,0.0,0.0,0
1787126682,641006394,,esp32,99.99298858642578,120.15054321289062,120.81265258789062,30
1787126682,641164436,,lidar,100.07333374023438,195.55348205566406,204.13351440429688,30
1787126682,641179688,,ui,0.0,0.0,0.0,0
1787126683,640925593,,esp32,99.9919204711914,120.15054321289062,120.81265258789062,30
1787126683,641108746,,lidar,100.07333374023438,195.55348205566406,204.13351440429688,30
1787126683,641125987,,ui,0.0,0.0,0.0,0
1787126684,640890615,,esp32,99.9919204711914,120.15054321289062,120.81265258789062,30
1787126684,641044376,,lidar,100.17251586914062,195.55348205566406,204.13351440429688,30
1787126684,641059484,,ui,0.0,0.0,0.0,0
1787126685,640943479,,esp32,99.99298858642578,120.15054321289062,120.81265258789062,30
1787126685,641117719,,lidar,99.94530487060547,195.55348205566406,204.13351440429688,30
1787126685,641135908,,ui,0.0,0.0,0.0,0
1787126686,640995934,,esp32,99.99430084228516,120.15054321289062,120.81265258789062,30
1787126686,641158579,,lidar,99.80892944335938,181.21893310546875,202.63671875,30
1787126686,641173441,,ui,0.0,0.0,0.0,0
1787126687,640893008,,esp32,99.99239349365234,120.15054321289062,120.81265258789062,30
1787126687,641050578,,lidar,99.80892944335938,181.21893310546875,202.63671875,30
1787126687,641066143,,ui,0.0,0.0,0.0,0
1787126688,641001527,,esp32,99.99478149414062,120.15054321289062,120.81265258789062,30
1787126688,641262227,,lidar,99.80892944335938,181.21893310546875,202.63671875,30
1787126688,641288558,,ui,0.0,0.0,0.0,0
1787126689,640959159,,esp32,99.99442291259766,120.4783935546875,120.81265258789062,30
1787126689,641134932,,lidar,99.80892944335938,181.21893310546875,202.63671875,30
1787126689,641151855,,ui,0.0,0.0,0.0,0
1787126690,640859956,,esp32,99.99394226074219,120.03360748291016,120.81265258789062,30
1787126690,641017986,,lidar,99.82537841796875,181.21893310546875,202.63671875,30
1787126690,641031695,,ui,0.0,0.0,0.0,0
1787126691,640836284,,esp32,99.99131774902344,120.02873229980469,120.81265258789062,30
1787126691,641007529,,lidar,100.00932312011719,181.21893310546875,202.63671875,30
1787126691,641023397,,ui,0.0,0.0,0.0,0
1787126692,640670600,,esp32,99.990966796875,119.98625183105469,120.81193542480469,30
1787126692,640733570,,lidar,100.12328338623047,195.52169799804688,202.63671875,30
1787126692,640739114,,ui,0.0,0.0,0.0,0
1787126693,640726635,,esp32,99.98857879638672,119.98625183105469,120.81193542480469,30
1787126693,640833521,,lidar,100.00932312011719,195.52169799804688,202.63671875,30
1787126693,640843457,,ui,0.0,0.0,0.0,0
1787126694,640798154,,esp32,99.98857879638672,119.98625183105469,120.81193542480469,30
1787126694,641002359,,lidar,100.00932312011719,195.52169799804688,202.63671875,30
1787126694,641022085,,ui,0.0,0.0,0.0,0
1787126695,640808417,,esp32,99.990966796875,119.98625183105469,120.51582336425781,30
1787126695,640969442,,lidar,99.9144287109375,195.52169799804688,202.63671875,30
1787126695,640984379,,ui,0.0,0.0,0.0,0
1787126696,640968661,,esp32,99.99800109863281,120.02922821044922,120.51582336425781,30
1787126696,641262329,,lidar,99.92646789550781,195.55348205566406,202.63671875,30
1787126696,641291718,,ui,0.0,0.0,0.0,0
1787126697,640786751,,esp32,99.995849609375,120.02922821044922,120.51582336425781,30
1787126697,640948655,,lidar,99.92646789550781,195.55348205566406,202.63671875,30
1787126697,640964040,,ui,0.0,0.0,0.0,0
1787126698,640841046,,esp32,99.990966796875,120.02922821044922,120.51582336425781,30
1787126698,641004491,,lidar,99.85327911376953,195.11863708496094,198.58645629882812,30
1787126698,641018444,,ui,0.0,0.0,0.0,0
1787126699,640776068,,esp32,99.99287414550781,120.02922821044922,120.51582336425781,30
1787126699,640942643,,lidar,99.90238952636719,195.1212158203125,198.58645629882812,30
1787126699,640956946,,ui,0.0,0.0,0.0,0
1787126700,640773368,,esp32,99.99287414550781,120.02922821044922,120.51582336425781,30
1787126700,640940904,,lidar,99.83849334716797,195.1212158203125,198.58645629882812,30
1787126700,640956716,,ui,0.0,0.0,0.0,0
1787126701,640900817,,esp32,99.99894714355469,120.02922821044922,120.51582336425781,30
1787126701,641187226,,lidar,99.88522338867188,191.521240234375,198.58645629882812,30
1787126701,641216246,,ui,0.0,0.0,0.0,0
1787126702,640728034,,esp32,99.99894714355469,120.02922821044922,120.51582336425781,30
1787126702,640899992,,lidar,99.92646789550781,195.1212158203125,200.75082397460938,30
1787126702,640919245,,ui,0.0,0.0,0.0,0
1787126703,640827464,,esp32,99.99894714355469,120.02922821044922,120.51582336425781,30
1787126703,640999013,,lidar,99.92646789550781,195.1212158203125,200.75082397460938,30
1787126703,641015099,,ui,0.0,0.0,0.0,0
1787126704,640696621,,esp32,99.99656677246094,120.02922821044922,120.51582336425781,30
1787126704,640850041,,lidar,99.90238952636719,195.1212158203125,200.75082397460938,30
1787126704,640864293,,ui,0.0,0.0,0.0,0
1787126705,640596050,,esp32,99.99442291259766,120.02922821044922,120.51582336425781,30
1787126705,640743943,,lidar,99.85327911376953,195.11863708496094,200.75082397460938,30
1787126705,640760197,,ui,0.0,0.0,0.0,0
1787126706,640804781,,esp32,99.99442291259766,120.02922821044922,120.51582336425781,30
1787126706,641061432,,lidar,99.76041412353516,195.11863708496094,200.75082397460938,30
1787126706,641088825,,ui,0.0,0.0,0.0,0
1787126707,640742562,,esp32,99.99442291259766,120.02922821044922,120.51582336425781,30
1787126707,640912710,,lidar,99.85327911376953,195.5884552001953,200.75082397460938,30
1787126707,640927303,,ui,0.0,0.0,0.0,0
1787126708,640616452,,esp32,99.99549102783203,120.08053588867188,120.51582336425781,30
1787126708,640774435,,lidar,99.76041412353516,197.54676818847656,200.75082397460938,30
1787126708,640789423,,ui,0.0,0.0,0.0,0
1787126709,640647217,,esp32,99.99442291259766,120.08053588867188,120.51582336425781,30
1787126709,640811834,,lidar,99.76041412353516,197.54676818847656,200.75082397460938,30
1787126709,640826837,,ui,0.0,0.0,0.0,0
1787126710,640634025,,esp32,99.99549102783203,120.08053588867188,120.51582336425781,30
1787126710,640833329,,lidar,99.67922973632812,199.51443481445312,306.5853271484375,30
1787126710,640853433,,ui,0.0,0.0,0.0,0
1787126711,640763543,,esp32,100.00383758544922,120.08053588867188,120.51582336425781,30
1787126711,640929606,,lidar,99.80845642089844,199.51443481445312,306.5853271484375,30
1787126711,640944576,,ui,0.0,0.0,0.0,0
1787126712,640743348,,esp32,100.00419616699219,120.3475341796875,120.51582336425781,30
1787126712,640906790,,lidar,99.82347106933594,199.52816772460938,306.5853271484375,30
1787126712,640923122,,ui,0.0,0.0,0.0,0
1787126713,640658377,,esp32,100.00443267822266,120.48820495605469,120.71442413330078,30
1787126713,640851948,,lidar,99.86805725097656,199.54946899414062,306.5853271484375,30
1787126713,640873515,,ui,0.0,0.0,0.0,0
1787126714,640727286,,esp32,100.00657653808594,120.48848724365234,120.71442413330078,30
1787126714,640933899,,lidar,99.86805725097656,201.67471313476562,306.5853271484375,30
1787126714,640958548,,ui,0.0,0.0,0.0,0
1787126715,640437978,,esp32,100.00563049316406,120.51585388183594,121.00959014892578,30
1787126715,640491643,,lidar,99.95698547363281,201.67471313476562,306.5853271484375,30
1787126715,640494192,,ui,0.0,0.0,0.0,0
1787126716,640794554,,esp32,100.00563049316406,120.52064514160156,121.12188720703125,30
1787126716,640978785,,lidar,99.9808349609375,201.67471313476562,306.5853271484375,30
1787126716,640998957,,ui,0.0,0.0,0.0,0
1787126717,640668344,,esp32,100.00466918945312,120.52259826660156,121.12188720703125,30
1787126717,640816178,,lidar,100.05223846435547,201.74070739746094,306.5853271484375,30
1787126717,640829373,,ui,0.0,0.0,0.0,0
1787126718,640643298,,esp32,100.00466918945312,120.52259826660156,121.12188720703125,30
1787126718,640863066,,lidar,100.13997650146484,201.74070739746094,306.5853271484375,30
1787126718,640884539,,ui,0.0,0.0,0.0,0
1787126719,640539593,,esp32,100.00466918945312,120.52259826660156,121.12188720703125,30
1787126719,640686663,,lidar,100.10671997070312,201.80670166015625,306.5853271484375,30
1787126719,640694885,,ui,0.0,0.0,0.0,0
1787126720,640588516,,esp32,100.00466918945312,120.52259826660156,121.12188720703125,30
1787126720,640789123,,lidar,100.2511978149414,201.80670166015625,306.5853271484375,30
1787126720,640812880,,ui,0.0,0.0,0.0,0
1787126721,640641487,,esp32,100.00682067871094,120.52259826660156,121.12188720703125,30
1787126721,640822725,,lidar,100.10671997070312,223.16285705566406,306.5853271484375,30
1787126721,640843486,,ui,0.0,0.0,0.0,0
1787126722,640678626,,esp32,100.00682067871094,120.52259826660156,121.12188720703125,30
1787126722,640914635,,lidar,100.04138946533203,222.28436279296875,306.5853271484375,30
1787126722,640941266,,ui,0.0,0.0,0.0,0
1787126723,640582559,,esp32,100.00991821289062,120.52259826660156,121.12188720703125,30
1787126723,640822876,,lidar,100.25811004638672,223.16285705566406,306.5853271484375,30
1787126723,640844854,,ui,0.0,0.0,0.0,0
1787126724,640587334,,esp32,100.02374267578125,120.52259826660156,121.12188720703125,30
1787126724,640743134,,lidar,100.178955078125,233.19422912597656,306.5853271484375,30
1787126724,640759883,,ui,0.0,0.0,0.0,0
1787126725,640657181,,esp32,100.02374267578125,120.52259826660156,121.12188720703125,30
1787126725,640827394,,lidar,99.98929595947266,233.19422912597656,306.5853271484375,30
1787126725,640843976,,ui,0.0,0.0,0.0,0
1787126726,640572673,,esp32,100.02374267578125,120.52259826660156,121.12188720703125,30
1787126726,640741323,,lidar,99.95698547363281,232.42874145507812,306.5853271484375,30
1787126726,640757526,,ui,0.0,0.0,0.0,0
1787126727,640562152,,esp32,100.02374267578125,120.52259826660156,121.12188720703125,30
1787126727,640727321,,lidar,99.98929595947266,233.19422912597656,306.5853271484375,30
1787126727,640744009,,ui,0.0,0.0,0.0,0
1787126728,640524147,,esp32,100.0263671875,120.52259826660156,121.12188720703125,30
1787126728,640669185,,lidar,100.1029052734375,233.19422912597656,306.5853271484375,30
1787126728,640677500,,ui,0.0,0.0,0.0,0
1787126729,640475567,,esp32,100.01945495605469,120.52259826660156,121.12188720703125,30
1787126729,640663523,,lidar,99.99775695800781,232.42874145507812,306.5853271484375,30
1787126729,640681810,,ui,0.0,0.0,0.0,0
1787126730,640516811,,esp32,100.01921844482422,120.52259826660156,121.12188720703125,30
1787126730,640782294,,lidar,99.9808349609375,232.42874145507812,306.5853271484375,30
1787126730,640806920,,ui,0.0,0.0,0.0,0
1787126731,640577887,,esp32,100.01802062988281,120.52259826660156,121.12188720703125,30
1787126731,640866854,,lidar,100.05402374267578,291.517578125,306.5853271484375,30
1787126731,640895858,,ui,0.0,0.0,0.0,0
1787126732,640519120,,esp32,100.00466918945312,120.52259826660156,121.12188720703125,30
1787126732,640713800,,lidar,100.08502197265625,291.517578125,306.5853271484375,30
1787126732,640733582,,ui,0.0,0.0,0.0,0
1787126733,640507431,,esp32,100.01802062988281,120.52259826660156,121.12188720703125,30
1787126733,640684778,,lidar,100.13627624511719,291.5635986328125,306.5853271484375,30
1787126733,640702420,,ui,0.0,0.0,0.0,0
1787126734,640436884,,esp32,100.00466918945312,120.52259826660156,121.12188720703125,30
1787126734,640605053,,lidar,100.2767105102539,291.5635986328125,306.5853271484375,30
1787126734,640619088,,ui,0.0,0.0,0.0,0
1787126735,640545476,,esp32,100.00466918945312,120.52259826660156,121.12188720703125,30
1787126735,640805574,,lidar,100.34954833984375,291.6556396484375,306.5853271484375,30
1787126735,640832268,,ui,0.0,0.0,0.0,0
1787126736,640494225,,esp32,100.00466918945312,120.52259826660156,121.12188720703125,30
1787126736,640663025,,lidar,100.34954833984375,291.6556396484375,306.5853271484375,30
1787126736,640678547,,ui,0.0,0.0,0.0,0
1787126737,640497236,,esp32,100.01802062988281,120.52259826660156,121.12188720703125,30
1787126737,640755923,,lidar,100.24655151367188,291.5635986328125,306.5853271484375,30
1787126737,640780464,,ui,0.0,0.0,0.0,0
1787126738,640472657,,esp32,100.0070571899414,120.52259826660156,121.12188720703125,30
1787126738,640742082,,lidar,100.24189758300781,291.517578125,306.5853271484375,30
1787126738,640767279,,ui,0.0,0.0,0.0,0
1787126739,640440816,,esp32,100.0070571899414,120.52259826660156,121.12188720703125,30
1787126739,640661734,,lidar,100.2511978149414,291.517578125,306.5853271484375,30
1787126739,640685434,,ui,0.0,0.0,0.0,0
1787126740,640427058,,esp32,100.0070571899414,120.52259826660156,121.12188720703125,30
1787126740,640596478,,lidar,100.2767105102539,230.8809051513672,302.6275634765625,30
1787126740,640611568,,ui,0.0,0.0,0.0,0
1787126741,640465925,,esp32,100.00466918945312,120.52259826660156,121.12188720703125,30
1787126741,640676095,,lidar,100.31962585449219,231.6003875732422,302.6275634765625,30
1787126741,640695852,,ui,0.0,0.0,0.0,0
1787126742,640332822,,esp32,100.00586700439453,120.52064514160156,121.12188720703125,30
1787126742,640500196,,lidar,100.31962585449219,231.6003875732422,302.6275634765625,30
1787126742,640514815,,ui,0.0,0.0,0.0,0
1787126743,640380841,,esp32,100.0070571899414,120.24697875976562,121.12188720703125,30
1787126743,640538605,,lidar,100.21269226074219,230.8809051513672,302.6275634765625,30
1787126743,640550936,,ui,0.0,0.0,0.0,0
1787126744,640511426,,esp32,100.00038146972656,120.24514770507812,121.12188720703125,30
1787126744,640751642,,lidar,100.21269226074219,208.06129455566406,295.19915771484375,30
1787126744,640776534,,ui,0.0,0.0,0.0,0
1787126745,640479511,,esp32,100.00466918945312,120.1083755493164,121.12188720703125,30
1787126745,640768179,,lidar,100.13627624511719,208.06129455566406,295.19915771484375,30
1787126745,640799229,,ui,0.0,0.0,0.0,0
1787126746,640428177,,esp32,100.00466918945312,119.87936401367188,120.42665100097656,30
1787126746,640598131,,lidar,100.13627624511719,208.06129455566406,295.19915771484375,30
1787126746,640613832,,ui,0.0,0.0,0.0,0
1787126747,640369998,,esp32,100.00682067871094,101.37516021728516,120.42665100097656,30
1787126747,640545784,,lidar,100.15177917480469,207.93673706054688,295.19915771484375,30
1787126747,640561376,,ui,0.0,0.0,0.0,0
1787126748,640345773,,esp32,100.00682067871094,101.37516021728516,120.42665100097656,30
1787126748,640511955,,lidar,100.08502197265625,207.93673706054688,295.19915771484375,30
1787126748,640525972,,ui,0.0,0.0,0.0,0
1787126749,640360099,,esp32,100.00682067871094,101.37516021728516,120.42665100097656,30
1787126749,640541078,,lidar,100.08502197265625,207.93673706054688,295.19915771484375,30
1787126749,640555435,,ui,0.0,0.0,0.0,0
1787126750,640349987,,esp32,100.00682067871094,101.37516021728516,120.42665100097656,30
1787126750,640517418,,lidar,100.09551239013672,208.06129455566406,295.19915771484375,30
1787126750,640530164,,ui,0.0,0.0,0.0,0
1787126751,640316892,,esp32,100.00563049316406,101.37516021728516,120.42665100097656,30
1787126751,640578814,,lidar,100.04425048828125,204.70632934570312,290.5971984863281,30
1787126751,640605974,,ui,0.0,0.0,0.0,0
1787126752,640370015,,esp32,100.00682067871094,101.37516021728516,120.42665100097656,30
1787126752,640542111,,lidar,100.07023620605469,204.72341918945312,290.5971984863281,30
1787126752,640557849,,ui,0.0,0.0,0.0,0
1787126753,640307932,,esp32,100.00133514404297,101.37516021728516,120.42665100097656,30
1787126753,640465774,,lidar,100.03376007080078,204.25335693359375,290.5971984863281,30
1787126753,640478032,,ui,0.0,0.0,0.0,0
1787126754,640366285,,esp32,100.00133514404297,101.37516021728516,120.42665100097656,30
1787126754,640566820,,lidar,100.04425048828125,203.5922393798828,290.5971984863281,30
1787126754,640583662,,ui,0.0,0.0,0.0,0
1787126755,640357879,,esp32,100.00133514404297,101.33544158935547,120.42665100097656,30
1787126755,640577348,,lidar,100.16763305664062,203.5922393798828,290.5971984863281,30
1787126755,640599491,,ui,0.0,0.0,0.0,0
1787126756,640302347,,esp32,100.00682067871094,101.33544158935547,120.42665100097656,30
1787126756,640513941,,lidar,100.25775146484375,203.5922393798828,290.5971984863281,30
1787126756,640532961,,ui,0.0,0.0,0.0,0
1787126757,640202586,,esp32,99.99919128417969,101.33544158935547,120.42665100097656,30
1787126757,640362656,,lidar,100.24189758300781,203.5850372314453,290.5971984863281,30
1787126757,640376085,,ui,0.0,0.0,0.0,0
1787126758,640224476,,esp32,99.995849609375,101.33544158935547,120.42665100097656,30
1787126758,640386164,,lidar,100.21269226074219,203.5922393798828,290.5971984863281,30
1787126758,640400419,,ui,0.0,0.0,0.0,0
1787126759,640221797,,esp32,100.00443267822266,101.33544158935547,120.42665100097656,30
1787126759,640425147,,lidar,100.21269226074219,203.5922393798828,290.5971984863281,30
1787126759,640446125,,ui,0.0,0.0,0.0,0
1787126760,640283308,,esp32,100.00443267822266,101.33544158935547,120.42665100097656,30
1787126760,640508532,,lidar,100.28469848632812,203.5922393798828,290.5971984863281,30
1787126760,640533734,,ui,0.0,0.0,0.0,0
1787126761,640247599,,esp32,100.00682067871094,101.33544158935547,120.42665100097656,30
1787126761,640465481,,lidar,100.25775146484375,202.6199188232422,204.48422241210938,30
1787126761,640487627,,ui,0.0,0.0,0.0,0
1787126762,640259880,,esp32,100.00682067871094,101.33544158935547,120.42665100097656,30
1787126762,640491574,,lidar,100.24833679199219,202.61004638671875,204.48422241210938,30
1787126762,640517069,,ui,0.0,0.0,0.0,0
1787126763,640182820,,esp32,100.00443267822266,101.14197540283203,120.42665100097656,30
1787126763,640351410,,lidar,100.2451171875,203.5778350830078,214.26296997070312,30
1787126763,640369532,,ui,0.0,0.0,0.0,0
1787126764,640282493,,esp32,100.00443267822266,101.14173126220703,120.42665100097656,30
1787126764,640590451,,lidar,100.21269226074219,203.5778350830078,214.26296997070312,30
1787126764,640621572,,ui,0.0,0.0,0.0,0
1787126765,640236686,,esp32,100.00443267822266,101.10933685302734,120.42665100097656,30
1787126765,640540774,,lidar,100.07023620605469,203.5706329345703,214.26296997070312,30
1787126765,640565391,,ui,0.0,0.0,0.0,0
1787126766,640174335,,esp32,100.00443267822266,101.14173126220703,120.55492401123047,30
1787126766,640448763,,lidar,100.26717376708984,203.5706329345703,214.26296997070312,30
1787126766,640471793,,ui,0.0,0.0,0.0,0
1787126767,640186455,,esp32,100.00443267822266,101.10933685302734,120.55492401123047,30
1787126767,640362771,,lidar,100.24833679199219,203.5706329345703,214.26296997070312,30
1787126767,640378254,,ui,0.0,0.0,0.0,0
1787126768,640151872,,esp32,100.00216674804688,101.10933685302734,120.55492401123047,30
1787126768,640333365,,lidar,100.07023620605469,203.5706329345703,214.26296997070312,30
1787126768,640349725,,ui,0.0,0.0,0.0,0
1787126769,640070531,,esp32,100.00216674804688,101.10933685302734,120.55492401123047,30
1787126769,640241516,,lidar,100.07023620605469,203.5706329345703,214.26296997070312,30
1787126769,640255652,,ui,0.0,0.0,0.0,0
1787126770,640123773,,esp32,100.0001449584961,101.10933685302734,120.55492401123047,30
1787126770,640316155,,lidar,100.26717376708984,203.5706329345703,214.26296997070312,30
1787126770,640342132,,ui,0.0,0.0,0.0,0
1787126771,640183944,,esp32,99.99716186523438,101.10933685302734,120.55492401123047,30
1787126771,640475072,,lidar,100.27086639404297,202.6001739501953,214.26296997070312,30
1787126771,640503342,,ui,0.0,0.0,0.0,0
1787126772,639879387,,esp32,100.0001449584961,101.11104583740234,120.55492401123047,30
1787126772,639980080,,lidar,100.25775146484375,202.6001739501953,214.26296997070312,30
1787126772,639988860,,ui,0.0,0.0,0.0,0
1787126773,639984749,,esp32,100.0001449584961,101.11104583740234,120.55492401123047,30
1787126773,640176132,,lidar,100.27086639404297,202.6001739501953,214.26296997070312,30
1787126773,640194148,,ui,0.0,0.0,0.0,0
1787126774,640032657,,esp32,100.0020523071289,101.11104583740234,120.55492401123047,30
1787126774,640208335,,lidar,100.28016662597656,202.6001739501953,214.26296997070312,30
1787126774,640222887,,ui,0.0,0.0,0.0,0
1787126775,640086069,,esp32,100.0020523071289,101.31109619140625,120.55492401123047,30
1787126775,640332511,,lidar,100.25775146484375,202.6001739501953,214.26296997070312,30
1787126775,640358552,,ui,0.0,0.0,0.0,0
1787126776,640105160,,esp32,100.0001449584961,101.539794921875,120.55492401123047,30
1787126776,640332936,,lidar,100.1842041015625,202.6001739501953,214.26296997070312,30
1787126776,640358340,,ui,0.0,0.0,0.0,0
1787126777,640059578,,esp32,99.99703979492188,101.539794921875,120.55492401123047,30
1787126777,640270409,,lidar,100.1842041015625,202.6001739501953,214.26296997070312,30
1787126777,640296662,,ui,0.0,0.0,0.0,0
1787126778,639943822,,esp32,100.0020523071289,101.539794921875,120.55492401123047,30
1787126778,640127863,,lidar,100.2105484008789,202.6001739501953,214.26296997070312,30
1787126778,640145862,,ui,0.0,0.0,0.0,0
1787126779,639938337,,esp32,100.0020523071289,101.539794921875,120.55492401123047,30
1787126779,640133153,,lidar,100.27456665039062,202.5902862548828,214.26296997070312,30
1787126779,640152103,,ui,0.0,0.0,0.0,0
1787126780,639942002,,esp32,100.0001449584961,101.58393096923828,120.55492401123047,30
1787126780,640147943,,lidar,100.21925354003906,202.46942138671875,214.26296997070312,30
1787126780,640173766,,ui,0.0,0.0,0.0,0
1787126781,640048619,,esp32,100.0001449584961,101.58393096923828,120.55492401123047,30
1787126781,640311242,,lidar,100.27456665039062,202.46942138671875,214.26296997070312,30
1787126781,640338601,,ui,0.0,0.0,0.0,0
1787126782,639916950,,esp32,100.0001449584961,101.58393096923828,120.55492401123047,30
1787126782,640177534,,lidar,100.2614517211914,199.0349578857422,214.26296997070312,30
1787126782,640205467,,ui,0.0,0.0,0.0,0
1787126783,639917636,,esp32,100.00216674804688,101.58393096923828,120.55492401123047,30
1787126783,640082626,,lidar,100.27456665039062,200.30149841308594,214.26296997070312,30
1787126783,640096712,,ui,0.0,0.0,0.0,0
1787126784,639903472,,esp32,99.99703979492188,101.59573364257812,120.55492401123047,30
1787126784,640104146,,lidar,100.23379516601562,198.8702850341797,214.26296997070312,30
1787126784,640124728,,ui,0.0,0.0,0.0,0
1787126785,640035260,,esp32,99.99513244628906,101.59573364257812,120.55492401123047,30
1787126785,640264750,,lidar,100.24833679199219,200.1667022705078,214.26296997070312,30
1787126785,640292357,,ui,0.0,0.0,0.0,0
1787126786,639822201,,esp32,99.98774719238281,101.59573364257812,120.55492401123047,30
1787126786,639881762,,lidar,100.21925354003906,200.1667022705078,214.26296997070312,30
1787126786,639885484,,ui,0.0,0.0,0.0,0
1787126787,639964571,,esp32,99.98774719238281,101.59573364257812,120.55492401123047,30
1787126787,640245827,,lidar,100.21925354003906,200.1667022705078,214.26296997070312,30
1787126787,640269005,,ui,0.0,0.0,0.0,0
1787126788,639887658,,esp32,99.98917388916016,101.59573364257812,120.55492401123047,30
1787126788,640151130,,lidar,100.2105484008789,200.1600341796875,214.26296997070312,30
1787126788,640172205,,ui,0.0,0.0,0.0,0
1787126789,640041683,,esp32,99.98774719238281,101.59573364257812,120.55492401123047,30
1787126789,640247345,,lidar,100.23784637451172,200.1600341796875,214.26296997070312,30
1787126789,640263781,,ui,0.0,0.0,0.0,0
1787126790,639956980,,esp32,99.98655700683594,101.59573364257812,120.55492401123047,30
1787126790,640133292,,lidar,100.23784637451172,200.1600341796875,214.26296997070312,30
1787126790,640146444,,ui,0.0,0.0,0.0,0
1787126791,639764167,,esp32,99.98321533203125,101.59573364257812,120.55492401123047,30
1787126791,639860149,,lidar,100.1842041015625,200.1600341796875,214.26296997070312,30
1787126791,639867558,,ui,0.0,0.0,0.0,0
1787126792,640012143,,esp32,99.98726654052734,101.59738159179688,120.55492401123047,30
1787126792,640261386,,lidar,100.1842041015625,200.1600341796875,214.26296997070312,30
1787126792,640288596,,ui,0.0,0.0,0.0,0
1787126793,639872551,,esp32,99.98726654052734,101.59738159179688,120.55492401123047,30
1787126793,640043088,,lidar,100.06404113769531,198.85691833496094,202.4657745361328,30
1787126793,640056912,,ui,0.0,0.0,0.0,0
1787126794,639923924,,esp32,99.98917388916016,101.59738159179688,120.55492401123047,30
1787126794,640134436,,lidar,100.16655731201172,199.32823181152344,202.4657745361328,30
1787126794,640153160,,ui,0.0,0.0,0.0,0
1787126795,639793935,,esp32,99.9898910522461,101.59738159179688,120.55492401123047,30
1787126795,640004010,,lidar,100.1842041015625,200.1600341796875,202.4657745361328,30
1787126795,640022691,,ui,0.0,0.0,0.0,0
1787126796,639864735,,esp32,99.99573516845703,101.41517639160156,120.51629638671875,30
1787126796,640112021,,lidar,100.05426025390625,200.1600341796875,202.4657745361328,30
1787126796,640141391,,ui,0.0,0.0,0.0,0
1787126797,639833208,,esp32,99.99573516845703,101.41517639160156,120.51629638671875,30
1787126797,640034571,,lidar,100.1842041015625,200.1600341796875,202.4657745361328,30
1787126797,640057899,,ui,0.0,0.0,0.0,0
1787126798,639803640,,esp32,100.00360107421875,101.41517639160156,120.51629638671875,30
1787126798,639971293,,lidar,100.2105484008789,200.1600341796875,202.4657745361328,30
1787126798,639983685,,ui,0.0,0.0,0.0,0
1787126799,639863653,,esp32,99.99322509765625,101.41517639160156,120.51629638671875,30
1787126799,640042831,,lidar,100.11529541015625,200.1600341796875,202.4657745361328,30
1787126799,640057013,,ui,0.0,0.0,0.0,0
1787126800,639779673,,esp32,99.9948959350586,101.41517639160156,120.51629638671875,30
1787126800,639967503,,lidar,99.94816589355469,200.6277618408203,202.4657745361328,30
1787126800,639980598,,ui,0.0,0.0,0.0,0
1787126801,640027353,,esp32,100.00360107421875,101.41517639160156,120.51629638671875,30
1787126801,640316397,,lidar,99.80010986328125,200.6277618408203,202.4657745361328,30
1787126801,640345321,,ui,0.0,0.0,0.0,0
1787126802,639716194,,esp32,99.99251556396484,101.40335845947266,119.47274017333984,30
1787126802,639925637,,lidar,99.80845642089844,200.6277618408203,204.25152587890625,30
1787126802,639943755,,ui,0.0,0.0,0.0,0
1787126803,639707276,,esp32,99.99251556396484,101.40335845947266,119.47274017333984,30
1787126803,639904885,,lidar,99.83563232421875,200.6277618408203,204.25152587890625,30
1787126803,639921006,,ui,0.0,0.0,0.0,0
1787126804,639861933,,esp32,99.99060821533203,101.40335845947266,119.47274017333984,30
1787126804,640054584,,lidar,99.83563232421875,200.6277618408203,204.25152587890625,30
1787126804,640071540,,ui,0.0,0.0,0.0,0
1787126805,639714070,,esp32,99.99251556396484,101.40335845947266,119.47274017333984,30
1787126805,639992742,,lidar,100.123046875,200.62942504882812,204.25152587890625,30
1787126805,640019740,,ui,0.0,0.0,0.0,0
1787126806,639777109,,esp32,99.99406433105469,101.39332580566406,101.41682434082031,30
1787126806,640067597,,lidar,100.21925354003906,200.62942504882812,204.25152587890625,30
1787126806,640093181,,ui,0.0,0.0,0.0,0
1787126807,639711190,,esp32,99.99406433105469,101.40335845947266,101.6752700805664,30
1787126807,639881113,,lidar,100.21925354003906,200.62942504882812,204.25152587890625,30
1787126807,639895195,,ui,0.0,0.0,0.0,0
1787126808,639683667,,esp32,99.98965454101562,101.40335845947266,101.6752700805664,30
1787126808,639949882,,lidar,100.21925354003906,200.62942504882812,204.25152587890625,30
1787126808,639972613,,ui,0.0,0.0,0.0,0
1787126809,639784375,,esp32,99.99060821533203,101.41517639160156,119.95649719238281,30
1787126809,640016890,,lidar,100.18205261230469,200.91407775878906,204.66995239257812,30
1787126809,640036847,,ui,0.0,0.0,0.0,0
1787126810,639649442,,esp32,99.99263000488281,101.41517639160156,119.95649719238281,30
1787126810,639834466,,lidar,100.3000717163086,200.9007568359375,204.66995239257812,30
1787126810,639849593,,ui,0.0,0.0,0.0,0
1787126811,639852428,,esp32,99.9948959350586,101.41517639160156,119.95649719238281,30
1787126811,640172973,,lidar,100.21925354003906,200.9007568359375,204.66995239257812,30
1787126811,640200395,,ui,0.0,0.0,0.0,0
1787126812,639691082,,esp32,99.99406433105469,101.41517639160156,119.95649719238281,30
1787126812,639913417,,lidar,99.9500732421875,200.9007568359375,204.66995239257812,30
1787126812,639931993,,ui,0.0,0.0,0.0,0
1787126813,639604774,,esp32,99.99263000488281,101.41517639160156,119.95649719238281,30
1787126813,639803773,,lidar,99.85565948486328,200.88743591308594,204.66995239257812,30
1787126813,639820488,,ui,0.0,0.0,0.0,0
1787126814,639676108,,esp32,99.99966430664062,101.3934555053711,119.95649719238281,30
1787126814,639886178,,lidar,99.85565948486328,200.88743591308594,204.66995239257812,30
1787126814,639905539,,ui,0.0,0.0,0.0,0
1787126815,639679955,,esp32,99.99966430664062,101.3934555053711,119.95649719238281,30
1787126815,639896585,,lidar,99.8220443725586,200.71934509277344,204.66995239257812,30
1787126815,639915201,,ui,0.0,0.0,0.0,0
1787126816,639676713,,esp32,100.00848388671875,101.3934555053711,119.95649719238281,30
1787126816,639973472,,lidar,99.9500732421875,200.71934509277344,204.66995239257812,30
1787126816,640000608,,ui,0.0,0.0,0.0,0
1787126817,639421701,,esp32,100.0152816772461,101.4194107055664,120.91111755371094,30
1787126817,639487726,,lidar,99.9500732421875,200.71934509277344,204.66995239257812,30
1787126817,639491013,,ui,0.0,0.0,0.0,0
1787126818,639765790,,esp32,100.0152816772461,101.85808563232422,120.91111755371094,30
1787126818,640008453,,lidar,100.05426025390625,200.71934509277344,204.66995239257812,30
1787126818,640029501,,ui,0.0,0.0,0.0,0
1787126819,639637236,,esp32,100.0152816772461,101.85808563232422,120.91111755371094,30
1787126819,639843380,,lidar,100.26514434814453,202.30538940429688,291.1410217285156,30
1787126819,639862260,,ui,0.0,0.0,0.0,0
1787126820,639765827,,esp32,100.01837921142578,102.54093170166016,120.91111755371094,30
1787126820,639960987,,lidar,100.123046875,202.30538940429688,291.1410217285156,30
1787126820,639985857,,ui,0.0,0.0,0.0,0
1787126821,639687993,,esp32,100.0273208618164,102.54093170166016,120.91111755371094,30
1787126821,639872639,,lidar,99.89595031738281,202.99668884277344,291.1410217285156,30
1787126821,639887719,,ui,0.0,0.0,0.0,0
1787126822,639603071,,esp32,100.02112579345703,102.54093170166016,120.91111755371094,30
1787126822,639793288,,lidar,100.123046875,204.2975616455078,291.1410217285156,30
1787126822,639806291,,ui,0.0,0.0,0.0,0
1787126823,639644538,,esp32,100.02112579345703,102.54093170166016,120.91111755371094,30
1787126823,639814400,,lidar,100.55828094482422,205.0369110107422,395.34307861328125,30
1787126823,639828744,,ui,0.0,0.0,0.0,0
1787126824,639514884,,esp32,100.01837921142578,119.41337585449219,120.91111755371094,30
1787126824,639700414,,lidar,100.55482482910156,205.06312561035156,395.34307861328125,30
1787126824,639715084,,ui,0.0,0.0,0.0,0
1787126825,639435270,,esp32,100.02112579345703,119.95867919921875,120.91111755371094,30
1787126825,639662007,,lidar,100.26514434814453,205.01071166992188,395.34307861328125,30
1787126825,639686798,,ui,0.0,0.0,0.0,0
1787126826,639626208,,esp32,100.0152816772461,120.17546844482422,121.19197845458984,30
1787126826,639920881,,lidar,100.55482482910156,205.06312561035156,395.34307861328125,30
1787126826,639945204,,ui,0.0,0.0,0.0,0
1787126827,639561451,,esp32,100.0152816772461,120.17546844482422,121.19197845458984,30
1787126827,639771351,,lidar,100.5665054321289,221.5456085205078,395.34307861328125,30
1787126827,639788997,,ui,0.0,0.0,0.0,0
1787126828,639490252,,esp32,99.99966430664062,120.17546844482422,121.19197845458984,30
1787126828,639659863,,lidar,100.62527465820312,223.2226104736328,395.34307861328125,30
1787126828,639668154,,ui,0.0,0.0,0.0,0
1787126829,639329573,,esp32,100.00682067871094,120.17546844482422,121.19197845458984,30
1787126829,639495241,,lidar,100.5747299194336,222.3841094970703,395.34307861328125,30
1787126829,639507391,,ui,0.0,0.0,0.0,0
1787126830,639373689,,esp32,100.0152816772461,120.17546844482422,121.19197845458984,30
1787126830,639539666,,lidar,100.5665054321289,221.5456085205078,395.34307861328125,30
1787126830,639552185,,ui,0.0,0.0,0.0,0
1787126831,639449597,,esp32,100.00682067871094,120.47280883789062,141.19577026367188,30
1787126831,639691531,,lidar,100.69418334960938,222.3841094970703,395.34307861328125,30
1787126831,639721423,,ui,0.0,0.0,0.0,0
1787126832,639436913,,esp32,100.01837921142578,120.47280883789062,141.19577026367188,30
1787126832,639712984,,lidar,100.67581939697266,220.7071075439453,395.34307861328125,30
1787126832,639735664,,ui,0.0,0.0,0.0,0
1787126833,639401223,,esp32,100.0152816772461,120.47280883789062,141.19577026367188,30
1787126833,639553010,,lidar,100.5747299194336,222.3841094970703,395.34307861328125,30
1787126833,639572839,,ui,0.0,0.0,0.0,0
1787126834,639458737,,esp32,100.00955963134766,120.47280883789062,141.19577026367188,30
1787126834,639779061,,lidar,100.5747299194336,222.3841094970703,395.34307861328125,30
1787126834,639806659,,ui,0.0,0.0,0.0,0
1787126835,639554808,,esp32,99.99811553955078,120.47280883789062,141.19577026367188,30
1787126835,639762524,,lidar,100.40211486816406,221.5456085205078,395.34307861328125,30
1787126835,639778598,,ui,0.0,0.0,0.0,0
1787126836,639553709,,esp32,99.99966430664062,120.47280883789062,141.19577026367188,30
1787126836,639856242,,lidar,100.5036849975586,221.5456085205078,395.34307861328125,30
1787126836,639884463,,ui,0.0,0.0,0.0,0
1787126837,639353380,,esp32,99.99966430664062,120.47280883789062,141.19577026367188,30
1787126837,639518819,,lidar,100.40211486816406,221.5456085205078,395.34307861328125,30
1787126837,639532741,,ui,0.0,0.0,0.0,0
1787126838,639456437,,esp32,100.00955963134766,120.47280883789062,141.19577026367188,30
1787126838,639709226,,lidar,100.2665786743164,221.5456085205078,395.34307861328125,30
1787126838,639730810,,ui,0.0,0.0,0.0,0
1787126839,639473108,,esp32,99.99835205078125,120.47280883789062,141.19577026367188,30
1787126839,639704569,,lidar,100.23712921142578,220.7071075439453,395.34307861328125,30
1787126839,639729009,,ui,0.0,0.0,0.0,0
1787126840,639509415,,esp32,100.00241088867188,120.47280883789062,141.19577026367188,30
1787126840,639725463,,lidar,100.17729187011719,220.7071075439453,395.34307861328125,30
1787126840,639744030,,ui,0.0,0.0,0.0,0
1787126841,639373617,,esp32,100.00241088867188,120.47280883789062,141.19577026367188,30
1787126841,639558198,,lidar,100.15702056884766,220.7071075439453,395.34307861328125,30
1787126841,639573056,,ui,0.0,0.0,0.0,0
1787126842,639344614,,esp32,100.00241088867188,120.47280883789062,141.19577026367188,30
1787126842,639510521,,lidar,100.2960205078125,220.7071075439453,395.34307861328125,30
1787126842,639523138,,ui,0.0,0.0,0.0,0
1787126843,639436632,,esp32,100.0111083984375,120.47280883789062,141.19577026367188,30
1787126843,639645547,,lidar,100.2665786743164,222.36288452148438,395.34307861328125,30
1787126843,639666396,,ui,0.0,0.0,0.0,0
1787126844,639400095,,esp32,99.99811553955078,120.47280883789062,141.19577026367188,30
1787126844,639588135,,lidar,100.2665786743164,222.36288452148438,395.34307861328125,30
1787126844,639607274,,ui,0.0,0.0,0.0,0
1787126845,639203096,,esp32,99.99811553955078,120.47280883789062,141.19577026367188,30
1787126845,639323153,,lidar,100.20720672607422,222.36288452148438,395.34307861328125,30
1787126845,639332657,,ui,0.0,0.0,0.0,0
1787126846,639399071,,esp32,100.00216674804688,120.47280883789062,141.19577026367188,30
1787126846,639581671,,lidar,100.14533996582031,222.36288452148438,395.34307861328125,30
1787126846,639596753,,ui,0.0,0.0,0.0,0
1787126847,639399793,,esp32,100.00216674804688,120.4546890258789,141.19577026367188,30
1787126847,639585651,,lidar,100.14533996582031,222.36288452148438,395.34307861328125,30
1787126847,639601142,,ui,0.0,0.0,0.0,0
1787126848,639290880,,esp32,99.99764251708984,120.4546890258789,141.19577026367188,30
1787126848,639459573,,lidar,99.97486877441406,223.19154357910156,395.34307861328125,30
1787126848,639471721,,ui,0.0,0.0,0.0,0
1787126849,639357362,,esp32,99.99465942382812,120.4546890258789,141.19577026367188,30
1787126849,639551868,,lidar,99.97486877441406,207.44866943359375,395.34307861328125,30
1787126849,639565760,,ui,0.0,0.0,0.0,0
1787126850,639293982,,esp32,99.99465942382812,120.4546890258789,141.19577026367188,30
1787126850,639479309,,lidar,99.9296875,207.45852661132812,395.34307861328125,30
1787126850,639492275,,ui,0.0,0.0,0.0,0
1787126851,639391416,,esp32,99.99156188964844,120.4546890258789,141.19577026367188,30
1787126851,639598992,,lidar,99.97486877441406,207.44866943359375,395.34307861328125,30
1787126851,639625922,,ui,0.0,0.0,0.0,0
1787126852,639285321,,esp32,99.99156188964844,120.4546890258789,141.19577026367188,30
1787126852,639460591,,lidar,99.96342468261719,205.6868896484375,395.34307861328125,30
1787126852,639472283,,ui,0.0,0.0,0.0,0
1787126853,639235849,,esp32,99.99072265625,120.4546890258789,141.19577026367188,30
1787126853,639413538,,lidar,99.80726623535156,204.1117706298828,296.4134216308594,30
1787126853,639425713,,ui,0.0,0.0,0.0,0
1787126854,639256745,,esp32,99.99024963378906,120.4546890258789,141.19577026367188,30
1787126854,639444373,,lidar,99.71809387207031,204.0994873046875,296.4134216308594,30
1787126854,639459103,,ui,0.0,0.0,0.0,0
1787126855,639273440,,esp32,99.99024963378906,120.4546890258789,141.19577026367188,30
1787126855,639466502,,lidar,99.90477752685547,204.1117706298828,296.4134216308594,30
1787126855,639478642,,ui,0.0,0.0,0.0,0
1787126856,639251685,,esp32,99.99156188964844,120.43401336669922,141.19577026367188,30
1787126856,639439470,,lidar,99.76458740234375,204.08718872070312,296.4134216308594,30
1787126856,639448328,,ui,0.0,0.0,0.0,0
1787126857,639204525,,esp32,99.99561309814453,120.43401336669922,141.19577026367188,30
1787126857,639376233,,lidar,99.76458740234375,203.48605346679688,208.27578735351562,30
1787126857,639389981,,ui,0.0,0.0,0.0,0
1787126858,639290363,,esp32,99.99966430664062,120.43401336669922,141.19577026367188,30
1787126858,639556955,,lidar,99.75361633300781,200.7701416015625,208.27578735351562,30
1787126858,639590161,,ui,0.0,0.0,0.0,0
1787126859,639294069,,esp32,100.00324249267578,120.43401336669922,141.19577026367188,30
1787126859,639601582,,lidar,99.75910186767578,195.9854736328125,208.27578735351562,30
1787126859,639627347,,ui,0.0,0.0,0.0,0
1787126860,639318034,,esp32,100.00324249267578,120.43401336669922,141.19577026367188,30
1787126860,639571867,,lidar,99.78592681884766,195.9854736328125,208.27578735351562,30
1787126860,639596550,,ui,0.0,0.0,0.0,0
1787126861,639216365,,esp32,100.00324249267578,120.29696655273438,120.45455169677734,30
1787126861,639415728,,lidar,99.76458740234375,195.93585205078125,208.27578735351562,30
1787126861,639428459,,ui,0.0,0.0,0.0,0
1787126862,639260534,,esp32,100.00729370117188,120.20349884033203,120.45455169677734,30
1787126862,639475854,,lidar,99.78592681884766,195.9854736328125,208.27578735351562,30
1787126862,639496110,,ui,0.0,0.0,0.0,0
1787126863,639160004,,esp32,100.0121841430664,119.78803253173828,120.45455169677734,30
1787126863,639337122,,lidar,99.78592681884766,195.88624572753906,208.27578735351562,30
1787126863,639351228,,ui,0.0,0.0,0.0,0
1787126864,639246563,,esp32,100.01742553710938,119.78803253173828,120.45455169677734,30
1787126864,639590575,,lidar,99.85601806640625,195.88624572753906,208.27578735351562,30
1787126864,639618188,,ui,0.0,0.0,0.0,0
1787126865,639185947,,esp32,100.02410125732422,102.07708740234375,120.45455169677734,30
1787126865,639373796,,lidar,99.9503173828125,195.88624572753906,208.27578735351562,30
1787126865,639386893,,ui,0.0,0.0,0.0,0
1787126866,639169576,,esp32,100.02410125732422,101.52336883544922,120.45455169677734,30
1787126866,639372743,,lidar,99.92098999023438,195.88624572753906,208.27578735351562,30
1787126866,639386644,,ui,0.0,0.0,0.0,0
1787126867,639236068,,esp32,100.03268432617188,101.52336883544922,120.45455169677734,30
1787126867,639524018,,lidar,99.9503173828125,195.88624572753906,208.27578735351562,30
1787126867,639546301,,ui,0.0,0.0,0.0,0
1787126868,639115942,,esp32,100.03614807128906,101.52336883544922,120.45455169677734,30
1787126868,639302143,,lidar,100.05211639404297,195.88624572753906,208.27578735351562,30
1787126868,639314044,,ui,0.0,0.0,0.0,0
1787126869,639145690,,esp32,100.03268432617188,101.52336883544922,120.45455169677734,30
1787126869,639358248,,lidar,100.14080810546875,195.93585205078125,208.27578735351562,30
1787126869,639371925,,ui,0.0,0.0,0.0,0
1787126870,639114827,,esp32,100.03268432617188,101.47709655761719,119.84515380859375,30
1787126870,639308935,,lidar,100.2442855834961,195.93585205078125,208.27578735351562,30
1787126870,639322786,,ui,0.0,0.0,0.0,0
1787126871,639202717,,esp32,100.01647186279297,101.47709655761719,119.84515380859375,30
1787126871,639413363,,lidar,100.27253723144531,195.9854736328125,208.27578735351562,30
1787126871,639430261,,ui,0.0,0.0,0.0,0
1787126872,639049787,,esp32,100.01898193359375,101.47709655761719,119.84515380859375,30
1787126872,639240791,,lidar,100.27253723144531,195.9854736328125,208.27578735351562,30
1787126872,639254910,,ui,0.0,0.0,0.0,0
1787126873,639063120,,esp32,100.01290130615234,101.52336883544922,119.84515380859375,30
1787126873,639264431,,lidar,100.25238800048828,191.08665466308594,205.19375610351562,30
1787126873,639280491,,ui,0.0,0.0,0.0,0
1787126874,639157793,,esp32,100.01290130615234,101.48088073730469,119.84515380859375,30
1787126874,639371430,,lidar,100.27253723144531,191.1350860595703,205.19375610351562,30
1787126874,639388598,,ui,0.0,0.0,0.0,0
1787126875,639179156,,esp32,100.01290130615234,101.48088073730469,119.84515380859375,30
1787126875,639388000,,lidar,100.34334564208984,195.80572509765625,205.19375610351562,30
1787126875,639401952,,ui,0.0,0.0,0.0,0
1787126876,639202857,,esp32,100.01182556152344,101.48088073730469,119.84515380859375,30
1787126876,639452345,,lidar,100.27253723144531,195.80572509765625,205.19375610351562,30
1787126876,639472891,,ui,0.0,0.0,0.0,0
1787126877,639012672,,esp32,100.00968170166016,101.40279388427734,119.84515380859375,30
1787126877,639223719,,lidar,100.25238800048828,198.23709106445312,207.33094787597656,30
1787126877,639239869,,ui,0.0,0.0,0.0,0
1787126878,639046982,,esp32,100.01087188720703,101.393310546875,119.84515380859375,30
1787126878,639237276,,lidar,100.24833679199219,195.80572509765625,207.33094787597656,30
1787126878,639251502,,ui,0.0,0.0,0.0,0
1787126879,639035037,,esp32,100.01766967773438,101.38967895507812,119.84515380859375,30
1787126879,639259827,,lidar,100.17835998535156,195.80572509765625,207.33094787597656,30
1787126879,639277665,,ui,0.0,0.0,0.0,0
1787126880,639019762,,esp32,100.01826477050781,101.29456329345703,119.84515380859375,30
1787126880,639244999,,lidar,100.19993591308594,195.7817840576172,207.33094787597656,30
1787126880,639262493,,ui,0.0,0.0,0.0,0
1787126881,639101113,,esp32,100.02267456054688,101.29456329345703,119.84515380859375,30
1787126881,639302342,,lidar,100.22616577148438,191.08665466308594,207.33094787597656,30
1787126881,639314935,,ui,0.0,0.0,0.0,0
1787126882,638964001,,esp32,100.02625274658203,101.42312622070312,119.84515380859375,30
1787126882,639148770,,lidar,100.23522186279297,188.65731811523438,207.33094787597656,30
1787126882,639162337,,ui,0.0,0.0,0.0,0
1787126883,639026873,,esp32,100.02625274658203,101.42312622070312,119.84515380859375,30
1787126883,639200409,,lidar,100.2442855834961,191.2302703857422,207.33094787597656,30
1787126883,639213169,,ui,0.0,0.0,0.0,0
1787126884,638965899,,esp32,100.02625274658203,101.42312622070312,119.84515380859375,30
1787126884,639174818,,lidar,100.22616577148438,191.2302703857422,207.33094787597656,30
1787126884,639191544,,ui,0.0,0.0,0.0,0
1787126885,638927928,,esp32,100.02410125732422,104.53343963623047,119.84515380859375,30
1787126885,639120346,,lidar,100.15678405761719,191.2302703857422,207.33094787597656,30
1787126885,639135309,,ui,0.0,0.0,0.0,0
1787126886,639049808,,esp32,100.01898193359375,104.53343963623047,119.84515380859375,30
1787126886,639309758,,lidar,100.21305084228516,198.04249572753906,207.33094787597656,30
1787126886,639333662,,ui,0.0,0.0,0.0,0
1787126887,638932213,,esp32,100.01647186279297,101.32447052001953,119.35734558105469,30
1787126887,639110493,,lidar,100.17835998535156,198.04249572753906,207.33094787597656,30
1787126887,639127297,,ui,0.0,0.0,0.0,0
1787126888,638897454,,esp32,100.01647186279297,101.27183532714844,119.35734558105469,30
1787126888,639078385,,lidar,100.21305084228516,198.04249572753906,207.33094787597656,30
1787126888,639092228,,ui,0.0,0.0,0.0,0
1787126889,638925468,,esp32,100.01647186279297,101.27183532714844,119.35734558105469,30
1787126889,639122598,,lidar,100.21305084228516,198.04249572753906,207.33094787597656,30
1787126889,639136151,,ui,0.0,0.0,0.0,0
1787126890,638925720,,esp32,100.01456451416016,101.27183532714844,119.35734558105469,30
1787126890,639135131,,lidar,100.2594223022461,198.04249572753906,207.33094787597656,30
1787126890,639150305,,ui,0.0,0.0,0.0,0
1787126891,639016513,,esp32,100.01576232910156,101.27183532714844,119.35734558105469,30
1787126891,639219008,,lidar,100.21305084228516,198.04249572753906,207.33094787597656,30
1787126891,639232505,,ui,0.0,0.0,0.0,0
1787126892,638882714,,esp32,100.01576232910156,101.27183532714844,119.35734558105469,30
1787126892,639064085,,lidar,100.2594223022461,198.04249572753906,207.33094787597656,30
1787126892,639076273,,ui,0.0,0.0,0.0,0
1787126893,638922641,,esp32,100.01516723632812,101.27183532714844,119.35734558105469,30
1787126893,639149565,,lidar,100.2594223022461,198.04249572753906,207.33094787597656,30
1787126893,639170414,,ui,0.0,0.0,0.0,0
1787126894,638998283,,esp32,100.01456451416016,101.27183532714844,119.35734558105469,30
1787126894,639234477,,lidar,100.2594223022461,198.04249572753906,207.33094787597656,30
1787126894,639253380,,ui,0.0,0.0,0.0,0
1787126895,638869698,,esp32,100.01576232910156,101.27183532714844,119.35734558105469,30
1787126895,639133872,,lidar,100.13520812988281,198.04249572753906,207.33094787597656,30
1787126895,639159818,,ui,0.0,0.0,0.0,0
1787126896,638885424,,esp32,100.01313781738281,104.53343963623047,119.8375244140625,30
1787126896,639128516,,lidar,100.13520812988281,198.04249572753906,207.33094787597656,30
1787126896,639148556,,ui,0.0,0.0,0.0,0
1787126897,638829850,,esp32,100.01313781738281,104.53343963623047,119.8375244140625,30
1787126897,639014025,,lidar,100.10397338867188,198.04249572753906,207.33094787597656,30
1787126897,639026283,,ui,0.0,0.0,0.0,0
1787126898,638791670,,esp32,100.0120620727539,104.53343963623047,119.8375244140625,30
1787126898,638970526,,lidar,100.05879211425781,198.04249572753906,207.33094787597656,30
1787126898,638982799,,ui,0.0,0.0,0.0,0
1787126899,638868926,,esp32,100.01456451416016,104.53343963623047,119.8375244140625,30
1787126899,639106389,,lidar,100.03518676757812,198.04095458984375,207.33094787597656,30
1787126899,639124098,,ui,0.0,0.0,0.0,0
1787126900,638861128,,esp32,100.01313781738281,104.53343963623047,119.8375244140625,30
1787126900,639097041,,lidar,99.91383361816406,198.04095458984375,207.33094787597656,30
1787126900,639115038,,ui,0.0,0.0,0.0,0
1787126901,638815272,,esp32,100.01576232910156,104.53343963623047,119.8375244140625,30
1787126901,639057120,,lidar,99.81810760498047,198.03939819335938,207.33094787597656,30
1787126901,639075007,,ui,0.0,0.0,0.0,0
1787126902,638819143,,esp32,100.01516723632812,104.53343963623047,119.8375244140625,30
1787126902,639007301,,lidar,99.9044189453125,198.03939819335938,207.33094787597656,30
1787126902,639027039,,ui,0.0,0.0,0.0,0
1787126903,638761347,,esp32,100.01373291015625,101.42133331298828,119.8375244140625,30
1787126903,638955350,,lidar,99.81810760498047,198.03939819335938,207.33094787597656,30
1787126903,638967352,,ui,0.0,0.0,0.0,0
1787126904,638929847,,esp32,100.01576232910156,101.42133331298828,119.8375244140625,30
1787126904,639228846,,lidar,99.78985595703125,198.03785705566406,207.33094787597656,30
1787126904,639257696,,ui,0.0,0.0,0.0,0
1787126905,638787102,,esp32,100.01647186279297,101.42133331298828,119.8375244140625,30
1787126905,639022292,,lidar,99.73191833496094,130.7340087890625,207.33094787597656,30
1787126905,639042416,,ui,0.0,0.0,0.0,0
1787126906,638812288,,esp32,100.01576232910156,101.42133331298828,119.8375244140625,30
1787126906,639048368,,lidar,99.73430633544922,127.26919555664062,207.33094787597656,30
1787126906,639064730,,ui,0.0,0.0,0.0,0
1787126907,638797246,,esp32,100.01576232910156,101.42133331298828,119.8375244140625,30
1787126907,639012229,,lidar,99.77054595947266,121.81779479980469,201.5006561279297,30
1787126907,639029236,,ui,0.0,0.0,0.0,0
1787126908,638752739,,esp32,100.01516723632812,101.42133331298828,119.8375244140625,30
1787126908,638983167,,lidar,99.78771209716797,121.81779479980469,201.5006561279297,30
1787126908,639000033,,ui,0.0,0.0,0.0,0
1787126909,638772523,,esp32,100.01337432861328,101.42133331298828,119.8375244140625,30
1787126909,639010933,,lidar,99.77054595947266,121.81779479980469,201.5006561279297,30
1787126909,639029998,,ui,0.0,0.0,0.0,0
1787126910,638761360,,esp32,100.01051330566406,101.42133331298828,119.8375244140625,30
1787126910,638998549,,lidar,99.80309295654297,121.81779479980469,201.5006561279297,30
1787126910,639016830,,ui,0.0,0.0,0.0,0
1787126911,638872812,,esp32,100.00669860839844,101.42133331298828,119.8375244140625,30
1787126911,639176403,,lidar,99.77054595947266,121.81779479980469,201.5006561279297,30
1787126911,639202228,,ui,0.0,0.0,0.0,0
1787126912,638770015,,esp32,100.00563049316406,101.28348541259766,120.09573364257812,30
1787126912,638978069,,lidar,99.77054595947266,121.81779479980469,201.5006561279297,30
1787126912,638993772,,ui,0.0,0.0,0.0,0
1787126913,638710605,,esp32,100.00669860839844,101.28348541259766,120.09573364257812,30
1787126913,638914490,,lidar,99.73430633544922,116.5965347290039,201.5006561279297,30
1787126913,638925754,,ui,0.0,0.0,0.0,0
1787126914,638793923,,esp32,100.00669860839844,101.28348541259766,120.09573364257812,30
1787126914,639018916,,lidar,99.73430633544922,116.5965347290039,201.5006561279297,30
1787126914,639036926,,ui,0.0,0.0,0.0,0
1787126915,638900755,,esp32,100.00563049316406,101.1015396118164,120.09573364257812,30
1787126915,639235689,,lidar,99.78985595703125,116.5965347290039,201.5006561279297,30
1787126915,639262855,,ui,0.0,0.0,0.0,0
1787126916,638581847,,esp32,100.00669860839844,101.1015396118164,120.09573364257812,30
1787126916,638707976,,lidar,99.78771209716797,116.41932678222656,124.3143081665039,30
1787126916,638715848,,ui,0.0,0.0,0.0,0
1787126917,638785602,,esp32,100.00669860839844,101.34918212890625,120.83578491210938,30
1787126917,639068901,,lidar,99.82240295410156,116.5440444946289,133.951904296875,30
1787126917,639095515,,ui,0.0,0.0,0.0,0
1787126918,638675153,,esp32,100.00669860839844,101.34918212890625,120.83578491210938,30
1787126918,638892500,,lidar,99.82240295410156,116.41932678222656,133.951904296875,30
1787126918,638908531,,ui,0.0,0.0,0.0,0
1787126919,638879784,,esp32,100.00563049316406,101.34918212890625,120.83578491210938,30
1787126919,639115096,,lidar,99.82240295410156,115.49240112304688,133.951904296875,30
1787126919,639129279,,ui,0.0,0.0,0.0,0
1787126920,638878488,,esp32,100.00669860839844,119.84010314941406,120.83578491210938,30
1787126920,639164162,,lidar,99.81990051269531,115.50175476074219,214.81466674804688,30
1787126920,639188946,,ui,0.0,0.0,0.0,0
1787126921,638804194,,esp32,100.00395965576172,119.84010314941406,120.83578491210938,30
1787126921,639068288,,lidar,99.82490539550781,115.50175476074219,214.81466674804688,30
1787126921,639098731,,ui,0.0,0.0,0.0,0
1787126922,638708939,,esp32,100.00181579589844,119.84010314941406,120.83578491210938,30
1787126922,638898470,,lidar,99.81990051269531,115.50175476074219,214.81466674804688,30
1787126922,638913710,,ui,0.0,0.0,0.0,0
1787126923,638664884,,esp32,99.99668884277344,119.84010314941406,120.83578491210938,30
1787126923,638937839,,lidar,99.78985595703125,115.50175476074219,214.81466674804688,30
1787126923,638961054,,ui,0.0,0.0,0.0,0
1787126924,638761708,,esp32,99.9948959350586,119.84010314941406,120.83578491210938,30
1787126924,638966884,,lidar,99.78556823730469,116.64012145996094,214.81466674804688,30
1787126924,638980701,,ui,0.0,0.0,0.0,0
1787126925,638718512,,esp32,99.99334716796875,119.84010314941406,120.83578491210938,30
1787126925,639000234,,lidar,99.81990051269531,116.64012145996094,214.81466674804688,30
1787126925,639025075,,ui,0.0,0.0,0.0,0
1787126926,638774824,,esp32,99.99573516845703,101.35176849365234,120.83578491210938,30
1787126926,639061450,,lidar,99.88236236572266,116.64012145996094,214.81466674804688,30
1787126926,639095637,,ui,0.0,0.0,0.0,0
1787126927,638794602,,esp32,99.99573516845703,101.35176849365234,120.83578491210938,30
1787126927,639016667,,lidar,99.88236236572266,116.64012145996094,214.81466674804688,30
1787126927,639036034,,ui,0.0,0.0,0.0,0
1787126928,638744143,,esp32,99.99573516845703,120.0963363647461,120.83578491210938,30
1787126928,638985057,,lidar,99.89452362060547,124.48983001708984,214.81466674804688,30
1787126928,639001517,,ui,0.0,0.0,0.0,0
1787126929,638708387,,esp32,99.99573516845703,120.0963363647461,120.83578491210938,30
1787126929,638963583,,lidar,99.88236236572266,124.48983001708984,214.81466674804688,30
1787126929,638994646,,ui,0.0,0.0,0.0,0
1787126930,638706167,,esp32,99.99334716796875,120.0963363647461,120.83578491210938,30
1787126930,638935302,,lidar,99.89452362060547,124.48983001708984,214.81466674804688,30
1787126930,638952527,,ui,0.0,0.0,0.0,0
1787126931,638775413,,esp32,99.99143981933594,120.0963363647461,120.83578491210938,30
1787126931,639090376,,lidar,99.94053649902344,124.48983001708984,214.81466674804688,30
1787126931,639119871,,ui,0.0,0.0,0.0,0
1787126932,638559272,,esp32,99.99311065673828,120.0963363647461,120.83578491210938,30
1787126932,638799204,,lidar,99.91669464111328,124.48983001708984,214.81466674804688,30
1787126932,638815974,,ui,0.0,0.0,0.0,0
1787126933,638741953,,esp32,99.99370574951172,120.0963363647461,120.83578491210938,30
1787126933,639056311,,lidar,99.94053649902344,124.48983001708984,214.81466674804688,30
1787126933,639077814,,ui,0.0,0.0,0.0,0
1787126934,638652971,,esp32,99.99251556396484,120.0963363647461,120.83578491210938,30
1787126934,638989442,,lidar,99.98786163330078,124.52049255371094,214.81466674804688,30
1787126934,639017050,,ui,0.0,0.0,0.0,0
1787126935,638686566,,esp32,99.99143981933594,120.0963363647461,120.83578491210938,30
1787126935,638957710,,lidar,100.04293823242188,127.68829345703125,214.81466674804688,30
1787126935,638982244,,ui,0.0,0.0,0.0,0
1787126936,638694332,,esp32,99.99251556396484,120.0963363647461,120.83578491210938,30
1787126936,638938982,,lidar,100.05641174316406,127.68829345703125,214.81466674804688,30
1787126936,638956881,,ui,0.0,0.0,0.0,0
1787126937,638640797,,esp32,99.99370574951172,120.0963363647461,120.83578491210938,30
1787126937,638837849,,lidar,99.94625854492188,127.68829345703125,214.81466674804688,30
1787126937,638852516,,ui,0.0,0.0,0.0,0
1787126938,638698143,,esp32,99.99394226074219,120.0963363647461,120.83578491210938,30
1787126938,639044510,,lidar,100.03471374511719,136.6009063720703,214.81466674804688,30
1787126938,639091399,,ui,0.0,0.0,0.0,0
1787126939,638694556,,esp32,99.99394226074219,120.0963363647461,120.83578491210938,30
1787126939,638912247,,lidar,100.06165313720703,136.6009063720703,214.81466674804688,30
1787126939,638928995,,ui,0.0,0.0,0.0,0
1787126940,638678648,,esp32,99.99370574951172,120.0963363647461,120.83578491210938,30
1787126940,638904885,,lidar,100.02922821044922,137.26315307617188,214.81466674804688,30
1787126940,638920074,,ui,0.0,0.0,0.0,0
1787126941,638641938,,esp32,99.99370574951172,120.0963363647461,120.83578491210938,30
1787126941,638929908,,lidar,100.06165313720703,199.71482849121094,214.81466674804688,30
1787126941,638954835,,ui,0.0,0.0,0.0,0
1787126942,638626039,,esp32,99.99394226074219,101.5792007446289,120.83578491210938,30
1787126942,638851908,,lidar,100.06165313720703,199.71482849121094,214.81466674804688,30
1787126942,638868148,,ui,0.0,0.0,0.0,0
1787126943,638491243,,esp32,99.99370574951172,101.5792007446289,120.83578491210938,30
1787126943,638891582,,lidar,100.06165313720703,199.71482849121094,214.81466674804688,30
1787126943,638922105,,ui,0.0,0.0,0.0,0
1787126944,638666573,,esp32,99.99370574951172,101.5792007446289,120.83578491210938,30
1787126944,638938488,,lidar,100.19255065917969,199.71974182128906,214.81466674804688,30
1787126944,638961686,,ui,0.0,0.0,0.0,0
1787126945,638485275,,esp32,99.99394226074219,101.766845703125,120.83578491210938,30
1787126945,638697159,,lidar,100.14665222167969,199.71974182128906,214.81466674804688,30
1787126945,638705940,,ui,0.0,0.0,0.0,0
1787126946,638586860,,esp32,99.99394226074219,120.16556549072266,199.97930908203125,30
1787126946,638839671,,lidar,100.14665222167969,200.76283264160156,299.5593566894531,30
1787126946,638862408,,ui,0.0,0.0,0.0,0
1787126947,638695301,,esp32,99.99346923828125,120.27025604248047,199.97930908203125,30
1787126947,639012502,,lidar,100.05641174316406,200.76283264160156,299.5593566894531,30
1787126947,639041558,,ui,0.0,0.0,0.0,0
1787126948,638646738,,esp32,99.99227905273438,120.27025604248047,199.97930908203125,30
1787126948,638979742,,lidar,100.19612121582031,200.8279266357422,299.5593566894531,30
1787126948,639004071,,ui,0.0,0.0,0.0,0
1787126949,638575520,,esp32,99.99227905273438,120.27025604248047,199.97930908203125,30
1787126949,638818650,,lidar,100.19255065917969,200.89303588867188,299.5593566894531,30
1787126949,638838184,,ui,0.0,0.0,0.0,0
1787126950,638628927,,esp32,99.99346923828125,120.2686538696289,199.97930908203125,30
1787126950,638903387,,lidar,100.18897247314453,200.62318420410156,299.5593566894531,30
1787126950,638924624,,ui,0.0,0.0,0.0,0
1787126951,638532389,,esp32,99.99227905273438,120.2686538696289,199.97930908203125,30
1787126951,638737371,,lidar,100.23975372314453,200.66036987304688,299.5593566894531,30
1787126951,638750578,,ui,0.0,0.0,0.0,0
1787126952,638417332,,esp32,99.99346923828125,120.2686538696289,199.97930908203125,30
1787126952,638663837,,lidar,100.23975372314453,200.66036987304688,299.5593566894531,30
1787126952,638683394,,ui,0.0,0.0,0.0,0
1787126953,638457208,,esp32,99.99394226074219,120.2686538696289,199.97930908203125,30
1787126953,638836152,,lidar,100.23975372314453,200.66036987304688,299.5593566894531,30
1787126953,638865090,,ui,0.0,0.0,0.0,0
1787126954,638640220,,esp32,99.99561309814453,120.29712677001953,199.97930908203125,30
1787126954,638898664,,lidar,100.1628646850586,200.66036987304688,299.5593566894531,30
1787126954,638917983,,ui,0.0,0.0,0.0,0
1787126955,638515760,,esp32,99.99418640136719,120.29712677001953,199.97930908203125,30
1787126955,638722630,,lidar,100.18897247314453,200.6975555419922,299.5593566894531,30
1787126955,638735688,,ui,0.0,0.0,0.0,0
1787126956,638580979,,esp32,99.99394226074219,120.29712677001953,199.97930908203125,30
1787126956,638822168,,lidar,100.10791015625,200.6975555419922,299.5593566894531,30
1787126956,638838298,,ui,0.0,0.0,0.0,0
1787126957,638444827,,esp32,99.99227905273438,120.29712677001953,199.97930908203125,30
1787126957,638666101,,lidar,100.13675689697266,200.6975555419922,299.5593566894531,30
1787126957,638685705,,ui,0.0,0.0,0.0,0
1787126958,638199550,,esp32,99.98941040039062,120.29712677001953,199.97930908203125,30
1787126958,638296441,,lidar,100.09646606445312,200.6975555419922,299.5593566894531,30
1787126958,638304842,,ui,0.0,0.0,0.0,0
1787126959,638366076,,esp32,99.99060821533203,120.29712677001953,199.97930908203125,30
1787126959,638606570,,lidar,100.09646606445312,200.6975555419922,299.5593566894531,30
1787126959,638621695,,ui,0.0,0.0,0.0,0
1787126960,638535148,,esp32,99.99060821533203,120.33171081542969,199.97930908203125,30
1787126960,638909154,,lidar,100.13675689697266,200.7719268798828,299.5593566894531,30
1787126960,638935133,,ui,0.0,0.0,0.0,0
1787126961,638500794,,esp32,99.98750305175781,120.33171081542969,199.97930908203125,30
1787126961,638877888,,lidar,100.13675689697266,201.31375122070312,299.5593566894531,30
1787126961,638911811,,ui,0.0,0.0,0.0,0
1787126962,638335066,,esp32,99.98655700683594,120.33171081542969,199.97930908203125,30
1787126962,638529250,,lidar,100.10791015625,202.43797302246094,299.5593566894531,30
1787126962,638546157,,ui,0.0,0.0,0.0,0
1787126963,638358026,,esp32,99.98416900634766,120.3768310546875,199.97930908203125,30
1787126963,638549933,,lidar,100.19612121582031,202.43797302246094,299.5593566894531,30
1787126963,638563743,,ui,0.0,0.0,0.0,0
1787126964,638326935,,esp32,99.98750305175781,120.3768310546875,199.97930908203125,30
1787126964,638542898,,lidar,100.19612121582031,202.43797302246094,299.5593566894531,30
1787126964,638556255,,ui,0.0,0.0,0.0,0
1787126965,638527316,,esp32,99.98655700683594,120.44210815429688,199.97930908203125,30
1787126965,638745915,,lidar,100.25584411621094,202.45619201660156,299.5593566894531,30
1787126965,638760474,,ui,0.0,0.0,0.0,0
1787126966,638247172,,esp32,99.98655700683594,120.44210815429688,199.97930908203125,30
1787126966,638513749,,lidar,100.28338623046875,202.65997314453125,299.5593566894531,30
1787126966,638533785,,ui,0.0,0.0,0.0,0
1787126967,638306875,,esp32,99.98416900634766,120.44210815429688,199.97930908203125,30
1787126967,638484955,,lidar,100.31890869140625,202.65997314453125,299.5593566894531,30
1787126967,638498148,,ui,0.0,0.0,0.0,0
1787126968,638284918,,esp32,99.98655700683594,120.44210815429688,199.97930908203125,30
1787126968,638490142,,lidar,100.25584411621094,202.1186981201172,299.5593566894531,30
1787126968,638504972,,ui,0.0,0.0,0.0,0
1787126969,638383631,,esp32,99.98750305175781,120.44210815429688,199.97930908203125,30
1787126969,638603078,,lidar,100.21221923828125,202.67623901367188,299.5593566894531,30
1787126969,638618088,,ui,0.0,0.0,0.0,0
1787126970,638327245,,esp32,99.98750305175781,120.44210815429688,199.97930908203125,30
1787126970,638606141,,lidar,100.24153900146484,203.96083068847656,299.5593566894531,30
1787126970,638628410,,ui,0.0,0.0,0.0,0
1787126971,638473593,,esp32,99.99561309814453,120.56336975097656,199.97930908203125,30
1787126971,638822405,,lidar,100.16644287109375,205.0828399658203,299.5593566894531,30
1787126971,638847146,,ui,0.0,0.0,0.0,0
1787126972,638236609,,esp32,99.98750305175781,120.56336975097656,199.97930908203125,30
1787126972,638485806,,lidar,100.25477600097656,205.1857452392578,299.5593566894531,30
1787126972,638503096,,ui,0.0,0.0,0.0,0
1787126973,638204822,,esp32,99.98750305175781,120.56336975097656,199.97930908203125,30
1787126973,638420120,,lidar,100.25477600097656,235.79554748535156,311.828857421875,30
1787126973,638436979,,ui,0.0,0.0,0.0,0
1787126974,638243276,,esp32,99.98416900634766,120.56336975097656,199.97930908203125,30
1787126974,638495046,,lidar,100.18253326416016,236.67706298828125,311.828857421875,30
1787126974,638514542,,ui,0.0,0.0,0.0,0
1787126975,638379417,,esp32,99.9808349609375,120.56140899658203,199.97930908203125,30
1787126975,638581443,,lidar,100.24153900146484,297.15234375,399.85943603515625,30
1787126975,638596069,,ui,0.0,0.0,0.0,0
1787126976,638435554,,esp32,99.97511291503906,120.51791381835938,120.95880126953125,30
1787126976,638801834,,lidar,100.25477600097656,239.3216094970703,399.85943603515625,30
1787126976,638829879,,ui,0.0,0.0,0.0,0
1787126977,638225383,,esp32,99.9808349609375,120.51791381835938,120.95880126953125,30
1787126977,638397544,,lidar,100.24153900146484,240.203125,399.85943603515625,30
1787126977,638409594,,ui,0.0,0.0,0.0,0
1787126978,638175982,,esp32,99.98583984375,120.51791381835938,120.95880126953125,30
1787126978,638526968,,lidar,100.06570434570312,240.203125,399.85943603515625,30
1787126978,638553531,,ui,0.0,0.0,0.0,0
1787126979,638361048,,esp32,99.98583984375,120.51791381835938,120.95880126953125,30
1787126979,638601345,,lidar,100.03495025634766,239.3216094970703,399.85943603515625,30
1787126979,638624912,,ui,0.0,0.0,0.0,0
1787126980,638379595,,esp32,99.98703002929688,120.51791381835938,120.95880126953125,30
1787126980,638647454,,lidar,100.00813293457031,238.44009399414062,399.85943603515625,30
1787126980,638672611,,ui,0.0,0.0,0.0,0
1787126981,638318159,,esp32,99.99298858642578,120.51791381835938,120.95880126953125,30
1787126981,638525924,,lidar,100.00813293457031,238.44009399414062,399.85943603515625,30
1787126981,638538556,,ui,0.0,0.0,0.0,0
1787126982,638178507,,esp32,99.99298858642578,120.56023406982422,120.95880126953125,30
1787126982,638381811,,lidar,100.13675689697266,239.3216094970703,399.85943603515625,30
1787126982,638395538,,ui,0.0,0.0,0.0,0
1787126983,638226798,,esp32,99.98703002929688,120.56023406982422,120.95880126953125,30
1787126983,638531124,,lidar,100.12459564208984,240.203125,399.85943603515625,30
1787126983,638561806,,ui,0.0,0.0,0.0,0
1787126984,638378281,,esp32,99.98750305175781,120.56023406982422,120.95880126953125,30
1787126984,638593992,,lidar,100.24153900146484,240.203125,399.85943603515625,30
1787126984,638607262,,ui,0.0,0.0,0.0,0
1787126985,638096608,,esp32,100.0010986328125,120.56023406982422,120.95880126953125,30
1787126985,638311987,,lidar,100.31890869140625,239.3216094970703,399.85943603515625,30
1787126985,638325306,,ui,0.0,0.0,0.0,0
1787126986,638102675,,esp32,100.00324249267578,120.57699584960938,120.95880126953125,30
1787126986,638364106,,lidar,99.94709777832031,238.44009399414062,399.85943603515625,30
1787126986,638384021,,ui,0.0,0.0,0.0,0
1787126987,638007348,,esp32,100.00455474853516,120.63825988769531,120.95880126953125,30
1787126987,638204491,,lidar,99.90835571289062,239.3216094970703,399.85943603515625,30
1787126987,638219499,,ui,0.0,0.0,0.0,0
1787126988,638222220,,esp32,100.00324249267578,120.72191619873047,120.95880126953125,30
1787126988,638469404,,lidar,100.07059478759766,240.203125,399.85943603515625,30
1787126988,638487069,,ui,0.0,0.0,0.0,0
1787126989,638247389,,esp32,100.00324249267578,120.72191619873047,120.95880126953125,30
1787126989,638607012,,lidar,100.25477600097656,241.0846405029297,399.85943603515625,30
1787126989,638634117,,ui,0.0,0.0,0.0,0
1787126990,638310764,,esp32,100.00372314453125,120.72191619873047,120.95880126953125,30
1787126990,638539203,,lidar,100.07059478759766,240.203125,399.85943603515625,30
1787126990,638552398,,ui,0.0,0.0,0.0,0
1787126991,638248578,,esp32,100.00372314453125,120.72191619873047,120.95880126953125,30
1787126991,638489947,,lidar,100.0009765625,238.44009399414062,399.85943603515625,30
1787126991,638506809,,ui,0.0,0.0,0.0,0
1787126992,637955963,,esp32,100.00276184082031,120.75679016113281,121.20747375488281,30
1787126992,638191533,,lidar,99.90835571289062,235.79554748535156,399.85943603515625,30
1787126992,638212453,,ui,0.0,0.0,0.0,0
1787126993,638179609,,esp32,100.00455474853516,120.72191619873047,121.20747375488281,30
1787126993,638531736,,lidar,99.88356018066406,236.67706298828125,399.85943603515625,30
1787126993,638562658,,ui,0.0,0.0,0.0,0
1787126994,638164245,,esp32,100.00372314453125,120.72191619873047,121.20747375488281,30
1787126994,638411062,,lidar,99.88356018066406,236.67706298828125,399.85943603515625,30
1787126994,638427949,,ui,0.0,0.0,0.0,0
1787126995,638106201,,esp32,100.00372314453125,120.7235107421875,121.20747375488281,30
1787126995,638353413,,lidar,99.90835571289062,237.55857849121094,399.85943603515625,30
1787126995,638383708,,ui,0.0,0.0,0.0,0
1787126996,638230306,,esp32,100.00455474853516,120.7235107421875,121.20747375488281,30
1787126996,638488761,,lidar,99.90835571289062,234.0325164794922,399.85943603515625,30
1787126996,638506232,,ui,0.0,0.0,0.0,0
1787126997,638071817,,esp32,100.00538635253906,120.7235107421875,121.20747375488281,30
1787126997,638227999,,lidar,99.8587646484375,234.0325164794922,399.85943603515625,30
1787126997,638239942,,ui,0.0,0.0,0.0,0
1787126998,638095870,,esp32,100.00455474853516,120.7235107421875,121.20747375488281,30
1787126998,638361152,,lidar,99.90835571289062,234.0325164794922,399.85943603515625,30
1787126998,638382224,,ui,0.0,0.0,0.0,0
1787126999,638161733,,esp32,99.99811553955078,120.7235107421875,121.20747375488281,30
1787126999,638424121,,lidar,99.8374252319336,230.71543884277344,399.85943603515625,30
1787126999,638444230,,ui,0.0,0.0,0.0,0
1787127000,638169808,,esp32,99.99215698242188,120.7235107421875,121.20747375488281,30
1787127000,638423799,,lidar,99.8374252319336,228.8108673095703,399.85943603515625,30
1787127000,638442395,,ui,0.0,0.0,0.0,0
1787127001,638185161,,esp32,99.98595428466797,120.7235107421875,121.20747375488281,30
1787127001,638555342,,lidar,99.84302520751953,203.59613037109375,399.85943603515625,30
1787127001,638584801,,ui,0.0,0.0,0.0,0
1787127002,638081259,,esp32,99.99811553955078,120.7235107421875,121.20747375488281,30
1787127002,638304710,,lidar,99.751953125,203.56326293945312,399.85943603515625,30
1787127002,638319681,,ui,0.0,0.0,0.0,0
1787127003,638037176,,esp32,99.99811553955078,120.7235107421875,121.20747375488281,30
1787127003,638277008,,lidar,99.751953125,203.28414916992188,399.85943603515625,30
1787127003,638294226,,ui,0.0,0.0,0.0,0
1787127004,638130974,,esp32,100.00372314453125,120.7235107421875,121.20747375488281,30
1787127004,638380297,,lidar,99.68006896972656,203.28050231933594,399.85943603515625,30
1787127004,638399075,,ui,0.0,0.0,0.0,0
1787127005,638099012,,esp32,100.0020523071289,120.7235107421875,121.20747375488281,30
1787127005,638361489,,lidar,99.61700439453125,202.6199188232422,204.05673217773438,30
1787127005,638378277,,ui,0.0,0.0,0.0,0
1787127006,638134897,,esp32,100.00455474853516,120.7235107421875,121.20747375488281,30
1787127006,638388694,,lidar,99.61700439453125,202.6199188232422,204.05673217773438,30
1787127006,638406248,,ui,0.0,0.0,0.0,0
1787127007,638044264,,esp32,100.00407409667969,120.7235107421875,121.20747375488281,30
1787127007,638242657,,lidar,99.61986541748047,202.0286102294922,204.05673217773438,30
1787127007,638273372,,ui,0.0,0.0,0.0,0
1787127008,638155110,,esp32,100.00407409667969,120.7235107421875,121.20747375488281,30
1787127008,638536003,,lidar,99.59089660644531,202.02296447753906,204.05673217773438,30
1787127008,638569713,,ui,0.0,0.0,0.0,0
1787127009,638097158,,esp32,100.00241088867188,120.7235107421875,121.20747375488281,30
1787127009,638472203,,lidar,99.61700439453125,202.02296447753906,204.05673217773438,30
1787127009,638501992,,ui,0.0,0.0,0.0,0
1787127010,638153116,,esp32,100.00121307373047,120.7235107421875,121.20747375488281,30
1787127010,638429933,,lidar,99.61986541748047,198.7262725830078,203.4320831298828,30
1787127010,638449073,,ui,0.0,0.0,0.0,0
1787127011,638096280,,esp32,100.00241088867188,120.7235107421875,121.20747375488281,30
1787127011,638487944,,lidar,99.68006896972656,198.69033813476562,203.4320831298828,30
1787127011,638516454,,ui,0.0,0.0,0.0,0
1787127012,638014932,,esp32,100.00241088867188,120.7235107421875,121.20747375488281,30
1787127012,638233986,,lidar,99.61151885986328,197.8948516845703,202.52584838867188,30
1787127012,638247649,,ui,0.0,0.0,0.0,0
1787127013,638050144,,esp32,100.00241088867188,120.7235107421875,121.20747375488281,30
1787127013,638285420,,lidar,99.62654113769531,197.72055053710938,202.52584838867188,30
1787127013,638302520,,ui,0.0,0.0,0.0,0
1787127014,638034724,,esp32,99.9969253540039,120.7235107421875,121.20747375488281,30
1787127014,638374978,,lidar,99.66004180908203,197.72055053710938,202.52584838867188,30
1787127014,638407292,,ui,0.0,0.0,0.0,0
1787127015,638085619,,esp32,99.99120330810547,120.7235107421875,121.20747375488281,30
1787127015,638381243,,lidar,99.62654113769531,197.72055053710938,202.52584838867188,30
1787127015,638405262,,ui,0.0,0.0,0.0,0
1787127016,638028169,,esp32,99.98893737792969,120.7235107421875,121.20747375488281,30
1787127016,638284382,,lidar,99.77555084228516,197.72198486328125,202.52584838867188,30
1787127016,638301878,,ui,0.0,0.0,0.0,0
1787127017,637964680,,esp32,99.99251556396484,120.61894989013672,121.20747375488281,30
1787127017,638162838,,lidar,99.751953125,197.9971466064453,202.52584838867188,30
1787127017,638175383,,ui,0.0,0.0,0.0,0
1787127018,637928093,,esp32,99.9969253540039,120.53665161132812,121.20747375488281,30
1787127018,638165730,,lidar,99.75516510009766,197.97921752929688,202.52584838867188,30
1787127018,638179424,,ui,0.0,0.0,0.0,0
1787127019,637950919,,esp32,99.9917984008789,120.45946502685547,121.20747375488281,30
1787127019,638164088,,lidar,99.68685913085938,197.9613037109375,202.52584838867188,30
1787127019,638176386,,ui,0.0,0.0,0.0,0
1787127020,638021424,,esp32,99.99251556396484,120.45946502685547,121.20747375488281,30
1787127020,638315046,,lidar,99.71940612792969,196.30445861816406,202.52584838867188,30
1787127020,638333177,,ui,0.0,0.0,0.0,0
1787127021,637991430,,esp32,99.99251556396484,120.3933334350586,121.20747375488281,30
1787127021,638351241,,lidar,99.76554107666016,196.30445861816406,202.52584838867188,30
1787127021,638381608,,ui,0.0,0.0,0.0,0
1787127022,638037684,,esp32,100.00121307373047,120.36258697509766,120.9928970336914,30
1787127022,638382124,,lidar,99.81011962890625,199.7228240966797,202.52584838867188,30
1787127022,638401259,,ui,0.0,0.0,0.0,0
1787127023,637871685,,esp32,99.9969253540039,120.36258697509766,120.9928970336914,30
1787127023,638099605,,lidar,99.80917358398438,199.71177673339844,202.52584838867188,30
1787127023,638114683,,ui,0.0,0.0,0.0,0
1787127024,637862962,,esp32,99.9969253540039,120.34417724609375,120.9928970336914,30
1787127024,638103891,,lidar,99.81011962890625,185.1632537841797,201.96080017089844,30
1787127024,638117997,,ui,0.0,0.0,0.0,0
1787127025,637937606,,esp32,100.00443267822266,119.6811294555664,120.44644165039062,30
1787127025,638367991,,lidar,99.76554107666016,143.30795288085938,201.96080017089844,30
1787127025,638403364,,ui,0.0,0.0,0.0,0
1787127026,637987647,,esp32,100.00241088867188,101.25298309326172,120.44644165039062,30
1787127026,638393160,,lidar,99.77268981933594,143.88876342773438,201.96080017089844,30
1787127026,638427435,,ui,0.0,0.0,0.0,0
1787127027,637942135,,esp32,100.00241088867188,100.86783599853516,120.44644165039062,30
1787127027,638163411,,lidar,99.77555084228516,143.88876342773438,201.96080017089844,30
1787127027,638175511,,ui,0.0,0.0,0.0,0
1787127028,638048324,,esp32,100.00121307373047,100.86783599853516,120.44644165039062,30
1787127028,638445776,,lidar,99.77268981933594,143.88876342773438,201.96080017089844,30
1787127028,638481761,,ui,0.0,0.0,0.0,0
1787127029,637961868,,esp32,100.00121307373047,101.25298309326172,120.44644165039062,30
1787127029,638352761,,lidar,99.7730484008789,143.30795288085938,201.96080017089844,30
1787127029,638384554,,ui,0.0,0.0,0.0,0
1787127030,637948488,,esp32,100.00241088867188,100.86783599853516,119.9533920288086,30
1787127030,638283933,,lidar,99.77340698242188,136.77374267578125,201.96080017089844,30
1787127030,638313918,,ui,0.0,0.0,0.0,0
1787127031,637946280,,esp32,100.00121307373047,100.86783599853516,119.9533920288086,30
1787127031,638165464,,lidar,99.77555084228516,136.77374267578125,201.96080017089844,30
1787127031,638178589,,ui,0.0,0.0,0.0,0
1787127032,637831278,,esp32,99.99573516845703,101.03707885742188,119.9533920288086,30
1787127032,638015528,,lidar,99.81108093261719,136.77374267578125,201.96080017089844,30
1787127032,638027351,,ui,0.0,0.0,0.0,0
1787127033,637796049,,esp32,99.99251556396484,101.25298309326172,120.04375457763672,30
1787127033,638132843,,lidar,99.82323455810547,126.62237548828125,201.96080017089844,30
1787127033,638160062,,ui,0.0,0.0,0.0,0
1787127034,637895457,,esp32,99.99251556396484,101.25298309326172,120.04375457763672,30
1787127034,638121381,,lidar,99.87211608886719,126.62237548828125,201.96080017089844,30
1787127034,638136209,,ui,0.0,0.0,0.0,0
1787127035,637882127,,esp32,100.0001449584961,101.26124572753906,120.04375457763672,30
1787127035,638133068,,lidar,99.84254455566406,126.62237548828125,201.96080017089844,30
1787127035,638147461,,ui,0.0,0.0,0.0,0
1787127036,637746915,,esp32,100.0001449584961,101.26124572753906,120.04375457763672,30
1787127036,637978157,,lidar,99.85733032226562,117.26571655273438,200.7498779296875,30
1787127036,637992766,,ui,0.0,0.0,0.0,0
1787127037,637795152,,esp32,100.0001449584961,101.26124572753906,120.04375457763672,30
1787127037,638081138,,lidar,99.82550048828125,117.26571655273438,200.7498779296875,30
1787127037,638102250,,ui,0.0,0.0,0.0,0
1787127038,637793080,,esp32,100.0001449584961,101.26124572753906,120.04375457763672,30
1787127038,638085313,,lidar,99.85196685791016,117.26571655273438,200.7498779296875,30
1787127038,638105230,,ui,0.0,0.0,0.0,0
1787127039,637898662,,esp32,100.00383758544922,101.26124572753906,120.04375457763672,30
1787127039,638165355,,lidar,99.81011962890625,117.26571655273438,200.7498779296875,30
1787127039,638183503,,ui,0.0,0.0,0.0,0
1787127040,637859709,,esp32,100.00491333007812,101.26124572753906,120.04375457763672,30
1787127040,638103450,,lidar,99.81011962890625,117.26571655273438,200.7498779296875,30
1787127040,638117805,,ui,0.0,0.0,0.0,0
1787127041,637920108,,esp32,100.00145721435547,101.26124572753906,120.04375457763672,30
1787127041,638165936,,lidar,99.76554107666016,117.26571655273438,200.7498779296875,30
1787127041,638181248,,ui,0.0,0.0,0.0,0
1787127042,637711224,,esp32,100.00300598144531,101.26124572753906,120.04375457763672,30
1787127042,637882882,,lidar,99.78807067871094,117.26571655273438,200.7498779296875,30
1787127042,637894288,,ui,0.0,0.0,0.0,0
1787127043,637905850,,esp32,100.00300598144531,101.26124572753906,120.04375457763672,30
1787127043,638340483,,lidar,99.7730484008789,117.26571655273438,200.7498779296875,30
1787127043,638374873,,ui,0.0,0.0,0.0,0
1787127044,637773793,,esp32,100.00300598144531,101.26124572753906,120.04375457763672,30
1787127044,638002553,,lidar,99.802734375,126.51217651367188,200.7498779296875,30
1787127044,638015252,,ui,0.0,0.0,0.0,0
1787127045,637840985,,esp32,100.0062255859375,101.26124572753906,120.04375457763672,30
1787127045,638103733,,lidar,99.802734375,126.51217651367188,200.7498779296875,30
1787127045,638121971,,ui,0.0,0.0,0.0,0
1787127046,637835513,,esp32,100.00741577148438,101.26124572753906,120.04375457763672,30
1787127046,638065967,,lidar,99.77268981933594,126.51217651367188,200.7498779296875,30
1787127046,638079087,,ui,0.0,0.0,0.0,0
1787127047,637781165,,esp32,100.00491333007812,101.26124572753906,120.04375457763672,30
1787127047,637995675,,lidar,99.83944702148438,117.26571655273438,200.7498779296875,30
1787127047,638009368,,ui,0.0,0.0,0.0,0
1787127048,637719737,,esp32,100.00491333007812,101.26124572753906,120.04375457763672,30
1787127048,637935719,,lidar,99.83944702148438,117.26571655273438,200.7498779296875,30
1787127048,637949335,,ui,0.0,0.0,0.0,0
1787127049,637752531,,esp32,100.00741577148438,101.26124572753906,120.04375457763672,30
1787127049,637975773,,lidar,99.77436065673828,114.1435317993164,200.7498779296875,30
1787127049,637990749,,ui,0.0,0.0,0.0,0
1787127050,637763593,,esp32,100.00491333007812,101.26124572753906,120.04375457763672,30
1787127050,638006438,,lidar,99.7202377319336,114.1435317993164,200.7498779296875,30
1787127050,638021874,,ui,0.0,0.0,0.0,0
1787127051,637794439,,esp32,100.00741577148438,101.03715515136719,120.04375457763672,30
1787127051,638027848,,lidar,99.7202377319336,114.1435317993164,200.7498779296875,30
1787127051,638049422,,ui,0.0,0.0,0.0,0
1787127052,637741049,,esp32,100.0062255859375,101.03715515136719,120.04375457763672,30
1787127052,638045804,,lidar,99.69448852539062,111.98263549804688,196.89059448242188,30
1787127052,638069384,,ui,0.0,0.0,0.0,0
1787127053,637646231,,esp32,100.0062255859375,101.03715515136719,120.04375457763672,30
1787127053,637891988,,lidar,99.67708587646484,111.98263549804688,196.89059448242188,30
1787127053,637907702,,ui,0.0,0.0,0.0,0
1787127054,637689492,,esp32,100.00324249267578,101.03715515136719,120.04375457763672,30
1787127054,637935275,,lidar,99.6602783203125,112.0037612915039,196.89059448242188,30
1787127054,637948588,,ui,0.0,0.0,0.0,0
1787127055,637726751,,esp32,100.0001449584961,101.03715515136719,120.04375457763672,30
1787127055,637948292,,lidar,99.81011962890625,114.1435317993164,204.91575622558594,30
1787127055,637961808,,ui,0.0,0.0,0.0,0
1787127056,637677620,,esp32,99.99966430664062,101.03715515136719,120.04375457763672,30
1787127056,637893408,,lidar,99.81011962890625,114.1435317993164,204.91575622558594,30
1787127056,637907823,,ui,0.0,0.0,0.0,0
1787127057,637644596,,esp32,99.99716186523438,101.03715515136719,120.04375457763672,30
1787127057,637889245,,lidar,99.802734375,120.26324462890625,204.91575622558594,30
1787127057,637910999,,ui,0.0,0.0,0.0,0
1787127058,637423650,,esp32,99.99716186523438,101.03715515136719,120.04375457763672,30
1787127058,637606411,,lidar,99.90179443359375,197.0130615234375,204.91575622558594,30
1787127058,637619869,,ui,0.0,0.0,0.0,0
1787127059,637679903,,esp32,99.99883270263672,101.03715515136719,120.04375457763672,30
1787127059,637983572,,lidar,99.90679931640625,197.0130615234375,204.91575622558594,30
1787127059,638011091,,ui,0.0,0.0,0.0,0
1787127060,637620505,,esp32,99.99716186523438,101.03715515136719,120.04375457763672,30
1787127060,637906421,,lidar,99.90835571289062,197.0375518798828,204.91575622558594,30
1787127060,637925464,,ui,0.0,0.0,0.0,0
1787127061,637708783,,esp32,99.99716186523438,101.03715515136719,120.04375457763672,30
1787127061,637977772,,lidar,99.90835571289062,197.0375518798828,204.91575622558594,30
1787127061,637996486,,ui,0.0,0.0,0.0,0
1787127062,637683292,,esp32,99.99859619140625,100.98310852050781,120.04375457763672,30
1787127062,637899297,,lidar,99.9052505493164,197.0375518798828,204.91575622558594,30
1787127062,637913228,,ui,0.0,0.0,0.0,0
1787127063,637553281,,esp32,99.99859619140625,100.95244598388672,120.01872253417969,30
1787127063,637782902,,lidar,99.9052505493164,197.0375518798828,204.91575622558594,30
1787127063,637798315,,ui,0.0,0.0,0.0,0
1787127064,637680314,,esp32,99.99716186523438,100.95244598388672,120.01872253417969,30
1787127064,637936353,,lidar,99.86138153076172,197.0375518798828,204.91575622558594,30
1787127064,637950708,,ui,0.0,0.0,0.0,0
1787127065,637670857,,esp32,99.99549102783203,100.945068359375,120.01872253417969,30
1787127065,638022165,,lidar,99.89857482910156,197.0375518798828,204.91575622558594,30
1787127065,638054592,,ui,0.0,0.0,0.0,0
1787127066,637653089,,esp32,99.99418640136719,100.945068359375,120.01872253417969,30
1787127066,637902504,,lidar,99.87187194824219,197.0375518798828,204.91575622558594,30
1787127066,637918560,,ui,0.0,0.0,0.0,0
1787127067,637585404,,esp32,99.99298858642578,100.91343688964844,120.01872253417969,30
1787127067,637791515,,lidar,99.90990447998047,197.06204223632812,204.91575622558594,30
1787127067,637804223,,ui,0.0,0.0,0.0,0
1787127068,637635696,,esp32,99.99215698242188,100.91343688964844,120.01872253417969,30
1787127068,637868998,,lidar,99.90990447998047,197.06204223632812,204.91575622558594,30
1787127068,637883760,,ui,0.0,0.0,0.0,0
1787127069,637605457,,esp32,99.99215698242188,100.91343688964844,120.01872253417969,30
1787127069,637837872,,lidar,99.9561538696289,197.06204223632812,204.91575622558594,30
1787127069,637852980,,ui,0.0,0.0,0.0,0
1787127070,637742532,,esp32,99.9919204711914,100.95222473144531,120.01872253417969,30
1787127070,638157456,,lidar,99.95973205566406,197.06204223632812,204.91575622558594,30
1787127070,638195542,,ui,0.0,0.0,0.0,0
1787127071,637617886,,esp32,99.98905944824219,100.95222473144531,120.01872253417969,30
1787127071,637871871,,lidar,99.95973205566406,197.06204223632812,204.91575622558594,30
1787127071,637888549,,ui,0.0,0.0,0.0,0
1787127072,637621950,,esp32,99.98846435546875,100.95222473144531,120.01872253417969,30
1787127072,637838575,,lidar,99.96688079833984,197.06204223632812,204.91575622558594,30
1787127072,637852716,,ui,0.0,0.0,0.0,0
1787127073,637496711,,esp32,99.98857879638672,100.95222473144531,120.01872253417969,30
1787127073,637792190,,lidar,99.96688079833984,197.06204223632812,204.91575622558594,30
1787127073,637816743,,ui,0.0,0.0,0.0,0
1787127074,637623174,,esp32,99.98893737792969,100.95976257324219,120.01872253417969,30
1787127074,637892778,,lidar,99.95841979980469,195.59515380859375,204.91575622558594,30
1787127074,637916652,,ui,0.0,0.0,0.0,0
1787127075,637664715,,esp32,99.98857879638672,100.98257446289062,120.01872253417969,30
1787127075,637965308,,lidar,99.95841979980469,195.59515380859375,204.91575622558594,30
1787127075,637991653,,ui,0.0,0.0,0.0,0
1787127076,637613619,,esp32,99.98715209960938,100.98257446289062,120.01872253417969,30
1787127076,637864964,,lidar,99.93958282470703,195.59515380859375,204.91575622558594,30
1787127076,637880019,,ui,0.0,0.0,0.0,0
1787127077,637382283,,esp32,99.98715209960938,100.98257446289062,120.01872253417969,30
1787127077,637517542,,lidar,99.94900512695312,199.4464569091797,204.91575622558594,30
1787127077,637526416,,ui,0.0,0.0,0.0,0
1787127078,637452217,,esp32,99.98583984375,100.98257446289062,120.01872253417969,30
1787127078,637694326,,lidar,99.94900512695312,200.92559814453125,204.91575622558594,30
1787127078,637707475,,ui,0.0,0.0,0.0,0
1787127079,637572011,,esp32,99.98595428466797,100.98257446289062,120.01872253417969,30
1787127079,637840150,,lidar,99.9764175415039,200.92559814453125,204.91575622558594,30
1787127079,637869674,,ui,0.0,0.0,0.0,0
1787127080,637554712,,esp32,99.98583984375,100.98257446289062,120.01872253417969,30
1787127080,637835715,,lidar,99.98917388916016,200.93260192871094,204.91575622558594,30
1787127080,637859517,,ui,0.0,0.0,0.0,0
1787127081,637592671,,esp32,99.98583984375,100.96014404296875,120.01872253417969,30
1787127081,637825883,,lidar,99.98011779785156,200.93260192871094,204.91575622558594,30
1787127081,637841145,,ui,0.0,0.0,0.0,0
1787127082,637536118,,esp32,99.98595428466797,100.96014404296875,120.01872253417969,30
1787127082,637738304,,lidar,99.98011779785156,200.93260192871094,204.91575622558594,30
1787127082,637751137,,ui,0.0,0.0,0.0,0
1787127083,637398677,,esp32,99.98715209960938,100.96014404296875,120.01872253417969,30
1787127083,637668533,,lidar,99.97605895996094,200.93260192871094,204.91575622558594,30
1787127083,637687864,,ui,0.0,0.0,0.0,0
1787127084,637507910,,esp32,99.98857879638672,100.96014404296875,120.01872253417969,30
1787127084,637759595,,lidar,99.98464965820312,200.92559814453125,204.91575622558594,30
1787127084,637775086,,ui,0.0,0.0,0.0,0
1787127085,637548522,,esp32,99.98715209960938,100.98374938964844,120.01872253417969,30
1787127085,637804418,,lidar,99.96688079833984,199.47691345214844,201.73739624023438,30
1787127085,637821489,,ui,0.0,0.0,0.0,0
1787127086,637414831,,esp32,99.98905944824219,100.98374938964844,120.01872253417969,30
1787127086,637668884,,lidar,99.96104431152344,200.90306091308594,201.73739624023438,30
1787127086,637685750,,ui,0.0,0.0,0.0,0
1787127087,637465327,,esp32,99.98965454101562,100.98374938964844,120.01872253417969,30
1787127087,637664095,,lidar,99.95960998535156,199.47691345214844,201.73739624023438,30
1787127087,637676974,,ui,0.0,0.0,0.0,0
1787127088,637359159,,esp32,99.98965454101562,100.98374938964844,120.01872253417969,30
1787127088,637592647,,lidar,99.96080017089844,198.82318115234375,201.73739624023438,30
1787127088,637608250,,ui,0.0,0.0,0.0,0
1787127089,637523698,,esp32,99.98929595947266,100.95977783203125,119.90594482421875,30
1787127089,637763866,,lidar,99.96092224121094,198.8453369140625,201.73739624023438,30
1787127089,637779317,,ui,0.0,0.0,0.0,0
1787127090,637489458,,esp32,99.98965454101562,100.95977783203125,119.90594482421875,30
1787127090,637786755,,lidar,99.97605895996094,199.5878143310547,201.73739624023438,30
1787127090,637813057,,ui,0.0,0.0,0.0,0
1787127091,637492427,,esp32,99.99060821533203,100.95977783203125,119.90594482421875,30
1787127091,637764524,,lidar,99.95841979980469,199.5878143310547,201.73739624023438,30
1787127091,637784108,,ui,0.0,0.0,0.0,0
1787127092,637469311,,esp32,99.9917984008789,100.95977783203125,119.90594482421875,30
1787127092,637716986,,lidar,99.98011779785156,199.5878143310547,201.73739624023438,30
1787127092,637734682,,ui,0.0,0.0,0.0,0
1787127093,637326602,,esp32,99.99346923828125,100.95977783203125,119.90594482421875,30
1787127093,637601983,,lidar,100.0154037475586,199.60166931152344,201.73739624023438,30
1787127093,637619804,,ui,0.0,0.0,0.0,0
1787127094,637506192,,esp32,99.99478149414062,100.95977783203125,119.90594482421875,30
1787127094,637877455,,lidar,100.01754760742188,200.90306091308594,207.2317657470703,30
1787127094,637907384,,ui,0.0,0.0,0.0,0
1787127095,637493927,,esp32,99.99346923828125,100.95977783203125,119.90594482421875,30
1787127095,637864259,,lidar,100.01325988769531,200.90306091308594,207.2317657470703,30
1787127095,637893847,,ui,0.0,0.0,0.0,0
1787127096,637487138,,esp32,99.99728393554688,100.95977783203125,119.90594482421875,30
1787127096,637727209,,lidar,100.01325988769531,200.90306091308594,207.2317657470703,30
1787127096,637742833,,ui,0.0,0.0,0.0,0
1787127097,637353863,,esp32,99.99752044677734,100.95977783203125,119.90594482421875,30
1787127097,637644103,,lidar,100.0154037475586,200.89901733398438,207.2317657470703,30
1787127097,637667369,,ui,0.0,0.0,0.0,0
1787127098,637342598,,esp32,99.99835205078125,100.95977783203125,119.90594482421875,30
1787127098,637711175,,lidar,99.96855163574219,200.89901733398438,207.2317657470703,30
1787127098,637737830,,ui,0.0,0.0,0.0,0
1787127099,637473935,,esp32,99.99775695800781,100.95977783203125,119.90594482421875,30
1787127099,637801451,,lidar,99.95960998535156,200.89901733398438,207.2317657470703,30
1787127099,637828271,,ui,0.0,0.0,0.0,0
1787127100,637266665,,esp32,99.99775695800781,100.98374938964844,119.95601654052734,30
1787127100,637525293,,lidar,99.94435119628906,200.89901733398438,207.2317657470703,30
1787127100,637542915,,ui,0.0,0.0,0.0,0
1787127101,637476303,,esp32,100.0000228881836,100.98374938964844,119.95601654052734,30
1787127101,637872456,,lidar,99.96842956542969,200.9071044921875,207.2317657470703,30
1787127101,637903155,,ui,0.0,0.0,0.0,0
1787127102,637081669,,esp32,100.00133514404297,100.98374938964844,119.95601654052734,30
1787127102,637183019,,lidar,99.95758819580078,201.3582305908203,207.2317657470703,30
1787127102,637187763,,ui,0.0,0.0,0.0,0
1787127103,637351206,,esp32,100.00133514404297,100.98374938964844,119.95601654052734,30
1787127103,637747801,,lidar,99.94435119628906,201.3582305908203,207.2317657470703,30
1787127103,637781237,,ui,0.0,0.0,0.0,0
1787127104,637452594,,esp32,100.00181579589844,100.91280364990234,119.95601654052734,30
1787127104,637855001,,lidar,99.9187240600586,201.3582305908203,207.2317657470703,30
1787127104,637882926,,ui,0.0,0.0,0.0,0
1787127105,637412831,,esp32,100.00181579589844,100.91248321533203,119.95601654052734,30
1787127105,637811245,,lidar,99.9543685913086,201.3625946044922,207.2317657470703,30
1787127105,637843440,,ui,0.0,0.0,0.0,0
1787127106,637469744,,esp32,100.00181579589844,100.91248321533203,119.95601654052734,30
1787127106,637889764,,lidar,100.0213623046875,201.366943359375,207.2317657470703,30
1787127106,637921755,,ui,0.0,0.0,0.0,0
1787127107,637329536,,esp32,100.00133514404297,100.91248321533203,119.95601654052734,30
1787127107,637647687,,lidar,100.0324478149414,201.7670440673828,207.2317657470703,30
1787127107,637674877,,ui,0.0,0.0,0.0,0
1787127108,637274761,,esp32,100.00133514404297,100.91248321533203,119.95601654052734,30
1787127108,637516841,,lidar,100.00276184082031,201.39659118652344,207.2317657470703,30
1787127108,637531118,,ui,0.0,0.0,0.0,0
1787127109,637412968,,esp32,100.00133514404297,100.9515151977539,119.95601654052734,30
1787127109,637733015,,lidar,100.02946472167969,202.2205047607422,207.2317657470703,30
1787127109,637759543,,ui,0.0,0.0,0.0,0
1787127110,637384510,,esp32,100.00181579589844,100.9515151977539,119.95601654052734,30
1787127110,637760097,,lidar,100.02946472167969,202.96932983398438,207.2317657470703,30
1787127110,637797238,,ui,0.0,0.0,0.0,0
1787127111,637327147,,esp32,100.00276184082031,100.9515151977539,119.95601654052734,30
1787127111,637580693,,lidar,100.03543090820312,203.86328125,301.4822082519531,30
1787127111,637596607,,ui,0.0,0.0,0.0,0
1787127112,637178990,,esp32,100.00276184082031,100.9515151977539,119.95601654052734,30
1787127112,637409136,,lidar,99.96842956542969,205.08201599121094,307.92523193359375,30
1787127112,637423954,,ui,0.0,0.0,0.0,0
1787127113,637370974,,esp32,100.00157165527344,100.9515151977539,119.95601654052734,30
1787127113,637759448,,lidar,100.0324478149414,205.13784790039062,307.92523193359375,30
1787127113,637796293,,ui,0.0,0.0,0.0,0
1787127114,637344603,,esp32,100.00157165527344,100.9515151977539,119.95601654052734,30
1787127114,637723667,,lidar,99.90715789794922,205.165771484375,307.92523193359375,30
1787127114,637755224,,ui,0.0,0.0,0.0,0
1787127115,637299941,,esp32,100.00491333007812,100.91248321533203,119.95601654052734,30
1787127115,637523814,,lidar,100.02946472167969,205.2216033935547,307.92523193359375,30
1787127115,637541704,,ui,0.0,0.0,0.0,0
1787127116,637334043,,esp32,100.00491333007812,100.91248321533203,119.95601654052734,30
1787127116,637713443,,lidar,100.0324478149414,205.24952697753906,307.92523193359375,30
1787127116,637744325,,ui,0.0,0.0,0.0,0
1787127117,637245871,,esp32,100.00276184082031,100.91248321533203,119.95601654052734,30
1787127117,637596514,,lidar,100.06976318359375,205.24952697753906,307.92523193359375,30
1787127117,637622529,,ui,0.0,0.0,0.0,0
1787127118,637280655,,esp32,100.00157165527344,100.95191955566406,120.16320037841797,30
1787127118,637497432,,lidar,100.06976318359375,205.24952697753906,307.92523193359375,30
1787127118,637511739,,ui,0.0,0.0,0.0,0
1787127119,637292461,,esp32,100.00157165527344,100.95191955566406,120.16320037841797,30
1787127119,637530454,,lidar,100.11529541015625,205.27745056152344,307.92523193359375,30
1787127119,637558424,,ui,0.0,0.0,0.0,0
1787127120,637250397,,esp32,100.00347900390625,100.95191955566406,120.16320037841797,30
1787127120,637509017,,lidar,100.08275604248047,205.30535888671875,307.92523193359375,30
1787127120,637524863,,ui,0.0,0.0,0.0,0
1787127121,637335675,,esp32,100.00682067871094,100.95191955566406,120.16320037841797,30
1787127121,637596465,,lidar,100.1944580078125,238.11599731445312,307.92523193359375,30
1787127121,637616697,,ui,0.0,0.0,0.0,0
1787127122,637086836,,esp32,100.01004028320312,119.83374786376953,120.16320037841797,30
1787127122,637398793,,lidar,100.0783462524414,239.0518798828125,307.92523193359375,30
1787127122,637421744,,ui,0.0,0.0,0.0,0
1787127123,637078737,,esp32,100.01004028320312,119.83374786376953,120.16320037841797,30
1787127123,637358865,,lidar,100.0772705078125,238.11599731445312,307.92523193359375,30
1787127123,637383360,,ui,0.0,0.0,0.0,0
1787127124,637227772,,esp32,100.01099395751953,119.95759582519531,120.16320037841797,30
1787127124,637542121,,lidar,100.07429504394531,235.28163146972656,307.92523193359375,30
1787127124,637568544,,ui,0.0,0.0,0.0,0
1787127125,637265715,,esp32,100.01170349121094,119.95759582519531,120.16320037841797,30
1787127125,637582760,,lidar,100.0772705078125,236.2454376220703,307.92523193359375,30
1787127125,637611641,,ui,0.0,0.0,0.0,0
1787127126,637297083,,esp32,100.01004028320312,120.00669860839844,120.16320037841797,30
1787127126,637682941,,lidar,100.0772705078125,236.2454376220703,307.92523193359375,30
1787127126,637713659,,ui,0.0,0.0,0.0,0
1787127127,636883723,,esp32,100.01099395751953,120.00669860839844,120.16320037841797,30
1787127127,636987470,,lidar,100.07524108886719,240.47128295898438,307.92523193359375,30
1787127127,636994276,,ui,0.0,0.0,0.0,0
1787127128,637087277,,esp32,100.01099395751953,120.00669860839844,120.16320037841797,30
1787127128,637349382,,lidar,100.10659790039062,298.5701599121094,307.92523193359375,30
1787127128,637367555,,ui,0.0,0.0,0.0,0
1787127129,637300653,,esp32,100.0113525390625,120.00669860839844,120.16320037841797,30
1787127129,637718413,,lidar,100.11529541015625,298.6058654785156,307.92523193359375,30
1787127129,637751016,,ui,0.0,0.0,0.0,0
1787127130,637214709,,esp32,100.0113525390625,120.11434173583984,120.16320037841797,30
1787127130,637552500,,lidar,100.28040313720703,298.6415710449219,307.92523193359375,30
1787127130,637579959,,ui,0.0,0.0,0.0,0
1787127131,637202688,,esp32,100.0113525390625,120.11568450927734,120.21613311767578,30
1787127131,637466263,,lidar,100.22938537597656,298.5701599121094,307.92523193359375,30
1787127131,637485756,,ui,0.0,0.0,0.0,0
1787127132,636925816,,esp32,100.00836944580078,120.11568450927734,120.21613311767578,30
1787127132,637056677,,lidar,100.29267883300781,298.534423828125,307.92523193359375,30
1787127132,637064914,,ui,0.0,0.0,0.0,0
1787127133,637046485,,esp32,100.01004028320312,120.11568450927734,120.21613311767578,30
1787127133,637305142,,lidar,100.25572967529297,298.5701599121094,307.92523193359375,30
1787127133,637323254,,ui,0.0,0.0,0.0,0
1787127134,637236178,,esp32,100.00836944580078,120.11568450927734,120.21613311767578,30
1787127134,637627776,,lidar,100.30162048339844,298.5701599121094,307.92523193359375,30
1787127134,637657452,,ui,0.0,0.0,0.0,0
1787127135,637231982,,esp32,100.0070571899414,120.11568450927734,120.21613311767578,30
1787127135,637476225,,lidar,100.09789276123047,298.534423828125,307.92523193359375,30
1787127135,637492770,,ui,0.0,0.0,0.0,0
1787127136,637267908,,esp32,100.006103515625,120.11568450927734,120.21613311767578,30
1787127136,637682225,,lidar,100.0783462524414,298.534423828125,307.92523193359375,30
1787127136,637717588,,ui,0.0,0.0,0.0,0
1787127137,637043851,,esp32,100.00896453857422,120.11568450927734,120.21613311767578,30
1787127137,637200926,,lidar,100.05331420898438,298.49871826171875,307.92523193359375,30
1787127137,637211311,,ui,0.0,0.0,0.0,0
1787127138,637177603,,esp32,100.00896453857422,120.11568450927734,120.21613311767578,30
1787127138,637573616,,lidar,100.06379699707031,298.4272766113281,307.92523193359375,30
1787127138,637612196,,ui,0.0,0.0,0.0,0
1787127139,637149780,,esp32,100.00896453857422,120.11568450927734,120.21613311767578,30
1787127139,637404947,,lidar,100.05331420898438,298.4272766113281,307.92523193359375,30
1787127139,637418041,,ui,0.0,0.0,0.0,0
1787127140,637205154,,esp32,100.00932312011719,120.11568450927734,120.21613311767578,30
1787127140,637462603,,lidar,100.05331420898438,298.3915710449219,307.92523193359375,30
1787127140,637479012,,ui,0.0,0.0,0.0,0
1787127141,637181538,,esp32,100.01361083984375,120.11568450927734,120.21613311767578,30
1787127141,637499583,,lidar,100.04639434814453,235.44854736328125,307.92523193359375,30
1787127141,637525681,,ui,0.0,0.0,0.0,0
1787127142,637060669,,esp32,100.01695251464844,120.11568450927734,120.21613311767578,30
1787127142,637267303,,lidar,100.03948211669922,208.90951538085938,300.8203430175781,30
1787127142,637280230,,ui,0.0,0.0,0.0,0
1787127143,637098230,,esp32,100.0162353515625,120.11568450927734,120.21613311767578,30
1787127143,637456238,,lidar,100.03948211669922,208.8744659423828,300.8203430175781,30
1787127143,637484752,,ui,0.0,0.0,0.0,0
1787127144,637210163,,esp32,100.01361083984375,120.11568450927734,120.21613311767578,30
1787127144,637504378,,lidar,100.05331420898438,208.8744659423828,300.8203430175781,30
1787127144,637523691,,ui,0.0,0.0,0.0,0
1787127145,637116604,,esp32,100.0113525390625,120.11568450927734,120.21613311767578,30
1787127145,637386546,,lidar,100.03948211669922,208.83941650390625,300.8203430175781,30
1787127145,637405143,,ui,0.0,0.0,0.0,0
1787127146,637198907,,esp32,100.01074981689453,120.11568450927734,120.21613311767578,30
1787127146,637602330,,lidar,99.93743896484375,208.8043670654297,300.8203430175781,30
1787127146,637633914,,ui,0.0,0.0,0.0,0
1787127147,637092491,,esp32,100.0070571899414,120.11568450927734,120.21613311767578,30
1787127147,637465753,,lidar,99.84993743896484,208.8043670654297,300.8203430175781,30
1787127147,637497191,,ui,0.0,0.0,0.0,0
1787127148,637205443,,esp32,100.0070571899414,120.11434173583984,120.21613311767578,30
1787127148,637610342,,lidar,99.85398864746094,208.8043670654297,300.8203430175781,30
1787127148,637647607,,ui,0.0,0.0,0.0,0
1787127149,637093316,,esp32,100.0070571899414,120.11434173583984,120.21613311767578,30
1787127149,637335710,,lidar,99.84993743896484,208.76931762695312,300.8203430175781,30
1787127149,637348931,,ui,0.0,0.0,0.0,0
1787127150,637075708,,esp32,100.00872802734375,120.11434173583984,120.21613311767578,30
1787127150,637335921,,lidar,99.85196685791016,208.75180053710938,300.8203430175781,30
1787127150,637350342,,ui,0.0,0.0,0.0,0
1787127151,637123201,,esp32,100.0070571899414,120.11434173583984,120.21613311767578,30
1787127151,637363561,,lidar,99.81846618652344,208.04736328125,297.24859619140625,30
1787127151,637378563,,ui,0.0,0.0,0.0,0
1787127152,636871360,,esp32,100.00634002685547,120.09403991699219,120.21613311767578,30
1787127152,637061630,,lidar,99.84993743896484,208.04258728027344,297.24859619140625,30
1787127152,637072352,,ui,0.0,0.0,0.0,0
1787127153,637097258,,esp32,100.00443267822266,120.09403991699219,120.21613311767578,30
1787127153,637366677,,lidar,99.82085418701172,208.04258728027344,297.24859619140625,30
1787127153,637386058,,ui,0.0,0.0,0.0,0
1787127154,637056813,,esp32,100.00264739990234,120.0064926147461,120.21613311767578,30
1787127154,637298695,,lidar,99.82323455810547,208.04258728027344,297.24859619140625,30
1787127154,637311775,,ui,0.0,0.0,0.0,0
1787127155,637114591,,esp32,100.00264739990234,120.0064926147461,120.21613311767578,30
1787127155,637380122,,lidar,99.8220443725586,208.0377960205078,297.24859619140625,30
1787127155,637393871,,ui,0.0,0.0,0.0,0
1787127156,637047691,,esp32,100.0051498413086,120.00460052490234,120.21613311767578,30
1787127156,637342622,,lidar,99.81846618652344,208.0377960205078,297.24859619140625,30
1787127156,637371967,,ui,0.0,0.0,0.0,0
1787127157,636942293,,esp32,100.00419616699219,119.9779281616211,120.21613311767578,30
1787127157,637128208,,lidar,99.83658599853516,205.44139099121094,297.24859619140625,30
1787127157,637139696,,ui,0.0,0.0,0.0,0
1787127158,636903715,,esp32,100.00419616699219,119.9779281616211,120.21613311767578,30
1787127158,637147630,,lidar,99.80952453613281,205.02761840820312,210.20626831054688,30
1787127158,637162441,,ui,0.0,0.0,0.0,0
1787127159,637094038,,esp32,100.00216674804688,119.9779281616211,120.21613311767578,30
1787127159,637375676,,lidar,99.83658599853516,205.02761840820312,210.20626831054688,30
1787127159,637394170,,ui,0.0,0.0,0.0,0
1787127160,637087314,,esp32,99.99954986572266,119.89178466796875,120.21613311767578,30
1787127160,637496623,,lidar,99.81608581542969,203.06849670410156,210.20626831054688,30
1787127160,637527373,,ui,0.0,0.0,0.0,0
1787127161,637098828,,esp32,100.00133514404297,119.66410064697266,120.09382629394531,30
1787127161,637557544,,lidar,99.82323455810547,203.06849670410156,210.20626831054688,30
1787127161,637595903,,ui,0.0,0.0,0.0,0
1787127162,636957104,,esp32,99.99764251708984,119.56314849853516,119.97676086425781,30
1787127162,637142302,,lidar,99.80952453613281,203.04725646972656,210.20626831054688,30
1787127162,637152427,,ui,0.0,0.0,0.0,0
1787127163,636982645,,esp32,99.9959716796875,119.56314849853516,119.97676086425781,30
1787127163,637318010,,lidar,99.80297088623047,197.5771484375,205.06906127929688,30
1787127163,637338049,,ui,0.0,0.0,0.0,0
1787127164,637039021,,esp32,100.00169372558594,119.56314849853516,119.97676086425781,30
1787127164,637321936,,lidar,99.80297088623047,197.5771484375,205.06906127929688,30
1787127164,637339772,,ui,0.0,0.0,0.0,0
1787127165,636683335,,esp32,100.00169372558594,101.12059783935547,119.97676086425781,30
1787127165,636853298,,lidar,99.81608581542969,197.5771484375,205.06906127929688,30
1787127165,636862040,,ui,0.0,0.0,0.0,0
1787127166,637048509,,esp32,100.00169372558594,101.12059783935547,119.97676086425781,30
1787127166,637349956,,lidar,99.80952453613281,197.52053833007812,205.06906127929688,30
1787127166,637367908,,ui,0.0,0.0,0.0,0
1787127167,636820757,,esp32,99.99764251708984,100.9292984008789,119.89093017578125,30
1787127167,636981730,,lidar,99.81965637207031,197.0075225830078,205.06906127929688,30
1787127167,636990564,,ui,0.0,0.0,0.0,0
1787127168,636904682,,esp32,99.99835205078125,100.9292984008789,119.89093017578125,30
1787127168,637312726,,lidar,99.80952453613281,197.0075225830078,205.06906127929688,30
1787127168,637341735,,ui,0.0,0.0,0.0,0
1787127169,636941982,,esp32,99.99835205078125,101.12059783935547,119.98176574707031,30
1787127169,637213637,,lidar,99.81608581542969,118.61711883544922,205.06906127929688,30
1787127169,637228351,,ui,0.0,0.0,0.0,0
1787127170,636766876,,esp32,99.9968032836914,101.12059783935547,119.98176574707031,30
1787127170,636926377,,lidar,99.80297088623047,202.57577514648438,205.06906127929688,30
1787127170,636934042,,ui,0.0,0.0,0.0,0
1787127171,636866504,,esp32,99.9969253540039,101.12059783935547,119.98176574707031,30
1787127171,637140468,,lidar,99.80297088623047,118.60366821289062,205.06906127929688,30
1787127171,637155661,,ui,0.0,0.0,0.0,0
1787127172,636603957,,esp32,99.99549102783203,101.12059783935547,119.98176574707031,30
1787127172,636724591,,lidar,99.82323455810547,118.60366821289062,205.06906127929688,30
1787127172,636730076,,ui,0.0,0.0,0.0,0
1787127173,636692767,,esp32,99.99752044677734,101.12413787841797,119.98176574707031,30
1787127173,636940626,,lidar,99.81965637207031,117.72909545898438,205.06906127929688,30
1787127173,636955595,,ui,0.0,0.0,0.0,0
1787127174,636912146,,esp32,99.99847412109375,101.12413787841797,119.98176574707031,30
1787127174,637211537,,lidar,99.82276153564453,112.97122955322266,202.89849853515625,30
1787127174,637225848,,ui,0.0,0.0,0.0,0
1787127175,637106873,,esp32,99.99835205078125,101.12413787841797,119.98176574707031,30
1787127175,637391018,,lidar,99.822998046875,112.99300384521484,202.89849853515625,30
1787127175,637409733,,ui,0.0,0.0,0.0,0
1787127176,637054038,,esp32,99.99847412109375,101.12413787841797,119.98176574707031,30
1787127176,637488985,,lidar,99.91323852539062,112.99300384521484,202.89849853515625,30
1787127176,637519236,,ui,0.0,0.0,0.0,0
1787127177,636628940,,esp32,100.0000228881836,119.66410064697266,119.98176574707031,30
1787127177,636882172,,lidar,99.96581268310547,117.72909545898438,203.67979431152344,30
1787127177,636900696,,ui,0.0,0.0,0.0,0
1787127178,636766636,,esp32,100.00216674804688,101.12413787841797,119.98176574707031,30
1787127178,637181897,,lidar,99.91323852539062,115.61671447753906,203.67979431152344,30
1787127178,637213783,,ui,0.0,0.0,0.0,0
1787127179,636654384,,esp32,100.00061798095703,119.6646499633789,119.98176574707031,30
1787127179,636891821,,lidar,99.82085418701172,115.61671447753906,203.67979431152344,30
1787127179,636904688,,ui,0.0,0.0,0.0,0
1787127180,636660483,,esp32,99.99894714355469,119.6646499633789,119.98176574707031,30
1787127180,636972140,,lidar,99.8189468383789,199.9919891357422,203.67979431152344,30
1787127180,636991471,,ui,0.0,0.0,0.0,0
1787127181,636897218,,esp32,100.00061798095703,119.9346694946289,119.98176574707031,30
1787127181,637214459,,lidar,99.822998046875,200.01876831054688,203.67979431152344,30
1787127181,637236272,,ui,0.0,0.0,0.0,0
1787127182,636749022,,esp32,100.00216674804688,119.94602966308594,120.076416015625,30
1787127182,637073859,,lidar,99.79474639892578,200.01876831054688,203.67979431152344,30
1787127182,637097710,,ui,0.0,0.0,0.0,0
1787127183,636820014,,esp32,100.00264739990234,120.07647705078125,139.1274871826172,30
1787127183,637073582,,lidar,99.79474639892578,200.01876831054688,203.67979431152344,30
1787127183,637087165,,ui,0.0,0.0,0.0,0
1787127184,636922564,,esp32,100.00241088867188,120.07647705078125,139.1274871826172,30
1787127184,637201409,,lidar,99.79689025878906,200.01876831054688,203.67979431152344,30
1787127184,637217953,,ui,0.0,0.0,0.0,0
1787127185,636858364,,esp32,100.00061798095703,120.08406066894531,139.1274871826172,30
1787127185,637130294,,lidar,99.81095886230469,200.01876831054688,203.67979431152344,30
1787127185,637144163,,ui,0.0,0.0,0.0,0
1787127186,636834257,,esp32,99.99847412109375,120.08406066894531,139.1274871826172,30
1787127186,637111307,,lidar,99.82085418701172,200.01876831054688,203.67979431152344,30
1787127186,637125016,,ui,0.0,0.0,0.0,0
1787127187,636514033,,esp32,99.99847412109375,120.34037017822266,139.1274871826172,30
1787127187,636703914,,lidar,99.81095886230469,200.01876831054688,203.67979431152344,30
1787127187,636716144,,ui,0.0,0.0,0.0,0
1787127188,636748649,,esp32,99.99811553955078,120.34037017822266,139.1274871826172,30
1787127188,637086354,,lidar,99.82085418701172,200.01876831054688,203.67979431152344,30
1787127188,637111183,,ui,0.0,0.0,0.0,0
1787127189,636668010,,esp32,99.99894714355469,120.34037017822266,139.1274871826172,30
1787127189,637090849,,lidar,99.85685729980469,198.08633422851562,203.67979431152344,30
1787127189,637122731,,ui,0.0,0.0,0.0,0
1787127190,636789844,,esp32,100.00061798095703,120.34037017822266,139.1274871826172,30
1787127190,637065290,,lidar,99.85304260253906,198.08633422851562,203.67979431152344,30
1787127190,637080837,,ui,0.0,0.0,0.0,0
1787127191,636784205,,esp32,99.99894714355469,120.34037017822266,139.1274871826172,30
1787127191,637037752,,lidar,99.82276153564453,198.08633422851562,203.67979431152344,30
1787127191,637051239,,ui,0.0,0.0,0.0,0
1787127192,636500611,,esp32,100.00038146972656,120.34037017822266,139.1274871826172,30
1787127192,636763538,,lidar,99.82276153564453,198.08633422851562,203.67979431152344,30
1787127192,636779805,,ui,0.0,0.0,0.0,0
1787127193,636802893,,esp32,100.00181579589844,120.34037017822266,139.1274871826172,30
1787127193,637162139,,lidar,99.85304260253906,198.08633422851562,203.67979431152344,30
1787127193,637192001,,ui,0.0,0.0,0.0,0
1787127194,636776830,,esp32,99.99859619140625,120.34037017822266,139.1274871826172,30
1787127194,637034433,,lidar,99.85304260253906,198.08633422851562,203.67979431152344,30
1787127194,637047108,,ui,0.0,0.0,0.0,0
1787127195,636802540,,esp32,99.99894714355469,120.34037017822266,139.1274871826172,30
1787127195,637057295,,lidar,99.82276153564453,198.08633422851562,203.67979431152344,30
1787127195,637069989,,ui,0.0,0.0,0.0,0
1787127196,636781637,,esp32,99.99894714355469,120.34037017822266,139.1274871826172,30
1787127196,637060378,,lidar,99.8189468383789,198.08633422851562,203.67979431152344,30
1787127196,637079061,,ui,0.0,0.0,0.0,0
1787127197,636572296,,esp32,100.00038146972656,120.34037017822266,139.1274871826172,30
1787127197,636771542,,lidar,99.8189468383789,198.08633422851562,203.67979431152344,30
1787127197,636782603,,ui,0.0,0.0,0.0,0
1787127198,636377771,,esp32,100.00038146972656,120.34037017822266,139.1274871826172,30
1787127198,636475843,,lidar,99.80905151367188,200.01876831054688,205.59930419921875,30
1787127198,636481181,,ui,0.0,0.0,0.0,0
1787127199,636712901,,esp32,100.00038146972656,120.34037017822266,139.1274871826172,30
1787127199,637020683,,lidar,99.8189468383789,200.0455322265625,205.59930419921875,30
1787127199,637040451,,ui,0.0,0.0,0.0,0
1787127200,636777534,,esp32,100.00038146972656,120.34037017822266,139.1274871826172,30
1787127200,637097755,,lidar,99.8189468383789,198.12380981445312,205.59930419921875,30
1787127200,637117496,,ui,0.0,0.0,0.0,0
1787127201,636757698,,esp32,99.99871063232422,120.34037017822266,139.1274871826172,30
1787127201,637015398,,lidar,99.84207153320312,198.16952514648438,205.59930419921875,30
1787127201,637028642,,ui,0.0,0.0,0.0,0
1787127202,636540494,,esp32,99.99906921386719,120.34037017822266,139.1274871826172,30
1787127202,636790130,,lidar,99.82276153564453,198.16952514648438,205.59930419921875,30
1787127202,636805871,,ui,0.0,0.0,0.0,0
1787127203,636675341,,esp32,100.00181579589844,120.34037017822266,139.1274871826172,30
1787127203,636908142,,lidar,99.83241271972656,198.18777465820312,205.59930419921875,30
1787127203,636922538,,ui,0.0,0.0,0.0,0
1787127204,636784412,,esp32,99.99906921386719,120.34037017822266,139.1274871826172,30
1787127204,637189085,,lidar,99.8475570678711,198.18777465820312,205.59930419921875,30
1787127204,637219640,,ui,0.0,0.0,0.0,0
1787127205,636788447,,esp32,100.00181579589844,120.34037017822266,139.1274871826172,30
1787127205,637253533,,lidar,99.85304260253906,198.16952514648438,205.59930419921875,30
1787127205,637282860,,ui,0.0,0.0,0.0,0
1787127206,636795649,,esp32,100.00074005126953,120.34037017822266,139.1274871826172,30
1787127206,637266991,,lidar,99.8475570678711,200.15052795410156,205.7669219970703,30
1787127206,637301913,,ui,0.0,0.0,0.0,0
1787127207,636486968,,esp32,99.99954986572266,120.34037017822266,139.1274871826172,30
1787127207,636649090,,lidar,99.86508178710938,203.85018920898438,205.7669219970703,30
1787127207,636658531,,ui,0.0,0.0,0.0,0
1787127208,636741864,,esp32,99.99906921386719,120.34037017822266,139.1274871826172,30
1787127208,637018958,,lidar,99.86508178710938,203.85018920898438,205.7669219970703,30
1787127208,637035484,,ui,0.0,0.0,0.0,0
1787127209,636707462,,esp32,99.99954986572266,120.34037017822266,139.1274871826172,30
1787127209,636992664,,lidar,100.16822814941406,203.85018920898438,205.7669219970703,30
1787127209,637009287,,ui,0.0,0.0,0.0,0
1787127210,636736522,,esp32,100.0020523071289,120.34037017822266,139.1274871826172,30
1787127210,636997869,,lidar,100.19921875,203.85018920898438,205.7669219970703,30
1787127210,637013234,,ui,0.0,0.0,0.0,0
1787127211,636724852,,esp32,100.00074005126953,120.34319305419922,139.1274871826172,30
1787127211,636985800,,lidar,100.1951675415039,203.8461456298828,205.7669219970703,30
1787127211,636998994,,ui,0.0,0.0,0.0,0
1787127212,636549387,,esp32,100.0020523071289,120.34319305419922,139.1274871826172,30
1787127212,636823059,,lidar,100.23057556152344,203.85018920898438,205.7669219970703,30
1787127212,636844221,,ui,0.0,0.0,0.0,0
1787127213,636645163,,esp32,100.00074005126953,120.34037017822266,120.36872100830078,30
1787127213,636929275,,lidar,100.24249267578125,203.85018920898438,205.7669219970703,30
1787127213,636943632,,ui,0.0,0.0,0.0,0
1787127214,636851989,,esp32,100.00074005126953,120.34037017822266,120.36872100830078,30
1787127214,637412243,,lidar,100.2815933227539,203.85018920898438,205.7669219970703,30
1787127214,637436213,,ui,0.0,0.0,0.0,0
1787127215,636702286,,esp32,100.0020523071289,120.34319305419922,120.36872100830078,30
1787127215,637134772,,lidar,100.29649353027344,203.85423278808594,205.7669219970703,30
1787127215,637169274,,ui,0.0,0.0,0.0,0
1787127216,636618938,,esp32,100.00312042236328,120.34319305419922,120.36872100830078,30
1787127216,636965735,,lidar,100.2449951171875,203.85423278808594,205.7669219970703,30
1787127216,636993368,,ui,0.0,0.0,0.0,0
1787127217,636468410,,esp32,100.00312042236328,120.27776336669922,120.36752319335938,30
1787127217,636640614,,lidar,100.239990234375,203.85423278808594,205.7669219970703,30
1787127217,636654189,,ui,0.0,0.0,0.0,0
1787127218,636610991,,esp32,100.00312042236328,120.27776336669922,120.36752319335938,30
1787127218,636885882,,lidar,100.239990234375,203.85423278808594,205.7669219970703,30
1787127218,636899967,,ui,0.0,0.0,0.0,0
1787127219,636636051,,esp32,100.0020523071289,120.27776336669922,120.36752319335938,30
1787127219,636890884,,lidar,100.2449951171875,203.85423278808594,205.7669219970703,30
1787127219,636905294,,ui,0.0,0.0,0.0,0
1787127220,636636919,,esp32,100.00312042236328,120.27776336669922,120.36752319335938,30
1787127220,636896745,,lidar,100.239990234375,203.85423278808594,205.7669219970703,30
1787127220,636909998,,ui,0.0,0.0,0.0,0
1787127221,636621678,,esp32,100.00312042236328,120.27776336669922,120.36752319335938,30
1787127221,636912268,,lidar,100.19111633300781,203.85423278808594,205.7669219970703,30
1787127221,636930544,,ui,0.0,0.0,0.0,0
1787127222,636367147,,esp32,100.00431823730469,120.27776336669922,120.36752319335938,30
1787127222,636655634,,lidar,100.20613861083984,204.2558135986328,205.7669219970703,30
1787127222,636675266,,ui,0.0,0.0,0.0,0
1787127223,636680212,,esp32,100.00431823730469,120.27174377441406,120.36752319335938,30
1787127223,637122441,,lidar,100.19111633300781,204.2592315673828,205.7669219970703,30
1787127223,637155660,,ui,0.0,0.0,0.0,0
1787127224,636686521,,esp32,100.00669860839844,120.27174377441406,120.36752319335938,30
1787127224,637150946,,lidar,100.19111633300781,204.2592315673828,205.7669219970703,30
1787127224,637187151,,ui,0.0,0.0,0.0,0
1787127225,636652878,,esp32,100.00574493408203,120.27762603759766,120.36752319335938,30
1787127225,637088634,,lidar,100.22091674804688,204.2592315673828,205.7669219970703,30
1787127225,637121323,,ui,0.0,0.0,0.0,0
1787127226,636617330,,esp32,100.00574493408203,120.27762603759766,120.36752319335938,30
1787127226,637046775,,lidar,100.22116088867188,204.2592315673828,205.7669219970703,30
1787127226,637081641,,ui,0.0,0.0,0.0,0
1787127227,636521690,,esp32,100.00669860839844,120.30047607421875,120.44239044189453,30
1787127227,636749017,,lidar,100.22759246826172,204.2592315673828,205.7669219970703,30
1787127227,636762400,,ui,0.0,0.0,0.0,0
1787127228,636625639,,esp32,100.00669860839844,120.30047607421875,120.44239044189453,30
1787127228,636890124,,lidar,100.23629760742188,203.8582763671875,205.7669219970703,30
1787127228,636905409,,ui,0.0,0.0,0.0,0
1787127229,636611645,,esp32,100.00777435302734,120.30047607421875,120.44239044189453,30
1787127229,636881203,,lidar,100.22437286376953,203.8582763671875,205.7669219970703,30
1787127229,636896865,,ui,0.0,0.0,0.0,0
1787127230,636571123,,esp32,100.00872802734375,120.30047607421875,120.44239044189453,30
1787127230,636830096,,lidar,100.22116088867188,203.86231994628906,205.7669219970703,30
1787127230,636843126,,ui,0.0,0.0,0.0,0
1787127231,636610354,,esp32,100.01004028320312,120.30047607421875,120.44239044189453,30
1787127231,636933073,,lidar,100.22437286376953,203.8582763671875,205.7669219970703,30
1787127231,636954123,,ui,0.0,0.0,0.0,0
1787127232,636226805,,esp32,100.00872802734375,120.30047607421875,120.44239044189453,30
1787127232,636368257,,lidar,100.24774169921875,203.8582763671875,205.7669219970703,30
1787127232,636376610,,ui,0.0,0.0,0.0,0
1787127233,636483567,,esp32,100.00765228271484,120.30047607421875,120.44239044189453,30
1787127233,636799072,,lidar,100.20601654052734,203.8582763671875,205.7669219970703,30
1787127233,636831025,,ui,0.0,0.0,0.0,0
1787127234,636572910,,esp32,100.0152816772461,120.30047607421875,120.44239044189453,30
1787127234,636928427,,lidar,100.1882553100586,203.8582763671875,205.7669219970703,30
1787127234,636955242,,ui,0.0,0.0,0.0,0
1787127235,636528951,,esp32,100.01313781738281,120.30047607421875,120.44239044189453,30
1787127235,636815075,,lidar,100.20601654052734,203.8582763671875,205.7669219970703,30
1787127235,636828656,,ui,0.0,0.0,0.0,0
1787127236,636489890,,esp32,100.0152816772461,120.30047607421875,120.44239044189453,30
1787127236,636792484,,lidar,100.22091674804688,202.06585693359375,204.56051635742188,30
1787127236,636811619,,ui,0.0,0.0,0.0,0
1787127237,636152304,,esp32,100.01576232910156,120.36563873291016,120.44381713867188,30
1787127237,636331070,,lidar,100.20137023925781,199.984375,204.56051635742188,30
1787127237,636342611,,ui,0.0,0.0,0.0,0
1787127238,636498975,,esp32,100.01576232910156,120.36563873291016,120.44381713867188,30
1787127238,636783851,,lidar,100.19624328613281,199.99099731445312,204.56051635742188,30
1787127238,636800147,,ui,0.0,0.0,0.0,0
1787127239,636579536,,esp32,100.01313781738281,120.36563873291016,120.44381713867188,30
1787127239,637023119,,lidar,100.1800308227539,199.99099731445312,204.56051635742188,30
1787127239,637055891,,ui,0.0,0.0,0.0,0
1787127240,636513431,,esp32,100.00634002685547,120.36827850341797,120.61238098144531,30
1787127240,636781038,,lidar,100.16178894042969,199.984375,204.56051635742188,30
1787127240,636794674,,ui,0.0,0.0,0.0,0
1787127241,636539306,,esp32,100.00765228271484,120.36827850341797,120.61238098144531,30
1787127241,636873936,,lidar,100.12173461914062,199.984375,204.56051635742188,30
1787127241,636894352,,ui,0.0,0.0,0.0,0
1787127242,636134183,,esp32,100.0020523071289,120.38101959228516,120.61238098144531,30
1787127242,636270729,,lidar,100.10445404052734,199.97775268554688,204.56051635742188,30
1787127242,636280092,,ui,0.0,0.0,0.0,0
1787127243,636500882,,esp32,100.00181579589844,120.38101959228516,120.61238098144531,30
1787127243,636979966,,lidar,100.02100372314453,199.97775268554688,204.56051635742188,30
1787127243,637015656,,ui,0.0,0.0,0.0,0
1787127244,636483531,,esp32,100.00347900390625,120.38101959228516,120.61238098144531,30
1787127244,636749279,,lidar,99.97391510009766,199.97775268554688,204.56051635742188,30
1787127244,636763173,,ui,0.0,0.0,0.0,0
1787127245,636357928,,esp32,100.00538635253906,120.4424057006836,120.61238098144531,30
1787127245,636645890,,lidar,100.03089904785156,199.98818969726562,204.56051635742188,30
1787127245,636658769,,ui,0.0,0.0,0.0,0
1787127246,636388753,,esp32,100.00634002685547,120.4424057006836,120.61238098144531,30
1787127246,636747761,,lidar,99.97391510009766,199.98818969726562,204.56051635742188,30
1787127246,636769046,,ui,0.0,0.0,0.0,0
1787127247,636161173,,esp32,100.00741577148438,120.4424057006836,120.61238098144531,30
1787127247,636409498,,lidar,100.03089904785156,199.98818969726562,204.56051635742188,30
1787127247,636424908,,ui,0.0,0.0,0.0,0
1787127248,636556280,,esp32,100.00538635253906,120.4424057006836,120.61238098144531,30
1787127248,637042739,,lidar,100.03590393066406,199.98818969726562,204.56051635742188,30
1787127248,637080152,,ui,0.0,0.0,0.0,0
1787127249,636501646,,esp32,100.00538635253906,120.4424057006836,120.61238098144531,30
1787127249,636802466,,lidar,99.9796371459961,199.98818969726562,204.56051635742188,30
1787127249,636816731,,ui,0.0,0.0,0.0,0
1787127250,636534970,,esp32,100.0020523071289,120.4424057006836,120.61238098144531,30
1787127250,636824744,,lidar,100.16012573242188,199.99630737304688,204.56051635742188,30
1787127250,636839884,,ui,0.0,0.0,0.0,0
1787127251,636437533,,esp32,100.00181579589844,120.4424057006836,120.61238098144531,30
1787127251,636682868,,lidar,100.17538452148438,199.99630737304688,204.56051635742188,30
1787127251,636699568,,ui,0.0,0.0,0.0,0
1787127252,636156663,,esp32,100.00181579589844,120.4424057006836,120.61238098144531,30
1787127252,636279949,,lidar,100.16095733642578,198.94757080078125,201.8716278076172,30
1787127252,636286261,,ui,0.0,0.0,0.0,0
1787127253,636244974,,esp32,100.00169372558594,120.4424057006836,120.61238098144531,30
1787127253,636533285,,lidar,100.16178894042969,198.93699645996094,201.8716278076172,30
1787127253,636547959,,ui,0.0,0.0,0.0,0
1787127254,636434418,,esp32,100.00169372558594,120.4424057006836,120.61238098144531,30
1787127254,636748114,,lidar,100.1272201538086,198.20297241210938,201.8716278076172,30
1787127254,636762466,,ui,0.0,0.0,0.0,0
1787127255,636306005,,esp32,100.00169372558594,120.44480895996094,120.9766845703125,30
1787127255,636564986,,lidar,100.16178894042969,198.20297241210938,201.8716278076172,30
1787127255,636580282,,ui,0.0,0.0,0.0,0
1787127256,636419115,,esp32,100.00169372558594,120.44480895996094,120.9766845703125,30
1787127256,636715331,,lidar,100.16178894042969,198.20297241210938,201.8716278076172,30
1787127256,636729517,,ui,0.0,0.0,0.0,0
1787127257,636150142,,esp32,100.00241088867188,120.44480895996094,120.9766845703125,30
1787127257,636416257,,lidar,100.14987182617188,198.20297241210938,201.8716278076172,30
1787127257,636431627,,ui,0.0,0.0,0.0,0
1787127258,636309784,,esp32,100.00741577148438,120.47455596923828,120.9766845703125,30
1787127258,636608818,,lidar,100.046630859375,198.20297241210938,201.8716278076172,30
1787127258,636626626,,ui,0.0,0.0,0.0,0
1787127259,636412418,,esp32,100.00466918945312,120.47455596923828,120.9766845703125,30
1787127259,636729754,,lidar,100.03292846679688,197.39720153808594,201.8716278076172,30
1787127259,636758928,,ui,0.0,0.0,0.0,0
1787127260,636402984,,esp32,100.00466918945312,120.47525787353516,120.9766845703125,30
1787127260,636694286,,lidar,100.046630859375,121.77820587158203,200.7429656982422,30
1787127260,636713193,,ui,0.0,0.0,0.0,0
1787127261,636426337,,esp32,100.00360107421875,120.47525787353516,120.9766845703125,30
1787127261,636699350,,lidar,99.99012756347656,121.77820587158203,200.7429656982422,30
1787127261,636712918,,ui,0.0,0.0,0.0,0
1787127262,636076362,,esp32,100.00538635253906,120.47525787353516,120.9766845703125,30
1787127262,636186101,,lidar,99.9746322631836,121.77820587158203,200.7429656982422,30
1787127262,636191998,,ui,0.0,0.0,0.0,0
1787127263,636268179,,esp32,100.00466918945312,120.48942565917969,120.9766845703125,30
1787127263,636516765,,lidar,99.98464965820312,121.77820587158203,200.7429656982422,30
1787127263,636530283,,ui,0.0,0.0,0.0,0
1787127264,636326286,,esp32,100.00241088867188,120.54369354248047,120.9766845703125,30
1787127264,636595270,,lidar,99.9746322631836,121.77820587158203,200.7429656982422,30
1787127264,636610255,,ui,0.0,0.0,0.0,0
1787127265,636104596,,esp32,100.0000228881836,120.54369354248047,120.9766845703125,30
1787127265,636409353,,lidar,99.98464965820312,121.77820587158203,200.7429656982422,30
1787127265,636429343,,ui,0.0,0.0,0.0,0
1787127266,636479216,,esp32,100.00216674804688,120.54369354248047,120.9766845703125,30
1787127266,636959770,,lidar,99.97320556640625,121.77820587158203,200.7429656982422,30
1787127266,636996723,,ui,0.0,0.0,0.0,0
1787127267,636040982,,esp32,99.99823760986328,120.54369354248047,120.9766845703125,30
1787127267,636211294,,lidar,99.9155044555664,121.77820587158203,200.7429656982422,30
1787127267,636220437,,ui,0.0,0.0,0.0,0
1787127268,636381825,,esp32,99.99823760986328,120.54369354248047,120.9766845703125,30
1787127268,636840121,,lidar,99.93922424316406,112.54719543457031,200.7429656982422,30
1787127268,636876041,,ui,0.0,0.0,0.0,0
1787127269,636322774,,esp32,100.0000228881836,120.54369354248047,120.9766845703125,30
1787127269,636585684,,lidar,99.96855163574219,112.54719543457031,200.7429656982422,30
1787127269,636602307,,ui,0.0,0.0,0.0,0
1787127270,636341915,,esp32,100.0000228881836,120.48942565917969,120.9766845703125,30
1787127270,636651601,,lidar,99.93922424316406,112.54719543457031,200.7429656982422,30
1787127270,636671402,,ui,0.0,0.0,0.0,0
1787127271,636362011,,esp32,100.0000228881836,120.48942565917969,120.9766845703125,30
1787127271,636633529,,lidar,99.96342468261719,112.54719543457031,200.7429656982422,30
1787127271,636649143,,ui,0.0,0.0,0.0,0
1787127272,636198107,,esp32,100.00765228271484,120.48942565917969,120.9766845703125,30
1787127272,636432762,,lidar,99.97391510009766,118.82310485839844,200.7429656982422,30
1787127272,636447659,,ui,0.0,0.0,0.0,0
1787127273,636284005,,esp32,100.0120620727539,120.48942565917969,120.9766845703125,30
1787127273,636606313,,lidar,99.96855163574219,118.82310485839844,200.7429656982422,30
1787127273,636624657,,ui,0.0,0.0,0.0,0
1787127274,636337463,,esp32,100.01254272460938,120.48942565917969,120.9766845703125,30
1787127274,636667886,,lidar,99.96342468261719,118.82310485839844,200.7429656982422,30
1787127274,636683151,,ui,0.0,0.0,0.0,0
1787127275,636258952,,esp32,100.00765228271484,120.49073791503906,120.9766845703125,30
1787127275,636524605,,lidar,99.91383361816406,112.48448181152344,197.3195037841797,30
1787127275,636538186,,ui,0.0,0.0,0.0,0
1787127276,636326427,,esp32,100.00765228271484,120.49073791503906,120.9766845703125,30
1787127276,636615764,,lidar,99.93922424316406,118.82310485839844,200.7935028076172,30
1787127276,636630318,,ui,0.0,0.0,0.0,0
1787127277,635968561,,esp32,100.00360107421875,120.49073791503906,120.9766845703125,30
1787127277,636096120,,lidar,99.93922424316406,118.82310485839844,200.7935028076172,30
1787127277,636102069,,ui,0.0,0.0,0.0,0
1787127278,636245132,,esp32,100.00360107421875,120.49073791503906,120.9766845703125,30
1787127278,636537144,,lidar,99.9146728515625,118.82310485839844,200.7935028076172,30
1787127278,636552809,,ui,0.0,0.0,0.0,0
1787127279,636297041,,esp32,99.99930572509766,120.49073791503906,120.9766845703125,30
1787127279,636592039,,lidar,99.88343811035156,118.82310485839844,200.7935028076172,30
1787127279,636608454,,ui,0.0,0.0,0.0,0
1787127280,636308054,,esp32,100.00360107421875,120.49073791503906,120.9766845703125,30
1787127280,636588998,,lidar,99.85304260253906,112.48448181152344,200.7935028076172,30
1787127280,636603865,,ui,0.0,0.0,0.0,0
1787127281,636261032,,esp32,100.01004028320312,120.49073791503906,120.9766845703125,30
1787127281,636529346,,lidar,99.9155044555664,112.48448181152344,200.7935028076172,30
1787127281,636543545,,ui,0.0,0.0,0.0,0
1787127282,636019237,,esp32,100.00729370117188,120.49073791503906,120.9766845703125,30
1787127282,636173646,,lidar,99.9146728515625,118.82310485839844,200.7935028076172,30
1787127282,636182279,,ui,0.0,0.0,0.0,0
1787127283,636267184,,esp32,100.00836944580078,120.49073791503906,120.9766845703125,30
1787127283,636564095,,lidar,99.84862518310547,118.82310485839844,200.7935028076172,30
1787127283,636578131,,ui,0.0,0.0,0.0,0
1787127284,636213962,,esp32,100.00574493408203,120.49073791503906,120.9766845703125,30
1787127284,636484270,,lidar,99.84862518310547,112.73965454101562,200.7935028076172,30
1787127284,636501552,,ui,0.0,0.0,0.0,0
1787127285,636106313,,esp32,100.00360107421875,120.47471618652344,120.73612213134766,30
1787127285,636573755,,lidar,99.88343811035156,112.73965454101562,200.7935028076172,30
1787127285,636605208,,ui,0.0,0.0,0.0,0
1787127286,636089796,,esp32,100.00836944580078,120.47471618652344,120.73612213134766,30
1787127286,636362340,,lidar,99.91383361816406,127.98294067382812,200.7935028076172,30
1787127286,636376401,,ui,0.0,0.0,0.0,0
1787127287,635997711,,esp32,100.00241088867188,120.47471618652344,120.73612213134766,30
1787127287,636180662,,lidar,99.9155044555664,127.98294067382812,200.7935028076172,30
1787127287,636189081,,ui,0.0,0.0,0.0,0
1787127288,636256237,,esp32,99.99930572509766,120.47471618652344,120.73612213134766,30
1787127288,636554598,,lidar,99.96342468261719,198.55349731445312,202.5570831298828,30
1787127288,636569881,,ui,0.0,0.0,0.0,0
1787127289,636283676,,esp32,100.00347900390625,120.47471618652344,120.73612213134766,30
1787127289,636560861,,lidar,99.96903228759766,198.55349731445312,202.5570831298828,30
1787127289,636574364,,ui,0.0,0.0,0.0,0
1787127290,636314920,,esp32,99.99930572509766,120.37723541259766,120.73612213134766,30
1787127290,636779609,,lidar,99.92361450195312,198.55349731445312,202.5570831298828,30
1787127290,636815468,,ui,0.0,0.0,0.0,0
1787127291,636188580,,esp32,99.99930572509766,120.37723541259766,120.73612213134766,30
1787127291,636622911,,lidar,99.92361450195312,198.55349731445312,202.5570831298828,30
1787127291,636654893,,ui,0.0,0.0,0.0,0
1787127292,635832640,,esp32,99.99835205078125,120.37723541259766,120.73612213134766,30
1787127292,635974439,,lidar,99.92361450195312,198.55349731445312,202.5570831298828,30
1787127292,635981764,,ui,0.0,0.0,0.0,0
1787127293,636106911,,esp32,100.00347900390625,120.3045883178711,120.73612213134766,30
1787127293,636407110,,lidar,99.94244384765625,200.19422912597656,202.5570831298828,30
1787127293,636419893,,ui,0.0,0.0,0.0,0
1787127294,636177950,,esp32,100.00347900390625,120.21936798095703,120.67485046386719,30
1787127294,636460582,,lidar,99.85304260253906,200.19422912597656,202.5570831298828,30
1787127294,636473299,,ui,0.0,0.0,0.0,0
1787127295,636265884,,esp32,100.00836944580078,120.11961364746094,120.67485046386719,30
1787127295,636605725,,lidar,99.80201721191406,200.19422912597656,202.5570831298828,30
1787127295,636626155,,ui,0.0,0.0,0.0,0
1787127296,636039397,,esp32,100.0001449584961,120.11961364746094,120.67485046386719,30
1787127296,636338414,,lidar,99.82025909423828,200.18785095214844,202.5570831298828,30
1787127296,636356904,,ui,0.0,0.0,0.0,0
1787127297,635846205,,esp32,100.01004028320312,120.11961364746094,120.67485046386719,30
1787127297,636127226,,lidar,99.86293029785156,200.18785095214844,202.5570831298828,30
1787127297,636146804,,ui,0.0,0.0,0.0,0
1787127298,635987528,,esp32,100.00836944580078,120.02685546875,120.67485046386719,30
1787127298,636385327,,lidar,99.86293029785156,200.18785095214844,202.5570831298828,30
1787127298,636411700,,ui,0.0,0.0,0.0,0
1787127299,636022356,,esp32,100.00646209716797,120.02685546875,120.67485046386719,30
1787127299,636406424,,lidar,99.82025909423828,200.18785095214844,202.5570831298828,30
1787127299,636437792,,ui,0.0,0.0,0.0,0
1787127300,635972498,,esp32,100.00646209716797,120.02685546875,120.67485046386719,30
1787127300,636386653,,lidar,99.84576416015625,200.18785095214844,202.5570831298828,30
1787127300,636417065,,ui,0.0,0.0,0.0,0
1787127301,635958169,,esp32,100.00443267822266,120.02685546875,120.67485046386719,30
1787127301,636305397,,lidar,99.78449249267578,200.18785095214844,202.5570831298828,30
1787127301,636321751,,ui,0.0,0.0,0.0,0
1787127302,635757569,,esp32,100.0001449584961,119.55355834960938,120.67485046386719,30
1787127302,635946894,,lidar,99.73358917236328,200.18785095214844,202.5570831298828,30
1787127302,635959966,,ui,0.0,0.0,0.0,0
1787127303,636039854,,esp32,100.0001449584961,119.51602935791016,120.67485046386719,30
1787127303,636340849,,lidar,99.7610092163086,200.18785095214844,202.5570831298828,30
1787127303,636354457,,ui,0.0,0.0,0.0,0
1787127304,636033290,,esp32,100.0001449584961,102.45341491699219,120.67485046386719,30
1787127304,636327825,,lidar,99.7610092163086,200.18785095214844,202.5570831298828,30
1787127304,636342495,,ui,0.0,0.0,0.0,0
1787127305,635974891,,esp32,100.00347900390625,102.45341491699219,139.8234405517578,30
1787127305,636244326,,lidar,99.78270721435547,200.19422912597656,202.5570831298828,30
1787127305,636256845,,ui,0.0,0.0,0.0,0
1787127306,635964425,,esp32,100.00145721435547,102.45341491699219,139.8234405517578,30
1787127306,636335175,,lidar,99.73358917236328,198.55349731445312,202.5570831298828,30
1787127306,636367131,,ui,0.0,0.0,0.0,0
1787127307,635917802,,esp32,100.00145721435547,120.45553588867188,139.8234405517578,30
1787127307,636130061,,lidar,99.73358917236328,198.55349731445312,202.5570831298828,30
1787127307,636140703,,ui,0.0,0.0,0.0,0
1787127308,636008753,,esp32,100.00347900390625,120.45553588867188,139.8234405517578,30
1787127308,636340846,,lidar,99.69437408447266,198.55349731445312,202.5570831298828,30
1787127308,636367899,,ui,0.0,0.0,0.0,0
1787127309,635989983,,esp32,100.0051498413086,120.45553588867188,139.8234405517578,30
1787127309,636415366,,lidar,99.70963287353516,198.55349731445312,202.5570831298828,30
1787127309,636444759,,ui,0.0,0.0,0.0,0
1787127310,635975238,,esp32,100.0051498413086,120.45553588867188,139.8234405517578,30
1787127310,636429275,,lidar,99.68138122558594,198.55349731445312,202.5570831298828,30
1787127310,636467862,,ui,0.0,0.0,0.0,0
1787127311,635975665,,esp32,100.00347900390625,120.4586410522461,139.8234405517578,30
1787127311,636315293,,lidar,99.6102066040039,198.55349731445312,202.5570831298828,30
1787127311,636335662,,ui,0.0,0.0,0.0,0
1787127312,635797611,,esp32,100.00347900390625,120.4586410522461,139.8234405517578,30
1787127312,636004617,,lidar,99.66612243652344,196.02333068847656,202.5570831298828,30
1787127312,636017875,,ui,0.0,0.0,0.0,0
1787127313,636054504,,esp32,100.00145721435547,120.4586410522461,139.8234405517578,30
1787127313,636541663,,lidar,99.69664001464844,196.02333068847656,202.5570831298828,30
1787127313,636579227,,ui,0.0,0.0,0.0,0
1787127314,636038822,,esp32,100.00145721435547,120.4586410522461,139.8234405517578,30
1787127314,636514534,,lidar,99.7610092163086,196.543701171875,202.5570831298828,30
1787127314,636549392,,ui,0.0,0.0,0.0,0
1787127315,635917609,,esp32,100.00145721435547,120.4586410522461,139.8234405517578,30
1787127315,636195638,,lidar,99.65479278564453,196.543701171875,202.5570831298828,30
1787127315,636209946,,ui,0.0,0.0,0.0,0
1787127316,635898728,,esp32,99.99978637695312,120.4586410522461,139.8234405517578,30
1787127316,636176899,,lidar,99.69664001464844,195.9422607421875,202.5570831298828,30
1787127316,636190374,,ui,0.0,0.0,0.0,0
1787127317,635660680,,esp32,100.00145721435547,120.4586410522461,139.8234405517578,30
1787127317,635839324,,lidar,99.64347076416016,195.9422607421875,202.5570831298828,30
1787127317,635850315,,ui,0.0,0.0,0.0,0
1787127318,636045792,,esp32,99.99978637695312,120.4586410522461,139.8234405517578,30
1787127318,636421008,,lidar,99.65479278564453,129.80361938476562,201.38502502441406,30
1787127318,636450704,,ui,0.0,0.0,0.0,0
1787127319,635956718,,esp32,99.99894714355469,120.4586410522461,139.8234405517578,30
1787127319,636235561,,lidar,99.68138122558594,129.80361938476562,201.38502502441406,30
1787127319,636248959,,ui,0.0,0.0,0.0,0
1787127320,635957324,,esp32,99.99764251708984,120.4586410522461,139.8234405517578,30
1787127320,636331738,,lidar,99.70271301269531,129.80361938476562,201.38502502441406,30
1787127320,636357836,,ui,0.0,0.0,0.0,0
1787127321,636008300,,esp32,100.00145721435547,120.4586410522461,139.8234405517578,30
1787127321,636311421,,lidar,99.70271301269531,129.80361938476562,201.38502502441406,30
1787127321,636326073,,ui,0.0,0.0,0.0,0
1787127322,635631588,,esp32,100.00145721435547,120.4586410522461,139.8234405517578,30
1787127322,635807442,,lidar,99.75719451904297,195.7046661376953,201.38502502441406,30
1787127322,635817301,,ui,0.0,0.0,0.0,0
1787127323,635843046,,esp32,99.99894714355469,120.4586410522461,139.8234405517578,30
1787127323,636119249,,lidar,99.75719451904297,195.7046661376953,198.12655639648438,30
1787127323,636133315,,ui,0.0,0.0,0.0,0
1787127324,635892064,,esp32,99.99978637695312,120.4654312133789,139.8234405517578,30
1787127324,636223911,,lidar,99.77507781982422,195.7046661376953,198.12655639648438,30
1787127324,636242671,,ui,0.0,0.0,0.0,0
1787127325,635864607,,esp32,99.99764251708984,120.4654312133789,139.8234405517578,30
1787127325,636129993,,lidar,99.86949157714844,195.7046661376953,198.12655639648438,30
1787127325,636142268,,ui,0.0,0.0,0.0,0
1787127326,635897720,,esp32,99.99764251708984,120.4654312133789,139.8234405517578,30
1787127326,636216811,,lidar,99.89237976074219,195.70692443847656,198.12655639648438,30
1787127326,636229602,,ui,0.0,0.0,0.0,0
1787127327,635610708,,esp32,99.99668884277344,120.4654312133789,139.8234405517578,30
1787127327,635804428,,lidar,99.88248443603516,195.70692443847656,198.12655639648438,30
1787127327,635814970,,ui,0.0,0.0,0.0,0
1787127328,635964482,,esp32,99.99668884277344,120.4654312133789,139.8234405517578,30
1787127328,636316881,,lidar,99.77507781982422,195.9526824951172,199.85008239746094,30
1787127328,636341489,,ui,0.0,0.0,0.0,0
1787127329,635846179,,esp32,99.99764251708984,120.4654312133789,139.8234405517578,30
1787127329,636250494,,lidar,99.84469604492188,195.9526824951172,199.85008239746094,30
1787127329,636282856,,ui,0.0,0.0,0.0,0
1787127330,635958866,,esp32,99.99668884277344,120.4654312133789,139.8234405517578,30
1787127330,636434270,,lidar,99.86949157714844,195.9526824951172,199.85008239746094,30
1787127330,636466142,,ui,0.0,0.0,0.0,0
1787127331,635961699,,esp32,99.99752044677734,120.4654312133789,139.8234405517578,30
1787127331,636374287,,lidar,99.89547729492188,195.9526824951172,199.85008239746094,30
1787127331,636403124,,ui,0.0,0.0,0.0,0
1787127332,635728486,,esp32,99.99966430664062,120.4654312133789,139.8234405517578,30
1787127332,635997967,,lidar,99.86949157714844,195.9526824951172,199.85008239746094,30
1787127332,636015549,,ui,0.0,0.0,0.0,0
1787127333,635880028,,esp32,99.99752044677734,120.4654312133789,139.8234405517578,30
1787127333,636162883,,lidar,99.78270721435547,195.9526824951172,199.85008239746094,30
1787127333,636175999,,ui,0.0,0.0,0.0,0
1787127334,635767231,,esp32,99.99537658691406,120.4654312133789,139.8234405517578,30
1787127334,636046573,,lidar,99.70450592041016,195.9526824951172,199.85008239746094,30
1787127334,636059453,,ui,0.0,0.0,0.0,0
1787127335,635894125,,esp32,99.99752044677734,120.4586410522461,120.82481384277344,30
1787127335,636175231,,lidar,99.70056915283203,195.73297119140625,199.85008239746094,30
1787127335,636188019,,ui,0.0,0.0,0.0,0
1787127336,635913219,,esp32,100.0009765625,120.4586410522461,120.82481384277344,30
1787127336,636178478,,lidar,99.74193572998047,195.73297119140625,199.85008239746094,30
1787127336,636190498,,ui,0.0,0.0,0.0,0
1787127337,635652262,,esp32,99.99871063232422,120.34297943115234,120.82481384277344,30
1787127337,635962314,,lidar,99.77889251708984,195.73297119140625,199.85008239746094,30
1787127337,635984272,,ui,0.0,0.0,0.0,0
1787127338,635798236,,esp32,99.99871063232422,120.34297943115234,120.82481384277344,30
1787127338,636163034,,lidar,99.8136978149414,195.73297119140625,199.85008239746094,30
1787127338,636188276,,ui,0.0,0.0,0.0,0
1787127339,635915271,,esp32,99.99537658691406,120.34297943115234,120.82481384277344,30
1787127339,636195931,,lidar,99.85709381103516,195.73297119140625,199.85008239746094,30
1787127339,636209167,,ui,0.0,0.0,0.0,0
1787127340,635950202,,esp32,99.99251556396484,120.34297943115234,120.82481384277344,30
1787127340,636242877,,lidar,99.74610900878906,195.73297119140625,199.85008239746094,30
1787127340,636256466,,ui,0.0,0.0,0.0,0
1787127341,635938430,,esp32,99.99537658691406,120.29646301269531,120.82481384277344,30
1787127341,636218220,,lidar,99.74610900878906,195.73297119140625,199.85008239746094,30
1787127341,636231678,,ui,0.0,0.0,0.0,0
1787127342,635681427,,esp32,99.99251556396484,120.29646301269531,120.82481384277344,30
1787127342,635859073,,lidar,99.68901062011719,195.73297119140625,199.85008239746094,30
1787127342,635868014,,ui,0.0,0.0,0.0,0
1787127343,635948782,,esp32,99.99537658691406,120.29646301269531,120.82481384277344,30
1787127343,636431960,,lidar,99.70664978027344,195.73297119140625,199.85008239746094,30
1787127343,636464289,,ui,0.0,0.0,0.0,0
1787127344,635750672,,esp32,99.99668884277344,120.29646301269531,120.82481384277344,30
1787127344,636074315,,lidar,99.64656829833984,113.14093780517578,199.85008239746094,30
1787127344,636093961,,ui,0.0,0.0,0.0,0
1787127345,635720083,,esp32,99.99549102783203,120.29646301269531,120.82481384277344,30
1787127345,636013191,,lidar,99.64656829833984,113.14093780517578,199.85008239746094,30
1787127345,636030366,,ui,0.0,0.0,0.0,0
1787127346,635907064,,esp32,99.9969253540039,120.29646301269531,120.82481384277344,30
1787127346,636244393,,lidar,99.68590545654297,195.8171844482422,203.10186767578125,30
1787127346,636263270,,ui,0.0,0.0,0.0,0
1787127347,635626745,,esp32,99.9969253540039,120.34297943115234,120.82481384277344,30
1787127347,635810977,,lidar,99.66004180908203,195.8171844482422,203.10186767578125,30
1787127347,635824312,,ui,0.0,0.0,0.0,0
1787127348,635876990,,esp32,99.99859619140625,120.34297943115234,120.82481384277344,30
1787127348,636203785,,lidar,99.58195495605469,195.8171844482422,203.10186767578125,30
1787127348,636223379,,ui,0.0,0.0,0.0,0
1787127349,635880261,,esp32,99.99859619140625,120.34297943115234,120.82481384277344,30
1787127349,636197314,,lidar,99.50875854492188,195.8171844482422,203.10186767578125,30
1787127349,636211554,,ui,0.0,0.0,0.0,0
1787127350,635723516,,esp32,100.00025939941406,120.34297943115234,120.82481384277344,30
1787127350,636037055,,lidar,99.57003784179688,195.8171844482422,203.10186767578125,30
1787127350,636051247,,ui,0.0,0.0,0.0,0
1787127351,635783572,,esp32,99.99764251708984,120.41586303710938,120.82481384277344,30
1787127351,636063129,,lidar,99.60579681396484,195.8171844482422,203.10186767578125,30
1787127351,636075966,,ui,0.0,0.0,0.0,0
1787127352,635730995,,esp32,100.00025939941406,120.41586303710938,120.82481384277344,30
1787127352,636017669,,lidar,99.54619598388672,113.23817443847656,203.10186767578125,30
1787127352,636034678,,ui,0.0,0.0,0.0,0
1787127353,635746064,,esp32,100.00025939941406,120.50366973876953,120.82481384277344,30
1787127353,636121879,,lidar,99.54619598388672,113.21366119384766,203.10186767578125,30
1787127353,636148653,,ui,0.0,0.0,0.0,0
1787127354,635721768,,esp32,99.99930572509766,120.41586303710938,120.67604064941406,30
1787127354,636082438,,lidar,99.63154602050781,113.21366119384766,203.10186767578125,30
1787127354,636111222,,ui,0.0,0.0,0.0,0
1787127355,635702232,,esp32,100.0009765625,120.41586303710938,120.67604064941406,30
1787127355,636089690,,lidar,99.61772155761719,113.21366119384766,203.10186767578125,30
1787127355,636117542,,ui,0.0,0.0,0.0,0
1787127356,635819362,,esp32,100.0009765625,120.41586303710938,120.67604064941406,30
1787127356,636313473,,lidar,99.6246337890625,197.51776123046875,203.10186767578125,30
1787127356,636350630,,ui,0.0,0.0,0.0,0
1787127357,635551959,,esp32,99.99859619140625,120.50366973876953,120.67604064941406,30
1787127357,635718418,,lidar,99.59387969970703,197.72817993164062,203.10186767578125,30
1787127357,635726136,,ui,0.0,0.0,0.0,0
1787127358,635692005,,esp32,99.99764251708984,120.50366973876953,120.67604064941406,30
1787127358,636017977,,lidar,99.63262176513672,197.51776123046875,203.10186767578125,30
1787127358,636036159,,ui,0.0,0.0,0.0,0
1787127359,635809164,,esp32,99.99764251708984,120.50366973876953,120.67604064941406,30
1787127359,636303475,,lidar,99.61772155761719,197.78729248046875,203.53411865234375,30
1787127359,636344151,,ui,0.0,0.0,0.0,0
1787127360,635723656,,esp32,99.99764251708984,120.50366973876953,120.67604064941406,30
1787127360,636066773,,lidar,99.54619598388672,197.78729248046875,203.53411865234375,30
1787127360,636081161,,ui,0.0,0.0,0.0,0
1787127361,635845381,,esp32,99.99859619140625,120.50366973876953,120.67604064941406,30
1787127361,636139017,,lidar,99.54619598388672,197.78729248046875,203.53411865234375,30
1787127361,636153240,,ui,0.0,0.0,0.0,0
1787127362,635641672,,esp32,99.9969253540039,120.50366973876953,120.67604064941406,30
1787127362,635986959,,lidar,99.63154602050781,197.78729248046875,203.53411865234375,30
1787127362,636003545,,ui,0.0,0.0,0.0,0
1787127363,635727771,,esp32,99.99859619140625,120.50366973876953,120.67604064941406,30
1787127363,636032238,,lidar,99.67350769042969,197.78729248046875,203.53411865234375,30
1787127363,636046796,,ui,0.0,0.0,0.0,0
1787127364,635628698,,esp32,100.00038146972656,120.50517272949219,120.67604064941406,30
1787127364,635912136,,lidar,99.6968765258789,197.78729248046875,203.53411865234375,30
1787127364,635925822,,ui,0.0,0.0,0.0,0
1787127365,635668909,,esp32,99.99859619140625,120.50517272949219,120.67604064941406,30
1787127365,635953318,,lidar,99.68685913085938,197.78729248046875,203.53411865234375,30
1787127365,635966829,,ui,0.0,0.0,0.0,0
1787127366,635608385,,esp32,99.9969253540039,120.50517272949219,120.67604064941406,30
1787127366,635873509,,lidar,99.67350769042969,197.78729248046875,203.53411865234375,30
1787127366,635886225,,ui,0.0,0.0,0.0,0
1787127367,635556339,,esp32,99.99859619140625,120.58377838134766,120.67604064941406,30
1787127367,635777248,,lidar,99.63154602050781,197.78729248046875,203.53411865234375,30
1787127367,635784829,,ui,0.0,0.0,0.0,0
1787127368,635822656,,esp32,100.00038146972656,120.58377838134766,120.67604064941406,30
1787127368,636098542,,lidar,99.6246337890625,197.81973266601562,203.53411865234375,30
1787127368,636112810,,ui,0.0,0.0,0.0,0
1787127369,635618915,,esp32,99.99930572509766,120.58377838134766,120.67604064941406,30
1787127369,635884217,,lidar,99.6246337890625,203.1494140625,293.8289794921875,30
1787127369,635898387,,ui,0.0,0.0,0.0,0
1787127370,635607453,,esp32,99.99930572509766,120.58377838134766,120.67604064941406,30
1787127370,635857346,,lidar,99.63154602050781,203.15374755859375,293.8289794921875,30
1787127370,635870202,,ui,0.0,0.0,0.0,0
1787127371,635712611,,esp32,99.99930572509766,120.58377838134766,120.67604064941406,30
1787127371,635985105,,lidar,99.63369750976562,203.15374755859375,293.8289794921875,30
1787127371,635998323,,ui,0.0,0.0,0.0,0
1787127372,635392452,,esp32,99.99764251708984,120.58377838134766,120.67604064941406,30
1787127372,635584618,,lidar,99.71368408203125,203.15806579589844,293.8289794921875,30
1787127372,635598233,,ui,0.0,0.0,0.0,0
1787127373,635585083,,esp32,99.9969253540039,120.58377838134766,120.67604064941406,30
1787127373,635876102,,lidar,99.71368408203125,204.889892578125,394.7958984375,30
1787127373,635887985,,ui,0.0,0.0,0.0,0
1787127374,635726365,,esp32,99.99966430664062,120.58377838134766,120.67604064941406,30
1787127374,636152311,,lidar,99.71368408203125,227.1499786376953,394.7958984375,30
1787127374,636182708,,ui,0.0,0.0,0.0,0
1787127375,635862734,,esp32,99.99966430664062,120.58445739746094,121.13738250732422,30
1787127375,636341309,,lidar,99.73502349853516,292.1065368652344,394.7958984375,30
1787127375,636378419,,ui,0.0,0.0,0.0,0
1787127376,635604696,,esp32,99.99609375,120.58445739746094,121.13738250732422,30
1787127376,635920891,,lidar,99.73502349853516,292.1065368652344,394.7958984375,30
1787127376,635934335,,ui,0.0,0.0,0.0,0
1787127377,635406654,,esp32,99.99883270263672,120.58377838134766,121.13738250732422,30
1787127377,635597941,,lidar,99.81822967529297,292.1065368652344,394.7958984375,30
1787127377,635615523,,ui,0.0,0.0,0.0,0
1787127378,635791278,,esp32,99.99883270263672,120.58445739746094,121.13738250732422,30
1787127378,636287019,,lidar,99.82550048828125,292.1286315917969,394.7958984375,30
1787127378,636326493,,ui,0.0,0.0,0.0,0
1787127379,635770247,,esp32,99.99835205078125,120.58445739746094,121.13738250732422,30
1787127379,636218040,,lidar,99.86913299560547,292.17279052734375,394.7958984375,30
1787127379,636259365,,ui,0.0,0.0,0.0,0
1787127380,635390902,,esp32,99.990966796875,120.58445739746094,121.13738250732422,30
1787127380,635530368,,lidar,99.83289337158203,292.17279052734375,394.7958984375,30
1787127380,635540277,,ui,0.0,0.0,0.0,0
1787127381,635585463,,esp32,99.99227905273438,120.59082794189453,121.13738250732422,30
1787127381,635897310,,lidar,99.83289337158203,292.17279052734375,394.7958984375,30
1787127381,635920113,,ui,0.0,0.0,0.0,0
1787127382,635414072,,esp32,99.98834228515625,120.59082794189453,121.13738250732422,30
1787127382,635658325,,lidar,99.82550048828125,292.17279052734375,394.7958984375,30
1787127382,635670797,,ui,0.0,0.0,0.0,0
1787127383,635487896,,esp32,99.9900131225586,120.59082794189453,121.13738250732422,30
1787127383,635742310,,lidar,99.75039672851562,292.17279052734375,394.7958984375,30
1787127383,635754187,,ui,0.0,0.0,0.0,0
1787127384,635703198,,esp32,99.990966796875,120.59082794189453,121.13738250732422,30
1787127384,636148325,,lidar,99.74861145019531,292.17279052734375,394.7958984375,30
1787127384,636181466,,ui,0.0,0.0,0.0,0
1787127385,635447347,,esp32,99.990966796875,120.6050796508789,141.67356872558594,30
1787127385,635689802,,lidar,99.76219940185547,292.19488525390625,394.7958984375,30
1787127385,635700731,,ui,0.0,0.0,0.0,0
1787127386,635602655,,esp32,99.98834228515625,120.6050796508789,141.67356872558594,30
1787127386,635862144,,lidar,99.73216247558594,292.17279052734375,394.7958984375,30
1787127386,635876325,,ui,0.0,0.0,0.0,0
1787127387,635374607,,esp32,99.990966796875,120.5909194946289,141.67356872558594,30
1787127387,635518393,,lidar,99.77328491210938,292.17279052734375,394.7958984375,30
1787127387,635525618,,ui,0.0,0.0,0.0,0
1787127388,635456724,,esp32,99.99418640136719,120.69361877441406,141.67356872558594,30
1787127388,635696342,,lidar,99.76219940185547,292.19488525390625,394.7958984375,30
1787127388,635709013,,ui,0.0,0.0,0.0,0
1787127389,635516009,,esp32,99.99227905273438,120.69361877441406,141.67356872558594,30
1787127389,635894076,,lidar,99.81822967529297,292.19488525390625,394.7958984375,30
1787127389,635919001,,ui,0.0,0.0,0.0,0
1787127390,635511361,,esp32,99.99549102783203,120.69361877441406,141.67356872558594,30
1787127390,635802063,,lidar,99.92707061767578,292.2169494628906,394.7958984375,30
1787127390,635819885,,ui,0.0,0.0,0.0,0
1787127391,635563377,,esp32,99.99549102783203,120.69361877441406,141.67356872558594,30
1787127391,635914111,,lidar,99.8992919921875,292.2169494628906,394.7958984375,30
1787127391,635939713,,ui,0.0,0.0,0.0,0
1787127392,635344896,,esp32,99.99906921386719,120.69361877441406,141.67356872558594,30
1787127392,635607127,,lidar,99.94697570800781,292.2390441894531,394.7958984375,30
1787127392,635623703,,ui,0.0,0.0,0.0,0
1787127393,635670903,,esp32,99.99418640136719,120.69361877441406,141.67356872558594,30
1787127393,636121025,,lidar,99.94029998779297,292.2611083984375,394.7958984375,30
1787127393,636155239,,ui,0.0,0.0,0.0,0
1787127394,635462816,,esp32,99.99668884277344,120.69361877441406,141.67356872558594,30
1787127394,635855155,,lidar,99.92707061767578,292.2611083984375,394.7958984375,30
1787127394,635888384,,ui,0.0,0.0,0.0,0
1787127395,635599424,,esp32,99.99668884277344,120.78521728515625,141.67356872558594,30
1787127395,635860933,,lidar,99.8992919921875,292.2611083984375,394.7958984375,30
1787127395,635872700,,ui,0.0,0.0,0.0,0
1787127396,635552072,,esp32,99.99549102783203,120.78521728515625,141.67356872558594,30
1787127396,635812789,,lidar,99.94697570800781,292.283203125,394.7958984375,30
1787127396,635824269,,ui,0.0,0.0,0.0,0
1787127397,635553142,,esp32,99.99418640136719,120.78521728515625,141.67356872558594,30
1787127397,635939374,,lidar,100.0154037475586,292.3273620605469,394.7958984375,30
1787127397,635958856,,ui,0.0,0.0,0.0,0
1787127398,635526637,,esp32,99.99024963378906,120.78521728515625,141.67356872558594,30
1787127398,635787880,,lidar,100.03197479248047,292.3052978515625,394.7958984375,30
1787127398,635799469,,ui,0.0,0.0,0.0,0
1787127399,635399623,,esp32,99.99287414550781,120.78521728515625,141.67356872558594,30
1787127399,635666186,,lidar,99.96080017089844,230.3498077392578,394.7958984375,30
1787127399,635679235,,ui,0.0,0.0,0.0,0
1787127400,635481695,,esp32,99.98786163330078,120.78521728515625,141.67356872558594,30
1787127400,635748824,,lidar,99.96318817138672,229.4988250732422,394.7958984375,30
1787127400,635761199,,ui,0.0,0.0,0.0,0
1787127401,635448983,,esp32,99.98690795898438,120.78521728515625,141.67356872558594,30
1787127401,635728155,,lidar,99.95388793945312,229.4988250732422,394.7958984375,30
1787127401,635740910,,ui,0.0,0.0,0.0,0
1787127402,635386236,,esp32,99.98941040039062,120.78521728515625,141.67356872558594,30
1787127402,635679783,,lidar,99.92718505859375,228.64784240722656,394.7958984375,30
1787127402,635700540,,ui,0.0,0.0,0.0,0
1787127403,635438529,,esp32,99.98774719238281,120.78521728515625,141.67356872558594,30
1787127403,635852609,,lidar,99.94697570800781,205.20558166503906,301.7842712402344,30
1787127403,635882908,,ui,0.0,0.0,0.0,0
1787127404,635423989,,esp32,99.98774719238281,120.78521728515625,141.67356872558594,30
1787127404,635752847,,lidar,99.96080017089844,204.8225860595703,291.6207275390625,30
1787127404,635774593,,ui,0.0,0.0,0.0,0
1787127405,635341376,,esp32,99.98941040039062,120.69361877441406,141.67356872558594,30
1787127405,635686440,,lidar,99.95246124267578,204.40658569335938,206.52223205566406,30
1787127405,635710678,,ui,0.0,0.0,0.0,0
1787127406,635413694,,esp32,99.99275207519531,120.69361877441406,141.67356872558594,30
1787127406,635799268,,lidar,99.94697570800781,204.82229614257812,206.52223205566406,30
1787127406,635824123,,ui,0.0,0.0,0.0,0
1787127407,635424833,,esp32,99.99275207519531,120.69361877441406,141.67356872558594,30
1787127407,635771140,,lidar,99.92718505859375,204.82229614257812,206.52223205566406,30
1787127407,635794042,,ui,0.0,0.0,0.0,0
1787127408,635403354,,esp32,99.98715209960938,120.69361877441406,141.67356872558594,30
1787127408,635760637,,lidar,99.93708038330078,204.82215881347656,206.52223205566406,30
1787127408,635789308,,ui,0.0,0.0,0.0,0
1787127409,635436221,,esp32,99.98941040039062,120.69361877441406,141.67356872558594,30
1787127409,635710435,,lidar,99.9238510131836,204.39364624023438,206.52223205566406,30
1787127409,635724781,,ui,0.0,0.0,0.0,0
1787127410,635403967,,esp32,99.98941040039062,120.69361877441406,141.67356872558594,30
1787127410,635828759,,lidar,99.91896057128906,204.39364624023438,206.52223205566406,30
1787127410,635864001,,ui,0.0,0.0,0.0,0
1787127411,635355215,,esp32,99.99275207519531,120.69361877441406,141.67356872558594,30
1787127411,635622163,,lidar,99.89058685302734,204.39364624023438,206.52223205566406,30
1787127411,635635825,,ui,0.0,0.0,0.0,0
1787127412,635295062,,esp32,99.995849609375,120.69361877441406,141.67356872558594,30
1787127412,635571697,,lidar,99.93708038330078,204.39364624023438,206.52223205566406,30
1787127412,635585815,,ui,0.0,0.0,0.0,0
1787127413,635494441,,esp32,99.99275207519531,120.69361877441406,141.67356872558594,30
1787127413,635830734,,lidar,99.94697570800781,204.38845825195312,206.52223205566406,30
1787127413,635846504,,ui,0.0,0.0,0.0,0
1787127414,635393054,,esp32,99.99275207519531,120.78382873535156,141.67356872558594,30
1787127414,635719049,,lidar,99.94697570800781,204.38845825195312,206.52223205566406,30
1787127414,635736874,,ui,0.0,0.0,0.0,0
1787127415,635647673,,esp32,99.99322509765625,120.69361877441406,121.15144348144531,30
1787127415,636152656,,lidar,99.95246124267578,204.38845825195312,206.52223205566406,30
1787127415,636189815,,ui,0.0,0.0,0.0,0
1787127416,635529130,,esp32,99.99752044677734,120.69361877441406,121.15144348144531,30
1787127416,635962539,,lidar,99.965576171875,204.38845825195312,206.52223205566406,30
1787127416,635982643,,ui,0.0,0.0,0.0,0
1787127417,635321896,,esp32,99.99775695800781,120.69361877441406,121.15144348144531,30
1787127417,635745451,,lidar,99.95663452148438,200.84341430664062,206.14862060546875,30
1787127417,635773060,,ui,0.0,0.0,0.0,0
1787127418,635480512,,esp32,99.99752044677734,120.6011962890625,121.15144348144531,30
1787127418,635892907,,lidar,99.99823760986328,200.80349731445312,206.14862060546875,30
1787127418,635933809,,ui,0.0,0.0,0.0,0
1787127419,635376853,,esp32,99.9968032836914,120.6011962890625,121.15144348144531,30
1787127419,635820920,,lidar,99.95352935791016,200.76358032226562,206.14862060546875,30
1787127419,635857031,,ui,0.0,0.0,0.0,0
1787127420,635368343,,esp32,99.98941040039062,120.6011962890625,121.15144348144531,30
1787127420,635831210,,lidar,99.9398193359375,202.4643096923828,206.14862060546875,30
1787127420,635861101,,ui,0.0,0.0,0.0,0
1787127421,635477955,,esp32,99.9866714477539,120.6011962890625,121.15144348144531,30
1787127421,635945706,,lidar,99.95770263671875,202.4643096923828,206.14862060546875,30
1787127421,635975910,,ui,0.0,0.0,0.0,0
1787127422,635238081,,esp32,99.9866714477539,120.6011962890625,121.15144348144531,30
1787127422,635587174,,lidar,99.92230224609375,204.37290954589844,206.9549560546875,30
1787127422,635607345,,ui,0.0,0.0,0.0,0
1787127423,635507538,,esp32,99.9866714477539,120.6011962890625,121.15144348144531,30
1787127423,635918571,,lidar,99.91741180419922,204.36773681640625,206.9549560546875,30
1787127423,635952781,,ui,0.0,0.0,0.0,0
1787127424,635518599,,esp32,99.98357391357422,120.6535415649414,121.15144348144531,30
1787127424,635964325,,lidar,99.92718505859375,204.36773681640625,206.9549560546875,30
1787127424,635996544,,ui,0.0,0.0,0.0,0
1787127425,635318481,,esp32,99.98440551757812,120.6535415649414,121.2606430053711,30
1787127425,635836037,,lidar,99.95770263671875,204.37290954589844,206.9549560546875,30
1787127425,635867291,,ui,0.0,0.0,0.0,0
1787127426,635600267,,esp32,99.9866714477539,120.6535415649414,121.2606430053711,30
1787127426,636160504,,lidar,99.95460510253906,204.36773681640625,206.9549560546875,30
1787127426,636200910,,ui,0.0,0.0,0.0,0
1787127427,635275439,,esp32,99.9866714477539,120.60468292236328,121.2606430053711,30
1787127427,635729657,,lidar,99.95460510253906,203.3542938232422,206.9549560546875,30
1787127427,635757864,,ui,0.0,0.0,0.0,0
1787127428,635429045,,esp32,99.98870086669922,120.60468292236328,121.2606430053711,30
1787127428,635828104,,lidar,99.95246124267578,203.3542938232422,206.9549560546875,30
1787127428,635856032,,ui,0.0,0.0,0.0,0
1787127429,635504932,,esp32,99.98965454101562,120.60468292236328,121.2606430053711,30
1787127429,635859154,,lidar,99.95985412597656,202.30792236328125,206.9549560546875,30
1787127429,635880366,,ui,0.0,0.0,0.0,0
1787127430,635400263,,esp32,99.99871063232422,120.60468292236328,121.2606430053711,30
1787127430,635772497,,lidar,99.9816665649414,202.30792236328125,206.9549560546875,30
1787127430,635793868,,ui,0.0,0.0,0.0,0
1787127431,635437437,,esp32,99.99883270263672,120.60468292236328,121.2606430053711,30
1787127431,635765737,,lidar,99.95985412597656,202.30792236328125,206.9549560546875,30
1787127431,635781029,,ui,0.0,0.0,0.0,0
1787127432,635231482,,esp32,99.99728393554688,120.60468292236328,121.2606430053711,30
1787127432,635502520,,lidar,100.00753784179688,202.3182830810547,206.9549560546875,30
1787127432,635514816,,ui,0.0,0.0,0.0,0
1787127433,635280450,,esp32,99.99752044677734,120.60468292236328,121.2606430053711,30
1787127433,635586349,,lidar,100.00753784179688,202.3182830810547,206.9549560546875,30
1787127433,635599146,,ui,0.0,0.0,0.0,0
1787127434,635360564,,esp32,99.99728393554688,120.60468292236328,121.2606430053711,30
1787127434,635710947,,lidar,100.02017211914062,202.3182830810547,206.9549560546875,30
1787127434,635732964,,ui,0.0,0.0,0.0,0
1787127435,635427333,,esp32,99.99752044677734,120.60468292236328,121.2606430053711,30
1787127435,635725605,,lidar,100.021484375,202.30792236328125,206.9549560546875,30
1787127435,635741020,,ui,0.0,0.0,0.0,0
1787127436,635378238,,esp32,99.99764251708984,120.60468292236328,121.2606430053711,30
1787127436,635675794,,lidar,100.02017211914062,199.40602111816406,206.9549560546875,30
1787127436,635690524,,ui,0.0,0.0,0.0,0
1787127437,635391892,,esp32,99.99728393554688,120.60468292236328,121.2606430053711,30
1787127437,635925528,,lidar,100.09026336669922,199.40602111816406,206.9549560546875,30
1787127437,635958934,,ui,0.0,0.0,0.0,0
1787127438,634958379,,esp32,99.99739837646484,120.99862670898438,121.2606430053711,30
1787127438,635065842,,lidar,100.09193420410156,199.40602111816406,206.9549560546875,30
1787127438,635070991,,ui,0.0,0.0,0.0,0
1787127439,635398465,,esp32,99.99406433105469,120.99862670898438,121.2606430053711,30
1787127439,635705633,,lidar,100.09026336669922,199.40602111816406,206.9549560546875,30
1787127439,635718608,,ui,0.0,0.0,0.0,0
1787127440,635243419,,esp32,99.99739837646484,120.99862670898438,121.2606430053711,30
1787127440,635562096,,lidar,100.09455871582031,199.43612670898438,206.9549560546875,30
1787127440,635575818,,ui,0.0,0.0,0.0,0
1787127441,635405887,,esp32,99.99728393554688,120.99862670898438,121.2606430053711,30
1787127441,635701765,,lidar,100.09455871582031,199.43612670898438,206.9549560546875,30
1787127441,635715425,,ui,0.0,0.0,0.0,0
1787127442,635295778,,esp32,99.99739837646484,120.99862670898438,121.2606430053711,30
1787127442,635612659,,lidar,100.09026336669922,199.40602111816406,206.9549560546875,30
1787127442,635630792,,ui,0.0,0.0,0.0,0
1787127443,635334856,,esp32,99.99919128417969,120.99862670898438,121.2606430053711,30
1787127443,635748322,,lidar,100.0375747680664,199.40602111816406,206.9549560546875,30
1787127443,635774882,,ui,0.0,0.0,0.0,0
1787127444,635421026,,esp32,99.99919128417969,120.74725341796875,121.2606430053711,30
1787127444,635907172,,lidar,100.0375747680664,199.40602111816406,206.9549560546875,30
1787127444,635940291,,ui,0.0,0.0,0.0,0
1787127445,635422318,,esp32,99.99930572509766,120.74725341796875,121.2606430053711,30
1787127445,635935388,,lidar,100.021484375,198.8026580810547,206.9549560546875,30
1787127445,635973212,,ui,0.0,0.0,0.0,0
1787127446,635384478,,esp32,99.99930572509766,120.74725341796875,121.2606430053711,30
1787127446,635901836,,lidar,100.01516723632812,198.8026580810547,206.9549560546875,30
1787127446,635938829,,ui,0.0,0.0,0.0,0
1787127447,635376764,,esp32,100.0010986328125,120.74725341796875,121.2606430053711,30
1787127447,635870860,,lidar,100.03018188476562,198.8026580810547,206.9549560546875,30
1787127447,635895068,,ui,0.0,0.0,0.0,0
1787127448,635205928,,esp32,99.99847412109375,120.74725341796875,121.2606430053711,30
1787127448,635553233,,lidar,99.99703979492188,198.8026580810547,206.9549560546875,30
1787127448,635568424,,ui,0.0,0.0,0.0,0
1787127449,635215199,,esp32,99.99930572509766,120.74725341796875,121.2606430053711,30
1787127449,635677973,,lidar,100.04043579101562,198.8026580810547,206.9549560546875,30
1787127449,635712091,,ui,0.0,0.0,0.0,0
1787127450,635207954,,esp32,100.00038146972656,120.74725341796875,121.2606430053711,30
1787127450,635552123,,lidar,100.04329681396484,198.21572875976562,206.9549560546875,30
1787127450,635570725,,ui,0.0,0.0,0.0,0
1787127451,635271794,,esp32,100.00264739990234,120.74725341796875,121.2606430053711,30
1787127451,635573931,,lidar,100.0375747680664,198.21572875976562,206.9549560546875,30
1787127451,635587765,,ui,0.0,0.0,0.0,0
1787127452,635278471,,esp32,99.99930572509766,120.74725341796875,121.2606430053711,30
1787127452,635751938,,lidar,100.04043579101562,114.5968246459961,203.2706756591797,30
1787127452,635774782,,ui,0.0,0.0,0.0,0
1787127453,635129095,,esp32,100.00133514404297,120.74725341796875,121.2606430053711,30
1787127453,635437122,,lidar,100.00634002685547,114.5968246459961,203.2706756591797,30
1787127453,635452179,,ui,0.0,0.0,0.0,0
1787127454,635162014,,esp32,100.00038146972656,120.59387969970703,121.2606430053711,30
1787127454,635500616,,lidar,99.96604919433594,111.66853332519531,203.2706756591797,30
1787127454,635514140,,ui,0.0,0.0,0.0,0
1787127455,635126597,,esp32,100.00443267822266,120.57984924316406,121.13285064697266,30
1787127455,635433699,,lidar,99.90215301513672,108.5068130493164,198.6219940185547,30
1787127455,635446776,,ui,0.0,0.0,0.0,0
1787127456,635173848,,esp32,100.00241088867188,120.57984924316406,121.13285064697266,30
1787127456,635501105,,lidar,99.85375213623047,108.5068130493164,198.6219940185547,30
1787127456,635515888,,ui,0.0,0.0,0.0,0
1787127457,635104973,,esp32,100.00241088867188,120.57984924316406,121.13285064697266,30
1787127457,635402981,,lidar,99.90215301513672,108.64806365966797,198.6219940185547,30
1787127457,635417267,,ui,0.0,0.0,0.0,0
1787127458,635124537,,esp32,100.00038146972656,120.57984924316406,121.13285064697266,30
1787127458,635427963,,lidar,99.96080017089844,108.64806365966797,198.6219940185547,30
1787127458,635441822,,ui,0.0,0.0,0.0,0
1787127459,635242579,,esp32,100.0010986328125,120.57984924316406,121.13285064697266,30
1787127459,635550878,,lidar,99.90215301513672,109.76911163330078,198.6219940185547,30
1787127459,635564291,,ui,0.0,0.0,0.0,0
1787127460,635237584,,esp32,99.99930572509766,120.59371185302734,121.13285064697266,30
1787127460,635541993,,lidar,99.85375213623047,109.76911163330078,198.6219940185547,30
1787127460,635556542,,ui,0.0,0.0,0.0,0
1787127461,635258348,,esp32,99.99930572509766,120.59371185302734,121.13285064697266,30
1787127461,635627741,,lidar,99.90727996826172,118.51909637451172,201.36451721191406,30
1787127461,635641231,,ui,0.0,0.0,0.0,0
1787127462,635104993,,esp32,100.00157165527344,120.59371185302734,121.13285064697266,30
1787127462,635531887,,lidar,99.77364349365234,109.76911163330078,201.36451721191406,30
1787127462,635557923,,ui,0.0,0.0,0.0,0
1787127463,635264897,,esp32,100.00038146972656,120.59371185302734,121.13285064697266,30
1787127463,635675020,,lidar,99.76506042480469,109.76911163330078,201.36451721191406,30
1787127463,635703268,,ui,0.0,0.0,0.0,0
1787127464,635160498,,esp32,100.0000228881836,120.59371185302734,121.13285064697266,30
1787127464,635586871,,lidar,99.721435546875,109.76911163330078,201.36451721191406,30
1787127464,635614204,,ui,0.0,0.0,0.0,0
1787127465,635093518,,esp32,99.99919128417969,120.59371185302734,121.13285064697266,30
1787127465,635433310,,lidar,99.76506042480469,109.76911163330078,201.36451721191406,30
1787127465,635446881,,ui,0.0,0.0,0.0,0
1787127466,635189584,,esp32,99.99847412109375,120.5252685546875,121.13285064697266,30
1787127466,635533998,,lidar,99.74110412597656,109.833251953125,201.36451721191406,30
1787127466,635554085,,ui,0.0,0.0,0.0,0
1787127467,635430437,,esp32,100.0009765625,120.5252685546875,121.13285064697266,30
1787127467,635992565,,lidar,99.71595001220703,198.731689453125,203.08828735351562,30
1787127467,636030572,,ui,0.0,0.0,0.0,0
1787127468,635181932,,esp32,100.00145721435547,120.49937438964844,120.74470520019531,30
1787127468,635537403,,lidar,99.71595001220703,198.731689453125,203.08828735351562,30
1787127468,635558580,,ui,0.0,0.0,0.0,0
1787127469,635243657,,esp32,100.00145721435547,120.52330780029297,120.74470520019531,30
1787127469,635771677,,lidar,99.74110412597656,198.7591094970703,203.08828735351562,30
1787127469,635809082,,ui,0.0,0.0,0.0,0
1787127470,635108594,,esp32,100.00145721435547,120.49937438964844,120.72825622558594,30
1787127470,635420890,,lidar,99.721435546875,191.24107360839844,203.08828735351562,30
1787127470,635433462,,ui,0.0,0.0,0.0,0
1787127471,635201771,,esp32,100.00157165527344,120.49937438964844,120.72825622558594,30
1787127471,635555242,,lidar,99.71595001220703,191.24107360839844,203.08828735351562,30
1787127471,635568661,,ui,0.0,0.0,0.0,0
1787127472,635125225,,esp32,100.00241088867188,120.49937438964844,120.72825622558594,30
1787127472,635449307,,lidar,99.7629165649414,191.34652709960938,203.08828735351562,30
1787127472,635463325,,ui,0.0,0.0,0.0,0
1787127473,635104621,,esp32,100.00157165527344,120.52330780029297,120.72825622558594,30
1787127473,635421125,,lidar,99.74110412597656,191.34652709960938,203.08828735351562,30
1787127473,635436266,,ui,0.0,0.0,0.0,0
1787127474,635092075,,esp32,100.0009765625,120.52330780029297,120.72825622558594,30
1787127474,635404794,,lidar,99.76077270507812,191.4519805908203,203.08828735351562,30
1787127474,635418406,,ui,0.0,0.0,0.0,0
1787127475,635135884,,esp32,100.0009765625,120.52330780029297,120.72825622558594,30
1787127475,635491750,,lidar,99.76935577392578,200.06362915039062,203.08828735351562,30
1787127475,635507475,,ui,0.0,0.0,0.0,0
1787127476,635175069,,esp32,99.99906921386719,120.52330780029297,120.72825622558594,30
1787127476,635706445,,lidar,99.74110412597656,200.06362915039062,203.08828735351562,30
1787127476,635744407,,ui,0.0,0.0,0.0,0
1787127477,635095638,,esp32,99.99906921386719,120.52330780029297,120.72825622558594,30
1787127477,635455014,,lidar,99.6458511352539,200.06362915039062,203.08828735351562,30
1787127477,635471049,,ui,0.0,0.0,0.0,0
1787127478,635222128,,esp32,99.99906921386719,120.52330780029297,120.72825622558594,30
1787127478,635758008,,lidar,99.6458511352539,200.06362915039062,203.08828735351562,30
1787127478,635797788,,ui,0.0,0.0,0.0,0
1787127479,635060053,,esp32,99.99906921386719,120.49947357177734,120.72825622558594,30
1787127479,635411371,,lidar,99.74110412597656,201.45062255859375,203.12428283691406,30
1787127479,635431518,,ui,0.0,0.0,0.0,0
1787127480,635202030,,esp32,99.99906921386719,120.49947357177734,120.72825622558594,30
1787127480,635663662,,lidar,99.7629165649414,201.92230224609375,203.12428283691406,30
1787127480,635689017,,ui,0.0,0.0,0.0,0
1787127481,634978443,,esp32,100.00061798095703,120.49947357177734,120.72825622558594,30
1787127481,635288692,,lidar,99.77364349365234,201.9266815185547,203.12428283691406,30
1787127481,635303498,,ui,0.0,0.0,0.0,0
1787127482,635047754,,esp32,100.00145721435547,120.49947357177734,120.72825622558594,30
1787127482,635333549,,lidar,99.76935577392578,201.9310760498047,203.12428283691406,30
1787127482,635346409,,ui,0.0,0.0,0.0,0
1787127483,635000049,,esp32,99.99906921386719,120.49947357177734,120.72825622558594,30
1787127483,635307657,,lidar,99.68590545654297,201.93545532226562,203.12428283691406,30
1787127483,635321620,,ui,0.0,0.0,0.0,0
1787127484,635141696,,esp32,99.99906921386719,120.49947357177734,120.72825622558594,30
1787127484,635451823,,lidar,99.86233520507812,201.93545532226562,203.12428283691406,30
1787127484,635465778,,ui,0.0,0.0,0.0,0
1787127485,634975867,,esp32,99.9919204711914,120.49947357177734,120.72825622558594,30
1787127485,635292174,,lidar,99.86543273925781,201.93545532226562,203.12428283691406,30
1787127485,635308695,,ui,0.0,0.0,0.0,0
1787127486,635029386,,esp32,99.99549102783203,120.49947357177734,120.72825622558594,30
1787127486,635339393,,lidar,99.8647232055664,201.93545532226562,203.12428283691406,30
1787127486,635352620,,ui,0.0,0.0,0.0,0
1787127487,635057849,,esp32,99.99752044677734,120.49947357177734,120.72825622558594,30
1787127487,635344831,,lidar,99.86233520507812,201.93545532226562,203.12428283691406,30
1787127487,635356079,,ui,0.0,0.0,0.0,0
1787127488,635170076,,esp32,99.99883270263672,120.49947357177734,120.72825622558594,30
1787127488,635645178,,lidar,99.88021850585938,201.93983459472656,203.12428283691406,30
1787127488,635674975,,ui,0.0,0.0,0.0,0
1787127489,635216337,,esp32,99.99620819091797,120.49947357177734,120.72825622558594,30
1787127489,635607266,,lidar,99.89952850341797,201.94422912597656,203.12428283691406,30
1787127489,635631170,,ui,0.0,0.0,0.0,0
1787127490,634906926,,esp32,99.99620819091797,120.3780288696289,120.59712219238281,30
1787127490,635287045,,lidar,99.89952850341797,201.94422912597656,203.12428283691406,30
1787127490,635305315,,ui,0.0,0.0,0.0,0
1787127491,634981783,,esp32,99.99561309814453,120.3780288696289,120.59712219238281,30
1787127491,635321130,,lidar,99.89952850341797,201.94422912597656,203.12428283691406,30
1787127491,635339897,,ui,0.0,0.0,0.0,0
1787127492,635030961,,esp32,99.99764251708984,120.3780288696289,120.59712219238281,30
1787127492,635379439,,lidar,99.90548706054688,201.94422912597656,203.12428283691406,30
1787127492,635397218,,ui,0.0,0.0,0.0,0
1787127493,634990085,,esp32,99.99764251708984,120.3780288696289,120.59712219238281,30
1787127493,635519997,,lidar,99.89726257324219,201.93983459472656,203.12428283691406,30
1787127493,635554841,,ui,0.0,0.0,0.0,0
1787127494,634975911,,esp32,100.00038146972656,120.3780288696289,120.59712219238281,30
1787127494,635324899,,lidar,99.94888305664062,201.94422912597656,203.12428283691406,30
1787127494,635344027,,ui,0.0,0.0,0.0,0
1787127495,635071303,,esp32,99.99823760986328,120.30014038085938,120.59712219238281,30
1787127495,635612894,,lidar,99.89726257324219,201.93983459472656,203.12428283691406,30
1787127495,635651544,,ui,0.0,0.0,0.0,0
1787127496,634872910,,esp32,99.99823760986328,120.21304321289062,120.59712219238281,30
1787127496,635218752,,lidar,99.90548706054688,201.93545532226562,203.12428283691406,30
1787127496,635233715,,ui,0.0,0.0,0.0,0
1787127497,634856964,,esp32,99.99406433105469,120.21304321289062,120.59712219238281,30
1787127497,635165562,,lidar,99.90251159667969,199.9849090576172,203.12428283691406,30
1787127497,635178835,,ui,0.0,0.0,0.0,0
1787127498,634953245,,esp32,99.98857879638672,120.21304321289062,120.59712219238281,30
1787127498,635311201,,lidar,99.90251159667969,199.9849090576172,203.12428283691406,30
1787127498,635330244,,ui,0.0,0.0,0.0,0
1787127499,635015592,,esp32,99.99549102783203,120.16981506347656,120.59712219238281,30
1787127499,635332174,,lidar,99.88856506347656,200.1476287841797,203.12428283691406,30
1787127499,635346409,,ui,0.0,0.0,0.0,0
1787127500,634901626,,esp32,99.99346923828125,120.16981506347656,120.59712219238281,30
1787127500,635214104,,lidar,99.88105010986328,200.1476287841797,203.12428283691406,30
1787127500,635226917,,ui,0.0,0.0,0.0,0
1787127501,635032453,,esp32,99.99346923828125,120.16981506347656,120.59712219238281,30
1787127501,635346641,,lidar,99.88856506347656,200.1476287841797,203.12428283691406,30
1787127501,635359980,,ui,0.0,0.0,0.0,0
1787127502,634920680,,esp32,99.99227905273438,120.16981506347656,120.59712219238281,30
1787127502,635249471,,lidar,99.88105010986328,200.42526245117188,298.80810546875,30
1787127502,635266951,,ui,0.0,0.0,0.0,0
1787127503,634943202,,esp32,99.99227905273438,120.11700439453125,120.4030532836914,30
1787127503,635285706,,lidar,99.88856506347656,200.42526245117188,298.80810546875,30
1787127503,635306003,,ui,0.0,0.0,0.0,0
1787127504,635008396,,esp32,99.9898910522461,120.11700439453125,120.4030532836914,30
1787127504,635352972,,lidar,99.88212585449219,200.40850830078125,298.80810546875,30
1787127504,635372105,,ui,0.0,0.0,0.0,0
1787127505,635021810,,esp32,99.99131774902344,120.11700439453125,120.4030532836914,30
1787127505,635440751,,lidar,99.88105010986328,200.3917694091797,298.80810546875,30
1787127505,635456528,,ui,0.0,0.0,0.0,0
1787127506,635057239,,esp32,99.99823760986328,120.11700439453125,120.4030532836914,30
1787127506,635368197,,lidar,99.89500427246094,202.0318145751953,298.80810546875,30
1787127506,635382728,,ui,0.0,0.0,0.0,0
1787127507,634897088,,esp32,99.99346923828125,120.11700439453125,120.4030532836914,30
1787127507,635235515,,lidar,99.89500427246094,202.0318145751953,298.80810546875,30
1787127507,635254171,,ui,0.0,0.0,0.0,0
1787127508,634969502,,esp32,100.0001449584961,120.11700439453125,120.4030532836914,30
1787127508,635282369,,lidar,99.90548706054688,202.0318145751953,298.80810546875,30
1787127508,635297974,,ui,0.0,0.0,0.0,0
1787127509,634952285,,esp32,100.0001449584961,120.03504180908203,120.21112060546875,30
1787127509,635260296,,lidar,99.92623138427734,202.1453857421875,298.80810546875,30
1787127509,635273325,,ui,0.0,0.0,0.0,0
1787127510,634982573,,esp32,100.0001449584961,119.67178344726562,120.21112060546875,30
1787127510,635316251,,lidar,99.88617706298828,200.69493103027344,298.80810546875,30
1787127510,635330218,,ui,0.0,0.0,0.0,0
1787127511,635133244,,esp32,99.99823760986328,119.67178344726562,120.21112060546875,30
1787127511,635665043,,lidar,99.8841552734375,204.3797149658203,298.80810546875,30
1787127511,635700980,,ui,0.0,0.0,0.0,0
1787127512,634937554,,esp32,100.0001449584961,101.3598861694336,120.21112060546875,30
1787127512,635276071,,lidar,99.88617706298828,204.38816833496094,298.80810546875,30
1787127512,635292376,,ui,0.0,0.0,0.0,0
1787127513,635034135,,esp32,100.0001449584961,101.3598861694336,120.21112060546875,30
1787127513,635374831,,lidar,99.8841552734375,204.3797149658203,298.80810546875,30
1787127513,635394657,,ui,0.0,0.0,0.0,0
1787127514,634969064,,esp32,100.0001449584961,101.3598861694336,120.21112060546875,30
1787127514,635279801,,lidar,99.8841552734375,204.39663696289062,298.80810546875,30
1787127514,635294114,,ui,0.0,0.0,0.0,0
1787127515,634858217,,esp32,100.00157165527344,101.31480407714844,120.21112060546875,30
1787127515,635189929,,lidar,99.8841552734375,205.36514282226562,397.3453063964844,30
1787127515,635202981,,ui,0.0,0.0,0.0,0
1787127516,634989458,,esp32,100.00025939941406,101.31480407714844,120.21112060546875,30
1787127516,635376763,,lidar,99.95246124267578,205.3782501220703,397.3453063964844,30
1787127516,635392078,,ui,0.0,0.0,0.0,0
1787127517,634877467,,esp32,100.0010986328125,101.31480407714844,120.21112060546875,30
1787127517,635174149,,lidar,99.95246124267578,205.3782501220703,397.3453063964844,30
1787127517,635187808,,ui,0.0,0.0,0.0,0
1787127518,634958720,,esp32,100.00252532958984,101.30459594726562,120.21112060546875,30
1787127518,635267649,,lidar,99.86519622802734,205.39134216308594,397.3453063964844,30
1787127518,635281407,,ui,0.0,0.0,0.0,0
1787127519,634974955,,esp32,100.0020523071289,101.29013061523438,101.67121887207031,30
1787127519,635287805,,lidar,99.84886932373047,205.39134216308594,397.3453063964844,30
1787127519,635301944,,ui,0.0,0.0,0.0,0
1787127520,634988603,,esp32,100.00228881835938,101.29013061523438,119.65226745605469,30
1787127520,635336674,,lidar,99.88105010986328,205.39134216308594,397.3453063964844,30
1787127520,635356715,,ui,0.0,0.0,0.0,0
1787127521,634967627,,esp32,100.00324249267578,101.29013061523438,119.65226745605469,30
1787127521,635308094,,lidar,99.88212585449219,205.3782501220703,397.3453063964844,30
1787127521,635327997,,ui,0.0,0.0,0.0,0
1787127522,635080373,,esp32,100.00228881835938,101.29013061523438,119.65226745605469,30
1787127522,635627615,,lidar,99.85041809082031,205.3782501220703,397.3453063964844,30
1787127522,635658422,,ui,0.0,0.0,0.0,0
1787127523,634958099,,esp32,100.00276184082031,101.29013061523438,119.65226745605469,30
1787127523,635277529,,lidar,99.88105010986328,205.39134216308594,397.3453063964844,30
1787127523,635293098,,ui,0.0,0.0,0.0,0
1787127524,634973289,,esp32,100.00276184082031,101.29013061523438,119.65226745605469,30
1787127524,635289109,,lidar,99.81990051269531,205.3782501220703,397.3453063964844,30
1787127524,635305174,,ui,0.0,0.0,0.0,0
1787127525,634907020,,esp32,100.00228881835938,101.29058837890625,119.65226745605469,30
1787127525,635229242,,lidar,99.86830139160156,205.39134216308594,397.3453063964844,30
1787127525,635243344,,ui,0.0,0.0,0.0,0
1787127526,635006512,,esp32,100.00383758544922,101.35327911376953,119.75360107421875,30
1787127526,635317859,,lidar,99.80201721191406,205.40444946289062,397.3453063964844,30
1787127526,635332989,,ui,0.0,0.0,0.0,0
1787127527,634779960,,esp32,100.00383758544922,101.35327911376953,119.75360107421875,30
1787127527,635240958,,lidar,99.81990051269531,205.40444946289062,397.3453063964844,30
1787127527,635275080,,ui,0.0,0.0,0.0,0
1787127528,634958957,,esp32,100.00383758544922,101.35327911376953,119.75360107421875,30
1787127528,635299663,,lidar,99.86424255371094,205.40444946289062,397.3453063964844,30
1787127528,635318992,,ui,0.0,0.0,0.0,0
1787127529,634925036,,esp32,100.00228881835938,101.35327911376953,119.75360107421875,30
1787127529,635231113,,lidar,99.87521362304688,205.39134216308594,397.3453063964844,30
1787127529,635247754,,ui,0.0,0.0,0.0,0
1787127530,634973606,,esp32,100.00228881835938,101.35327911376953,119.75360107421875,30
1787127530,635316755,,lidar,99.88629913330078,205.39134216308594,397.3453063964844,30
1787127530,635331136,,ui,0.0,0.0,0.0,0
1787127531,634876153,,esp32,100.00157165527344,101.35327911376953,119.75360107421875,30
1787127531,635188191,,lidar,99.85733032226562,205.39134216308594,397.3453063964844,30
1787127531,635202904,,ui,0.0,0.0,0.0,0
1787127532,634760448,,esp32,100.00228881835938,101.35327911376953,119.75360107421875,30
1787127532,635037481,,lidar,99.87521362304688,204.43051147460938,397.3453063964844,30
1787127532,635050767,,ui,0.0,0.0,0.0,0
1787127533,634920891,,esp32,100.00383758544922,101.35327911376953,119.75360107421875,30
1787127533,635244141,,lidar,99.88629913330078,204.43051147460938,397.3453063964844,30
1787127533,635258729,,ui,0.0,0.0,0.0,0
1787127534,635037767,,esp32,100.0070571899414,101.30427551269531,119.75360107421875,30
1787127534,635574911,,lidar,99.87521362304688,204.43051147460938,397.3453063964844,30
1787127534,635612866,,ui,0.0,0.0,0.0,0
1787127535,634917449,,esp32,100.0052719116211,101.30427551269531,119.75360107421875,30
1787127535,635355333,,lidar,99.87521362304688,204.43051147460938,397.3453063964844,30
1787127535,635388336,,ui,0.0,0.0,0.0,0
1787127536,634850302,,esp32,100.00491333007812,101.30427551269531,119.75360107421875,30
1787127536,635335610,,lidar,99.88629913330078,204.25245666503906,397.3453063964844,30
1787127536,635370532,,ui,0.0,0.0,0.0,0
1787127537,635016018,,esp32,100.00383758544922,101.30427551269531,119.75360107421875,30
1787127537,635564654,,lidar,99.88629913330078,204.25245666503906,397.3453063964844,30
1787127537,635594460,,ui,0.0,0.0,0.0,0
1787127538,634880390,,esp32,100.00383758544922,101.30427551269531,119.75360107421875,30
1787127538,635193293,,lidar,99.83587646484375,204.26312255859375,397.3453063964844,30
1787127538,635206574,,ui,0.0,0.0,0.0,0
1787127539,634845300,,esp32,100.00383758544922,101.30427551269531,119.75360107421875,30
1787127539,635161514,,lidar,99.83587646484375,204.0111083984375,397.3453063964844,30
1787127539,635175395,,ui,0.0,0.0,0.0,0
1787127540,634822537,,esp32,100.00228881835938,101.30427551269531,119.75360107421875,30
1787127540,635118176,,lidar,99.86424255371094,204.0111083984375,397.3453063964844,30
1787127540,635132946,,ui,0.0,0.0,0.0,0
1787127541,634840916,,esp32,100.00383758544922,101.30427551269531,119.75360107421875,30
1787127541,635176595,,lidar,99.86424255371094,203.67044067382812,397.3453063964844,30
1787127541,635193046,,ui,0.0,0.0,0.0,0
1787127542,634695977,,esp32,100.00157165527344,101.38452911376953,119.75360107421875,30
1787127542,634990804,,lidar,99.82514190673828,203.66236877441406,397.3453063964844,30
1787127542,635004741,,ui,0.0,0.0,0.0,0
1787127543,634840695,,esp32,100.00228881835938,101.38452911376953,119.75360107421875,30
1787127543,635155447,,lidar,99.82514190673828,203.66236877441406,397.3453063964844,30
1787127543,635169339,,ui,0.0,0.0,0.0,0
1787127544,635028300,,esp32,100.00228881835938,101.38452911376953,119.75360107421875,30
1787127544,635541564,,lidar,99.82514190673828,203.654296875,397.3453063964844,30
1787127544,635565641,,ui,0.0,0.0,0.0,0
1787127545,634749297,,esp32,100.00586700439453,101.38452911376953,119.75360107421875,30
1787127545,635048064,,lidar,99.80130004882812,202.5382080078125,204.04981994628906,30
1787127545,635060092,,ui,0.0,0.0,0.0,0
1787127546,634798770,,esp32,100.00586700439453,101.38452911376953,119.75360107421875,30
1787127546,635115050,,lidar,99.74980163574219,202.52642822265625,204.04981994628906,30
1787127546,635128722,,ui,0.0,0.0,0.0,0
1787127547,634752287,,esp32,100.0051498413086,101.38452911376953,119.75360107421875,30
1787127547,635173070,,lidar,99.71892547607422,202.52642822265625,204.04981994628906,30
1787127547,635200082,,ui,0.0,0.0,0.0,0
1787127548,634797389,,esp32,99.99442291259766,101.38452911376953,119.75360107421875,30
1787127548,635235563,,lidar,99.76887512207031,201.27479553222656,204.04981994628906,30
1787127548,635266574,,ui,0.0,0.0,0.0,0
1787127549,634522322,,esp32,99.99871063232422,101.38452911376953,119.75360107421875,30
1787127549,634744681,,lidar,99.80082702636719,199.40237426757812,203.5977783203125,30
1787127549,634753542,,ui,0.0,0.0,0.0,0
1787127550,634853280,,esp32,99.99442291259766,101.30427551269531,119.75360107421875,30
1787127550,635457801,,lidar,99.78079986572266,199.40237426757812,203.5977783203125,30
1787127550,635495486,,ui,0.0,0.0,0.0,0
1787127551,634957994,,esp32,99.99287414550781,101.30427551269531,119.75360107421875,30
1787127551,635528925,,lidar,99.7569580078125,199.40237426757812,203.5977783203125,30
1787127551,635569018,,ui,0.0,0.0,0.0,0
1787127552,634570911,,esp32,99.99442291259766,101.30427551269531,119.75360107421875,30
1787127552,634910419,,lidar,99.79080963134766,199.3833770751953,203.5977783203125,30
1787127552,634923852,,ui,0.0,0.0,0.0,0
1787127553,634785245,,esp32,100.00025939941406,101.30427551269531,119.75360107421875,30
1787127553,635109973,,lidar,99.80130004882812,199.40237426757812,203.5977783203125,30
1787127553,635125914,,ui,0.0,0.0,0.0,0
1787127554,635036963,,esp32,99.99442291259766,101.30427551269531,119.75360107421875,30
1787127554,635611739,,lidar,99.80130004882812,199.40237426757812,203.5977783203125,30
1787127554,635651681,,ui,0.0,0.0,0.0,0
1787127555,634570771,,esp32,100.0051498413086,101.22993469238281,119.75360107421875,30
1787127555,634979872,,lidar,99.80082702636719,199.40237426757812,203.5977783203125,30
1787127555,634999030,,ui,0.0,0.0,0.0,0
1787127556,634741970,,esp32,100.006103515625,101.08922576904297,104.79592895507812,30
1787127556,635064104,,lidar,99.81322479248047,198.54635620117188,203.5977783203125,30
1787127556,635077100,,ui,0.0,0.0,0.0,0
1787127557,634704286,,esp32,100.006103515625,101.08922576904297,104.79592895507812,30
1787127557,635040048,,lidar,99.81322479248047,198.54635620117188,203.5977783203125,30
1787127557,635058988,,ui,0.0,0.0,0.0,0
