1787125395,808882675,,esp32,100.01445007324219,120.55101776123047,120.90850067138672,30
1787125395,808941511,,lidar,99.31564331054688,120.55538940429688,138.6547088623047,30
1787125395,808946833,,ui,0.0,0.0,0.0,0
1787125396,808876921,,esp32,100.0173110961914,120.50331115722656,120.90850067138672,30
1787125396,808926672,,lidar,99.31564331054688,119.87095642089844,138.6547088623047,30
1787125396,808932035,,ui,0.0,0.0,0.0,0
1787125397,808979860,,esp32,100.01445007324219,120.45560455322266,120.90850067138672,30
1787125397,809092084,,lidar,99.31564331054688,119.18653106689453,138.6547088623047,30
1787125397,809110961,,ui,0.0,0.0,0.0,0
1787125398,808981793,,esp32,100.01445007324219,120.40789794921875,120.90850067138672,30
1787125398,809116800,,lidar,99.3134994506836,118.50210571289062,138.6547088623047,30
1787125398,809141175,,ui,0.0,0.0,0.0,0
1787125399,808986449,,esp32,100.01445007324219,120.36019134521484,120.90850067138672,30
1787125399,809092584,,lidar,99.31778717041016,117.81767272949219,138.6547088623047,30
1787125399,809101768,,ui,0.0,0.0,0.0,0
1787125400,809082954,,esp32,100.01349639892578,120.36346435546875,120.90850067138672,30
1787125400,809274307,,lidar,99.31564331054688,116.75144958496094,138.6547088623047,30
1787125400,809297886,,ui,0.0,0.0,0.0,0
1787125401,809147350,,esp32,100.00634002685547,120.32154846191406,120.90850067138672,30
1787125401,809286575,,lidar,99.3134994506836,115.58978271484375,138.6547088623047,30
1787125401,809296267,,ui,0.0,0.0,0.0,0
1787125402,809050055,,esp32,99.99942779541016,120.30853271484375,120.90850067138672,30
1787125402,809176562,,lidar,99.31564331054688,114.42810821533203,138.6547088623047,30
1787125402,809196749,,ui,0.0,0.0,0.0,0
1787125403,808988531,,esp32,99.99942779541016,120.30274200439453,120.90850067138672,30
1787125403,809154808,,lidar,99.31778717041016,113.26644134521484,138.6547088623047,30
1787125403,809172530,,ui,0.0,0.0,0.0,0
1787125404,808886600,,esp32,99.99942779541016,120.29694366455078,120.90850067138672,30
1787125404,808965228,,lidar,99.3297119140625,112.10476684570312,138.6547088623047,30
1787125404,808970914,,ui,0.0,0.0,0.0,0
1787125405,809142782,,esp32,99.99847412109375,120.29115295410156,120.90850067138672,30
1787125405,809300223,,lidar,99.31778717041016,110.9472427368164,138.6547088623047,30
1787125405,809316375,,ui,0.0,0.0,0.0,0
1787125406,809071634,,esp32,99.99775695800781,120.28535461425781,120.90850067138672,30
1787125406,809246158,,lidar,99.31778717041016,114.9574203491211,138.6547088623047,30
1787125406,809266511,,ui,0.0,0.0,0.0,0
1787125407,809046861,,esp32,99.99942779541016,120.2795639038086,120.90850067138672,30
1787125407,809201759,,lidar,99.3297119140625,114.55692291259766,138.6547088623047,30
1787125407,809213096,,ui,0.0,0.0,0.0,0
1787125408,809133859,,esp32,99.99847412109375,120.27377319335938,120.90850067138672,30
1787125408,809292636,,lidar,99.33829498291016,114.15642547607422,138.6547088623047,30
1787125408,809302553,,ui,0.0,0.0,0.0,0
1787125409,809136192,,esp32,99.99942779541016,120.26797485351562,120.90850067138672,30
1787125409,809290437,,lidar,99.31564331054688,113.75592803955078,138.6547088623047,30
1787125409,809299345,,ui,0.0,0.0,0.0,0
1787125410,809173720,,esp32,99.99847412109375,120.32515716552734,120.90850067138672,30
1787125410,809418506,,lidar,99.31778717041016,106.62222290039062,124.52507019042969,30
1787125410,809438874,,ui,0.0,0.0,0.0,0
1787125411,809089235,,esp32,99.99847412109375,120.3151626586914,120.90850067138672,30
1787125411,809255891,,lidar,99.33829498291016,106.62222290039062,124.52507019042969,30
1787125411,809274198,,ui,0.0,0.0,0.0,0
1787125412,809109616,,esp32,99.99811553955078,120.31416320800781,120.90850067138672,30
1787125412,809276738,,lidar,99.34043884277344,106.62222290039062,124.52507019042969,30
1787125412,809293594,,ui,0.0,0.0,0.0,0
1787125413,809164803,,esp32,99.99811553955078,120.31416320800781,120.90850067138672,30
1787125413,809328479,,lidar,99.3406753540039,106.62222290039062,124.52507019042969,30
1787125413,809343250,,ui,0.0,0.0,0.0,0
1787125414,808872803,,esp32,99.99668884277344,120.31416320800781,120.90850067138672,30
1787125414,808937702,,lidar,99.34139251708984,113.71588134765625,130.7089385986328,30
1787125414,808943167,,ui,0.0,0.0,0.0,0
1787125415,809105873,,esp32,99.99894714355469,120.25581359863281,120.90850067138672,30
1787125415,809270345,,lidar,99.34616088867188,113.71588134765625,130.7089385986328,30
1787125415,809285075,,ui,0.0,0.0,0.0,0
1787125416,809041382,,esp32,99.99811553955078,120.31416320800781,120.90850067138672,30
1787125416,809227455,,lidar,99.35033416748047,113.71588134765625,130.7089385986328,30
1787125416,809246851,,ui,0.0,0.0,0.0,0
1787125417,809075840,,esp32,99.99811553955078,120.4151840209961,120.90850067138672,30
1787125417,809261338,,lidar,99.35033416748047,113.71588134765625,130.7089385986328,30
1787125417,809280482,,ui,0.0,0.0,0.0,0
1787125418,809178786,,esp32,100.00121307373047,120.4151840209961,120.90850067138672,30
1787125418,809338479,,lidar,99.35033416748047,113.71588134765625,130.7089385986328,30
1787125418,809347599,,ui,0.0,0.0,0.0,0
1787125419,809170423,,esp32,100.00777435302734,120.4151840209961,120.90850067138672,30
1787125419,809330467,,lidar,99.3509292602539,117.70116424560547,130.7089385986328,30
1787125419,809339039,,ui,0.0,0.0,0.0,0
1787125420,809063068,,esp32,100.00395965576172,120.43002319335938,120.90850067138672,30
1787125420,809248329,,lidar,99.3406753540039,119.81468200683594,641.7915649414062,30
1787125420,809266699,,ui,0.0,0.0,0.0,0
1787125421,809055352,,esp32,99.99668884277344,120.637451171875,1563.28076171875,30
1787125421,809241937,,lidar,99.32089233398438,119.81468200683594,641.7915649414062,30
1787125421,809257890,,ui,0.0,0.0,0.0,0
1787125422,809057779,,esp32,99.99787902832031,120.44062042236328,1563.28076171875,30
1787125422,809240331,,lidar,99.3406753540039,119.81468200683594,641.7915649414062,30
1787125422,809258853,,ui,0.0,0.0,0.0,0
1787125423,809060164,,esp32,100.0009765625,120.44062042236328,1563.28076171875,30
1787125423,809236296,,lidar,99.35140991210938,119.81468200683594,641.7915649414062,30
1787125423,809251462,,ui,0.0,0.0,0.0,0
1787125424,808915010,,esp32,100.0009765625,120.44062042236328,1563.28076171875,30
1787125424,809013352,,lidar,99.34329986572266,119.81468200683594,641.7915649414062,30
1787125424,809021670,,ui,0.0,0.0,0.0,0
1787125425,809033552,,esp32,99.99549102783203,120.44062042236328,1563.28076171875,30
1787125425,809191226,,lidar,99.35021209716797,113.79668426513672,641.7915649414062,30
1787125425,809201724,,ui,0.0,0.0,0.0,0
1787125426,809144702,,esp32,99.99549102783203,120.44062042236328,1563.28076171875,30
1787125426,809298046,,lidar,99.35021209716797,113.79668426513672,641.7915649414062,30
1787125426,809310385,,ui,0.0,0.0,0.0,0
1787125427,809140113,,esp32,99.99549102783203,120.63127899169922,1563.28076171875,30
1787125427,809338340,,lidar,99.3406753540039,113.79668426513672,641.7915649414062,30
1787125427,809366589,,ui,0.0,0.0,0.0,0
1787125428,809073261,,esp32,99.99549102783203,120.63127899169922,1563.28076171875,30
1787125428,809312903,,lidar,99.34329986572266,113.79668426513672,641.7915649414062,30
1787125428,809346131,,ui,0.0,0.0,0.0,0
1787125429,809175253,,esp32,99.99251556396484,120.63127899169922,1563.28076171875,30
1787125429,809389214,,lidar,99.33518981933594,113.79668426513672,641.7915649414062,30
1787125429,809415157,,ui,0.0,0.0,0.0,0
1787125430,809157153,,esp32,99.99406433105469,120.63127899169922,1563.28076171875,30
1787125430,809335130,,lidar,99.3406753540039,113.79668426513672,641.7915649414062,30
1787125430,809352106,,ui,0.0,0.0,0.0,0
1787125431,809187436,,esp32,99.9950180053711,120.63127899169922,1563.28076171875,30
1787125431,809349891,,lidar,99.34329986572266,113.79668426513672,641.7915649414062,30
1787125431,809358815,,ui,0.0,0.0,0.0,0
1787125432,809064339,,esp32,99.99561309814453,120.6793441772461,1563.28076171875,30
1787125432,809295508,,lidar,99.3406753540039,113.79668426513672,641.7915649414062,30
1787125432,809316993,,ui,0.0,0.0,0.0,0
1787125433,808957592,,esp32,99.99561309814453,120.6793441772461,1563.28076171875,30
1787125433,809050061,,lidar,99.32804107666016,113.79668426513672,641.7915649414062,30
1787125433,809055519,,ui,0.0,0.0,0.0,0
1787125434,809131033,,esp32,99.99561309814453,120.75260925292969,1563.28076171875,30
1787125434,809293250,,lidar,99.3406753540039,113.79668426513672,641.7915649414062,30
1787125434,809308563,,ui,0.0,0.0,0.0,0
1787125435,809037786,,esp32,99.99346923828125,120.75260925292969,1563.28076171875,30
1787125435,809202275,,lidar,99.3406753540039,113.79668426513672,641.7915649414062,30
1787125435,809214150,,ui,0.0,0.0,0.0,0
1787125436,809179635,,esp32,99.99346923828125,120.75260925292969,1563.28076171875,30
1787125436,809340220,,lidar,99.3406753540039,106.91966247558594,641.7915649414062,30
1787125436,809350841,,ui,0.0,0.0,0.0,0
1787125437,809161541,,esp32,99.98738861083984,120.75260925292969,1563.28076171875,30
1787125437,809410069,,lidar,99.32804107666016,106.91966247558594,641.7915649414062,30
1787125437,809435826,,ui,0.0,0.0,0.0,0
1787125438,808905393,,esp32,99.99012756347656,120.75260925292969,1563.28076171875,30
1787125438,808994782,,lidar,99.32089233398438,106.91966247558594,641.7915649414062,30
1787125438,809001617,,ui,0.0,0.0,0.0,0
1787125439,809179362,,esp32,99.99012756347656,120.75260925292969,1563.28076171875,30
1787125439,809446534,,lidar,99.3406753540039,106.91966247558594,641.7915649414062,30
1787125439,809469356,,ui,0.0,0.0,0.0,0
1787125440,809129056,,esp32,99.9847640991211,120.96924591064453,1563.28076171875,30
1787125440,809278509,,lidar,99.34187316894531,106.91966247558594,641.7915649414062,30
1787125440,809292323,,ui,0.0,0.0,0.0,0
1787125441,808970712,,esp32,99.9847640991211,120.96924591064453,1563.28076171875,30
1787125441,809162726,,lidar,99.32768249511719,106.7890625,641.7915649414062,30
1787125441,809187818,,ui,0.0,0.0,0.0,0
1787125442,809162835,,esp32,99.98297882080078,120.96924591064453,1563.28076171875,30
1787125442,809403681,,lidar,99.32732391357422,106.91966247558594,641.7915649414062,30
1787125442,809427132,,ui,0.0,0.0,0.0,0
1787125443,809139159,,esp32,99.98297882080078,120.96924591064453,1563.28076171875,30
1787125443,809398794,,lidar,99.32339477539062,106.7890625,641.7915649414062,30
1787125443,809425279,,ui,0.0,0.0,0.0,0
1787125444,808940610,,esp32,99.98297882080078,120.96924591064453,1563.28076171875,30
1787125444,809022677,,lidar,99.32339477539062,104.47938537597656,641.7915649414062,30
1787125444,809028222,,ui,0.0,0.0,0.0,0
1787125445,809175305,,esp32,99.98178100585938,120.96924591064453,1563.28076171875,30
1787125445,809337470,,lidar,99.31922149658203,104.47938537597656,641.7915649414062,30
1787125445,809353143,,ui,0.0,0.0,0.0,0
1787125446,809141888,,esp32,99.98178100585938,120.96924591064453,1563.28076171875,30
1787125446,809293311,,lidar,99.31922149658203,104.47938537597656,641.7915649414062,30
1787125446,809306508,,ui,0.0,0.0,0.0,0
1787125447,809164972,,esp32,99.97880554199219,120.96924591064453,1563.28076171875,30
1787125447,809330721,,lidar,99.30276489257812,104.47938537597656,641.7915649414062,30
1787125447,809345421,,ui,0.0,0.0,0.0,0
1787125448,809246228,,esp32,99.97880554199219,123.4460220336914,1563.28076171875,30
1787125448,809505759,,lidar,99.29656982421875,104.41182708740234,641.7915649414062,30
1787125448,809528305,,ui,0.0,0.0,0.0,0
1787125449,809204762,,esp32,99.97785186767578,123.4460220336914,1563.28076171875,30
1787125449,809459186,,lidar,99.31242370605469,104.4073486328125,641.7915649414062,30
1787125449,809486272,,ui,0.0,0.0,0.0,0
1787125450,809164122,,esp32,99.97940063476562,122.12164306640625,1563.28076171875,30
1787125450,809327198,,lidar,99.3194580078125,104.40731048583984,105.41748809814453,30
1787125450,809341392,,ui,0.0,0.0,0.0,0
1787125451,809160887,,esp32,99.98178100585938,120.96687316894531,220.07513427734375,30
1787125451,809329532,,lidar,99.32780456542969,104.41136169433594,107.57684326171875,30
1787125451,809342497,,ui,0.0,0.0,0.0,0
1787125452,809127021,,esp32,99.97785186767578,120.96687316894531,220.07513427734375,30
1787125452,809352301,,lidar,99.32732391357422,104.41136169433594,107.57684326171875,30
1787125452,809377787,,ui,0.0,0.0,0.0,0
1787125453,809079619,,esp32,99.97785186767578,120.96687316894531,220.07513427734375,30
1787125453,809235612,,lidar,99.31898498535156,104.41136169433594,107.57684326171875,30
1787125453,809247904,,ui,0.0,0.0,0.0,0
1787125454,808899903,,esp32,99.97332000732422,120.96687316894531,220.07513427734375,30
1787125454,808958542,,lidar,99.31898498535156,104.41136169433594,107.57684326171875,30
1787125454,808962876,,ui,0.0,0.0,0.0,0
1787125455,809183577,,esp32,99.9796371459961,120.96687316894531,220.07513427734375,30
1787125455,809358317,,lidar,99.3092041015625,104.45738220214844,116.9474105834961,30
1787125455,809374081,,ui,0.0,0.0,0.0,0
1787125456,809175985,,esp32,99.9796371459961,121.0350341796875,220.07513427734375,30
1787125456,809329041,,lidar,99.30587005615234,104.45738220214844,116.9474105834961,30
1787125456,809342841,,ui,0.0,0.0,0.0,0
1787125457,809175336,,esp32,99.98429107666016,121.0350341796875,220.07513427734375,30
1787125457,809342207,,lidar,99.3194580078125,104.45738220214844,116.9474105834961,30
1787125457,809356867,,ui,0.0,0.0,0.0,0
1787125458,809177406,,esp32,99.98429107666016,121.0350341796875,220.07513427734375,30
1787125458,809348023,,lidar,99.3194580078125,105.41748809814453,116.9474105834961,30
1787125458,809361018,,ui,0.0,0.0,0.0,0
1787125459,809154284,,esp32,99.9897689819336,121.0350341796875,220.07513427734375,30
1787125459,809380540,,lidar,99.31898498535156,105.41748809814453,116.9474105834961,30
1787125459,809405224,,ui,0.0,0.0,0.0,0
1787125460,809389007,,esp32,99.9897689819336,121.0350341796875,220.07513427734375,30
1787125460,809637602,,lidar,99.31898498535156,105.41748809814453,116.9474105834961,30
1787125460,809658017,,ui,0.0,0.0,0.0,0
1787125461,809230935,,esp32,99.99668884277344,121.0350341796875,220.07513427734375,30
1787125461,809492782,,lidar,99.31874084472656,105.41748809814453,116.9474105834961,30
1787125461,809514623,,ui,0.0,0.0,0.0,0
1787125462,809241448,,esp32,99.99334716796875,121.0350341796875,220.07513427734375,30
1787125462,809400910,,lidar,99.31874084472656,105.41748809814453,116.9474105834961,30
1787125462,809412315,,ui,0.0,0.0,0.0,0
1787125463,808874868,,esp32,99.9897689819336,121.0350341796875,220.07513427734375,30
1787125463,808941035,,lidar,99.3092041015625,105.41748809814453,116.9474105834961,30
1787125463,808947193,,ui,0.0,0.0,0.0,0
1787125464,808979453,,esp32,99.9897689819336,120.93566131591797,220.07513427734375,30
1787125464,809070747,,lidar,99.29347229003906,105.41748809814453,116.9474105834961,30
1787125464,809076930,,ui,0.0,0.0,0.0,0
1787125465,809078855,,esp32,99.9897689819336,120.93566131591797,220.07513427734375,30
1787125465,809248984,,lidar,99.29680633544922,105.41748809814453,116.9474105834961,30
1787125465,809263792,,ui,0.0,0.0,0.0,0
1787125466,809214966,,esp32,99.9897689819336,120.93566131591797,220.07513427734375,30
1787125466,809387978,,lidar,99.29680633544922,105.41748809814453,116.9474105834961,30
1787125466,809402660,,ui,0.0,0.0,0.0,0
1787125467,809223122,,esp32,99.99156188964844,120.93566131591797,220.07513427734375,30
1787125467,809384581,,lidar,99.30419921875,105.41748809814453,116.9474105834961,30
1787125467,809398163,,ui,0.0,0.0,0.0,0
1787125468,809221658,,esp32,99.99156188964844,120.93566131591797,220.07513427734375,30
1787125468,809370493,,lidar,99.29680633544922,105.41748809814453,116.9474105834961,30
1787125468,809383216,,ui,0.0,0.0,0.0,0
1787125469,809231051,,esp32,99.98798370361328,120.93566131591797,220.07513427734375,30
1787125469,809392797,,lidar,99.29966735839844,105.41748809814453,116.9474105834961,30
1787125469,809406746,,ui,0.0,0.0,0.0,0
1787125470,809218296,,esp32,99.99668884277344,120.8853759765625,139.9061737060547,30
1787125470,809378009,,lidar,99.29275512695312,105.41748809814453,116.9474105834961,30
1787125470,809386364,,ui,0.0,0.0,0.0,0
1787125471,809169870,,esp32,99.99668884277344,120.8853759765625,139.9061737060547,30
1787125471,809329501,,lidar,99.29251861572266,105.42147827148438,116.9474105834961,30
1787125471,809343091,,ui,0.0,0.0,0.0,0
1787125472,809192256,,esp32,100.00324249267578,120.8853759765625,139.9061737060547,30
1787125472,809351481,,lidar,99.29275512695312,105.41748809814453,116.9474105834961,30
1787125472,809365229,,ui,0.0,0.0,0.0,0
1787125473,809167842,,esp32,100.00741577148438,120.8853759765625,139.9061737060547,30
1787125473,809331433,,lidar,99.29287719726562,105.42147827148438,116.9474105834961,30
1787125473,809345336,,ui,0.0,0.0,0.0,0
1787125474,808968805,,esp32,100.00955963134766,120.8853759765625,139.9061737060547,30
1787125474,809055437,,lidar,99.29287719726562,105.42147827148438,116.9474105834961,30
1787125474,809061711,,ui,0.0,0.0,0.0,0
1787125475,809077932,,esp32,100.01242065429688,120.8853759765625,139.9061737060547,30
1787125475,809236211,,lidar,99.28822326660156,105.8342056274414,120.92900085449219,30
1787125475,809249648,,ui,0.0,0.0,0.0,0
1787125476,809199784,,esp32,100.01504516601562,120.8853759765625,139.9061737060547,30
1787125476,809446648,,lidar,99.29096984863281,105.8342056274414,120.92900085449219,30
1787125476,809471437,,ui,0.0,0.0,0.0,0
1787125477,809152853,,esp32,100.02100372314453,120.8853759765625,139.9061737060547,30
1787125477,809316326,,lidar,99.29263305664062,105.8342056274414,120.92900085449219,30
1787125477,809330534,,ui,0.0,0.0,0.0,0
1787125478,809190972,,esp32,100.0154037475586,120.73336791992188,125.84376525878906,30
1787125478,809366146,,lidar,99.29263305664062,105.8342056274414,120.92900085449219,30
1787125478,809381268,,ui,0.0,0.0,0.0,0
1787125479,809301466,,esp32,100.0154037475586,120.73336791992188,125.84376525878906,30
1787125479,809523954,,lidar,99.29096984863281,105.8342056274414,120.92900085449219,30
1787125479,809547151,,ui,0.0,0.0,0.0,0
1787125480,809245225,,esp32,100.0154037475586,120.73336791992188,125.84376525878906,30
1787125480,809469762,,lidar,99.29096984863281,105.8342056274414,120.92900085449219,30
1787125480,809493480,,ui,0.0,0.0,0.0,0
1787125481,809178475,,esp32,100.01587677001953,120.73336791992188,125.84376525878906,30
1787125481,809388751,,lidar,99.28822326660156,104.36286926269531,120.92900085449219,30
1787125481,809412059,,ui,0.0,0.0,0.0,0
1787125482,809211240,,esp32,100.02100372314453,120.73336791992188,125.84376525878906,30
1787125482,809414401,,lidar,99.28822326660156,104.36286926269531,120.92900085449219,30
1787125482,809432569,,ui,0.0,0.0,0.0,0
1787125483,809224663,,esp32,100.02100372314453,120.73336791992188,125.84376525878906,30
1787125483,809443179,,lidar,99.29096984863281,104.36286926269531,120.92900085449219,30
1787125483,809464428,,ui,0.0,0.0,0.0,0
1787125484,808905912,,esp32,100.01587677001953,120.73336791992188,125.84376525878906,30
1787125484,808971243,,lidar,99.29096984863281,104.36286926269531,120.92900085449219,30
1787125484,808978318,,ui,0.0,0.0,0.0,0
1787125485,809145134,,esp32,100.01504516601562,120.75296020507812,125.84376525878906,30
1787125485,809354465,,lidar,99.29263305664062,104.2455062866211,120.92900085449219,30
1787125485,809373702,,ui,0.0,0.0,0.0,0
1787125486,809182848,,esp32,100.01504516601562,120.73202514648438,120.8860855102539,30
1787125486,809357969,,lidar,99.29680633544922,104.34818267822266,120.92900085449219,30
1787125486,809372760,,ui,0.0,0.0,0.0,0
1787125487,809268272,,esp32,100.01504516601562,120.59068298339844,120.8853759765625,30
1787125487,809489679,,lidar,99.29228210449219,104.34818267822266,120.92900085449219,30
1787125487,809510014,,ui,0.0,0.0,0.0,0
1787125488,809218880,,esp32,100.01349639892578,120.46297454833984,120.8853759765625,30
1787125488,809420386,,lidar,99.2929916381836,104.24446868896484,120.92900085449219,30
1787125488,809438639,,ui,0.0,0.0,0.0,0
1787125489,809257985,,esp32,100.00836944580078,120.56871795654297,120.8853759765625,30
1787125489,809462582,,lidar,99.29680633544922,104.24446868896484,120.92900085449219,30
1787125489,809481063,,ui,0.0,0.0,0.0,0
1787125490,809225118,,esp32,100.00944519042969,120.56871795654297,120.8853759765625,30
1787125490,809432284,,lidar,99.2929916381836,104.34818267822266,120.92900085449219,30
1787125490,809452120,,ui,0.0,0.0,0.0,0
1787125491,809233879,,esp32,100.00765228271484,120.56871795654297,120.8853759765625,30
1787125491,809437595,,lidar,99.2929916381836,104.42018127441406,120.92900085449219,30
1787125491,809456031,,ui,0.0,0.0,0.0,0
1787125492,809247152,,esp32,100.00765228271484,120.57034301757812,121.05846405029297,30
1787125492,809421870,,lidar,99.29228210449219,104.42018127441406,120.92900085449219,30
1787125492,809436863,,ui,0.0,0.0,0.0,0
1787125493,809157065,,esp32,100.00765228271484,120.57034301757812,121.05846405029297,30
1787125493,809318373,,lidar,99.3051528930664,104.42018127441406,120.92900085449219,30
1787125493,809332367,,ui,0.0,0.0,0.0,0
1787125494,808913918,,esp32,100.0010986328125,120.57034301757812,121.05846405029297,30
1787125494,808974009,,lidar,99.3051528930664,104.42018127441406,120.92900085449219,30
1787125494,808978763,,ui,0.0,0.0,0.0,0
1787125495,809215575,,esp32,100.00920104980469,120.4984130859375,121.05846405029297,30
1787125495,809388849,,lidar,99.31492614746094,104.42018127441406,120.92900085449219,30
1787125495,809402911,,ui,0.0,0.0,0.0,0
1787125496,809259880,,esp32,100.00920104980469,120.4984130859375,121.05846405029297,30
1787125496,809448339,,lidar,99.32089233398438,104.42018127441406,120.92900085449219,30
1787125496,809464465,,ui,0.0,0.0,0.0,0
1787125497,809268084,,esp32,100.00991821289062,120.57034301757812,121.05846405029297,30
1787125497,809581804,,lidar,99.32089233398438,104.42018127441406,120.92900085449219,30
1787125497,809607282,,ui,0.0,0.0,0.0,0
1787125498,809336892,,esp32,100.00920104980469,120.57034301757812,121.05846405029297,30
1787125498,809528414,,lidar,99.31611633300781,104.42018127441406,120.92900085449219,30
1787125498,809544726,,ui,0.0,0.0,0.0,0
1787125499,809118352,,esp32,100.00538635253906,120.57034301757812,121.05846405029297,30
1787125499,809387938,,lidar,99.31111145019531,104.71797180175781,120.92900085449219,30
1787125499,809411333,,ui,0.0,0.0,0.0,0
1787125500,809206523,,esp32,100.0010986328125,120.5991439819336,121.05846405029297,30
1787125500,809396884,,lidar,99.31111145019531,104.71797180175781,120.92900085449219,30
1787125500,809413251,,ui,0.0,0.0,0.0,0
1787125501,809181125,,esp32,100.0010986328125,120.5991439819336,121.05846405029297,30
1787125501,809375399,,lidar,99.3051528930664,104.71797180175781,120.92900085449219,30
1787125501,809391451,,ui,0.0,0.0,0.0,0
1787125502,809208489,,esp32,100.00074005126953,120.73391723632812,121.05846405029297,30
1787125502,809389659,,lidar,99.3051528930664,104.71797180175781,120.92900085449219,30
1787125502,809404519,,ui,0.0,0.0,0.0,0
1787125503,809274427,,esp32,100.00383758544922,120.73391723632812,121.05846405029297,30
1787125503,809450906,,lidar,99.3051528930664,104.71797180175781,120.92900085449219,30
1787125503,809464037,,ui,0.0,0.0,0.0,0
1787125504,808990532,,esp32,100.00383758544922,120.73391723632812,121.05846405029297,30
1787125504,809049391,,lidar,99.31611633300781,104.71797180175781,120.92900085449219,30
1787125504,809054047,,ui,0.0,0.0,0.0,0
1787125505,809248086,,esp32,99.99430084228516,120.73391723632812,121.05846405029297,30
1787125505,809443291,,lidar,99.31611633300781,104.42018127441406,117.4163818359375,30
1787125505,809460141,,ui,0.0,0.0,0.0,0
1787125506,809230734,,esp32,99.98690795898438,120.73391723632812,121.05846405029297,30
1787125506,809406491,,lidar,99.30372619628906,104.42018127441406,117.4163818359375,30
1787125506,809420205,,ui,0.0,0.0,0.0,0
1787125507,809256458,,esp32,99.98643493652344,120.75265502929688,121.05846405029297,30
1787125507,809450299,,lidar,99.29800415039062,104.42018127441406,117.4163818359375,30
1787125507,809466534,,ui,0.0,0.0,0.0,0
1787125508,809246025,,esp32,99.98798370361328,120.75265502929688,121.05846405029297,30
1787125508,809430191,,lidar,99.29609680175781,104.45189666748047,117.4163818359375,30
1787125508,809445250,,ui,0.0,0.0,0.0,0
1787125509,809238323,,esp32,99.98690795898438,120.75265502929688,121.05846405029297,30
1787125509,809452917,,lidar,99.2848892211914,104.45189666748047,117.4163818359375,30
1787125509,809471580,,ui,0.0,0.0,0.0,0
1787125510,809254625,,esp32,99.98643493652344,120.75265502929688,121.05846405029297,30
1787125510,809461971,,lidar,99.29609680175781,104.45189666748047,117.4163818359375,30
1787125510,809480522,,ui,0.0,0.0,0.0,0
1787125511,809238533,,esp32,99.98643493652344,120.75265502929688,121.05846405029297,30
1787125511,809451441,,lidar,99.28703308105469,104.45189666748047,117.4163818359375,30
1787125511,809469871,,ui,0.0,0.0,0.0,0
1787125512,809125811,,esp32,99.98690795898438,120.75265502929688,121.05846405029297,30
1787125512,809335671,,lidar,99.28703308105469,104.45189666748047,117.4163818359375,30
1787125512,809352646,,ui,0.0,0.0,0.0,0
1787125513,809190623,,esp32,99.98643493652344,120.75265502929688,121.05846405029297,30
1787125513,809420066,,lidar,99.28703308105469,104.71797180175781,117.4163818359375,30
1787125513,809439744,,ui,0.0,0.0,0.0,0
1787125514,808969786,,esp32,99.99465942382812,120.75265502929688,121.05846405029297,30
1787125514,809036582,,lidar,99.2777328491211,104.71797180175781,117.4163818359375,30
1787125514,809043662,,ui,0.0,0.0,0.0,0
1787125515,808874888,,esp32,100.0020523071289,120.73495483398438,121.05846405029297,30
1787125515,808945762,,lidar,99.27224731445312,104.85458374023438,117.4163818359375,30
1787125515,808950883,,ui,0.0,0.0,0.0,0
1787125516,809172009,,esp32,100.0000228881836,120.73495483398438,121.05846405029297,30
1787125516,809368643,,lidar,99.26664733886719,104.7193374633789,106.34326934814453,30
1787125516,809385351,,ui,0.0,0.0,0.0,0
1787125517,809253250,,esp32,99.99871063232422,120.73495483398438,121.05846405029297,30
1787125517,809451340,,lidar,99.28238677978516,104.7193374633789,106.34326934814453,30
1787125517,809468037,,ui,0.0,0.0,0.0,0
1787125518,809285594,,esp32,99.99871063232422,120.73495483398438,121.05846405029297,30
1787125518,809505109,,lidar,99.27499389648438,104.7193374633789,106.34326934814453,30
1787125518,809523921,,ui,0.0,0.0,0.0,0
1787125519,809289658,,esp32,99.99894714355469,120.73495483398438,121.05846405029297,30
1787125519,809504038,,lidar,99.27499389648438,104.7193374633789,106.34326934814453,30
1787125519,809522723,,ui,0.0,0.0,0.0,0
1787125520,809253150,,esp32,99.99894714355469,120.73495483398438,121.05846405029297,30
1787125520,809438240,,lidar,99.28238677978516,104.7193374633789,106.34326934814453,30
1787125520,809453567,,ui,0.0,0.0,0.0,0
1787125521,809256462,,esp32,99.99800109863281,120.73495483398438,121.05846405029297,30
1787125521,809437615,,lidar,99.29156494140625,104.86676788330078,111.5968246459961,30
1787125521,809450775,,ui,0.0,0.0,0.0,0
1787125522,809247206,,esp32,99.99561309814453,120.69573974609375,120.95213317871094,30
1787125522,809430696,,lidar,99.29704284667969,104.86676788330078,111.5968246459961,30
1787125522,809443407,,ui,0.0,0.0,0.0,0
1787125523,809241591,,esp32,99.99800109863281,120.69573974609375,120.95213317871094,30
1787125523,809425263,,lidar,99.29156494140625,104.86676788330078,111.5968246459961,30
1787125523,809438414,,ui,0.0,0.0,0.0,0
1787125524,808999747,,esp32,100.0020523071289,120.69573974609375,120.95213317871094,30
1787125524,809096746,,lidar,99.29883575439453,104.86676788330078,111.5968246459961,30
1787125524,809103142,,ui,0.0,0.0,0.0,0
1787125525,809214869,,esp32,100.00443267822266,120.69573974609375,120.95213317871094,30
1787125525,809495003,,lidar,99.29883575439453,104.86676788330078,111.5968246459961,30
1787125525,809522081,,ui,0.0,0.0,0.0,0
1787125526,809242369,,esp32,100.00443267822266,120.69573974609375,120.95213317871094,30
1787125526,809439110,,lidar,99.29883575439453,104.86676788330078,111.5968246459961,30
1787125526,809457438,,ui,0.0,0.0,0.0,0
1787125527,809262525,,esp32,99.99894714355469,120.59857940673828,120.85509490966797,30
1787125527,809486456,,lidar,99.29883575439453,106.07560729980469,130.15818786621094,30
1787125527,809505197,,ui,0.0,0.0,0.0,0
1787125528,809207241,,esp32,100.0000228881836,120.59857940673828,120.85509490966797,30
1787125528,809393537,,lidar,99.30574798583984,106.07560729980469,130.15818786621094,30
1787125528,809409941,,ui,0.0,0.0,0.0,0
1787125529,809219064,,esp32,100.00443267822266,120.59857940673828,120.85509490966797,30
1787125529,809399352,,lidar,99.3040771484375,104.86946868896484,130.15818786621094,30
1787125529,809408751,,ui,0.0,0.0,0.0,0
1787125530,809243843,,esp32,100.0020523071289,120.56459045410156,120.85509490966797,30
1787125530,809437645,,lidar,99.3094482421875,106.37705993652344,130.15818786621094,30
1787125530,809449708,,ui,0.0,0.0,0.0,0
1787125531,809245176,,esp32,99.99800109863281,120.56459045410156,120.85509490966797,30
1787125531,809443310,,lidar,99.31481170654297,106.37705993652344,130.15818786621094,30
1787125531,809458146,,ui,0.0,0.0,0.0,0
1787125532,809090787,,esp32,99.99847412109375,120.46542358398438,120.85509490966797,30
1787125532,809260589,,lidar,99.30574798583984,109.7413558959961,615.0241088867188,30
1787125532,809274121,,ui,0.0,0.0,0.0,0
1787125533,809236952,,esp32,99.99752044677734,120.58043670654297,1583.782958984375,30
1787125533,809426335,,lidar,99.3094482421875,109.7413558959961,615.0241088867188,30
1787125533,809437746,,ui,0.0,0.0,0.0,0
1787125534,809028537,,esp32,99.99465942382812,120.70440673828125,1583.782958984375,30
1787125534,809091376,,lidar,99.31481170654297,109.7413558959961,615.0241088867188,30
1787125534,809096014,,ui,0.0,0.0,0.0,0
1787125535,809216031,,esp32,99.99752044677734,120.70440673828125,1583.782958984375,30
1787125535,809463100,,lidar,99.31481170654297,109.7413558959961,615.0241088867188,30
1787125535,809488096,,ui,0.0,0.0,0.0,0
1787125536,809027032,,esp32,99.99752044677734,120.70440673828125,1583.782958984375,30
1787125536,809215053,,lidar,99.33912658691406,109.7413558959961,615.0241088867188,30
1787125536,809230527,,ui,0.0,0.0,0.0,0
1787125537,808893815,,esp32,99.99800109863281,120.58043670654297,1583.782958984375,30
1787125537,808966064,,lidar,99.33912658691406,109.7413558959961,615.0241088867188,30
1787125537,808970478,,ui,0.0,0.0,0.0,0
1787125538,809256678,,esp32,99.99752044677734,120.58043670654297,1583.782958984375,30
1787125538,809468119,,lidar,99.34854125976562,109.7413558959961,615.0241088867188,30
1787125538,809489251,,ui,0.0,0.0,0.0,0
1787125539,809245497,,esp32,99.99752044677734,120.58043670654297,1583.782958984375,30
1787125539,809476765,,lidar,99.34854125976562,109.7413558959961,615.0241088867188,30
1787125539,809497925,,ui,0.0,0.0,0.0,0
1787125540,809239876,,esp32,99.99752044677734,120.58043670654297,1583.782958984375,30
1787125540,809539188,,lidar,99.34210968017578,109.7413558959961,615.0241088867188,30
1787125540,809573391,,ui,0.0,0.0,0.0,0
1787125541,809131950,,esp32,99.99752044677734,120.58043670654297,1583.782958984375,30
1787125541,809332574,,lidar,99.35533905029297,109.7413558959961,615.0241088867188,30
1787125541,809348833,,ui,0.0,0.0,0.0,0
1787125542,809229973,,esp32,99.99656677246094,120.58043670654297,1583.782958984375,30
1787125542,809420260,,lidar,99.35128784179688,111.7182846069336,615.0241088867188,30
1787125542,809435102,,ui,0.0,0.0,0.0,0
1787125543,809204595,,esp32,99.99752044677734,120.58043670654297,1583.782958984375,30
1787125543,809405928,,lidar,99.35128784179688,111.7182846069336,615.0241088867188,30
1787125543,809425505,,ui,0.0,0.0,0.0,0
1787125544,809003583,,esp32,99.99656677246094,120.58043670654297,1583.782958984375,30
1787125544,809079091,,lidar,99.35832214355469,111.7182846069336,615.0241088867188,30
1787125544,809084207,,ui,0.0,0.0,0.0,0
1787125545,809195088,,esp32,99.99275207519531,120.58043670654297,1583.782958984375,30
1787125545,809395614,,lidar,99.36690521240234,111.7182846069336,615.0241088867188,30
1787125545,809409902,,ui,0.0,0.0,0.0,0
1787125546,809240927,,esp32,99.99465942382812,120.58043670654297,1583.782958984375,30
1787125546,809422953,,lidar,99.36690521240234,111.7182846069336,615.0241088867188,30
1787125546,809436116,,ui,0.0,0.0,0.0,0
1787125547,809230701,,esp32,99.99752044677734,120.58043670654297,1583.782958984375,30
1787125547,809412296,,lidar,99.3653564453125,111.7182846069336,615.0241088867188,30
1787125547,809427301,,ui,0.0,0.0,0.0,0
1787125548,809242840,,esp32,99.99752044677734,120.46868133544922,1583.782958984375,30
1787125548,809443191,,lidar,99.36690521240234,111.7182846069336,615.0241088867188,30
1787125548,809459138,,ui,0.0,0.0,0.0,0
1787125549,809118467,,esp32,99.99752044677734,120.33943176269531,1583.782958984375,30
1787125549,809303083,,lidar,99.36165618896484,111.7182846069336,615.0241088867188,30
1787125549,809317642,,ui,0.0,0.0,0.0,0
1787125550,809171356,,esp32,99.99549102783203,120.29463958740234,1583.782958984375,30
1787125550,809357823,,lidar,99.36690521240234,111.7182846069336,615.0241088867188,30
1787125550,809372523,,ui,0.0,0.0,0.0,0
1787125551,809234865,,esp32,99.99549102783203,120.29463958740234,1583.782958984375,30
1787125551,809418829,,lidar,99.36690521240234,109.8628158569336,615.0241088867188,30
1787125551,809433609,,ui,0.0,0.0,0.0,0
1787125552,809277878,,esp32,99.99752044677734,120.29463958740234,1583.782958984375,30
1787125552,809481257,,lidar,99.3651123046875,109.8628158569336,615.0241088867188,30
1787125552,809496939,,ui,0.0,0.0,0.0,0
1787125553,809266973,,esp32,99.99656677246094,120.29463958740234,1583.782958984375,30
1787125553,809528558,,lidar,99.3651123046875,109.8628158569336,615.0241088867188,30
1787125553,809561775,,ui,0.0,0.0,0.0,0
1787125554,808878703,,esp32,99.98953247070312,120.29463958740234,1583.782958984375,30
1787125554,808952637,,lidar,99.35211944580078,109.8628158569336,615.0241088867188,30
1787125554,808958445,,ui,0.0,0.0,0.0,0
1787125555,809169273,,esp32,99.98953247070312,120.29463958740234,1583.782958984375,30
1787125555,809493357,,lidar,99.3459243774414,109.8628158569336,615.0241088867188,30
1787125555,809515623,,ui,0.0,0.0,0.0,0
1787125556,809241535,,esp32,99.98345184326172,120.29463958740234,1583.782958984375,30
1787125556,809513232,,lidar,99.33626556396484,109.8628158569336,615.0241088867188,30
1787125556,809533751,,ui,0.0,0.0,0.0,0
1787125557,809228704,,esp32,99.99549102783203,120.31787109375,1583.782958984375,30
1787125557,809520663,,lidar,99.3459243774414,106.16179656982422,615.0241088867188,30
1787125557,809545410,,ui,0.0,0.0,0.0,0
1787125558,809237670,,esp32,99.98953247070312,120.31787109375,1583.782958984375,30
1787125558,809470769,,lidar,99.3459243774414,106.16179656982422,615.0241088867188,30
1787125558,809490983,,ui,0.0,0.0,0.0,0
1787125559,809228461,,esp32,99.98345184326172,120.31787109375,1583.782958984375,30
1787125559,809435389,,lidar,99.35211944580078,106.16179656982422,615.0241088867188,30
1787125559,809449838,,ui,0.0,0.0,0.0,0
1787125560,809242794,,esp32,99.99644470214844,120.31787109375,1583.782958984375,30
1787125560,809474744,,lidar,99.35009765625,105.45738220214844,615.0241088867188,30
1787125560,809497755,,ui,0.0,0.0,0.0,0
1787125561,809339595,,esp32,100.00025939941406,120.31787109375,1583.782958984375,30
1787125561,809542055,,lidar,99.35211944580078,105.45738220214844,615.0241088867188,30
1787125561,809559595,,ui,0.0,0.0,0.0,0
1787125562,809235743,,esp32,99.99752044677734,120.31752014160156,1583.782958984375,30
1787125562,809455167,,lidar,99.35116577148438,104.3178939819336,123.7428207397461,30
1787125562,809477699,,ui,0.0,0.0,0.0,0
1787125563,809234224,,esp32,99.99835205078125,120.18488311767578,120.76496887207031,30
1787125563,809426490,,lidar,99.34175109863281,105.45738220214844,577.4359741210938,30
1787125563,809441175,,ui,0.0,0.0,0.0,0
1787125564,808894747,,esp32,99.9968032836914,120.31782531738281,1483.2520751953125,30
1787125564,808953732,,lidar,99.33602905273438,105.45738220214844,577.4359741210938,30
1787125564,808958004,,ui,0.0,0.0,0.0,0
1787125565,809212701,,esp32,99.99656677246094,120.31782531738281,1483.2520751953125,30
1787125565,809419692,,lidar,99.34020233154297,105.45738220214844,577.4359741210938,30
1787125565,809433428,,ui,0.0,0.0,0.0,0
1787125566,809209063,,esp32,99.99668884277344,120.31787109375,1483.2520751953125,30
1787125566,809397952,,lidar,99.34020233154297,105.45738220214844,577.4359741210938,30
1787125566,809413215,,ui,0.0,0.0,0.0,0
1787125567,809319592,,esp32,99.9959716796875,120.31787109375,1483.2520751953125,30
1787125567,809528871,,lidar,99.34544372558594,105.45738220214844,577.4359741210938,30
1787125567,809545094,,ui,0.0,0.0,0.0,0
1787125568,809246478,,esp32,99.9959716796875,120.31837463378906,1483.2520751953125,30
1787125568,809433651,,lidar,99.34187316894531,106.4781723022461,602.0853271484375,30
1787125568,809447424,,ui,0.0,0.0,0.0,0
1787125569,809260940,,esp32,99.98226165771484,120.4962387084961,1483.2520751953125,30
1787125569,809483221,,lidar,99.34234619140625,106.4781723022461,602.0853271484375,30
1787125569,809500827,,ui,0.0,0.0,0.0,0
1787125570,808884881,,esp32,99.98262023925781,120.5027084350586,1483.2520751953125,30
1787125570,808946321,,lidar,99.34234619140625,105.81647491455078,602.0853271484375,30
1787125570,808950730,,ui,0.0,0.0,0.0,0
1787125571,809158074,,esp32,99.98226165771484,120.4962387084961,1483.2520751953125,30
1787125571,809380651,,lidar,99.34187316894531,105.81647491455078,602.0853271484375,30
1787125571,809398246,,ui,0.0,0.0,0.0,0
1787125572,809324210,,esp32,99.98202514648438,120.5027084350586,1483.2520751953125,30
1787125572,809660095,,lidar,99.33709716796875,104.3178939819336,602.0853271484375,30
1787125572,809686384,,ui,0.0,0.0,0.0,0
1787125573,809239896,,esp32,99.98262023925781,120.5027084350586,1483.2520751953125,30
1787125573,809464445,,lidar,99.34187316894531,104.3178939819336,602.0853271484375,30
1787125573,809483862,,ui,0.0,0.0,0.0,0
1787125574,808897010,,esp32,99.97677612304688,120.4962387084961,1483.2520751953125,30
1787125574,808974339,,lidar,99.34187316894531,105.28824615478516,602.0853271484375,30
1787125574,808980379,,ui,0.0,0.0,0.0,0
1787125575,809128906,,esp32,99.97677612304688,125.22158813476562,1483.2520751953125,30
1787125575,809344740,,lidar,99.34115600585938,105.63959503173828,602.0853271484375,30
1787125575,809362375,,ui,0.0,0.0,0.0,0
1787125576,809250937,,esp32,99.97618103027344,125.41344451904297,1483.2520751953125,30
1787125576,809459714,,lidar,99.32112884521484,105.54511260986328,602.0853271484375,30
1787125576,809475374,,ui,0.0,0.0,0.0,0
1787125577,809222097,,esp32,99.96926879882812,125.46723175048828,1483.2520751953125,30
1787125577,809417314,,lidar,99.32112884521484,106.9931869506836,602.0853271484375,30
1787125577,809430628,,ui,0.0,0.0,0.0,0
1787125578,809198348,,esp32,99.96819305419922,125.46723175048828,1483.2520751953125,30
1787125578,809502240,,lidar,99.309326171875,106.9931869506836,602.0853271484375,30
1787125578,809527725,,ui,0.0,0.0,0.0,0
1787125579,809232187,,esp32,99.96986389160156,125.27607727050781,1483.2520751953125,30
1787125579,809420333,,lidar,99.32112884521484,106.9931869506836,602.0853271484375,30
1787125579,809433052,,ui,0.0,0.0,0.0,0
1787125580,808885280,,esp32,99.96998596191406,125.46723175048828,1483.2520751953125,30
1787125580,808943568,,lidar,99.32112884521484,106.9931869506836,602.0853271484375,30
1787125580,808946730,,ui,0.0,0.0,0.0,0
1787125581,809170946,,esp32,99.96986389160156,125.27607727050781,1483.2520751953125,30
1787125581,809461152,,lidar,99.32136535644531,106.9931869506836,602.0853271484375,30
1787125581,809493331,,ui,0.0,0.0,0.0,0
1787125582,809274271,,esp32,99.96986389160156,125.27607727050781,1483.2520751953125,30
1787125582,809471859,,lidar,99.309326171875,106.9931869506836,602.0853271484375,30
1787125582,809487249,,ui,0.0,0.0,0.0,0
1787125583,809145306,,esp32,99.96998596191406,125.46723175048828,1483.2520751953125,30
1787125583,809386338,,lidar,99.309326171875,106.9931869506836,602.0853271484375,30
1787125583,809406404,,ui,0.0,0.0,0.0,0
1787125584,808926679,,esp32,99.96998596191406,125.46723175048828,1483.2520751953125,30
1787125584,809030025,,lidar,99.32112884521484,106.9931869506836,602.0853271484375,30
1787125584,809037650,,ui,0.0,0.0,0.0,0
1787125585,809251768,,esp32,99.96247100830078,125.27607727050781,1483.2520751953125,30
1787125585,809445362,,lidar,99.31492614746094,106.9931869506836,602.0853271484375,30
1787125585,809459216,,ui,0.0,0.0,0.0,0
1787125586,809258976,,esp32,99.96617126464844,125.46723175048828,1483.2520751953125,30
1787125586,809461164,,lidar,99.30693817138672,106.9931869506836,602.0853271484375,30
1787125586,809476221,,ui,0.0,0.0,0.0,0
1787125587,809204604,,esp32,99.9611587524414,125.46723175048828,1483.2520751953125,30
1787125587,809387465,,lidar,99.30288696289062,106.9931869506836,602.0853271484375,30
1787125587,809404059,,ui,0.0,0.0,0.0,0
1787125588,809192445,,esp32,99.96617126464844,125.46723175048828,1483.2520751953125,30
1787125588,809380252,,lidar,99.30288696289062,113.00025939941406,602.0853271484375,30
1787125588,809394803,,ui,0.0,0.0,0.0,0
1787125589,809295607,,esp32,99.95865631103516,125.27607727050781,1483.2520751953125,30
1787125589,809480549,,lidar,99.29561614990234,113.00025939941406,602.0853271484375,30
1787125589,809494331,,ui,0.0,0.0,0.0,0
1787125590,809154578,,esp32,99.95865631103516,125.27607727050781,1483.2520751953125,30
1787125590,809354628,,lidar,99.29859924316406,113.00025939941406,602.0853271484375,30
1787125590,809369505,,ui,0.0,0.0,0.0,0
1787125591,809201083,,esp32,99.95603942871094,125.46723175048828,1483.2520751953125,30
1787125591,809391958,,lidar,99.29561614990234,113.00025939941406,602.0853271484375,30
1787125591,809406835,,ui,0.0,0.0,0.0,0
1787125592,809224973,,esp32,99.95210266113281,125.08491516113281,1483.2520751953125,30
1787125592,809579799,,lidar,99.30133819580078,112.9810791015625,602.0853271484375,30
1787125592,809610472,,ui,0.0,0.0,0.0,0
1787125593,809190500,,esp32,99.95210266113281,123.17334747314453,1483.2520751953125,30
1787125593,809384969,,lidar,99.30288696289062,106.97400665283203,602.0853271484375,30
1787125593,809400759,,ui,0.0,0.0,0.0,0
1787125594,808966721,,esp32,99.95985412597656,121.00914764404297,1385.1446533203125,30
1787125594,809045710,,lidar,99.30479431152344,106.97400665283203,602.0853271484375,30
1787125594,809053519,,ui,0.0,0.0,0.0,0
1787125595,809206882,,esp32,99.96247100830078,121.00914764404297,1385.1446533203125,30
1787125595,809497707,,lidar,99.30288696289062,106.97400665283203,602.0853271484375,30
1787125595,809525598,,ui,0.0,0.0,0.0,0
1787125596,809222721,,esp32,99.9592514038086,121.00845336914062,1385.1446533203125,30
1787125596,809447377,,lidar,99.30074310302734,106.97400665283203,602.0853271484375,30
1787125596,809464977,,ui,0.0,0.0,0.0,0
1787125597,809263075,,esp32,99.95341491699219,121.00775146484375,1385.1446533203125,30
1787125597,809485818,,lidar,99.2789306640625,106.97400665283203,602.0853271484375,30
1787125597,809502966,,ui,0.0,0.0,0.0,0
1787125598,809240893,,esp32,99.95603942871094,121.00146484375,1385.1446533203125,30
1787125598,809440919,,lidar,99.29585266113281,106.43172454833984,114.89891815185547,30
1787125598,809455651,,ui,0.0,0.0,0.0,0
1787125599,809226428,,esp32,99.94960021972656,120.52409362792969,140.18630981445312,30
1787125599,809430122,,lidar,99.3001480102539,106.43172454833984,114.89891815185547,30
1787125599,809444787,,ui,0.0,0.0,0.0,0
1787125600,809253079,,esp32,99.94960021972656,120.52178192138672,140.18630981445312,30
1787125600,809451713,,lidar,99.30133819580078,106.43172454833984,114.89891815185547,30
1787125600,809465700,,ui,0.0,0.0,0.0,0
1787125601,809153093,,esp32,99.9398193359375,120.52293395996094,140.18630981445312,30
1787125601,809341664,,lidar,99.30133819580078,106.43172454833984,114.89891815185547,30
1787125601,809354782,,ui,0.0,0.0,0.0,0
1787125602,809234943,,esp32,99.9592514038086,120.52293395996094,140.18630981445312,30
1787125602,809551061,,lidar,99.3001480102539,106.43172454833984,114.89891815185547,30
1787125602,809572670,,ui,0.0,0.0,0.0,0
1787125603,809251164,,esp32,99.94172668457031,120.52178192138672,140.18630981445312,30
1787125603,809562501,,lidar,99.29442596435547,106.913330078125,114.89891815185547,30
1787125603,809585109,,ui,0.0,0.0,0.0,0
1787125604,808971640,,esp32,99.97702026367188,120.52293395996094,140.18630981445312,30
1787125604,809035041,,lidar,99.29585266113281,111.14645385742188,114.89891815185547,30
1787125604,809039949,,ui,0.0,0.0,0.0,0
1787125605,809148921,,esp32,99.97439575195312,120.52409362792969,121.07062530517578,30
1787125605,809347541,,lidar,99.29585266113281,106.913330078125,112.98870849609375,30
1787125605,809361151,,ui,0.0,0.0,0.0,0
1787125606,809114155,,esp32,99.97439575195312,120.52178192138672,121.07062530517578,30
1787125606,809291416,,lidar,99.30479431152344,106.95565795898438,112.98870849609375,30
1787125606,809305394,,ui,0.0,0.0,0.0,0
1787125607,809231225,,esp32,99.98870086669922,120.49440002441406,120.91493225097656,30
1787125607,809464432,,lidar,99.30288696289062,106.47886657714844,112.98870849609375,30
1787125607,809479651,,ui,0.0,0.0,0.0,0
1787125608,809249863,,esp32,99.9848861694336,120.49412536621094,120.91493225097656,30
1787125608,809445152,,lidar,99.31147003173828,106.47886657714844,112.98870849609375,30
1787125608,809459999,,ui,0.0,0.0,0.0,0
1787125609,809203077,,esp32,99.98870086669922,120.49440002441406,120.91493225097656,30
1787125609,809399379,,lidar,99.30479431152344,106.11820983886719,112.98870849609375,30
1787125609,809414543,,ui,0.0,0.0,0.0,0
1787125610,809213737,,esp32,99.9848861694336,120.49412536621094,120.91493225097656,30
1787125610,809412793,,lidar,99.30288696289062,107.0444107055664,112.98870849609375,30
1787125610,809426353,,ui,0.0,0.0,0.0,0
1787125611,809274106,,esp32,99.9968032836914,120.49468231201172,120.91493225097656,30
1787125611,809471851,,lidar,99.29800415039062,107.0444107055664,112.98870849609375,30
1787125611,809486326,,ui,0.0,0.0,0.0,0
1787125612,809254869,,esp32,100.00228881835938,120.49468231201172,120.91493225097656,30
1787125612,809494950,,lidar,99.30288696289062,107.0444107055664,112.98870849609375,30
1787125612,809513498,,ui,0.0,0.0,0.0,0
1787125613,809249426,,esp32,100.0000228881836,120.49440002441406,120.91493225097656,30
1787125613,809478548,,lidar,99.30479431152344,107.0444107055664,112.98870849609375,30
1787125613,809497555,,ui,0.0,0.0,0.0,0
1787125614,808889694,,esp32,100.00312042236328,120.45333099365234,120.91493225097656,30
1787125614,808953072,,lidar,99.30479431152344,107.0444107055664,112.98870849609375,30
1787125614,808957499,,ui,0.0,0.0,0.0,0
1787125615,809201661,,esp32,100.0000228881836,120.52293395996094,120.97740173339844,30
1787125615,809417568,,lidar,99.31147003173828,107.0444107055664,112.98870849609375,30
1787125615,809437475,,ui,0.0,0.0,0.0,0
1787125616,809229458,,esp32,99.99513244628906,120.52293395996094,120.97740173339844,30
1787125616,809504054,,lidar,99.3051528930664,107.0444107055664,112.98870849609375,30
1787125616,809532033,,ui,0.0,0.0,0.0,0
1787125617,809260644,,esp32,100.00312042236328,120.6381607055664,120.97740173339844,30
1787125617,809503555,,lidar,99.3051528930664,107.0444107055664,112.98870849609375,30
1787125617,809524823,,ui,0.0,0.0,0.0,0
1787125618,809099970,,esp32,99.99513244628906,120.6381607055664,120.97740173339844,30
1787125618,809341163,,lidar,99.3051528930664,106.07677459716797,112.98870849609375,30
1787125618,809359825,,ui,0.0,0.0,0.0,0
1787125619,809262506,,esp32,100.00395965576172,120.63914489746094,120.97740173339844,30
1787125619,809581386,,lidar,99.3051528930664,106.07677459716797,112.98870849609375,30
1787125619,809605823,,ui,0.0,0.0,0.0,0
1787125620,809220881,,esp32,100.00312042236328,120.6381607055664,120.97740173339844,30
1787125620,809542663,,lidar,99.31170654296875,106.07677459716797,112.98870849609375,30
1787125620,809566940,,ui,0.0,0.0,0.0,0
1787125621,809109032,,esp32,100.00228881835938,120.63717651367188,120.97740173339844,30
1787125621,809353912,,lidar,99.30193328857422,106.07677459716797,112.98870849609375,30
1787125621,809372560,,ui,0.0,0.0,0.0,0
1787125622,809222753,,esp32,100.0051498413086,120.6381607055664,120.97740173339844,30
1787125622,809420470,,lidar,99.3051528930664,106.07677459716797,112.98870849609375,30
1787125622,809434519,,ui,0.0,0.0,0.0,0
1787125623,809229755,,esp32,100.00753784179688,120.52392578125,120.97740173339844,30
1787125623,809453501,,lidar,99.31075286865234,106.07677459716797,112.98870849609375,30
1787125623,809473626,,ui,0.0,0.0,0.0,0
1787125624,808907934,,esp32,100.00538635253906,120.52178192138672,120.97740173339844,30
1787125624,808995084,,lidar,99.30384063720703,106.07677459716797,112.98870849609375,30
1787125624,808999466,,ui,0.0,0.0,0.0,0
1787125625,809160353,,esp32,100.00753784179688,120.52392578125,120.97740173339844,30
1787125625,809342051,,lidar,99.3051528930664,107.0444107055664,121.22440338134766,30
1787125625,809356128,,ui,0.0,0.0,0.0,0
1787125626,809245634,,esp32,100.00491333007812,120.56827545166016,120.97740173339844,30
1787125626,809446918,,lidar,99.3051528930664,107.0444107055664,121.22440338134766,30
1787125626,809460128,,ui,0.0,0.0,0.0,0
1787125627,809252446,,esp32,100.00538635253906,120.57162475585938,120.97740173339844,30
1787125627,809469252,,lidar,99.31111145019531,107.0444107055664,121.22440338134766,30
1787125627,809485887,,ui,0.0,0.0,0.0,0
1787125628,808945224,,esp32,100.0051498413086,120.5699462890625,120.97740173339844,30
1787125628,809032383,,lidar,99.31051635742188,107.0444107055664,121.22440338134766,30
1787125628,809038430,,ui,0.0,0.0,0.0,0
1787125629,809219737,,esp32,100.00968170166016,120.56827545166016,120.97740173339844,30
1787125629,809473818,,lidar,99.3051528930664,107.0444107055664,121.22440338134766,30
1787125629,809496124,,ui,0.0,0.0,0.0,0
1787125630,809299885,,esp32,100.0051498413086,120.5699462890625,120.97740173339844,30
1787125630,809624686,,lidar,99.3051528930664,107.0444107055664,121.22440338134766,30
1787125630,809649835,,ui,0.0,0.0,0.0,0
1787125631,809241563,,esp32,100.00228881835938,120.57162475585938,120.97740173339844,30
1787125631,809479778,,lidar,99.3051528930664,107.0444107055664,121.22440338134766,30
1787125631,809500783,,ui,0.0,0.0,0.0,0
1787125632,809283774,,esp32,99.99346923828125,120.5699462890625,120.97740173339844,30
1787125632,809612563,,lidar,99.31051635742188,107.0444107055664,121.22440338134766,30
1787125632,809637176,,ui,0.0,0.0,0.0,0
1787125633,809147974,,esp32,99.99215698242188,120.5699462890625,120.97740173339844,30
1787125633,809382330,,lidar,99.30765533447266,105.8461685180664,121.22440338134766,30
1787125633,809400068,,ui,0.0,0.0,0.0,0
1787125634,808915465,,esp32,99.9867935180664,120.57831573486328,120.97740173339844,30
1787125634,808997547,,lidar,99.3101577758789,105.55389404296875,121.22440338134766,30
1787125634,809003770,,ui,0.0,0.0,0.0,0
1787125635,809180125,,esp32,99.9848861694336,120.57162475585938,579.6983032226562,30
1787125635,809369079,,lidar,99.31087493896484,105.85785675048828,645.5462036132812,30
1787125635,809382125,,ui,0.0,0.0,0.0,0
1787125636,808957058,,esp32,99.99251556396484,120.57329559326172,579.6983032226562,30
1787125636,809026997,,lidar,99.31135559082031,105.85785675048828,645.5462036132812,30
1787125636,809031325,,ui,0.0,0.0,0.0,0
1787125637,809089743,,esp32,99.99322509765625,120.57162475585938,579.6983032226562,30
1787125637,809271570,,lidar,99.31874084472656,105.8461685180664,645.5462036132812,30
1787125637,809285752,,ui,0.0,0.0,0.0,0
1787125638,809152117,,esp32,99.99346923828125,120.73580169677734,579.6983032226562,30
1787125638,809388774,,lidar,99.31111145019531,105.8461685180664,645.5462036132812,30
1787125638,809406881,,ui,0.0,0.0,0.0,0
1787125639,808874272,,esp32,99.98583984375,120.73580169677734,579.6983032226562,30
1787125639,808960379,,lidar,99.31111145019531,105.8461685180664,645.5462036132812,30
1787125639,808966018,,ui,0.0,0.0,0.0,0
1787125640,809191544,,esp32,99.98583984375,120.73580169677734,579.6983032226562,30
1787125640,809426648,,lidar,99.3236312866211,105.53897094726562,645.5462036132812,30
1787125640,809443591,,ui,0.0,0.0,0.0,0
1787125641,809293166,,esp32,99.98929595947266,120.73580169677734,579.6983032226562,30
1787125641,809504343,,lidar,99.32982635498047,105.53897094726562,645.5462036132812,30
1787125641,809517313,,ui,0.0,0.0,0.0,0
1787125642,809279222,,esp32,99.98535919189453,120.74520874023438,579.6983032226562,30
1787125642,809485845,,lidar,99.3357925415039,105.53897094726562,645.5462036132812,30
1787125642,809494720,,ui,0.0,0.0,0.0,0
1787125643,809221982,,esp32,99.98929595947266,120.74520874023438,579.6983032226562,30
1787125643,809423139,,lidar,99.33734130859375,105.53897094726562,645.5462036132812,30
1787125643,809438531,,ui,0.0,0.0,0.0,0
1787125644,808967845,,esp32,99.98535919189453,120.74520874023438,579.6983032226562,30
1787125644,809037291,,lidar,99.34925842285156,105.45455169677734,645.5462036132812,30
1787125644,809040005,,ui,0.0,0.0,0.0,0
1787125645,809161573,,esp32,99.9917984008789,120.73585510253906,579.6983032226562,30
1787125645,809362208,,lidar,99.33865356445312,105.45455169677734,645.5462036132812,30
1787125645,809375601,,ui,0.0,0.0,0.0,0
1787125646,809236247,,esp32,99.99227905273438,120.73574829101562,579.6983032226562,30
1787125646,809458620,,lidar,99.35569763183594,105.45455169677734,645.5462036132812,30
1787125646,809475192,,ui,0.0,0.0,0.0,0
1787125647,809213409,,esp32,99.99275207519531,120.57345581054688,579.6983032226562,30
1787125647,809414617,,lidar,99.35569763183594,105.45455169677734,645.5462036132812,30
1787125647,809428258,,ui,0.0,0.0,0.0,0
1787125648,809193360,,esp32,99.99322509765625,120.57173156738281,579.6983032226562,30
1787125648,809394906,,lidar,99.35569763183594,105.45455169677734,645.5462036132812,30
1787125648,809408459,,ui,0.0,0.0,0.0,0
1787125649,809258922,,esp32,99.99322509765625,120.57173156738281,579.6983032226562,30
1787125649,809491047,,lidar,99.34317779541016,105.5394058227539,645.5462036132812,30
1787125649,809511500,,ui,0.0,0.0,0.0,0
1787125650,809237215,,esp32,99.99275207519531,120.57345581054688,579.6983032226562,30
1787125650,809509606,,lidar,99.34925842285156,105.5394058227539,645.5462036132812,30
1787125650,809532497,,ui,0.0,0.0,0.0,0
1787125651,809387928,,esp32,99.99322509765625,120.74656677246094,579.6983032226562,30
1787125651,809672644,,lidar,99.34925842285156,105.5394058227539,645.5462036132812,30
1787125651,809702740,,ui,0.0,0.0,0.0,0
1787125652,809174399,,esp32,99.9917984008789,120.74372863769531,579.6983032226562,30
1787125652,809448164,,lidar,99.34925842285156,105.5394058227539,645.5462036132812,30
1787125652,809474217,,ui,0.0,0.0,0.0,0
1787125653,809267275,,esp32,99.98655700683594,120.74514770507812,579.6983032226562,30
1787125653,809489041,,lidar,99.35426330566406,105.5394058227539,645.5462036132812,30
1787125653,809502561,,ui,0.0,0.0,0.0,0
1787125654,808913432,,esp32,99.98905944824219,120.74514770507812,579.6983032226562,30
1787125654,808981057,,lidar,99.3642807006836,105.5394058227539,645.5462036132812,30
1787125654,808985799,,ui,0.0,0.0,0.0,0
1787125655,809229513,,esp32,99.98631286621094,120.74372863769531,579.6983032226562,30
1787125655,809440175,,lidar,99.35426330566406,105.45455169677734,645.5462036132812,30
1787125655,809455199,,ui,0.0,0.0,0.0,0
1787125656,809209942,,esp32,99.9917984008789,120.74656677246094,579.6983032226562,30
1787125656,809413554,,lidar,99.35807800292969,105.45455169677734,645.5462036132812,30
1787125656,809426985,,ui,0.0,0.0,0.0,0
1787125657,809253492,,esp32,99.98905944824219,120.74514770507812,579.6983032226562,30
1787125657,809516569,,lidar,99.3440170288086,105.45455169677734,645.5462036132812,30
1787125657,809536676,,ui,0.0,0.0,0.0,0
1787125658,809218602,,esp32,99.98905944824219,120.74514770507812,579.6983032226562,30
1787125658,809425250,,lidar,99.3508071899414,104.57568359375,645.5462036132812,30
1787125658,809438359,,ui,0.0,0.0,0.0,0
1787125659,809267663,,esp32,99.99203491210938,120.74514770507812,579.6983032226562,30
1787125659,809488921,,lidar,99.35307312011719,104.5040283203125,645.5462036132812,30
1787125659,809502772,,ui,0.0,0.0,0.0,0
1787125660,809224284,,esp32,99.99227905273438,120.74656677246094,579.6983032226562,30
1787125660,809426452,,lidar,99.3508071899414,104.56857299804688,645.5462036132812,30
1787125660,809440567,,ui,0.0,0.0,0.0,0
1787125661,809253129,,esp32,99.9959716796875,120.74514770507812,579.6983032226562,30
1787125661,809459954,,lidar,99.34556579589844,104.56857299804688,645.5462036132812,30
1787125661,809475026,,ui,0.0,0.0,0.0,0
1787125662,809214919,,esp32,99.99334716796875,120.74514770507812,579.6983032226562,30
1787125662,809423144,,lidar,99.34556579589844,104.56857299804688,645.5462036132812,30
1787125662,809436785,,ui,0.0,0.0,0.0,0
1787125663,809216643,,esp32,99.99322509765625,120.74514770507812,579.6983032226562,30
1787125663,809449107,,lidar,99.34556579589844,104.70311737060547,645.5462036132812,30
1787125663,809466812,,ui,0.0,0.0,0.0,0
1787125664,809047669,,esp32,99.99322509765625,120.7396011352539,579.6983032226562,30
1787125664,809151687,,lidar,99.34973907470703,104.69727325439453,645.5462036132812,30
1787125664,809156855,,ui,0.0,0.0,0.0,0
1787125665,809169487,,esp32,99.9959716796875,120.61296081542969,120.88489532470703,30
1787125665,809371310,,lidar,99.35426330566406,104.56681060791016,105.87787628173828,30
1787125665,809386603,,ui,0.0,0.0,0.0,0
1787125666,809052769,,esp32,99.99227905273438,120.61425018310547,120.88489532470703,30
1787125666,809202256,,lidar,99.35426330566406,104.70271301269531,106.5580825805664,30
1787125666,809220640,,ui,0.0,0.0,0.0,0
1787125667,809248538,,esp32,99.98631286621094,120.74372863769531,121.2158203125,30
1787125667,809483683,,lidar,99.3397216796875,104.70311737060547,106.5580825805664,30
1787125667,809499717,,ui,0.0,0.0,0.0,0
1787125668,809266495,,esp32,99.98631286621094,120.71896362304688,121.2158203125,30
1787125668,809562911,,lidar,99.34556579589844,104.70311737060547,106.5580825805664,30
1787125668,809590797,,ui,0.0,0.0,0.0,0
1787125669,809275674,,esp32,99.98881530761719,120.71729278564453,121.2158203125,30
1787125669,809499002,,lidar,99.3355484008789,104.70311737060547,106.5580825805664,30
1787125669,809513416,,ui,0.0,0.0,0.0,0
1787125670,809228782,,esp32,99.98321533203125,120.8828125,562.4325561523438,30
1787125670,809442746,,lidar,99.32565307617188,104.76570129394531,615.1814575195312,30
1787125670,809457245,,ui,0.0,0.0,0.0,0
1787125671,809187807,,esp32,99.97927856445312,120.8828125,562.4325561523438,30
1787125671,809393898,,lidar,99.3254165649414,104.76570129394531,615.1814575195312,30
1787125671,809408229,,ui,0.0,0.0,0.0,0
1787125672,809191893,,esp32,99.97844696044922,120.71896362304688,562.4325561523438,30
1787125672,809459228,,lidar,99.3254165649414,104.76570129394531,615.1814575195312,30
1787125672,809483079,,ui,0.0,0.0,0.0,0
1787125673,809261267,,esp32,99.97844696044922,120.71896362304688,562.4325561523438,30
1787125673,809494973,,lidar,99.31969451904297,104.76570129394531,615.1814575195312,30
1787125673,809512318,,ui,0.0,0.0,0.0,0
1787125674,808928881,,esp32,99.98631286621094,120.71896362304688,562.4325561523438,30
1787125674,809004373,,lidar,99.31993103027344,104.76570129394531,615.1814575195312,30
1787125674,809009012,,ui,0.0,0.0,0.0,0
1787125675,809217649,,esp32,99.98011779785156,120.71896362304688,562.4325561523438,30
1787125675,809423431,,lidar,99.31993103027344,104.76570129394531,615.1814575195312,30
1787125675,809438522,,ui,0.0,0.0,0.0,0
1787125676,809046211,,esp32,99.97821044921875,120.72063446044922,562.4325561523438,30
1787125676,809251504,,lidar,99.31993103027344,105.05448913574219,615.1814575195312,30
1787125676,809265016,,ui,0.0,0.0,0.0,0
1787125677,809204466,,esp32,99.97702026367188,120.73057556152344,562.4325561523438,30
1787125677,809434792,,lidar,99.31993103027344,105.05448913574219,615.1814575195312,30
1787125677,809449620,,ui,0.0,0.0,0.0,0
1787125678,809177200,,esp32,99.97702026367188,120.73057556152344,562.4325561523438,30
1787125678,809386790,,lidar,99.31993103027344,105.05448913574219,615.1814575195312,30
1787125678,809399967,,ui,0.0,0.0,0.0,0
1787125679,809253712,,esp32,99.97702026367188,120.73057556152344,562.4325561523438,30
1787125679,809527925,,lidar,99.32565307617188,104.7489013671875,615.1814575195312,30
1787125679,809549427,,ui,0.0,0.0,0.0,0
1787125680,809159461,,esp32,99.97927856445312,120.73057556152344,562.4325561523438,30
1787125680,809388979,,lidar,99.324462890625,104.7489013671875,615.1814575195312,30
1787125680,809402483,,ui,0.0,0.0,0.0,0
1787125681,809308808,,esp32,99.99275207519531,120.71592712402344,562.4325561523438,30
1787125681,809687869,,lidar,99.32637023925781,104.7489013671875,615.1814575195312,30
1787125681,809718826,,ui,0.0,0.0,0.0,0
1787125682,809233755,,esp32,99.99418640136719,120.71592712402344,562.4325561523438,30
1787125682,809570283,,lidar,99.32637023925781,104.7489013671875,615.1814575195312,30
1787125682,809594701,,ui,0.0,0.0,0.0,0
1787125683,809258549,,esp32,99.99131774902344,120.7158203125,562.4325561523438,30
1787125683,809520633,,lidar,99.32565307617188,104.7489013671875,615.1814575195312,30
1787125683,809540346,,ui,0.0,0.0,0.0,0
1787125684,809008667,,esp32,99.98464965820312,120.71592712402344,562.4325561523438,30
1787125684,809140690,,lidar,99.3254165649414,104.7489013671875,615.1814575195312,30
1787125684,809147595,,ui,0.0,0.0,0.0,0
1787125685,809179299,,esp32,99.98011779785156,120.71602630615234,562.4325561523438,30
1787125685,809422959,,lidar,99.32565307617188,104.7489013671875,615.1814575195312,30
1787125685,809439264,,ui,0.0,0.0,0.0,0
1787125686,809217204,,esp32,99.98011779785156,120.7158203125,562.4325561523438,30
1787125686,809429642,,lidar,99.32565307617188,104.7489013671875,615.1814575195312,30
1787125686,809444183,,ui,0.0,0.0,0.0,0
1787125687,809271334,,esp32,99.98011779785156,120.7158203125,562.4325561523438,30
1787125687,809499340,,lidar,99.32661437988281,104.7489013671875,615.1814575195312,30
1787125687,809513885,,ui,0.0,0.0,0.0,0
1787125688,809258024,,esp32,99.98917388916016,120.7158203125,562.4325561523438,30
1787125688,809609266,,lidar,99.32565307617188,105.06299591064453,615.1814575195312,30
1787125688,809635423,,ui,0.0,0.0,0.0,0
1787125689,809248192,,esp32,99.98917388916016,120.71602630615234,562.4325561523438,30
1787125689,809461698,,lidar,99.32565307617188,105.06299591064453,615.1814575195312,30
1787125689,809473980,,ui,0.0,0.0,0.0,0
1787125690,809270828,,esp32,99.98416900634766,120.7158203125,562.4325561523438,30
1787125690,809651334,,lidar,99.32565307617188,105.06299591064453,615.1814575195312,30
1787125690,809678303,,ui,0.0,0.0,0.0,0
1787125691,809284911,,esp32,99.98416900634766,120.7158203125,562.4325561523438,30
1787125691,809633524,,lidar,99.32661437988281,105.38871002197266,615.1814575195312,30
1787125691,809659061,,ui,0.0,0.0,0.0,0
1787125692,809203926,,esp32,99.98738861083984,120.71592712402344,562.4325561523438,30
1787125692,809414244,,lidar,99.32661437988281,105.38871002197266,615.1814575195312,30
1787125692,809428303,,ui,0.0,0.0,0.0,0
1787125693,809109535,,esp32,99.99370574951172,120.71602630615234,562.4325561523438,30
1787125693,809339573,,lidar,99.33113861083984,105.38871002197266,615.1814575195312,30
1787125693,809355938,,ui,0.0,0.0,0.0,0
1787125694,808906099,,esp32,99.98738861083984,120.71592712402344,562.4325561523438,30
1787125694,809000619,,lidar,99.32661437988281,105.38871002197266,615.1814575195312,30
1787125694,809006296,,ui,0.0,0.0,0.0,0
1787125695,809201614,,esp32,99.985595703125,120.71602630615234,562.4325561523438,30
1787125695,809426290,,lidar,99.32589721679688,105.39804077148438,615.1814575195312,30
1787125695,809441368,,ui,0.0,0.0,0.0,0
1787125696,809195350,,esp32,99.98416900634766,120.74546813964844,562.4325561523438,30
1787125696,809413223,,lidar,99.32136535644531,106.26910400390625,654.6072998046875,30
1787125696,809427890,,ui,0.0,0.0,0.0,0
1787125697,809011487,,esp32,99.98917388916016,120.71602630615234,562.4325561523438,30
1787125697,809241774,,lidar,99.32661437988281,106.26910400390625,654.6072998046875,30
1787125697,809255666,,ui,0.0,0.0,0.0,0
1787125698,809164457,,esp32,99.98416900634766,120.57389068603516,562.4325561523438,30
1787125698,809377432,,lidar,99.324462890625,106.26910400390625,654.6072998046875,30
1787125698,809391265,,ui,0.0,0.0,0.0,0
1787125699,809179522,,esp32,99.99573516845703,120.57547760009766,562.4325561523438,30
1787125699,809423491,,lidar,99.33233642578125,106.26910400390625,654.6072998046875,30
1787125699,809451927,,ui,0.0,0.0,0.0,0
1787125700,809239273,,esp32,99.99800109863281,120.54073333740234,562.419677734375,30
1787125700,809469399,,lidar,99.32982635498047,105.66462707519531,654.6072998046875,30
1787125700,809484288,,ui,0.0,0.0,0.0,0
1787125701,809218290,,esp32,99.99394226074219,120.54073333740234,562.419677734375,30
1787125701,809446928,,lidar,99.32494354248047,106.26875305175781,654.6072998046875,30
1787125701,809461161,,ui,0.0,0.0,0.0,0
1787125702,809239230,,esp32,99.99143981933594,120.57231140136719,562.419677734375,30
1787125702,809459199,,lidar,99.32112884521484,106.31624603271484,654.6072998046875,30
1787125702,809473919,,ui,0.0,0.0,0.0,0
1787125703,809201936,,esp32,99.99418640136719,120.57389068603516,562.419677734375,30
1787125703,809418750,,lidar,99.32982635498047,106.78335571289062,654.6072998046875,30
1787125703,809431519,,ui,0.0,0.0,0.0,0
1787125704,808927124,,esp32,99.99370574951172,120.57389068603516,562.419677734375,30
1787125704,809053744,,lidar,99.32494354248047,106.78335571289062,654.6072998046875,30
1787125704,809061062,,ui,0.0,0.0,0.0,0
1787125705,809204207,,esp32,99.99418640136719,120.57389068603516,562.419677734375,30
1787125705,809426654,,lidar,99.33173370361328,106.78335571289062,654.6072998046875,30
1787125705,809439428,,ui,0.0,0.0,0.0,0
1787125706,808995155,,esp32,99.99394226074219,120.6012191772461,562.419677734375,30
1787125706,809095015,,lidar,99.32625579833984,106.78335571289062,654.6072998046875,30
1787125706,809102873,,ui,0.0,0.0,0.0,0
1787125707,809142141,,esp32,99.99394226074219,120.56845092773438,562.419677734375,30
1787125707,809356918,,lidar,99.32112884521484,106.78335571289062,654.6072998046875,30
1787125707,809370748,,ui,0.0,0.0,0.0,0
1787125708,808855127,,esp32,99.99418640136719,120.56875610351562,562.419677734375,30
1787125708,808950559,,lidar,99.31969451904297,106.78335571289062,654.6072998046875,30
1787125708,808957615,,ui,0.0,0.0,0.0,0
1787125709,809219211,,esp32,99.99418640136719,120.56875610351562,562.419677734375,30
1787125709,809608673,,lidar,99.31659698486328,106.78335571289062,654.6072998046875,30
1787125709,809639174,,ui,0.0,0.0,0.0,0
1787125710,809228959,,esp32,99.99143981933594,120.56845092773438,562.419677734375,30
1787125710,809577746,,lidar,99.31969451904297,106.78335571289062,654.6072998046875,30
1787125710,809601154,,ui,0.0,0.0,0.0,0
1787125711,809230527,,esp32,99.9848861694336,120.61531066894531,562.419677734375,30
1787125711,809457236,,lidar,99.3143310546875,107.61602020263672,654.6072998046875,30
1787125711,809471707,,ui,0.0,0.0,0.0,0
1787125712,809206127,,esp32,99.98416900634766,120.62129211425781,562.419677734375,30
1787125712,809417329,,lidar,99.3143310546875,107.61602020263672,654.6072998046875,30
1787125712,809430687,,ui,0.0,0.0,0.0,0
1787125713,809226803,,esp32,99.985595703125,120.62129211425781,562.419677734375,30
1787125713,809439994,,lidar,99.31659698486328,107.61602020263672,654.6072998046875,30
1787125713,809454285,,ui,0.0,0.0,0.0,0
1787125714,808861150,,esp32,99.98965454101562,120.61531066894531,562.419677734375,30
1787125714,808936448,,lidar,99.31659698486328,107.61602020263672,654.6072998046875,30
1787125714,808941036,,ui,0.0,0.0,0.0,0
1787125715,809251867,,esp32,99.99394226074219,121.02765655517578,562.419677734375,30
1787125715,809474094,,lidar,99.31659698486328,107.61602020263672,654.6072998046875,30
1787125715,809488422,,ui,0.0,0.0,0.0,0
1787125716,809255029,,esp32,99.99394226074219,121.02765655517578,562.419677734375,30
1787125716,809479227,,lidar,99.30896759033203,107.61602020263672,654.6072998046875,30
1787125716,809492027,,ui,0.0,0.0,0.0,0
1787125717,809221536,,esp32,99.99954986572266,121.02765655517578,562.419677734375,30
1787125717,809458763,,lidar,99.3143310546875,107.61602020263672,654.6072998046875,30
1787125717,809473084,,ui,0.0,0.0,0.0,0
1787125718,809149091,,esp32,99.99728393554688,121.02938842773438,562.419677734375,30
1787125718,809386701,,lidar,99.31778717041016,107.61602020263672,654.6072998046875,30
1787125718,809402959,,ui,0.0,0.0,0.0,0
1787125719,809227646,,esp32,100.0052719116211,121.02765655517578,562.419677734375,30
1787125719,809595077,,lidar,99.31778717041016,107.61602020263672,654.6072998046875,30
1787125719,809620645,,ui,0.0,0.0,0.0,0
1787125720,809088390,,esp32,100.0052719116211,121.03804016113281,562.419677734375,30
1787125720,809342602,,lidar,99.32136535644531,107.66409301757812,654.6072998046875,30
1787125720,809358081,,ui,0.0,0.0,0.0,0
1787125721,809218733,,esp32,99.99406433105469,121.20024108886719,1462.6419677734375,30
1787125721,809590833,,lidar,99.3143310546875,108.59329223632812,654.6072998046875,30
1787125721,809622461,,ui,0.0,0.0,0.0,0
1787125722,809066061,,esp32,99.99418640136719,121.1999282836914,1462.6419677734375,30
1787125722,809301538,,lidar,99.31778717041016,108.59329223632812,654.6072998046875,30
1787125722,809319057,,ui,0.0,0.0,0.0,0
1787125723,809155903,,esp32,99.9908447265625,121.1999282836914,1462.6419677734375,30
1787125723,809557126,,lidar,99.32112884521484,111.24771118164062,654.6072998046875,30
1787125723,809587822,,ui,0.0,0.0,0.0,0
1787125724,808818937,,esp32,100.00872802734375,121.1999282836914,1462.6419677734375,30
1787125724,808902269,,lidar,99.32112884521484,111.24771118164062,654.6072998046875,30
1787125724,808907590,,ui,0.0,0.0,0.0,0
1787125725,809145892,,esp32,99.99394226074219,121.1999282836914,1462.6419677734375,30
1787125725,809424193,,lidar,99.30396270751953,111.12522888183594,654.6072998046875,30
1787125725,809448663,,ui,0.0,0.0,0.0,0
1787125726,809232943,,esp32,99.99406433105469,121.04496765136719,1462.6419677734375,30
1787125726,809596331,,lidar,99.31981658935547,108.59329223632812,586.0457153320312,30
1787125726,809627406,,ui,0.0,0.0,0.0,0
1787125727,809242126,,esp32,99.99239349365234,121.04496765136719,1462.6419677734375,30
1787125727,809614291,,lidar,99.3143310546875,108.59329223632812,586.0457153320312,30
1787125727,809651648,,ui,0.0,0.0,0.0,0
1787125728,809223446,,esp32,100.00145721435547,121.19961547851562,1462.6419677734375,30
1787125728,809564665,,lidar,99.3143310546875,108.59329223632812,586.0457153320312,30
1787125728,809589894,,ui,0.0,0.0,0.0,0
1787125729,809278473,,esp32,99.99012756347656,121.19961547851562,1462.6419677734375,30
1787125729,809526093,,lidar,99.3143310546875,108.59329223632812,586.0457153320312,30
1787125729,809539963,,ui,0.0,0.0,0.0,0
1787125730,809192121,,esp32,99.98798370361328,121.19961547851562,1462.6419677734375,30
1787125730,809557944,,lidar,99.31647491455078,108.59329223632812,586.0457153320312,30
1787125730,809585255,,ui,0.0,0.0,0.0,0
1787125731,809138700,,esp32,99.99275207519531,121.1999282836914,1462.6419677734375,30
1787125731,809361130,,lidar,99.31874084472656,108.67001342773438,586.0457153320312,30
1787125731,809379726,,ui,0.0,0.0,0.0,0
1787125732,809202718,,esp32,99.9917984008789,124.01239013671875,1462.6419677734375,30
1787125732,809479260,,lidar,99.29180145263672,111.37018585205078,631.6392211914062,30
1787125732,809499388,,ui,0.0,0.0,0.0,0
1787125733,809231953,,esp32,99.98941040039062,123.8266830444336,1462.6419677734375,30
1787125733,809451759,,lidar,99.29180145263672,111.37018585205078,631.6392211914062,30
1787125733,809464767,,ui,0.0,0.0,0.0,0
1787125734,808843339,,esp32,99.9908447265625,139.01890563964844,1462.6419677734375,30
1787125734,808918964,,lidar,99.29180145263672,111.37018585205078,631.6392211914062,30
1787125734,808925444,,ui,0.0,0.0,0.0,0
1787125735,809161901,,esp32,99.98941040039062,139.01890563964844,1462.6419677734375,30
1787125735,809444910,,lidar,99.28321838378906,111.37018585205078,631.6392211914062,30
1787125735,809469921,,ui,0.0,0.0,0.0,0
1787125736,809224492,,esp32,99.98941040039062,139.01890563964844,1462.6419677734375,30
1787125736,809512644,,lidar,99.29180145263672,111.37018585205078,631.6392211914062,30
1787125736,809537295,,ui,0.0,0.0,0.0,0
1787125737,809213848,,esp32,99.98941040039062,139.01890563964844,1462.6419677734375,30
1787125737,809618206,,lidar,99.30396270751953,111.37018585205078,631.6392211914062,30
1787125737,809646630,,ui,0.0,0.0,0.0,0
1787125738,809229999,,esp32,99.98798370361328,139.01890563964844,1462.6419677734375,30
1787125738,809599005,,lidar,99.30396270751953,111.37018585205078,631.6392211914062,30
1787125738,809623532,,ui,0.0,0.0,0.0,0
1787125739,809218321,,esp32,99.98798370361328,139.01890563964844,1462.6419677734375,30
1787125739,809477310,,lidar,99.29180145263672,111.37018585205078,631.6392211914062,30
1787125739,809495175,,ui,0.0,0.0,0.0,0
1787125740,809221142,,esp32,99.98870086669922,139.02796936035156,1462.6419677734375,30
1787125740,809448260,,lidar,99.29180145263672,111.37018585205078,631.6392211914062,30
1787125740,809460879,,ui,0.0,0.0,0.0,0
1787125741,809165487,,esp32,99.98798370361328,139.01890563964844,1462.6419677734375,30
1787125741,809525402,,lidar,99.30396270751953,105.51351165771484,631.6392211914062,30
1787125741,809557419,,ui,0.0,0.0,0.0,0
1787125742,809119899,,esp32,99.98726654052734,139.00985717773438,1462.6419677734375,30
1787125742,809399012,,lidar,99.29108428955078,105.51351165771484,631.6392211914062,30
1787125742,809421823,,ui,0.0,0.0,0.0,0
1787125743,809156517,,esp32,99.98655700683594,139.01890563964844,1462.6419677734375,30
1787125743,809385948,,lidar,99.2848892211914,105.51351165771484,631.6392211914062,30
1787125743,809399933,,ui,0.0,0.0,0.0,0
1787125744,808897065,,esp32,99.98726654052734,139.02796936035156,1462.6419677734375,30
1787125744,809008091,,lidar,99.28131103515625,105.51351165771484,631.6392211914062,30
1787125744,809016285,,ui,0.0,0.0,0.0,0
1787125745,809186771,,esp32,99.98226165771484,139.01890563964844,1462.6419677734375,30
1787125745,809444690,,lidar,99.27821350097656,105.51351165771484,631.6392211914062,30
1787125745,809466595,,ui,0.0,0.0,0.0,0
1787125746,809290213,,esp32,99.98130798339844,139.02796936035156,1462.6419677734375,30
1787125746,809667886,,lidar,99.27821350097656,105.90487670898438,631.6392211914062,30
1787125746,809701790,,ui,0.0,0.0,0.0,0
1787125747,809174698,,esp32,99.97702026367188,211.61598205566406,1462.6419677734375,30
1787125747,809404753,,lidar,99.26974487304688,137.2532196044922,657.9990234375,30
1787125747,809421768,,ui,0.0,0.0,0.0,0
1787125748,809186423,,esp32,99.96903228759766,203.166748046875,1462.6419677734375,30
1787125748,809498359,,lidar,99.27344512939453,132.62648010253906,657.9990234375,30
1787125748,809527428,,ui,0.0,0.0,0.0,0
1787125749,808957745,,esp32,99.96903228759766,203.166748046875,1462.6419677734375,30
1787125749,809199577,,lidar,99.27344512939453,132.62648010253906,657.9990234375,30
1787125749,809213881,,ui,0.0,0.0,0.0,0
1787125750,809164823,,esp32,99.97630310058594,182.0436553955078,1462.6419677734375,30
1787125750,809498221,,lidar,99.26974487304688,122.83829498291016,657.9990234375,30
1787125750,809525949,,ui,0.0,0.0,0.0,0
1787125751,809230215,,esp32,99.97821044921875,138.9283905029297,562.6077880859375,30
1787125751,809618357,,lidar,99.27558898925781,105.90487670898438,657.9990234375,30
1787125751,809647676,,ui,0.0,0.0,0.0,0
1787125752,809183306,,esp32,99.97796630859375,138.93743896484375,562.6077880859375,30
1787125752,809431064,,lidar,99.27344512939453,105.90487670898438,657.9990234375,30
1787125752,809447602,,ui,0.0,0.0,0.0,0
1787125753,809186458,,esp32,99.98035430908203,138.9283905029297,562.6077880859375,30
1787125753,809414716,,lidar,99.27344512939453,105.15702056884766,657.9990234375,30
1787125753,809429990,,ui,0.0,0.0,0.0,0
1787125754,808909576,,esp32,99.97772979736328,138.9283905029297,562.6077880859375,30
1787125754,809043900,,lidar,99.27082061767578,105.15702056884766,657.9990234375,30
1787125754,809053515,,ui,0.0,0.0,0.0,0
1787125755,809123311,,esp32,99.98285675048828,138.93743896484375,562.6077880859375,30
1787125755,809384056,,lidar,99.27344512939453,105.15702056884766,657.9990234375,30
1787125755,809399186,,ui,0.0,0.0,0.0,0
1787125756,809180372,,esp32,99.98941040039062,138.93743896484375,562.6077880859375,30
1787125756,809400868,,lidar,99.27344512939453,105.15702056884766,657.9990234375,30
1787125756,809414101,,ui,0.0,0.0,0.0,0
1787125757,809184975,,esp32,99.9908447265625,138.9283905029297,562.6077880859375,30
1787125757,809445378,,lidar,99.27654266357422,105.15702056884766,657.9990234375,30
1787125757,809463943,,ui,0.0,0.0,0.0,0
1787125758,809022543,,esp32,99.9908447265625,121.77043914794922,562.6077880859375,30
1787125758,809263987,,lidar,99.27654266357422,105.15702056884766,657.9990234375,30
1787125758,809280453,,ui,0.0,0.0,0.0,0
1787125759,809179489,,esp32,99.99764251708984,121.94879150390625,562.6077880859375,30
1787125759,809448369,,lidar,99.27558898925781,105.15702056884766,657.9990234375,30
1787125759,809467465,,ui,0.0,0.0,0.0,0
1787125760,809181526,,esp32,99.99764251708984,121.94879150390625,562.6077880859375,30
1787125760,809448603,,lidar,99.27654266357422,105.15702056884766,657.9990234375,30
1787125760,809467262,,ui,0.0,0.0,0.0,0
1787125761,809080959,,esp32,99.98941040039062,121.59208679199219,562.6077880859375,30
1787125761,809350995,,lidar,99.27737426757812,105.54438781738281,657.9990234375,30
1787125761,809368639,,ui,0.0,0.0,0.0,0
1787125762,809165357,,esp32,99.99394226074219,120.76818084716797,562.2594604492188,30
1787125762,809404576,,lidar,99.28083801269531,105.55835723876953,657.9990234375,30
1787125762,809418769,,ui,0.0,0.0,0.0,0
1787125763,809015961,,esp32,99.99859619140625,120.76818084716797,562.2594604492188,30
1787125763,809256339,,lidar,99.28083801269531,105.55835723876953,657.9990234375,30
1787125763,809272554,,ui,0.0,0.0,0.0,0
1787125764,808878294,,esp32,99.99823760986328,120.72093200683594,562.2594604492188,30
1787125764,809017040,,lidar,99.2797622680664,105.55835723876953,657.9990234375,30
1787125764,809026520,,ui,0.0,0.0,0.0,0
1787125765,809195798,,esp32,99.99859619140625,120.72132110595703,562.2594604492188,30
1787125765,809443993,,lidar,99.2829818725586,105.55835723876953,657.9990234375,30
1787125765,809458698,,ui,0.0,0.0,0.0,0
1787125766,809237728,,esp32,99.99668884277344,120.72132110595703,562.2594604492188,30
1787125766,809486507,,lidar,99.2829818725586,105.55835723876953,657.9990234375,30
1787125766,809500719,,ui,0.0,0.0,0.0,0
1787125767,809234086,,esp32,99.99859619140625,120.72288513183594,562.2594604492188,30
1787125767,809477712,,lidar,99.28083801269531,105.59827423095703,657.9990234375,30
1787125767,809494051,,ui,0.0,0.0,0.0,0
1787125768,809018950,,esp32,99.99894714355469,120.72679138183594,562.2594604492188,30
1787125768,809257421,,lidar,99.27618408203125,106.6186294555664,657.9990234375,30
1787125768,809272172,,ui,0.0,0.0,0.0,0
1787125769,809202342,,esp32,99.99894714355469,120.81285095214844,1904.2470703125,30
1787125769,809589972,,lidar,99.27618408203125,106.6186294555664,657.9990234375,30
1787125769,809617032,,ui,0.0,0.0,0.0,0
1787125770,809239374,,esp32,100.00347900390625,120.81285095214844,1904.2470703125,30
1787125770,809491340,,lidar,99.2777328491211,106.6186294555664,657.9990234375,30
1787125770,809506872,,ui,0.0,0.0,0.0,0
1787125771,809152898,,esp32,100.00848388671875,120.81285095214844,1904.2470703125,30
1787125771,809380591,,lidar,99.27582550048828,106.6186294555664,657.9990234375,30
1787125771,809395949,,ui,0.0,0.0,0.0,0
1787125772,809154168,,esp32,100.01361083984375,120.81582641601562,1904.2470703125,30
1787125772,809383735,,lidar,99.2778549194336,106.6186294555664,657.9990234375,30
1787125772,809398712,,ui,0.0,0.0,0.0,0
1787125773,809196688,,esp32,100.006103515625,120.81285095214844,1904.2470703125,30
1787125773,809427844,,lidar,99.27987670898438,106.6186294555664,657.9990234375,30
1787125773,809441558,,ui,0.0,0.0,0.0,0
1787125774,808807893,,esp32,100.00848388671875,120.81285095214844,1904.2470703125,30
1787125774,808883745,,lidar,99.27618408203125,106.6186294555664,657.9990234375,30
1787125774,808887967,,ui,0.0,0.0,0.0,0
1787125775,809109217,,esp32,100.01873779296875,120.81285095214844,1904.2470703125,30
1787125775,809324165,,lidar,99.27618408203125,106.6186294555664,657.9990234375,30
1787125775,809337027,,ui,0.0,0.0,0.0,0
1787125776,809193417,,esp32,100.02470397949219,120.72718811035156,1904.2470703125,30
1787125776,809446491,,lidar,99.27749633789062,106.6186294555664,657.9990234375,30
1787125776,809462037,,ui,0.0,0.0,0.0,0
1787125777,809111565,,esp32,100.02565002441406,120.65005493164062,1904.2470703125,30
1787125777,809440362,,lidar,99.28059387207031,106.44578552246094,544.6996459960938,30
1787125777,809465639,,ui,0.0,0.0,0.0,0
1787125778,809191824,,esp32,100.02780151367188,120.65088653564453,1904.2470703125,30
1787125778,809501297,,lidar,99.27987670898438,106.44679260253906,544.6996459960938,30
1787125778,809528650,,ui,0.0,0.0,0.0,0
1787125779,809179151,,esp32,100.02517700195312,120.65088653564453,1904.2470703125,30
1787125779,809469697,,lidar,99.27987670898438,106.44679260253906,544.6996459960938,30
1787125779,809493328,,ui,0.0,0.0,0.0,0
1787125780,809187146,,esp32,100.02398681640625,120.65088653564453,1904.2470703125,30
1787125780,809589100,,lidar,99.28083801269531,106.44679260253906,544.6996459960938,30
1787125780,809617043,,ui,0.0,0.0,0.0,0
1787125781,809222814,,esp32,100.01802062988281,120.65088653564453,1904.2470703125,30
1787125781,809487649,,lidar,99.28465270996094,106.44679260253906,544.6996459960938,30
1787125781,809506476,,ui,0.0,0.0,0.0,0
1787125782,809175351,,esp32,100.01349639892578,120.65088653564453,1904.2470703125,30
1787125782,809403910,,lidar,99.28107452392578,106.44779968261719,544.6996459960938,30
1787125782,809416581,,ui,0.0,0.0,0.0,0
1787125783,809171929,,esp32,100.00968170166016,120.72796630859375,1904.2470703125,30
1787125783,809400455,,lidar,99.27582550048828,106.69110107421875,639.4972534179688,30
1787125783,809414074,,ui,0.0,0.0,0.0,0
1787125784,808853855,,esp32,100.00848388671875,120.72796630859375,1904.2470703125,30
1787125784,808982625,,lidar,99.27582550048828,106.69110107421875,639.4972534179688,30
1787125784,808993627,,ui,0.0,0.0,0.0,0
1787125785,809058711,,esp32,100.00657653808594,120.65255737304688,1904.2470703125,30
1787125785,809308656,,lidar,99.28059387207031,106.69110107421875,639.4972534179688,30
1787125785,809323557,,ui,0.0,0.0,0.0,0
1787125786,809114898,,esp32,100.00216674804688,120.65255737304688,1904.2470703125,30
1787125786,809380409,,lidar,99.27582550048828,113.8426284790039,639.4972534179688,30
1787125786,809398233,,ui,0.0,0.0,0.0,0
1787125787,809255625,,esp32,99.99894714355469,120.65338897705078,1904.2470703125,30
1787125787,809505149,,lidar,99.27582550048828,113.8426284790039,639.4972534179688,30
1787125787,809519006,,ui,0.0,0.0,0.0,0
1787125788,809174831,,esp32,99.99609375,120.65338897705078,1904.2470703125,30
1787125788,809404328,,lidar,99.27582550048828,113.8426284790039,639.4972534179688,30
1787125788,809416091,,ui,0.0,0.0,0.0,0
1787125789,809125017,,esp32,99.995849609375,120.41598510742188,1904.2470703125,30
1787125789,809375185,,lidar,99.27916717529297,113.8426284790039,639.4972534179688,30
1787125789,809391012,,ui,0.0,0.0,0.0,0
1787125790,809024895,,esp32,99.995849609375,120.29931640625,1904.2470703125,30
1787125790,809276595,,lidar,99.27916717529297,113.8426284790039,639.4972534179688,30
1787125790,809291094,,ui,0.0,0.0,0.0,0
1787125791,809016849,,esp32,100.0001449584961,120.29931640625,1904.2470703125,30
1787125791,809232359,,lidar,99.27916717529297,113.8426284790039,639.4972534179688,30
1787125791,809245744,,ui,0.0,0.0,0.0,0
1787125792,809150058,,esp32,100.0001449584961,120.29931640625,1904.2470703125,30
1787125792,809378893,,lidar,99.28917694091797,106.64222717285156,639.4972534179688,30
1787125792,809394786,,ui,0.0,0.0,0.0,0
1787125793,809063466,,esp32,99.99752044677734,120.29931640625,1904.2470703125,30
1787125793,809308775,,lidar,99.28726959228516,106.71302032470703,639.4972534179688,30
1787125793,809324183,,ui,0.0,0.0,0.0,0
1787125794,808817618,,esp32,99.99894714355469,120.18618774414062,1904.2470703125,30
1787125794,808923172,,lidar,99.28679656982422,108.85910034179688,639.4972534179688,30
1787125794,808928892,,ui,0.0,0.0,0.0,0
1787125795,809060099,,esp32,100.00216674804688,120.1848373413086,1904.2470703125,30
1787125795,809349164,,lidar,99.2696304321289,108.78350067138672,639.4972534179688,30
1787125795,809369407,,ui,0.0,0.0,0.0,0
1787125796,809017997,,esp32,100.00419616699219,120.18618774414062,1904.2470703125,30
1787125796,809285435,,lidar,99.2728500366211,108.78350067138672,639.4972534179688,30
1787125796,809303841,,ui,0.0,0.0,0.0,0
1787125797,809138589,,esp32,99.99871063232422,120.11456298828125,1904.2470703125,30
1787125797,809378066,,lidar,99.26652526855469,108.6422119140625,639.4972534179688,30
1787125797,809393023,,ui,0.0,0.0,0.0,0
1787125798,809154933,,esp32,99.99871063232422,120.10932159423828,1904.2470703125,30
1787125798,809385640,,lidar,99.28929901123047,106.53993225097656,639.4972534179688,30
1787125798,809398512,,ui,0.0,0.0,0.0,0
1787125799,809098416,,esp32,100.00133514404297,120.09845733642578,621.8342895507812,30
1787125799,809334070,,lidar,99.29132080078125,106.53993225097656,639.4972534179688,30
1787125799,809347315,,ui,0.0,0.0,0.0,0
1787125800,809106320,,esp32,99.99561309814453,120.09845733642578,621.8342895507812,30
1787125800,809342974,,lidar,99.30360412597656,106.53993225097656,639.4972534179688,30
1787125800,809356796,,ui,0.0,0.0,0.0,0
1787125801,809179260,,esp32,99.9898910522461,120.09845733642578,621.8342895507812,30
1787125801,809428207,,lidar,99.29597473144531,106.53993225097656,639.4972534179688,30
1787125801,809445107,,ui,0.0,0.0,0.0,0
1787125802,809043758,,esp32,99.99561309814453,120.09845733642578,621.8342895507812,30
1787125802,809275317,,lidar,99.28929901123047,106.53993225097656,639.4972534179688,30
1787125802,809290082,,ui,0.0,0.0,0.0,0
1787125803,809080031,,esp32,100.00181579589844,120.05949401855469,621.8342895507812,30
1787125803,809465606,,lidar,99.27236938476562,108.78350067138672,639.4972534179688,30
1787125803,809492532,,ui,0.0,0.0,0.0,0
1787125804,808810981,,esp32,99.98870086669922,120.06034851074219,1202.818603515625,30
1787125804,808937598,,lidar,99.29597473144531,108.78350067138672,639.4972534179688,30
1787125804,808944343,,ui,0.0,0.0,0.0,0
1787125805,809119750,,esp32,99.99561309814453,120.06034851074219,1202.818603515625,30
1787125805,809523730,,lidar,99.28929901123047,108.78350067138672,639.4972534179688,30
1787125805,809552484,,ui,0.0,0.0,0.0,0
1787125806,809178281,,esp32,99.98870086669922,120.07818603515625,1202.818603515625,30
1787125806,809535366,,lidar,99.3043212890625,108.78350067138672,639.4972534179688,30
1787125806,809568839,,ui,0.0,0.0,0.0,0
1787125807,809135908,,esp32,99.99561309814453,120.08552551269531,1202.818603515625,30
1787125807,809369343,,lidar,99.28929901123047,108.78350067138672,639.4972534179688,30
1787125807,809384536,,ui,0.0,0.0,0.0,0
1787125808,809127761,,esp32,99.99275207519531,120.08624267578125,1202.818603515625,30
1787125808,809360462,,lidar,99.28726959228516,109.16149139404297,639.4972534179688,30
1787125808,809373184,,ui,0.0,0.0,0.0,0
1787125809,809174459,,esp32,99.98929595947266,195.35853576660156,1202.818603515625,30
1787125809,809437137,,lidar,99.27236938476562,120.75788116455078,639.4972534179688,30
1787125809,809449910,,ui,0.0,0.0,0.0,0
1787125810,809130330,,esp32,99.99275207519531,195.35853576660156,1202.818603515625,30
1787125810,809433702,,lidar,99.26605224609375,120.75788116455078,639.4972534179688,30
1787125810,809454249,,ui,0.0,0.0,0.0,0
1787125811,809049601,,esp32,99.99322509765625,195.35853576660156,1202.818603515625,30
1787125811,809312646,,lidar,99.27236938476562,120.75788116455078,639.4972534179688,30
1787125811,809331151,,ui,0.0,0.0,0.0,0
1787125812,809239051,,esp32,99.9898910522461,190.34117126464844,1202.818603515625,30
1787125812,809500633,,lidar,99.27487182617188,116.26768493652344,639.4972534179688,30
1787125812,809516633,,ui,0.0,0.0,0.0,0
1787125813,809215927,,esp32,99.99478149414062,120.08595275878906,1202.818603515625,30
1787125813,809456281,,lidar,99.29132080078125,109.01029968261719,598.887939453125,30
1787125813,809471916,,ui,0.0,0.0,0.0,0
1787125814,808883942,,esp32,99.99656677246094,184.94970703125,1202.818603515625,30
1787125814,809019407,,lidar,99.29597473144531,120.75788116455078,623.3897094726562,30
1787125814,809028552,,ui,0.0,0.0,0.0,0
1787125815,809091419,,esp32,99.99656677246094,185.002197265625,1202.818603515625,30
1787125815,809367007,,lidar,99.28917694091797,120.75788116455078,623.3897094726562,30
1787125815,809387665,,ui,0.0,0.0,0.0,0
1787125816,809207401,,esp32,99.99728393554688,185.002197265625,1202.818603515625,30
1787125816,809475168,,lidar,99.3043212890625,113.2737045288086,623.3897094726562,30
1787125816,809489922,,ui,0.0,0.0,0.0,0
1787125817,809141985,,esp32,100.00181579589844,185.002197265625,1202.818603515625,30
1787125817,809373963,,lidar,99.29955291748047,113.2737045288086,623.3897094726562,30
1787125817,809386511,,ui,0.0,0.0,0.0,0
1787125818,809121653,,esp32,100.00419616699219,185.002197265625,1202.818603515625,30
1787125818,809377018,,lidar,99.309326171875,113.2737045288086,623.3897094726562,30
1787125818,809391805,,ui,0.0,0.0,0.0,0
1787125819,809181459,,esp32,100.00181579589844,185.002197265625,1202.818603515625,30
1787125819,809448131,,lidar,99.31075286865234,113.2737045288086,623.3897094726562,30
1787125819,809463190,,ui,0.0,0.0,0.0,0
1787125820,809221794,,esp32,100.00491333007812,185.002197265625,1202.818603515625,30
1787125820,809480778,,lidar,99.31075286865234,113.2737045288086,623.3897094726562,30
1787125820,809495217,,ui,0.0,0.0,0.0,0
1787125821,809221160,,esp32,100.00419616699219,185.002197265625,1202.818603515625,30
1787125821,809659852,,lidar,99.309326171875,113.2737045288086,623.3897094726562,30
1787125821,809693945,,ui,0.0,0.0,0.0,0
1787125822,809139449,,esp32,100.00491333007812,185.002197265625,1202.818603515625,30
1787125822,809411929,,lidar,99.2889404296875,113.2737045288086,623.3897094726562,30
1787125822,809429363,,ui,0.0,0.0,0.0,0
1787125823,809142375,,esp32,100.00491333007812,185.002197265625,1202.818603515625,30
1787125823,809384319,,lidar,99.29800415039062,113.2737045288086,623.3897094726562,30
1787125823,809399650,,ui,0.0,0.0,0.0,0
1787125824,808875097,,esp32,100.00586700439453,185.002197265625,1202.818603515625,30
1787125824,808973540,,lidar,99.309326171875,110.60250091552734,623.3897094726562,30
1787125824,808976847,,ui,0.0,0.0,0.0,0
1787125825,809183285,,esp32,100.00491333007812,185.002197265625,1202.818603515625,30
1787125825,809514741,,lidar,99.31063842773438,115.19528198242188,623.3897094726562,30
1787125825,809545229,,ui,0.0,0.0,0.0,0
1787125826,809160507,,esp32,100.00181579589844,185.19247436523438,1202.818603515625,30
1787125826,809510801,,lidar,99.30801391601562,115.19528198242188,623.3897094726562,30
1787125826,809542469,,ui,0.0,0.0,0.0,0
1787125827,809147624,,esp32,100.00181579589844,185.19247436523438,1202.818603515625,30
1787125827,809485082,,lidar,99.31182861328125,115.19528198242188,623.3897094726562,30
1787125827,809515341,,ui,0.0,0.0,0.0,0
1787125828,809201270,,esp32,100.00181579589844,236.6983184814453,1202.818603515625,30
1787125828,809608027,,lidar,99.31182861328125,115.19528198242188,623.3897094726562,30
1787125828,809638132,,ui,0.0,0.0,0.0,0
1787125829,809200658,,esp32,99.99728393554688,236.6983184814453,1202.818603515625,30
1787125829,809622213,,lidar,99.31206512451172,115.19528198242188,623.3897094726562,30
1787125829,809656312,,ui,0.0,0.0,0.0,0
1787125830,808968573,,esp32,99.99728393554688,236.6983184814453,1202.818603515625,30
1787125830,809257079,,lidar,99.31206512451172,115.19528198242188,623.3897094726562,30
1787125830,809280908,,ui,0.0,0.0,0.0,0
1787125831,809077514,,esp32,99.99656677246094,236.6983184814453,1202.818603515625,30
1787125831,809318287,,lidar,99.3154067993164,114.84690856933594,623.3897094726562,30
1787125831,809331862,,ui,0.0,0.0,0.0,0
1787125832,809144157,,esp32,99.99656677246094,236.6983184814453,1202.818603515625,30
1787125832,809380971,,lidar,99.314208984375,114.84690856933594,623.3897094726562,30
1787125832,809394593,,ui,0.0,0.0,0.0,0
1787125833,809164340,,esp32,99.99656677246094,212.5561065673828,1202.818603515625,30
1787125833,809479389,,lidar,99.3297119140625,105.64419555664062,623.3897094726562,30
1787125833,809498913,,ui,0.0,0.0,0.0,0
1787125834,808795109,,esp32,99.99346923828125,124.3386001586914,622.6622924804688,30
1787125834,808941130,,lidar,99.31206512451172,105.76533508300781,623.3897094726562,30
1787125834,808949765,,ui,0.0,0.0,0.0,0
1787125835,809039292,,esp32,99.99298858642578,124.3386001586914,622.6622924804688,30
1787125835,809333910,,lidar,99.3154067993164,105.76533508300781,623.3897094726562,30
1787125835,809353652,,ui,0.0,0.0,0.0,0
1787125836,809179283,,esp32,99.99346923828125,124.3386001586914,622.6622924804688,30
1787125836,809576493,,lidar,99.31206512451172,105.76533508300781,623.3897094726562,30
1787125836,809610938,,ui,0.0,0.0,0.0,0
1787125837,809153978,,esp32,99.99298858642578,124.3386001586914,622.6622924804688,30
1787125837,809394281,,lidar,99.33304595947266,105.76533508300781,623.3897094726562,30
1787125837,809408973,,ui,0.0,0.0,0.0,0
1787125838,809121824,,esp32,99.99322509765625,121.35839080810547,622.6622924804688,30
1787125838,809412537,,lidar,99.33543395996094,105.6539306640625,623.3897094726562,30
1787125838,809433058,,ui,0.0,0.0,0.0,0
1787125839,809193459,,esp32,99.99382781982422,120.73343658447266,582.7365112304688,30
1787125839,809600695,,lidar,99.34616088867188,105.76533508300781,623.3897094726562,30
1787125839,809631802,,ui,0.0,0.0,0.0,0
1787125840,809020883,,esp32,99.99275207519531,120.73343658447266,582.7365112304688,30
1787125840,809262447,,lidar,99.34306335449219,105.70978546142578,623.3897094726562,30
1787125840,809276733,,ui,0.0,0.0,0.0,0
1787125841,809122698,,esp32,99.99275207519531,120.73343658447266,582.7365112304688,30
1787125841,809385399,,lidar,99.3388900756836,105.70978546142578,623.3897094726562,30
1787125841,809400786,,ui,0.0,0.0,0.0,0
1787125842,809082552,,esp32,99.99382781982422,120.73343658447266,582.7365112304688,30
1787125842,809424779,,lidar,99.3388900756836,105.69963836669922,623.3897094726562,30
1787125842,809453383,,ui,0.0,0.0,0.0,0
1787125843,809121373,,esp32,99.99346923828125,120.8138427734375,582.7365112304688,30
1787125843,809394558,,lidar,99.3388900756836,105.6290512084961,623.3897094726562,30
1787125843,809413648,,ui,0.0,0.0,0.0,0
1787125844,808758564,,esp32,99.99418640136719,120.76646423339844,180.36651611328125,30
1787125844,808853582,,lidar,99.314208984375,105.64398956298828,584.117431640625,30
1787125844,808859570,,ui,0.0,0.0,0.0,0
1787125845,809053944,,esp32,99.99346923828125,123.13221740722656,1462.0394287109375,30
1787125845,809337584,,lidar,99.31087493896484,105.64398956298828,584.117431640625,30
1787125845,809356256,,ui,0.0,0.0,0.0,0
1787125846,808918980,,esp32,99.99346923828125,123.13221740722656,1462.0394287109375,30
1787125846,809137599,,lidar,99.33590698242188,105.64398956298828,584.117431640625,30
1787125846,809151519,,ui,0.0,0.0,0.0,0
1787125847,809121312,,esp32,99.99418640136719,123.13221740722656,1462.0394287109375,30
1787125847,809487321,,lidar,99.34568786621094,105.64398956298828,584.117431640625,30
1787125847,809519085,,ui,0.0,0.0,0.0,0
1787125848,809013289,,esp32,99.99418640136719,123.15341186523438,1462.0394287109375,30
1787125848,809322027,,lidar,99.34568786621094,105.64398956298828,584.117431640625,30
1787125848,809347324,,ui,0.0,0.0,0.0,0
1787125849,809120545,,esp32,99.99418640136719,123.15341186523438,1462.0394287109375,30
1787125849,809488118,,lidar,99.31039428710938,105.64398956298828,584.117431640625,30
1787125849,809521206,,ui,0.0,0.0,0.0,0
1787125850,809115070,,esp32,99.99346923828125,123.15341186523438,1462.0394287109375,30
1787125850,809449192,,lidar,99.30491638183594,105.64398956298828,584.117431640625,30
1787125850,809475916,,ui,0.0,0.0,0.0,0
1787125851,809128723,,esp32,99.99418640136719,123.15341186523438,1462.0394287109375,30
1787125851,809452632,,lidar,99.30491638183594,105.64398956298828,584.117431640625,30
1787125851,809478262,,ui,0.0,0.0,0.0,0
1787125852,809191435,,esp32,99.99251556396484,123.15341186523438,1462.0394287109375,30
1787125852,809639155,,lidar,99.2939453125,104.71272277832031,584.117431640625,30
1787125852,809674325,,ui,0.0,0.0,0.0,0
1787125853,808811253,,esp32,99.99418640136719,123.15341186523438,1462.0394287109375,30
1787125853,808915647,,lidar,99.31039428710938,104.71272277832031,584.117431640625,30
1787125853,808923555,,ui,0.0,0.0,0.0,0
1787125854,808804088,,esp32,99.99251556396484,123.92523956298828,1462.0394287109375,30
1787125854,808935607,,lidar,99.29466247558594,105.03754425048828,584.117431640625,30
1787125854,808941863,,ui,0.0,0.0,0.0,0
1787125855,808979264,,esp32,99.99108123779297,145.76622009277344,1462.0394287109375,30
1787125855,809365522,,lidar,99.29084777832031,111.41175842285156,646.412353515625,30
1787125855,809399837,,ui,0.0,0.0,0.0,0
1787125856,809065669,,esp32,99.99346923828125,145.76622009277344,1462.0394287109375,30
1787125856,809411962,,lidar,99.29466247558594,111.41175842285156,646.412353515625,30
1787125856,809440717,,ui,0.0,0.0,0.0,0
1787125857,809132553,,esp32,99.99942779541016,145.76622009277344,1462.0394287109375,30
1787125857,809491169,,lidar,99.29084777832031,111.41175842285156,646.412353515625,30
1787125857,809521496,,ui,0.0,0.0,0.0,0
1787125858,809241755,,esp32,99.99418640136719,123.53932189941406,1462.0394287109375,30
1787125858,809702290,,lidar,99.28953552246094,111.41175842285156,646.412353515625,30
1787125858,809734769,,ui,0.0,0.0,0.0,0
1787125859,809121256,,esp32,99.99942779541016,123.53932189941406,1462.0394287109375,30
1787125859,809371800,,lidar,99.2848892211914,111.41175842285156,646.412353515625,30
1787125859,809385392,,ui,0.0,0.0,0.0,0
1787125860,809140206,,esp32,99.99418640136719,123.53932189941406,1462.0394287109375,30
1787125860,809388127,,lidar,99.2838134765625,111.41175842285156,646.412353515625,30
1787125860,809403316,,ui,0.0,0.0,0.0,0
1787125861,809138438,,esp32,100.00372314453125,123.53932189941406,1462.0394287109375,30
1787125861,809402688,,lidar,99.28214263916016,111.41175842285156,646.412353515625,30
1787125861,809427120,,ui,0.0,0.0,0.0,0
1787125862,809107033,,esp32,99.99942779541016,123.53932189941406,1462.0394287109375,30
1787125862,809351062,,lidar,99.28214263916016,111.41175842285156,646.412353515625,30
1787125862,809365871,,ui,0.0,0.0,0.0,0
1787125863,809088781,,esp32,99.99752044677734,123.53932189941406,1462.0394287109375,30
1787125863,809352514,,lidar,99.2838134765625,111.41175842285156,646.412353515625,30
1787125863,809365885,,ui,0.0,0.0,0.0,0
1787125864,808779724,,esp32,100.00419616699219,123.53932189941406,1462.0394287109375,30
1787125864,808915472,,lidar,99.2838134765625,106.30232238769531,646.412353515625,30
1787125864,808922349,,ui,0.0,0.0,0.0,0
1787125865,809056051,,esp32,100.00372314453125,123.53932189941406,1462.0394287109375,30
1787125865,809369300,,lidar,99.28214263916016,106.30232238769531,646.412353515625,30
1787125865,809394843,,ui,0.0,0.0,0.0,0
1787125866,809258216,,esp32,99.99942779541016,123.64102172851562,1462.0394287109375,30
1787125866,809705330,,lidar,99.2838134765625,106.30232238769531,646.412353515625,30
1787125866,809745929,,ui,0.0,0.0,0.0,0
1787125867,809128028,,esp32,99.99942779541016,123.64102172851562,1462.0394287109375,30
1787125867,809376797,,lidar,99.28214263916016,106.30232238769531,646.412353515625,30
1787125867,809390019,,ui,0.0,0.0,0.0,0
1787125868,809095967,,esp32,99.99942779541016,123.64102172851562,1462.0394287109375,30
1787125868,809342503,,lidar,99.28214263916016,106.30232238769531,646.412353515625,30
1787125868,809357542,,ui,0.0,0.0,0.0,0
1787125869,809098244,,esp32,99.99942779541016,123.64102172851562,1462.0394287109375,30
1787125869,809344180,,lidar,99.2828598022461,105.67777252197266,646.412353515625,30
1787125869,809357346,,ui,0.0,0.0,0.0,0
1787125870,809183087,,esp32,99.99942779541016,123.64102172851562,1462.0394287109375,30
1787125870,809602897,,lidar,99.2829818725586,105.68151092529297,646.412353515625,30
1787125870,809637886,,ui,0.0,0.0,0.0,0
1787125871,809149672,,esp32,100.00276184082031,123.64102172851562,1462.0394287109375,30
1787125871,809566053,,lidar,99.2829818725586,106.0542984008789,646.412353515625,30
1787125871,809599108,,ui,0.0,0.0,0.0,0
1787125872,809030637,,esp32,99.99942779541016,123.64102172851562,1462.0394287109375,30
1787125872,809449681,,lidar,99.28465270996094,106.0542984008789,646.412353515625,30
1787125872,809484623,,ui,0.0,0.0,0.0,0
1787125873,809046742,,esp32,100.00276184082031,120.9371109008789,1462.0394287109375,30
1787125873,809325272,,lidar,99.28274536132812,106.0542984008789,646.412353515625,30
1787125873,809338508,,ui,0.0,0.0,0.0,0
1787125874,808834768,,esp32,99.99847412109375,120.93556213378906,1462.0394287109375,30
1787125874,808958693,,lidar,99.28512573242188,105.68151092529297,646.412353515625,30
1787125874,808966502,,ui,0.0,0.0,0.0,0
1787125875,809032032,,esp32,100.00324249267578,120.84081268310547,619.699462890625,30
1787125875,809318056,,lidar,99.31707763671875,105.68151092529297,646.412353515625,30
1787125875,809333134,,ui,0.0,0.0,0.0,0
1787125876,809201062,,esp32,100.00324249267578,120.84081268310547,619.699462890625,30
1787125876,809660076,,lidar,99.28512573242188,106.0542984008789,646.412353515625,30
1787125876,809696665,,ui,0.0,0.0,0.0,0
1787125877,809206325,,esp32,99.99728393554688,120.84081268310547,619.699462890625,30
1787125877,809665936,,lidar,99.28465270996094,106.36370086669922,646.412353515625,30
1787125877,809701949,,ui,0.0,0.0,0.0,0
1787125878,809095533,,esp32,99.99370574951172,120.41828918457031,619.699462890625,30
1787125878,809371984,,lidar,99.28465270996094,106.36370086669922,646.412353515625,30
1787125878,809386695,,ui,0.0,0.0,0.0,0
1787125879,809088547,,esp32,99.99370574951172,120.41828918457031,619.699462890625,30
1787125879,809367843,,lidar,99.28512573242188,106.36370086669922,646.412353515625,30
1787125879,809382610,,ui,0.0,0.0,0.0,0
1787125880,809031071,,esp32,99.99370574951172,120.41828918457031,619.699462890625,30
1787125880,809295692,,lidar,99.28512573242188,106.36370086669922,646.412353515625,30
1787125880,809310279,,ui,0.0,0.0,0.0,0
1787125881,809128084,,esp32,99.9898910522461,120.41828918457031,619.699462890625,30
1787125881,809455456,,lidar,99.28512573242188,106.66658782958984,646.412353515625,30
1787125881,809482792,,ui,0.0,0.0,0.0,0
1787125882,809090995,,esp32,99.99024963378906,120.41828918457031,619.699462890625,30
1787125882,809445796,,lidar,99.31874084472656,106.66658782958984,646.412353515625,30
1787125882,809474658,,ui,0.0,0.0,0.0,0
1787125883,809080767,,esp32,99.99024963378906,120.41828918457031,619.699462890625,30
1787125883,809405777,,lidar,99.28965759277344,106.66658782958984,646.412353515625,30
1787125883,809430997,,ui,0.0,0.0,0.0,0
1787125884,808795702,,esp32,99.99370574951172,120.40172576904297,619.699462890625,30
1787125884,808907449,,lidar,99.28739166259766,106.64342498779297,646.412353515625,30
1787125884,808914496,,ui,0.0,0.0,0.0,0
1787125885,809082833,,esp32,99.99728393554688,120.3416748046875,120.95618438720703,30
1787125885,809472546,,lidar,99.31790924072266,106.36075592041016,110.52250671386719,30
1787125885,809509314,,ui,0.0,0.0,0.0,0
1787125886,809114386,,esp32,100.0001449584961,120.3416748046875,120.95618438720703,30
1787125886,809558495,,lidar,99.3033676147461,106.36075592041016,110.52250671386719,30
1787125886,809591040,,ui,0.0,0.0,0.0,0
1787125887,809140599,,esp32,100.0001449584961,120.3416748046875,120.95618438720703,30
1787125887,809439979,,lidar,99.27952575683594,106.36075592041016,110.52250671386719,30
1787125887,809456821,,ui,0.0,0.0,0.0,0
1787125888,809065875,,esp32,100.00347900390625,120.3416748046875,120.95618438720703,30
1787125888,809331807,,lidar,99.27761840820312,106.36075592041016,110.52250671386719,30
1787125888,809346475,,ui,0.0,0.0,0.0,0
1787125889,809100983,,esp32,100.00347900390625,120.31996154785156,120.95618438720703,30
1787125889,809390487,,lidar,99.2735595703125,106.36075592041016,110.52250671386719,30
1787125889,809404899,,ui,0.0,0.0,0.0,0
1787125890,809051011,,esp32,100.00276184082031,120.45381927490234,602.9937133789062,30
1787125890,809303418,,lidar,99.26939392089844,106.66658782958984,646.9697875976562,30
1787125890,809318746,,ui,0.0,0.0,0.0,0
1787125891,809063333,,esp32,100.00276184082031,120.93467712402344,602.9937133789062,30
1787125891,809335050,,lidar,99.27033996582031,106.66658782958984,646.9697875976562,30
1787125891,809349301,,ui,0.0,0.0,0.0,0
1787125892,808921043,,esp32,99.99990844726562,120.93467712402344,602.9937133789062,30
1787125892,809195736,,lidar,99.2828598022461,106.659423828125,646.9697875976562,30
1787125892,809213735,,ui,0.0,0.0,0.0,0
1787125893,809036521,,esp32,100.00276184082031,120.93489837646484,602.9937133789062,30
1787125893,809312977,,lidar,99.26914978027344,106.70887756347656,646.9697875976562,30
1787125893,809326528,,ui,0.0,0.0,0.0,0
1787125894,808673537,,esp32,100.00276184082031,120.93467712402344,602.9937133789062,30
1787125894,808771974,,lidar,99.26986694335938,106.7021484375,646.9697875976562,30
1787125894,808777169,,ui,0.0,0.0,0.0,0
1787125895,809001424,,esp32,100.00300598144531,120.93489837646484,602.9937133789062,30
1787125895,809316762,,lidar,99.28059387207031,106.70887756347656,646.9697875976562,30
1787125895,809338511,,ui,0.0,0.0,0.0,0
1787125896,809116481,,esp32,100.00360107421875,120.74691772460938,602.9937133789062,30
1787125896,809420188,,lidar,99.27439880371094,106.7021484375,646.9697875976562,30
1787125896,809446854,,ui,0.0,0.0,0.0,0
1787125897,809097443,,esp32,100.00419616699219,120.74884796142578,602.9937133789062,30
1787125897,809351739,,lidar,99.27439880371094,106.7021484375,646.9697875976562,30
1787125897,809366038,,ui,0.0,0.0,0.0,0
1787125898,809036960,,esp32,99.99620819091797,120.74691772460938,602.9937133789062,30
1787125898,809300341,,lidar,99.27391815185547,106.7021484375,646.9697875976562,30
1787125898,809315954,,ui,0.0,0.0,0.0,0
1787125899,809057577,,esp32,99.99703979492188,120.74884796142578,602.9937133789062,30
1787125899,809306195,,lidar,99.27391815185547,106.7021484375,646.9697875976562,30
1787125899,809321196,,ui,0.0,0.0,0.0,0
1787125900,809073693,,esp32,99.99990844726562,120.74691772460938,602.9937133789062,30
1787125900,809332144,,lidar,99.27391815185547,106.7021484375,646.9697875976562,30
1787125900,809347588,,ui,0.0,0.0,0.0,0
1787125901,809133426,,esp32,99.99537658691406,120.72945404052734,602.9937133789062,30
1787125901,809389564,,lidar,99.2684326171875,106.7021484375,646.9697875976562,30
1787125901,809404466,,ui,0.0,0.0,0.0,0
1787125902,809120561,,esp32,99.99215698242188,120.72933197021484,602.9937133789062,30
1787125902,809381663,,lidar,99.26605224609375,106.7021484375,646.9697875976562,30
1787125902,809394600,,ui,0.0,0.0,0.0,0
1787125903,809116087,,esp32,99.98893737792969,120.72945404052734,602.9937133789062,30
1787125903,809371104,,lidar,99.27952575683594,106.7021484375,646.9697875976562,30
1787125903,809385746,,ui,0.0,0.0,0.0,0
1787125904,808803861,,esp32,99.99990844726562,121.31365203857422,602.9937133789062,30
1787125904,808908880,,lidar,99.2828598022461,106.7021484375,646.9697875976562,30
1787125904,808914367,,ui,0.0,0.0,0.0,0
1787125905,809105902,,esp32,99.99703979492188,121.50450134277344,602.9937133789062,30
1787125905,809386741,,lidar,99.27690124511719,107.4002456665039,646.9697875976562,30
1787125905,809402865,,ui,0.0,0.0,0.0,0
1787125906,809120833,,esp32,99.99620819091797,121.31365203857422,602.9937133789062,30
1787125906,809549305,,lidar,99.27690124511719,106.73368072509766,646.9697875976562,30
1787125906,809582813,,ui,0.0,0.0,0.0,0
1787125907,809096325,,esp32,100.00276184082031,121.50450134277344,602.9937133789062,30
1787125907,809527816,,lidar,99.27690124511719,106.73368072509766,646.9697875976562,30
1787125907,809560262,,ui,0.0,0.0,0.0,0
1787125908,809108832,,esp32,100.00288391113281,121.31365203857422,602.9937133789062,30
1787125908,809382860,,lidar,99.27391815185547,106.73368072509766,646.9697875976562,30
1787125908,809397387,,ui,0.0,0.0,0.0,0
1787125909,809087845,,esp32,100.00288391113281,121.31365203857422,602.9937133789062,30
1787125909,809349559,,lidar,99.27213287353516,106.73368072509766,646.9697875976562,30
1787125909,809363652,,ui,0.0,0.0,0.0,0
1787125910,809090622,,esp32,100.00300598144531,139.8279266357422,602.9937133789062,30
1787125910,809343179,,lidar,99.27690124511719,106.73368072509766,646.9697875976562,30
1787125910,809359194,,ui,0.0,0.0,0.0,0
1787125911,809039649,,esp32,100.00383758544922,139.82728576660156,602.9937133789062,30
1787125911,809283744,,lidar,99.28095245361328,104.59801483154297,646.9697875976562,30
1787125911,809298020,,ui,0.0,0.0,0.0,0
1787125912,809135010,,esp32,100.006103515625,139.82728576660156,602.9937133789062,30
1787125912,809417113,,lidar,99.28453063964844,104.59801483154297,646.9697875976562,30
1787125912,809430383,,ui,0.0,0.0,0.0,0
1787125913,808815602,,esp32,100.00288391113281,139.82728576660156,602.9937133789062,30
1787125913,808956881,,lidar,99.2897720336914,104.59801483154297,646.9697875976562,30
1787125913,808966133,,ui,0.0,0.0,0.0,0
1787125914,808774336,,esp32,99.99537658691406,139.8279266357422,602.9937133789062,30
1787125914,808941294,,lidar,99.2897720336914,104.59801483154297,646.9697875976562,30
1787125914,808949068,,ui,0.0,0.0,0.0,0
1787125915,808921415,,esp32,99.99465942382812,139.82728576660156,602.9937133789062,30
1787125915,809170433,,lidar,99.29633331298828,105.97810363769531,646.9697875976562,30
1787125915,809182636,,ui,0.0,0.0,0.0,0
1787125916,809091694,,esp32,99.99394226074219,139.8279266357422,602.9937133789062,30
1787125916,809350208,,lidar,99.30419921875,105.97810363769531,646.9697875976562,30
1787125916,809365069,,ui,0.0,0.0,0.0,0
1787125917,809052704,,esp32,99.99537658691406,139.8279266357422,602.9937133789062,30
1787125917,809331304,,lidar,99.30419921875,105.97810363769531,646.9697875976562,30
1787125917,809346480,,ui,0.0,0.0,0.0,0
1787125918,809069104,,esp32,99.99334716796875,139.82728576660156,602.9937133789062,30
1787125918,809325262,,lidar,99.29633331298828,105.97810363769531,646.9697875976562,30
1787125918,809339813,,ui,0.0,0.0,0.0,0
1787125919,808756030,,esp32,99.99334716796875,139.82728576660156,602.9937133789062,30
1787125919,808860630,,lidar,99.30419921875,105.97810363769531,646.9697875976562,30
1787125919,808875779,,ui,0.0,0.0,0.0,0
1787125920,808984730,,esp32,100.00061798095703,121.07420349121094,139.93429565429688,30
1787125920,809319079,,lidar,99.31707763671875,104.57682800292969,122.54905700683594,30
1787125920,809341487,,ui,0.0,0.0,0.0,0
1787125921,809088838,,esp32,100.00061798095703,120.74778747558594,139.93429565429688,30
1787125921,809389018,,lidar,99.314208984375,105.97085571289062,122.54905700683594,30
1787125921,809405720,,ui,0.0,0.0,0.0,0
1787125922,808980326,,esp32,99.99800109863281,120.74446105957031,139.93429565429688,30
1787125922,809345601,,lidar,99.29740142822266,105.97810363769531,122.54905700683594,30
1787125922,809378657,,ui,0.0,0.0,0.0,0
1787125923,809105361,,esp32,100.00061798095703,120.72897338867188,139.93429565429688,30
1787125923,809436416,,lidar,99.30968475341797,105.97085571289062,122.54905700683594,30
1787125923,809462020,,ui,0.0,0.0,0.0,0
1787125924,808758469,,esp32,99.99465942382812,120.732421875,139.93429565429688,30
1787125924,808924305,,lidar,99.29740142822266,105.9806137084961,122.54905700683594,30
1787125924,808932162,,ui,0.0,0.0,0.0,0
1787125925,809049826,,esp32,99.99275207519531,120.72897338867188,139.93429565429688,30
1787125925,809491843,,lidar,99.30968475341797,105.97085571289062,122.54905700683594,30
1787125925,809526732,,ui,0.0,0.0,0.0,0
1787125926,809046313,,esp32,99.99012756347656,120.51361846923828,139.93429565429688,30
1787125926,809489014,,lidar,99.29740142822266,105.9806137084961,122.54905700683594,30
1787125926,809523633,,ui,0.0,0.0,0.0,0
1787125927,809149108,,esp32,99.9898910522461,120.5079574584961,139.93429565429688,30
1787125927,809440408,,lidar,99.31564331054688,105.9806137084961,122.54905700683594,30
1787125927,809459039,,ui,0.0,0.0,0.0,0
1787125928,809056444,,esp32,99.99656677246094,120.51361846923828,139.93429565429688,30
1787125928,809315134,,lidar,99.31767272949219,105.9806137084961,122.54905700683594,30
1787125928,809328251,,ui,0.0,0.0,0.0,0
1787125929,809065790,,esp32,99.99334716796875,120.51361846923828,139.93429565429688,30
1787125929,809352363,,lidar,99.31767272949219,105.9806137084961,122.54905700683594,30
1787125929,809366874,,ui,0.0,0.0,0.0,0
1787125930,809026513,,esp32,99.99275207519531,120.51361846923828,139.93429565429688,30
1787125930,809312133,,lidar,99.31767272949219,105.9806137084961,122.54905700683594,30
1787125930,809326753,,ui,0.0,0.0,0.0,0
1787125931,808908549,,esp32,99.99275207519531,120.5079574584961,139.93429565429688,30
1787125931,809197458,,lidar,99.32160186767578,105.9806137084961,122.54905700683594,30
1787125931,809216642,,ui,0.0,0.0,0.0,0
1787125932,808951674,,esp32,99.9959716796875,120.51361846923828,139.93429565429688,30
1787125932,809269616,,lidar,99.32160186767578,105.9806137084961,122.54905700683594,30
1787125932,809288951,,ui,0.0,0.0,0.0,0
1787125933,809101541,,esp32,99.9959716796875,120.51361846923828,139.93429565429688,30
1787125933,809422391,,lidar,99.32160186767578,105.9806137084961,122.54905700683594,30
1787125933,809444606,,ui,0.0,0.0,0.0,0
1787125934,808667591,,esp32,99.99275207519531,120.4871597290039,139.93429565429688,30
1787125934,808790589,,lidar,99.31719207763672,105.9806137084961,122.54905700683594,30
1787125934,808799773,,ui,0.0,0.0,0.0,0
1787125935,809003190,,esp32,99.99131774902344,120.5079574584961,139.93429565429688,30
1787125935,809325652,,lidar,99.314208984375,105.6085433959961,116.87278747558594,30
1787125935,809350382,,ui,0.0,0.0,0.0,0
1787125936,809057160,,esp32,99.99131774902344,120.51509094238281,139.93429565429688,30
1787125936,809368452,,lidar,99.314208984375,105.6085433959961,116.87278747558594,30
1787125936,809392307,,ui,0.0,0.0,0.0,0
1787125937,809017910,,esp32,99.99203491210938,120.51152801513672,139.93429565429688,30
1787125937,809350322,,lidar,99.31719207763672,105.6085433959961,116.87278747558594,30
1787125937,809375473,,ui,0.0,0.0,0.0,0
1787125938,809060024,,esp32,99.99131774902344,120.51152801513672,139.93429565429688,30
1787125938,809323509,,lidar,99.31719207763672,105.6085433959961,116.87278747558594,30
1787125938,809336487,,ui,0.0,0.0,0.0,0
1787125939,809068250,,esp32,99.99131774902344,120.51152801513672,139.93429565429688,30
1787125939,809337560,,lidar,99.32303619384766,105.60488891601562,116.87278747558594,30
1787125939,809352963,,ui,0.0,0.0,0.0,0
1787125940,808944179,,esp32,99.9916763305664,120.48694610595703,121.07420349121094,30
1787125940,809207628,,lidar,99.32017517089844,105.60488891601562,116.87278747558594,30
1787125940,809221231,,ui,0.0,0.0,0.0,0
1787125941,809112420,,esp32,99.9916763305664,120.48694610595703,121.07420349121094,30
1787125941,809402810,,lidar,99.314208984375,105.60488891601562,116.87278747558594,30
1787125941,809416889,,ui,0.0,0.0,0.0,0
1787125942,808822492,,esp32,99.9916763305664,120.50829315185547,121.07420349121094,30
1787125942,809123474,,lidar,99.29847717285156,105.60488891601562,116.87278747558594,30
1787125942,809141672,,ui,0.0,0.0,0.0,0
1787125943,809029547,,esp32,99.99478149414062,120.50829315185547,121.07420349121094,30
1787125943,809327567,,lidar,99.29680633544922,105.60488891601562,116.87278747558594,30
1787125943,809346860,,ui,0.0,0.0,0.0,0
1787125944,808736271,,esp32,99.9959716796875,120.5450439453125,121.07420349121094,30
1787125944,808829346,,lidar,99.29680633544922,105.60488891601562,116.87278747558594,30
1787125944,808836001,,ui,0.0,0.0,0.0,0
1787125945,809048344,,esp32,99.9959716796875,120.51844024658203,121.00196075439453,30
1787125945,809314620,,lidar,99.29680633544922,105.41248321533203,116.87278747558594,30
1787125945,809328990,,ui,0.0,0.0,0.0,0
1787125946,809018948,,esp32,99.99060821533203,120.54180908203125,139.94216918945312,30
1787125946,809307423,,lidar,99.29609680175781,105.41248321533203,116.87278747558594,30
1787125946,809320975,,ui,0.0,0.0,0.0,0
1787125947,809045525,,esp32,99.9898910522461,120.54180908203125,139.94216918945312,30
1787125947,809308697,,lidar,99.29847717285156,105.41248321533203,116.87278747558594,30
1787125947,809322221,,ui,0.0,0.0,0.0,0
1787125948,809011737,,esp32,99.9898910522461,120.54827117919922,139.94216918945312,30
1787125948,809278771,,lidar,99.32017517089844,105.41248321533203,116.87278747558594,30
1787125948,809291517,,ui,0.0,0.0,0.0,0
1787125949,809016001,,esp32,99.9898910522461,120.54827117919922,139.94216918945312,30
1787125949,809278887,,lidar,99.32756042480469,105.41248321533203,116.87278747558594,30
1787125949,809292289,,ui,0.0,0.0,0.0,0
1787125950,809043660,,esp32,99.98846435546875,120.54827117919922,139.94216918945312,30
1787125950,809342331,,lidar,99.32279968261719,105.41248321533203,116.87278747558594,30
1787125950,809359002,,ui,0.0,0.0,0.0,0
1787125951,809053299,,esp32,99.98774719238281,120.54180908203125,139.94216918945312,30
1787125951,809320163,,lidar,99.32756042480469,104.59136962890625,106.94647216796875,30
1787125951,809335414,,ui,0.0,0.0,0.0,0
1787125952,809083086,,esp32,99.98917388916016,120.5450439453125,139.94216918945312,30
1787125952,809358846,,lidar,99.3287582397461,104.59136962890625,106.94647216796875,30
1787125952,809373881,,ui,0.0,0.0,0.0,0
1787125953,809153432,,esp32,99.98619842529297,120.5450439453125,139.94216918945312,30
1787125953,809599153,,lidar,99.33352661132812,104.17103576660156,105.60488891601562,30
1787125953,809637560,,ui,0.0,0.0,0.0,0
1787125954,808677055,,esp32,99.9898910522461,120.54827117919922,139.94216918945312,30
1787125954,808819781,,lidar,99.33662414550781,104.17103576660156,105.60488891601562,30
1787125954,808826208,,ui,0.0,0.0,0.0,0
1787125955,808860259,,esp32,99.99311065673828,120.5450439453125,139.94216918945312,30
1787125955,809152449,,lidar,99.3287582397461,104.17103576660156,105.60488891601562,30
1787125955,809172010,,ui,0.0,0.0,0.0,0
1787125956,809018759,,esp32,99.99942779541016,120.54827117919922,139.94216918945312,30
1787125956,809291220,,lidar,99.33662414550781,104.08067321777344,105.60488891601562,30
1787125956,809305370,,ui,0.0,0.0,0.0,0
1787125957,809038451,,esp32,100.00061798095703,120.5450439453125,139.94216918945312,30
1787125957,809300843,,lidar,99.33662414550781,103.94430541992188,105.60488891601562,30
1787125957,809314617,,ui,0.0,0.0,0.0,0
1787125958,809039861,,esp32,99.9959716796875,120.5450439453125,139.94216918945312,30
1787125958,809332126,,lidar,99.3387680053711,103.94430541992188,105.60488891601562,30
1787125958,809346450,,ui,0.0,0.0,0.0,0
1787125959,809117941,,esp32,99.99800109863281,120.54180908203125,139.94216918945312,30
1787125959,809573806,,lidar,99.3387680053711,103.94430541992188,105.60488891601562,30
1787125959,809610472,,ui,0.0,0.0,0.0,0
1787125960,809005320,,esp32,100.00300598144531,120.5450439453125,139.94216918945312,30
1787125960,809265886,,lidar,99.33662414550781,103.87134552001953,105.60488891601562,30
1787125960,809279762,,ui,0.0,0.0,0.0,0
1787125961,809046458,,esp32,100.0059814453125,120.5450439453125,139.94216918945312,30
1787125961,809423261,,lidar,99.3387680053711,103.87134552001953,105.60488891601562,30
1787125961,809452270,,ui,0.0,0.0,0.0,0
1787125962,809069508,,esp32,100.01087188720703,120.5450439453125,139.94216918945312,30
1787125962,809466915,,lidar,99.3447265625,104.08067321777344,109.1115493774414,30
1787125962,809496227,,ui,0.0,0.0,0.0,0
1787125963,809105504,,esp32,100.01087188720703,120.5450439453125,139.94216918945312,30
1787125963,809398559,,lidar,99.32756042480469,104.08067321777344,109.1115493774414,30
1787125963,809414155,,ui,0.0,0.0,0.0,0
1787125964,808639931,,esp32,100.01194763183594,120.86624145507812,180.03201293945312,30
1787125964,808727522,,lidar,99.32756042480469,104.02703094482422,109.1115493774414,30
1787125964,808731888,,ui,0.0,0.0,0.0,0
1787125965,809024452,,esp32,100.01277923583984,120.55101013183594,180.03201293945312,30
1787125965,809368273,,lidar,99.3387680053711,104.02703094482422,109.1115493774414,30
1787125965,809394383,,ui,0.0,0.0,0.0,0
1787125966,809045459,,esp32,100.01349639892578,120.54180908203125,180.03201293945312,30
1787125966,809319986,,lidar,99.3387680053711,104.08067321777344,109.1115493774414,30
1787125966,809334206,,ui,0.0,0.0,0.0,0
1787125967,809094091,,esp32,100.01349639892578,120.54180908203125,180.03201293945312,30
1787125967,809407350,,lidar,99.3287582397461,104.08067321777344,109.1115493774414,30
1787125967,809423833,,ui,0.0,0.0,0.0,0
1787125968,809028768,,esp32,100.01277923583984,120.58676147460938,180.03201293945312,30
1787125968,809295886,,lidar,99.32756042480469,104.08067321777344,109.1115493774414,30
1787125968,809310039,,ui,0.0,0.0,0.0,0
1787125969,809063487,,esp32,100.01277923583984,120.66573333740234,180.03201293945312,30
1787125969,809333459,,lidar,99.3337631225586,104.08578491210938,109.1115493774414,30
1787125969,809346465,,ui,0.0,0.0,0.0,0
1787125970,808861510,,esp32,100.01194763183594,120.66230773925781,180.03201293945312,30
1787125970,809129076,,lidar,99.32720947265625,104.08578491210938,109.1115493774414,30
1787125970,809142309,,ui,0.0,0.0,0.0,0
1787125971,809051136,,esp32,100.0111083984375,120.66573333740234,180.03201293945312,30
1787125971,809316792,,lidar,99.34508514404297,104.08578491210938,109.1115493774414,30
1787125971,809330795,,ui,0.0,0.0,0.0,0
1787125972,809058826,,esp32,100.00682067871094,120.66573333740234,180.03201293945312,30
1787125972,809351200,,lidar,99.34353637695312,104.08578491210938,109.1115493774414,30
1787125972,809366428,,ui,0.0,0.0,0.0,0
1787125973,809058745,,esp32,100.00372314453125,120.66230773925781,180.03201293945312,30
1787125973,809349079,,lidar,99.34735107421875,104.08578491210938,109.1115493774414,30
1787125973,809364940,,ui,0.0,0.0,0.0,0
1787125974,808634777,,esp32,100.0009765625,120.57909393310547,180.03201293945312,30
1787125974,808727053,,lidar,99.35379028320312,104.03267669677734,109.1115493774414,30
1787125974,808731472,,ui,0.0,0.0,0.0,0
1787125975,809012007,,esp32,100.0020523071289,120.57990264892578,180.03201293945312,30
1787125975,809281550,,lidar,99.35009765625,104.5953140258789,109.1115493774414,30
1787125975,809294919,,ui,0.0,0.0,0.0,0
1787125976,809050933,,esp32,99.99919128417969,120.5660171508789,180.03201293945312,30
1787125976,809343823,,lidar,99.35379028320312,104.5953140258789,109.1115493774414,30
1787125976,809358337,,ui,0.0,0.0,0.0,0
1787125977,809216080,,esp32,99.99990844726562,120.5661392211914,180.03201293945312,30
1787125977,809724767,,lidar,99.35009765625,105.0018081665039,109.1115493774414,30
1787125977,809770199,,ui,0.0,0.0,0.0,0
1787125978,809038773,,esp32,99.99990844726562,120.5660171508789,180.03201293945312,30
1787125978,809361703,,lidar,99.34413146972656,105.0018081665039,109.1115493774414,30
1787125978,809376238,,ui,0.0,0.0,0.0,0
1787125979,808987508,,esp32,99.99990844726562,120.5660171508789,180.03201293945312,30
1787125979,809262071,,lidar,99.34413146972656,105.0018081665039,109.1115493774414,30
1787125979,809275368,,ui,0.0,0.0,0.0,0
1787125980,809041443,,esp32,99.99919128417969,120.5660171508789,180.03201293945312,30
1787125980,809328179,,lidar,99.34413146972656,106.62201690673828,109.1115493774414,30
1787125980,809342944,,ui,0.0,0.0,0.0,0
1787125981,808864924,,esp32,99.99990844726562,120.5661392211914,180.03201293945312,30
1787125981,809220373,,lidar,99.32791900634766,106.62201690673828,109.1115493774414,30
1787125981,809252877,,ui,0.0,0.0,0.0,0
1787125982,809015229,,esp32,99.99990844726562,120.58070373535156,199.95045471191406,30
1787125982,809366843,,lidar,99.31898498535156,106.96683502197266,113.90328216552734,30
1787125982,809400313,,ui,0.0,0.0,0.0,0
1787125983,809055534,,esp32,100.00372314453125,120.58070373535156,199.95045471191406,30
1787125983,809450464,,lidar,99.30574798583984,106.96683502197266,113.90328216552734,30
1787125983,809481618,,ui,0.0,0.0,0.0,0
1787125984,808727370,,esp32,100.0051498413086,120.57990264892578,199.95045471191406,30
1787125984,808928416,,lidar,99.30252838134766,106.96683502197266,113.90328216552734,30
1787125984,808939207,,ui,0.0,0.0,0.0,0
1787125985,808871101,,esp32,100.00360107421875,120.58070373535156,199.95045471191406,30
1787125985,809276353,,lidar,99.30252838134766,106.96683502197266,113.90328216552734,30
1787125985,809296774,,ui,0.0,0.0,0.0,0
1787125986,808806639,,esp32,100.0051498413086,120.57990264892578,199.95045471191406,30
1787125986,809106514,,lidar,99.30348205566406,106.95600891113281,113.90328216552734,30
1787125986,809124097,,ui,0.0,0.0,0.0,0
1787125987,808949544,,esp32,100.0009765625,120.58070373535156,199.95045471191406,30
1787125987,809273596,,lidar,99.29966735839844,106.95600891113281,113.90328216552734,30
1787125987,809292908,,ui,0.0,0.0,0.0,0
1787125988,808822749,,esp32,100.0052719116211,120.58070373535156,199.95045471191406,30
1787125988,809116351,,lidar,99.29966735839844,106.95600891113281,113.90328216552734,30
1787125988,809132189,,ui,0.0,0.0,0.0,0
1787125989,808868256,,esp32,100.0050277709961,120.58070373535156,199.95045471191406,30
1787125989,809170135,,lidar,99.29966735839844,106.95600891113281,113.90328216552734,30
1787125989,809187856,,ui,0.0,0.0,0.0,0
1787125990,808815154,,esp32,100.00241088867188,120.58070373535156,199.95045471191406,30
1787125990,809098289,,lidar,99.2989501953125,106.95600891113281,113.90328216552734,30
1787125990,809114622,,ui,0.0,0.0,0.0,0
1787125991,808982531,,esp32,100.0009765625,120.58070373535156,199.95045471191406,30
1787125991,809273447,,lidar,99.29537963867188,106.95600891113281,113.90328216552734,30
1787125991,809289637,,ui,0.0,0.0,0.0,0
1787125992,808934802,,esp32,100.0009765625,120.58070373535156,199.95045471191406,30
1787125992,809399216,,lidar,99.29156494140625,106.74357604980469,113.90328216552734,30
1787125992,809430581,,ui,0.0,0.0,0.0,0
1787125993,809061259,,esp32,99.99990844726562,120.57990264892578,199.95045471191406,30
1787125993,809487620,,lidar,99.29800415039062,106.74357604980469,113.90328216552734,30
1787125993,809520525,,ui,0.0,0.0,0.0,0
1787125994,808683866,,esp32,99.99990844726562,120.57990264892578,199.95045471191406,30
1787125994,808787904,,lidar,99.29800415039062,106.74357604980469,113.90328216552734,30
1787125994,808803238,,ui,0.0,0.0,0.0,0
1787125995,809048010,,esp32,100.0020523071289,120.57990264892578,199.95045471191406,30
1787125995,809320263,,lidar,99.29537963867188,106.74357604980469,113.90328216552734,30
1787125995,809336780,,ui,0.0,0.0,0.0,0
1787125996,809001127,,esp32,100.0009765625,120.58070373535156,199.95045471191406,30
1787125996,809291661,,lidar,99.29537963867188,106.74357604980469,113.90328216552734,30
1787125996,809308106,,ui,0.0,0.0,0.0,0
1787125997,808959549,,esp32,100.00383758544922,120.58070373535156,199.95045471191406,30
1787125997,809239467,,lidar,99.29537963867188,106.95600891113281,113.90328216552734,30
1787125997,809255039,,ui,0.0,0.0,0.0,0
1787125998,808925600,,esp32,100.0051498413086,120.5677490234375,199.95045471191406,30
1787125998,809201329,,lidar,99.29800415039062,108.03890228271484,113.90328216552734,30
1787125998,809214925,,ui,0.0,0.0,0.0,0
1787125999,808954461,,esp32,100.00538635253906,120.54369354248047,199.95045471191406,30
1787125999,809224455,,lidar,99.29800415039062,108.03890228271484,113.90328216552734,30
1787125999,809237235,,ui,0.0,0.0,0.0,0
1787126000,809044260,,esp32,100.00538635253906,120.39462280273438,199.95045471191406,30
1787126000,809547336,,lidar,99.29322814941406,108.03890228271484,113.90328216552734,30
1787126000,809586584,,ui,0.0,0.0,0.0,0
1787126001,809025778,,esp32,100.00682067871094,120.39462280273438,199.95045471191406,30
1787126001,809301001,,lidar,99.29228210449219,108.03890228271484,113.90328216552734,30
1787126001,809316982,,ui,0.0,0.0,0.0,0
1787126002,809007665,,esp32,100.00896453857422,120.2776870727539,199.95045471191406,30
1787126002,809355096,,lidar,99.29203796386719,108.03890228271484,113.90328216552734,30
1787126002,809381445,,ui,0.0,0.0,0.0,0
1787126003,809022531,,esp32,100.0102767944336,120.27794647216797,199.95045471191406,30
1787126003,809483858,,lidar,99.27558898925781,108.03890228271484,113.90328216552734,30
1787126003,809521283,,ui,0.0,0.0,0.0,0
1787126004,808609136,,esp32,100.0101547241211,120.2776870727539,199.95045471191406,30
1787126004,808711530,,lidar,99.29203796386719,108.03890228271484,113.90328216552734,30
1787126004,808716146,,ui,0.0,0.0,0.0,0
1787126005,809004446,,esp32,100.0101547241211,120.2776870727539,199.95045471191406,30
1787126005,809509953,,lidar,99.27749633789062,108.03890228271484,113.90328216552734,30
1787126005,809549072,,ui,0.0,0.0,0.0,0
1787126006,809017112,,esp32,100.01063537597656,120.27794647216797,199.95045471191406,30
1787126006,809295212,,lidar,99.29203796386719,108.03890228271484,113.90328216552734,30
1787126006,809308774,,ui,0.0,0.0,0.0,0
1787126007,809027025,,esp32,100.0101547241211,120.2776870727539,199.95045471191406,30
1787126007,809333600,,lidar,99.29228210449219,106.95600891113281,113.90328216552734,30
1787126007,809349771,,ui,0.0,0.0,0.0,0
1787126008,809026161,,esp32,100.00896453857422,120.31222534179688,199.95045471191406,30
1787126008,809323084,,lidar,99.29322814941406,106.95600891113281,113.90328216552734,30
1787126008,809337698,,ui,0.0,0.0,0.0,0
1787126009,808952047,,esp32,100.00896453857422,120.31222534179688,199.95045471191406,30
1787126009,809234047,,lidar,99.29203796386719,106.95600891113281,113.90328216552734,30
1787126009,809247407,,ui,0.0,0.0,0.0,0
1787126010,809086085,,esp32,100.01087188720703,120.31222534179688,199.95045471191406,30
1787126010,809561133,,lidar,99.29228210449219,106.74357604980469,113.90328216552734,30
1787126010,809601295,,ui,0.0,0.0,0.0,0
1787126011,808928912,,esp32,100.01087188720703,119.80030059814453,199.95045471191406,30
1787126011,809219944,,lidar,99.29203796386719,106.74357604980469,113.90328216552734,30
1787126011,809241176,,ui,0.0,0.0,0.0,0
1787126012,808971812,,esp32,100.0113525390625,119.74324798583984,179.5432586669922,30
1787126012,809277029,,lidar,99.29228210449219,106.57572937011719,113.86180114746094,30
1787126012,809297235,,ui,0.0,0.0,0.0,0
1787126013,808981873,,esp32,100.01087188720703,119.74324798583984,179.5432586669922,30
1787126013,809289524,,lidar,99.29275512695312,106.57572937011719,113.86180114746094,30
1787126013,809308781,,ui,0.0,0.0,0.0,0
1787126014,808687227,,esp32,100.00920104980469,119.4932861328125,179.5432586669922,30
1787126014,808797625,,lidar,99.29322814941406,106.57572937011719,113.86180114746094,30
1787126014,808804009,,ui,0.0,0.0,0.0,0
1787126015,808922129,,esp32,100.00920104980469,119.78144073486328,179.5432586669922,30
1787126015,809274259,,lidar,99.29275512695312,106.57572937011719,113.86180114746094,30
1787126015,809302243,,ui,0.0,0.0,0.0,0
1787126016,809035917,,esp32,100.00682067871094,119.78144073486328,179.5432586669922,30
1787126016,809369224,,lidar,99.2929916381836,106.57740783691406,113.86180114746094,30
1787126016,809389072,,ui,0.0,0.0,0.0,0
1787126017,808965427,,esp32,100.00884246826172,119.78144073486328,179.5432586669922,30
1787126017,809266158,,lidar,99.29358673095703,106.57740783691406,113.86180114746094,30
1787126017,809281166,,ui,0.0,0.0,0.0,0
1787126018,808939210,,esp32,100.00443267822266,119.78144073486328,179.5432586669922,30
1787126018,809210391,,lidar,99.29358673095703,106.15133666992188,113.86180114746094,30
1787126018,809223483,,ui,0.0,0.0,0.0,0
1787126019,808995968,,esp32,100.00634002685547,119.8397445678711,179.5432586669922,30
1787126019,809328735,,lidar,99.30205535888672,106.15133666992188,113.86180114746094,30
1787126019,809349195,,ui,0.0,0.0,0.0,0
1787126020,808839402,,esp32,100.00634002685547,119.87458801269531,582.1328125,30
1787126020,809139410,,lidar,99.2939453125,106.64158630371094,647.7167358398438,30
1787126020,809154248,,ui,0.0,0.0,0.0,0
1787126021,809010415,,esp32,100.00324249267578,119.87458801269531,582.1328125,30
1787126021,809290343,,lidar,99.30682373046875,106.64158630371094,647.7167358398438,30
1787126021,809305317,,ui,0.0,0.0,0.0,0
1787126022,809001653,,esp32,100.00181579589844,119.87458801269531,582.1328125,30
1787126022,809330318,,lidar,99.30682373046875,106.64158630371094,647.7167358398438,30
1787126022,809345312,,ui,0.0,0.0,0.0,0
1787126023,808901187,,esp32,100.00252532958984,119.87458801269531,582.1328125,30
1787126023,809200515,,lidar,99.30682373046875,106.64158630371094,647.7167358398438,30
1787126023,809214620,,ui,0.0,0.0,0.0,0
1787126024,808577831,,esp32,100.00252532958984,119.83989715576172,582.1328125,30
1787126024,808722266,,lidar,99.3092041015625,106.64158630371094,647.7167358398438,30
1787126024,808731032,,ui,0.0,0.0,0.0,0
1787126025,808900979,,esp32,100.00025939941406,119.83989715576172,582.1328125,30
1787126025,809204443,,lidar,99.30682373046875,106.64158630371094,647.7167358398438,30
1787126025,809218317,,ui,0.0,0.0,0.0,0
1787126026,809019971,,esp32,99.99382781982422,119.83989715576172,582.1328125,30
1787126026,809339752,,lidar,99.3092041015625,106.64158630371094,647.7167358398438,30
1787126026,809353867,,ui,0.0,0.0,0.0,0
1787126027,808990795,,esp32,99.98512268066406,119.83989715576172,582.1328125,30
1787126027,809290964,,lidar,99.30682373046875,105.3364486694336,647.7167358398438,30
1787126027,809305394,,ui,0.0,0.0,0.0,0
1787126028,808944367,,esp32,99.98535919189453,119.83989715576172,582.1328125,30
1787126028,809219627,,lidar,99.3092041015625,105.33374786376953,647.7167358398438,30
1787126028,809232754,,ui,0.0,0.0,0.0,0
1787126029,808948479,,esp32,99.98535919189453,119.83989715576172,582.1328125,30
1787126029,809269883,,lidar,99.3092041015625,104.28099060058594,647.7167358398438,30
1787126029,809288683,,ui,0.0,0.0,0.0,0
1787126030,808979024,,esp32,99.99382781982422,119.83989715576172,582.1328125,30
1787126030,809288699,,lidar,99.31755065917969,104.28099060058594,647.7167358398438,30
1787126030,809307836,,ui,0.0,0.0,0.0,0
1787126031,808835584,,esp32,99.99382781982422,119.83989715576172,582.1328125,30
1787126031,809164194,,lidar,99.31755065917969,104.28099060058594,647.7167358398438,30
1787126031,809184947,,ui,0.0,0.0,0.0,0
1787126032,808793281,,esp32,99.99859619140625,119.84954071044922,582.1328125,30
1787126032,809097656,,lidar,99.32148742675781,104.27047729492188,647.7167358398438,30
1787126032,809115626,,ui,0.0,0.0,0.0,0
1787126033,808912012,,esp32,99.99370574951172,119.84954071044922,582.1328125,30
1787126033,809397990,,lidar,99.3286361694336,104.27047729492188,647.7167358398438,30
1787126033,809431231,,ui,0.0,0.0,0.0,0
1787126034,808636858,,esp32,99.99942779541016,119.84954071044922,582.1328125,30
1787126034,808783474,,lidar,99.31552124023438,104.27047729492188,647.7167358398438,30
1787126034,808792834,,ui,0.0,0.0,0.0,0
1787126035,808855539,,esp32,100.00181579589844,119.84954071044922,582.1328125,30
1787126035,809182401,,lidar,99.31719207763672,104.27047729492188,647.7167358398438,30
1787126035,809200787,,ui,0.0,0.0,0.0,0
1787126036,809003767,,esp32,100.00181579589844,119.84954071044922,582.1328125,30
1787126036,809352789,,lidar,99.32148742675781,104.27047729492188,647.7167358398438,30
1787126036,809372502,,ui,0.0,0.0,0.0,0
1787126037,808894900,,esp32,99.99990844726562,119.84954071044922,582.1328125,30
1787126037,809178431,,lidar,99.31719207763672,104.27047729492188,647.7167358398438,30
1787126037,809205263,,ui,0.0,0.0,0.0,0
1787126038,808975885,,esp32,99.99990844726562,119.83989715576172,582.1328125,30
1787126038,809260375,,lidar,99.32148742675781,105.3168716430664,647.7167358398438,30
1787126038,809273626,,ui,0.0,0.0,0.0,0
1787126039,808959220,,esp32,100.00181579589844,119.84954071044922,582.1328125,30
1787126039,809280692,,lidar,99.33113861083984,105.3168716430664,647.7167358398438,30
1787126039,809295696,,ui,0.0,0.0,0.0,0
1787126040,808995198,,esp32,100.00347900390625,119.84954071044922,582.1328125,30
1787126040,809278177,,lidar,99.31719207763672,105.8886947631836,647.7167358398438,30
1787126040,809293782,,ui,0.0,0.0,0.0,0
1787126041,808860356,,esp32,100.00181579589844,119.84954071044922,582.1328125,30
1787126041,809142904,,lidar,99.32148742675781,105.8886947631836,647.7167358398438,30
1787126041,809157424,,ui,0.0,0.0,0.0,0
1787126042,808974982,,esp32,99.99990844726562,119.84954071044922,582.1328125,30
1787126042,809256310,,lidar,99.32791900634766,105.8886947631836,647.7167358398438,30
1787126042,809270450,,ui,0.0,0.0,0.0,0
1787126043,808993269,,esp32,99.99990844726562,119.84954071044922,582.1328125,30
1787126043,809475404,,lidar,99.33686065673828,105.8886947631836,647.7167358398438,30
1787126043,809514080,,ui,0.0,0.0,0.0,0
1787126044,808561820,,esp32,100.00252532958984,119.84954071044922,582.1328125,30
1787126044,808697401,,lidar,99.33340454101562,105.8886947631836,647.7167358398438,30
1787126044,808703143,,ui,0.0,0.0,0.0,0
1787126045,808986676,,esp32,99.99823760986328,119.8421401977539,582.1328125,30
1787126045,809466606,,lidar,99.33686065673828,105.8886947631836,647.7167358398438,30
1787126045,809502464,,ui,0.0,0.0,0.0,0
1787126046,808819371,,esp32,99.99990844726562,119.8421401977539,582.1328125,30
1787126046,809120341,,lidar,99.33340454101562,105.8886947631836,647.7167358398438,30
1787126046,809135295,,ui,0.0,0.0,0.0,0
1787126047,808857083,,esp32,99.99823760986328,119.8421401977539,582.1328125,30
1787126047,809161113,,lidar,99.33340454101562,105.8886947631836,647.7167358398438,30
1787126047,809175722,,ui,0.0,0.0,0.0,0
1787126048,808908753,,esp32,99.99811553955078,119.8421401977539,582.1328125,30
1787126048,809384307,,lidar,99.334716796875,105.8886947631836,647.7167358398438,30
1787126048,809417637,,ui,0.0,0.0,0.0,0
1787126049,808888236,,esp32,99.99703979492188,119.92573547363281,582.1328125,30
1787126049,809174914,,lidar,99.3287582397461,105.8886947631836,647.7167358398438,30
1787126049,809188154,,ui,0.0,0.0,0.0,0
1787126050,808975644,,esp32,99.99703979492188,119.76000213623047,120.04924011230469,30
1787126050,809259685,,lidar,99.33185577392578,105.80181884765625,107.309814453125,30
1787126050,809273342,,ui,0.0,0.0,0.0,0
1787126051,809028161,,esp32,99.99703979492188,119.76000213623047,120.04924011230469,30
1787126051,809510817,,lidar,99.33042907714844,105.88311767578125,107.309814453125,30
1787126051,809557452,,ui,0.0,0.0,0.0,0
1787126052,808890867,,esp32,99.99990844726562,119.76000213623047,120.04924011230469,30
1787126052,809173907,,lidar,99.33948516845703,105.88311767578125,107.309814453125,30
1787126052,809186889,,ui,0.0,0.0,0.0,0
1787126053,808918306,,esp32,100.0010986328125,119.76000213623047,120.04924011230469,30
1787126053,809199517,,lidar,99.35283660888672,105.88311767578125,107.309814453125,30
1787126053,809212145,,ui,0.0,0.0,0.0,0
1787126054,808530155,,esp32,100.00252532958984,119.92335510253906,120.11337280273438,30
1787126054,808688096,,lidar,99.33948516845703,105.88311767578125,107.309814453125,30
1787126054,808698273,,ui,0.0,0.0,0.0,0
1787126055,808750161,,esp32,100.00431823730469,119.92335510253906,120.11337280273438,30
1787126055,809013671,,lidar,99.35283660888672,105.88311767578125,107.309814453125,30
1787126055,809027665,,ui,0.0,0.0,0.0,0
1787126056,808944075,,esp32,100.00466918945312,119.92335510253906,120.11337280273438,30
1787126056,809221353,,lidar,99.33948516845703,105.88311767578125,107.309814453125,30
1787126056,809234839,,ui,0.0,0.0,0.0,0
1787126057,808786658,,esp32,100.00466918945312,119.92335510253906,120.11337280273438,30
1787126057,809077810,,lidar,99.33948516845703,105.88311767578125,107.309814453125,30
1787126057,809091585,,ui,0.0,0.0,0.0,0
1787126058,808972893,,esp32,100.00466918945312,120.04145050048828,120.58997344970703,30
1787126058,809287143,,lidar,99.33757781982422,105.80181884765625,107.309814453125,30
1787126058,809301909,,ui,0.0,0.0,0.0,0
1787126059,808971581,,esp32,100.00466918945312,120.04145050048828,120.58997344970703,30
1787126059,809290222,,lidar,99.33948516845703,105.80181884765625,107.309814453125,30
1787126059,809303690,,ui,0.0,0.0,0.0,0
1787126060,808939744,,esp32,100.00466918945312,120.04145050048828,120.58997344970703,30
1787126060,809275314,,lidar,99.34711456298828,105.80181884765625,107.309814453125,30
1787126060,809294336,,ui,0.0,0.0,0.0,0
1787126061,808911326,,esp32,100.00466918945312,120.04145050048828,120.58997344970703,30
1787126061,809205532,,lidar,99.34711456298828,105.88311767578125,132.95101928710938,30
1787126061,809220412,,ui,0.0,0.0,0.0,0
1787126062,808989030,,esp32,100.00466918945312,120.04145050048828,120.58997344970703,30
1787126062,809309082,,lidar,99.3499755859375,105.88983917236328,132.95101928710938,30
1787126062,809323556,,ui,0.0,0.0,0.0,0
1787126063,808907221,,esp32,100.00491333007812,120.04145050048828,120.58997344970703,30
1787126063,809230858,,lidar,99.33399963378906,105.88983917236328,132.95101928710938,30
1787126063,809253066,,ui,0.0,0.0,0.0,0
1787126064,808621990,,esp32,100.00491333007812,120.04192352294922,120.58997344970703,30
1787126064,808779589,,lidar,99.33042907714844,106.57008361816406,605.5374145507812,30
1787126064,808790513,,ui,0.0,0.0,0.0,0
1787126065,809017149,,esp32,100.00252532958984,120.05628967285156,1364.1024169921875,30
1787126065,809507003,,lidar,99.32637023925781,106.57008361816406,605.5374145507812,30
1787126065,809550899,,ui,0.0,0.0,0.0,0
1787126066,808918802,,esp32,100.0010986328125,120.05628967285156,1364.1024169921875,30
1787126066,809227485,,lidar,99.31611633300781,106.57008361816406,605.5374145507812,30
1787126066,809244756,,ui,0.0,0.0,0.0,0
1787126067,808915650,,esp32,100.00252532958984,120.05628967285156,1364.1024169921875,30
1787126067,809201262,,lidar,99.31611633300781,106.57008361816406,605.5374145507812,30
1787126067,809214684,,ui,0.0,0.0,0.0,0
1787126068,808931218,,esp32,100.00419616699219,120.05628967285156,1364.1024169921875,30
1787126068,809217801,,lidar,99.31611633300781,106.57008361816406,605.5374145507812,30
1787126068,809232057,,ui,0.0,0.0,0.0,0
1787126069,808907547,,esp32,100.0010986328125,120.0492935180664,1364.1024169921875,30
1787126069,809200278,,lidar,99.3204116821289,106.57008361816406,605.5374145507812,30
1787126069,809214467,,ui,0.0,0.0,0.0,0
1787126070,808898764,,esp32,99.9948959350586,120.0492935180664,1364.1024169921875,30
1787126070,809187146,,lidar,99.3204116821289,105.81688690185547,605.5374145507812,30
1787126070,809202750,,ui,0.0,0.0,0.0,0
1787126071,808847034,,esp32,99.9948959350586,120.0492935180664,1364.1024169921875,30
1787126071,809128540,,lidar,99.31611633300781,105.81688690185547,605.5374145507812,30
1787126071,809141711,,ui,0.0,0.0,0.0,0
1787126072,808999806,,esp32,99.99800109863281,120.0492935180664,1364.1024169921875,30
1787126072,809493718,,lidar,99.31611633300781,105.81688690185547,605.5374145507812,30
1787126072,809530601,,ui,0.0,0.0,0.0,0
1787126073,808903283,,esp32,99.99800109863281,120.0492935180664,1364.1024169921875,30
1787126073,809180859,,lidar,99.31468963623047,105.81688690185547,605.5374145507812,30
1787126073,809198117,,ui,0.0,0.0,0.0,0
1787126074,808578921,,esp32,99.99430084228516,120.0492935180664,1364.1024169921875,30
1787126074,808739571,,lidar,99.31468963623047,105.81688690185547,605.5374145507812,30
1787126074,808747652,,ui,0.0,0.0,0.0,0
1787126075,808926676,,esp32,100.0010986328125,120.16580200195312,1364.1024169921875,30
1787126075,809213977,,lidar,99.3032455444336,105.81688690185547,605.5374145507812,30
1787126075,809227745,,ui,0.0,0.0,0.0,0
1787126076,808951912,,esp32,100.00264739990234,120.16580200195312,1364.1024169921875,30
1787126076,809242133,,lidar,99.30181884765625,105.67008972167969,605.5374145507812,30
1787126076,809255209,,ui,0.0,0.0,0.0,0
1787126077,808878687,,esp32,100.00264739990234,120.16580200195312,1364.1024169921875,30
1787126077,809163181,,lidar,99.3050308227539,105.67008972167969,605.5374145507812,30
1787126077,809178038,,ui,0.0,0.0,0.0,0
1787126078,808902942,,esp32,100.00264739990234,120.16580200195312,1364.1024169921875,30
1787126078,809220108,,lidar,99.31075286865234,105.67008972167969,605.5374145507812,30
1787126078,809234962,,ui,0.0,0.0,0.0,0
1787126079,808912382,,esp32,100.00419616699219,120.16580200195312,1364.1024169921875,30
1787126079,809216042,,lidar,99.31075286865234,104.23429107666016,605.5374145507812,30
1787126079,809231214,,ui,0.0,0.0,0.0,0
1787126080,808930199,,esp32,100.0069351196289,120.16580200195312,1364.1024169921875,30
1787126080,809374603,,lidar,99.31671905517578,104.37544250488281,605.5374145507812,30
1787126080,809406166,,ui,0.0,0.0,0.0,0
1787126081,808952656,,esp32,100.00550842285156,120.16580200195312,1364.1024169921875,30
1787126081,809478745,,lidar,99.31099700927734,104.2122802734375,605.5374145507812,30
1787126081,809516099,,ui,0.0,0.0,0.0,0
1787126082,808979169,,esp32,100.00550842285156,120.16580200195312,1364.1024169921875,30
1787126082,809480384,,lidar,99.31099700927734,104.2122802734375,605.5374145507812,30
1787126082,809520035,,ui,0.0,0.0,0.0,0
1787126083,808827412,,esp32,100.00550842285156,120.16580200195312,1364.1024169921875,30
1787126083,809115835,,lidar,99.31099700927734,104.35376739501953,605.5374145507812,30
1787126083,809129486,,ui,0.0,0.0,0.0,0
1787126084,808522725,,esp32,100.00550842285156,120.08834838867188,1364.1024169921875,30
1787126084,808680460,,lidar,99.30598449707031,104.6298599243164,605.5374145507812,30
1787126084,808690783,,ui,0.0,0.0,0.0,0
1787126085,808784995,,esp32,100.00181579589844,120.08834838867188,1364.1024169921875,30
1787126085,809072239,,lidar,99.30598449707031,104.6298599243164,605.5374145507812,30
1787126085,809086167,,ui,0.0,0.0,0.0,0
1787126086,808928915,,esp32,100.00419616699219,120.08834838867188,1364.1024169921875,30
1787126086,809249073,,lidar,99.31587982177734,104.6298599243164,605.5374145507812,30
1787126086,809264029,,ui,0.0,0.0,0.0,0
1787126087,808992616,,esp32,100.00419616699219,120.08834838867188,1364.1024169921875,30
1787126087,809485247,,lidar,99.31587982177734,104.6298599243164,605.5374145507812,30
1787126087,809524469,,ui,0.0,0.0,0.0,0
1787126088,808759448,,esp32,100.00419616699219,119.88778686523438,1364.1024169921875,30
1787126088,809126479,,lidar,99.31695556640625,104.6298599243164,605.5374145507812,30
1787126088,809142949,,ui,0.0,0.0,0.0,0
1787126089,808945738,,esp32,99.99847412109375,119.88778686523438,1364.1024169921875,30
1787126089,809247074,,lidar,99.31587982177734,104.6298599243164,605.5374145507812,30
1787126089,809260220,,ui,0.0,0.0,0.0,0
1787126090,808931840,,esp32,99.99478149414062,119.88778686523438,1364.1024169921875,30
1787126090,809300894,,lidar,99.31099700927734,104.6298599243164,605.5374145507812,30
1787126090,809320763,,ui,0.0,0.0,0.0,0
1787126091,808875672,,esp32,99.99478149414062,119.88778686523438,1364.1024169921875,30
1787126091,809180733,,lidar,99.30598449707031,104.39382934570312,605.5374145507812,30
1787126091,809197456,,ui,0.0,0.0,0.0,0
1787126092,808991957,,esp32,99.99311065673828,119.88778686523438,1364.1024169921875,30
1787126092,809286270,,lidar,99.31099700927734,104.39382934570312,605.5374145507812,30
1787126092,809299929,,ui,0.0,0.0,0.0,0
1787126093,808865374,,esp32,99.99537658691406,119.88778686523438,1364.1024169921875,30
1787126093,809164423,,lidar,99.31099700927734,105.04306030273438,605.5374145507812,30
1787126093,809178605,,ui,0.0,0.0,0.0,0
1787126094,808551257,,esp32,99.99537658691406,119.87844848632812,1364.1024169921875,30
1787126094,808750605,,lidar,99.31659698486328,105.04222106933594,128.6451873779297,30
1787126094,808766632,,ui,0.0,0.0,0.0,0
1787126095,808874269,,esp32,99.99847412109375,119.58717346191406,120.62979125976562,30
1787126095,809173800,,lidar,99.31517028808594,105.12614440917969,553.0872192382812,30
1787126095,809187617,,ui,0.0,0.0,0.0,0
1787126096,808986035,,esp32,99.99847412109375,119.88778686523438,1363.4591064453125,30
1787126096,809481351,,lidar,99.31659698486328,105.12614440917969,553.0872192382812,30
1787126096,809519454,,ui,0.0,0.0,0.0,0
1787126097,808929338,,esp32,100.00181579589844,119.88778686523438,1363.4591064453125,30
1787126097,809217033,,lidar,99.31659698486328,105.12614440917969,553.0872192382812,30
1787126097,809231909,,ui,0.0,0.0,0.0,0
1787126098,808883399,,esp32,99.99728393554688,119.88778686523438,1363.4591064453125,30
1787126098,809176615,,lidar,99.31517028808594,105.12614440917969,553.0872192382812,30
1787126098,809191024,,ui,0.0,0.0,0.0,0
1787126099,808990138,,esp32,100.00324249267578,119.88778686523438,1363.4591064453125,30
1787126099,809308873,,lidar,99.314453125,105.51142883300781,553.0872192382812,30
1787126099,809323899,,ui,0.0,0.0,0.0,0
1787126100,809151867,,esp32,100.00324249267578,119.88778686523438,1363.4591064453125,30
1787126100,809681198,,lidar,99.31517028808594,105.8053970336914,553.0872192382812,30
1787126100,809704194,,ui,0.0,0.0,0.0,0
1787126101,808929457,,esp32,100.0071792602539,119.94889831542969,1363.4591064453125,30
1787126101,809246681,,lidar,99.314453125,105.8053970336914,553.0872192382812,30
1787126101,809263353,,ui,0.0,0.0,0.0,0
1787126102,808987090,,esp32,100.00634002685547,120.0414047241211,1363.4591064453125,30
1787126102,809315653,,lidar,99.314453125,107.10167694091797,553.0872192382812,30
1787126102,809330549,,ui,0.0,0.0,0.0,0
1787126103,808935031,,esp32,100.00443267822266,120.0414047241211,1363.4591064453125,30
1787126103,809237092,,lidar,99.31659698486328,107.10167694091797,553.0872192382812,30
1787126103,809252127,,ui,0.0,0.0,0.0,0
1787126104,808608929,,esp32,100.00133514404297,120.05795288085938,1363.4591064453125,30
1787126104,808722869,,lidar,99.31659698486328,107.10167694091797,553.0872192382812,30
1787126104,808727201,,ui,0.0,0.0,0.0,0
1787126105,808864442,,esp32,99.99847412109375,120.02839660644531,1363.4591064453125,30
1787126105,809157045,,lidar,99.32160186767578,107.10167694091797,553.0872192382812,30
1787126105,809172109,,ui,0.0,0.0,0.0,0
1787126106,808933495,,esp32,99.99847412109375,120.02839660644531,1363.4591064453125,30
1787126106,809269740,,lidar,99.33781433105469,107.24232482910156,553.0872192382812,30
1787126106,809285328,,ui,0.0,0.0,0.0,0
1787126107,808944179,,esp32,100.00372314453125,120.02839660644531,1363.4591064453125,30
1787126107,809238414,,lidar,99.3194580078125,107.24232482910156,553.0872192382812,30
1787126107,809253817,,ui,0.0,0.0,0.0,0
1787126108,808943814,,esp32,100.00372314453125,120.02839660644531,1363.4591064453125,30
1787126108,809269094,,lidar,99.31659698486328,107.10167694091797,553.0872192382812,30
1787126108,809284538,,ui,0.0,0.0,0.0,0
1787126109,808922505,,esp32,100.00252532958984,120.02839660644531,1363.4591064453125,30
1787126109,809214320,,lidar,99.314453125,107.10167694091797,553.0872192382812,30
1787126109,809228468,,ui,0.0,0.0,0.0,0
1787126110,808885358,,esp32,99.99966430664062,120.02839660644531,1363.4591064453125,30
1787126110,809176584,,lidar,99.3082504272461,107.10167694091797,553.0872192382812,30
1787126110,809191394,,ui,0.0,0.0,0.0,0
1787126111,808871353,,esp32,100.00252532958984,120.02839660644531,1363.4591064453125,30
1787126111,809150806,,lidar,99.3154067993164,107.10167694091797,553.0872192382812,30
1787126111,809165113,,ui,0.0,0.0,0.0,0
1787126112,808806431,,esp32,100.00252532958984,120.04869842529297,1363.4591064453125,30
1787126112,809099721,,lidar,99.314453125,107.10167694091797,553.0872192382812,30
1787126112,809112527,,ui,0.0,0.0,0.0,0
1787126113,808814953,,esp32,100.00252532958984,120.04869842529297,1363.4591064453125,30
1787126113,809147361,,lidar,99.3154067993164,107.10167694091797,553.0872192382812,30
1787126113,809166542,,ui,0.0,0.0,0.0,0
1787126114,808522154,,esp32,100.00252532958984,120.07935333251953,1363.4591064453125,30
1787126114,808694318,,lidar,99.35021209716797,106.7616958618164,553.0872192382812,30
1787126114,808705085,,ui,0.0,0.0,0.0,0
1787126115,808714719,,esp32,100.00372314453125,120.07935333251953,1363.4591064453125,30
1787126115,809019122,,lidar,99.35569763183594,106.7616958618164,553.0872192382812,30
1787126115,809037284,,ui,0.0,0.0,0.0,0
1787126116,808875536,,esp32,100.00252532958984,120.07935333251953,1363.4591064453125,30
1787126116,809171669,,lidar,99.35546112060547,106.7616958618164,553.0872192382812,30
1787126116,809185785,,ui,0.0,0.0,0.0,0
1787126117,808876246,,esp32,100.00372314453125,120.07935333251953,1363.4591064453125,30
1787126117,809171323,,lidar,99.35546112060547,106.7616958618164,553.0872192382812,30
1787126117,809186115,,ui,0.0,0.0,0.0,0
1787126118,808852151,,esp32,99.99966430664062,120.0908432006836,1363.4591064453125,30
1787126118,809158056,,lidar,99.34306335449219,106.7616958618164,553.0872192382812,30
1787126118,809177515,,ui,0.0,0.0,0.0,0
1787126119,808785876,,esp32,100.00455474853516,120.0908432006836,1363.4591064453125,30
1787126119,809094115,,lidar,99.334716796875,106.7616958618164,553.0872192382812,30
1787126119,809112287,,ui,0.0,0.0,0.0,0
1787126120,808899976,,esp32,100.00455474853516,120.17180633544922,1363.4591064453125,30
1787126120,809238262,,lidar,99.334716796875,107.10167694091797,553.0872192382812,30
1787126120,809253214,,ui,0.0,0.0,0.0,0
1787126121,808877075,,esp32,100.00455474853516,120.24407958984375,1363.4591064453125,30
1787126121,809150030,,lidar,99.35569763183594,107.42950439453125,553.0872192382812,30
1787126121,809164140,,ui,0.0,0.0,0.0,0
1787126122,808857387,,esp32,100.00657653808594,120.28793334960938,1363.4591064453125,30
1787126122,809141312,,lidar,99.35546112060547,107.42950439453125,553.0872192382812,30
1787126122,809153900,,ui,0.0,0.0,0.0,0
1787126123,808747773,,esp32,100.00491333007812,120.28793334960938,1363.4591064453125,30
1787126123,809054735,,lidar,99.38002014160156,107.42950439453125,553.0872192382812,30
1787126123,809069447,,ui,0.0,0.0,0.0,0
1787126124,808558428,,esp32,100.00491333007812,120.28793334960938,1363.4591064453125,30
1787126124,808773376,,lidar,99.38002014160156,107.42950439453125,553.0872192382812,30
1787126124,808787096,,ui,0.0,0.0,0.0,0
1787126125,808826776,,esp32,100.00455474853516,120.26773834228516,1363.4591064453125,30
1787126125,809122586,,lidar,99.38263702392578,107.10167694091797,121.16646575927734,30
1787126125,809136753,,ui,0.0,0.0,0.0,0
1787126126,808855364,,esp32,100.00491333007812,120.24164581298828,120.6471939086914,30
1787126126,809294118,,lidar,99.38263702392578,107.10167694091797,121.16646575927734,30
1787126126,809324574,,ui,0.0,0.0,0.0,0
1787126127,808719761,,esp32,100.00491333007812,120.24164581298828,120.6471939086914,30
1787126127,809013120,,lidar,99.40266418457031,107.10167694091797,121.16646575927734,30
1787126127,809026824,,ui,0.0,0.0,0.0,0
1787126128,808620005,,esp32,100.00491333007812,120.24164581298828,120.6471939086914,30
1787126128,808889110,,lidar,99.38383483886719,107.09986877441406,121.16646575927734,30
1787126128,808902726,,ui,0.0,0.0,0.0,0
1787126129,808690149,,esp32,100.00491333007812,120.24164581298828,120.6471939086914,30
1787126129,809013210,,lidar,99.39515686035156,107.09986877441406,121.16646575927734,30
1787126129,809028282,,ui,0.0,0.0,0.0,0
1787126130,809004718,,esp32,100.00491333007812,120.24164581298828,120.6471939086914,30
1787126130,809516481,,lidar,99.40445709228516,106.91936492919922,119.37594604492188,30
1787126130,809544576,,ui,0.0,0.0,0.0,0
1787126131,808816317,,esp32,100.00491333007812,120.24164581298828,120.6471939086914,30
1787126131,809225773,,lidar,99.41685485839844,106.91936492919922,119.37594604492188,30
1787126131,809257890,,ui,0.0,0.0,0.0,0
1787126132,808830272,,esp32,100.00383758544922,120.24164581298828,120.6471939086914,30
1787126132,809167403,,lidar,99.40802764892578,106.74104309082031,119.37594604492188,30
1787126132,809187576,,ui,0.0,0.0,0.0,0
1787126133,809007163,,esp32,100.00264739990234,120.24164581298828,120.6471939086914,30
1787126133,809524377,,lidar,99.39372253417969,106.74104309082031,119.37594604492188,30
1787126133,809566706,,ui,0.0,0.0,0.0,0
1787126134,808552872,,esp32,100.00264739990234,120.24164581298828,120.6471939086914,30
1787126134,808737075,,lidar,99.40123748779297,106.74104309082031,119.37594604492188,30
1787126134,808747472,,ui,0.0,0.0,0.0,0
1787126135,808898998,,esp32,100.00241088867188,120.24164581298828,120.6471939086914,30
1787126135,809225329,,lidar,99.37870788574219,106.74104309082031,119.37594604492188,30
1787126135,809239891,,ui,0.0,0.0,0.0,0
1787126136,808886420,,esp32,100.00252532958984,120.24164581298828,120.6471939086914,30
1787126136,809220082,,lidar,99.38383483886719,106.74104309082031,119.37594604492188,30
1787126136,809244531,,ui,0.0,0.0,0.0,0
1787126137,808862028,,esp32,100.00038146972656,120.24164581298828,120.6471939086914,30
1787126137,809203872,,lidar,99.38502502441406,104.69490814208984,119.37594604492188,30
1787126137,809222903,,ui,0.0,0.0,0.0,0
1787126138,808771660,,esp32,100.00038146972656,120.24164581298828,120.6471939086914,30
1787126138,809136651,,lidar,99.3998031616211,104.6965103149414,119.37594604492188,30
1787126138,809157028,,ui,0.0,0.0,0.0,0
1787126139,808869635,,esp32,99.9969253540039,120.24164581298828,120.6471939086914,30
1787126139,809191107,,lidar,99.3998031616211,105.96680450439453,119.37594604492188,30
1787126139,809205599,,ui,0.0,0.0,0.0,0
1787126140,808816820,,esp32,99.99358367919922,120.26773834228516,120.6471939086914,30
1787126140,809124858,,lidar,99.39002990722656,106.92095947265625,124.63855743408203,30
1787126140,809140105,,ui,0.0,0.0,0.0,0
1787126141,808721905,,esp32,99.99311065673828,120.26773834228516,120.6471939086914,30
1787126141,809013997,,lidar,99.37739562988281,106.92095947265625,124.63855743408203,30
1787126141,809031369,,ui,0.0,0.0,0.0,0
1787126142,808930164,,esp32,99.9916763305664,120.26773834228516,120.6471939086914,30
1787126142,809444143,,lidar,99.37739562988281,106.92095947265625,124.63855743408203,30
1787126142,809484631,,ui,0.0,0.0,0.0,0
1787126143,808918342,,esp32,99.9916763305664,120.26773834228516,120.6471939086914,30
1787126143,809340113,,lidar,99.36070251464844,106.92095947265625,124.63855743408203,30
1787126143,809374812,,ui,0.0,0.0,0.0,0
1787126144,808500847,,esp32,99.99037170410156,120.46863555908203,160.2325439453125,30
1787126144,808617295,,lidar,99.33543395996094,106.92095947265625,124.63855743408203,30
1787126144,808621893,,ui,0.0,0.0,0.0,0
1787126145,808841911,,esp32,99.99311065673828,120.46863555908203,160.2325439453125,30
1787126145,809151312,,lidar,99.32780456542969,106.92095947265625,124.63855743408203,30
1787126145,809165171,,ui,0.0,0.0,0.0,0
1787126146,808899817,,esp32,99.99311065673828,120.46863555908203,160.2325439453125,30
1787126146,809202364,,lidar,99.32780456542969,106.92095947265625,124.63855743408203,30
1787126146,809216326,,ui,0.0,0.0,0.0,0
1787126147,808921063,,esp32,99.99311065673828,120.46863555908203,160.2325439453125,30
1787126147,809285291,,lidar,99.334716796875,106.92095947265625,124.63855743408203,30
1787126147,809306432,,ui,0.0,0.0,0.0,0
1787126148,808860796,,esp32,99.99442291259766,120.56552124023438,160.2325439453125,30
1787126148,809225034,,lidar,99.33495330810547,106.92095947265625,124.63855743408203,30
1787126148,809240716,,ui,0.0,0.0,0.0,0
1787126149,808812886,,esp32,99.99358367919922,120.56552124023438,160.2325439453125,30
1787126149,809114162,,lidar,99.32398986816406,106.92095947265625,124.63855743408203,30
1787126149,809128632,,ui,0.0,0.0,0.0,0
1787126150,808855438,,esp32,99.99358367919922,120.56552124023438,160.2325439453125,30
1787126150,809157464,,lidar,99.32780456542969,106.03570556640625,124.63855743408203,30
1787126150,809172469,,ui,0.0,0.0,0.0,0
1787126151,808876751,,esp32,99.99358367919922,120.56552124023438,160.2325439453125,30
1787126151,809223212,,lidar,99.30085754394531,105.96680450439453,124.63855743408203,30
1787126151,809242880,,ui,0.0,0.0,0.0,0
1787126152,808825536,,esp32,99.99442291259766,120.3628921508789,160.2325439453125,30
1787126152,809180619,,lidar,99.29466247558594,106.03570556640625,124.63855743408203,30
1787126152,809201113,,ui,0.0,0.0,0.0,0
1787126153,808869094,,esp32,99.99442291259766,120.3628921508789,160.2325439453125,30
1787126153,809199238,,lidar,99.28059387207031,106.03570556640625,124.63855743408203,30
1787126153,809215474,,ui,0.0,0.0,0.0,0
1787126154,808479989,,esp32,99.99442291259766,120.3628921508789,160.2325439453125,30
1787126154,808677040,,lidar,99.28059387207031,105.96680450439453,124.63855743408203,30
1787126154,808686686,,ui,0.0,0.0,0.0,0
1787126155,808838507,,esp32,99.99573516845703,120.3628921508789,160.2325439453125,30
1787126155,809216067,,lidar,99.28417205810547,105.96680450439453,124.63855743408203,30
1787126155,809236686,,ui,0.0,0.0,0.0,0
1787126156,808880605,,esp32,99.99823760986328,120.3628921508789,160.2325439453125,30
1787126156,809212695,,lidar,99.2989501953125,105.96680450439453,124.63855743408203,30
1787126156,809227728,,ui,0.0,0.0,0.0,0
1787126157,808883821,,esp32,99.99573516845703,120.3628921508789,160.2325439453125,30
1787126157,809231857,,lidar,99.29061126708984,106.03570556640625,124.63855743408203,30
1787126157,809253050,,ui,0.0,0.0,0.0,0
1787126158,808825877,,esp32,99.99823760986328,120.3628921508789,160.2325439453125,30
1787126158,809236995,,lidar,99.28071594238281,106.03875732421875,124.63855743408203,30
1787126158,809266340,,ui,0.0,0.0,0.0,0
1787126159,808839209,,esp32,99.99573516845703,120.3628921508789,160.2325439453125,30
1787126159,809291809,,lidar,99.28071594238281,106.03875732421875,124.63855743408203,30
1787126159,809330209,,ui,0.0,0.0,0.0,0
1787126160,808833866,,esp32,99.99883270263672,120.3628921508789,160.2325439453125,30
1787126160,809328735,,lidar,99.28071594238281,106.35032653808594,124.63855743408203,30
1787126160,809363908,,ui,0.0,0.0,0.0,0
1787126161,808669871,,esp32,99.99978637695312,120.3628921508789,160.2325439453125,30
1787126161,809049716,,lidar,99.29478454589844,106.35032653808594,124.63855743408203,30
1787126161,809073565,,ui,0.0,0.0,0.0,0
1787126162,808798010,,esp32,100.00133514404297,120.3628921508789,160.2325439453125,30
1787126162,809170878,,lidar,99.29478454589844,106.35032653808594,124.63855743408203,30
1787126162,809192241,,ui,0.0,0.0,0.0,0
1787126163,808853234,,esp32,100.00383758544922,120.3628921508789,160.2325439453125,30
1787126163,809209361,,lidar,99.28739166259766,106.35032653808594,124.63855743408203,30
1787126163,809226822,,ui,0.0,0.0,0.0,0
1787126164,808456345,,esp32,100.00682067871094,120.3628921508789,160.2325439453125,30
1787126164,808590887,,lidar,99.27880859375,106.35032653808594,124.63855743408203,30
1787126164,808597032,,ui,0.0,0.0,0.0,0
1787126165,808791055,,esp32,100.00896453857422,120.5657730102539,160.2325439453125,30
1787126165,809098711,,lidar,99.26914978027344,106.34040832519531,124.63855743408203,30
1787126165,809114354,,ui,0.0,0.0,0.0,0
1787126166,808841500,,esp32,100.00264739990234,120.5657730102539,160.2325439453125,30
1787126166,809167698,,lidar,99.28417205810547,106.34040832519531,124.63855743408203,30
1787126166,809183919,,ui,0.0,0.0,0.0,0
1787126167,808859495,,esp32,99.99978637695312,120.5657730102539,160.2325439453125,30
1787126167,809219828,,lidar,99.27344512939453,106.34040832519531,124.63855743408203,30
1787126167,809242464,,ui,0.0,0.0,0.0,0
1787126168,808824240,,esp32,99.99835205078125,120.5657730102539,160.2325439453125,30
1787126168,809185820,,lidar,99.28417205810547,106.34040832519531,124.63855743408203,30
1787126168,809205734,,ui,0.0,0.0,0.0,0
1787126169,808802107,,esp32,99.99919128417969,120.5657730102539,160.2325439453125,30
1787126169,809138790,,lidar,99.28417205810547,106.34040832519531,124.63855743408203,30
1787126169,809158590,,ui,0.0,0.0,0.0,0
1787126170,808833953,,esp32,100.00264739990234,120.36396026611328,160.2325439453125,30
1787126170,809174727,,lidar,99.28154754638672,106.03570556640625,108.6995620727539,30
1787126170,809194768,,ui,0.0,0.0,0.0,0
1787126171,808933054,,esp32,100.00896453857422,120.3795166015625,160.2325439453125,30
1787126171,809462816,,lidar,99.29061126708984,106.05399322509766,108.6995620727539,30
1787126171,809502814,,ui,0.0,0.0,0.0,0
1787126172,808696559,,esp32,100.00538635253906,120.68025970458984,622.4200439453125,30
1787126172,809069290,,lidar,99.27749633789062,106.35032653808594,654.3006591796875,30
1787126172,809090024,,ui,0.0,0.0,0.0,0
1787126173,808793069,,esp32,100.00538635253906,120.68025970458984,622.4200439453125,30
1787126173,809100056,,lidar,99.2828598022461,106.35032653808594,654.3006591796875,30
1787126173,809116038,,ui,0.0,0.0,0.0,0
1787126174,808351497,,esp32,100.00538635253906,120.37018585205078,622.4200439453125,30
1787126174,808485156,,lidar,99.29383087158203,106.35032653808594,654.3006591796875,30
1787126174,808491930,,ui,0.0,0.0,0.0,0
1787126175,808842404,,esp32,100.00264739990234,120.73970031738281,622.4200439453125,30
1787126175,809414597,,lidar,99.29383087158203,107.34566497802734,654.3006591796875,30
1787126175,809457535,,ui,0.0,0.0,0.0,0
1787126176,808772627,,esp32,99.99919128417969,120.73970031738281,622.4200439453125,30
1787126176,809183663,,lidar,99.2828598022461,107.34566497802734,654.3006591796875,30
1787126176,809213622,,ui,0.0,0.0,0.0,0
1787126177,808741342,,esp32,99.99525451660156,120.73970031738281,622.4200439453125,30
1787126177,809158988,,lidar,99.29383087158203,107.34566497802734,654.3006591796875,30
1787126177,809189857,,ui,0.0,0.0,0.0,0
1787126178,808747735,,esp32,99.99525451660156,120.73970031738281,622.4200439453125,30
1787126178,809052690,,lidar,99.30801391601562,107.34566497802734,654.3006591796875,30
1787126178,809068031,,ui,0.0,0.0,0.0,0
1787126179,808847410,,esp32,99.99108123779297,120.73970031738281,622.4200439453125,30
1787126179,809205775,,lidar,99.32601165771484,107.34566497802734,654.3006591796875,30
1787126179,809230432,,ui,0.0,0.0,0.0,0
1787126180,808769713,,esp32,99.9916763305664,120.73970031738281,622.4200439453125,30
1787126180,809186667,,lidar,99.31659698486328,107.34566497802734,654.3006591796875,30
1787126180,809215811,,ui,0.0,0.0,0.0,0
1787126181,808763266,,esp32,99.9916763305664,120.73970031738281,622.4200439453125,30
1787126181,809058717,,lidar,99.32625579833984,107.34566497802734,654.3006591796875,30
1787126181,809072412,,ui,0.0,0.0,0.0,0
1787126182,808917904,,esp32,99.99108123779297,120.73970031738281,622.4200439453125,30
1787126182,809452414,,lidar,99.3458023071289,106.35032653808594,654.3006591796875,30
1787126182,809490816,,ui,0.0,0.0,0.0,0
1787126183,808653246,,esp32,99.99108123779297,120.73970031738281,622.4200439453125,30
1787126183,809092306,,lidar,99.32625579833984,106.35032653808594,654.3006591796875,30
1787126183,809118146,,ui,0.0,0.0,0.0,0
1787126184,808394909,,esp32,99.9916763305664,120.73970031738281,622.4200439453125,30
1787126184,808587566,,lidar,99.34329986572266,107.33387756347656,654.3006591796875,30
1787126184,808594143,,ui,0.0,0.0,0.0,0
1787126185,808888197,,esp32,99.99108123779297,120.73970031738281,622.4200439453125,30
1787126185,809419870,,lidar,99.34329986572266,107.33387756347656,654.3006591796875,30
1787126185,809462548,,ui,0.0,0.0,0.0,0
1787126186,808849509,,esp32,99.99108123779297,120.73970031738281,622.4200439453125,30
1787126186,809172164,,lidar,99.32625579833984,107.33387756347656,654.3006591796875,30
1787126186,809185279,,ui,0.0,0.0,0.0,0
1787126187,808822092,,esp32,99.99108123779297,120.73970031738281,622.4200439453125,30
1787126187,809131935,,lidar,99.3458023071289,107.33387756347656,654.3006591796875,30
1787126187,809145368,,ui,0.0,0.0,0.0,0
1787126188,808810076,,esp32,99.99108123779297,120.73970031738281,622.4200439453125,30
1787126188,809144875,,lidar,99.3551025390625,107.33387756347656,654.3006591796875,30
1787126188,809159852,,ui,0.0,0.0,0.0,0
1787126189,808367708,,esp32,99.99215698242188,120.73970031738281,622.4200439453125,30
1787126189,808478656,,lidar,99.3610610961914,107.33387756347656,654.3006591796875,30
1787126189,808483566,,ui,0.0,0.0,0.0,0
1787126190,808740229,,esp32,99.99108123779297,120.73970031738281,622.4200439453125,30
1787126190,809055465,,lidar,99.3551025390625,105.94222259521484,654.3006591796875,30
1787126190,809070204,,ui,0.0,0.0,0.0,0
1787126191,808757129,,esp32,99.98857879638672,120.73970031738281,622.4200439453125,30
1787126191,809060829,,lidar,99.32625579833984,105.94222259521484,654.3006591796875,30
1787126191,809074665,,ui,0.0,0.0,0.0,0
1787126192,808852864,,esp32,99.98857879638672,120.73970031738281,622.4200439453125,30
1787126192,809248832,,lidar,99.32625579833984,105.94222259521484,654.3006591796875,30
1787126192,809278404,,ui,0.0,0.0,0.0,0
1787126193,808766129,,esp32,99.98464965820312,120.73970031738281,622.4200439453125,30
1787126193,809228027,,lidar,99.32625579833984,105.94222259521484,654.3006591796875,30
1787126193,809260905,,ui,0.0,0.0,0.0,0
1787126194,808427087,,esp32,99.98655700683594,120.73970031738281,622.4200439453125,30
1787126194,808547575,,lidar,99.33829498291016,105.94222259521484,654.3006591796875,30
1787126194,808553790,,ui,0.0,0.0,0.0,0
1787126195,808716902,,esp32,99.98857879638672,120.51032257080078,622.4200439453125,30
1787126195,809140618,,lidar,99.34759521484375,106.35560607910156,654.3006591796875,30
1787126195,809173267,,ui,0.0,0.0,0.0,0
1787126196,808793195,,esp32,99.99037170410156,120.51032257080078,622.4200439453125,30
1787126196,809190955,,lidar,99.3185043334961,106.35560607910156,654.3006591796875,30
1787126196,809218359,,ui,0.0,0.0,0.0,0
1787126197,808727995,,esp32,99.99108123779297,120.5333023071289,622.4200439453125,30
1787126197,809208034,,lidar,99.31254577636719,107.59990692138672,654.3006591796875,30
1787126197,809247099,,ui,0.0,0.0,0.0,0
1787126198,808815376,,esp32,99.98857879638672,122.84307098388672,1123.189453125,30
1787126198,809239526,,lidar,99.30348205566406,107.59990692138672,654.3006591796875,30
1787126198,809269882,,ui,0.0,0.0,0.0,0
1787126199,808745586,,esp32,99.98857879638672,122.84307098388672,1123.189453125,30
1787126199,809034809,,lidar,99.30634307861328,107.59990692138672,654.3006591796875,30
1787126199,809048788,,ui,0.0,0.0,0.0,0
1787126200,808748704,,esp32,99.99215698242188,122.84307098388672,1123.189453125,30
1787126200,809205771,,lidar,99.31254577636719,107.59990692138672,654.3006591796875,30
1787126200,809239498,,ui,0.0,0.0,0.0,0
1787126201,808718317,,esp32,99.99203491210938,121.88406372070312,1123.189453125,30
1787126201,809015457,,lidar,99.31492614746094,107.47325897216797,654.3006591796875,30
1787126201,809029693,,ui,0.0,0.0,0.0,0
1787126202,808914417,,esp32,99.99215698242188,120.52410888671875,1123.189453125,30
1787126202,809511169,,lidar,99.31671905517578,106.34371185302734,581.1729736328125,30
1787126202,809555610,,ui,0.0,0.0,0.0,0
1787126203,808413959,,esp32,99.98905944824219,120.52410888671875,1123.189453125,30
1787126203,808582143,,lidar,99.32267761230469,106.34371185302734,581.1729736328125,30
1787126203,808592188,,ui,0.0,0.0,0.0,0
1787126204,808387032,,esp32,99.98905944824219,122.45946502685547,1123.189453125,30
1787126204,808573985,,lidar,99.31671905517578,106.34371185302734,581.1729736328125,30
1787126204,808581680,,ui,0.0,0.0,0.0,0
1787126205,808717776,,esp32,99.98715209960938,120.39385986328125,1123.189453125,30
1787126205,809033798,,lidar,99.319580078125,106.07572937011719,581.1729736328125,30
1787126205,809048094,,ui,0.0,0.0,0.0,0
1787126206,808338365,,esp32,99.98715209960938,120.39385986328125,1123.189453125,30
1787126206,808447529,,lidar,99.319580078125,106.07572937011719,581.1729736328125,30
1787126206,808452316,,ui,0.0,0.0,0.0,0
1787126207,808666935,,esp32,99.99239349365234,120.39385986328125,1123.189453125,30
1787126207,809014530,,lidar,99.319580078125,106.07572937011719,581.1729736328125,30
1787126207,809034181,,ui,0.0,0.0,0.0,0
1787126208,808720674,,esp32,99.99418640136719,120.39385986328125,1123.189453125,30
1787126208,809071109,,lidar,99.31671905517578,106.07572937011719,581.1729736328125,30
1787126208,809085519,,ui,0.0,0.0,0.0,0
1787126209,808857292,,esp32,99.99775695800781,120.39385986328125,1123.189453125,30
1787126209,809203523,,lidar,99.31671905517578,106.33964538574219,581.1729736328125,30
1787126209,809219088,,ui,0.0,0.0,0.0,0
1787126210,808784729,,esp32,99.99418640136719,120.39385986328125,1123.189453125,30
1787126210,809105991,,lidar,99.319580078125,107.1181411743164,581.1729736328125,30
1787126210,809131142,,ui,0.0,0.0,0.0,0
1787126211,808743067,,esp32,99.99239349365234,122.26829528808594,1123.189453125,30
1787126211,809056434,,lidar,99.31778717041016,107.1181411743164,581.1729736328125,30
1787126211,809070794,,ui,0.0,0.0,0.0,0
1787126212,808781961,,esp32,99.98941040039062,122.50391387939453,1123.189453125,30
1787126212,809098695,,lidar,99.31373596191406,107.1181411743164,581.1729736328125,30
1787126212,809113814,,ui,0.0,0.0,0.0,0
1787126213,808910743,,esp32,99.9919204711914,122.50391387939453,1123.189453125,30
1787126213,809455016,,lidar,99.3245849609375,107.1181411743164,581.1729736328125,30
1787126213,809497930,,ui,0.0,0.0,0.0,0
1787126214,808390948,,esp32,99.98715209960938,122.50391387939453,1123.189453125,30
1787126214,808578366,,lidar,99.3245849609375,106.33964538574219,581.1729736328125,30
1787126214,808584536,,ui,0.0,0.0,0.0,0
1787126215,808773866,,esp32,99.98941040039062,122.50391387939453,1123.189453125,30
1787126215,809239916,,lidar,99.32577514648438,106.33964538574219,581.1729736328125,30
1787126215,809270723,,ui,0.0,0.0,0.0,0
1787126216,808824567,,esp32,99.98941040039062,122.50391387939453,1123.189453125,30
1787126216,809352080,,lidar,99.32577514648438,106.33964538574219,581.1729736328125,30
1787126216,809392087,,ui,0.0,0.0,0.0,0
1787126217,808783678,,esp32,99.98941040039062,139.95712280273438,1123.189453125,30
1787126217,809246238,,lidar,99.32255554199219,106.33964538574219,581.1729736328125,30
1787126217,809282096,,ui,0.0,0.0,0.0,0
1787126218,808768403,,esp32,99.98941040039062,139.95712280273438,1123.189453125,30
1787126218,809272143,,lidar,99.32255554199219,106.33964538574219,581.1729736328125,30
1787126218,809310191,,ui,0.0,0.0,0.0,0
1787126219,808670954,,esp32,99.98941040039062,139.95712280273438,1123.189453125,30
1787126219,809175223,,lidar,99.32064819335938,108.66499328613281,581.1729736328125,30
1787126219,809212773,,ui,0.0,0.0,0.0,0
1787126220,808562039,,esp32,99.99370574951172,140.11744689941406,1123.189453125,30
1787126220,809028013,,lidar,99.32470703125,108.66499328613281,581.1729736328125,30
1787126220,809057629,,ui,0.0,0.0,0.0,0
1787126221,808760389,,esp32,99.99775695800781,140.11744689941406,1123.189453125,30
1787126221,809238025,,lidar,99.32685089111328,111.23680877685547,581.1729736328125,30
1787126221,809270403,,ui,0.0,0.0,0.0,0
1787126222,808726061,,esp32,99.995849609375,140.118896484375,1123.189453125,30
1787126222,809208442,,lidar,99.32470703125,111.24588775634766,581.1729736328125,30
1787126222,809240926,,ui,0.0,0.0,0.0,0
1787126223,808721992,,esp32,99.99775695800781,142.3821258544922,1123.189453125,30
1787126223,809081783,,lidar,99.32732391357422,111.50312042236328,621.0618286132812,30
1787126223,809096584,,ui,0.0,0.0,0.0,0
1787126224,808382402,,esp32,99.99370574951172,142.3821258544922,1123.189453125,30
1787126224,808540354,,lidar,99.32255554199219,111.50312042236328,621.0618286132812,30
1787126224,808549459,,ui,0.0,0.0,0.0,0
1787126225,808538842,,esp32,99.9897689819336,142.3821258544922,1123.189453125,30
1787126225,808860624,,lidar,99.31087493896484,111.50312042236328,621.0618286132812,30
1787126225,808875076,,ui,0.0,0.0,0.0,0
1787126226,808832324,,esp32,99.9897689819336,142.3821258544922,1123.189453125,30
1787126226,809399207,,lidar,99.31087493896484,111.50312042236328,621.0618286132812,30
1787126226,809441246,,ui,0.0,0.0,0.0,0
1787126227,808857418,,esp32,99.9917984008789,140.36317443847656,1123.189453125,30
1787126227,809421646,,lidar,99.32255554199219,111.50312042236328,621.0618286132812,30
1787126227,809464893,,ui,0.0,0.0,0.0,0
1787126228,808770948,,esp32,99.99775695800781,140.11456298828125,582.25634765625,30
1787126228,809131543,,lidar,99.32732391357422,111.50312042236328,621.0618286132812,30
1787126228,809153335,,ui,0.0,0.0,0.0,0
1787126229,808661990,,esp32,99.99668884277344,140.11456298828125,582.25634765625,30
1787126229,808993329,,lidar,99.32565307617188,111.50312042236328,621.0618286132812,30
1787126229,809007973,,ui,0.0,0.0,0.0,0
1787126230,808795689,,esp32,99.99561309814453,140.11456298828125,582.25634765625,30
1787126230,809115976,,lidar,99.32565307617188,111.50312042236328,621.0618286132812,30
1787126230,809129967,,ui,0.0,0.0,0.0,0
1787126231,808738651,,esp32,99.99561309814453,140.11456298828125,582.25634765625,30
1787126231,809107668,,lidar,99.32208251953125,111.50312042236328,621.0618286132812,30
1787126231,809122140,,ui,0.0,0.0,0.0,0
1787126232,808741361,,esp32,99.99561309814453,140.11456298828125,582.25634765625,30
1787126232,809058816,,lidar,99.32565307617188,115.43931579589844,621.0618286132812,30
1787126232,809073100,,ui,0.0,0.0,0.0,0
1787126233,808760760,,esp32,99.99668884277344,140.11456298828125,582.25634765625,30
1787126233,809080142,,lidar,99.32208251953125,115.43931579589844,621.0618286132812,30
1787126233,809093576,,ui,0.0,0.0,0.0,0
1787126234,808413968,,esp32,99.99561309814453,139.94683837890625,582.25634765625,30
1787126234,808529888,,lidar,99.32565307617188,115.43931579589844,621.0618286132812,30
1787126234,808534386,,ui,0.0,0.0,0.0,0
1787126235,808683650,,esp32,99.99561309814453,139.94683837890625,582.25634765625,30
1787126235,808999851,,lidar,99.31707763671875,115.43931579589844,621.0618286132812,30
1787126235,809013106,,ui,0.0,0.0,0.0,0
1787126236,808765488,,esp32,99.99561309814453,139.94683837890625,582.25634765625,30
1787126236,809106559,,lidar,99.32077026367188,115.43931579589844,621.0618286132812,30
1787126236,809121619,,ui,0.0,0.0,0.0,0
1787126237,808783380,,esp32,99.9917984008789,139.94683837890625,582.25634765625,30
1787126237,809106391,,lidar,99.32077026367188,115.43931579589844,621.0618286132812,30
1787126237,809120951,,ui,0.0,0.0,0.0,0
1787126238,808754295,,esp32,99.9897689819336,139.96397399902344,582.25634765625,30
1787126238,809135331,,lidar,99.31361389160156,119.81217956542969,621.0618286132812,30
1787126238,809154654,,ui,0.0,0.0,0.0,0
1787126239,808692319,,esp32,99.98798370361328,140.118896484375,1282.277099609375,30
1787126239,809010861,,lidar,99.3050308227539,119.81217956542969,621.0618286132812,30
1787126239,809026115,,ui,0.0,0.0,0.0,0
1787126240,808733163,,esp32,99.98655700683594,140.118896484375,1282.277099609375,30
1787126240,809073597,,lidar,99.31361389160156,119.81217956542969,621.0618286132812,30
1787126240,809090198,,ui,0.0,0.0,0.0,0
1787126241,808822799,,esp32,99.98798370361328,139.96804809570312,1282.277099609375,30
1787126241,809380548,,lidar,99.31707763671875,119.81217956542969,621.0618286132812,30
1787126241,809422383,,ui,0.0,0.0,0.0,0
1787126242,808703494,,esp32,99.98798370361328,139.96804809570312,1282.277099609375,30
1787126242,809178738,,lidar,99.31361389160156,119.81217956542969,621.0618286132812,30
1787126242,809204040,,ui,0.0,0.0,0.0,0
1787126243,808768696,,esp32,99.98798370361328,139.98561096191406,1282.277099609375,30
1787126243,809141747,,lidar,99.28536224365234,147.0360107421875,623.6937255859375,30
1787126243,809170955,,ui,0.0,0.0,0.0,0
1787126244,808387625,,esp32,99.9847640991211,224.15933227539062,1282.277099609375,30
1787126244,808514205,,lidar,99.283935546875,147.0360107421875,623.6937255859375,30
1787126244,808518494,,ui,0.0,0.0,0.0,0
1787126245,808716465,,esp32,99.98726654052734,224.15933227539062,1282.277099609375,30
1787126245,809064003,,lidar,99.283935546875,147.0360107421875,623.6937255859375,30
1787126245,809081487,,ui,0.0,0.0,0.0,0
1787126246,808690283,,esp32,99.9847640991211,224.15933227539062,1282.277099609375,30
1787126246,809133962,,lidar,99.28536224365234,147.0360107421875,623.6937255859375,30
1787126246,809165407,,ui,0.0,0.0,0.0,0
1787126247,808681432,,esp32,99.98798370361328,224.15933227539062,1282.277099609375,30
1787126247,809033634,,lidar,99.31278228759766,147.0360107421875,623.6937255859375,30
1787126247,809050135,,ui,0.0,0.0,0.0,0
1787126248,808723261,,esp32,99.98249816894531,552.6669921875,1282.277099609375,30
1787126248,809079058,,lidar,99.28309631347656,604.0186767578125,644.3536376953125,30
1787126248,809094220,,ui,0.0,0.0,0.0,0
1787126249,808714094,,esp32,99.98130798339844,552.6669921875,1282.277099609375,30
1787126249,809035769,,lidar,99.28536224365234,604.1943359375,644.3536376953125,30
1787126249,809050273,,ui,0.0,0.0,0.0,0
1787126250,808727836,,esp32,99.97821044921875,552.6669921875,1282.277099609375,30
1787126250,809049502,,lidar,99.28536224365234,604.1943359375,644.3536376953125,30
1787126250,809064574,,ui,0.0,0.0,0.0,0
1787126251,808676801,,esp32,99.9797592163086,552.6669921875,1282.277099609375,30
1787126251,808997535,,lidar,99.28226470947266,604.1943359375,644.3536376953125,30
1787126251,809011552,,ui,0.0,0.0,0.0,0
1787126252,808802765,,esp32,99.97892761230469,551.5433349609375,1282.277099609375,30
1787126252,809155664,,lidar,99.28226470947266,603.4915161132812,644.3536376953125,30
1787126252,809170603,,ui,0.0,0.0,0.0,0
1787126253,808730010,,esp32,99.98262023925781,201.3274688720703,1282.277099609375,30
1787126253,809074594,,lidar,99.28309631347656,151.69371032714844,644.3536376953125,30
1787126253,809091655,,ui,0.0,0.0,0.0,0
1787126254,808388526,,esp32,99.98047637939453,201.3274688720703,1282.277099609375,30
1787126254,808575412,,lidar,99.28309631347656,151.69371032714844,644.3536376953125,30
1787126254,808580845,,ui,0.0,0.0,0.0,0
1787126255,808662274,,esp32,99.9797592163086,201.3274688720703,1282.277099609375,30
1787126255,808987079,,lidar,99.27987670898438,151.69371032714844,644.3536376953125,30
1787126255,809000257,,ui,0.0,0.0,0.0,0
1787126256,808775287,,esp32,99.97808837890625,201.3274688720703,1282.277099609375,30
1787126256,809124151,,lidar,99.27987670898438,151.69371032714844,644.3536376953125,30
1787126256,809138696,,ui,0.0,0.0,0.0,0
1787126257,808699910,,esp32,99.97391510009766,201.3274688720703,1282.277099609375,30
1787126257,809019623,,lidar,99.27987670898438,134.1470947265625,644.3536376953125,30
1787126257,809035022,,ui,0.0,0.0,0.0,0
1787126258,808756438,,esp32,99.97403717041016,201.3274688720703,1282.277099609375,30
1787126258,809122273,,lidar,99.26473999023438,134.1470947265625,644.3536376953125,30
1787126258,809137707,,ui,0.0,0.0,0.0,0
1787126259,808658861,,esp32,99.97403717041016,201.3274688720703,1282.277099609375,30
1787126259,808961720,,lidar,99.27094268798828,134.1470947265625,644.3536376953125,30
1787126259,808975609,,ui,0.0,0.0,0.0,0
1787126260,808733620,,esp32,99.97380065917969,201.3274688720703,1282.277099609375,30
1787126260,809049153,,lidar,99.27094268798828,134.1470947265625,644.3536376953125,30
1787126260,809064679,,ui,0.0,0.0,0.0,0
1787126261,808697905,,esp32,99.97177124023438,201.42652893066406,1282.277099609375,30
1787126261,809026742,,lidar,99.27845001220703,134.1470947265625,644.3536376953125,30
1787126261,809041844,,ui,0.0,0.0,0.0,0
1787126262,808519723,,esp32,99.97403717041016,201.42652893066406,1282.277099609375,30
1787126262,808992537,,lidar,99.27845001220703,130.62838745117188,644.3536376953125,30
1787126262,809024917,,ui,0.0,0.0,0.0,0
1787126263,808832463,,esp32,99.97177124023438,218.38331604003906,1282.277099609375,30
1787126263,809405331,,lidar,99.27845001220703,150.12789916992188,644.3536376953125,30
1787126263,809446846,,ui,0.0,0.0,0.0,0
1787126264,808383098,,esp32,99.97391510009766,562.7733154296875,1282.277099609375,30
1787126264,808589241,,lidar,99.26724243164062,604.2996215820312,644.3536376953125,30
1787126264,808598593,,ui,0.0,0.0,0.0,0
1787126265,808710199,,esp32,99.97391510009766,561.9918823242188,1282.277099609375,30
1787126265,809192525,,lidar,99.31278228759766,604.2996215820312,644.3536376953125,30
1787126265,809229723,,ui,0.0,0.0,0.0,0
1787126266,808817577,,esp32,99.97415161132812,561.9918823242188,1282.277099609375,30
1787126266,809435918,,lidar,99.31278228759766,604.2996215820312,644.3536376953125,30
1787126266,809480944,,ui,0.0,0.0,0.0,0
1787126267,808743161,,esp32,99.97391510009766,561.9918823242188,1282.277099609375,30
1787126267,809305957,,lidar,99.28512573242188,604.2996215820312,644.3536376953125,30
1787126267,809346618,,ui,0.0,0.0,0.0,0
1787126268,808622421,,esp32,99.97391510009766,554.1781005859375,1282.277099609375,30
1787126268,808964405,,lidar,99.31326293945312,136.3113555908203,644.3536376953125,30
1787126268,808977894,,ui,0.0,0.0,0.0,0
1787126269,808542191,,esp32,99.97808837890625,296.0849609375,1064.776611328125,30
1787126269,809086095,,lidar,99.33686065673828,136.3113555908203,644.3536376953125,30
1787126269,809123712,,ui,0.0,0.0,0.0,0
1787126270,808689555,,esp32,99.98143005371094,296.0849609375,1064.776611328125,30
1787126270,809043318,,lidar,99.33686065673828,136.3113555908203,644.3536376953125,30
1787126270,809058323,,ui,0.0,0.0,0.0,0
1787126271,808785416,,esp32,99.98143005371094,296.0849609375,1064.776611328125,30
1787126271,809129628,,lidar,99.32994842529297,136.3113555908203,644.3536376953125,30
1787126271,809143856,,ui,0.0,0.0,0.0,0
1787126272,808655480,,esp32,99.98798370361328,296.0849609375,1064.776611328125,30
1787126272,808985231,,lidar,99.33686065673828,136.3113555908203,644.3536376953125,30
1787126272,808999312,,ui,0.0,0.0,0.0,0
1787126273,808634852,,esp32,99.98655700683594,276.07330322265625,1064.776611328125,30
1787126273,808957885,,lidar,99.3399658203125,110.01231384277344,644.3536376953125,30
1787126273,808972430,,ui,0.0,0.0,0.0,0
1787126274,808227265,,esp32,99.98941040039062,281.7909240722656,622.9398193359375,30
1787126274,808371942,,lidar,99.33817291259766,129.93423461914062,644.3536376953125,30
1787126274,808377194,,ui,0.0,0.0,0.0,0
1787126275,808621951,,esp32,99.98655700683594,281.7909240722656,622.9398193359375,30
1787126275,808945704,,lidar,99.3397216796875,129.93423461914062,644.3536376953125,30
1787126275,808959755,,ui,0.0,0.0,0.0,0
1787126276,808627711,,esp32,99.9805908203125,281.7909240722656,622.9398193359375,30
1787126276,808949840,,lidar,99.33817291259766,129.93423461914062,644.3536376953125,30
1787126276,808963148,,ui,0.0,0.0,0.0,0
1787126277,808787564,,esp32,99.9805908203125,281.7909240722656,622.9398193359375,30
1787126277,809350556,,lidar,99.31301879882812,129.93423461914062,644.3536376953125,30
1787126277,809392288,,ui,0.0,0.0,0.0,0
1787126278,808759549,,esp32,99.98226165771484,129.1641082763672,622.9398193359375,30
1787126278,809336830,,lidar,99.33948516845703,109.88748931884766,640.7304077148438,30
1787126278,809379356,,ui,0.0,0.0,0.0,0
1787126279,808518442,,esp32,99.99012756347656,129.1641082763672,622.9398193359375,30
1787126279,808850725,,lidar,99.3399658203125,109.88748931884766,640.7304077148438,30
1787126279,808863961,,ui,0.0,0.0,0.0,0
1787126280,808526272,,esp32,99.9908447265625,129.1641082763672,622.9398193359375,30
1787126280,808879318,,lidar,99.3399658203125,109.88748931884766,640.7304077148438,30
1787126280,808897955,,ui,0.0,0.0,0.0,0
1787126281,808761997,,esp32,99.99275207519531,129.1641082763672,622.9398193359375,30
1787126281,809172961,,lidar,99.35974884033203,109.88748931884766,640.7304077148438,30
1787126281,809194198,,ui,0.0,0.0,0.0,0
1787126282,808666717,,esp32,99.9917984008789,222.39341735839844,622.9398193359375,30
1787126282,809002893,,lidar,99.35021209716797,109.88748931884766,640.7304077148438,30
1787126282,809016661,,ui,0.0,0.0,0.0,0
1787126283,808682432,,esp32,99.9917984008789,222.39341735839844,622.9398193359375,30
1787126283,809006029,,lidar,99.35021209716797,109.88748931884766,640.7304077148438,30
1787126283,809021499,,ui,0.0,0.0,0.0,0
1787126284,808321388,,esp32,99.99633026123047,222.39341735839844,622.9398193359375,30
1787126284,808445705,,lidar,99.36904907226562,116.2638168334961,640.7304077148438,30
1787126284,808449722,,ui,0.0,0.0,0.0,0
1787126285,808633148,,esp32,99.9959716796875,222.39341735839844,622.9398193359375,30
1787126285,808969737,,lidar,99.36904907226562,116.2638168334961,640.7304077148438,30
1787126285,808984036,,ui,0.0,0.0,0.0,0
1787126286,808255654,,esp32,99.99716186523438,222.39341735839844,622.9398193359375,30
1787126286,808431815,,lidar,99.35974884033203,116.2638168334961,640.7304077148438,30
1787126286,808440888,,ui,0.0,0.0,0.0,0
1787126287,808589956,,esp32,99.99787902832031,222.39341735839844,622.9398193359375,30
1787126287,808890161,,lidar,99.36904907226562,116.2638168334961,640.7304077148438,30
1787126287,808903164,,ui,0.0,0.0,0.0,0
1787126288,808701396,,esp32,99.99847412109375,222.39341735839844,622.9398193359375,30
1787126288,809104173,,lidar,99.37142944335938,110.568359375,640.7304077148438,30
1787126288,809119346,,ui,0.0,0.0,0.0,0
1787126289,808678757,,esp32,99.99847412109375,222.39341735839844,622.9398193359375,30
1787126289,809011404,,lidar,99.36904907226562,110.568359375,640.7304077148438,30
1787126289,809027217,,ui,0.0,0.0,0.0,0
1787126290,808657437,,esp32,99.99966430664062,222.39341735839844,622.9398193359375,30
1787126290,808981460,,lidar,99.36642456054688,110.568359375,640.7304077148438,30
1787126290,808995679,,ui,0.0,0.0,0.0,0
1787126291,808673640,,esp32,100.0020523071289,222.39341735839844,622.9398193359375,30
1787126291,809034324,,lidar,99.35974884033203,110.568359375,640.7304077148438,30
1787126291,809050120,,ui,0.0,0.0,0.0,0
1787126292,808827799,,esp32,99.99847412109375,222.39341735839844,622.9398193359375,30
1787126292,809404867,,lidar,99.35974884033203,110.568359375,640.7304077148438,30
1787126292,809449475,,ui,0.0,0.0,0.0,0
1787126293,808495064,,esp32,99.99966430664062,220.82235717773438,622.9398193359375,30
1787126293,808784578,,lidar,99.35974884033203,110.16138458251953,640.7304077148438,30
1787126293,808798161,,ui,0.0,0.0,0.0,0
