1787119692,278597484,,esp32,100.04997253417969,132.18202209472656,140.5994873046875,30
1787119692,278667410,,lidar,99.28846740722656,130.65061950683594,217.8568878173828,30
1787119692,278678851,,ui,0.0,0.0,0.0,0
1787119693,278773315,,esp32,100.03376007080078,130.25653076171875,140.5994873046875,30
1787119693,278888239,,lidar,99.28846740722656,129.2725372314453,217.8568878173828,30
1787119693,278899311,,ui,0.0,0.0,0.0,0
1787119694,278638493,,esp32,100.04377746582031,128.3539276123047,140.5994873046875,30
1787119694,278744032,,lidar,99.28846740722656,127.89445495605469,217.8568878173828,30
1787119694,278751541,,ui,0.0,0.0,0.0,0
1787119695,278748267,,esp32,100.04377746582031,126.4322509765625,140.5994873046875,30
1787119695,278921031,,lidar,99.28846740722656,126.51636505126953,217.8568878173828,30
1787119695,278949284,,ui,0.0,0.0,0.0,0
1787119696,278688882,,esp32,100.04997253417969,124.51057434082031,140.5994873046875,30
1787119696,278838973,,lidar,99.2897720336914,125.1382827758789,217.8568878173828,30
1787119696,278859928,,ui,0.0,0.0,0.0,0
1787119697,278759433,,esp32,100.05235290527344,122.58889770507812,140.5994873046875,30
1787119697,278952422,,lidar,99.28846740722656,123.73120880126953,217.8568878173828,30
1787119697,278982861,,ui,0.0,0.0,0.0,0
1787119698,278681459,,esp32,100.05235290527344,120.66722106933594,140.5994873046875,30
1787119698,278795158,,lidar,99.2897720336914,122.3209228515625,217.8568878173828,30
1787119698,278803452,,ui,0.0,0.0,0.0,0
1787119699,278565177,,esp32,100.05235290527344,120.66340637207031,140.5994873046875,30
1787119699,278694817,,lidar,99.29156494140625,120.91062927246094,217.8568878173828,30
1787119699,278703694,,ui,0.0,0.0,0.0,0
1787119700,278653665,,esp32,100.04711151123047,120.65997314453125,140.5994873046875,30
1787119700,278809302,,lidar,99.28846740722656,119.78238677978516,217.8568878173828,30
1787119700,278827099,,ui,0.0,0.0,0.0,0
1787119701,278603251,,esp32,100.04306030273438,134.5032958984375,562.3252563476562,30
1787119701,278760417,,lidar,99.25222778320312,132.02870178222656,597.0521240234375,30
1787119701,278783136,,ui,0.0,0.0,0.0,0
1787119702,278633468,,esp32,100.04306030273438,132.5816192626953,562.3252563476562,30
1787119702,278809325,,lidar,99.26712799072266,130.65061950683594,597.0521240234375,30
1787119702,278829229,,ui,0.0,0.0,0.0,0
1787119703,278628850,,esp32,100.04306030273438,130.65994262695312,562.3252563476562,30
1787119703,278779371,,lidar,99.26712799072266,129.2725372314453,597.0521240234375,30
1787119703,278794009,,ui,0.0,0.0,0.0,0
1787119704,278377664,,esp32,100.04377746582031,128.73826599121094,562.3252563476562,30
1787119704,278520048,,lidar,99.2897720336914,127.89445495605469,597.0521240234375,30
1787119704,278537454,,ui,0.0,0.0,0.0,0
1787119705,278383048,,esp32,100.03924560546875,126.81658935546875,562.3252563476562,30
1787119705,278544117,,lidar,99.29156494140625,126.51636505126953,597.0521240234375,30
1787119705,278561347,,ui,0.0,0.0,0.0,0
1787119706,278263273,,esp32,100.04306030273438,124.89491271972656,562.3252563476562,30
1787119706,278380108,,lidar,99.29752349853516,125.1382827758789,597.0521240234375,30
1787119706,278385211,,ui,0.0,0.0,0.0,0
1787119707,278270541,,esp32,100.03924560546875,122.97323608398438,562.3252563476562,30
1787119707,278387754,,lidar,99.29585266113281,115.09085083007812,597.0521240234375,30
1787119707,278395947,,ui,0.0,0.0,0.0,0
1787119708,278410365,,esp32,100.04115295410156,121.45856475830078,562.3252563476562,30
1787119708,278584733,,lidar,99.2991943359375,115.09085083007812,597.0521240234375,30
1787119708,278601871,,ui,0.0,0.0,0.0,0
1787119709,278444125,,esp32,100.04115295410156,121.45856475830078,562.3252563476562,30
1787119709,278614423,,lidar,99.30038452148438,115.09085083007812,597.0521240234375,30
1787119709,278630730,,ui,0.0,0.0,0.0,0
1787119710,278322025,,esp32,100.04341888427734,121.45856475830078,562.3252563476562,30
1787119710,278516396,,lidar,99.30038452148438,115.09085083007812,597.0521240234375,30
1787119710,278534047,,ui,0.0,0.0,0.0,0
1787119711,278451968,,esp32,100.04341888427734,121.45856475830078,562.3252563476562,30
1787119711,278694329,,lidar,99.30038452148438,115.09085083007812,597.0521240234375,30
1787119711,278722850,,ui,0.0,0.0,0.0,0
1787119712,278234883,,esp32,100.04115295410156,139.43695068359375,562.3252563476562,30
1787119712,278402130,,lidar,99.31206512451172,115.09085083007812,597.0521240234375,30
1787119712,278417285,,ui,0.0,0.0,0.0,0
1787119713,278428015,,esp32,100.03077697753906,139.90545654296875,562.3252563476562,30
1787119713,278591021,,lidar,99.31206512451172,124.85218048095703,597.0521240234375,30
1787119713,278600970,,ui,0.0,0.0,0.0,0
1787119714,278199590,,esp32,100.03077697753906,141.1864776611328,562.3252563476562,30
1787119714,278413612,,lidar,99.31254577636719,124.85218048095703,597.0521240234375,30
1787119714,278435183,,ui,0.0,0.0,0.0,0
1787119715,278162279,,esp32,100.0202865600586,159.91485595703125,562.3252563476562,30
1787119715,278389709,,lidar,99.31468963623047,124.85218048095703,597.0521240234375,30
1787119715,278407636,,ui,0.0,0.0,0.0,0
1787119716,278171473,,esp32,100.01420593261719,161.35467529296875,562.3252563476562,30
1787119716,278444384,,lidar,99.3397216796875,124.85218048095703,597.0521240234375,30
1787119716,278473592,,ui,0.0,0.0,0.0,0
1787119717,278200365,,esp32,100.0202865600586,161.35467529296875,562.3252563476562,30
1787119717,278445558,,lidar,99.3642807006836,124.99147033691406,597.0521240234375,30
1787119717,278468613,,ui,0.0,0.0,0.0,0
1787119718,278313269,,esp32,100.01420593261719,161.35467529296875,562.3252563476562,30
1787119718,278473848,,lidar,99.3286361694336,124.99147033691406,597.0521240234375,30
1787119718,278488872,,ui,0.0,0.0,0.0,0
1787119719,278209473,,esp32,100.01420593261719,161.35467529296875,562.3252563476562,30
1787119719,278462369,,lidar,99.3152847290039,124.99147033691406,597.0521240234375,30
1787119719,278490930,,ui,0.0,0.0,0.0,0
1787119720,278070779,,esp32,100.0111083984375,162.93984985351562,562.3252563476562,30
1787119720,278262563,,lidar,99.32732391357422,125.40934753417969,597.0521240234375,30
1787119720,278285321,,ui,0.0,0.0,0.0,0
1787119721,278277447,,esp32,100.01039123535156,166.90280151367188,562.3252563476562,30
1787119721,278534756,,lidar,99.3152847290039,232.36961364746094,597.0521240234375,30
1787119721,278564232,,ui,0.0,0.0,0.0,0
1787119722,278010483,,esp32,100.00443267822266,199.8203125,1463.126708984375,30
1787119722,278181600,,lidar,99.3152847290039,144.01515197753906,597.0521240234375,30
1787119722,278198524,,ui,0.0,0.0,0.0,0
1787119723,277998251,,esp32,100.0101547241211,199.8203125,1463.126708984375,30
1787119723,278218272,,lidar,99.31075286865234,144.01515197753906,597.0521240234375,30
1787119723,278271076,,ui,0.0,0.0,0.0,0
1787119724,278027481,,esp32,100.00586700439453,199.8203125,1463.126708984375,30
1787119724,278223620,,lidar,99.31075286865234,144.01515197753906,597.0521240234375,30
1787119724,278244127,,ui,0.0,0.0,0.0,0
1787119725,277916572,,esp32,100.00372314453125,199.8203125,1463.126708984375,30
1787119725,278056813,,lidar,99.31647491455078,144.01515197753906,597.0521240234375,30
1787119725,278070161,,ui,0.0,0.0,0.0,0
1787119726,277927409,,esp32,100.00324249267578,199.8203125,1463.126708984375,30
1787119726,278087835,,lidar,99.3152847290039,144.01515197753906,597.0521240234375,30
1787119726,278102583,,ui,0.0,0.0,0.0,0
1787119727,277956751,,esp32,100.0008544921875,199.8203125,1463.126708984375,30
1787119727,278128644,,lidar,99.31647491455078,144.01515197753906,597.0521240234375,30
1787119727,278145436,,ui,0.0,0.0,0.0,0
1787119728,277905241,,esp32,99.99275207519531,199.8203125,1463.126708984375,30
1787119728,278079408,,lidar,99.31075286865234,144.01515197753906,597.0521240234375,30
1787119728,278094162,,ui,0.0,0.0,0.0,0
1787119729,277878472,,esp32,100.0008544921875,199.8203125,1463.126708984375,30
1787119729,278065238,,lidar,99.3152847290039,144.01515197753906,597.0521240234375,30
1787119729,278083296,,ui,0.0,0.0,0.0,0
1787119730,277934827,,esp32,100.00228881835938,199.8185272216797,1463.126708984375,30
1787119730,278204764,,lidar,99.31647491455078,136.34996032714844,597.0521240234375,30
1787119730,278235059,,ui,0.0,0.0,0.0,0
1787119731,277823821,,esp32,100.00395965576172,164.92132568359375,1463.126708984375,30
1787119731,278040452,,lidar,99.32899475097656,115.57891082763672,582.6184692382812,30
1787119731,278064729,,ui,0.0,0.0,0.0,0
1787119732,277786935,,esp32,100.00372314453125,164.92132568359375,1463.126708984375,30
1787119732,278000415,,lidar,99.324462890625,115.57891082763672,582.6184692382812,30
1787119732,278026841,,ui,0.0,0.0,0.0,0
1787119733,277768273,,esp32,100.00395965576172,164.92132568359375,1463.126708984375,30
1787119733,277970408,,lidar,99.32899475097656,115.57891082763672,582.6184692382812,30
1787119733,277992871,,ui,0.0,0.0,0.0,0
1787119734,277768492,,esp32,100.0008544921875,164.92132568359375,1463.126708984375,30
1787119734,277951615,,lidar,99.3193359375,115.57891082763672,582.6184692382812,30
1787119734,277969547,,ui,0.0,0.0,0.0,0
1787119735,277743362,,esp32,100.00300598144531,164.92132568359375,1463.126708984375,30
1787119735,277909436,,lidar,99.31063842773438,115.57891082763672,582.6184692382812,30
1787119735,277924298,,ui,0.0,0.0,0.0,0
1787119736,277705120,,esp32,100.0008544921875,164.92132568359375,1463.126708984375,30
1787119736,277860523,,lidar,99.31063842773438,115.57891082763672,582.6184692382812,30
1787119736,277869599,,ui,0.0,0.0,0.0,0
1787119737,277750060,,esp32,100.00300598144531,164.92132568359375,1463.126708984375,30
1787119737,277966436,,lidar,99.3193359375,113.64485168457031,582.6184692382812,30
1787119737,277993170,,ui,0.0,0.0,0.0,0
1787119738,277687575,,esp32,100.00300598144531,164.92132568359375,1463.126708984375,30
1787119738,277830384,,lidar,99.31647491455078,113.64485168457031,582.6184692382812,30
1787119738,277843904,,ui,0.0,0.0,0.0,0
1787119739,277628465,,esp32,100.00538635253906,164.92132568359375,1463.126708984375,30
1787119739,277819960,,lidar,99.3193359375,113.64485168457031,582.6184692382812,30
1787119739,277837304,,ui,0.0,0.0,0.0,0
1787119740,277601715,,esp32,100.00538635253906,164.92132568359375,1463.126708984375,30
1787119740,277787933,,lidar,99.31647491455078,113.64485168457031,582.6184692382812,30
1787119740,277805547,,ui,0.0,0.0,0.0,0
1787119741,277666466,,esp32,100.00538635253906,164.92132568359375,1463.126708984375,30
1787119741,277909429,,lidar,99.32160186767578,113.5268783569336,582.6184692382812,30
1787119741,277934957,,ui,0.0,0.0,0.0,0
1787119742,277586110,,esp32,100.00443267822266,164.92132568359375,1463.126708984375,30
1787119742,277771570,,lidar,99.31707763671875,113.5268783569336,582.6184692382812,30
1787119742,277789293,,ui,0.0,0.0,0.0,0
1787119743,277546732,,esp32,100.00538635253906,159.93814086914062,1463.126708984375,30
1787119743,277745844,,lidar,99.31707763671875,111.41585540771484,582.6184692382812,30
1787119743,277765164,,ui,0.0,0.0,0.0,0
1787119744,277499499,,esp32,99.99037170410156,142.94137573242188,1463.126708984375,30
1787119744,277683463,,lidar,99.32160186767578,111.41585540771484,582.6184692382812,30
1787119744,277703839,,ui,0.0,0.0,0.0,0
1787119745,277620870,,esp32,99.99418640136719,140.36895751953125,1463.126708984375,30
1787119745,277886352,,lidar,99.31587982177734,107.52921295166016,582.6184692382812,30
1787119745,277914204,,ui,0.0,0.0,0.0,0
1787119746,277495665,,esp32,100.00538635253906,122.76061248779297,1463.126708984375,30
1787119746,277651993,,lidar,99.31587982177734,106.98306274414062,582.6184692382812,30
1787119746,277665937,,ui,0.0,0.0,0.0,0
1787119747,277460849,,esp32,100.00300598144531,122.76061248779297,1463.126708984375,30
1787119747,277620445,,lidar,99.31587982177734,106.98306274414062,582.6184692382812,30
1787119747,277635538,,ui,0.0,0.0,0.0,0
1787119748,277513768,,esp32,100.00395965576172,122.76061248779297,1463.126708984375,30
1787119748,277691201,,lidar,99.314453125,106.98306274414062,582.6184692382812,30
1787119748,277707850,,ui,0.0,0.0,0.0,0
1787119749,277449360,,esp32,100.00395965576172,122.76061248779297,1463.126708984375,30
1787119749,277610737,,lidar,99.31468963623047,106.98306274414062,582.6184692382812,30
1787119749,277624545,,ui,0.0,0.0,0.0,0
1787119750,277408279,,esp32,100.00538635253906,121.72906494140625,1463.126708984375,30
1787119750,277567849,,lidar,99.30610656738281,105.04070281982422,582.6184692382812,30
1787119750,277583239,,ui,0.0,0.0,0.0,0
1787119751,277474316,,esp32,100.00801086425781,120.11368560791016,1463.126708984375,30
1787119751,277725701,,lidar,99.31456756591797,104.95736694335938,107.36918640136719,30
1787119751,277750078,,ui,0.0,0.0,0.0,0
1787119752,277472225,,esp32,100.01074981689453,140.27952575683594,622.86474609375,30
1787119752,277754849,,lidar,99.30443572998047,104.9836654663086,631.509765625,30
1787119752,277778672,,ui,0.0,0.0,0.0,0
1787119753,277408225,,esp32,100.01063537597656,140.27952575683594,622.86474609375,30
1787119753,277706716,,lidar,99.31636047363281,104.9836654663086,631.509765625,30
1787119753,277738599,,ui,0.0,0.0,0.0,0
1787119754,277542488,,esp32,100.00788879394531,140.27952575683594,622.86474609375,30
1787119754,277800280,,lidar,99.31636047363281,104.9836654663086,631.509765625,30
1787119754,277828050,,ui,0.0,0.0,0.0,0
1787119755,277409679,,esp32,100.01051330566406,140.27952575683594,622.86474609375,30
1787119755,277683332,,lidar,99.32244110107422,104.9836654663086,631.509765625,30
1787119755,277715026,,ui,0.0,0.0,0.0,0
1787119756,277454079,,esp32,100.00466918945312,140.27952575683594,622.86474609375,30
1787119756,277721264,,lidar,99.32089233398438,104.9836654663086,631.509765625,30
1787119756,277748331,,ui,0.0,0.0,0.0,0
1787119757,277374282,,esp32,100.00383758544922,140.27952575683594,622.86474609375,30
1787119757,277667119,,lidar,99.32089233398438,105.03598022460938,631.509765625,30
1787119757,277699295,,ui,0.0,0.0,0.0,0
1787119758,277235450,,esp32,100.00157165527344,140.27952575683594,622.86474609375,30
1787119758,277402363,,lidar,99.32577514648438,105.03598022460938,631.509765625,30
1787119758,277415622,,ui,0.0,0.0,0.0,0
1787119759,277266795,,esp32,100.0000228881836,140.27952575683594,622.86474609375,30
1787119759,277537919,,lidar,99.32172393798828,105.03598022460938,631.509765625,30
1787119759,277562225,,ui,0.0,0.0,0.0,0
1787119760,277391059,,esp32,99.99894714355469,140.27952575683594,622.86474609375,30
1787119760,277670486,,lidar,99.32577514648438,105.03598022460938,631.509765625,30
1787119760,277698043,,ui,0.0,0.0,0.0,0
1787119761,277427303,,esp32,99.99644470214844,121.71564483642578,622.86474609375,30
1787119761,277702273,,lidar,99.33233642578125,105.0024642944336,631.509765625,30
1787119761,277736742,,ui,0.0,0.0,0.0,0
1787119762,277252425,,esp32,99.99894714355469,121.71564483642578,622.86474609375,30
1787119762,277551417,,lidar,99.32577514648438,105.0024642944336,631.509765625,30
1787119762,277576244,,ui,0.0,0.0,0.0,0
1787119763,277378341,,esp32,99.99453735351562,121.71564483642578,622.86474609375,30
1787119763,277569211,,lidar,99.3235092163086,105.0024642944336,631.509765625,30
1787119763,277588872,,ui,0.0,0.0,0.0,0
1787119764,277255598,,esp32,99.99644470214844,121.71564483642578,622.86474609375,30
1787119764,277537504,,lidar,99.3235092163086,105.0024642944336,631.509765625,30
1787119764,277563226,,ui,0.0,0.0,0.0,0
1787119765,277148303,,esp32,99.99453735351562,121.71564483642578,622.86474609375,30
1787119765,277415528,,lidar,99.32577514648438,106.90160369873047,631.509765625,30
1787119765,277442161,,ui,0.0,0.0,0.0,0
1787119766,277261103,,esp32,99.99418640136719,121.71564483642578,622.86474609375,30
1787119766,277564591,,lidar,99.31909942626953,106.90160369873047,631.509765625,30
1787119766,277593247,,ui,0.0,0.0,0.0,0
1787119767,277041338,,esp32,99.99453735351562,121.71564483642578,622.86474609375,30
1787119767,277209890,,lidar,99.31636047363281,106.90160369873047,631.509765625,30
1787119767,277224624,,ui,0.0,0.0,0.0,0
1787119768,276969867,,esp32,99.99644470214844,121.71564483642578,622.86474609375,30
1787119768,277156416,,lidar,99.32172393798828,106.90160369873047,631.509765625,30
1787119768,277172475,,ui,0.0,0.0,0.0,0
1787119769,277087328,,esp32,99.99644470214844,121.71564483642578,622.86474609375,30
1787119769,277369552,,lidar,99.32172393798828,106.90160369873047,631.509765625,30
1787119769,277395065,,ui,0.0,0.0,0.0,0
1787119770,277035379,,esp32,99.99418640136719,121.71564483642578,622.86474609375,30
1787119770,277317472,,lidar,99.31909942626953,106.47767639160156,631.509765625,30
1787119770,277347247,,ui,0.0,0.0,0.0,0
1787119771,277131744,,esp32,99.99418640136719,121.71564483642578,622.86474609375,30
1787119771,277439392,,lidar,99.3143310546875,106.47767639160156,631.509765625,30
1787119771,277472843,,ui,0.0,0.0,0.0,0
1787119772,276982429,,esp32,99.99800109863281,121.91101837158203,622.86474609375,30
1787119772,277154647,,lidar,99.3082504272461,106.4819107055664,631.509765625,30
1787119772,277169250,,ui,0.0,0.0,0.0,0
1787119773,277070116,,esp32,99.99644470214844,120.40398406982422,622.86474609375,30
1787119773,277349535,,lidar,99.30133819580078,106.4819107055664,631.509765625,30
1787119773,277375979,,ui,0.0,0.0,0.0,0
1787119774,276961044,,esp32,100.0010986328125,120.40398406982422,622.86474609375,30
1787119774,277247171,,lidar,99.29442596435547,106.4819107055664,631.509765625,30
1787119774,277279124,,ui,0.0,0.0,0.0,0
1787119775,276733444,,esp32,99.99800109863281,120.74851989746094,622.86474609375,30
1787119775,276789284,,lidar,99.29871368408203,106.4819107055664,631.509765625,30
1787119775,276792906,,ui,0.0,0.0,0.0,0
1787119776,276931037,,esp32,99.99644470214844,120.75096130371094,622.86474609375,30
1787119776,277112216,,lidar,99.29442596435547,106.4819107055664,631.509765625,30
1787119776,277128787,,ui,0.0,0.0,0.0,0
1787119777,276853505,,esp32,100.0010986328125,120.75096130371094,622.86474609375,30
1787119777,277023653,,lidar,99.29656982421875,106.4819107055664,631.509765625,30
1787119777,277038158,,ui,0.0,0.0,0.0,0
1787119778,277022119,,esp32,100.0000228881836,120.75096130371094,622.86474609375,30
1787119778,277235336,,lidar,99.29442596435547,106.4819107055664,631.509765625,30
1787119778,277258643,,ui,0.0,0.0,0.0,0
1787119779,276771484,,esp32,100.0010986328125,120.75096130371094,622.86474609375,30
1787119779,276932162,,lidar,99.29442596435547,106.4819107055664,631.509765625,30
1787119779,276945363,,ui,0.0,0.0,0.0,0
1787119780,276929308,,esp32,99.99990844726562,120.78253936767578,622.86474609375,30
1787119780,277109060,,lidar,99.29871368408203,106.4819107055664,631.509765625,30
1787119780,277125025,,ui,0.0,0.0,0.0,0
1787119781,276910474,,esp32,99.99703979492188,120.78041076660156,622.86474609375,30
1787119781,277101651,,lidar,99.29764556884766,106.47767639160156,631.509765625,30
1787119781,277115726,,ui,0.0,0.0,0.0,0
1787119782,276717572,,esp32,99.99418640136719,120.7387466430664,139.60003662109375,30
1787119782,276882924,,lidar,99.30682373046875,106.47767639160156,113.17253112792969,30
1787119782,276896357,,ui,0.0,0.0,0.0,0
1787119783,276860866,,esp32,99.99418640136719,120.73936462402344,139.60003662109375,30
1787119783,277036698,,lidar,99.29883575439453,106.47767639160156,113.17253112792969,30
1787119783,277051186,,ui,0.0,0.0,0.0,0
1787119784,276787770,,esp32,100.00157165527344,120.73936462402344,139.60003662109375,30
1787119784,277036677,,lidar,99.30491638183594,106.47767639160156,113.17253112792969,30
1787119784,277070231,,ui,0.0,0.0,0.0,0
1787119785,276690722,,esp32,100.00216674804688,120.73905181884766,139.60003662109375,30
1787119785,276859766,,lidar,99.30169677734375,106.47767639160156,113.17253112792969,30
1787119785,276872544,,ui,0.0,0.0,0.0,0
1787119786,276795711,,esp32,100.00216674804688,120.73905181884766,139.60003662109375,30
1787119786,276972451,,lidar,99.30169677734375,106.47767639160156,113.17253112792969,30
1787119786,276987620,,ui,0.0,0.0,0.0,0
1787119787,276803636,,esp32,100.00252532958984,120.73905181884766,139.60003662109375,30
1787119787,276968705,,lidar,99.29788208007812,106.44842529296875,113.17253112792969,30
1787119787,276982453,,ui,0.0,0.0,0.0,0
1787119788,276772842,,esp32,100.00276184082031,120.73936462402344,139.60003662109375,30
1787119788,276978872,,lidar,99.29788208007812,106.44842529296875,113.17253112792969,30
1787119788,276996615,,ui,0.0,0.0,0.0,0
1787119789,276736513,,esp32,100.00252532958984,120.73905181884766,139.60003662109375,30
1787119789,276942464,,lidar,99.29883575439453,106.44842529296875,113.17253112792969,30
1787119789,276961183,,ui,0.0,0.0,0.0,0
1787119790,276711655,,esp32,100.00634002685547,120.52627563476562,139.60003662109375,30
1787119790,276913871,,lidar,99.29883575439453,106.44842529296875,113.17253112792969,30
1787119790,276932144,,ui,0.0,0.0,0.0,0
1787119791,276758568,,esp32,100.00777435302734,120.52627563476562,139.60003662109375,30
1787119791,276939198,,lidar,99.29680633544922,106.44842529296875,113.17253112792969,30
1787119791,276953653,,ui,0.0,0.0,0.0,0
1787119792,276815513,,esp32,100.0070571899414,120.52378845214844,139.60003662109375,30
1787119792,277007847,,lidar,99.29704284667969,106.44867706298828,113.17253112792969,30
1787119792,277022049,,ui,0.0,0.0,0.0,0
1787119793,276784786,,esp32,100.00932312011719,121.91397094726562,582.4906616210938,30
1787119793,276969639,,lidar,99.29633331298828,106.51908111572266,639.5297241210938,30
1787119793,276983099,,ui,0.0,0.0,0.0,0
1787119794,276655655,,esp32,100.01146697998047,121.91397094726562,582.4906616210938,30
1787119794,276836607,,lidar,99.29180145263672,106.51908111572266,639.5297241210938,30
1787119794,276851613,,ui,0.0,0.0,0.0,0
1787119795,276793314,,esp32,100.01039123535156,121.72779846191406,582.4906616210938,30
1787119795,276970915,,lidar,99.29156494140625,106.44867706298828,639.5297241210938,30
1787119795,276980207,,ui,0.0,0.0,0.0,0
1787119796,276727660,,esp32,100.00932312011719,121.91397094726562,582.4906616210938,30
1787119796,276961532,,lidar,99.29180145263672,106.28836059570312,639.5297241210938,30
1787119796,276986624,,ui,0.0,0.0,0.0,0
1787119797,276632967,,esp32,100.00824737548828,121.72779846191406,582.4906616210938,30
1787119797,276870846,,lidar,99.29180145263672,106.28836059570312,639.5297241210938,30
1787119797,276895276,,ui,0.0,0.0,0.0,0
1787119798,276697401,,esp32,100.00824737548828,121.72779846191406,582.4906616210938,30
1787119798,276982349,,lidar,99.29180145263672,106.28836059570312,639.5297241210938,30
1787119798,277008648,,ui,0.0,0.0,0.0,0
1787119799,276458190,,esp32,100.0071792602539,121.91397094726562,582.4906616210938,30
1787119799,276591538,,lidar,99.29633331298828,106.28836059570312,639.5297241210938,30
1787119799,276602799,,ui,0.0,0.0,0.0,0
1787119800,276527146,,esp32,100.00813293457031,121.91397094726562,582.4906616210938,30
1787119800,276716580,,lidar,99.29633331298828,106.28836059570312,639.5297241210938,30
1787119800,276733018,,ui,0.0,0.0,0.0,0
1787119801,276576635,,esp32,100.00538635253906,121.91397094726562,582.4906616210938,30
1787119801,276783637,,lidar,99.29180145263672,106.28836059570312,639.5297241210938,30
1787119801,276802281,,ui,0.0,0.0,0.0,0
1787119802,276603397,,esp32,100.0020523071289,121.72779846191406,582.4906616210938,30
1787119802,276785638,,lidar,99.29656982421875,106.28836059570312,639.5297241210938,30
1787119802,276800690,,ui,0.0,0.0,0.0,0
1787119803,276477979,,esp32,100.01063537597656,121.91397094726562,582.4906616210938,30
1787119803,276713152,,lidar,99.29704284667969,106.28836059570312,639.5297241210938,30
1787119803,276741422,,ui,0.0,0.0,0.0,0
1787119804,276514381,,esp32,100.01313781738281,121.91397094726562,582.4906616210938,30
1787119804,276701017,,lidar,99.29704284667969,106.28836059570312,639.5297241210938,30
1787119804,276714867,,ui,0.0,0.0,0.0,0
1787119805,276591276,,esp32,100.01361083984375,121.71125793457031,582.4906616210938,30
1787119805,276850976,,lidar,99.29704284667969,106.28836059570312,639.5297241210938,30
1787119805,276870929,,ui,0.0,0.0,0.0,0
1787119806,276425259,,esp32,100.01516723632812,121.52294921875,582.4906616210938,30
1787119806,276641227,,lidar,99.29656982421875,106.28672790527344,639.5297241210938,30
1787119806,276671014,,ui,0.0,0.0,0.0,0
1787119807,276506912,,esp32,100.0152816772461,121.71125793457031,582.4906616210938,30
1787119807,276682752,,lidar,99.29644775390625,106.28672790527344,639.5297241210938,30
1787119807,276698449,,ui,0.0,0.0,0.0,0
1787119808,276449328,,esp32,100.0152816772461,141.18228149414062,602.4801635742188,30
1787119808,276695949,,lidar,99.29644775390625,106.35919189453125,639.5297241210938,30
1787119808,276716305,,ui,0.0,0.0,0.0,0
1787119809,276111538,,esp32,100.0154037475586,156.70523071289062,602.4801635742188,30
1787119809,276190154,,lidar,99.29656982421875,106.3344955444336,639.5297241210938,30
1787119809,276196424,,ui,0.0,0.0,0.0,0
1787119810,276261617,,esp32,100.01969146728516,156.70523071289062,602.4801635742188,30
1787119810,276454140,,lidar,99.29656982421875,106.3344955444336,639.5297241210938,30
1787119810,276470737,,ui,0.0,0.0,0.0,0
1787119811,276292224,,esp32,100.02279663085938,156.70523071289062,602.4801635742188,30
1787119811,276493631,,lidar,99.29656982421875,106.3344955444336,639.5297241210938,30
1787119811,276509035,,ui,0.0,0.0,0.0,0
1787119812,276357681,,esp32,100.02279663085938,156.70523071289062,602.4801635742188,30
1787119812,276536843,,lidar,99.29156494140625,105.816162109375,639.5297241210938,30
1787119812,276552296,,ui,0.0,0.0,0.0,0
1787119813,276316756,,esp32,100.02279663085938,156.70523071289062,602.4801635742188,30
1787119813,276494959,,lidar,99.29633331298828,105.816162109375,639.5297241210938,30
1787119813,276507600,,ui,0.0,0.0,0.0,0
1787119814,276386281,,esp32,100.01992797851562,156.70523071289062,602.4801635742188,30
1787119814,276571549,,lidar,99.28870391845703,104.44229888916016,639.5297241210938,30
1787119814,276586766,,ui,0.0,0.0,0.0,0
1787119815,276308396,,esp32,100.01969146728516,156.70523071289062,602.4801635742188,30
1787119815,276493962,,lidar,99.28846740722656,104.44229888916016,639.5297241210938,30
1787119815,276508415,,ui,0.0,0.0,0.0,0
1787119816,276286318,,esp32,100.01396942138672,156.71038818359375,602.4801635742188,30
1787119816,276467908,,lidar,99.28846740722656,104.44229888916016,639.5297241210938,30
1787119816,276483005,,ui,0.0,0.0,0.0,0
1787119817,276280611,,esp32,100.01516723632812,156.70523071289062,602.4801635742188,30
1787119817,276461773,,lidar,99.28846740722656,104.44229888916016,639.5297241210938,30
1787119817,276477093,,ui,0.0,0.0,0.0,0
1787119818,276364811,,esp32,100.01969146728516,156.70523071289062,602.4801635742188,30
1787119818,276695503,,lidar,99.28679656982422,104.44229888916016,639.5297241210938,30
1787119818,276729679,,ui,0.0,0.0,0.0,0
1787119819,276269580,,esp32,100.01611328125,156.70523071289062,602.4801635742188,30
1787119819,276450685,,lidar,99.28679656982422,104.44229888916016,639.5297241210938,30
1787119819,276464247,,ui,0.0,0.0,0.0,0
1787119820,276161799,,esp32,100.01063537597656,156.70523071289062,602.4801635742188,30
1787119820,276348316,,lidar,99.28846740722656,104.18692779541016,639.5297241210938,30
1787119820,276372764,,ui,0.0,0.0,0.0,0
1787119821,276212173,,esp32,100.00896453857422,156.70523071289062,602.4801635742188,30
1787119821,276404643,,lidar,99.29656982421875,104.18692779541016,639.5297241210938,30
1787119821,276416487,,ui,0.0,0.0,0.0,0
1787119822,276190544,,esp32,100.01277923583984,156.70523071289062,602.4801635742188,30
1787119822,276388431,,lidar,99.29692840576172,104.18470764160156,639.5297241210938,30
1787119822,276403031,,ui,0.0,0.0,0.0,0
1787119823,276093608,,esp32,100.00848388671875,120.47212982177734,602.4801635742188,30
1787119823,276289076,,lidar,99.29978942871094,104.16572570800781,632.6315307617188,30
1787119823,276305908,,ui,0.0,0.0,0.0,0
1787119824,276068168,,esp32,100.00896453857422,120.47212982177734,602.4801635742188,30
1787119824,276225984,,lidar,99.29978942871094,104.16572570800781,632.6315307617188,30
1787119824,276234269,,ui,0.0,0.0,0.0,0
1787119825,276071100,,esp32,100.00848388671875,120.47212982177734,602.4801635742188,30
1787119825,276247949,,lidar,99.30300903320312,104.16572570800781,632.6315307617188,30
1787119825,276264742,,ui,0.0,0.0,0.0,0
1787119826,276134760,,esp32,100.00979614257812,120.47212982177734,602.4801635742188,30
1787119826,276343277,,lidar,99.30300903320312,104.16572570800781,632.6315307617188,30
1787119826,276366698,,ui,0.0,0.0,0.0,0
1787119827,276126726,,esp32,100.00896453857422,120.47212982177734,602.4801635742188,30
1787119827,276344442,,lidar,99.30670166015625,104.16572570800781,632.6315307617188,30
1787119827,276363890,,ui,0.0,0.0,0.0,0
1787119828,276022500,,esp32,100.00788879394531,120.47420501708984,602.4801635742188,30
1787119828,276209765,,lidar,99.30205535888672,104.16622924804688,632.6315307617188,30
1787119828,276232901,,ui,0.0,0.0,0.0,0
1787119829,275992472,,esp32,100.00896453857422,137.99871826171875,663.0458984375,30
1787119829,276162328,,lidar,99.28870391845703,104.18692779541016,673.8929443359375,30
1787119829,276175661,,ui,0.0,0.0,0.0,0
1787119830,276095222,,esp32,100.00979614257812,138.20159912109375,663.0458984375,30
1787119830,276333091,,lidar,99.28846740722656,104.20248413085938,673.8929443359375,30
1787119830,276355574,,ui,0.0,0.0,0.0,0
1787119831,275978605,,esp32,100.01170349121094,138.20159912109375,663.0458984375,30
1787119831,276166606,,lidar,99.29585266113281,104.20248413085938,673.8929443359375,30
1787119831,276181348,,ui,0.0,0.0,0.0,0
1787119832,276034527,,esp32,100.01445007324219,138.20159912109375,663.0458984375,30
1787119832,276276468,,lidar,99.28846740722656,104.20248413085938,673.8929443359375,30
1787119832,276304415,,ui,0.0,0.0,0.0,0
1787119833,276042908,,esp32,100.00896453857422,137.99871826171875,663.0458984375,30
1787119833,276240536,,lidar,99.28679656982422,104.20248413085938,673.8929443359375,30
1787119833,276256719,,ui,0.0,0.0,0.0,0
1787119834,275957124,,esp32,100.00896453857422,138.20159912109375,663.0458984375,30
1787119834,276145982,,lidar,99.28607940673828,105.2019271850586,673.8929443359375,30
1787119834,276164120,,ui,0.0,0.0,0.0,0
1787119835,276044251,,esp32,100.00896453857422,137.99871826171875,663.0458984375,30
1787119835,276353557,,lidar,99.28345489501953,105.2019271850586,673.8929443359375,30
1787119835,276377609,,ui,0.0,0.0,0.0,0
1787119836,275887220,,esp32,99.99465942382812,137.99871826171875,663.0458984375,30
1787119836,276099276,,lidar,99.28512573242188,105.2115707397461,673.8929443359375,30
1787119836,276117035,,ui,0.0,0.0,0.0,0
1787119837,275984728,,esp32,99.99465942382812,137.99871826171875,663.0458984375,30
1787119837,276241049,,lidar,99.28595733642578,105.2115707397461,673.8929443359375,30
1787119837,276265304,,ui,0.0,0.0,0.0,0
1787119838,275964312,,esp32,99.9950180053711,121.27507019042969,663.0458984375,30
1787119838,276194264,,lidar,99.2900161743164,104.1924819946289,673.8929443359375,30
1787119838,276222414,,ui,0.0,0.0,0.0,0
1787119839,275823227,,esp32,99.99298858642578,120.31893920898438,663.0458984375,30
1787119839,275992397,,lidar,99.28870391845703,104.18589782714844,673.8929443359375,30
1787119839,276005885,,ui,0.0,0.0,0.0,0
1787119840,275899681,,esp32,99.98870086669922,120.31893920898438,663.0458984375,30
1787119840,276117996,,lidar,99.29132080078125,104.11953735351562,673.8929443359375,30
1787119840,276139999,,ui,0.0,0.0,0.0,0
1787119841,275919366,,esp32,99.98822021484375,120.4862289428711,663.0458984375,30
1787119841,276122920,,lidar,99.28846740722656,104.11953735351562,673.8929443359375,30
1787119841,276139262,,ui,0.0,0.0,0.0,0
1787119842,275742938,,esp32,99.9867935180664,120.4862289428711,663.0458984375,30
1787119842,275921596,,lidar,99.28870391845703,104.11953735351562,673.8929443359375,30
1787119842,275934762,,ui,0.0,0.0,0.0,0
1787119843,275909413,,esp32,99.98822021484375,120.63297271728516,663.0458984375,30
1787119843,276112187,,lidar,99.28726959228516,104.11953735351562,673.8929443359375,30
1787119843,276126467,,ui,0.0,0.0,0.0,0
1787119844,275737373,,esp32,99.98822021484375,120.63297271728516,663.0458984375,30
1787119844,275918832,,lidar,99.28345489501953,104.11953735351562,673.8929443359375,30
1787119844,275932259,,ui,0.0,0.0,0.0,0
1787119845,275873960,,esp32,99.98822021484375,120.63406372070312,663.0458984375,30
1787119845,276140213,,lidar,99.28726959228516,105.18960571289062,673.8929443359375,30
1787119845,276166415,,ui,0.0,0.0,0.0,0
1787119846,275751119,,esp32,99.99060821533203,120.63406372070312,663.0458984375,30
1787119846,276027668,,lidar,99.28512573242188,105.18960571289062,673.8929443359375,30
1787119846,276054054,,ui,0.0,0.0,0.0,0
1787119847,275798336,,esp32,99.98822021484375,120.63297271728516,663.0458984375,30
1787119847,276089983,,lidar,99.28726959228516,105.18960571289062,673.8929443359375,30
1787119847,276118738,,ui,0.0,0.0,0.0,0
1787119848,275707634,,esp32,99.98822021484375,120.63406372070312,663.0458984375,30
1787119848,275983463,,lidar,99.28345489501953,105.18960571289062,673.8929443359375,30
1787119848,276010112,,ui,0.0,0.0,0.0,0
1787119849,275769061,,esp32,99.99227905273438,120.74465942382812,663.0458984375,30
1787119849,275955159,,lidar,99.27702331542969,105.18960571289062,673.8929443359375,30
1787119849,275968112,,ui,0.0,0.0,0.0,0
1787119850,275822253,,esp32,99.99156188964844,120.74333190917969,663.0458984375,30
1787119850,276061402,,lidar,99.27296447753906,105.18960571289062,673.8929443359375,30
1787119850,276082112,,ui,0.0,0.0,0.0,0
1787119851,275823615,,esp32,99.99418640136719,120.74333190917969,663.0458984375,30
1787119851,276097711,,lidar,99.27058410644531,105.18960571289062,673.8929443359375,30
1787119851,276125072,,ui,0.0,0.0,0.0,0
1787119852,275774043,,esp32,99.98786163330078,120.74465942382812,663.0458984375,30
1787119852,276058245,,lidar,99.27058410644531,105.18960571289062,673.8929443359375,30
1787119852,276085034,,ui,0.0,0.0,0.0,0
1787119853,275966030,,esp32,99.99358367919922,120.74465942382812,663.0458984375,30
1787119853,276309228,,lidar,99.27058410644531,105.18960571289062,673.8929443359375,30
1787119853,276340635,,ui,0.0,0.0,0.0,0
1787119854,275782082,,esp32,99.99358367919922,120.74465942382812,663.0458984375,30
1787119854,276089968,,lidar,99.2677230834961,105.18960571289062,673.8929443359375,30
1787119854,276122867,,ui,0.0,0.0,0.0,0
1787119855,275749684,,esp32,100.0009765625,120.74465942382812,663.0458984375,30
1787119855,275949903,,lidar,99.26748657226562,105.18960571289062,673.8929443359375,30
1787119855,275964586,,ui,0.0,0.0,0.0,0
1787119856,275592450,,esp32,99.99418640136719,120.74333190917969,663.0458984375,30
1787119856,275784998,,lidar,99.2677230834961,105.18960571289062,673.8929443359375,30
1787119856,275798189,,ui,0.0,0.0,0.0,0
1787119857,275542824,,esp32,99.99298858642578,120.74465942382812,663.0458984375,30
1787119857,275732915,,lidar,99.2677230834961,105.18960571289062,673.8929443359375,30
1787119857,275746578,,ui,0.0,0.0,0.0,0
1787119858,275598292,,esp32,99.99298858642578,120.74067687988281,663.0458984375,30
1787119858,275791633,,lidar,99.27153778076172,105.17991638183594,673.8929443359375,30
1787119858,275805228,,ui,0.0,0.0,0.0,0
1787119859,275555809,,esp32,99.99358367919922,120.50255584716797,120.87059020996094,30
1787119859,275746423,,lidar,99.27415466308594,105.18612670898438,113.9974594116211,30
1787119859,275759717,,ui,0.0,0.0,0.0,0
1787119860,275639439,,esp32,99.99358367919922,120.50255584716797,120.87059020996094,30
1787119860,275827899,,lidar,99.27618408203125,104.91539764404297,113.9974594116211,30
1787119860,275841441,,ui,0.0,0.0,0.0,0
1787119861,275638295,,esp32,99.99358367919922,120.50255584716797,120.87059020996094,30
1787119861,275842939,,lidar,99.27415466308594,104.91539764404297,113.9974594116211,30
1787119861,275859626,,ui,0.0,0.0,0.0,0
1787119862,275542286,,esp32,99.99227905273438,120.50255584716797,120.87059020996094,30
1787119862,275727424,,lidar,99.27618408203125,104.91539764404297,113.9974594116211,30
1787119862,275741155,,ui,0.0,0.0,0.0,0
1787119863,275503889,,esp32,99.99156188964844,120.50382995605469,120.87059020996094,30
1787119863,275709466,,lidar,99.28118896484375,104.91539764404297,113.9974594116211,30
1787119863,275725443,,ui,0.0,0.0,0.0,0
1787119864,275569464,,esp32,99.990966796875,120.50255584716797,120.87059020996094,30
1787119864,275766652,,lidar,99.28620147705078,104.43215942382812,113.9974594116211,30
1787119864,275782407,,ui,0.0,0.0,0.0,0
1787119865,275590971,,esp32,99.98368835449219,120.50255584716797,120.87059020996094,30
1787119865,275797661,,lidar,99.28620147705078,104.43215942382812,113.9974594116211,30
1787119865,275814055,,ui,0.0,0.0,0.0,0
1787119866,275553420,,esp32,99.99156188964844,120.50382995605469,120.87059020996094,30
1787119866,275761860,,lidar,99.28620147705078,104.43215942382812,113.9974594116211,30
1787119866,275776411,,ui,0.0,0.0,0.0,0
1787119867,275460580,,esp32,99.99298858642578,120.50382995605469,120.87059020996094,30
1787119867,275658245,,lidar,99.28118896484375,104.91539764404297,113.9974594116211,30
1787119867,275669960,,ui,0.0,0.0,0.0,0
1787119868,275440891,,esp32,99.99227905273438,120.50255584716797,120.87059020996094,30
1787119868,275690292,,lidar,99.2745132446289,104.91539764404297,113.9974594116211,30
1787119868,275710504,,ui,0.0,0.0,0.0,0
1787119869,275259199,,esp32,99.99131774902344,120.50255584716797,120.87059020996094,30
1787119869,275434617,,lidar,99.28226470947266,104.9091796875,113.9974594116211,30
1787119869,275446633,,ui,0.0,0.0,0.0,0
1787119870,275211725,,esp32,99.99037170410156,120.52882385253906,120.87059020996094,30
1787119870,275414911,,lidar,99.27725982666016,104.9091796875,113.9974594116211,30
1787119870,275431650,,ui,0.0,0.0,0.0,0
1787119871,275367462,,esp32,99.99156188964844,120.50179290771484,120.87059020996094,30
1787119871,275686687,,lidar,99.2786865234375,104.9091796875,113.9974594116211,30
1787119871,275715460,,ui,0.0,0.0,0.0,0
1787119872,275422711,,esp32,99.99203491210938,120.50153350830078,120.87059020996094,30
1787119872,275616214,,lidar,99.28226470947266,104.9091796875,113.9974594116211,30
1787119872,275629305,,ui,0.0,0.0,0.0,0
1787119873,275426281,,esp32,99.99156188964844,120.31809997558594,120.87059020996094,30
1787119873,275764672,,lidar,99.28226470947266,104.9091796875,113.9974594116211,30
1787119873,275792125,,ui,0.0,0.0,0.0,0
1787119874,275343221,,esp32,99.99251556396484,120.31809997558594,120.87059020996094,30
1787119874,275596408,,lidar,99.28226470947266,104.9091796875,113.9974594116211,30
1787119874,275623099,,ui,0.0,0.0,0.0,0
1787119875,275322628,,esp32,99.99203491210938,120.31623077392578,120.87059020996094,30
1787119875,275540784,,lidar,99.2786865234375,104.61974334716797,113.9974594116211,30
1787119875,275556688,,ui,0.0,0.0,0.0,0
1787119876,275315656,,esp32,99.99072265625,120.29923248291016,120.87059020996094,30
1787119876,275513746,,lidar,99.28226470947266,104.9091796875,113.9974594116211,30
1787119876,275528172,,ui,0.0,0.0,0.0,0
1787119877,275321084,,esp32,99.99108123779297,120.16645812988281,120.87059020996094,30
1787119877,275513745,,lidar,99.28584289550781,105.03434753417969,113.9974594116211,30
1787119877,275528503,,ui,0.0,0.0,0.0,0
1787119878,275267258,,esp32,99.98893737792969,120.15962219238281,120.87059020996094,30
1787119878,275579354,,lidar,99.28917694091797,105.03434753417969,113.9974594116211,30
1787119878,275601064,,ui,0.0,0.0,0.0,0
1787119879,275214823,,esp32,99.99072265625,120.12657928466797,120.52679443359375,30
1787119879,275420341,,lidar,99.28917694091797,105.03434753417969,113.9974594116211,30
1787119879,275434410,,ui,0.0,0.0,0.0,0
1787119880,275272632,,esp32,99.99108123779297,120.1302490234375,120.52679443359375,30
1787119880,275472379,,lidar,99.27725982666016,105.22842407226562,569.0474243164062,30
1787119880,275488172,,ui,0.0,0.0,0.0,0
1787119881,275269962,,esp32,99.9867935180664,120.50408935546875,1285.0692138671875,30
1787119881,275480913,,lidar,99.28226470947266,105.22842407226562,569.0474243164062,30
1787119881,275497650,,ui,0.0,0.0,0.0,0
1787119882,275216795,,esp32,99.98893737792969,120.50382995605469,1285.0692138671875,30
1787119882,275429305,,lidar,99.28226470947266,105.22842407226562,569.0474243164062,30
1787119882,275445106,,ui,0.0,0.0,0.0,0
1787119883,275296738,,esp32,99.98703002929688,120.52845764160156,1285.0692138671875,30
1787119883,275655106,,lidar,99.28226470947266,105.22842407226562,569.0474243164062,30
1787119883,275686854,,ui,0.0,0.0,0.0,0
1787119884,275186998,,esp32,99.98345184326172,120.52845764160156,1285.0692138671875,30
1787119884,275551894,,lidar,99.28226470947266,105.22842407226562,569.0474243164062,30
1787119884,275585315,,ui,0.0,0.0,0.0,0
1787119885,275339666,,esp32,99.9796371459961,120.52845764160156,1285.0692138671875,30
1787119885,275694541,,lidar,99.28226470947266,105.22842407226562,569.0474243164062,30
1787119885,275724183,,ui,0.0,0.0,0.0,0
1787119886,275250921,,esp32,99.98500061035156,120.52862548828125,1285.0692138671875,30
1787119886,275571089,,lidar,99.2786865234375,105.22842407226562,569.0474243164062,30
1787119886,275598450,,ui,0.0,0.0,0.0,0
1787119887,275222852,,esp32,99.98703002929688,120.52845764160156,1285.0692138671875,30
1787119887,275555587,,lidar,99.28226470947266,105.22842407226562,569.0474243164062,30
1787119887,275581334,,ui,0.0,0.0,0.0,0
1787119888,275190861,,esp32,99.98750305175781,120.52862548828125,1285.0692138671875,30
1787119888,275533475,,lidar,99.28559875488281,105.22842407226562,569.0474243164062,30
1787119888,275561177,,ui,0.0,0.0,0.0,0
1787119889,275042812,,esp32,99.98750305175781,120.52862548828125,1285.0692138671875,30
1787119889,275243073,,lidar,99.28226470947266,105.22842407226562,569.0474243164062,30
1787119889,275257892,,ui,0.0,0.0,0.0,0
1787119890,275024786,,esp32,99.98798370361328,120.52845764160156,1285.0692138671875,30
1787119890,275369269,,lidar,99.28250122070312,106.0037612915039,569.0474243164062,30
1787119890,275390914,,ui,0.0,0.0,0.0,0
1787119891,275103748,,esp32,99.99037170410156,120.52845764160156,1285.0692138671875,30
1787119891,275312371,,lidar,99.28226470947266,106.0037612915039,569.0474243164062,30
1787119891,275325406,,ui,0.0,0.0,0.0,0
1787119892,275035827,,esp32,99.99251556396484,120.52845764160156,1285.0692138671875,30
1787119892,275244401,,lidar,99.28226470947266,106.0037612915039,569.0474243164062,30
1787119892,275258710,,ui,0.0,0.0,0.0,0
1787119893,275060087,,esp32,99.995849609375,120.52845764160156,1285.0692138671875,30
1787119893,275401016,,lidar,99.273681640625,106.0037612915039,569.0474243164062,30
1787119893,275425483,,ui,0.0,0.0,0.0,0
1787119894,274802525,,esp32,100.00157165527344,120.52845764160156,1285.0692138671875,30
1787119894,274929254,,lidar,99.2786865234375,106.0037612915039,569.0474243164062,30
1787119894,274937643,,ui,0.0,0.0,0.0,0
1787119895,275053882,,esp32,100.00383758544922,120.52862548828125,1285.0692138671875,30
1787119895,275248338,,lidar,99.2786865234375,107.30218505859375,569.0474243164062,30
1787119895,275262096,,ui,0.0,0.0,0.0,0
1787119896,275018202,,esp32,100.006103515625,120.52845764160156,1285.0692138671875,30
1787119896,275374334,,lidar,99.28202819824219,107.30218505859375,569.0474243164062,30
1787119896,275405001,,ui,0.0,0.0,0.0,0
1787119897,274976079,,esp32,100.006103515625,120.5656509399414,1285.0692138671875,30
1787119897,275213090,,lidar,99.28202819824219,106.0037612915039,569.0474243164062,30
1787119897,275227888,,ui,0.0,0.0,0.0,0
1787119898,275038615,,esp32,100.00157165527344,120.5656509399414,1285.0692138671875,30
1787119898,275398575,,lidar,99.28559875488281,106.0037612915039,569.0474243164062,30
1787119898,275427706,,ui,0.0,0.0,0.0,0
1787119899,274894083,,esp32,100.00479125976562,120.56787109375,1285.0692138671875,30
1787119899,275086060,,lidar,99.28404998779297,107.30750274658203,569.0474243164062,30
1787119899,275098954,,ui,0.0,0.0,0.0,0
1787119900,274940648,,esp32,100.01325988769531,120.5656509399414,1285.0692138671875,30
1787119900,275153628,,lidar,99.28404998779297,107.30750274658203,569.0474243164062,30
1787119900,275169620,,ui,0.0,0.0,0.0,0
1787119901,275018887,,esp32,100.006103515625,120.5656509399414,1285.0692138671875,30
1787119901,275246225,,lidar,99.28965759277344,107.49774932861328,569.0474243164062,30
1787119901,275260173,,ui,0.0,0.0,0.0,0
1787119902,274937627,,esp32,100.01265716552734,120.56787109375,1285.0692138671875,30
1787119902,275235282,,lidar,99.28559875488281,107.84272003173828,569.0474243164062,30
1787119902,275271974,,ui,0.0,0.0,0.0,0
1787119903,274869554,,esp32,100.0120620727539,120.5656509399414,1285.0692138671875,30
1787119903,275117996,,lidar,99.28559875488281,107.84272003173828,569.0474243164062,30
1787119903,275135157,,ui,0.0,0.0,0.0,0
1787119904,274829356,,esp32,100.006103515625,120.5656509399414,1285.0692138671875,30
1787119904,275055916,,lidar,99.28559875488281,107.84272003173828,569.0474243164062,30
1787119904,275076266,,ui,0.0,0.0,0.0,0
1787119905,274854058,,esp32,100.00347900390625,120.5656509399414,1285.0692138671875,30
1787119905,275169285,,lidar,99.29466247558594,107.84272003173828,569.0474243164062,30
1787119905,275191635,,ui,0.0,0.0,0.0,0
1787119906,274890525,,esp32,100.006103515625,120.5656509399414,1285.0692138671875,30
1787119906,275205484,,lidar,99.28643798828125,107.84272003173828,569.0474243164062,30
1787119906,275231055,,ui,0.0,0.0,0.0,0
1787119907,274823793,,esp32,100.006103515625,120.74589538574219,1285.0692138671875,30
1787119907,275039900,,lidar,99.28643798828125,107.84272003173828,569.0474243164062,30
1787119907,275054773,,ui,0.0,0.0,0.0,0
1787119908,274857017,,esp32,100.01373291015625,120.74610900878906,1285.0692138671875,30
1787119908,275095963,,lidar,99.2981185913086,107.84272003173828,569.0474243164062,30
1787119908,275117142,,ui,0.0,0.0,0.0,0
1787119909,274710441,,esp32,100.0120620727539,120.74589538574219,1285.0692138671875,30
1787119909,274819803,,lidar,99.30205535888672,107.84272003173828,569.0474243164062,30
1787119909,274826646,,ui,0.0,0.0,0.0,0
1787119910,274838164,,esp32,100.01325988769531,120.74417877197266,1285.0692138671875,30
1787119910,275161599,,lidar,99.32374572753906,107.5079345703125,133.49317932128906,30
1787119910,275184001,,ui,0.0,0.0,0.0,0
1787119911,274831437,,esp32,100.01826477050781,120.6643295288086,562.0601196289062,30
1787119911,275029955,,lidar,99.30276489257812,107.85157775878906,646.3043823242188,30
1787119911,275045268,,ui,0.0,0.0,0.0,0
1787119912,274852669,,esp32,100.0120620727539,120.6643295288086,562.0601196289062,30
1787119912,275073478,,lidar,99.30491638183594,107.85157775878906,646.3043823242188,30
1787119912,275088517,,ui,0.0,0.0,0.0,0
1787119913,274525334,,esp32,100.01325988769531,120.6643295288086,562.0601196289062,30
1787119913,274607882,,lidar,99.32374572753906,107.85157775878906,646.3043823242188,30
1787119913,274613621,,ui,0.0,0.0,0.0,0
1787119914,274715048,,esp32,100.01778411865234,120.6643295288086,562.0601196289062,30
1787119914,274918115,,lidar,99.32374572753906,107.85157775878906,646.3043823242188,30
1787119914,274932231,,ui,0.0,0.0,0.0,0
1787119915,274877716,,esp32,100.02279663085938,120.6643295288086,562.0601196289062,30
1787119915,275105713,,lidar,99.32374572753906,107.85157775878906,646.3043823242188,30
1787119915,275119133,,ui,0.0,0.0,0.0,0
1787119916,274868544,,esp32,100.02279663085938,120.6643295288086,562.0601196289062,30
1787119916,275113781,,lidar,99.32374572753906,107.85157775878906,646.3043823242188,30
1787119916,275141876,,ui,0.0,0.0,0.0,0
1787119917,274700175,,esp32,100.02922821044922,120.6643295288086,562.0601196289062,30
1787119917,274958284,,lidar,99.32374572753906,107.85157775878906,646.3043823242188,30
1787119917,274977349,,ui,0.0,0.0,0.0,0
1787119918,274861578,,esp32,100.02326965332031,120.6643295288086,562.0601196289062,30
1787119918,275189578,,lidar,99.31111145019531,107.85157775878906,646.3043823242188,30
1787119918,275214785,,ui,0.0,0.0,0.0,0
1787119919,274814025,,esp32,100.01683044433594,120.66350555419922,562.0601196289062,30
1787119919,275059173,,lidar,99.31111145019531,107.85157775878906,646.3043823242188,30
1787119919,275077930,,ui,0.0,0.0,0.0,0
1787119920,274731080,,esp32,100.01420593261719,120.6643295288086,562.0601196289062,30
1787119920,274982097,,lidar,99.31111145019531,107.85157775878906,646.3043823242188,30
1787119920,275012600,,ui,0.0,0.0,0.0,0
1787119921,274854303,,esp32,100.01325988769531,120.6643295288086,562.0601196289062,30
1787119921,275165808,,lidar,99.32374572753906,107.85157775878906,646.3043823242188,30
1787119921,275211759,,ui,0.0,0.0,0.0,0
1787119922,274793077,,esp32,100.01325988769531,120.6643295288086,562.0601196289062,30
1787119922,275021731,,lidar,99.32804107666016,107.85157775878906,646.3043823242188,30
1787119922,275040075,,ui,0.0,0.0,0.0,0
1787119923,274559256,,esp32,100.0120620727539,120.6643295288086,562.0601196289062,30
1787119923,274771999,,lidar,99.33030700683594,107.84272003173828,646.3043823242188,30
1787119923,274786366,,ui,0.0,0.0,0.0,0
1787119924,274689458,,esp32,100.01420593261719,120.6643295288086,562.0601196289062,30
1787119924,274894275,,lidar,99.33113861083984,107.85157775878906,646.3043823242188,30
1787119924,274909544,,ui,0.0,0.0,0.0,0
1787119925,274804337,,esp32,100.01587677001953,120.6643295288086,562.0601196289062,30
1787119925,275164655,,lidar,99.3287582397461,107.49774932861328,646.3043823242188,30
1787119925,275192968,,ui,0.0,0.0,0.0,0
1787119926,274720424,,esp32,100.01587677001953,120.6643295288086,562.0601196289062,30
1787119926,274940584,,lidar,99.32589721679688,107.49774932861328,646.3043823242188,30
1787119926,274957412,,ui,0.0,0.0,0.0,0
1787119927,274688376,,esp32,100.01778411865234,120.4905014038086,562.0601196289062,30
1787119927,274887818,,lidar,99.31767272949219,107.49774932861328,646.3043823242188,30
1787119927,274900669,,ui,0.0,0.0,0.0,0
1787119928,274726812,,esp32,100.0204086303711,120.4905014038086,562.0601196289062,30
1787119928,274949838,,lidar,99.32589721679688,107.49774932861328,646.3043823242188,30
1787119928,274964826,,ui,0.0,0.0,0.0,0
1787119929,274649242,,esp32,100.01945495605469,120.4905014038086,562.0601196289062,30
1787119929,274835571,,lidar,99.3287582397461,106.32999420166016,646.3043823242188,30
1787119929,274849069,,ui,0.0,0.0,0.0,0
1787119930,274518666,,esp32,100.01945495605469,120.4905014038086,562.0601196289062,30
1787119930,274658856,,lidar,99.33030700683594,106.32999420166016,646.3043823242188,30
1787119930,274668865,,ui,0.0,0.0,0.0,0
1787119931,274582823,,esp32,100.01778411865234,120.4905014038086,562.0601196289062,30
1787119931,274774583,,lidar,99.31492614746094,105.95379638671875,646.3043823242188,30
1787119931,274788090,,ui,0.0,0.0,0.0,0
1787119932,274628605,,esp32,100.01945495605469,120.4905014038086,562.0601196289062,30
1787119932,274842392,,lidar,99.319580078125,105.0918960571289,646.3043823242188,30
1787119932,274856286,,ui,0.0,0.0,0.0,0
1787119933,274637049,,esp32,100.01707458496094,120.4905014038086,562.0601196289062,30
1787119933,274885514,,lidar,99.319580078125,105.0918960571289,646.3043823242188,30
1787119933,274909798,,ui,0.0,0.0,0.0,0
1787119934,274586607,,esp32,100.01778411865234,120.4905014038086,562.0601196289062,30
1787119934,274846358,,lidar,99.3287582397461,105.0918960571289,646.3043823242188,30
1787119934,274874330,,ui,0.0,0.0,0.0,0
1787119935,274569554,,esp32,100.01742553710938,120.48872375488281,562.0601196289062,30
1787119935,274812542,,lidar,99.32231903076172,105.0918960571289,646.3043823242188,30
1787119935,274839146,,ui,0.0,0.0,0.0,0
1787119936,274581557,,esp32,100.01778411865234,120.4905014038086,562.0601196289062,30
1787119936,274808038,,lidar,99.32589721679688,105.0918960571289,646.3043823242188,30
1787119936,274828894,,ui,0.0,0.0,0.0,0
1787119937,274598046,,esp32,100.01945495605469,120.25588989257812,562.0601196289062,30
1787119937,274934232,,lidar,99.319580078125,105.0918960571289,646.3043823242188,30
1787119937,274959527,,ui,0.0,0.0,0.0,0
1787119938,274576154,,esp32,100.01707458496094,120.25588989257812,562.0601196289062,30
1787119938,274781212,,lidar,99.319580078125,105.0918960571289,646.3043823242188,30
1787119938,274794356,,ui,0.0,0.0,0.0,0
1787119939,274599870,,esp32,100.01707458496094,120.25588989257812,562.0601196289062,30
1787119939,274881612,,lidar,99.31767272949219,105.0918960571289,646.3043823242188,30
1787119939,274907975,,ui,0.0,0.0,0.0,0
1787119940,274499424,,esp32,100.01707458496094,120.25115203857422,562.0601196289062,30
1787119940,274766426,,lidar,99.31707763671875,105.07176208496094,646.3043823242188,30
1787119940,274791645,,ui,0.0,0.0,0.0,0
1787119941,274444921,,esp32,100.01707458496094,120.2136001586914,120.54824829101562,30
1787119941,274664174,,lidar,99.3294677734375,104.51007080078125,106.3182373046875,30
1787119941,274677690,,ui,0.0,0.0,0.0,0
1787119942,274527000,,esp32,100.01707458496094,120.2136001586914,120.54824829101562,30
1787119942,274766680,,lidar,99.31826782226562,104.51007080078125,106.3182373046875,30
1787119942,274783343,,ui,0.0,0.0,0.0,0
1787119943,274477098,,esp32,100.01707458496094,120.2482681274414,120.54824829101562,30
1787119943,274686208,,lidar,99.31707763671875,105.0832290649414,109.81726837158203,30
1787119943,274702736,,ui,0.0,0.0,0.0,0
1787119944,274483810,,esp32,100.01611328125,120.2482681274414,120.54824829101562,30
1787119944,274688605,,lidar,99.3294677734375,105.0832290649414,109.81726837158203,30
1787119944,274702249,,ui,0.0,0.0,0.0,0
1787119945,274536865,,esp32,100.01420593261719,120.2482681274414,120.54824829101562,30
1787119945,274747912,,lidar,99.3294677734375,104.51007080078125,109.81726837158203,30
1787119945,274762815,,ui,0.0,0.0,0.0,0
1787119946,274466659,,esp32,100.01229858398438,120.2482681274414,120.54824829101562,30
1787119946,274682609,,lidar,99.3294677734375,104.51007080078125,109.81726837158203,30
1787119946,274696163,,ui,0.0,0.0,0.0,0
1787119947,274394727,,esp32,100.01146697998047,120.2482681274414,120.54824829101562,30
1787119947,274744193,,lidar,99.31826782226562,104.28738403320312,109.81726837158203,30
1787119947,274777693,,ui,0.0,0.0,0.0,0
1787119948,274435602,,esp32,100.00908660888672,120.2482681274414,120.54824829101562,30
1787119948,274771045,,lidar,99.3294677734375,104.28738403320312,109.81726837158203,30
1787119948,274795824,,ui,0.0,0.0,0.0,0
1787119949,274417438,,esp32,100.01158905029297,120.21393585205078,120.54824829101562,30
1787119949,274659733,,lidar,99.33304595947266,104.28738403320312,109.81726837158203,30
1787119949,274679922,,ui,0.0,0.0,0.0,0
1787119950,274424932,,esp32,100.01182556152344,120.21043395996094,120.54824829101562,30
1787119950,274702691,,lidar,99.33304595947266,104.28738403320312,109.81726837158203,30
1787119950,274724999,,ui,0.0,0.0,0.0,0
1787119951,274425475,,esp32,100.00801086425781,120.21043395996094,120.54824829101562,30
1787119951,274699585,,lidar,99.31826782226562,104.28738403320312,109.81726837158203,30
1787119951,274722590,,ui,0.0,0.0,0.0,0
1787119952,274304639,,esp32,100.00169372558594,120.21043395996094,120.54824829101562,30
1787119952,274578505,,lidar,99.31707763671875,104.28738403320312,109.81726837158203,30
1787119952,274600906,,ui,0.0,0.0,0.0,0
1787119953,274288299,,esp32,99.99703979492188,120.21041107177734,120.54824829101562,30
1787119953,274562837,,lidar,99.31719207763672,104.29534149169922,109.81726837158203,30
1787119953,274585988,,ui,0.0,0.0,0.0,0
1787119954,274295481,,esp32,99.99620819091797,120.21043395996094,120.54824829101562,30
1787119954,274507213,,lidar,99.31826782226562,104.22492218017578,109.81726837158203,30
1787119954,274521913,,ui,0.0,0.0,0.0,0
1787119955,274142281,,esp32,99.98416900634766,120.21043395996094,120.54824829101562,30
1787119955,274392543,,lidar,99.32720947265625,104.19966125488281,109.81726837158203,30
1787119955,274408684,,ui,0.0,0.0,0.0,0
1787119956,274164677,,esp32,99.98333740234375,120.21043395996094,120.54824829101562,30
1787119956,274433264,,lidar,99.32720947265625,104.22553253173828,109.81726837158203,30
1787119956,274450566,,ui,0.0,0.0,0.0,0
1787119957,274217466,,esp32,99.97880554199219,120.21043395996094,120.54824829101562,30
1787119957,274533067,,lidar,99.32112884521484,104.22553253173828,109.81726837158203,30
1787119957,274562207,,ui,0.0,0.0,0.0,0
1787119958,274241286,,esp32,99.97927856445312,120.21043395996094,120.54824829101562,30
1787119958,274570614,,lidar,99.33626556396484,104.22553253173828,109.81726837158203,30
1787119958,274598799,,ui,0.0,0.0,0.0,0
1787119959,274074750,,esp32,99.97832489013672,120.21043395996094,120.54824829101562,30
1787119959,274384371,,lidar,99.33626556396484,104.22553253173828,109.81726837158203,30
1787119959,274411242,,ui,0.0,0.0,0.0,0
1787119960,274289484,,esp32,99.97927856445312,120.21043395996094,120.54824829101562,30
1787119960,274638561,,lidar,99.33626556396484,104.22553253173828,109.81726837158203,30
1787119960,274666490,,ui,0.0,0.0,0.0,0
1787119961,274316757,,esp32,99.97927856445312,120.21043395996094,120.54824829101562,30
1787119961,274706997,,lidar,99.34556579589844,104.22553253173828,109.81726837158203,30
1787119961,274739753,,ui,0.0,0.0,0.0,0
1787119962,274185395,,esp32,99.98118591308594,120.21043395996094,120.54824829101562,30
1787119962,274422349,,lidar,99.34556579589844,104.22553253173828,109.81726837158203,30
1787119962,274437777,,ui,0.0,0.0,0.0,0
1787119963,274188661,,esp32,99.98202514648438,120.2154541015625,120.59497833251953,30
1787119963,274428598,,lidar,99.34556579589844,104.28643798828125,109.81726837158203,30
1787119963,274443965,,ui,0.0,0.0,0.0,0
1787119964,274054114,,esp32,99.97868347167969,120.2154541015625,120.59497833251953,30
1787119964,274379646,,lidar,99.34151458740234,104.28643798828125,109.81726837158203,30
1787119964,274408250,,ui,0.0,0.0,0.0,0
1787119965,274219974,,esp32,99.97987365722656,120.21764373779297,120.59497833251953,30
1787119965,274564910,,lidar,99.34151458740234,104.28643798828125,109.81726837158203,30
1787119965,274594025,,ui,0.0,0.0,0.0,0
1787119966,274203556,,esp32,99.98416900634766,120.2154541015625,120.59497833251953,30
1787119966,274484032,,lidar,99.33399963378906,104.28643798828125,109.81726837158203,30
1787119966,274503897,,ui,0.0,0.0,0.0,0
1787119967,274211546,,esp32,99.98416900634766,120.43655395507812,603.4874877929688,30
1787119967,274449959,,lidar,99.33399963378906,104.2938461303711,644.784912109375,30
1787119967,274464246,,ui,0.0,0.0,0.0,0
1787119968,274173675,,esp32,99.99346923828125,120.43655395507812,603.4874877929688,30
1787119968,274540958,,lidar,99.33042907714844,104.2938461303711,644.784912109375,30
1787119968,274568806,,ui,0.0,0.0,0.0,0
1787119969,274155479,,esp32,99.99346923828125,120.43655395507812,603.4874877929688,30
1787119969,274545749,,lidar,99.33304595947266,104.2938461303711,644.784912109375,30
1787119969,274577139,,ui,0.0,0.0,0.0,0
1787119970,274105137,,esp32,99.9867935180664,120.31402587890625,603.4874877929688,30
1787119970,274357326,,lidar,99.33304595947266,104.2938461303711,644.784912109375,30
1787119970,274373242,,ui,0.0,0.0,0.0,0
1787119971,274170646,,esp32,99.99346923828125,120.31402587890625,603.4874877929688,30
1787119971,274461525,,lidar,99.33399963378906,104.2938461303711,644.784912109375,30
1787119971,274480607,,ui,0.0,0.0,0.0,0
1787119972,274090814,,esp32,99.99703979492188,120.31402587890625,603.4874877929688,30
1787119972,274335039,,lidar,99.33042907714844,104.63948822021484,644.784912109375,30
1787119972,274352229,,ui,0.0,0.0,0.0,0
1787119973,273924764,,esp32,99.99703979492188,120.07588195800781,603.4874877929688,30
1787119973,274148955,,lidar,99.3297119140625,104.2938461303711,644.784912109375,30
1787119973,274163565,,ui,0.0,0.0,0.0,0
1787119974,274052280,,esp32,100.0020523071289,120.07588195800781,603.4874877929688,30
1787119974,274287060,,lidar,99.32852172851562,104.63948822021484,644.784912109375,30
1787119974,274306185,,ui,0.0,0.0,0.0,0
1787119975,274113541,,esp32,100.0020523071289,120.07588195800781,603.4874877929688,30
1787119975,274369321,,lidar,99.32923126220703,104.63948822021484,644.784912109375,30
1787119975,274385689,,ui,0.0,0.0,0.0,0
1787119976,274031380,,esp32,100.0020523071289,120.13356018066406,603.4874877929688,30
1787119976,274274307,,lidar,99.3297119140625,104.63948822021484,644.784912109375,30
1787119976,274295810,,ui,0.0,0.0,0.0,0
1787119977,274027208,,esp32,100.00491333007812,120.13356018066406,603.4874877929688,30
1787119977,274267398,,lidar,99.33042907714844,104.63948822021484,644.784912109375,30
1787119977,274290040,,ui,0.0,0.0,0.0,0
1787119978,274001414,,esp32,100.00920104980469,120.13356018066406,603.4874877929688,30
1787119978,274215978,,lidar,99.33042907714844,104.63948822021484,644.784912109375,30
1787119978,274230744,,ui,0.0,0.0,0.0,0
1787119979,274066986,,esp32,100.0101547241211,120.13356018066406,603.4874877929688,30
1787119979,274411322,,lidar,99.33304595947266,104.63948822021484,644.784912109375,30
1787119979,274441429,,ui,0.0,0.0,0.0,0
1787119980,274091400,,esp32,100.00491333007812,120.13356018066406,603.4874877929688,30
1787119980,274354785,,lidar,99.33399963378906,104.63948822021484,644.784912109375,30
1787119980,274370537,,ui,0.0,0.0,0.0,0
1787119981,274031510,,esp32,100.0101547241211,120.13356018066406,603.4874877929688,30
1787119981,274340532,,lidar,99.33590698242188,104.63948822021484,644.784912109375,30
1787119981,274370264,,ui,0.0,0.0,0.0,0
1787119982,273975110,,esp32,100.0111083984375,120.3291244506836,643.6736450195312,30
1787119982,274283813,,lidar,99.33745574951172,106.06795501708984,644.784912109375,30
1787119982,274313283,,ui,0.0,0.0,0.0,0
1787119983,274038113,,esp32,100.01659393310547,120.33198547363281,643.6736450195312,30
1787119983,274327936,,lidar,99.33936309814453,106.1044921875,644.784912109375,30
1787119983,274348371,,ui,0.0,0.0,0.0,0
1787119984,274008734,,esp32,100.01361083984375,120.3291244506836,643.6736450195312,30
1787119984,274281194,,lidar,99.33543395996094,106.1044921875,644.784912109375,30
1787119984,274301068,,ui,0.0,0.0,0.0,0
1787119985,274008776,,esp32,100.01695251464844,120.3291244506836,643.6736450195312,30
1787119985,274289024,,lidar,99.33936309814453,106.1044921875,644.784912109375,30
1787119985,274311823,,ui,0.0,0.0,0.0,0
1787119986,273717752,,esp32,100.01695251464844,120.3291244506836,643.6736450195312,30
1787119986,273919852,,lidar,99.33936309814453,106.1044921875,644.784912109375,30
1787119986,273935004,,ui,0.0,0.0,0.0,0
1787119987,273935344,,esp32,100.01826477050781,120.33198547363281,643.6736450195312,30
1787119987,274164994,,lidar,99.33936309814453,106.1044921875,644.784912109375,30
1787119987,274179359,,ui,0.0,0.0,0.0,0
1787119988,273873383,,esp32,100.01707458496094,120.3291244506836,643.6736450195312,30
1787119988,274084688,,lidar,99.33448028564453,106.1044921875,644.784912109375,30
1787119988,274099616,,ui,0.0,0.0,0.0,0
1787119989,273748692,,esp32,100.01790618896484,120.3291244506836,643.6736450195312,30
1787119989,273901922,,lidar,99.33293151855469,106.43980407714844,644.784912109375,30
1787119989,273911872,,ui,0.0,0.0,0.0,0
1787119990,273684969,,esp32,100.01576232910156,120.52513122558594,643.6736450195312,30
1787119990,273802678,,lidar,99.33018493652344,106.43980407714844,644.784912109375,30
1787119990,273810142,,ui,0.0,0.0,0.0,0
1787119991,273820938,,esp32,100.00944519042969,120.52513122558594,643.6736450195312,30
1787119991,274137062,,lidar,99.32958984375,106.43980407714844,644.784912109375,30
1787119991,274166845,,ui,0.0,0.0,0.0,0
1787119992,273910473,,esp32,100.00383758544922,120.52513122558594,643.6736450195312,30
1787119992,274156791,,lidar,99.33078002929688,106.43980407714844,644.784912109375,30
1787119992,274173218,,ui,0.0,0.0,0.0,0
1787119993,273882506,,esp32,100.00383758544922,120.32386779785156,643.6736450195312,30
1787119993,274101794,,lidar,99.33173370361328,106.43980407714844,644.784912109375,30
1787119993,274116891,,ui,0.0,0.0,0.0,0
1787119994,273873259,,esp32,100.00646209716797,120.32386779785156,643.6736450195312,30
1787119994,274282500,,lidar,99.32827758789062,106.43980407714844,644.784912109375,30
1787119994,274318396,,ui,0.0,0.0,0.0,0
1787119995,273659164,,esp32,100.00646209716797,120.32386779785156,643.6736450195312,30
1787119995,274044788,,lidar,99.30968475341797,106.37043762207031,644.784912109375,30
1787119995,274074928,,ui,0.0,0.0,0.0,0
1787119996,273811921,,esp32,100.00383758544922,120.32386779785156,643.6736450195312,30
1787119996,274022029,,lidar,99.32577514648438,106.43980407714844,644.784912109375,30
1787119996,274035497,,ui,0.0,0.0,0.0,0
1787119997,273792418,,esp32,100.00347900390625,120.13356018066406,643.6736450195312,30
1787119997,274013019,,lidar,99.32994842529297,106.10317993164062,626.0051879882812,30
1787119997,274027407,,ui,0.0,0.0,0.0,0
1787119998,273563102,,esp32,100.00276184082031,120.13356018066406,643.6736450195312,30
1787119998,273772393,,lidar,99.33078002929688,106.10186767578125,626.0051879882812,30
1787119998,273785277,,ui,0.0,0.0,0.0,0
1787119999,273534089,,esp32,100.00061798095703,120.06857299804688,643.6736450195312,30
1787119999,273881076,,lidar,99.33078002929688,106.10186767578125,626.0051879882812,30
1787119999,273913576,,ui,0.0,0.0,0.0,0
1787120000,273863240,,esp32,100.00061798095703,120.0479736328125,643.6736450195312,30
1787120000,274236205,,lidar,99.32923126220703,106.10186767578125,626.0051879882812,30
1787120000,274289540,,ui,0.0,0.0,0.0,0
1787120001,273782202,,esp32,100.00276184082031,120.0479736328125,643.6736450195312,30
1787120001,274157470,,lidar,99.32577514648438,106.10186767578125,626.0051879882812,30
1787120001,274186237,,ui,0.0,0.0,0.0,0
1787120002,273714156,,esp32,100.00276184082031,120.0479736328125,643.6736450195312,30
1787120002,273929682,,lidar,99.33078002929688,106.10186767578125,626.0051879882812,30
1787120002,273943106,,ui,0.0,0.0,0.0,0
1787120003,273769441,,esp32,99.99561309814453,120.13166809082031,643.6736450195312,30
1787120003,274132467,,lidar,99.33078002929688,106.10186767578125,626.0051879882812,30
1787120003,274159445,,ui,0.0,0.0,0.0,0
1787120004,273712516,,esp32,100.00061798095703,120.13166809082031,643.6736450195312,30
1787120004,273948574,,lidar,99.32923126220703,105.08797454833984,626.0051879882812,30
1787120004,273964555,,ui,0.0,0.0,0.0,0
1787120005,273714557,,esp32,99.99561309814453,120.13166809082031,643.6736450195312,30
1787120005,273933660,,lidar,99.32923126220703,105.08797454833984,626.0051879882812,30
1787120005,273948576,,ui,0.0,0.0,0.0,0
1787120006,273763405,,esp32,99.9948959350586,120.03736877441406,643.6736450195312,30
1787120006,274126327,,lidar,99.32827758789062,105.08797454833984,626.0051879882812,30
1787120006,274154045,,ui,0.0,0.0,0.0,0
1787120007,273735925,,esp32,99.99453735351562,120.03970336914062,643.6736450195312,30
1787120007,273986295,,lidar,99.32994842529297,105.09819793701172,626.0051879882812,30
1787120007,274002216,,ui,0.0,0.0,0.0,0
1787120008,273658232,,esp32,99.99358367919922,120.27974700927734,643.6736450195312,30
1787120008,273890156,,lidar,99.30968475341797,106.24192810058594,660.4461669921875,30
1787120008,273906692,,ui,0.0,0.0,0.0,0
1787120009,273544587,,esp32,99.99287414550781,120.27974700927734,643.6736450195312,30
1787120009,273693381,,lidar,99.30968475341797,106.24192810058594,660.4461669921875,30
1787120009,273704373,,ui,0.0,0.0,0.0,0
1787120010,273676313,,esp32,99.99298858642578,120.27974700927734,643.6736450195312,30
1787120010,273986572,,lidar,99.30968475341797,106.24192810058594,660.4461669921875,30
1787120010,274015528,,ui,0.0,0.0,0.0,0
1787120011,273626286,,esp32,99.99263000488281,120.27974700927734,643.6736450195312,30
1787120011,273969040,,lidar,99.30968475341797,106.24192810058594,660.4461669921875,30
1787120011,274007872,,ui,0.0,0.0,0.0,0
1787120012,273664855,,esp32,99.99298858642578,120.03736877441406,563.7993774414062,30
1787120012,273908742,,lidar,99.32291412353516,105.08797454833984,660.4461669921875,30
1787120012,273925408,,ui,0.0,0.0,0.0,0
1787120013,273501225,,esp32,99.99156188964844,120.03736877441406,563.7993774414062,30
1787120013,273738590,,lidar,99.32291412353516,104.65028381347656,660.4461669921875,30
1787120013,273754263,,ui,0.0,0.0,0.0,0
1787120014,273673095,,esp32,99.99298858642578,120.03736877441406,563.7993774414062,30
1787120014,274014120,,lidar,99.32291412353516,104.65028381347656,660.4461669921875,30
1787120014,274051827,,ui,0.0,0.0,0.0,0
1787120015,273590395,,esp32,99.99275207519531,120.03736877441406,563.7993774414062,30
1787120015,273890589,,lidar,99.30884552001953,104.65028381347656,660.4461669921875,30
1787120015,273922329,,ui,0.0,0.0,0.0,0
1787120016,273668364,,esp32,99.99275207519531,120.03736877441406,563.7993774414062,30
1787120016,273943952,,lidar,99.30241394042969,104.39199829101562,660.4461669921875,30
1787120016,273968367,,ui,0.0,0.0,0.0,0
1787120017,273623274,,esp32,99.99108123779297,120.03736877441406,563.7993774414062,30
1787120017,273893048,,lidar,99.30193328857422,104.39199829101562,660.4461669921875,30
1787120017,273918460,,ui,0.0,0.0,0.0,0
1787120018,273652673,,esp32,99.99251556396484,119.93597412109375,563.7993774414062,30
1787120018,273928472,,lidar,99.30193328857422,104.39199829101562,660.4461669921875,30
1787120018,273947847,,ui,0.0,0.0,0.0,0
1787120019,273388665,,esp32,99.99251556396484,119.93597412109375,563.7993774414062,30
1787120019,273513325,,lidar,99.29430389404297,104.10311889648438,660.4461669921875,30
1787120019,273521582,,ui,0.0,0.0,0.0,0
1787120020,273598820,,esp32,99.99418640136719,119.72654724121094,563.7993774414062,30
1787120020,273873918,,lidar,99.29430389404297,104.39199829101562,660.4461669921875,30
1787120020,273898806,,ui,0.0,0.0,0.0,0
1787120021,273566821,,esp32,99.99346923828125,119.72669982910156,563.7993774414062,30
1787120021,273878065,,lidar,99.30133819580078,104.40482330322266,660.4461669921875,30
1787120021,273906841,,ui,0.0,0.0,0.0,0
1787120022,273578810,,esp32,99.99561309814453,119.77208709716797,642.5380859375,30
1787120022,273945953,,lidar,99.30133819580078,104.70030975341797,660.4461669921875,30
1787120022,273979985,,ui,0.0,0.0,0.0,0
1787120023,273585229,,esp32,99.9948959350586,119.76676940917969,642.5380859375,30
1787120023,273827852,,lidar,99.2929916381836,105.4066390991211,660.4461669921875,30
1787120023,273842221,,ui,0.0,0.0,0.0,0
1787120024,273533640,,esp32,99.99561309814453,119.77208709716797,642.5380859375,30
1787120024,273791120,,lidar,99.29370880126953,105.4066390991211,660.4461669921875,30
1787120024,273807746,,ui,0.0,0.0,0.0,0
1787120025,273515185,,esp32,99.99561309814453,120.27436828613281,642.5380859375,30
1787120025,273795709,,lidar,99.2981185913086,105.42660522460938,660.4461669921875,30
1787120025,273817473,,ui,0.0,0.0,0.0,0
1787120026,273507379,,esp32,99.99609375,120.27436828613281,642.5380859375,30
1787120026,273788813,,lidar,99.29370880126953,105.4066390991211,660.4461669921875,30
1787120026,273819369,,ui,0.0,0.0,0.0,0
1787120027,273537654,,esp32,100.00061798095703,120.27436828613281,642.5380859375,30
1787120027,273943381,,lidar,99.29370880126953,107.36697387695312,660.4461669921875,30
1787120027,273979793,,ui,0.0,0.0,0.0,0
1787120028,273517567,,esp32,99.99835205078125,120.28231048583984,642.5380859375,30
1787120028,273915389,,lidar,99.29370880126953,128.68397521972656,660.4461669921875,30
1787120028,273949589,,ui,0.0,0.0,0.0,0
1787120029,273447083,,esp32,99.99835205078125,202.6024932861328,642.5380859375,30
1787120029,273685267,,lidar,99.29084777832031,128.68397521972656,660.4461669921875,30
1787120029,273703731,,ui,0.0,0.0,0.0,0
1787120030,273549216,,esp32,100.00121307373047,202.6024932861328,642.5380859375,30
1787120030,273784526,,lidar,99.28559875488281,128.68397521972656,660.4461669921875,30
1787120030,273800359,,ui,0.0,0.0,0.0,0
1787120031,273483151,,esp32,99.99835205078125,202.6024932861328,642.5380859375,30
1787120031,273706604,,lidar,99.28559875488281,128.68397521972656,660.4461669921875,30
1787120031,273721539,,ui,0.0,0.0,0.0,0
1787120032,273517348,,esp32,100.00264739990234,202.6024932861328,642.5380859375,30
1787120032,273773101,,lidar,99.28559875488281,128.68397521972656,660.4461669921875,30
1787120032,273790177,,ui,0.0,0.0,0.0,0
1787120033,273399343,,esp32,100.00407409667969,202.6024932861328,642.5380859375,30
1787120033,273621827,,lidar,99.28559875488281,128.68397521972656,660.4461669921875,30
1787120033,273636671,,ui,0.0,0.0,0.0,0
1787120034,273399636,,esp32,100.00264739990234,202.6024932861328,642.5380859375,30
1787120034,273617906,,lidar,99.29084777832031,128.68397521972656,660.4461669921875,30
1787120034,273633160,,ui,0.0,0.0,0.0,0
1787120035,273471312,,esp32,100.00264739990234,202.6024932861328,642.5380859375,30
1787120035,273718376,,lidar,99.28512573242188,128.68397521972656,660.4461669921875,30
1787120035,273735045,,ui,0.0,0.0,0.0,0
1787120036,273339658,,esp32,100.00372314453125,202.6024932861328,642.5380859375,30
1787120036,273510315,,lidar,99.283935546875,128.68397521972656,660.4461669921875,30
1787120036,273520813,,ui,0.0,0.0,0.0,0
1787120037,273409764,,esp32,100.00181579589844,198.54409790039062,642.5380859375,30
1787120037,273666920,,lidar,99.28095245361328,123.40068817138672,660.4461669921875,30
1787120037,273681171,,ui,0.0,0.0,0.0,0
1787120038,273399539,,esp32,100.00347900390625,140.92123413085938,642.5380859375,30
1787120038,273634027,,lidar,99.28822326660156,107.36885070800781,643.4881591796875,30
1787120038,273651909,,ui,0.0,0.0,0.0,0
1787120039,273064039,,esp32,100.00347900390625,140.92123413085938,642.5380859375,30
1787120039,273190330,,lidar,99.28822326660156,107.36885070800781,643.4881591796875,30
1787120039,273198744,,ui,0.0,0.0,0.0,0
1787120040,273342739,,esp32,100.00181579589844,140.92123413085938,642.5380859375,30
1787120040,273708347,,lidar,99.28822326660156,107.36885070800781,643.4881591796875,30
1787120040,273735481,,ui,0.0,0.0,0.0,0
1787120041,272993398,,esp32,100.00181579589844,140.92123413085938,642.5380859375,30
1787120041,273077540,,lidar,99.28822326660156,107.36885070800781,643.4881591796875,30
1787120041,273085101,,ui,0.0,0.0,0.0,0
1787120042,273305961,,esp32,100.00347900390625,140.92123413085938,642.5380859375,30
1787120042,273672836,,lidar,99.28536224365234,107.36885070800781,643.4881591796875,30
1787120042,273701296,,ui,0.0,0.0,0.0,0
1787120043,273347129,,esp32,100.00491333007812,140.92123413085938,642.5380859375,30
1787120043,273669373,,lidar,99.28190612792969,107.6227798461914,643.4881591796875,30
1787120043,273702828,,ui,0.0,0.0,0.0,0
1787120044,273343873,,esp32,100.006103515625,140.92123413085938,642.5380859375,30
1787120044,273635016,,lidar,99.28453063964844,107.6227798461914,643.4881591796875,30
1787120044,273658806,,ui,0.0,0.0,0.0,0
1787120045,273311670,,esp32,100.00729370117188,140.92123413085938,642.5380859375,30
1787120045,273630732,,lidar,99.28536224365234,107.6227798461914,643.4881591796875,30
1787120045,273658473,,ui,0.0,0.0,0.0,0
1787120046,273410823,,esp32,100.00729370117188,140.92123413085938,642.5380859375,30
1787120046,273724862,,lidar,99.29370880126953,107.6227798461914,643.4881591796875,30
1787120046,273755255,,ui,0.0,0.0,0.0,0
1787120047,273331803,,esp32,100.00801086425781,140.73602294921875,642.5380859375,30
1787120047,273710293,,lidar,99.28536224365234,107.6227798461914,643.4881591796875,30
1787120047,273738926,,ui,0.0,0.0,0.0,0
1787120048,273301722,,esp32,100.00729370117188,140.92123413085938,642.5380859375,30
1787120048,273547956,,lidar,99.29108428955078,107.6227798461914,643.4881591796875,30
1787120048,273564424,,ui,0.0,0.0,0.0,0
1787120049,272940702,,esp32,100.00729370117188,140.92123413085938,642.5380859375,30
1787120049,273014457,,lidar,99.31111145019531,107.6227798461914,643.4881591796875,30
1787120049,273017640,,ui,0.0,0.0,0.0,0
1787120050,273211805,,esp32,100.0070571899414,140.92123413085938,642.5380859375,30
1787120050,273295977,,lidar,99.32124328613281,107.6227798461914,643.4881591796875,30
1787120050,273301164,,ui,0.0,0.0,0.0,0
1787120051,273158541,,esp32,100.0071792602539,139.9951934814453,642.5380859375,30
1787120051,273540412,,lidar,99.31826782226562,107.54401397705078,643.4881591796875,30
1787120051,273566563,,ui,0.0,0.0,0.0,0
1787120052,273226749,,esp32,100.00419616699219,121.18122100830078,602.0588989257812,30
1787120052,273457398,,lidar,99.31587982177734,107.21556854248047,635.8785400390625,30
1787120052,273471395,,ui,0.0,0.0,0.0,0
1787120053,273082696,,esp32,100.00657653808594,121.37141418457031,602.0588989257812,30
1787120053,273308323,,lidar,99.33709716796875,107.21556854248047,635.8785400390625,30
1787120053,273323453,,ui,0.0,0.0,0.0,0
1787120054,273279445,,esp32,100.00419616699219,121.18122100830078,602.0588989257812,30
1787120054,273548539,,lidar,99.31587982177734,107.21556854248047,635.8785400390625,30
1787120054,273564229,,ui,0.0,0.0,0.0,0
1787120055,273235303,,esp32,100.00419616699219,120.78731536865234,602.0588989257812,30
1787120055,273487392,,lidar,99.33709716796875,107.21556854248047,635.8785400390625,30
1787120055,273503216,,ui,0.0,0.0,0.0,0
1787120056,273172277,,esp32,100.00419616699219,120.78731536865234,602.0588989257812,30
1787120056,273396666,,lidar,99.33709716796875,107.21556854248047,635.8785400390625,30
1787120056,273410304,,ui,0.0,0.0,0.0,0
1787120057,273191894,,esp32,100.006103515625,120.78731536865234,602.0588989257812,30
1787120057,273563301,,lidar,99.32089233398438,106.51525115966797,635.8785400390625,30
1787120057,273592834,,ui,0.0,0.0,0.0,0
1787120058,273022097,,esp32,100.00491333007812,120.00965118408203,602.0588989257812,30
1787120058,273252400,,lidar,99.33734130859375,105.91650390625,109.94815826416016,30
1787120058,273267417,,ui,0.0,0.0,0.0,0
1787120059,272894022,,esp32,100.00491333007812,119.92704010009766,139.4395751953125,30
1787120059,272992856,,lidar,99.33734130859375,105.91650390625,109.94815826416016,30
1787120059,272997123,,ui,0.0,0.0,0.0,0
1787120060,273139458,,esp32,100.00491333007812,119.92704010009766,139.4395751953125,30
1787120060,273551264,,lidar,99.3387680053711,105.91650390625,109.94815826416016,30
1787120060,273581868,,ui,0.0,0.0,0.0,0
1787120061,272806623,,esp32,100.00347900390625,119.87735748291016,120.01013946533203,30
1787120061,272882719,,lidar,99.3387680053711,105.91650390625,109.94815826416016,30
1787120061,272887242,,ui,0.0,0.0,0.0,0
1787120062,273100026,,esp32,100.00061798095703,119.87735748291016,120.01013946533203,30
1787120062,273327953,,lidar,99.33734130859375,105.91650390625,109.94815826416016,30
1787120062,273341242,,ui,0.0,0.0,0.0,0
1787120063,273144098,,esp32,99.99525451660156,119.87735748291016,120.01013946533203,30
1787120063,273372640,,lidar,99.33734130859375,105.91650390625,109.94815826416016,30
1787120063,273389015,,ui,0.0,0.0,0.0,0
1787120064,273007443,,esp32,99.99919128417969,119.92842864990234,582.0269775390625,30
1787120064,273232813,,lidar,99.33399963378906,106.5081787109375,643.0842895507812,30
1787120064,273245648,,ui,0.0,0.0,0.0,0
1787120065,273087576,,esp32,100.00228881835938,119.96392822265625,582.0269775390625,30
1787120065,273327249,,lidar,99.32589721679688,106.5081787109375,643.0842895507812,30
1787120065,273343439,,ui,0.0,0.0,0.0,0
1787120066,273095229,,esp32,100.00228881835938,119.96392822265625,582.0269775390625,30
1787120066,273340058,,lidar,99.33399963378906,106.5081787109375,643.0842895507812,30
1787120066,273356834,,ui,0.0,0.0,0.0,0
1787120067,273066938,,esp32,100.00228881835938,120.28014373779297,582.0269775390625,30
1787120067,273298640,,lidar,99.32589721679688,106.5081787109375,643.0842895507812,30
1787120067,273312290,,ui,0.0,0.0,0.0,0
1787120068,272966409,,esp32,100.00061798095703,120.45006561279297,582.0269775390625,30
1787120068,273245863,,lidar,99.32589721679688,107.21514892578125,643.0842895507812,30
1787120068,273274830,,ui,0.0,0.0,0.0,0
1787120069,272908098,,esp32,100.00466918945312,120.45006561279297,582.0269775390625,30
1787120069,273035167,,lidar,99.32589721679688,107.21514892578125,643.0842895507812,30
1787120069,273042685,,ui,0.0,0.0,0.0,0
1787120070,273021731,,esp32,100.00563049316406,120.45006561279297,582.0269775390625,30
1787120070,273387340,,lidar,99.31802368164062,107.21514892578125,643.0842895507812,30
1787120070,273416856,,ui,0.0,0.0,0.0,0
1787120071,273058174,,esp32,100.00646209716797,120.45006561279297,582.0269775390625,30
1787120071,273344564,,lidar,99.31802368164062,107.21514892578125,643.0842895507812,30
1787120071,273372392,,ui,0.0,0.0,0.0,0
1787120072,273064326,,esp32,100.0101547241211,120.45006561279297,582.0269775390625,30
1787120072,273330860,,lidar,99.31802368164062,107.21514892578125,643.0842895507812,30
1787120072,273345822,,ui,0.0,0.0,0.0,0
1787120073,273056549,,esp32,100.00563049316406,120.45006561279297,582.0269775390625,30
1787120073,273303924,,lidar,99.32374572753906,105.80126190185547,643.0842895507812,30
1787120073,273318312,,ui,0.0,0.0,0.0,0
1787120074,273008961,,esp32,100.00347900390625,120.45006561279297,582.0269775390625,30
1787120074,273234233,,lidar,99.32374572753906,105.80126190185547,643.0842895507812,30
1787120074,273248125,,ui,0.0,0.0,0.0,0
1787120075,273025326,,esp32,100.00563049316406,120.45006561279297,582.0269775390625,30
1787120075,273321808,,lidar,99.3287582397461,105.80126190185547,643.0842895507812,30
1787120075,273342341,,ui,0.0,0.0,0.0,0
1787120076,273041112,,esp32,100.00563049316406,120.45006561279297,582.0269775390625,30
1787120076,273317536,,lidar,99.31802368164062,105.80126190185547,643.0842895507812,30
1787120076,273336108,,ui,0.0,0.0,0.0,0
1787120077,273028541,,esp32,100.00563049316406,120.45006561279297,582.0269775390625,30
1787120077,273259248,,lidar,99.32064819335938,106.50151062011719,643.0842895507812,30
1787120077,273274638,,ui,0.0,0.0,0.0,0
1787120078,273091430,,esp32,100.00466918945312,121.4895248413086,582.0269775390625,30
1787120078,273316801,,lidar,99.32374572753906,106.50151062011719,643.0842895507812,30
1787120078,273330880,,ui,0.0,0.0,0.0,0
1787120079,272944173,,esp32,100.00777435302734,121.4895248413086,582.0269775390625,30
1787120079,273190729,,lidar,99.32064819335938,106.50151062011719,643.0842895507812,30
1787120079,273207316,,ui,0.0,0.0,0.0,0
1787120080,272980391,,esp32,100.00991821289062,121.4895248413086,582.0269775390625,30
1787120080,273215788,,lidar,99.31170654296875,106.50151062011719,643.0842895507812,30
1787120080,273230642,,ui,0.0,0.0,0.0,0
1787120081,272964823,,esp32,100.0101547241211,121.4895248413086,582.0269775390625,30
1787120081,273209825,,lidar,99.31051635742188,106.50151062011719,643.0842895507812,30
1787120081,273226070,,ui,0.0,0.0,0.0,0
1787120082,272976021,,esp32,100.01229858398438,121.4895248413086,582.0269775390625,30
1787120082,273206212,,lidar,99.31051635742188,106.54289245605469,643.0842895507812,30
1787120082,273220441,,ui,0.0,0.0,0.0,0
1787120083,272927344,,esp32,100.01229858398438,121.4895248413086,582.0269775390625,30
1787120083,273161053,,lidar,99.31170654296875,106.54289245605469,643.0842895507812,30
1787120083,273177512,,ui,0.0,0.0,0.0,0
1787120084,272934991,,esp32,100.01229858398438,121.4895248413086,582.0269775390625,30
1787120084,273181734,,lidar,99.31170654296875,106.54289245605469,643.0842895507812,30
1787120084,273198172,,ui,0.0,0.0,0.0,0
1787120085,272929690,,esp32,100.0121841430664,121.4895248413086,582.0269775390625,30
1787120085,273162723,,lidar,99.31051635742188,106.54289245605469,643.0842895507812,30
1787120085,273177291,,ui,0.0,0.0,0.0,0
1787120086,272965844,,esp32,100.01099395751953,121.4895248413086,582.0269775390625,30
1787120086,273216160,,lidar,99.3143310546875,106.54289245605469,643.0842895507812,30
1787120086,273231390,,ui,0.0,0.0,0.0,0
1787120087,272925860,,esp32,100.01099395751953,121.4895248413086,582.0269775390625,30
1787120087,273211743,,lidar,99.31051635742188,106.54289245605469,643.0842895507812,30
1787120087,273238293,,ui,0.0,0.0,0.0,0
1787120088,272927923,,esp32,100.01099395751953,121.4895248413086,582.0269775390625,30
1787120088,273282440,,lidar,99.30657958984375,106.54391479492188,643.0842895507812,30
1787120088,273311048,,ui,0.0,0.0,0.0,0
1787120089,272828811,,esp32,100.01099395751953,121.4895248413086,582.0269775390625,30
1787120089,273045268,,lidar,99.30657958984375,106.54391479492188,643.0842895507812,30
1787120089,273057416,,ui,0.0,0.0,0.0,0
1787120090,272890622,,esp32,100.0121841430664,139.91375732421875,582.0269775390625,30
1787120090,273138528,,lidar,99.31063842773438,106.54391479492188,643.0842895507812,30
1787120090,273153557,,ui,0.0,0.0,0.0,0
1787120091,272915092,,esp32,100.01313781738281,139.91375732421875,582.0269775390625,30
1787120091,273164070,,lidar,99.30657958984375,106.54391479492188,643.0842895507812,30
1787120091,273179146,,ui,0.0,0.0,0.0,0
1787120092,272887871,,esp32,100.01492309570312,139.91375732421875,582.0269775390625,30
1787120092,273235096,,lidar,99.30443572998047,106.54391479492188,643.0842895507812,30
1787120092,273261723,,ui,0.0,0.0,0.0,0
1787120093,272884794,,esp32,100.01492309570312,139.91375732421875,582.0269775390625,30
1787120093,273173443,,lidar,99.30419921875,106.54391479492188,643.0842895507812,30
1787120093,273193743,,ui,0.0,0.0,0.0,0
1787120094,272865900,,esp32,100.01242065429688,121.01433563232422,156.1326904296875,30
1787120094,273132311,,lidar,99.31695556640625,105.70276641845703,107.85102844238281,30
1787120094,273150811,,ui,0.0,0.0,0.0,0
1787120095,272871648,,esp32,100.01099395751953,120.5040283203125,140.27523803710938,30
1787120095,273191247,,lidar,99.32696533203125,105.70276641845703,107.85102844238281,30
1787120095,273218072,,ui,0.0,0.0,0.0,0
1787120096,272880315,,esp32,100.01099395751953,120.5040283203125,140.27523803710938,30
1787120096,273296895,,lidar,99.31695556640625,105.70276641845703,107.85102844238281,30
1787120096,273331848,,ui,0.0,0.0,0.0,0
1787120097,272791894,,esp32,100.0121841430664,120.5040283203125,140.27523803710938,30
1787120097,273069753,,lidar,99.3254165649414,105.70276641845703,107.85102844238281,30
1787120097,273088662,,ui,0.0,0.0,0.0,0
1787120098,272739269,,esp32,100.01099395751953,120.41433715820312,140.27523803710938,30
1787120098,273134204,,lidar,99.32696533203125,104.9033432006836,106.64391326904297,30
1787120098,273163598,,ui,0.0,0.0,0.0,0
1787120099,272783880,,esp32,100.00991821289062,120.41433715820312,140.27523803710938,30
1787120099,273000016,,lidar,99.3254165649414,104.9033432006836,106.64391326904297,30
1787120099,273014600,,ui,0.0,0.0,0.0,0
1787120100,272820687,,esp32,100.00991821289062,120.45281219482422,140.27523803710938,30
1787120100,273147415,,lidar,99.32827758789062,104.9033432006836,106.64391326904297,30
1787120100,273180262,,ui,0.0,0.0,0.0,0
1787120101,272795740,,esp32,100.01301574707031,120.45281219482422,140.27523803710938,30
1787120101,273156654,,lidar,99.32827758789062,104.9033432006836,106.64391326904297,30
1787120101,273193441,,ui,0.0,0.0,0.0,0
1787120102,272756129,,esp32,100.0052719116211,120.46224975585938,140.27523803710938,30
1787120102,273112526,,lidar,99.32577514648438,104.9033432006836,106.64391326904297,30
1787120102,273142321,,ui,0.0,0.0,0.0,0
1787120103,272807361,,esp32,100.0069351196289,120.46224975585938,140.27523803710938,30
1787120103,273250691,,lidar,99.32231903076172,105.35983276367188,106.64391326904297,30
1787120103,273287830,,ui,0.0,0.0,0.0,0
1787120104,272623355,,esp32,100.0069351196289,120.46224975585938,140.27523803710938,30
1787120104,272857071,,lidar,99.32577514648438,105.35983276367188,106.64391326904297,30
1787120104,272872522,,ui,0.0,0.0,0.0,0
1787120105,272867857,,esp32,100.0010986328125,120.46224975585938,140.27523803710938,30
1787120105,273299123,,lidar,99.32005310058594,105.35983276367188,106.64391326904297,30
1787120105,273337203,,ui,0.0,0.0,0.0,0
1787120106,272805740,,esp32,100.0010986328125,120.46224975585938,140.27523803710938,30
1787120106,273231883,,lidar,99.32231903076172,105.35983276367188,106.64391326904297,30
1787120106,273267065,,ui,0.0,0.0,0.0,0
1787120107,272773274,,esp32,100.0010986328125,120.46224975585938,140.27523803710938,30
1787120107,273125758,,lidar,99.31659698486328,104.89996337890625,106.64391326904297,30
1787120107,273154547,,ui,0.0,0.0,0.0,0
1787120108,272772223,,esp32,100.0020523071289,120.44915771484375,139.8947296142578,30
1787120108,273199702,,lidar,99.31266021728516,104.89996337890625,106.64391326904297,30
1787120108,273230314,,ui,0.0,0.0,0.0,0
1787120109,272459478,,esp32,100.00025939941406,120.44915771484375,139.8947296142578,30
1787120109,272651721,,lidar,99.31361389160156,104.89996337890625,106.64391326904297,30
1787120109,272664536,,ui,0.0,0.0,0.0,0
1787120110,272468750,,esp32,99.99978637695312,120.44915771484375,139.8947296142578,30
1787120110,272669683,,lidar,99.31671905517578,104.86644744873047,106.64391326904297,30
1787120110,272681064,,ui,0.0,0.0,0.0,0
1787120111,272514372,,esp32,100.00074005126953,120.44915771484375,139.8947296142578,30
1787120111,272769922,,lidar,99.31671905517578,105.35983276367188,106.64391326904297,30
1787120111,272783068,,ui,0.0,0.0,0.0,0
1787120112,272592317,,esp32,99.99978637695312,120.44915771484375,139.8947296142578,30
1787120112,272831570,,lidar,99.31671905517578,104.86644744873047,106.32443237304688,30
1787120112,272845720,,ui,0.0,0.0,0.0,0
1787120113,272677803,,esp32,99.99871063232422,120.44915771484375,139.8947296142578,30
1787120113,272948568,,lidar,99.31301879882812,104.86644744873047,106.32443237304688,30
1787120113,272963435,,ui,0.0,0.0,0.0,0
1787120114,272637196,,esp32,99.99764251708984,120.44915771484375,139.8947296142578,30
1787120114,272887177,,lidar,99.31361389160156,104.86644744873047,106.32443237304688,30
1787120114,272901893,,ui,0.0,0.0,0.0,0
1787120115,272679047,,esp32,99.99525451660156,120.46224975585938,139.93406677246094,30
1787120115,272939244,,lidar,99.3204116821289,104.55323028564453,106.32443237304688,30
1787120115,272954259,,ui,0.0,0.0,0.0,0
1787120116,272674724,,esp32,99.99442291259766,120.46224975585938,139.93406677246094,30
1787120116,272947677,,lidar,99.31314086914062,104.55323028564453,106.32443237304688,30
1787120116,272966533,,ui,0.0,0.0,0.0,0
1787120117,272661754,,esp32,99.99442291259766,120.46224975585938,139.93406677246094,30
1787120117,272919915,,lidar,99.31636047363281,104.55323028564453,106.32443237304688,30
1787120117,272936248,,ui,0.0,0.0,0.0,0
1787120118,272541296,,esp32,99.99442291259766,120.46224975585938,139.93406677246094,30
1787120118,272772622,,lidar,99.31636047363281,104.54776763916016,106.32443237304688,30
1787120118,272786461,,ui,0.0,0.0,0.0,0
1787120119,272629970,,esp32,99.99525451660156,120.46224975585938,139.93406677246094,30
1787120119,272867597,,lidar,99.3193359375,104.54776763916016,106.32443237304688,30
1787120119,272880615,,ui,0.0,0.0,0.0,0
1787120120,272633554,,esp32,99.9969253540039,120.44151306152344,139.93406677246094,30
1787120120,272906532,,lidar,99.31314086914062,104.54776763916016,106.32443237304688,30
1787120120,272921822,,ui,0.0,0.0,0.0,0
1787120121,272626057,,esp32,99.99430084228516,120.44151306152344,139.93406677246094,30
1787120121,272873956,,lidar,99.31636047363281,104.8156967163086,109.03167724609375,30
1787120121,272887258,,ui,0.0,0.0,0.0,0
1787120122,272586723,,esp32,99.99322509765625,120.44151306152344,139.93406677246094,30
1787120122,272842103,,lidar,99.31636047363281,105.36613464355469,109.03167724609375,30
1787120122,272856285,,ui,0.0,0.0,0.0,0
1787120123,272643339,,esp32,99.99430084228516,120.44151306152344,139.93406677246094,30
1787120123,272943221,,lidar,99.31314086914062,106.28997039794922,109.03167724609375,30
1787120123,272967594,,ui,0.0,0.0,0.0,0
1787120124,272465345,,esp32,99.99430084228516,120.44151306152344,139.93406677246094,30
1787120124,272742860,,lidar,99.309326171875,106.32791900634766,109.03167724609375,30
1787120124,272760384,,ui,0.0,0.0,0.0,0
1787120125,272499174,,esp32,99.99430084228516,120.44151306152344,139.93406677246094,30
1787120125,272755814,,lidar,99.309326171875,106.32791900634766,109.03167724609375,30
1787120125,272770373,,ui,0.0,0.0,0.0,0
1787120126,272453028,,esp32,99.99656677246094,120.44915771484375,140.14553833007812,30
1787120126,272696798,,lidar,99.31314086914062,106.32791900634766,109.03167724609375,30
1787120126,272710151,,ui,0.0,0.0,0.0,0
1787120127,272743605,,esp32,99.99978637695312,120.45903778076172,140.14553833007812,30
1787120127,273003513,,lidar,99.31636047363281,106.32791900634766,109.03167724609375,30
1787120127,273018766,,ui,0.0,0.0,0.0,0
1787120128,272638565,,esp32,100.00181579589844,120.45903778076172,140.14553833007812,30
1787120128,273039488,,lidar,99.31182861328125,106.32791900634766,109.03167724609375,30
1787120128,273070629,,ui,0.0,0.0,0.0,0
1787120129,272557656,,esp32,99.99859619140625,120.45903778076172,140.14553833007812,30
1787120129,272951094,,lidar,99.309326171875,106.32791900634766,109.03167724609375,30
1787120129,272980133,,ui,0.0,0.0,0.0,0
1787120130,272509355,,esp32,99.99978637695312,120.45903778076172,140.14553833007812,30
1787120130,272821079,,lidar,99.309326171875,106.32791900634766,109.03167724609375,30
1787120130,272844560,,ui,0.0,0.0,0.0,0
1787120131,272598783,,esp32,99.99978637695312,120.45903778076172,140.14553833007812,30
1787120131,272847234,,lidar,99.31314086914062,106.32791900634766,109.03167724609375,30
1787120131,272862580,,ui,0.0,0.0,0.0,0
1787120132,272523307,,esp32,100.00347900390625,120.44204711914062,140.14553833007812,30
1787120132,272796057,,lidar,99.32005310058594,106.67744445800781,109.03167724609375,30
1787120132,272814773,,ui,0.0,0.0,0.0,0
1787120133,272397308,,esp32,100.00181579589844,120.44204711914062,140.14553833007812,30
1787120133,272655591,,lidar,99.3254165649414,106.67744445800781,109.03167724609375,30
1787120133,272668903,,ui,0.0,0.0,0.0,0
1787120134,272729088,,esp32,100.00347900390625,120.44204711914062,140.14553833007812,30
1787120134,273047026,,lidar,99.32422637939453,106.67744445800781,109.03167724609375,30
1787120134,273069279,,ui,0.0,0.0,0.0,0
1787120135,272632069,,esp32,100.00383758544922,120.44818115234375,140.14553833007812,30
1787120135,272890279,,lidar,99.32422637939453,106.67744445800781,109.03167724609375,30
1787120135,272904602,,ui,0.0,0.0,0.0,0
1787120136,272584414,,esp32,100.00181579589844,120.7291259765625,141.0489044189453,30
1787120136,273025236,,lidar,99.32422637939453,107.12024688720703,109.03167724609375,30
1787120136,273058478,,ui,0.0,0.0,0.0,0
1787120137,272539767,,esp32,100.00181579589844,120.7291259765625,141.0489044189453,30
1787120137,272808789,,lidar,99.32637023925781,107.12024688720703,109.03167724609375,30
1787120137,272824199,,ui,0.0,0.0,0.0,0
1787120138,272492592,,esp32,99.99978637695312,139.93617248535156,141.0489044189453,30
1787120138,272782759,,lidar,99.3294677734375,107.12024688720703,109.03167724609375,30
1787120138,272802985,,ui,0.0,0.0,0.0,0
1787120139,272344829,,esp32,100.00383758544922,139.93617248535156,141.0489044189453,30
1787120139,272499760,,lidar,99.3294677734375,107.12024688720703,109.03167724609375,30
1787120139,272508570,,ui,0.0,0.0,0.0,0
1787120140,272482233,,esp32,100.00181579589844,139.93617248535156,141.0489044189453,30
1787120140,272739510,,lidar,99.33030700683594,107.12024688720703,109.03167724609375,30
1787120140,272756004,,ui,0.0,0.0,0.0,0
1787120141,272453694,,esp32,100.00181579589844,139.93617248535156,141.0489044189453,30
1787120141,272737312,,lidar,99.33602905273438,107.12024688720703,109.03167724609375,30
1787120141,272751911,,ui,0.0,0.0,0.0,0
1787120142,272441153,,esp32,99.99978637695312,139.93617248535156,141.0489044189453,30
1787120142,272682428,,lidar,99.34281921386719,107.12024688720703,109.03167724609375,30
1787120142,272696333,,ui,0.0,0.0,0.0,0
1787120143,272446409,,esp32,100.00336456298828,139.93617248535156,141.0489044189453,30
1787120143,272714887,,lidar,99.34281921386719,107.12024688720703,109.03167724609375,30
1787120143,272731024,,ui,0.0,0.0,0.0,0
1787120144,272511207,,esp32,100.00336456298828,140.1484375,141.0489044189453,30
1787120144,272947140,,lidar,99.33853149414062,107.12024688720703,109.03167724609375,30
1787120144,272983381,,ui,0.0,0.0,0.0,0
1787120145,272553946,,esp32,100.00336456298828,140.1484375,141.0489044189453,30
1787120145,272894645,,lidar,99.33030700683594,107.12024688720703,109.03167724609375,30
1787120145,272921992,,ui,0.0,0.0,0.0,0
1787120146,272473624,,esp32,100.00336456298828,140.1484375,141.0489044189453,30
1787120146,272756469,,lidar,99.33853149414062,107.12024688720703,109.03167724609375,30
1787120146,272774246,,ui,0.0,0.0,0.0,0
1787120147,272446507,,esp32,99.99978637695312,140.1484375,141.0489044189453,30
1787120147,272715083,,lidar,99.35486602783203,107.12024688720703,109.03167724609375,30
1787120147,272730360,,ui,0.0,0.0,0.0,0
1787120148,272432574,,esp32,100.00133514404297,140.1484375,141.0489044189453,30
1787120148,272682377,,lidar,99.36809539794922,107.12024688720703,109.03167724609375,30
1787120148,272695813,,ui,0.0,0.0,0.0,0
1787120149,272216222,,esp32,100.00133514404297,140.1484375,141.0489044189453,30
1787120149,272404178,,lidar,99.35784149169922,107.12024688720703,109.03167724609375,30
1787120149,272415149,,ui,0.0,0.0,0.0,0
1787120150,272348039,,esp32,99.99418640136719,140.1484375,141.0489044189453,30
1787120150,272650518,,lidar,99.35784149169922,107.12024688720703,109.03167724609375,30
1787120150,272666133,,ui,0.0,0.0,0.0,0
1787120151,272425491,,esp32,99.99418640136719,140.1484375,141.0489044189453,30
1787120151,272748050,,lidar,99.35868072509766,106.67744445800781,107.71488952636719,30
1787120151,272773929,,ui,0.0,0.0,0.0,0
1787120152,272483661,,esp32,99.9917984008789,140.1484375,141.0489044189453,30
1787120152,272801844,,lidar,99.3610610961914,106.29790496826172,107.71488952636719,30
1787120152,272826052,,ui,0.0,0.0,0.0,0
1787120153,272231146,,esp32,99.99418640136719,140.1484375,141.0489044189453,30
1787120153,272680629,,lidar,99.3745346069336,106.17637634277344,107.71488952636719,30
1787120153,272711090,,ui,0.0,0.0,0.0,0
1787120154,272174256,,esp32,99.99739837646484,140.1484375,141.0489044189453,30
1787120154,272418161,,lidar,99.37358093261719,106.06837463378906,107.40089416503906,30
1787120154,272433041,,ui,0.0,0.0,0.0,0
1787120155,272134480,,esp32,99.99620819091797,140.1484375,141.0489044189453,30
1787120155,272378149,,lidar,99.37477111816406,106.06837463378906,107.40089416503906,30
1787120155,272392651,,ui,0.0,0.0,0.0,0
1787120156,272254854,,esp32,99.9917984008789,120.95648193359375,141.0489044189453,30
1787120156,272571627,,lidar,99.35807800292969,106.06837463378906,107.40089416503906,30
1787120156,272593943,,ui,0.0,0.0,0.0,0
1787120157,272271199,,esp32,99.98953247070312,120.95648193359375,141.0489044189453,30
1787120157,272613855,,lidar,99.34544372558594,106.06837463378906,107.40089416503906,30
1787120157,272639751,,ui,0.0,0.0,0.0,0
1787120158,272153530,,esp32,99.98953247070312,120.95648193359375,141.0489044189453,30
1787120158,272418221,,lidar,99.34544372558594,106.06837463378906,107.40089416503906,30
1787120158,272431415,,ui,0.0,0.0,0.0,0
1787120159,272161730,,esp32,99.99370574951172,120.95648193359375,141.0489044189453,30
1787120159,272358336,,lidar,99.34544372558594,106.06837463378906,107.40089416503906,30
1787120159,272369021,,ui,0.0,0.0,0.0,0
1787120160,272249491,,esp32,99.99370574951172,120.95648193359375,141.0489044189453,30
1787120160,272737732,,lidar,99.3306655883789,106.06837463378906,107.40089416503906,30
1787120160,272773865,,ui,0.0,0.0,0.0,0
1787120161,272507634,,esp32,99.9917984008789,120.95648193359375,141.0489044189453,30
1787120161,272941584,,lidar,99.3306655883789,106.06837463378906,107.40089416503906,30
1787120161,272973443,,ui,0.0,0.0,0.0,0
1787120162,272267437,,esp32,99.9917984008789,120.95648193359375,141.0489044189453,30
1787120162,272518752,,lidar,99.33424377441406,105.79609680175781,107.40089416503906,30
1787120162,272533422,,ui,0.0,0.0,0.0,0
1787120163,272368087,,esp32,99.99430084228516,120.95648193359375,141.0489044189453,30
1787120163,272655417,,lidar,99.3306655883789,105.79609680175781,107.40089416503906,30
1787120163,272671150,,ui,0.0,0.0,0.0,0
1787120164,272209724,,esp32,99.99275207519531,120.95648193359375,141.0489044189453,30
1787120164,272477661,,lidar,99.32899475097656,106.06837463378906,107.40089416503906,30
1787120164,272494135,,ui,0.0,0.0,0.0,0
1787120165,272334605,,esp32,99.990966796875,120.95648193359375,141.0489044189453,30
1787120165,272626736,,lidar,99.32899475097656,106.06837463378906,107.40089416503906,30
1787120165,272641189,,ui,0.0,0.0,0.0,0
1787120166,272323079,,esp32,99.99275207519531,120.66059112548828,140.5673065185547,30
1787120166,272571887,,lidar,99.32899475097656,105.79609680175781,106.17637634277344,30
1787120166,272586601,,ui,0.0,0.0,0.0,0
1787120167,272326242,,esp32,99.99537658691406,120.66059112548828,140.5673065185547,30
1787120167,272595386,,lidar,99.3306655883789,105.79609680175781,106.17637634277344,30
1787120167,272610101,,ui,0.0,0.0,0.0,0
1787120168,272241968,,esp32,99.99537658691406,120.49342346191406,140.43521118164062,30
1787120168,272511041,,lidar,99.32899475097656,105.67784118652344,106.10890197753906,30
1787120168,272527496,,ui,0.0,0.0,0.0,0
1787120169,272051614,,esp32,99.99430084228516,120.49342346191406,140.43521118164062,30
1787120169,272307100,,lidar,99.32899475097656,105.67784118652344,106.10890197753906,30
1787120169,272323088,,ui,0.0,0.0,0.0,0
1787120170,271979352,,esp32,99.99430084228516,120.49342346191406,140.43521118164062,30
1787120170,272132813,,lidar,99.32208251953125,105.48424530029297,106.10890197753906,30
1787120170,272141835,,ui,0.0,0.0,0.0,0
1787120171,272177695,,esp32,99.99394226074219,120.49342346191406,140.43521118164062,30
1787120171,272422966,,lidar,99.32494354248047,105.67784118652344,106.10890197753906,30
1787120171,272436226,,ui,0.0,0.0,0.0,0
1787120172,272253079,,esp32,99.99537658691406,120.49342346191406,140.43521118164062,30
1787120172,272528090,,lidar,99.31611633300781,105.67784118652344,106.10890197753906,30
1787120172,272542145,,ui,0.0,0.0,0.0,0
1787120173,272261637,,esp32,99.99394226074219,120.49342346191406,140.43521118164062,30
1787120173,272525634,,lidar,99.31611633300781,105.67784118652344,106.10890197753906,30
1787120173,272541351,,ui,0.0,0.0,0.0,0
1787120174,272226569,,esp32,99.99394226074219,120.46153259277344,120.66101837158203,30
1787120174,272479757,,lidar,99.31278228759766,105.67784118652344,106.10890197753906,30
1787120174,272492945,,ui,0.0,0.0,0.0,0
1787120175,272179905,,esp32,99.99394226074219,120.46153259277344,120.66101837158203,30
1787120175,272606368,,lidar,99.32899475097656,105.67784118652344,106.10890197753906,30
1787120175,272639541,,ui,0.0,0.0,0.0,0
1787120176,272310370,,esp32,99.99251556396484,120.46153259277344,120.66101837158203,30
1787120176,272613369,,lidar,99.32494354248047,105.67784118652344,106.10890197753906,30
1787120176,272634927,,ui,0.0,0.0,0.0,0
1787120177,272260682,,esp32,99.99430084228516,120.46153259277344,120.66101837158203,30
1787120177,272717229,,lidar,99.32494354248047,105.67784118652344,106.10890197753906,30
1787120177,272756884,,ui,0.0,0.0,0.0,0
1787120178,272221293,,esp32,99.99394226074219,120.46153259277344,120.66101837158203,30
1787120178,272499503,,lidar,99.31611633300781,105.67784118652344,106.10890197753906,30
1787120178,272514535,,ui,0.0,0.0,0.0,0
1787120179,272064150,,esp32,99.99394226074219,120.46153259277344,120.66101837158203,30
1787120179,272310108,,lidar,99.32494354248047,105.67784118652344,106.10890197753906,30
1787120179,272323032,,ui,0.0,0.0,0.0,0
1787120180,272121831,,esp32,99.99430084228516,120.49342346191406,120.72014617919922,30
1787120180,272386948,,lidar,99.32494354248047,105.67784118652344,106.10890197753906,30
1787120180,272403064,,ui,0.0,0.0,0.0,0
1787120181,272238895,,esp32,99.99537658691406,120.5465316772461,120.72014617919922,30
1787120181,272511561,,lidar,99.32494354248047,105.48424530029297,106.10890197753906,30
1787120181,272526613,,ui,0.0,0.0,0.0,0
1787120182,272258399,,esp32,100.00360107421875,120.5465316772461,120.72014617919922,30
1787120182,272540345,,lidar,99.31611633300781,105.67784118652344,106.91117858886719,30
1787120182,272556027,,ui,0.0,0.0,0.0,0
1787120183,272151245,,esp32,100.00360107421875,120.65960693359375,120.80359649658203,30
1787120183,272400044,,lidar,99.32267761230469,105.68120574951172,106.91117858886719,30
1787120183,272413382,,ui,0.0,0.0,0.0,0
1787120184,272209350,,esp32,100.00360107421875,120.65960693359375,120.80359649658203,30
1787120184,272477683,,lidar,99.32267761230469,105.68120574951172,106.91117858886719,30
1787120184,272492956,,ui,0.0,0.0,0.0,0
1787120185,272246252,,esp32,100.00563049316406,120.65960693359375,120.80359649658203,30
1787120185,272524291,,lidar,99.30956268310547,105.68120574951172,106.91117858886719,30
1787120185,272540819,,ui,0.0,0.0,0.0,0
1787120186,272118411,,esp32,100.00360107421875,120.65960693359375,120.80359649658203,30
1787120186,272371983,,lidar,99.31826782226562,105.68120574951172,106.91117858886719,30
1787120186,272385359,,ui,0.0,0.0,0.0,0
1787120187,272113170,,esp32,100.00360107421875,120.65960693359375,120.80359649658203,30
1787120187,272369098,,lidar,99.31826782226562,106.01496124267578,107.6364517211914,30
1787120187,272382819,,ui,0.0,0.0,0.0,0
1787120188,272261776,,esp32,100.00121307373047,120.65960693359375,120.80359649658203,30
1787120188,272729924,,lidar,99.31517028808594,106.01496124267578,107.6364517211914,30
1787120188,272766062,,ui,0.0,0.0,0.0,0
1787120189,272087583,,esp32,99.99990844726562,120.65960693359375,120.80359649658203,30
1787120189,272318143,,lidar,99.32267761230469,106.01496124267578,107.6364517211914,30
1787120189,272331991,,ui,0.0,0.0,0.0,0
1787120190,272087182,,esp32,99.99800109863281,120.65960693359375,120.80359649658203,30
1787120190,272353240,,lidar,99.32732391357422,106.01496124267578,107.6364517211914,30
1787120190,272368638,,ui,0.0,0.0,0.0,0
1787120191,272145253,,esp32,99.99800109863281,120.65960693359375,120.80359649658203,30
1787120191,272614136,,lidar,99.32267761230469,106.01496124267578,107.6364517211914,30
1787120191,272651404,,ui,0.0,0.0,0.0,0
1787120192,272302832,,esp32,99.99990844726562,120.65960693359375,120.80359649658203,30
1787120192,272591735,,lidar,99.31182861328125,106.01496124267578,107.6364517211914,30
1787120192,272610405,,ui,0.0,0.0,0.0,0
1787120193,272096783,,esp32,99.99990844726562,120.66161346435547,140.28811645507812,30
1787120193,272355711,,lidar,99.3134994506836,106.01496124267578,107.6364517211914,30
1787120193,272369446,,ui,0.0,0.0,0.0,0
1787120194,272270754,,esp32,100.00264739990234,120.66161346435547,140.28811645507812,30
1787120194,272555127,,lidar,99.319580078125,105.90213012695312,107.6364517211914,30
1787120194,272571102,,ui,0.0,0.0,0.0,0
1787120195,272147688,,esp32,100.00264739990234,120.66161346435547,140.28811645507812,30
1787120195,272431869,,lidar,99.319580078125,105.90213012695312,107.6364517211914,30
1787120195,272447436,,ui,0.0,0.0,0.0,0
1787120196,272136893,,esp32,100.0052719116211,120.66161346435547,140.28811645507812,30
1787120196,272420264,,lidar,99.319580078125,105.90213012695312,107.6364517211914,30
1787120196,272442277,,ui,0.0,0.0,0.0,0
1787120197,272153978,,esp32,100.00025939941406,120.66161346435547,140.28811645507812,30
1787120197,272428821,,lidar,99.31647491455078,105.90213012695312,107.6364517211914,30
1787120197,272443700,,ui,0.0,0.0,0.0,0
1787120198,272184028,,esp32,100.00025939941406,120.72098541259766,140.34986877441406,30
1787120198,272530369,,lidar,99.3134994506836,105.90213012695312,107.6364517211914,30
1787120198,272558963,,ui,0.0,0.0,0.0,0
1787120199,272028954,,esp32,99.99358367919922,120.72098541259766,140.34986877441406,30
1787120199,272244101,,lidar,99.31266021728516,105.90213012695312,107.6364517211914,30
1787120199,272257551,,ui,0.0,0.0,0.0,0
1787120200,272152810,,esp32,99.99775695800781,120.72098541259766,140.34986877441406,30
1787120200,272489227,,lidar,99.31647491455078,106.0174331665039,107.6364517211914,30
1787120200,272517119,,ui,0.0,0.0,0.0,0
1787120201,272074690,,esp32,99.99990844726562,120.72098541259766,140.34986877441406,30
1787120201,272406165,,lidar,99.3134994506836,106.36000061035156,107.6364517211914,30
1787120201,272428275,,ui,0.0,0.0,0.0,0
1787120202,272044890,,esp32,99.99775695800781,120.72098541259766,140.34986877441406,30
1787120202,272307424,,lidar,99.319580078125,106.36000061035156,107.6364517211914,30
1787120202,272322523,,ui,0.0,0.0,0.0,0
1787120203,271891201,,esp32,100.00264739990234,120.72098541259766,140.34986877441406,30
1787120203,272123531,,lidar,99.32267761230469,106.76649475097656,107.6364517211914,30
1787120203,272135340,,ui,0.0,0.0,0.0,0
1787120204,272049216,,esp32,100.0052719116211,120.72098541259766,140.34986877441406,30
1787120204,272322003,,lidar,99.3297119140625,106.76649475097656,107.6364517211914,30
1787120204,272336724,,ui,0.0,0.0,0.0,0
1787120205,271961989,,esp32,100.00682067871094,120.72098541259766,140.34986877441406,30
1787120205,272204059,,lidar,99.32732391357422,106.87247467041016,107.6364517211914,30
1787120205,272215842,,ui,0.0,0.0,0.0,0
1787120206,272043797,,esp32,100.00932312011719,120.72098541259766,140.34986877441406,30
1787120206,272322357,,lidar,99.3297119140625,106.87247467041016,107.6364517211914,30
1787120206,272336674,,ui,0.0,0.0,0.0,0
1787120207,271976518,,esp32,100.00824737548828,120.72098541259766,140.34986877441406,30
1787120207,272226843,,lidar,99.3297119140625,106.87247467041016,107.6364517211914,30
1787120207,272241600,,ui,0.0,0.0,0.0,0
1787120208,272003824,,esp32,100.01229858398438,120.72098541259766,140.34986877441406,30
1787120208,272255783,,lidar,99.3297119140625,106.87247467041016,107.6364517211914,30
1787120208,272268938,,ui,0.0,0.0,0.0,0
1787120209,271836743,,esp32,100.00813293457031,120.72098541259766,140.34986877441406,30
1787120209,272074714,,lidar,99.33316802978516,106.87247467041016,107.6364517211914,30
1787120209,272087022,,ui,0.0,0.0,0.0,0
1787120210,271928480,,esp32,100.00813293457031,120.6893539428711,140.34986877441406,30
1787120210,272203520,,lidar,99.33936309814453,106.87247467041016,107.6364517211914,30
1787120210,272218342,,ui,0.0,0.0,0.0,0
1787120211,271930771,,esp32,100.00813293457031,120.6893539428711,140.34986877441406,30
1787120211,272189021,,lidar,99.33316802978516,106.87247467041016,107.6364517211914,30
1787120211,272202313,,ui,0.0,0.0,0.0,0
1787120212,272021208,,esp32,100.00682067871094,120.6893539428711,140.34986877441406,30
1787120212,272300874,,lidar,99.33316802978516,106.76610565185547,107.6364517211914,30
1787120212,272316221,,ui,0.0,0.0,0.0,0
1787120213,272064194,,esp32,100.0052719116211,120.55956268310547,140.34986877441406,30
1787120213,272348188,,lidar,99.32816314697266,106.76610565185547,107.6364517211914,30
1787120213,272363192,,ui,0.0,0.0,0.0,0
1787120214,272018288,,esp32,100.00682067871094,120.55956268310547,140.34986877441406,30
1787120214,272269949,,lidar,99.33316802978516,106.76610565185547,107.6364517211914,30
1787120214,272283759,,ui,0.0,0.0,0.0,0
1787120215,272066824,,esp32,100.0069351196289,120.55956268310547,140.34986877441406,30
1787120215,272356193,,lidar,99.34413146972656,106.76610565185547,107.6364517211914,30
1787120215,272374013,,ui,0.0,0.0,0.0,0
1787120216,271997574,,esp32,100.00563049316406,120.55956268310547,140.34986877441406,30
1787120216,272260257,,lidar,99.3345947265625,106.76610565185547,107.6364517211914,30
1787120216,272274003,,ui,0.0,0.0,0.0,0
1787120217,272051201,,esp32,100.00860595703125,120.55956268310547,140.34986877441406,30
1787120217,272530876,,lidar,99.34127044677734,106.36000061035156,107.31816101074219,30
1787120217,272568458,,ui,0.0,0.0,0.0,0
1787120218,272007483,,esp32,100.00860595703125,120.55956268310547,140.34986877441406,30
1787120218,272321306,,lidar,99.34342193603516,106.76610565185547,107.31816101074219,30
1787120218,272336142,,ui,0.0,0.0,0.0,0
1787120219,271785245,,esp32,100.0069351196289,120.55956268310547,140.34986877441406,30
1787120219,271921005,,lidar,99.33853149414062,106.76610565185547,107.31816101074219,30
1787120219,271928879,,ui,0.0,0.0,0.0,0
1787120220,271863850,,esp32,100.00563049316406,120.690673828125,140.34986877441406,30
1787120220,272162513,,lidar,99.3345947265625,106.76610565185547,107.31816101074219,30
1787120220,272181546,,ui,0.0,0.0,0.0,0
1787120221,271900507,,esp32,100.00563049316406,120.690673828125,140.34986877441406,30
1787120221,272179384,,lidar,99.34127044677734,106.76610565185547,107.31816101074219,30
1787120221,272194733,,ui,0.0,0.0,0.0,0
1787120222,271960340,,esp32,100.00563049316406,120.690673828125,140.34986877441406,30
1787120222,272313902,,lidar,99.33853149414062,106.76610565185547,107.31816101074219,30
1787120222,272334484,,ui,0.0,0.0,0.0,0
1787120223,271937624,,esp32,100.0069351196289,120.55956268310547,140.34986877441406,30
1787120223,272195806,,lidar,99.33495330810547,106.76610565185547,107.31816101074219,30
1787120223,272210074,,ui,0.0,0.0,0.0,0
1787120224,271892704,,esp32,100.0051498413086,120.55956268310547,140.34986877441406,30
1787120224,272174642,,lidar,99.33293151855469,106.76610565185547,107.31816101074219,30
1787120224,272189350,,ui,0.0,0.0,0.0,0
1787120225,271808886,,esp32,100.00038146972656,120.55956268310547,140.34986877441406,30
1787120225,272089926,,lidar,99.33507537841797,106.76610565185547,107.31816101074219,30
1787120225,272104868,,ui,0.0,0.0,0.0,0
1787120226,271943475,,esp32,100.0051498413086,120.63957977294922,140.34986877441406,30
1787120226,272233268,,lidar,99.33293151855469,106.76610565185547,107.31816101074219,30
1787120226,272249093,,ui,0.0,0.0,0.0,0
1787120227,271982342,,esp32,100.00550842285156,120.63957977294922,140.34986877441406,30
1787120227,272331646,,lidar,99.33507537841797,106.76610565185547,107.31816101074219,30
1787120227,272358867,,ui,0.0,0.0,0.0,0
1787120228,271918057,,esp32,100.0069351196289,120.55906677246094,120.93544006347656,30
1787120228,272200115,,lidar,99.34281921386719,106.87297058105469,126.00493621826172,30
1787120228,272215553,,ui,0.0,0.0,0.0,0
1787120229,271574635,,esp32,100.00860595703125,120.46549987792969,120.93544006347656,30
1787120229,271697728,,lidar,99.344970703125,106.87297058105469,126.00493621826172,30
1787120229,271704236,,ui,0.0,0.0,0.0,0
1787120230,271667072,,esp32,100.0069351196289,120.47423553466797,120.93544006347656,30
1787120230,271876879,,lidar,99.344970703125,106.87297058105469,126.00493621826172,30
1787120230,271891008,,ui,0.0,0.0,0.0,0
1787120231,271934557,,esp32,100.0051498413086,120.47504425048828,121.02794647216797,30
1787120231,272380605,,lidar,99.344970703125,106.87297058105469,126.00493621826172,30
1787120231,272415181,,ui,0.0,0.0,0.0,0
1787120232,271833836,,esp32,99.99072265625,120.47504425048828,121.02794647216797,30
1787120232,272320757,,lidar,99.34281921386719,106.87297058105469,126.00493621826172,30
1787120232,272355107,,ui,0.0,0.0,0.0,0
1787120233,271889064,,esp32,99.98762512207031,120.47504425048828,121.02794647216797,30
1787120233,272175164,,lidar,99.34281921386719,105.86681365966797,126.00493621826172,30
1787120233,272191127,,ui,0.0,0.0,0.0,0
1787120234,271886078,,esp32,99.98762512207031,120.47504425048828,121.02794647216797,30
1787120234,272167890,,lidar,99.34281921386719,106.86122131347656,126.00493621826172,30
1787120234,272183766,,ui,0.0,0.0,0.0,0
1787120235,271815379,,esp32,99.98762512207031,120.47504425048828,121.02794647216797,30
1787120235,272286348,,lidar,99.33865356445312,106.86211395263672,126.00493621826172,30
1787120235,272320976,,ui,0.0,0.0,0.0,0
1787120236,271975967,,esp32,99.98762512207031,120.47504425048828,121.02794647216797,30
1787120236,272465224,,lidar,99.33507537841797,106.86211395263672,126.00493621826172,30
1787120236,272504263,,ui,0.0,0.0,0.0,0
1787120237,271753038,,esp32,99.98285675048828,120.47504425048828,121.02794647216797,30
1787120237,272037672,,lidar,99.33865356445312,106.86211395263672,126.00493621826172,30
1787120237,272053969,,ui,0.0,0.0,0.0,0
1787120238,271867458,,esp32,99.98285675048828,120.63648986816406,121.02794647216797,30
1787120238,272159141,,lidar,99.33293151855469,106.86211395263672,126.00493621826172,30
1787120238,272175424,,ui,0.0,0.0,0.0,0
1787120239,271623031,,esp32,99.98535919189453,120.63648986816406,121.02794647216797,30
1787120239,271791557,,lidar,99.33293151855469,106.86211395263672,126.00493621826172,30
1787120239,271800991,,ui,0.0,0.0,0.0,0
1787120240,271832969,,esp32,99.98535919189453,120.63648986816406,121.02794647216797,30
1787120240,272122347,,lidar,99.33293151855469,106.86211395263672,126.00493621826172,30
1787120240,272138116,,ui,0.0,0.0,0.0,0
1787120241,271905444,,esp32,99.98535919189453,120.63648986816406,121.02794647216797,30
1787120241,272227866,,lidar,99.33865356445312,106.97840881347656,126.00493621826172,30
1787120241,272250139,,ui,0.0,0.0,0.0,0
1787120242,271777720,,esp32,99.98285675048828,120.63648986816406,121.02794647216797,30
1787120242,272063763,,lidar,99.34175109863281,106.97840881347656,126.00493621826172,30
1787120242,272079706,,ui,0.0,0.0,0.0,0
1787120243,271850467,,esp32,99.98285675048828,120.63970947265625,121.02794647216797,30
1787120243,272112577,,lidar,99.33865356445312,106.97840881347656,126.00493621826172,30
1787120243,272127152,,ui,0.0,0.0,0.0,0
1787120244,271817618,,esp32,99.98213958740234,120.63970947265625,121.02794647216797,30
1787120244,272103900,,lidar,99.33293151855469,106.97840881347656,126.00493621826172,30
1787120244,272119568,,ui,0.0,0.0,0.0,0
1787120245,271751142,,esp32,99.97940063476562,120.63970947265625,121.02794647216797,30
1787120245,272008901,,lidar,99.33173370361328,106.97840881347656,126.00493621826172,30
1787120245,272023572,,ui,0.0,0.0,0.0,0
1787120246,271837989,,esp32,99.97940063476562,120.63970947265625,121.02794647216797,30
1787120246,272129360,,lidar,99.3399658203125,106.97840881347656,126.00493621826172,30
1787120246,272145620,,ui,0.0,0.0,0.0,0
1787120247,271774787,,esp32,99.97940063476562,120.7041244506836,140.38824462890625,30
1787120247,272042690,,lidar,99.33018493652344,106.97840881347656,126.00493621826172,30
1787120247,272057069,,ui,0.0,0.0,0.0,0
1787120248,271758512,,esp32,99.98213958740234,120.7041244506836,140.38824462890625,30
1787120248,272083391,,lidar,99.33018493652344,106.8795166015625,126.00493621826172,30
1787120248,272098935,,ui,0.0,0.0,0.0,0
1787120249,271606568,,esp32,99.98500061035156,120.7041244506836,140.38824462890625,30
1787120249,271876564,,lidar,99.33209228515625,106.8795166015625,126.00493621826172,30
1787120249,271892936,,ui,0.0,0.0,0.0,0
1787120250,271703380,,esp32,99.98715209960938,120.63970947265625,140.38824462890625,30
1787120250,272153333,,lidar,99.33209228515625,106.8795166015625,126.00493621826172,30
1787120250,272183203,,ui,0.0,0.0,0.0,0
1787120251,271665010,,esp32,99.98715209960938,120.63970947265625,140.38824462890625,30
1787120251,271960777,,lidar,99.3286361694336,106.8795166015625,126.00493621826172,30
1787120251,271979018,,ui,0.0,0.0,0.0,0
1787120252,271675398,,esp32,99.98715209960938,120.63970947265625,140.38824462890625,30
1787120252,271972434,,lidar,99.3286361694336,106.8795166015625,126.00493621826172,30
1787120252,271990543,,ui,0.0,0.0,0.0,0
1787120253,271671512,,esp32,99.98619842529297,120.63970947265625,140.38824462890625,30
1787120253,272083178,,lidar,99.32839965820312,108.75508117675781,126.87110900878906,30
1787120253,272113018,,ui,0.0,0.0,0.0,0
1787120254,271664768,,esp32,99.9848861694336,120.63970947265625,140.38824462890625,30
1787120254,271929721,,lidar,99.32911682128906,108.75508117675781,126.87110900878906,30
1787120254,271943770,,ui,0.0,0.0,0.0,0
1787120255,271734594,,esp32,99.98750305175781,120.63970947265625,140.38824462890625,30
1787120255,272071695,,lidar,99.3297119140625,108.75508117675781,126.87110900878906,30
1787120255,272093634,,ui,0.0,0.0,0.0,0
1787120256,271631846,,esp32,99.98834228515625,120.63711547851562,140.38824462890625,30
1787120256,271930049,,lidar,99.3388900756836,108.75508117675781,126.87110900878906,30
1787120256,271948477,,ui,0.0,0.0,0.0,0
1787120257,271725602,,esp32,99.98750305175781,120.63711547851562,140.38824462890625,30
1787120257,272001281,,lidar,99.33042907714844,108.75508117675781,126.87110900878906,30
1787120257,272015085,,ui,0.0,0.0,0.0,0
1787120258,271746273,,esp32,99.98619842529297,120.63711547851562,140.38824462890625,30
1787120258,272125089,,lidar,99.33042907714844,106.8795166015625,126.87110900878906,30
1787120258,272154487,,ui,0.0,0.0,0.0,0
1787120259,271402306,,esp32,99.98834228515625,120.63711547851562,140.38824462890625,30
1787120259,271561123,,lidar,99.33280944824219,106.8795166015625,126.87110900878906,30
1787120259,271573285,,ui,0.0,0.0,0.0,0
1787120260,271623609,,esp32,99.9916763305664,120.63711547851562,140.38824462890625,30
1787120260,271952358,,lidar,99.33686065673828,106.8795166015625,126.87110900878906,30
1787120260,271973722,,ui,0.0,0.0,0.0,0
1787120261,271756119,,esp32,99.9908447265625,120.5330810546875,140.38824462890625,30
1787120261,272046638,,lidar,99.33042907714844,106.8795166015625,126.87110900878906,30
1787120261,272062924,,ui,0.0,0.0,0.0,0
1787120262,271718579,,esp32,99.9900131225586,120.5330810546875,140.38824462890625,30
1787120262,272071027,,lidar,99.33233642578125,106.8795166015625,126.87110900878906,30
1787120262,272090748,,ui,0.0,0.0,0.0,0
1787120263,271637604,,esp32,99.99609375,120.5330810546875,140.38824462890625,30
1787120263,271910099,,lidar,99.33233642578125,106.8795166015625,126.87110900878906,30
1787120263,271924878,,ui,0.0,0.0,0.0,0
1787120264,271721083,,esp32,99.99311065673828,120.63711547851562,140.38824462890625,30
1787120264,272156557,,lidar,99.33233642578125,108.75508117675781,126.87110900878906,30
1787120264,272190245,,ui,0.0,0.0,0.0,0
1787120265,271702026,,esp32,99.99311065673828,120.63711547851562,140.38824462890625,30
1787120265,272031399,,lidar,99.33686065673828,106.6524887084961,126.87110900878906,30
1787120265,272050392,,ui,0.0,0.0,0.0,0
1787120266,271730807,,esp32,99.99024963378906,120.63711547851562,140.38824462890625,30
1787120266,272130088,,lidar,99.33686065673828,106.6524887084961,126.87110900878906,30
1787120266,272161329,,ui,0.0,0.0,0.0,0
1787120267,271640332,,esp32,99.99311065673828,120.63711547851562,140.38824462890625,30
1787120267,271999305,,lidar,99.33233642578125,106.6524887084961,126.87110900878906,30
1787120267,272023212,,ui,0.0,0.0,0.0,0
1787120268,271507263,,esp32,99.99609375,120.61563873291016,140.38824462890625,30
1787120268,271809392,,lidar,99.334716796875,106.57715606689453,126.87110900878906,30
1787120268,271826413,,ui,0.0,0.0,0.0,0
1787120269,271518821,,esp32,99.99609375,120.62259674072266,140.38824462890625,30
1787120269,271907103,,lidar,99.32303619384766,114.10999298095703,569.6337280273438,30
1787120269,271934078,,ui,0.0,0.0,0.0,0
1787120270,271707105,,esp32,99.98941040039062,120.71662902832031,1083.4202880859375,30
1787120270,272165707,,lidar,99.32255554199219,114.10999298095703,569.6337280273438,30
1787120270,272197083,,ui,0.0,0.0,0.0,0
1787120271,271589225,,esp32,99.98870086669922,120.71662902832031,1083.4202880859375,30
1787120271,272040335,,lidar,99.31922149658203,106.43148803710938,569.6337280273438,30
1787120271,272075315,,ui,0.0,0.0,0.0,0
1787120272,271616896,,esp32,99.98870086669922,120.71662902832031,1083.4202880859375,30
1787120272,272037471,,lidar,99.30848693847656,106.43148803710938,569.6337280273438,30
1787120272,272070227,,ui,0.0,0.0,0.0,0
1787120273,271590607,,esp32,99.98535919189453,120.63656616210938,1083.4202880859375,30
1787120273,272048496,,lidar,99.314453125,106.43148803710938,569.6337280273438,30
1787120273,272083054,,ui,0.0,0.0,0.0,0
1787120274,271206423,,esp32,99.98535919189453,120.63656616210938,1083.4202880859375,30
1787120274,271371750,,lidar,99.32255554199219,106.43148803710938,569.6337280273438,30
1787120274,271381035,,ui,0.0,0.0,0.0,0
1787120275,271446803,,esp32,99.99108123779297,120.63656616210938,1083.4202880859375,30
1787120275,271716107,,lidar,99.31922149658203,106.43148803710938,569.6337280273438,30
1787120275,271728318,,ui,0.0,0.0,0.0,0
1787120276,271606680,,esp32,99.99227905273438,120.63656616210938,1083.4202880859375,30
1787120276,272109328,,lidar,99.31898498535156,106.43148803710938,569.6337280273438,30
1787120276,272144608,,ui,0.0,0.0,0.0,0
1787120277,271553788,,esp32,99.99108123779297,120.59765625,1083.4202880859375,30
1787120277,271890877,,lidar,99.32255554199219,106.43148803710938,569.6337280273438,30
1787120277,271917165,,ui,0.0,0.0,0.0,0
1787120278,271602885,,esp32,99.98941040039062,120.63928985595703,1083.4202880859375,30
1787120278,271872358,,lidar,99.32255554199219,106.43148803710938,569.6337280273438,30
1787120278,271887306,,ui,0.0,0.0,0.0,0
1787120279,271330395,,esp32,99.98607635498047,122.60110473632812,1083.4202880859375,30
1787120279,271457085,,lidar,99.32160186767578,106.43148803710938,569.6337280273438,30
1787120279,271462961,,ui,0.0,0.0,0.0,0
1787120280,271484988,,esp32,99.985595703125,122.60110473632812,1083.4202880859375,30
1787120280,271802067,,lidar,99.31922149658203,106.43148803710938,569.6337280273438,30
1787120280,271822758,,ui,0.0,0.0,0.0,0
1787120281,271552838,,esp32,99.98202514648438,122.60110473632812,1083.4202880859375,30
1787120281,271879898,,lidar,99.32089233398438,106.43148803710938,569.6337280273438,30
1787120281,271899349,,ui,0.0,0.0,0.0,0
1787120282,271539698,,esp32,99.98607635498047,122.60110473632812,1083.4202880859375,30
1787120282,271841904,,lidar,99.32494354248047,106.43148803710938,569.6337280273438,30
1787120282,271859834,,ui,0.0,0.0,0.0,0
1787120283,271402087,,esp32,99.98274230957031,122.60110473632812,1083.4202880859375,30
1787120283,271668042,,lidar,99.32160186767578,105.1685791015625,569.6337280273438,30
1787120283,271681737,,ui,0.0,0.0,0.0,0
1787120284,271552806,,esp32,99.98607635498047,122.60110473632812,1083.4202880859375,30
1787120284,271832718,,lidar,99.314453125,105.1685791015625,569.6337280273438,30
1787120284,271845817,,ui,0.0,0.0,0.0,0
1787120285,271614853,,esp32,99.98643493652344,122.60110473632812,1083.4202880859375,30
1787120285,271886918,,lidar,99.31182861328125,105.1685791015625,569.6337280273438,30
1787120285,271900460,,ui,0.0,0.0,0.0,0
1787120286,271551978,,esp32,99.98607635498047,122.60110473632812,1083.4202880859375,30
1787120286,271841947,,lidar,99.3094482421875,105.72338104248047,569.6337280273438,30
1787120286,271858702,,ui,0.0,0.0,0.0,0
1787120287,271523657,,esp32,99.98738861083984,122.60110473632812,1083.4202880859375,30
1787120287,271861526,,lidar,99.3094482421875,105.72338104248047,569.6337280273438,30
1787120287,271881855,,ui,0.0,0.0,0.0,0
1787120288,271607283,,esp32,99.98798370361328,122.60110473632812,1083.4202880859375,30
1787120288,271897657,,lidar,99.3094482421875,105.72338104248047,569.6337280273438,30
1787120288,271912269,,ui,0.0,0.0,0.0,0
1787120289,271244320,,esp32,99.98798370361328,122.60110473632812,1083.4202880859375,30
1787120289,271401714,,lidar,99.3032455444336,105.72338104248047,569.6337280273438,30
1787120289,271410050,,ui,0.0,0.0,0.0,0
1787120290,271382209,,esp32,99.98607635498047,122.60110473632812,1083.4202880859375,30
1787120290,271655473,,lidar,99.3094482421875,105.72338104248047,569.6337280273438,30
1787120290,271670267,,ui,0.0,0.0,0.0,0
1787120291,271584688,,esp32,99.98738861083984,122.60110473632812,1083.4202880859375,30
1787120291,272056384,,lidar,99.31182861328125,105.72338104248047,569.6337280273438,30
1787120291,272093697,,ui,0.0,0.0,0.0,0
1787120292,271520901,,esp32,99.98798370361328,122.60110473632812,1083.4202880859375,30
1787120292,271794924,,lidar,99.3094482421875,105.72338104248047,569.6337280273438,30
1787120292,271808830,,ui,0.0,0.0,0.0,0
1787120293,271534042,,esp32,99.98738861083984,122.60110473632812,1083.4202880859375,30
1787120293,271834939,,lidar,99.31182861328125,104.09474182128906,569.6337280273438,30
1787120293,271849862,,ui,0.0,0.0,0.0,0
1787120294,271567254,,esp32,99.98738861083984,122.35311889648438,1083.4202880859375,30
1787120294,271909860,,lidar,99.31182861328125,103.83033752441406,569.6337280273438,30
1787120294,271926428,,ui,0.0,0.0,0.0,0
1787120295,271487060,,esp32,99.98738861083984,122.33619689941406,1083.4202880859375,30
1787120295,271764987,,lidar,99.3094482421875,103.86228942871094,569.6337280273438,30
1787120295,271778431,,ui,0.0,0.0,0.0,0
1787120296,271472842,,esp32,99.98738861083984,122.33619689941406,1083.4202880859375,30
1787120296,271800609,,lidar,99.3094482421875,103.87969207763672,569.6337280273438,30
1787120296,271824536,,ui,0.0,0.0,0.0,0
1787120297,271548773,,esp32,99.9866714477539,122.33619689941406,1083.4202880859375,30
1787120297,271821460,,lidar,99.31230163574219,103.87969207763672,569.6337280273438,30
1787120297,271834639,,ui,0.0,0.0,0.0,0
1787120298,271510116,,esp32,99.9866714477539,122.33619689941406,1083.4202880859375,30
1787120298,271778575,,lidar,99.31206512451172,103.9417953491211,569.6337280273438,30
1787120298,271792248,,ui,0.0,0.0,0.0,0
1787120299,271466518,,esp32,99.9866714477539,120.75811004638672,1083.4202880859375,30
1787120299,271894891,,lidar,99.32196044921875,103.88029479980469,105.72338104248047,30
1787120299,271928493,,ui,0.0,0.0,0.0,0
1787120300,271577352,,esp32,99.98798370361328,120.54436492919922,200.68502807617188,30
1787120300,272085135,,lidar,99.32196044921875,103.88029479980469,105.72338104248047,30
1787120300,272122081,,ui,0.0,0.0,0.0,0
1787120301,271584321,,esp32,99.9867935180664,120.95176696777344,200.68502807617188,30
1787120301,272040996,,lidar,99.3236312866211,104.10395050048828,106.63604736328125,30
1787120301,272079385,,ui,0.0,0.0,0.0,0
1787120302,271569661,,esp32,99.98798370361328,120.95176696777344,200.68502807617188,30
1787120302,271974892,,lidar,99.32196044921875,104.10395050048828,106.63604736328125,30
1787120302,272004826,,ui,0.0,0.0,0.0,0
1787120303,271541363,,esp32,99.98893737792969,120.95176696777344,200.68502807617188,30
1787120303,271808940,,lidar,99.32637023925781,104.10395050048828,106.63604736328125,30
1787120303,271822955,,ui,0.0,0.0,0.0,0
1787120304,271516092,,esp32,99.98846435546875,121.14541625976562,200.68502807617188,30
1787120304,271878055,,lidar,99.32160186767578,104.74308013916016,106.63604736328125,30
1787120304,271905295,,ui,0.0,0.0,0.0,0
1787120305,271512296,,esp32,99.98798370361328,123.08194732666016,200.68502807617188,30
1787120305,271823773,,lidar,99.31742858886719,105.02259826660156,633.1395874023438,30
1787120305,271842924,,ui,0.0,0.0,0.0,0
1787120306,271497021,,esp32,99.98798370361328,139.95242309570312,1941.9951171875,30
1787120306,271800570,,lidar,99.31742858886719,105.02259826660156,633.1395874023438,30
1787120306,271815654,,ui,0.0,0.0,0.0,0
1787120307,271508706,,esp32,99.98798370361328,139.95242309570312,1941.9951171875,30
1787120307,271807655,,lidar,99.31742858886719,105.02259826660156,633.1395874023438,30
1787120307,271821968,,ui,0.0,0.0,0.0,0
1787120308,271542010,,esp32,99.99287414550781,123.8565673828125,1941.9951171875,30
1787120308,271846210,,lidar,99.3143310546875,105.02259826660156,633.1395874023438,30
1787120308,271862854,,ui,0.0,0.0,0.0,0
1787120309,271177028,,esp32,99.99549102783203,120.54743957519531,1941.9951171875,30
1787120309,271295293,,lidar,99.31742858886719,105.02259826660156,633.1395874023438,30
1787120309,271301121,,ui,0.0,0.0,0.0,0
1787120310,271499018,,esp32,99.99835205078125,120.54743957519531,1941.9951171875,30
1787120310,271806825,,lidar,99.31742858886719,105.73250579833984,633.1395874023438,30
1787120310,271821659,,ui,0.0,0.0,0.0,0
1787120311,271539175,,esp32,100.00563049316406,120.57860565185547,1941.9951171875,30
1787120311,271844595,,lidar,99.31099700927734,105.73250579833984,633.1395874023438,30
1787120311,271859236,,ui,0.0,0.0,0.0,0
1787120312,271450285,,esp32,99.99835205078125,120.57860565185547,1941.9951171875,30
1787120312,271743942,,lidar,99.31099700927734,105.73250579833984,633.1395874023438,30
1787120312,271757864,,ui,0.0,0.0,0.0,0
1787120313,271368091,,esp32,100.00563049316406,120.57860565185547,1941.9951171875,30
1787120313,271646917,,lidar,99.31409454345703,105.73250579833984,633.1395874023438,30
1787120313,271660235,,ui,0.0,0.0,0.0,0
1787120314,271500933,,esp32,100.00276184082031,120.57860565185547,1941.9951171875,30
1787120314,271806392,,lidar,99.31742858886719,105.73250579833984,633.1395874023438,30
1787120314,271821082,,ui,0.0,0.0,0.0,0
1787120315,271470811,,esp32,100.00276184082031,120.57860565185547,1941.9951171875,30
1787120315,271748524,,lidar,99.3202896118164,106.71572875976562,633.1395874023438,30
1787120315,271762748,,ui,0.0,0.0,0.0,0
1787120316,271399705,,esp32,99.99847412109375,120.57860565185547,1941.9951171875,30
1787120316,271787589,,lidar,99.3202896118164,106.71572875976562,633.1395874023438,30
1787120316,271807508,,ui,0.0,0.0,0.0,0
1787120317,271476827,,esp32,99.99120330810547,120.57860565185547,1941.9951171875,30
1787120317,271760039,,lidar,99.32219696044922,106.71572875976562,633.1395874023438,30
1787120317,271773805,,ui,0.0,0.0,0.0,0
1787120318,271454206,,esp32,99.98750305175781,120.57860565185547,1941.9951171875,30
1787120318,271728775,,lidar,99.32219696044922,106.71572875976562,633.1395874023438,30
1787120318,271742489,,ui,0.0,0.0,0.0,0
1787120319,271136019,,esp32,99.98262023925781,123.94702911376953,1941.9951171875,30
1787120319,271276921,,lidar,99.32494354248047,106.71572875976562,633.1395874023438,30
1787120319,271283592,,ui,0.0,0.0,0.0,0
1787120320,271305085,,esp32,99.98750305175781,140.07810974121094,1941.9951171875,30
1787120320,271604324,,lidar,99.3202896118164,106.98834991455078,633.1395874023438,30
1787120320,271617945,,ui,0.0,0.0,0.0,0
1787120321,271397343,,esp32,99.9805908203125,140.08999633789062,1941.9951171875,30
1787120321,271699021,,lidar,99.3185043334961,115.45455932617188,633.1395874023438,30
1787120321,271713747,,ui,0.0,0.0,0.0,0
1787120322,271495103,,esp32,99.9805908203125,145.4237518310547,1941.9951171875,30
1787120322,271829464,,lidar,99.31636047363281,136.438232421875,633.1395874023438,30
1787120322,271844590,,ui,0.0,0.0,0.0,0
1787120323,271421165,,esp32,99.97272491455078,145.4237518310547,1941.9951171875,30
1787120323,271696920,,lidar,99.31636047363281,136.438232421875,633.1395874023438,30
1787120323,271710335,,ui,0.0,0.0,0.0,0
1787120324,271400651,,esp32,99.97224426269531,145.4237518310547,1941.9951171875,30
1787120324,271719888,,lidar,99.3101577758789,136.438232421875,633.1395874023438,30
1787120324,271734259,,ui,0.0,0.0,0.0,0
1787120325,271304839,,esp32,99.97272491455078,145.4237518310547,1941.9951171875,30
1787120325,271584650,,lidar,99.31636047363281,136.438232421875,633.1395874023438,30
1787120325,271599307,,ui,0.0,0.0,0.0,0
1787120326,271409238,,esp32,99.98607635498047,145.4237518310547,1941.9951171875,30
1787120326,271770530,,lidar,99.32208251953125,136.438232421875,633.1395874023438,30
1787120326,271792303,,ui,0.0,0.0,0.0,0
1787120327,271424619,,esp32,99.98607635498047,145.4237518310547,1941.9951171875,30
1787120327,271878073,,lidar,99.31636047363281,136.438232421875,633.1395874023438,30
1787120327,271918262,,ui,0.0,0.0,0.0,0
1787120328,271372111,,esp32,99.98607635498047,145.4237518310547,1941.9951171875,30
1787120328,271663325,,lidar,99.32017517089844,136.438232421875,633.1395874023438,30
1787120328,271678729,,ui,0.0,0.0,0.0,0
1787120329,271103070,,esp32,99.98607635498047,145.4237518310547,1941.9951171875,30
1787120329,271249354,,lidar,99.3185043334961,136.438232421875,633.1395874023438,30
1787120329,271255343,,ui,0.0,0.0,0.0,0
1787120330,271341145,,esp32,99.98607635498047,145.4237518310547,1941.9951171875,30
1787120330,271618546,,lidar,99.31898498535156,136.438232421875,633.1395874023438,30
1787120330,271632282,,ui,0.0,0.0,0.0,0
1787120331,271334532,,esp32,99.99298858642578,145.4237518310547,1941.9951171875,30
1787120331,271636336,,lidar,99.31898498535156,136.438232421875,633.1395874023438,30
1787120331,271651223,,ui,0.0,0.0,0.0,0
1787120332,271325898,,esp32,99.99298858642578,145.4237518310547,1941.9951171875,30
1787120332,271615607,,lidar,99.32017517089844,136.438232421875,633.1395874023438,30
1787120332,271630185,,ui,0.0,0.0,0.0,0
1787120333,271321472,,esp32,99.99537658691406,145.4237518310547,1941.9951171875,30
1787120333,271604716,,lidar,99.32208251953125,136.438232421875,633.1395874023438,30
1787120333,271620054,,ui,0.0,0.0,0.0,0
1787120334,271257207,,esp32,99.99418640136719,145.2223663330078,1941.9951171875,30
1787120334,271567530,,lidar,99.32315063476562,132.60726928710938,633.1395874023438,30
1787120334,271581668,,ui,0.0,0.0,0.0,0
1787120335,271345981,,esp32,99.99847412109375,143.20851135253906,1941.9951171875,30
1787120335,271816998,,lidar,99.33448028564453,119.05926513671875,564.1655883789062,30
1787120335,271851091,,ui,0.0,0.0,0.0,0
1787120336,271270288,,esp32,99.99847412109375,122.66626739501953,1345.161865234375,30
1787120336,271592666,,lidar,99.33543395996094,119.05926513671875,564.1655883789062,30
1787120336,271616592,,ui,0.0,0.0,0.0,0
1787120337,271270224,,esp32,99.99847412109375,122.66626739501953,1345.161865234375,30
1787120337,271586374,,lidar,99.32756042480469,119.05926513671875,564.1655883789062,30
1787120337,271604132,,ui,0.0,0.0,0.0,0
1787120338,271322807,,esp32,99.99298858642578,122.66626739501953,1345.161865234375,30
1787120338,271657501,,lidar,99.32756042480469,119.05926513671875,564.1655883789062,30
1787120338,271677362,,ui,0.0,0.0,0.0,0
1787120339,271055925,,esp32,99.99537658691406,122.66626739501953,1345.161865234375,30
1787120339,271200331,,lidar,99.32756042480469,119.05926513671875,564.1655883789062,30
1787120339,271207824,,ui,0.0,0.0,0.0,0
1787120340,271371865,,esp32,99.99418640136719,123.25031280517578,1345.161865234375,30
1787120340,271660480,,lidar,99.33233642578125,114.77450561523438,564.1655883789062,30
1787120340,271675122,,ui,0.0,0.0,0.0,0
1787120341,271338850,,esp32,99.990966796875,144.01405334472656,1345.161865234375,30
1787120341,271648690,,lidar,99.33448028564453,126.72119140625,564.1655883789062,30
1787120341,271665474,,ui,0.0,0.0,0.0,0
1787120342,271252979,,esp32,99.99418640136719,144.01405334472656,1345.161865234375,30
1787120342,271572327,,lidar,99.33448028564453,126.72119140625,564.1655883789062,30
1787120342,271591908,,ui,0.0,0.0,0.0,0
1787120343,271292085,,esp32,99.99060821533203,144.01405334472656,1345.161865234375,30
1787120343,271771078,,lidar,99.33448028564453,126.72119140625,564.1655883789062,30
1787120343,271804881,,ui,0.0,0.0,0.0,0
1787120344,271268443,,esp32,99.99573516845703,144.01405334472656,1345.161865234375,30
1787120344,271750644,,lidar,99.33233642578125,126.72119140625,564.1655883789062,30
1787120344,271783727,,ui,0.0,0.0,0.0,0
1787120345,271242927,,esp32,99.99609375,144.21543884277344,1345.161865234375,30
1787120345,271503641,,lidar,99.32708740234375,130.65130615234375,564.1655883789062,30
1787120345,271517993,,ui,0.0,0.0,0.0,0
1787120346,271265974,,esp32,99.99537658691406,146.2292938232422,1345.161865234375,30
1787120346,271703428,,lidar,99.3204116821289,512.8455200195312,588.3300170898438,30
1787120346,271731335,,ui,0.0,0.0,0.0,0
1787120347,271176102,,esp32,99.99525451660156,477.1683654785156,1583.28271484375,30
1787120347,271433767,,lidar,99.32183837890625,512.8455200195312,588.3300170898438,30
1787120347,271446325,,ui,0.0,0.0,0.0,0
1787120348,271282634,,esp32,99.99525451660156,477.1683654785156,1583.28271484375,30
1787120348,271669277,,lidar,99.32183837890625,512.8455200195312,588.3300170898438,30
1787120348,271697301,,ui,0.0,0.0,0.0,0
1787120349,271037311,,esp32,100.00419616699219,463.2727966308594,1583.28271484375,30
1787120349,271218557,,lidar,99.32422637939453,512.8455200195312,588.3300170898438,30
1787120349,271224046,,ui,0.0,0.0,0.0,0
1787120350,271173782,,esp32,100.00419616699219,449.9788513183594,1583.28271484375,30
1787120350,271414820,,lidar,99.32661437988281,512.8455200195312,588.3300170898438,30
1787120350,271435836,,ui,0.0,0.0,0.0,0
1787120351,271274835,,esp32,100.006103515625,354.4459533691406,1583.28271484375,30
1787120351,271583740,,lidar,99.3286361694336,118.48259735107422,588.3300170898438,30
1787120351,271598201,,ui,0.0,0.0,0.0,0
1787120352,271281773,,esp32,100.01039123535156,120.78333282470703,1583.28271484375,30
1787120352,271714882,,lidar,99.33340454101562,106.3749771118164,588.3300170898438,30
1787120352,271741410,,ui,0.0,0.0,0.0,0
1787120353,271251271,,esp32,100.01659393310547,120.78333282470703,1583.28271484375,30
1787120353,271529314,,lidar,99.33340454101562,106.3749771118164,588.3300170898438,30
1787120353,271544408,,ui,0.0,0.0,0.0,0
1787120354,271413095,,esp32,100.01683044433594,120.78333282470703,1583.28271484375,30
1787120354,271925949,,lidar,99.33352661132812,106.51518249511719,588.3300170898438,30
1787120354,271968616,,ui,0.0,0.0,0.0,0
1787120355,271252566,,esp32,100.01683044433594,120.78333282470703,1583.28271484375,30
1787120355,271608477,,lidar,99.33245086669922,106.51518249511719,588.3300170898438,30
1787120355,271627031,,ui,0.0,0.0,0.0,0
1787120356,271266938,,esp32,100.01671600341797,272.7085266113281,1583.28271484375,30
1787120356,271793341,,lidar,99.32661437988281,127.6942138671875,638.7467651367188,30
1787120356,271829257,,ui,0.0,0.0,0.0,0
1787120357,271075660,,esp32,100.01385498046875,272.7085266113281,1583.28271484375,30
1787120357,271370760,,lidar,99.32661437988281,127.6942138671875,638.7467651367188,30
1787120357,271390659,,ui,0.0,0.0,0.0,0
1787120358,271261743,,esp32,100.01385498046875,272.7085266113281,1583.28271484375,30
1787120358,271664701,,lidar,99.32661437988281,127.6942138671875,638.7467651367188,30
1787120358,271691489,,ui,0.0,0.0,0.0,0
1787120359,270952222,,esp32,100.01385498046875,272.7085266113281,1583.28271484375,30
1787120359,271116491,,lidar,99.3254165649414,127.6942138671875,638.7467651367188,30
1787120359,271125806,,ui,0.0,0.0,0.0,0
1787120360,271295021,,esp32,100.0111083984375,272.7085266113281,1583.28271484375,30
1787120360,271697628,,lidar,99.3254165649414,127.6942138671875,638.7467651367188,30
1787120360,271727895,,ui,0.0,0.0,0.0,0
1787120361,271351310,,esp32,100.0111083984375,272.7085266113281,1583.28271484375,30
1787120361,271772726,,lidar,99.32661437988281,146.78062438964844,638.7467651367188,30
1787120361,271803452,,ui,0.0,0.0,0.0,0
1787120362,271286541,,esp32,100.00968170166016,272.7085266113281,1583.28271484375,30
1787120362,271753740,,lidar,99.32756042480469,146.78062438964844,638.7467651367188,30
1787120362,271788786,,ui,0.0,0.0,0.0,0
1787120363,271368633,,esp32,100.00848388671875,272.7085266113281,1583.28271484375,30
1787120363,271893740,,lidar,99.3306655883789,146.78062438964844,638.7467651367188,30
1787120363,271935822,,ui,0.0,0.0,0.0,0
1787120364,271372494,,esp32,100.00848388671875,272.7085266113281,1583.28271484375,30
1787120364,271862905,,lidar,99.32756042480469,146.78062438964844,638.7467651367188,30
1787120364,271900743,,ui,0.0,0.0,0.0,0
1787120365,271341117,,esp32,100.00788879394531,272.7085266113281,1583.28271484375,30
1787120365,271833557,,lidar,99.32183837890625,146.78062438964844,638.7467651367188,30
1787120365,271870579,,ui,0.0,0.0,0.0,0
1787120366,271177001,,esp32,100.00777435302734,272.7085266113281,1583.28271484375,30
1787120366,271489928,,lidar,99.31087493896484,146.78062438964844,638.7467651367188,30
1787120366,271506508,,ui,0.0,0.0,0.0,0
1787120367,271164900,,esp32,100.00777435302734,272.7085266113281,1583.28271484375,30
1787120367,271457436,,lidar,99.32183837890625,146.78062438964844,638.7467651367188,30
1787120367,271470970,,ui,0.0,0.0,0.0,0
1787120368,271216507,,esp32,100.00777435302734,272.7085266113281,1583.28271484375,30
1787120368,271532251,,lidar,99.32089233398438,146.78062438964844,638.7467651367188,30
1787120368,271547573,,ui,0.0,0.0,0.0,0
1787120369,270958635,,esp32,100.00550842285156,272.7085266113281,1583.28271484375,30
1787120369,271118417,,lidar,99.32089233398438,146.78062438964844,638.7467651367188,30
1787120369,271126474,,ui,0.0,0.0,0.0,0
1787120370,271092435,,esp32,100.00682067871094,261.0747985839844,1583.28271484375,30
1787120370,271416136,,lidar,99.3254165649414,138.33689880371094,638.7467651367188,30
1787120370,271435090,,ui,0.0,0.0,0.0,0
1787120371,271293873,,esp32,100.00777435302734,145.67074584960938,1583.28271484375,30
1787120371,271611192,,lidar,99.32756042480469,107.3548812866211,638.7467651367188,30
1787120371,271626603,,ui,0.0,0.0,0.0,0
1787120372,271238002,,esp32,100.00777435302734,145.67074584960938,1583.28271484375,30
1787120372,271506640,,lidar,99.3306655883789,107.3548812866211,638.7467651367188,30
1787120372,271519604,,ui,0.0,0.0,0.0,0
1787120373,271175628,,esp32,100.00777435302734,145.67074584960938,1583.28271484375,30
1787120373,271664659,,lidar,99.3306655883789,107.3548812866211,638.7467651367188,30
1787120373,271697341,,ui,0.0,0.0,0.0,0
1787120374,271150152,,esp32,100.00777435302734,145.67074584960938,1583.28271484375,30
1787120374,271471838,,lidar,99.33257293701172,107.3548812866211,638.7467651367188,30
1787120374,271489018,,ui,0.0,0.0,0.0,0
1787120375,271222081,,esp32,100.00777435302734,145.31253051757812,1583.28271484375,30
1787120375,271710997,,lidar,99.33399963378906,107.03873443603516,638.7467651367188,30
1787120375,271738816,,ui,0.0,0.0,0.0,0
1787120376,271152652,,esp32,100.00848388671875,141.73037719726562,1583.28271484375,30
1787120376,271467581,,lidar,99.33448028564453,106.3971176147461,638.7467651367188,30
1787120376,271483610,,ui,0.0,0.0,0.0,0
1787120377,271115479,,esp32,100.00801086425781,121.73381805419922,563.5518798828125,30
1787120377,271412875,,lidar,99.33352661132812,106.3971176147461,638.7467651367188,30
1787120377,271429629,,ui,0.0,0.0,0.0,0
1787120378,271188252,,esp32,100.00896453857422,121.73381805419922,563.5518798828125,30
1787120378,271530676,,lidar,99.33352661132812,106.3971176147461,638.7467651367188,30
1787120378,271550451,,ui,0.0,0.0,0.0,0
1787120379,270882397,,esp32,100.00801086425781,121.73381805419922,563.5518798828125,30
1787120379,271039502,,lidar,99.33137512207031,106.3971176147461,638.7467651367188,30
1787120379,271046921,,ui,0.0,0.0,0.0,0
1787120380,271174136,,esp32,100.00801086425781,121.73381805419922,563.5518798828125,30
1787120380,271510527,,lidar,99.33137512207031,106.3971176147461,638.7467651367188,30
1787120380,271526269,,ui,0.0,0.0,0.0,0
1787120381,270865647,,esp32,100.00777435302734,121.73381805419922,563.5518798828125,30
1787120381,271036947,,lidar,99.33257293701172,106.3971176147461,638.7467651367188,30
1787120381,271045267,,ui,0.0,0.0,0.0,0
1787120382,271079751,,esp32,100.00777435302734,121.73381805419922,563.5518798828125,30
1787120382,271375951,,lidar,99.33352661132812,106.3971176147461,638.7467651367188,30
1787120382,271388711,,ui,0.0,0.0,0.0,0
1787120383,271249335,,esp32,100.00682067871094,121.73381805419922,563.5518798828125,30
1787120383,271704011,,lidar,99.33257293701172,106.3971176147461,638.7467651367188,30
1787120383,271734242,,ui,0.0,0.0,0.0,0
1787120384,271235335,,esp32,100.0051498413086,121.73381805419922,563.5518798828125,30
1787120384,271668258,,lidar,99.33352661132812,105.86720275878906,638.7467651367188,30
1787120384,271697793,,ui,0.0,0.0,0.0,0
1787120385,271199324,,esp32,100.0051498413086,121.73381805419922,563.5518798828125,30
1787120385,271667307,,lidar,99.33352661132812,105.86720275878906,638.7467651367188,30
1787120385,271700098,,ui,0.0,0.0,0.0,0
1787120386,271036656,,esp32,100.00300598144531,120.54365539550781,139.93930053710938,30
1787120386,271454269,,lidar,99.33245086669922,105.36492919921875,138.33689880371094,30
1787120386,271482336,,ui,0.0,0.0,0.0,0
1787120387,271183713,,esp32,100.00729370117188,120.54365539550781,139.93930053710938,30
1787120387,271621819,,lidar,99.33245086669922,105.36492919921875,138.33689880371094,30
1787120387,271651180,,ui,0.0,0.0,0.0,0
1787120388,271092241,,esp32,100.00646209716797,120.54365539550781,139.93930053710938,30
1787120388,271452876,,lidar,99.33399963378906,105.36492919921875,138.33689880371094,30
1787120388,271472213,,ui,0.0,0.0,0.0,0
1787120389,270808145,,esp32,100.00646209716797,120.54365539550781,139.93930053710938,30
1787120389,270926946,,lidar,99.33518981933594,105.15113830566406,138.33689880371094,30
1787120389,270933539,,ui,0.0,0.0,0.0,0
1787120390,271037530,,esp32,100.00646209716797,120.54365539550781,139.93930053710938,30
1787120390,271359995,,lidar,99.33686065673828,105.15113830566406,138.33689880371094,30
1787120390,271378896,,ui,0.0,0.0,0.0,0
1787120391,271257409,,esp32,100.00300598144531,120.48046112060547,120.97525787353516,30
1787120391,271761614,,lidar,99.33518981933594,104.99395751953125,106.72259521484375,30
1787120391,271797931,,ui,0.0,0.0,0.0,0
1787120392,271040449,,esp32,100.00300598144531,120.5363998413086,120.97525787353516,30
1787120392,271340600,,lidar,99.33805847167969,104.99395751953125,106.72259521484375,30
1787120392,271355198,,ui,0.0,0.0,0.0,0
1787120393,271149474,,esp32,100.00300598144531,120.5363998413086,120.97525787353516,30
1787120393,271661576,,lidar,99.33293151855469,104.44007110595703,106.72259521484375,30
1787120393,271699097,,ui,0.0,0.0,0.0,0
1787120394,271176802,,esp32,100.00074005126953,120.5363998413086,120.97525787353516,30
1787120394,271500481,,lidar,99.33293151855469,104.05730438232422,106.72259521484375,30
1787120394,271515980,,ui,0.0,0.0,0.0,0
1787120395,271031734,,esp32,100.00657653808594,120.5363998413086,120.97525787353516,30
1787120395,271321842,,lidar,99.33686065673828,104.05730438232422,106.72259521484375,30
1787120395,271336243,,ui,0.0,0.0,0.0,0
1787120396,271213303,,esp32,100.00657653808594,120.5363998413086,120.56088256835938,30
1787120396,271531742,,lidar,99.33805847167969,104.05730438232422,106.72259521484375,30
1787120396,271547354,,ui,0.0,0.0,0.0,0
1787120397,271204516,,esp32,100.00657653808594,120.5363998413086,120.56088256835938,30
1787120397,271526996,,lidar,99.33745574951172,104.72840118408203,109.50350952148438,30
1787120397,271543290,,ui,0.0,0.0,0.0,0
1787120398,271203840,,esp32,100.00300598144531,120.48038482666016,120.56088256835938,30
1787120398,271518901,,lidar,99.33805847167969,104.72840118408203,109.50350952148438,30
1787120398,271534846,,ui,0.0,0.0,0.0,0
1787120399,270841561,,esp32,100.01158905029297,120.48038482666016,120.56088256835938,30
1787120399,270980688,,lidar,99.33805847167969,104.72840118408203,109.50350952148438,30
1787120399,270987178,,ui,0.0,0.0,0.0,0
1787120400,271046622,,esp32,100.01158905029297,120.48038482666016,120.56088256835938,30
1787120400,271338273,,lidar,99.33626556396484,104.43736267089844,109.50350952148438,30
1787120400,271352297,,ui,0.0,0.0,0.0,0
1787120401,271154112,,esp32,100.01158905029297,120.48038482666016,120.56088256835938,30
1787120401,271447111,,lidar,99.33626556396484,104.72840118408203,109.50350952148438,30
1787120401,271462580,,ui,0.0,0.0,0.0,0
1787120402,271131705,,esp32,100.01396942138672,120.48038482666016,120.56088256835938,30
1787120402,271430736,,lidar,99.33805847167969,105.38368225097656,128.6923828125,30
1787120402,271444084,,ui,0.0,0.0,0.0,0
1787120403,271200932,,esp32,100.01396942138672,120.48038482666016,120.56088256835938,30
1787120403,271523297,,lidar,99.33805847167969,105.38368225097656,128.6923828125,30
1787120403,271539350,,ui,0.0,0.0,0.0,0
1787120404,271133191,,esp32,100.01158905029297,120.48038482666016,120.56088256835938,30
1787120404,271431056,,lidar,99.33805847167969,105.38368225097656,128.6923828125,30
1787120404,271445694,,ui,0.0,0.0,0.0,0
1787120405,271004442,,esp32,100.00932312011719,120.48038482666016,120.56088256835938,30
1787120405,271297915,,lidar,99.33805847167969,105.38368225097656,128.6923828125,30
1787120405,271312472,,ui,0.0,0.0,0.0,0
1787120406,270946644,,esp32,100.00741577148438,120.48038482666016,120.56088256835938,30
1787120406,271245797,,lidar,99.33805847167969,104.7220230102539,128.6923828125,30
1787120406,271259250,,ui,0.0,0.0,0.0,0
1787120407,271029675,,esp32,100.01396942138672,120.48038482666016,120.56088256835938,30
1787120407,271358802,,lidar,99.33686065673828,104.7220230102539,128.6923828125,30
1787120407,271373994,,ui,0.0,0.0,0.0,0
1787120408,270967743,,esp32,100.01229858398438,120.5528564453125,139.68968200683594,30
1787120408,271336511,,lidar,99.33018493652344,104.7220230102539,128.6923828125,30
1787120408,271352118,,ui,0.0,0.0,0.0,0
1787120409,270722663,,esp32,100.00932312011719,120.5528564453125,139.68968200683594,30
1787120409,270832522,,lidar,99.33018493652344,104.7220230102539,128.6923828125,30
1787120409,270837622,,ui,0.0,0.0,0.0,0
1787120410,270941214,,esp32,100.00932312011719,120.56175994873047,139.68968200683594,30
1787120410,271237010,,lidar,99.33018493652344,104.7220230102539,128.6923828125,30
1787120410,271250924,,ui,0.0,0.0,0.0,0
1787120411,271075792,,esp32,100.00932312011719,120.5537338256836,139.68968200683594,30
1787120411,271426928,,lidar,99.32613372802734,105.68714141845703,128.6923828125,30
1787120411,271445061,,ui,0.0,0.0,0.0,0
1787120412,271059016,,esp32,100.0051498413086,120.55851745605469,139.68968200683594,30
1787120412,271402299,,lidar,99.31468963623047,107.74269104003906,602.1270751953125,30
1787120412,271418614,,ui,0.0,0.0,0.0,0
1787120413,271003627,,esp32,100.00682067871094,120.56807708740234,139.68968200683594,30
1787120413,271297969,,lidar,99.31004333496094,107.74269104003906,602.1270751953125,30
1787120413,271311543,,ui,0.0,0.0,0.0,0
1787120414,271313058,,esp32,100.00682067871094,120.70176696777344,2524.7548828125,30
1787120414,271834633,,lidar,99.30574798583984,107.74269104003906,602.1270751953125,30
1787120414,271863708,,ui,0.0,0.0,0.0,0
1787120415,271005009,,esp32,99.99442291259766,120.69954681396484,2524.7548828125,30
1787120415,271309495,,lidar,99.31468963623047,107.74269104003906,602.1270751953125,30
1787120415,271325729,,ui,0.0,0.0,0.0,0
1787120416,271042919,,esp32,99.99966430664062,120.69954681396484,2524.7548828125,30
1787120416,271521430,,lidar,99.31564331054688,107.74269104003906,602.1270751953125,30
1787120416,271551812,,ui,0.0,0.0,0.0,0
1787120417,270931206,,esp32,99.99966430664062,120.69954681396484,2524.7548828125,30
1787120417,271224706,,lidar,99.30777740478516,107.74269104003906,602.1270751953125,30
1787120417,271237607,,ui,0.0,0.0,0.0,0
1787120418,270785879,,esp32,99.99966430664062,120.69954681396484,2524.7548828125,30
1787120418,270997810,,lidar,99.2940673828125,107.74269104003906,602.1270751953125,30
1787120418,271006027,,ui,0.0,0.0,0.0,0
1787120419,270881667,,esp32,100.00860595703125,120.69954681396484,2524.7548828125,30
1787120419,271131876,,lidar,99.29704284667969,107.74269104003906,602.1270751953125,30
1787120419,271143162,,ui,0.0,0.0,0.0,0
1787120420,271229928,,esp32,100.00860595703125,120.69954681396484,2524.7548828125,30
1787120420,271755659,,lidar,99.29513549804688,107.74269104003906,602.1270751953125,30
1787120420,271762559,,ui,0.0,0.0,0.0,0
1787120421,271095188,,esp32,100.00682067871094,120.69954681396484,2524.7548828125,30
1787120421,271428000,,lidar,99.28726959228516,107.74269104003906,602.1270751953125,30
1787120421,271442062,,ui,0.0,0.0,0.0,0
1787120422,270949664,,esp32,100.00466918945312,120.79206848144531,2524.7548828125,30
1787120422,271247390,,lidar,99.28726959228516,109.5848388671875,602.1270751953125,30
1787120422,271261633,,ui,0.0,0.0,0.0,0
1787120423,270950575,,esp32,100.00682067871094,120.79206848144531,2524.7548828125,30
1787120423,271250464,,lidar,99.30657958984375,109.5848388671875,602.1270751953125,30
1787120423,271265431,,ui,0.0,0.0,0.0,0
1787120424,271031001,,esp32,100.01313781738281,120.79206848144531,2524.7548828125,30
1787120424,271548669,,lidar,99.30657958984375,109.5848388671875,602.1270751953125,30
1787120424,271581999,,ui,0.0,0.0,0.0,0
1787120425,270915180,,esp32,100.00860595703125,120.79206848144531,2524.7548828125,30
1787120425,271339142,,lidar,99.30979919433594,109.5848388671875,602.1270751953125,30
1787120425,271368457,,ui,0.0,0.0,0.0,0
1787120426,270885143,,esp32,100.0113525390625,120.79206848144531,2524.7548828125,30
1787120426,271331430,,lidar,99.31159210205078,109.5848388671875,602.1270751953125,30
1787120426,271359837,,ui,0.0,0.0,0.0,0
1787120427,271128372,,esp32,100.00860595703125,120.79206848144531,2524.7548828125,30
1787120427,271461067,,lidar,99.31135559082031,117.74723815917969,602.1270751953125,30
1787120427,271476310,,ui,0.0,0.0,0.0,0
1787120428,270922279,,esp32,100.01313781738281,120.79206848144531,2524.7548828125,30
1787120428,271220034,,lidar,99.31075286865234,117.74723815917969,602.1270751953125,30
1787120428,271233740,,ui,0.0,0.0,0.0,0
1787120429,270716639,,esp32,100.01313781738281,120.79206848144531,2524.7548828125,30
1787120429,270903787,,lidar,99.3031234741211,117.74723815917969,602.1270751953125,30
1787120429,270912945,,ui,0.0,0.0,0.0,0
1787120430,270945831,,esp32,100.0113525390625,120.88897705078125,2524.7548828125,30
1787120430,271242922,,lidar,99.30133819580078,117.74723815917969,602.1270751953125,30
1787120430,271257222,,ui,0.0,0.0,0.0,0
1787120431,271072079,,esp32,100.0113525390625,120.88897705078125,2524.7548828125,30
1787120431,271417520,,lidar,99.3031234741211,117.74723815917969,602.1270751953125,30
1787120431,271430579,,ui,0.0,0.0,0.0,0
1787120432,270960758,,esp32,100.01039123535156,120.8897705078125,2524.7548828125,30
1787120432,271263580,,lidar,99.30110168457031,105.92613220214844,602.1270751953125,30
1787120432,271278416,,ui,0.0,0.0,0.0,0
1787120433,270938308,,esp32,100.01039123535156,120.89765930175781,2524.7548828125,30
1787120433,271280142,,lidar,99.29930877685547,117.82701110839844,602.1270751953125,30
1787120433,271298391,,ui,0.0,0.0,0.0,0
1787120434,270903091,,esp32,100.00860595703125,126.75912475585938,2524.7548828125,30
1787120434,271202593,,lidar,99.29930877685547,117.82701110839844,602.1270751953125,30
1787120434,271217746,,ui,0.0,0.0,0.0,0
1787120435,270911868,,esp32,100.00466918945312,126.75912475585938,2524.7548828125,30
1787120435,271205709,,lidar,99.29930877685547,117.82701110839844,602.1270751953125,30
1787120435,271219893,,ui,0.0,0.0,0.0,0
1787120436,270949227,,esp32,99.99620819091797,126.75912475585938,2524.7548828125,30
1787120436,271273216,,lidar,99.30491638183594,118.01734924316406,602.1270751953125,30
1787120436,271288663,,ui,0.0,0.0,0.0,0
1787120437,271167976,,esp32,99.99251556396484,139.70875549316406,2524.7548828125,30
1787120437,271498213,,lidar,99.30491638183594,118.01734924316406,602.1270751953125,30
1787120437,271514256,,ui,0.0,0.0,0.0,0
1787120438,271025020,,esp32,99.99251556396484,126.7781982421875,2524.7548828125,30
1787120438,271334680,,lidar,99.30538940429688,118.01734924316406,602.1270751953125,30
1787120438,271349275,,ui,0.0,0.0,0.0,0
1787120439,270712373,,esp32,99.99620819091797,126.7781982421875,2524.7548828125,30
1787120439,270872070,,lidar,99.3082504272461,118.01734924316406,602.1270751953125,30
1787120439,270879696,,ui,0.0,0.0,0.0,0
1787120440,270880250,,esp32,99.99251556396484,126.7781982421875,2524.7548828125,30
1787120440,271177872,,lidar,99.3101577758789,118.01734924316406,602.1270751953125,30
1787120440,271192597,,ui,0.0,0.0,0.0,0
1787120441,270940641,,esp32,99.98750305175781,126.7781982421875,2524.7548828125,30
1787120441,271241420,,lidar,99.3101577758789,118.01734924316406,602.1270751953125,30
1787120441,271256343,,ui,0.0,0.0,0.0,0
1787120442,270978391,,esp32,99.98774719238281,125.83811950683594,2524.7548828125,30
1787120442,271316141,,lidar,99.31683349609375,106.3084487915039,594.8472290039062,30
1787120442,271331475,,ui,0.0,0.0,0.0,0
1787120443,270795898,,esp32,99.98774719238281,123.95797729492188,2524.7548828125,30
1787120443,271073610,,lidar,99.31755065917969,106.3084487915039,594.8472290039062,30
1787120443,271087265,,ui,0.0,0.0,0.0,0
1787120444,270956929,,esp32,99.98726654052734,120.78304290771484,1222.8660888671875,30
1787120444,271273087,,lidar,99.3204116821289,106.3084487915039,594.8472290039062,30
1787120444,271287826,,ui,0.0,0.0,0.0,0
1787120445,270932830,,esp32,99.99620819091797,120.78485107421875,1222.8660888671875,30
1787120445,271213467,,lidar,99.31755065917969,106.3084487915039,594.8472290039062,30
1787120445,271225761,,ui,0.0,0.0,0.0,0
1787120446,271051183,,esp32,100.0020523071289,120.78485107421875,1222.8660888671875,30
1787120446,271362849,,lidar,99.32327270507812,106.3084487915039,594.8472290039062,30
1787120446,271377372,,ui,0.0,0.0,0.0,0
1787120447,270926654,,esp32,99.99859619140625,120.78485107421875,1222.8660888671875,30
1787120447,271336479,,lidar,99.31993103027344,106.3084487915039,594.8472290039062,30
1787120447,271361114,,ui,0.0,0.0,0.0,0
1787120448,270934449,,esp32,99.99859619140625,120.78485107421875,1222.8660888671875,30
1787120448,271256227,,lidar,99.33221435546875,106.3084487915039,594.8472290039062,30
1787120448,271270614,,ui,0.0,0.0,0.0,0
1787120449,270649758,,esp32,99.99764251708984,120.78485107421875,1222.8660888671875,30
1787120449,270788325,,lidar,99.33042907714844,106.3084487915039,594.8472290039062,30
1787120449,270793288,,ui,0.0,0.0,0.0,0
1787120450,270893928,,esp32,99.99251556396484,120.78485107421875,1222.8660888671875,30
1787120450,271199487,,lidar,99.3336410522461,106.3084487915039,594.8472290039062,30
1787120450,271213107,,ui,0.0,0.0,0.0,0
1787120451,270921147,,esp32,99.99764251708984,120.78485107421875,1222.8660888671875,30
1787120451,271372077,,lidar,99.33042907714844,106.3084487915039,594.8472290039062,30
1787120451,271404054,,ui,0.0,0.0,0.0,0
1787120452,270809364,,esp32,99.99859619140625,120.52471923828125,1222.8660888671875,30
1787120452,271239910,,lidar,99.3336410522461,105.06058502197266,594.8472290039062,30
1787120452,271268654,,ui,0.0,0.0,0.0,0
1787120453,271010990,,esp32,100.0020523071289,120.52471923828125,1222.8660888671875,30
1787120453,271326502,,lidar,99.3336410522461,105.06058502197266,594.8472290039062,30
1787120453,271340110,,ui,0.0,0.0,0.0,0
1787120454,270926553,,esp32,99.99764251708984,120.52471923828125,1222.8660888671875,30
1787120454,271232629,,lidar,99.33948516845703,105.06058502197266,594.8472290039062,30
1787120454,271246140,,ui,0.0,0.0,0.0,0
1787120455,270950202,,esp32,99.99525451660156,120.52471923828125,1222.8660888671875,30
1787120455,271285925,,lidar,99.33948516845703,105.06058502197266,594.8472290039062,30
1787120455,271304535,,ui,0.0,0.0,0.0,0
1787120456,270803806,,esp32,99.99764251708984,120.49217224121094,1222.8660888671875,30
1787120456,271128138,,lidar,99.3336410522461,105.06058502197266,594.8472290039062,30
1787120456,271144920,,ui,0.0,0.0,0.0,0
1787120457,270869792,,esp32,99.99764251708984,120.49217224121094,1222.8660888671875,30
1787120457,271171006,,lidar,99.3397216796875,105.05592346191406,594.8472290039062,30
1787120457,271184264,,ui,0.0,0.0,0.0,0
1787120458,270932158,,esp32,99.99764251708984,120.49217224121094,1222.8660888671875,30
1787120458,271275805,,lidar,99.34437561035156,105.05592346191406,594.8472290039062,30
1787120458,271294096,,ui,0.0,0.0,0.0,0
1787120459,270554745,,esp32,99.99525451660156,120.49217224121094,1222.8660888671875,30
1787120459,270658563,,lidar,99.35283660888672,105.05592346191406,594.8472290039062,30
1787120459,270661830,,ui,0.0,0.0,0.0,0
1787120460,270998959,,esp32,99.99525451660156,120.40960693359375,1222.8660888671875,30
1787120460,271523099,,lidar,99.35736846923828,104.44884490966797,594.8472290039062,30
1787120460,271558164,,ui,0.0,0.0,0.0,0
1787120461,270948097,,esp32,99.99525451660156,120.40960693359375,1222.8660888671875,30
1787120461,271430425,,lidar,99.3551025390625,104.44884490966797,594.8472290039062,30
1787120461,271464148,,ui,0.0,0.0,0.0,0
1787120462,270928100,,esp32,99.99370574951172,120.40919494628906,1222.8660888671875,30
1787120462,271341220,,lidar,99.355224609375,105.24415588378906,594.8472290039062,30
1787120462,271366479,,ui,0.0,0.0,0.0,0
1787120463,270958466,,esp32,99.99227905273438,120.40511322021484,1222.8660888671875,30
1787120463,271419709,,lidar,99.36189270019531,104.44400024414062,106.19401550292969,30
1787120463,271450553,,ui,0.0,0.0,0.0,0
1787120464,270872179,,esp32,99.99525451660156,120.36649322509766,139.75119018554688,30
1787120464,271315379,,lidar,99.37226867675781,104.44400024414062,106.19401550292969,30
1787120464,271342398,,ui,0.0,0.0,0.0,0
1787120465,270934794,,esp32,99.99298858642578,120.36649322509766,139.75119018554688,30
1787120465,271258197,,lidar,99.37834930419922,104.44400024414062,106.19401550292969,30
1787120465,271271029,,ui,0.0,0.0,0.0,0
1787120466,270900608,,esp32,99.99478149414062,120.36649322509766,139.75119018554688,30
1787120466,271229106,,lidar,99.38704681396484,104.43521118164062,105.72838592529297,30
1787120466,271243270,,ui,0.0,0.0,0.0,0
1787120467,270919211,,esp32,99.99764251708984,120.22784423828125,120.4469223022461,30
1787120467,271250072,,lidar,99.38824462890625,104.43521118164062,105.72838592529297,30
1787120467,271264635,,ui,0.0,0.0,0.0,0
1787120468,270887492,,esp32,99.9968032836914,120.22864532470703,120.4469223022461,30
1787120468,271220097,,lidar,99.37310028076172,104.41368865966797,105.72838592529297,30
1787120468,271235400,,ui,0.0,0.0,0.0,0
1787120469,270563196,,esp32,99.99633026123047,120.407958984375,642.5736083984375,30
1787120469,270756728,,lidar,99.3642807006836,104.45138549804688,665.4913330078125,30
1787120469,270765410,,ui,0.0,0.0,0.0,0
1787120470,270950371,,esp32,100.00407409667969,120.407958984375,642.5736083984375,30
1787120470,271493215,,lidar,99.355224609375,104.45138549804688,665.4913330078125,30
1787120470,271528950,,ui,0.0,0.0,0.0,0
1787120471,270994912,,esp32,100.006103515625,120.407958984375,642.5736083984375,30
1787120471,271371544,,lidar,99.35951232910156,104.45138549804688,665.4913330078125,30
1787120471,271392542,,ui,0.0,0.0,0.0,0
1787120472,270998145,,esp32,100.00276184082031,120.40837097167969,642.5736083984375,30
1787120472,271375528,,lidar,99.34091186523438,104.45138549804688,665.4913330078125,30
1787120472,271396395,,ui,0.0,0.0,0.0,0
1787120473,270916821,,esp32,99.99847412109375,120.45390319824219,642.5736083984375,30
1787120473,271258642,,lidar,99.35140991210938,104.45138549804688,665.4913330078125,30
1787120473,271274254,,ui,0.0,0.0,0.0,0
1787120474,270865778,,esp32,100.00407409667969,120.4527359008789,642.5736083984375,30
1787120474,271200144,,lidar,99.34091186523438,104.45138549804688,665.4913330078125,30
1787120474,271215054,,ui,0.0,0.0,0.0,0
1787120475,270955188,,esp32,100.00276184082031,120.45390319824219,642.5736083984375,30
1787120475,271484475,,lidar,99.33805847167969,104.45138549804688,665.4913330078125,30
1787120475,271522191,,ui,0.0,0.0,0.0,0
1787120476,270996135,,esp32,99.99764251708984,120.4527359008789,642.5736083984375,30
1787120476,271511086,,lidar,99.34091186523438,104.45138549804688,665.4913330078125,30
1787120476,271550939,,ui,0.0,0.0,0.0,0
1787120477,270973458,,esp32,99.99978637695312,120.4527359008789,642.5736083984375,30
1787120477,271380048,,lidar,99.35140991210938,104.45138549804688,665.4913330078125,30
1787120477,271408869,,ui,0.0,0.0,0.0,0
1787120478,270978246,,esp32,99.9968032836914,120.45390319824219,642.5736083984375,30
1787120478,271381001,,lidar,99.31373596191406,104.45138549804688,665.4913330078125,30
1787120478,271409491,,ui,0.0,0.0,0.0,0
1787120479,270598884,,esp32,99.99322509765625,120.4527359008789,642.5736083984375,30
1787120479,270753355,,lidar,99.31373596191406,104.45138549804688,665.4913330078125,30
1787120479,270759841,,ui,0.0,0.0,0.0,0
1787120480,270997003,,esp32,99.99703979492188,120.45390319824219,642.5736083984375,30
1787120480,271439646,,lidar,99.32661437988281,104.45138549804688,665.4913330078125,30
1787120480,271471127,,ui,0.0,0.0,0.0,0
1787120481,270875394,,esp32,99.9969253540039,120.4527359008789,642.5736083984375,30
1787120481,271332079,,lidar,99.34091186523438,105.25384521484375,665.4913330078125,30
1787120481,271362259,,ui,0.0,0.0,0.0,0
1787120482,270933941,,esp32,99.99633026123047,120.4527359008789,642.5736083984375,30
1787120482,271240549,,lidar,99.34091186523438,105.25384521484375,665.4913330078125,30
1787120482,271255384,,ui,0.0,0.0,0.0,0
1787120483,270901811,,esp32,99.99478149414062,120.4527359008789,642.5736083984375,30
1787120483,271211446,,lidar,99.35140991210938,105.25384521484375,665.4913330078125,30
1787120483,271225295,,ui,0.0,0.0,0.0,0
1787120484,270900796,,esp32,99.995849609375,120.45390319824219,642.5736083984375,30
1787120484,271234066,,lidar,99.35140991210938,105.25384521484375,665.4913330078125,30
1787120484,271248561,,ui,0.0,0.0,0.0,0
1787120485,270815313,,esp32,99.99537658691406,120.27281951904297,642.5736083984375,30
1787120485,271096662,,lidar,99.35307312011719,105.25384521484375,665.4913330078125,30
1787120485,271110426,,ui,0.0,0.0,0.0,0
1787120486,270997775,,esp32,99.99453735351562,120.26972961425781,642.5736083984375,30
1787120486,271343267,,lidar,99.35140991210938,105.25384521484375,665.4913330078125,30
1787120486,271360121,,ui,0.0,0.0,0.0,0
1787120487,270914646,,esp32,99.9968032836914,120.13902282714844,642.5736083984375,30
1787120487,271260564,,lidar,99.34329986572266,104.45138549804688,665.4913330078125,30
1787120487,271276020,,ui,0.0,0.0,0.0,0
1787120488,271071495,,esp32,99.995849609375,120.56570434570312,642.5736083984375,30
1787120488,271651366,,lidar,99.33805847167969,104.45138549804688,665.4913330078125,30
1787120488,271693874,,ui,0.0,0.0,0.0,0
1787120489,270640085,,esp32,99.99633026123047,178.137451171875,642.5736083984375,30
1787120489,270839076,,lidar,99.3357925415039,105.26326751708984,665.4913330078125,30
1787120489,270848305,,ui,0.0,0.0,0.0,0
1787120490,270935226,,esp32,99.99703979492188,178.137451171875,642.5736083984375,30
1787120490,271277453,,lidar,99.33007049560547,105.26326751708984,665.4913330078125,30
1787120490,271292321,,ui,0.0,0.0,0.0,0
1787120491,270822678,,esp32,99.99633026123047,178.137451171875,642.5736083984375,30
1787120491,271098116,,lidar,99.3357925415039,105.26326751708984,665.4913330078125,30
1787120491,271110851,,ui,0.0,0.0,0.0,0
1787120492,270923775,,esp32,99.99633026123047,178.137451171875,642.5736083984375,30
1787120492,271274360,,lidar,99.33007049560547,104.29125213623047,665.4913330078125,30
1787120492,271294079,,ui,0.0,0.0,0.0,0
1787120493,270951300,,esp32,99.99906921386719,178.137451171875,642.5736083984375,30
1787120493,271263856,,lidar,99.32649230957031,104.29125213623047,665.4913330078125,30
1787120493,271277171,,ui,0.0,0.0,0.0,0
1787120494,270977854,,esp32,100.0010986328125,179.55282592773438,642.5736083984375,30
1787120494,271360601,,lidar,99.3236312866211,119.0844497680664,665.4913330078125,30
1787120494,271382764,,ui,0.0,0.0,0.0,0
1787120495,270871685,,esp32,99.99906921386719,269.8702697753906,1322.7091064453125,30
1787120495,271245576,,lidar,99.32315063476562,119.0844497680664,665.4913330078125,30
1787120495,271265299,,ui,0.0,0.0,0.0,0
1787120496,270926152,,esp32,99.99703979492188,269.8702697753906,1322.7091064453125,30
1787120496,271306661,,lidar,99.32315063476562,120.43596649169922,665.4913330078125,30
1787120496,271328888,,ui,0.0,0.0,0.0,0
1787120497,270949517,,esp32,99.99453735351562,269.8702697753906,1322.7091064453125,30
1787120497,271300687,,lidar,99.32315063476562,120.43596649169922,665.4913330078125,30
1787120497,271321160,,ui,0.0,0.0,0.0,0
1787120498,271042035,,esp32,99.99537658691406,258.2913818359375,1322.7091064453125,30
1787120498,271460169,,lidar,99.32374572753906,107.2742919921875,665.4913330078125,30
1787120498,271488953,,ui,0.0,0.0,0.0,0
1787120499,270622430,,esp32,99.9969253540039,148.4616241455078,1322.7091064453125,30
1787120499,270829562,,lidar,99.32661437988281,105.90884399414062,622.25244140625,30
1787120499,270840136,,ui,0.0,0.0,0.0,0
1787120500,270953759,,esp32,99.99406433105469,148.4616241455078,1322.7091064453125,30
1787120500,271504935,,lidar,99.33805847167969,105.90884399414062,622.25244140625,30
1787120500,271541408,,ui,0.0,0.0,0.0,0
1787120501,270994978,,esp32,99.9948959350586,148.4616241455078,1322.7091064453125,30
1787120501,271380817,,lidar,99.32661437988281,105.90884399414062,622.25244140625,30
1787120501,271402279,,ui,0.0,0.0,0.0,0
1787120502,270910889,,esp32,99.99537658691406,148.04693603515625,1322.7091064453125,30
1787120502,271253926,,lidar,99.33352661132812,105.90884399414062,622.25244140625,30
1787120502,271273138,,ui,0.0,0.0,0.0,0
1787120503,271046675,,esp32,99.99537658691406,148.04693603515625,1322.7091064453125,30
1787120503,271600952,,lidar,99.33352661132812,107.28518676757812,622.25244140625,30
1787120503,271636615,,ui,0.0,0.0,0.0,0
1787120504,270899590,,esp32,99.99609375,148.61077880859375,1322.7091064453125,30
1787120504,271305309,,lidar,99.34258270263672,107.28518676757812,622.25244140625,30
1787120504,271328391,,ui,0.0,0.0,0.0,0
1787120505,270962209,,esp32,99.99156188964844,149.17462158203125,1322.7091064453125,30
1787120505,271369241,,lidar,99.33352661132812,107.29607391357422,622.25244140625,30
1787120505,271392539,,ui,0.0,0.0,0.0,0
1787120506,270916208,,esp32,99.99072265625,155.3768768310547,1322.7091064453125,30
1787120506,271271087,,lidar,99.32315063476562,120.96417999267578,622.25244140625,30
1787120506,271291455,,ui,0.0,0.0,0.0,0
1787120507,270907976,,esp32,99.98953247070312,293.0280456542969,1382.0035400390625,30
1787120507,271288810,,lidar,99.32315063476562,120.96417999267578,622.25244140625,30
1787120507,271304850,,ui,0.0,0.0,0.0,0
1787120508,270889386,,esp32,99.9898910522461,289.1684265136719,1382.0035400390625,30
1787120508,271266630,,lidar,99.32315063476562,120.96417999267578,622.25244140625,30
1787120508,271281580,,ui,0.0,0.0,0.0,0
1787120509,270745022,,esp32,99.98953247070312,293.0280456542969,1382.0035400390625,30
1787120509,270930192,,lidar,99.3236312866211,120.96417999267578,622.25244140625,30
1787120509,270937783,,ui,0.0,0.0,0.0,0
1787120510,270869448,,esp32,99.98893737792969,289.1684265136719,1382.0035400390625,30
1787120510,271207016,,lidar,99.31123352050781,120.96417999267578,622.25244140625,30
1787120510,271222879,,ui,0.0,0.0,0.0,0
1787120511,270914679,,esp32,99.98870086669922,293.0280456542969,1382.0035400390625,30
1787120511,271245389,,lidar,99.3083724975586,120.96417999267578,622.25244140625,30
1787120511,271259032,,ui,0.0,0.0,0.0,0
1787120512,270947141,,esp32,99.98822021484375,293.0280456542969,1382.0035400390625,30
1787120512,271274827,,lidar,99.3051528930664,120.96417999267578,622.25244140625,30
1787120512,271288950,,ui,0.0,0.0,0.0,0
1787120513,270935655,,esp32,99.98404693603516,293.0280456542969,1382.0035400390625,30
1787120513,271286455,,lidar,99.28334045410156,120.96417999267578,622.25244140625,30
1787120513,271301995,,ui,0.0,0.0,0.0,0
1787120514,270896826,,esp32,99.98202514648438,289.1684265136719,1382.0035400390625,30
1787120514,271246430,,lidar,99.28620147705078,120.96417999267578,622.25244140625,30
1787120514,271260111,,ui,0.0,0.0,0.0,0
1787120515,270972339,,esp32,99.98846435546875,289.1684265136719,1382.0035400390625,30
1787120515,271319895,,lidar,99.27880859375,120.96417999267578,622.25244140625,30
1787120515,271335862,,ui,0.0,0.0,0.0,0
1787120516,270894359,,esp32,99.98881530761719,293.0280456542969,1382.0035400390625,30
1787120516,271209752,,lidar,99.27880859375,120.96417999267578,622.25244140625,30
1787120516,271225038,,ui,0.0,0.0,0.0,0
1787120517,270907411,,esp32,99.98917388916016,289.1684265136719,1382.0035400390625,30
1787120517,271248611,,lidar,99.27880859375,120.96417999267578,622.25244140625,30
1787120517,271264520,,ui,0.0,0.0,0.0,0
1787120518,270930159,,esp32,99.99442291259766,289.1684265136719,1382.0035400390625,30
1787120518,271278645,,lidar,99.29203796386719,120.96417999267578,622.25244140625,30
1787120518,271293166,,ui,0.0,0.0,0.0,0
1787120519,270653882,,esp32,99.99859619140625,140.01454162597656,1382.0035400390625,30
1787120519,270803814,,lidar,99.294189453125,107.28518676757812,613.159423828125,30
1787120519,270809997,,ui,0.0,0.0,0.0,0
1787120520,270886888,,esp32,99.9969253540039,140.01454162597656,1382.0035400390625,30
1787120520,271227796,,lidar,99.30443572998047,107.28518676757812,613.159423828125,30
1787120520,271241832,,ui,0.0,0.0,0.0,0
1787120521,270960397,,esp32,99.99859619140625,140.01454162597656,1382.0035400390625,30
1787120521,271316645,,lidar,99.30229187011719,107.28518676757812,613.159423828125,30
1787120521,271332832,,ui,0.0,0.0,0.0,0
1787120522,271034353,,esp32,99.99859619140625,124.63872528076172,1382.0035400390625,30
1787120522,271634919,,lidar,99.30443572998047,107.28518676757812,613.159423828125,30
1787120522,271676039,,ui,0.0,0.0,0.0,0
1787120523,270891163,,esp32,99.99513244628906,124.63872528076172,1382.0035400390625,30
1787120523,271274933,,lidar,99.30181884765625,107.28518676757812,613.159423828125,30
1787120523,271290265,,ui,0.0,0.0,0.0,0
1787120524,270872148,,esp32,99.99442291259766,123.26402282714844,1382.0035400390625,30
1787120524,271231487,,lidar,99.30587005615234,105.81117248535156,613.159423828125,30
1787120524,271246136,,ui,0.0,0.0,0.0,0
1787120525,270836024,,esp32,99.9969253540039,120.49893188476562,1382.0035400390625,30
1787120525,271179542,,lidar,99.30587005615234,105.81117248535156,613.159423828125,30
1787120525,271194405,,ui,0.0,0.0,0.0,0
1787120526,270845355,,esp32,99.99859619140625,120.49893188476562,1382.0035400390625,30
1787120526,271197264,,lidar,99.30587005615234,105.07989501953125,613.159423828125,30
1787120526,271210933,,ui,0.0,0.0,0.0,0
1787120527,270861323,,esp32,99.9969253540039,120.49893188476562,1382.0035400390625,30
1787120527,271253120,,lidar,99.3101577758789,105.07989501953125,613.159423828125,30
1787120527,271268089,,ui,0.0,0.0,0.0,0
1787120528,270847956,,esp32,99.99859619140625,120.49893188476562,1382.0035400390625,30
1787120528,271191536,,lidar,99.30634307861328,104.99665832519531,613.159423828125,30
1787120528,271206760,,ui,0.0,0.0,0.0,0
1787120529,270496275,,esp32,99.99859619140625,120.49893188476562,1382.0035400390625,30
1787120529,270628701,,lidar,99.30252838134766,104.7431411743164,613.159423828125,30
1787120529,270634883,,ui,0.0,0.0,0.0,0
1787120530,270795268,,esp32,100.00133514404297,120.57062530517578,1382.0035400390625,30
1787120530,271155950,,lidar,99.30229187011719,104.7431411743164,613.159423828125,30
1787120530,271171374,,ui,0.0,0.0,0.0,0
1787120531,271026618,,esp32,100.0001449584961,120.57062530517578,1382.0035400390625,30
1787120531,271630979,,lidar,99.30587005615234,104.7431411743164,613.159423828125,30
1787120531,271674035,,ui,0.0,0.0,0.0,0
1787120532,271092309,,esp32,100.0020523071289,120.54046630859375,1382.0035400390625,30
1787120532,271689251,,lidar,99.30587005615234,104.7431411743164,613.159423828125,30
1787120532,271722994,,ui,0.0,0.0,0.0,0
1787120533,270910187,,esp32,100.00145721435547,120.54046630859375,1382.0035400390625,30
1787120533,271306124,,lidar,99.30634307861328,104.4787826538086,613.159423828125,30
1787120533,271327983,,ui,0.0,0.0,0.0,0
1787120534,270930397,,esp32,100.00145721435547,120.54046630859375,1382.0035400390625,30
1787120534,271330027,,lidar,99.30634307861328,104.4787826538086,613.159423828125,30
1787120534,271351243,,ui,0.0,0.0,0.0,0
1787120535,270994015,,esp32,100.00145721435547,120.5357666015625,1382.0035400390625,30
1787120535,271571722,,lidar,99.30777740478516,104.47811889648438,613.159423828125,30
1787120535,271611030,,ui,0.0,0.0,0.0,0
1787120536,270902447,,esp32,100.0020523071289,120.51445770263672,1382.0035400390625,30
1787120536,271320206,,lidar,99.31087493896484,104.47576141357422,104.73799896240234,30
1787120536,271345158,,ui,0.0,0.0,0.0,0
1787120537,270867506,,esp32,100.00145721435547,120.49716186523438,121.02365112304688,30
1787120537,271255292,,lidar,99.30956268310547,104.47576141357422,104.73799896240234,30
1787120537,271271689,,ui,0.0,0.0,0.0,0
1787120538,270853043,,esp32,100.00121307373047,120.49716186523438,121.02365112304688,30
1787120538,271244557,,lidar,99.31230163574219,104.47576141357422,104.73799896240234,30
1787120538,271259592,,ui,0.0,0.0,0.0,0
1787120539,270602332,,esp32,100.00264739990234,120.49716186523438,121.02365112304688,30
1787120539,270780115,,lidar,99.31230163574219,104.42876434326172,104.73799896240234,30
1787120539,270791526,,ui,0.0,0.0,0.0,0
1787120540,270862878,,esp32,100.00324249267578,120.49822235107422,121.02365112304688,30
1787120540,271423820,,lidar,99.3186264038086,104.47608947753906,559.1061401367188,30
1787120540,271462279,,ui,0.0,0.0,0.0,0
1787120541,270938093,,esp32,100.00324249267578,120.54046630859375,1324.5823974609375,30
1787120541,271295699,,lidar,99.31922149658203,104.42876434326172,559.1061401367188,30
1787120541,271311930,,ui,0.0,0.0,0.0,0
1787120542,270795522,,esp32,100.00324249267578,120.54046630859375,1324.5823974609375,30
1787120542,271116584,,lidar,99.31922149658203,104.42876434326172,559.1061401367188,30
1787120542,271130121,,ui,0.0,0.0,0.0,0
1787120543,270871076,,esp32,100.00466918945312,120.54046630859375,1324.5823974609375,30
1787120543,271271768,,lidar,99.32685089111328,104.42876434326172,559.1061401367188,30
1787120543,271291306,,ui,0.0,0.0,0.0,0
1787120544,271018600,,esp32,100.00466918945312,120.59500122070312,1324.5823974609375,30
1787120544,271661182,,lidar,99.33412170410156,104.07683563232422,559.1061401367188,30
1787120544,271702642,,ui,0.0,0.0,0.0,0
1787120545,270900525,,esp32,100.0019302368164,120.59500122070312,1324.5823974609375,30
1787120545,271227486,,lidar,99.33698272705078,104.07683563232422,559.1061401367188,30
1787120545,271243763,,ui,0.0,0.0,0.0,0
1787120546,270701557,,esp32,100.00025939941406,120.59500122070312,1324.5823974609375,30
1787120546,271092751,,lidar,99.33543395996094,104.42829132080078,559.1061401367188,30
1787120546,271108131,,ui,0.0,0.0,0.0,0
1787120547,270937194,,esp32,99.99478149414062,120.59500122070312,1324.5823974609375,30
1787120547,271299415,,lidar,99.33257293701172,104.42829132080078,559.1061401367188,30
1787120547,271317398,,ui,0.0,0.0,0.0,0
1787120548,270932520,,esp32,99.99835205078125,120.59500122070312,1324.5823974609375,30
1787120548,271334781,,lidar,99.32089233398438,104.42829132080078,559.1061401367188,30
1787120548,271354424,,ui,0.0,0.0,0.0,0
1787120549,270654312,,esp32,99.99203491210938,120.59500122070312,1324.5823974609375,30
1787120549,270878869,,lidar,99.32327270507812,104.42876434326172,559.1061401367188,30
1787120549,270889370,,ui,0.0,0.0,0.0,0
1787120550,270943566,,esp32,99.99346923828125,120.7542495727539,1324.5823974609375,30
1787120550,271297428,,lidar,99.31898498535156,104.42829132080078,559.1061401367188,30
1787120550,271314502,,ui,0.0,0.0,0.0,0
1787120551,270935725,,esp32,99.99382781982422,120.7542495727539,1324.5823974609375,30
1787120551,271286683,,lidar,99.32565307617188,104.42829132080078,559.1061401367188,30
1787120551,271304237,,ui,0.0,0.0,0.0,0
1787120552,270862017,,esp32,99.99382781982422,120.7542495727539,1324.5823974609375,30
1787120552,271238506,,lidar,99.33257293701172,104.42829132080078,559.1061401367188,30
1787120552,271260029,,ui,0.0,0.0,0.0,0
1787120553,270874813,,esp32,99.99453735351562,120.7542495727539,1324.5823974609375,30
1787120553,271238381,,lidar,99.33257293701172,104.42829132080078,559.1061401367188,30
1787120553,271253149,,ui,0.0,0.0,0.0,0
1787120554,270670007,,esp32,99.9950180053711,120.81825256347656,1324.5823974609375,30
1787120554,270991614,,lidar,99.32565307617188,104.42829132080078,559.1061401367188,30
1787120554,271007006,,ui,0.0,0.0,0.0,0
1787120555,271102249,,esp32,99.99418640136719,120.81825256347656,1324.5823974609375,30
1787120555,271464320,,lidar,99.32565307617188,104.42829132080078,559.1061401367188,30
1787120555,271481289,,ui,0.0,0.0,0.0,0
1787120556,270931897,,esp32,99.99418640136719,120.81825256347656,1324.5823974609375,30
1787120556,271280482,,lidar,99.32565307617188,104.42829132080078,559.1061401367188,30
1787120556,271298062,,ui,0.0,0.0,0.0,0
1787120557,271025846,,esp32,99.99525451660156,120.81825256347656,1324.5823974609375,30
1787120557,271591092,,lidar,99.31898498535156,104.42829132080078,559.1061401367188,30
1787120557,271628144,,ui,0.0,0.0,0.0,0
1787120558,271061048,,esp32,99.99418640136719,120.90079498291016,1324.5823974609375,30
1787120558,271644387,,lidar,99.32565307617188,104.42829132080078,559.1061401367188,30
1787120558,271683981,,ui,0.0,0.0,0.0,0
1787120559,270638196,,esp32,99.99418640136719,121.03697967529297,1324.5823974609375,30
1787120559,270851668,,lidar,99.3356704711914,104.2063217163086,559.1061401367188,30
1787120559,270864808,,ui,0.0,0.0,0.0,0
1787120560,270885623,,esp32,99.99203491210938,120.91411590576172,1324.5823974609375,30
1787120560,271229734,,lidar,99.3356704711914,104.47573852539062,559.1061401367188,30
1787120560,271242768,,ui,0.0,0.0,0.0,0
1787120561,270882868,,esp32,99.99311065673828,120.91411590576172,1324.5823974609375,30
1787120561,271274088,,lidar,99.33209228515625,104.2063217163086,559.1061401367188,30
1787120561,271297031,,ui,0.0,0.0,0.0,0
1787120562,270836023,,esp32,99.99203491210938,120.91411590576172,1324.5823974609375,30
1787120562,271249828,,lidar,99.33209228515625,105.1270980834961,559.1061401367188,30
1787120562,271272437,,ui,0.0,0.0,0.0,0
1787120563,270865090,,esp32,99.9900131225586,120.91411590576172,1324.5823974609375,30
1787120563,271270203,,lidar,99.33209228515625,105.1270980834961,559.1061401367188,30
1787120563,271285202,,ui,0.0,0.0,0.0,0
1787120564,270784815,,esp32,99.98798370361328,120.91411590576172,1324.5823974609375,30
1787120564,271093007,,lidar,99.33209228515625,105.1270980834961,559.1061401367188,30
1787120564,271112123,,ui,0.0,0.0,0.0,0
1787120565,270826818,,esp32,99.98535919189453,120.91411590576172,1324.5823974609375,30
1787120565,271221956,,lidar,99.32565307617188,105.1270980834961,559.1061401367188,30
1787120565,271243263,,ui,0.0,0.0,0.0,0
1787120566,270872882,,esp32,99.98345184326172,120.94003295898438,1324.5823974609375,30
1787120566,271200709,,lidar,99.31898498535156,105.29946899414062,580.4183349609375,30
1787120566,271215745,,ui,0.0,0.0,0.0,0
1787120567,270831556,,esp32,99.98726654052734,124.91559600830078,1364.50439453125,30
1787120567,271156018,,lidar,99.32565307617188,105.29946899414062,580.4183349609375,30
1787120567,271170144,,ui,0.0,0.0,0.0,0
1787120568,270827728,,esp32,99.98870086669922,124.91559600830078,1364.50439453125,30
1787120568,271180012,,lidar,99.32327270507812,105.29946899414062,580.4183349609375,30
1787120568,271196449,,ui,0.0,0.0,0.0,0
1787120569,270633746,,esp32,99.98345184326172,124.91559600830078,1364.50439453125,30
1787120569,270765556,,lidar,99.32327270507812,105.29946899414062,580.4183349609375,30
1787120569,270772354,,ui,0.0,0.0,0.0,0
1787120570,270833320,,esp32,99.98535919189453,123.97289276123047,1364.50439453125,30
1787120570,271175090,,lidar,99.32565307617188,105.1270980834961,580.4183349609375,30
1787120570,271189787,,ui,0.0,0.0,0.0,0
1787120571,270865442,,esp32,99.98345184326172,120.91152954101562,1364.50439453125,30
1787120571,271256622,,lidar,99.32327270507812,105.1270980834961,580.4183349609375,30
1787120571,271278652,,ui,0.0,0.0,0.0,0
1787120572,270907760,,esp32,99.98535919189453,120.91411590576172,1364.50439453125,30
1787120572,271261657,,lidar,99.32565307617188,105.1270980834961,580.4183349609375,30
1787120572,271278419,,ui,0.0,0.0,0.0,0
1787120573,270871652,,esp32,99.98345184326172,123.03018951416016,1364.50439453125,30
1787120573,271218249,,lidar,99.32565307617188,105.1270980834961,580.4183349609375,30
1787120573,271233171,,ui,0.0,0.0,0.0,0
1787120574,270742465,,esp32,99.98870086669922,123.03018951416016,1364.50439453125,30
1787120574,271069477,,lidar,99.32327270507812,105.1270980834961,580.4183349609375,30
1787120574,271084060,,ui,0.0,0.0,0.0,0
1787120575,270849780,,esp32,99.99131774902344,123.03018951416016,1364.50439453125,30
1787120575,271220761,,lidar,99.30276489257812,105.29946899414062,580.4183349609375,30
1787120575,271236808,,ui,0.0,0.0,0.0,0
1787120576,270836348,,esp32,99.99442291259766,123.03018951416016,1364.50439453125,30
1787120576,271168175,,lidar,99.30276489257812,105.14372253417969,580.4183349609375,30
1787120576,271183035,,ui,0.0,0.0,0.0,0
1787120577,270800864,,esp32,99.99394226074219,123.2187271118164,1364.50439453125,30
1787120577,271106605,,lidar,99.31087493896484,105.14372253417969,580.4183349609375,30
1787120577,271120036,,ui,0.0,0.0,0.0,0
1787120578,270922522,,esp32,99.98870086669922,123.40727233886719,1364.50439453125,30
1787120578,271495614,,lidar,99.31087493896484,105.14372253417969,580.4183349609375,30
1787120578,271533132,,ui,0.0,0.0,0.0,0
1787120579,270455677,,esp32,99.99442291259766,140.02102661132812,1364.50439453125,30
1787120579,270603499,,lidar,99.32327270507812,105.1270980834961,580.4183349609375,30
1787120579,270609248,,ui,0.0,0.0,0.0,0
1787120580,270809086,,esp32,99.98583984375,140.02102661132812,1364.50439453125,30
1787120580,271171052,,lidar,99.32505798339844,105.14372253417969,580.4183349609375,30
1787120580,271185766,,ui,0.0,0.0,0.0,0
1787120581,270853345,,esp32,99.99442291259766,140.02102661132812,1364.50439453125,30
1787120581,271263852,,lidar,99.32386779785156,105.14372253417969,580.4183349609375,30
1787120581,271281329,,ui,0.0,0.0,0.0,0
1787120582,270805151,,esp32,99.98870086669922,140.02102661132812,1364.50439453125,30
1787120582,271174782,,lidar,99.32386779785156,105.14372253417969,580.4183349609375,30
1787120582,271190690,,ui,0.0,0.0,0.0,0
1787120583,270870316,,esp32,99.98345184326172,140.02102661132812,1364.50439453125,30
1787120583,271388233,,lidar,99.32112884521484,105.14372253417969,580.4183349609375,30
1787120583,271422016,,ui,0.0,0.0,0.0,0
1787120584,270815795,,esp32,99.97987365722656,123.42938232421875,1364.50439453125,30
1787120584,271284571,,lidar,99.32887268066406,105.14372253417969,580.4183349609375,30
1787120584,271316966,,ui,0.0,0.0,0.0,0
1787120585,270884658,,esp32,99.97987365722656,123.42938232421875,1364.50439453125,30
1787120585,271446664,,lidar,99.33209228515625,105.14372253417969,580.4183349609375,30
1787120585,271489634,,ui,0.0,0.0,0.0,0
1787120586,270819328,,esp32,99.98130798339844,140.19802856445312,1364.50439453125,30
1787120586,271355522,,lidar,99.32827758789062,106.79170227050781,580.4183349609375,30
1787120586,271393729,,ui,0.0,0.0,0.0,0
1787120587,270800530,,esp32,99.97868347167969,140.3624725341797,1364.50439453125,30
1787120587,271318893,,lidar,99.33113861083984,106.79170227050781,580.4183349609375,30
1787120587,271359828,,ui,0.0,0.0,0.0,0
1787120588,270818708,,esp32,99.98130798339844,140.3624725341797,1364.50439453125,30
1787120588,271346347,,lidar,99.33113861083984,106.79170227050781,580.4183349609375,30
1787120588,271386225,,ui,0.0,0.0,0.0,0
1787120589,270504152,,esp32,99.97987365722656,140.3624725341797,1364.50439453125,30
1787120589,270712960,,lidar,99.33113861083984,106.79170227050781,580.4183349609375,30
1787120589,270722656,,ui,0.0,0.0,0.0,0
1787120590,270643404,,esp32,99.97987365722656,140.3624725341797,1364.50439453125,30
1787120590,271029504,,lidar,99.32732391357422,105.1453628540039,580.4183349609375,30
1787120590,271039526,,ui,0.0,0.0,0.0,0
