topic,recv_ns,a,b,c
wheel,1787282672634388346,0.0,0.0006155864684842527,0.00030779323424212635
odom,1787282672664575465,-0.00037736547686451023,0.0004043885266455784,0.00022551148086954822
wheel,1787282672734334045,-0.00030779323424212635,0.0,-0.00015389661712106317
odom,1787282672764013324,-0.00038454640361714723,0.000402597055512962,6.884127527588167e-05
wheel,1787282672834704178,-0.00030779323424212635,0.0,-0.00015389661712106317
odom,1787282672864431870,-0.000394809079263878,0.00040003136670371955,-2.6500381546701494e-05
wheel,1787282672934473989,0.0,0.0,0.0
odom,1787282672964568578,-0.00039518562666514387,0.00039993599566240124,-1.878276271539593e-05
wheel,1787282673034306389,0.0,0.0,0.0
odom,1787282673064359392,-0.0003954224307176384,0.000399876034788105,-1.3900655214822486e-05
wheel,1787282673155759498,0.0,0.0,0.0
odom,1787282673164357600,-0.00039557385024357913,0.00039983770115569297,-1.0764030956725816e-05
wheel,1787282673235558584,0.0,0.0,0.0
odom,1787282673265238408,-0.0003956728264694105,0.00039981264969524887,-8.704930862748516e-06
wheel,1787282673335194310,-0.00030779323424212635,0.0,-0.00015389661712106317
odom,1787282673365124566,-0.0004075000641278525,0.0003968504138777237,-7.283983567301746e-05
wheel,1787282673435422974,0.00030779323424212635,0.0,0.00015389661712106317
odom,1787282673465270461,-0.00039703065004071406,0.0003994725315972787,1.944127602359907e-05
wheel,1787282673535292640,0.0,0.0,0.0
odom,1787282673565296617,-0.000396580226206087,0.00039958539885141,1.0127999627385753e-05
wheel,1787282673655514150,-0.00030779323424212635,0.0,-0.00015389661712106317
odom,1787282673664983888,-0.00040807085091230233,0.00039670669226154353,-6.0988028641484413e-05
wheel,1787282673735558234,0.00030779323424212635,0.0,0.00015389661712106317
odom,1787282673765325545,-0.0003973948707848021,0.00039938156718279555,2.6999404389096065e-05
wheel,1787282673835173928,0.0,0.0012311729369685054,0.0006155864684842527
odom,1787282673864820430,-0.0003497757248430778,0.00041131480682225546,0.00027714073393460834
wheel,1787282673955670689,-0.0006155864684842527,0.0006155864684842527,0.0
odom,1787282673964835710,-0.0003444444095047639,0.0004126619432782107,0.0001667885691994449
wheel,1787282674055991974,0.0,0.0,0.0
odom,1787282674065436107,-0.00034118818198953333,0.00041348093992220835,9.942444133286198e-05
wheel,1787282674135608348,-0.00030779323424212635,0.0,-0.00015389661712106317
odom,1787282674165317710,-0.0003509605983232403,0.00041103087618288975,-7.165512545638259e-06
wheel,1787282674235551988,0.00030779323424212635,0.0,0.00015389661712106317
odom,1787282674265022834,-0.0003392409231200322,0.0004139685839924635,5.9161329955475734e-05
wheel,1787282674335199772,0.0,0.0,0.0
odom,1787282674364833653,-0.00033802319595693813,0.0004142737636300492,3.399331025198452e-05
wheel,1787282674435652837,-0.00030779323424212635,0.0,-0.00015389661712106317
odom,1787282674465263271,-0.0003490404670717722,0.00041150850381994246,-4.679838888009161e-05
wheel,1787282674535220664,0.00030779323424212635,0.0006155864684842527,0.0004616898513631895
odom,1787282674564588474,-0.00031457558868068063,0.00042016383094651026,0.000166341829128626
wheel,1787282674635792252,-0.00030779323424212635,0.0,-0.00015389661712106317
odom,1787282674665722150,-0.00032308395617485186,0.00041802979935306377,3.3711108641565406e-05
wheel,1787282674735081205,0.00030779323424212635,0.0,0.00015389661712106317
odom,1787282674765557514,-0.00031059671672124475,0.00042116494950873376,8.410472499297045e-05
wheel,1787282674835162113,0.0,0.0006155864684842527,0.00030779323424212635
odom,1787282674865196074,-0.00028540012585995803,0.00042750024749220315,0.00018023944634817728
wheel,1787282674935577634,0.0,0.0,0.0
odom,1787282674965124402,-0.0002818770932795048,0.00042838716857848485,0.0001074497710558931
wheel,1787282675035166543,0.0009233796736225486,-0.0036935186944901943,-0.0013850695104338229
odom,1787282675065208719,-0.000385494290985641,0.0004022982728789295,-0.0005266460538421685
wheel,1787282675135282149,-0.00030779323424212635,0.0,-0.00015389661712106317
odom,1787282675165114886,-0.00040718045148561445,0.000396880044726269,-0.0003871346202109985
wheel,1787282675255861970,0.0006155864684842527,0.0,0.00030779323424212635
odom,1787282675265095733,-0.0003909990383967256,0.0004009536121377995,-0.00010485970274439383
wheel,1787282675335343441,-0.0006155864684842527,0.0006155864684842527,0.0
odom,1787282675364186388,-0.0003929780626742815,0.00040044429784678106,-6.393028357813877e-05
wheel,1787282675455905453,0.0,0.0009233796736225486,0.0004616898368112743
odom,1787282675464668117,-0.0003589274782864327,0.0004089710086056651,0.0001576787654585039
wheel,1787282675555696768,0.0,0.0,0.0
odom,1787282675564666200,-0.000355923044448914,0.0004097257224912584,9.564399255386868e-05
wheel,1787282675655548319,0.0,0.0006155864684842527,0.00030779323424212635
odom,1787282675664611589,-0.000330580492549869,0.0004160806137367896,0.00018877934103498837
wheel,1787282675755955554,0.0,0.0,0.0
odom,1787282675764836906,-0.00032696147094586647,0.00041699055632898164,0.00011406287571513382
wheel,1787282675856163577,0.002154552610591054,0.0,0.001077276305295527
odom,1787282675864718357,-0.00024248334288515873,0.00043817859340369283,0.0005270981913339604
wheel,1787282675955811805,0.0,0.0006155864684842527,0.00030779323424212635
odom,1787282675964589714,-0.00020888526985769046,0.00044660196039878624,0.00044983555410666137
wheel,1787282676055992565,0.0,0.0,0.0
odom,1787282676065439800,-0.00020022031581463283,0.0004487730905437445,0.0002710159058778418
wheel,1787282676156024904,0.0,0.0,0.0
odom,1787282676164763647,-0.0001949298450798472,0.0004500999298932753,0.0001618380600369042
wheel,1787282676235520697,-0.0015389662003144622,0.0012311729369685054,-0.0001538966316729784
odom,1787282676264814214,-0.00020346866459005193,0.0004480140651894489,2.9742106368684803e-05
wheel,1787282676335230739,0.00030779323424212635,0.0,0.00015389661712106317
odom,1787282676364786402,-0.00019100064388716088,0.00045113096056902634,8.053759372049772e-05
wheel,1787282676455918255,0.0,0.0,0.0
odom,1787282676464866201,-0.00018932316967078404,0.00045154931472721714,4.593906398040809e-05
wheel,1787282676535810905,-0.00030779323424212635,0.0,-0.00015389661712106317
odom,1787282676564850891,-0.00020005795455119513,0.0004488560274715099,-4.0553955141678426e-05
wheel,1787282676635561889,0.00030779323424212635,0.0,0.00015389661712106317
odom,1787282676665147913,-0.00018894283610702595,0.0004516410390227936,3.811256043356657e-05
wheel,1787282676734689774,-0.00030779323424212635,0.0006155864684842527,0.00015389661712106317
odom,1787282676764468471,-0.0001763422142407575,0.0004548125340423617,8.605971799246584e-05
wheel,1787282676835009184,0.00030779323424212635,0.0,0.00015389661712106317
odom,1787282676864697944,-0.00016282885178507632,0.00045820401503997326,0.00011521795981937196
wheel,1787282676935277362,-0.00030779323424212635,0.0,-0.00015389661712106317
odom,1787282676964844493,-0.000172259642820164,0.000455836776576237,1.8389682358278635e-06
odom,1787282677064737034,-0.00017237722390970516,0.0004558072104333829,-3.7502570209962105e-06
wheel,1787282677075020405,0.00030779323424212635,0.0,0.00015389661712106317
wheel,1787282677156221527,0.0,0.0,0.0
odom,1787282677164782522,-0.00015967503866099554,0.0004589953898129721,4.01278150042623e-05
odom,1787282677264885237,-0.0001548899142395633,0.00046019838242981854,3.765794930337004e-05
wheel,1787282677275084209,0.0,0.0,0.0
wheel,1787282677356098070,0.0,0.0,0.0
odom,1787282677364649322,-0.00015787322856068757,0.0004594476360694763,1.1152365321102966e-05
wheel,1787282677456727619,0.0,0.0006155864684842527,0.00030779323424212635
odom,1787282677464546988,-0.00013470556144485485,0.00046527379645921926,0.00013305868411273564
wheel,1787282677554806712,-0.0012311729369685054,0.0012311729369685054,0.0
odom,1787282677564070473,-0.00013188431707798428,0.00046599942240614547,7.897399394209905e-05
wheel,1787282677634702260,0.0,0.0,0.0
odom,1787282677664719593,-0.00013020701266675924,0.0004664213073823525,4.5714618609363587e-05
odom,1787282677765192983,-0.0001246968257823928,0.0004678106004015249,4.392025537554082e-05
wheel,1787282677775030078,-0.0009233796736225486,0.0,-0.0004616898368112743
wheel,1787282677855368158,0.00030779323424212635,0.0,0.00015389661712106317
odom,1787282677864860695,-0.00015355676167094786,0.0004605396965691084,-5.3918562984507586e-05
odom,1787282677965117236,-0.00016068195086004397,0.0004587418723888338,-6.186207995332663e-05
wheel,1787282677995544596,-0.00030779323424212635,0.0,-0.00015389661712106317
wheel,1787282678075188517,0.00030779323424212635,0.0,0.00015389661712106317
odom,1787282678098449207,-0.0001563312100514966,0.00045983766126316163,-3.1175917238663616e-06
wheel,1787282678155476427,0.002154552610591054,0.0,0.001077276305295527
odom,1787282678164943066,-7.635320502849454e-05,0.00048000829272902123,0.00044639500847906455
wheel,1787282678255595240,0.0,0.0,0.0
odom,1787282678265130447,-6.720540065363786e-05,0.0004823085575474507,0.00027092101822420955
wheel,1787282678356070388,0.0,0.0,0.0
odom,1787282678364737239,-6.176150549119657e-05,0.0004836796470037629,0.00016261205553508458
wheel,1787282678435071606,0.0,0.0,0.0
odom,1787282678465132981,-5.850026942201983e-05,0.0004845019889075459,9.628815104828581e-05
wheel,1787282678555665522,-0.00030779323424212635,0.0,-0.00015389661712106317
odom,1787282678564262409,-6.827980380374458e-05,0.0004820430870966089,-9.66292859144712e-06
wheel,1787282678634736494,-0.00030779323424212635,0.0,-0.00015389661712106317
odom,1787282678664242832,-8.010026469094479e-05,0.00047906852686839394,-7.398529454418351e-05
wheel,1787282678755081545,0.0,0.0006155864684842527,0.00030779323424212635
odom,1787282678764154189,-5.782924811998079e-05,0.00048468194559504464,8.37383096746967e-05
odom,1787282678864971800,-4.745773411974835e-05,0.00048729711477258237,8.493581175231115e-05
wheel,1787282678875288165,-0.0009233796736225486,0.0,-0.0004616898368112743
wheel,1787282678955721582,0.0,0.0,0.0
odom,1787282678965066594,-9.140716407614875e-05,0.00047622301613885497,-0.000102632582948661
odom,1787282679065027889,-0.00010472611324815589,0.00047286167451270403,-0.00011402945748388522
wheel,1787282679075414652,0.0,0.0,0.0
wheel,1787282679155647812,-0.00030779323424212635,0.0,-0.00015389661712106317
odom,1787282679165164637,-0.00010652790475918575,0.0004724058417986966,-0.00010236817005108524
odom,1787282679264493119,-0.00011974318924264203,0.00046906945558278874,-0.00011263347878234393
wheel,1787282679274514571,0.00030779323424212635,0.0,0.00015389661712106317
wheel,1787282679355639245,0.0,0.0,0.0
odom,1787282679364865588,-9.846641059160778e-05,0.000474439288140214,3.1755410544975484e-06
wheel,1787282679455892309,0.0,0.0006155864684842527,0.00030779323424212635
odom,1787282679464814328,-7.552078747206098e-05,0.0004802281547458284,0.00012941602455786007
odom,1787282679565146861,-5.915230497862136e-05,0.0004843621258205037,0.00013660524226355054
wheel,1787282679595084441,0.0,0.0,0.0
wheel,1787282679675576150,0.0,0.0006155864684842527,0.00030779323424212635
odom,1787282679698420500,-4.7807826866108323e-05,0.00048722774027665455,0.0001702007209155565
wheel,1787282679754676785,-0.00030779323424212635,0.0012311729369685054,0.0004616898513631895
odom,1787282679764212815,-9.770572374957614e-06,0.0004968420794617933,0.00029641525386505323
wheel,1787282679855325743,0.00030779323424212635,0.0,0.00015389661712106317
odom,1787282679864162248,7.844307573353703e-06,0.0005012971174209775,0.00024432037579774515
wheel,1787282679955743465,0.0,0.0,0.0
odom,1787282679964887070,1.2698275272701317e-05,0.0005025262437923313,0.0001465451623800046
wheel,1787282680055823484,-0.0006155864684842527,0.0015389662003144622,0.00046168986591510475
odom,1787282680064550622,5.0808687432097546e-05,0.0005121880002423175,0.0002831181102941984
wheel,1787282680134908207,-0.00030779323424212635,0.0006155864684842527,0.00015389661712106317
odom,1787282680164440284,6.80417159242248e-05,0.0005165670658202962,0.00023488600992849004
wheel,1787282680234635047,0.00030779323424212635,0.0,0.00015389661712106317
odom,1787282680264941527,8.437511530461776e-05,0.0005206990828132513,0.00020523571248012355
wheel,1787282680334740956,-0.00030779323424212635,0.0006155864684842527,0.00015389661712106317
odom,1787282680364294852,0.00010015608082812916,0.0005247122291146919,0.00018697662899917452
wheel,1787282680434645418,0.00030779323424212635,0.0,0.00015389661712106317
odom,1787282680464354497,0.00011560872201939402,0.0005286223932086325,0.00017569849387844407
wheel,1787282680534628740,-0.00030779323424212635,0.0,-0.00015389661712106317
odom,1787282680564191750,0.00010726052174108446,0.0005265085676406488,3.764443271436402e-05
wheel,1787282680634716006,0.00030779323424212635,0.0,0.00015389661712106317
odom,1787282680664380257,0.00011993584917820362,0.0005297149067755904,8.483510377217439e-05
wheel,1787282680754879013,-0.0006155864684842527,0.0,-0.00030779323424212635
odom,1787282680764855884,9.809812013239993e-05,0.0005241802886516265,-8.299282899081627e-05
wheel,1787282680834569545,-0.0009233796736225486,0.0,-0.0004616898368112743
odom,1787282680864311264,6.133207036197231e-05,0.0005148515359618057,-0.00025027724444111587
wheel,1787282680954841583,0.00030779323424212635,0.0,0.00015389661712106317
odom,1787282680964129286,6.858364718773381e-05,0.0005166810792694431,-8.92966140064857e-05
wheel,1787282681055809630,-0.00030779323424212635,0.0006155864684842527,0.00015389661712106317
odom,1787282681064737433,7.881342498863611e-05,0.0005192779112008737,8.970365921592442e-06
wheel,1787282681137788786,0.00030779323424212635,0.0,0.00015389661712106317
odom,1787282681164077074,9.086811155191754e-05,0.0005223410153258615,6.887076737414663e-05
wheel,1787282681235362301,0.0,0.0,0.0
odom,1787282681265393148,9.225918818788948e-05,0.0005226957543376239,3.9778859511952975e-05
wheel,1787282681334460369,0.0,0.0,0.0
odom,1787282681364118432,9.310519294662002e-05,0.0005229111433174285,2.212027492340827e-05
wheel,1787282681435330153,0.0,0.0006155864684842527,0.00030779323424212635
odom,1787282681464919323,0.00011716908977794491,0.0005290315812554209,0.0001425012636559304
wheel,1787282681555626770,0.0,0.0,0.0
odom,1787282681564634261,0.00011994474982667842,0.0005297401936477354,8.453737319516613e-05
wheel,1787282681654895066,-0.0006155864684842527,0.0,-0.00030779323424212635
odom,1787282681664797875,9.809446438383289e-05,0.0005241851316553613,-8.182358940974316e-05
wheel,1787282681755008527,0.0006155864684842527,0.0,0.00030779323424212635
odom,1787282681764355073,0.00012019251380935428,0.0005298042340507459,7.933343266870948e-05
wheel,1787282681834530881,0.0,0.0,0.0
odom,1787282681864235990,0.00012177834608668848,0.0005302085678316814,4.6298553385702276e-05
wheel,1787282681934611318,-0.0012311729369685054,0.0,-0.0006155864684842527
odom,1787282681964434591,7.56804663249707e-05,0.0005184801807131983,-0.00023588099973607154
wheel,1787282682055681494,0.0,0.0006155864684842527,0.00030779323424212635
odom,1787282682064857772,9.484229930606714e-05,0.0005233516587624436,-1.3864950994315185e-05
wheel,1787282682135386848,-0.00030779323424212635,0.0006155864684842527,0.00015389661712106317
odom,1787282682165193168,0.00010640593412447716,0.0005262963773510231,5.580590638134648e-05
wheel,1787282682235596715,0.00030779323424212635,0.0,0.00015389661712106317
odom,1787282682266379672,0.00011927961613546415,0.0005295803795663316,9.816346408591777e-05
wheel,1787282682335193671,0.0,0.0006155864684842527,0.00030779323424212635
odom,1787282682364785568,0.00014471331791232847,0.0005360692168408366,0.00018934687442710105
wheel,1787282682435481469,0.0,0.0,0.0
odom,1787282682465596785,0.00014836253154997022,0.0005370045713303637,0.00011349551285479894
wheel,1787282682535188738,-0.0009233796736225486,0.0006155864684842527,-0.00015389660256914794
odom,1787282682565218586,0.00013883302810312182,0.0005345833029704515,1.6948850051008886e-06
wheel,1787282682635408599,0.00030779323424212635,0.00030779323424212635,0.00030779323424212635
odom,1787282682665254386,0.0001624575213888721,0.0005406133343472595,0.00013034186226237957
wheel,1787282682735320265,-0.00030779323424212635,0.0009233796736225486,0.0003077932196902111
odom,1787282682765580092,0.00018850976055383896,0.000547278863336387,0.00020846695379418456
wheel,1787282682855215275,0.0,0.0,0.0
odom,1787282682864315263,0.00019254748860372809,0.0005483159233818312,0.00012465917164449837
wheel,1787282682955955778,0.00030779323424212635,0.0,0.00015389661712106317
odom,1787282682964788667,0.00020676199571919231,0.0005519489449254945,0.00013907189235167698
wheel,1787282683035117169,-0.0006155864684842527,0.0,-0.00030779323424212635
odom,1787282683065090837,0.00018600713792030497,0.000546645683832467,-4.887102030161106e-05
wheel,1787282683155921630,0.0006155864684842527,0.0,0.00030779323424212635
odom,1787282683165445755,0.00020868891354501728,0.0005524416109860218,9.910121398613831e-05
wheel,1787282683235489710,-0.00030779323424212635,0.0,-0.00015389661712106317
odom,1787282683265023224,0.00019892390055053485,0.0005499448362222858,-7.502202099825885e-06
wheel,1787282683355856454,0.00030779323424212635,0.0006155864684842527,0.0004616898513631895
odom,1787282683364697246,0.0002341230611165584,0.0005589564989496917,0.00018987395388060088
wheel,1787282683455573523,0.0,0.0,0.0
odom,1787282683464290653,0.00023782564284157982,0.0005599072423635234,0.00011315241563307467
wheel,1787282683555493083,-0.0006155864684842527,0.0006155864684842527,0.0
odom,1787282683564514151,0.0002400809048228481,0.0005604967084299146,6.638518970584416e-05
wheel,1787282683656130453,-0.0006155864684842527,0.0,-0.00030779323424212635
odom,1787282683664555086,0.00021796734477131041,0.0005548347435374495,-9.311016188856911e-05
wheel,1787282683755835473,-0.0015389662003144622,0.0006155864684842527,-0.00046168986591510475
odom,1787282683764875353,0.00018108256290605093,0.0005453838445421433,-0.00025536624041014213
wheel,1787282683855895721,0.0,0.0006155864684842527,0.00030779323424212635
odom,1787282683864913490,0.0001998141242055286,0.0005501747583615971,-2.5858987394456693e-05
wheel,1787282683955588653,0.0,0.0,0.0
odom,1787282683965177202,0.00019939274770054924,0.000550065476826276,-1.7123301685477613e-05
wheel,1787282684055541196,-0.0006155864684842527,0.0,-0.00030779323424212635
odom,1787282684064916025,0.0001756530336641334,0.0005439630872383829,-0.0001427460984520303
wheel,1787282684135503757,-0.0006155864684842527,0.0012311729369685054,0.00030779323424212635
odom,1787282684164867652,0.00019647714937329414,0.0005493074166939087,4.326138900400062e-05
wheel,1787282684255816875,-0.00030779323424212635,0.0,-0.00015389661712106317
odom,1787282684264773010,0.00018560415840326424,0.0005465122461829987,-4.0162770336790246e-05
wheel,1787282684335346172,-0.0049246917478740215,0.0,-0.0024623458739370108
odom,1787282684366431078,-2.8898670113987974e-06,0.0004979385257735312,-0.0010736632014257063
wheel,1787282684435543720,-0.0006155864684842527,0.0,-0.00030779323424212635
odom,1787282684464991343,-4.670590318230677e-05,0.0004865183717389842,-0.0007830607868613962
wheel,1787282684535576137,0.0006155864684842527,0.0,0.00030779323424212635
odom,1787282684565111833,-3.8182672947010556e-05,0.0004887056326374315,-0.0003427007417230249
wheel,1787282684635250033,0.0,0.0006155864684842527,0.00030779323424212635
odom,1787282684665254768,-2.135631335526361e-05,0.0004930475817213869,-7.424528154541688e-05
wheel,1787282684735486384,-0.00030779323424212635,0.0006155864684842527,0.00015389661712106317
odom,1787282684765562920,-1.1183515262156026e-05,0.0004956770088514569,2.3539830803292542e-05
wheel,1787282684855542079,-0.00030779323424212635,0.0,-0.00015389661712106317
odom,1787282684865459923,-2.261559322623187e-05,0.000492729039410874,-4.823471666779121e-05
wheel,1787282684934717372,0.0,0.0,0.0
odom,1787282684965137908,-2.3671459729119686e-05,0.0004924676110271275,-2.6457063221364587e-05
wheel,1787282685055937153,0.0,0.0,0.0
odom,1787282685065222068,-2.430907197540219e-05,0.0004923114286725203,-1.3317704708381926e-05
wheel,1787282685135349274,0.0,0.0,0.0
odom,1787282685165258397,-2.4691077823681633e-05,0.0004922189456189824,-5.453567422754561e-06
wheel,1787282685255951746,-0.0006155864684842527,0.0,-0.00030779323424212635
odom,1787282685264827882,-4.8370748887398315e-05,0.00048606694561198043,-0.00013185642629382255
wheel,1787282685335135139,0.0,0.0,0.0
odom,1787282685364525129,-5.099323038363255e-05,0.00048538487529555403,-7.760727625279949e-05
wheel,1787282685456020088,0.0,0.0012311729369685054,0.0006155864684842527
odom,1787282685464838040,-5.67940459041864e-06,0.0004971501186305735,0.00021750259850820345
wheel,1787282685556063567,0.0,0.0,0.0
odom,1787282685564588531,-1.6657980961353576e-06,0.0004982084717667537,0.00013440392966388386
wheel,1787282685655507541,-0.00030779323424212635,0.0,-0.00015389661712106317
odom,1787282685665482160,-1.0930468023275455e-05,0.0004958044349664884,1.7940831342689684e-05
wheel,1787282685755635131,0.0,0.0,0.0
odom,1787282685764737832,-1.0666424030428963e-05,0.0004958743548578653,1.247123340117008e-05
wheel,1787282685835252149,0.00030779323424212635,0.0,0.00015389661712106317
odom,1787282685864630951,1.2243809492580875e-06,0.0004989711122909943,7.455625766555444e-05
wheel,1787282685956065128,-0.00030779323424212635,0.0,-0.00015389661712106317
odom,1787282685964576538,-9.148328912776455e-06,0.0004962723522811593,-1.894081721592143e-05
wheel,1787282686035242060,0.00030779323424212635,0.0,0.00015389661712106317
odom,1787282686065428748,2.160154902518336e-06,0.0004992168845448938,5.518582046436056e-05
wheel,1787282686135469378,-0.0012311729369685054,0.0,-0.0006155864684842527
odom,1787282686165463288,-4.374117400769999e-05,0.0004872635000762521,-0.0002275064579455757
wheel,1787282686235699767,0.00030779323424212635,0.0,0.00015389661712106317
odom,1787282686265633811,-3.6390359837679885e-05,0.0004891716749033237,-7.151285581617669e-05
wheel,1787282686335166178,0.0,0.0,0.0
odom,1787282686364403266,-3.7814320648674646e-05,0.0004887992168135585,-4.2059932152168156e-05
wheel,1787282686435344311,-0.0006155864684842527,0.0,-0.00030779323424212635
odom,1787282686465276572,-6.212659471881247e-05,0.0004824583748264616,-0.00015518866560333385
wheel,1787282686555868582,0.0,0.0,0.0
odom,1787282686564438095,-6.514476902488159e-05,0.0004816677168971556,-9.275802240682932e-05
wheel,1787282686635321361,0.0,0.0,0.0
odom,1787282686665097135,-6.698564192574232e-05,0.0004811863199886114,-5.468575118616994e-05
wheel,1787282686734967186,0.0,0.0,0.0
odom,1787282686764393138,-6.810625366213893e-05,0.00048089372933804046,-3.151309925503506e-05
wheel,1787282686834496255,-0.0018467593472450972,0.0033857254311442375,0.0007694830419495702
odom,1787282686864261220,-1.0168161903427373e-05,0.0004959810032747769,0.0003101718206030544
wheel,1787282686934375727,0.0,0.0,0.0
odom,1787282686965042287,-4.3527063507971395e-06,0.0004975300658211974,0.00018976046458796613
wheel,1787282687035260724,0.0,0.0,0.0
odom,1787282687064874560,-7.919894822942973e-07,0.0004984719711012191,0.00011606949295117711
wheel,1787282687155862659,0.0,0.0,0.0
odom,1787282687165060551,1.3878886600746742e-06,0.0004990454904091831,7.097259670482815e-05
wheel,1787282687235192601,0.0,0.0,0.0
odom,1787282687265138621,2.72225940029229e-06,0.00049939499990819,4.337591635492397e-05
wheel,1787282687335243640,0.0,0.0,0.0
odom,1787282687365162984,3.5389714975743995e-06,0.0004996080985776244,2.6489673864880417e-05
wheel,1787282687435190940,0.0,0.0,0.0
odom,1787282687465436334,4.0387740757487494e-06,0.0004997380545732702,1.6158324792896595e-05
wheel,1787282687535026227,0.0,0.0,0.0
odom,1787282687564332314,4.344577252307556e-06,0.0004998173064299405,9.838558404581028e-06
wheel,1787282687635297472,-0.00030779323424212635,0.0006155864684842527,0.00015389661712106317
odom,1787282687664968957,1.624861480067368e-05,0.0005029420878922693,7.149847521699486e-05
wheel,1787282687735333878,0.00030779323424212635,0.0,0.00015389661712106317
odom,1787282687765121568,2.9326963507581916e-05,0.0005063731772697839,0.00010887991820408648
wheel,1787282687835133013,0.0,0.0,0.0
odom,1787282687865258940,3.140473500345152e-05,0.0005069201215770915,6.589950227646623e-05
wheel,1787282687934566208,0.0,0.0006155864684842527,0.00030779323424212635
odom,1787282687964958893,5.610774672127422e-05,0.0005134079182038268,0.00017068908142743195
wheel,1787282688035566551,0.0,0.0,0.0
odom,1787282688065118956,5.9375063464982584e-05,0.0005142690460909562,0.0001030984164312178
wheel,1787282688135635333,0.0,0.0,0.0
odom,1787282688165197797,6.13709461205126e-05,0.0005147941104820437,6.181532179305172e-05
wheel,1787282688235423618,0.0,0.0,0.0
odom,1787282688265198670,6.258880165014772e-05,0.0005151139768793329,3.662807449623068e-05
wheel,1787282688335171562,0.0,0.0,0.0
odom,1787282688364698238,6.3330654413094e-05,0.000515308528071073,2.1287098086191172e-05
wheel,1787282688435295632,0.0,0.0,0.0
odom,1787282688464140642,6.378136713782697e-05,0.0005154265518849727,1.196775578468914e-05
wheel,1787282688535493547,0.0,0.0,0.0
odom,1787282688565137757,6.405408266000245e-05,0.0005154978547075111,6.32953226004735e-06
wheel,1787282688635450831,-0.0006155864684842527,0.0006155864684842527,0.0
odom,1787282688665436844,6.421669494316173e-05,0.0005155457777692155,2.9402241296042026e-06
wheel,1787282688755886293,-0.00030779323424212635,0.0006155864684842527,0.00015389661712106317
odom,1787282688765188998,7.602937688920791e-05,0.0005186533978183593,6.64482009815567e-05
wheel,1787282688835209244,-0.00030779323424212635,0.0,-0.00015389661712106317
odom,1787282688864485701,6.561707652273458e-05,0.0005159170342602052,-2.6037472958770884e-05
wheel,1787282688955693267,0.0,0.0,0.0
odom,1787282688964813029,6.516542070357662e-05,0.0005157960239064728,-1.6684680368025534e-05
wheel,1787282689055738317,-0.00030779323424212635,0.0,-0.00015389661712106317
odom,1787282689064521281,5.3171924041733785e-05,0.0005126383736429162,-7.64388902787607e-05
wheel,1787282689155659109,0.00030779323424212635,0.0,0.00015389661712106317
odom,1787282689164523034,6.346766086632886e-05,0.0005153469106266848,1.8441714206917425e-05
wheel,1787282689254907266,-0.0009233796736225486,0.0,-0.0004616898368112743
odom,1787282689264329965,2.8701599980388765e-05,0.0005061917322336805,-0.0001859278359667374
wheel,1787282689355536784,0.00030779323424212635,0.0,0.00015389661712106317
odom,1787282689364840611,3.6906133673382925e-05,0.000508349093830096,-4.77922346751593e-05
wheel,1787282689455892738,0.0,0.0,0.0
odom,1787282689465019242,3.600554967978091e-05,0.0005081114060428511,-2.9162315011372615e-05
wheel,1787282689555490813,-0.0012311729369685054,0.0,-0.0006155864684842527
odom,1787282689564586774,-1.1399118890988855e-05,0.0004956140486381192,-0.0002798643451148082
wheel,1787282689655544578,0.0,0.0006155864684842527,0.00030779323424212635
odom,1787282689664819278,6.708057468379892e-06,0.0005003763842718169,-3.8721686380743174e-05
wheel,1787282689735076326,-0.00030779323424212635,0.0,-0.00015389661712106317
odom,1787282689766560818,-5.764875546024453e-06,0.0004970852326278826,-8.852096656687038e-05
wheel,1787282689835187553,0.00030779323424212635,0.0,0.00015389661712106317
odom,1787282689865201308,4.237714560822239e-06,0.0004997271813468794,1.2365573764939824e-05
wheel,1787282689934375163,0.0,0.0,0.0
odom,1787282689964800676,4.440336994395898e-06,0.000499782545242423,8.16442552172608e-06
wheel,1787282690035511681,-0.0015389662003144622,0.0012311729369685054,-0.0001538966316729784
odom,1787282690064914468,-7.142972077186611e-06,0.0004967127139073851,-5.9968321384610364e-05
wheel,1787282690135249061,0.00030779323424212635,0.0,0.00015389661712106317
odom,1787282690164953811,3.400863290146154e-06,0.0004995003901512176,2.9706402021492732e-05
wheel,1787282690235351044,-0.0006155864684842527,0.0,-0.00030779323424212635
odom,1787282690265303297,-1.9487160206550562e-05,0.0004934492710545288,-0.00011239778661956853
wheel,1787282690335176739,-0.0009233796736225486,0.0,-0.0004616898368112743
odom,1787282690365042577,-5.678116980664425e-05,0.0004835756658646832,-0.00026420511696792064
wheel,1787282690455489859,-0.0006155864684842527,0.0,-0.00030779323424212635
odom,1787282690464673835,-8.525711826214163e-05,0.0004760236669339024,-0.00029058500602171806
wheel,1787282690535256738,0.0,0.0006155864684842527,0.00030779323424212635
odom,1787282690565053514,-6.741601084078096e-05,0.000480735645410291,-4.4046778576845036e-05
wheel,1787282690635313871,0.0,0.0,0.0
odom,1787282690665122131,-6.83330375263134e-05,0.0004804970974349786,-2.5095485981219384e-05
wheel,1787282690735154073,0.0,0.0,0.0
odom,1787282690764990712,-6.888894384505914e-05,0.0004803533781976619,-1.3611733703388557e-05
wheel,1787282690835090561,0.0,0.0,0.0
odom,1787282690865582636,-6.922408605152611e-05,0.0004802672683706114,-6.69124781799601e-06
wheel,1787282690935274210,-0.0012311729369685054,0.0,-0.0006155864684842527
odom,1787282690965140085,-0.00011625566108039041,0.0004677812496853083,-0.0002646556535716087
wheel,1787282691035448582,-0.0006155864684842527,0.0006155864684842527,0.0
odom,1787282691065231197,-0.00012135194803758879,0.00046640894085011415,-0.00015909705797938838
wheel,1787282691135378954,-0.00030779323424212635,0.0,-0.00015389661712106317
odom,1787282691164987663,-0.00013617129078549796,0.000462466511117444,-0.00016019443943289516
wheel,1787282691255872400,0.00030779323424212635,0.0,0.00015389661712106317
odom,1787282691264876057,-0.00012760819022947787,0.00046474597008690037,-2.9624325616737932e-05
wheel,1787282691355889377,0.0,0.0,0.0
odom,1787282691365058974,-0.00012827824722582543,0.0004645710696723501,-1.5774089430994682e-05
wheel,1787282691454933325,-0.0006155864684842527,0.0,-0.00030779323424212635
odom,1787282691464197963,-0.00015209284560602798,0.0004582332038496403,-0.00013849222963257206
wheel,1787282691554897249,0.0,0.0,0.0
odom,1787282691564122681,-0.0001548236371464716,0.0004575052657250004,-8.196820555429814e-05
wheel,1787282691634484760,-0.0006155864684842527,0.0006155864684842527,0.0
odom,1787282691664295753,-0.00015648402893786046,0.0004570521688689084,-4.7546245112037155e-05
wheel,1787282691734469701,0.0,0.0,0.0
odom,1787282691764678912,-0.0001574945860282967,0.0004567850725121283,-2.66407930037016e-05
wheel,1787282691854724682,0.0,0.0021123066544532776,0.0010561533272266388
odom,1787282691864605661,-7.737431128091284e-05,0.00047811858021491103,0.00043807683700702855
wheel,1787282691954676048,-0.00030779323424212635,-0.002154552610591054,-0.0012311729224165902
odom,1787282691964281449,-0.00016327162638584428,0.00045523410133247225,-0.0002577582054600538
odom,1787282692065114818,-0.0001953163084168841,0.00044668035180878764,-0.00027332151106455453
wheel,1787282692095335023,0.00030779323424212635,0.0006155864684842527,0.0004616898513631895
wheel,1787282692155836132,0.0,0.0,0.0
odom,1787282692164491102,-0.0001357907023417174,0.00046255793795030596,3.7834675491959125e-05
odom,1787282692264893723,-0.00013087204861852967,0.0004638713467776929,4.366239839158269e-05
wheel,1787282692275057507,0.0,0.0,0.0
wheel,1787282692355790061,0.0,0.0,0.0
odom,1787282692365199629,-0.00013446508893444583,0.00046291355997809744,1.598523092579345e-05
wheel,1787282692455670334,0.0,0.0,0.0
odom,1787282692464862808,-0.0001341815237202352,0.00046298960845058974,1.1025159826649754e-05
wheel,1787282692555873174,0.0,0.0006155864684842527,0.00030779323424212635
odom,1787282692564561617,-0.00011097206152681571,0.00046918360565137353,0.00013800178743177322
wheel,1787282692655807272,0.0,0.0,0.0
odom,1787282692665101593,-0.00010829662418641835,0.0004699009162354846,8.486605552099105e-05
odom,1787282692765276560,-9.75921752575291e-05,0.00047276122811266264,9.236991395723e-05
wheel,1787282692795219571,0.0,0.0,0.0
wheel,1787282692855471230,0.0,0.0,0.0
odom,1787282692864951314,-0.00010523468014342533,0.0004707203197838571,3.1621721218526755e-05
wheel,1787282692956057187,0.0,0.0,0.0
odom,1787282692964813425,-0.00010460236080900827,0.0004708893133163144,1.9792935540137156e-05
odom,1787282693065690177,-0.00010208618337607057,0.00047156171191578387,2.1840700511357865e-05
wheel,1787282693094882467,0.0015389662003144622,0.0006155864684842527,0.0010772763343993574
wheel,1787282693155860533,0.0015389662003144622,0.0,0.0007694831001572311
odom,1787282693164889100,3.787502874145453e-05,0.0005089209090291337,0.0006202899442695389
odom,1787282693264917901,0.00011531399636539077,0.0005295729363146405,0.0006627616456430609
wheel,1787282693275008044,-0.00030779323424212635,0.0,-0.00015389661712106317
wheel,1787282693355887360,0.0,0.002154552610591054,0.001077276305295527
odom,1787282693365244151,0.00012862005148904182,0.0005331852322532549,0.0006202356409232745
wheel,1787282693455244714,0.0,0.0,0.0
odom,1787282693464989122,0.00014177548278781197,0.0005367085676261142,0.0003790543812025908
wheel,1787282693556084933,-0.00030779323424212635,0.0,-0.00015389661712106317
odom,1787282693565149730,0.0001380440008884766,0.0005357252026607724,0.00016272946877349435
wheel,1787282693655561855,0.0,0.0,0.0
odom,1787282693664921386,0.00014141138411463754,0.0005366227829470551,9.514288580838589e-05
wheel,1787282693756185780,0.0,0.0006155864684842527,0.00030779323424212635
odom,1787282693764530422,0.00016676034888038276,0.0005434070587910556,0.00018487454856159862
wheel,1787282693855659572,0.0,0.0,0.0
odom,1787282693865440649,0.00017045684806827382,0.000544393518564723,0.00010838466638892623
wheel,1787282693955859033,0.0,0.0,0.0
odom,1787282693965173139,0.00017269210655781594,0.0005449888251640086,6.184692125576592e-05
wheel,1787282694055722836,0.0,0.0,0.0
odom,1787282694064642282,0.0001740437836408092,0.0005453481477333442,3.3638350948097655e-05
wheel,1787282694155932609,0.0,0.0,0.0
odom,1787282694164865148,0.00017485887552748042,0.0005455644356141533,1.66337070681486e-05
odom,1787282694265496614,0.0001764620351498471,0.0005459932422492582,9.93039883177061e-06
wheel,1787282694275518474,-0.00030779323424212635,0.0,-0.00015389661712106317
wheel,1787282694356130129,0.0003017580893356353,0.0,0.00015087904466781765
odom,1787282694365074938,0.00017468714869373975,0.000545516597356705,1.9647625075287575e-05
odom,1787282694465148221,0.00017670019027501502,0.0005460550661623611,1.4259125881420536e-05
wheel,1787282694475357775,0.0,0.0,0.0
wheel,1787282694555344606,0.0,0.0,0.0
odom,1787282694564967499,0.0001757024035978686,0.0005457874058788264,2.529795254387565e-06
wheel,1787282694655822512,-0.0012311729369685054,0.0,-0.0006155864684842527
odom,1787282694664681048,0.00013000179015261072,0.0005335731374897389,-0.00025914497343019935
wheel,1787282694755670635,0.0,0.0,0.0
odom,1787282694765128960,0.000124971501789311,0.0005322207993609834,-0.00016061169957999578
wheel,1787282694854877925,-0.0012311729369685054,0.0006155864684842527,-0.00030779323424212635
odom,1787282694864270655,9.867419899095418e-05,0.0005251758597527166,-0.00023043625127888533
wheel,1787282694954647442,-0.0012311729369685054,0.0,-0.0006155864684842527
odom,1787282694964189554,4.762325163241949e-05,0.0005114908605490688,-0.0004034408056110432
wheel,1787282695061733286,-0.00030779323424212635,0.0,-0.00015389661712106317
odom,1787282695066495044,2.832910132772052e-05,0.0005063036510935918,-0.00031142926357031635
odom,1787282695164702468,-9.93305731830886e-06,0.0004960259786785393,-0.00033374959136227896
wheel,1787282695235186049,-0.00030779323424212635,0.0006155864684842527,0.00015389661712106317
wheel,1787282695256170545,0.00030779323424212635,0.0,0.00015389661712106317
odom,1787282695264694482,4.1100949310459536e-05,0.0005097195121070392,-7.2278649555030045e-06
wheel,1787282695355849434,-0.00030779323424212635,0.0,-0.00015389661712106317
odom,1787282695364782259,2.939787974792512e-05,0.0005065795573398002,-6.854381740354092e-05
wheel,1787282695455818318,0.00030779323424212635,0.0006155864684842527,0.0004616898513631895
odom,1787282695464891675,6.285609866533275e-05,0.0005155647813486002,0.00015424086913529947
wheel,1787282695555554610,-0.0009233796736225486,0.0,-0.0004616898368112743
odom,1787282695564586697,3.082806263271977e-05,0.000506961291206928,-0.00010196540062563675
wheel,1787282695655896377,0.0,0.0,0.0
odom,1787282695664673009,2.8874213832618152e-05,0.0005064358056855589,-6.164511945864974e-05
wheel,1787282695755802894,-0.00030779323424212635,0.0006155864684842527,0.00015389661712106317
odom,1787282695765064024,3.939937927214702e-05,0.0005092603592515785,2.8520721167568362e-05
wheel,1787282695855991772,0.0006155864684842527,0.0,0.00030779323424212635
odom,1787282695864776532,6.335161417785702e-05,0.0005157122902669685,0.00014883993827192375
wheel,1787282695955857475,0.0,-0.0012311729369685054,-0.0006155864684842527
odom,1787282695964931531,1.9221859298629415e-05,0.0005038430554952985,-0.00017140469076103938
wheel,1787282696055411008,0.00030779323424212635,0.0,0.00015389661712106317
wheel,1787282696155621708,0.0,0.0,0.0
wheel,1787282696323120390,0.002154552610591054,-0.00030779323424212635,0.0009233796881744638
odom,1787282696327141171,-1.7883417674736613e-06,0.0004981891055732226,-0.0001829935646219206
odom,1787282696329036458,-4.786196954137546e-05,0.0004857900346226384,-0.00020613865256782188
wheel,1787282696354769989,-0.0009233796736225486,0.00030779323424212635,-0.0003077932196902111
odom,1787282696364199014,4.198882310702577e-05,0.0005099797795153724,0.0001166983758191834
wheel,1787282696456415401,0.0,0.0,0.0
odom,1787282696464706766,4.567721588760847e-05,0.0005109698090445644,7.877703635693315e-05
wheel,1787282696556059689,-0.0009233796736225486,0.0,-0.0004616898368112743
odom,1787282696564732362,1.599328398435881e-05,0.0005029878706927944,-0.0001356788381129108
wheel,1787282696655752791,-0.0009233796736225486,0.0,-0.0004616898368112743
odom,1787282696664581836,-2.0511148946163916e-05,0.0004931687027905721,-0.00027639867467238693
wheel,1787282696755756341,-0.0009233796736225486,0.0006155864684842527,-0.00015389660256914794
odom,1787282696764861626,-3.7627350386888074e-05,0.0004885487174881528,-0.00023370020480601613
wheel,1787282696856076958,0.0,0.0,0.0
odom,1787282696864526040,-4.2046157366204686e-05,0.00048735492261559466,-0.00014154828956948853
wheel,1787282696955529863,0.0,0.0006155864684842527,0.00030779323424212635
odom,1787282696964729573,-2.0920044280899195e-05,0.0004930351110518063,4.598483771035589e-05
wheel,1787282697055823216,0.0,0.0006155864684842527,0.00030779323424212635
odom,1787282697063969613,3.674285446097371e-06,0.0004996589751982177,0.0001600797256921197
wheel,1787282697155650363,-0.00030779323424212635,0.0,-0.00015389661712106317
odom,1787282697164467807,-5.588650310970304e-06,0.0004971691511333049,3.249987224399111e-05
wheel,1787282697255840052,0.0,0.0006155864684842527,0.00030779323424212635
odom,1787282697264815378,1.8885248009953963e-05,0.0005037674112078278,0.00015142652043323798
wheel,1787282697355822173,0.00030779323424212635,0.0,0.00015389661712106317
odom,1787282697364617864,3.3416843931807426e-05,0.0005076918650387098,0.00015790994373204905
wheel,1787282697455725468,0.0012311729369685054,0.0,0.0006155864684842527
odom,1787282697464852908,8.398974179980482e-05,0.0005213341273154909,0.0003581783426252692
wheel,1787282697554699086,-0.0006155864684842527,0.0,-0.00030779323424212635
odom,1787282697564720038,6.62170980481252e-05,0.0005165472496311256,8.606778356607178e-05
wheel,1787282697655614757,0.0,0.0,0.0
odom,1787282697665015428,6.773885427477101e-05,0.0005169578787687714,5.147001545358325e-05
odom,1787282697766114411,7.396949488310674e-05,0.0005186396732069476,5.323108749994823e-05
wheel,1787282697779264048,0.0,0.0,0.0
wheel,1787282697855743980,0.0,0.0006155864684842527,0.00030779323424212635
odom,1787282697864807227,9.279131523407687e-05,0.0005237209948587954,0.00014318069671579266
wheel,1787282697955966934,0.0,0.0,0.0
odom,1787282697964742924,9.554420909797768e-05,0.0005244653639460193,8.688561403090549e-05
wheel,1787282698056189336,-0.00030779323424212635,0.0,-0.00015389661712106317
cmd,1787282698060554245,0.02142857142857143,0.0,0.0
odom,1787282698064654353,8.543956749143982e-05,0.0005217410898955097,-1.3387415871831572e-05
cmd,1787282698111218421,0.04285714285714286,0.0,0.0
wheel,1787282698155676187,0.00030779323424212635,0.0015389662003144622,0.0009233797172782943
cmd,1787282698161741124,0.06428571428571428,0.0,0.0
odom,1787282698164645533,0.00015609037081347225,0.0005408202078909816,0.00038308880290708643
cmd,1787282698212362257,0.08571428571428572,0.0,0.0
wheel,1787282698256217161,0.005232485011219978,0.0027701391372829676,0.004001312074251473
cmd,1787282698263042397,0.10714285714285714,0.0,0.0
odom,1787282698264698700,0.0004706114117974702,0.0006257454703375061,0.0019340654339290698
cmd,1787282698313586397,0.12857142857142856,0.0,0.0
wheel,1787282698355678339,0.028624769300222397,0.08433534950017929,0.056480059400200844
cmd,1787282698364066203,0.15,0.0,0.0
odom,1787282698367219851,0.0048499192880672596,0.0018106307964258516,0.02521648291815512
cmd,1787282698414490454,0.17142857142857143,0.0,0.0
wheel,1787282698456124907,0.11265232414007187,0.11726922541856766,0.11496077477931976
odom,1787282698465006027,0.014135167997464866,0.004374256851384648,0.06423946488663823
cmd,1787282698466346421,0.19285714285714284,0.0,0.0
cmd,1787282698515756469,0.21428571428571427,0.0,0.0
wheel,1787282698555760659,0.16990186274051666,0.20375913381576538,0.18683049827814102
odom,1787282698564729536,0.029617478258927597,0.008749022360701957,0.11846732574329596
cmd,1787282698566369234,0.2357142857142857,0.0,0.0
cmd,1787282698617044053,0.2571428571428571,0.0,0.0
wheel,1787282698655789685,0.23453845083713531,0.23146051168441772,0.23299948126077652
odom,1787282698665463964,0.04960247871662718,0.014445307923719742,0.1709040699755528
cmd,1787282698667128338,0.2785714285714286,0.0,0.0
cmd,1787282698718038706,0.3,0.0,0.0
wheel,1787282698755967886,0.26993465423583984,0.2960970997810364,0.2830158770084381
odom,1787282698764867246,0.0743104618381376,0.021699368231810835,0.2237994827185068
cmd,1787282698768308994,0.3,0.0,0.0
cmd,1787282698820715735,0.3,0.0,0.0
wheel,1787282698855885616,0.34405794739723206,0.3336966335773468,0.33887729048728943
odom,1787282698864729014,0.10452165183489528,0.030429654227460398,0.2795571685651164
cmd,1787282698870985303,0.3,0.0,0.0
cmd,1787282698921680139,0.3,0.0,0.0
wheel,1787282698954902736,0.33518683910369873,0.33180108666419983,0.3334939628839493
odom,1787282698965184074,0.13509117969096568,0.039332772538297006,0.3105460641210364
cmd,1787282698972048038,0.3,0.0,0.0
cmd,1787282699022709465,0.3,0.0,0.0
wheel,1787282699055370884,0.338880330324173,0.3422660827636719,0.3405732065439224
odom,1787282699065017443,0.1667481160801045,0.04866327085099271,0.3318915062533035
cmd,1787282699073038981,0.3,0.0,0.0
cmd,1787282699123454289,0.3,0.0,0.0
wheel,1787282699155604639,0.32903096079826355,0.3087165951728821,0.3188737779855728
odom,1787282699165195502,0.19726950542588573,0.057252101766259424,0.3351134690975504
cmd,1787282699174013583,0.3,0.0,0.0
cmd,1787282699224944733,0.3,0.0,0.0
wheel,1787282699255853885,0.32564523816108704,0.3407271206378937,0.33318617939949036
odom,1787282699264818309,0.22878475790090938,0.06679885635714526,0.3426694152052608
cmd,1787282699275154053,0.3,0.0,0.0
cmd,1787282699325326969,0.3,0.0,0.0
wheel,1787282699355947515,0.3080979585647583,0.3084027171134949,0.3082503378391266
odom,1787282699365587455,0.2589564603334936,0.07568416072438407,0.3361914581891672
cmd,1787282699376068161,0.3,0.0,0.0
cmd,1787282699426753746,0.3,0.0,0.0
wheel,1787282699455669299,0.32903096079826355,0.33857256174087524,0.3338017612695694
odom,1787282699465506400,0.2905867773233218,0.08525246971207394,0.34264463754163305
cmd,1787282699477417473,0.3,0.0,0.0
cmd,1787282699528084606,0.3,0.0,0.0
wheel,1787282699555540174,0.31302571296691895,0.3154880404472351,0.314256876707077
odom,1787282699564474510,0.32090599852574764,0.09429497015951521,0.3378163056303989
cmd,1787282699577800644,0.3,0.0,0.0
cmd,1787282699628787202,0.3,0.0,0.0
wheel,1787282699655634876,0.3250296413898468,0.33364787697792053,0.32933875918388367
odom,1787282699664843774,0.35225071234544153,0.10384670781563705,0.3409053318914914
cmd,1787282699679160783,0.3,0.0,0.0
cmd,1787282699729841435,0.3,0.0,0.0
wheel,1787282699755601990,0.31918156147003174,0.30533087253570557,0.31225621700286865
odom,1787282699764855297,0.3825431147998291,0.11246698621769521,0.3351287705233025
cmd,1787282699780565209,0.3,0.0,0.0
cmd,1787282699832747852,0.3,0.0,0.0
wheel,1787282699855518140,0.3268764019012451,0.32779979705810547,0.3273380994796753
odom,1787282699865038812,0.41377287645969607,0.1218083516826836,0.3376856773710124
cmd,1787282699883455963,0.3,0.0,0.0
cmd,1787282699934078914,0.3,0.0,0.0
wheel,1787282699955777635,0.3151802718639374,0.31795039772987366,0.3165653347969055
odom,1787282699964604083,0.44422985783049795,0.1309891922295283,0.3343191430208688
cmd,1787282699984734307,0.3,0.0,0.0
cmd,1787282700035247537,0.3,0.0,0.0
wheel,1787282700055675912,0.32564523816108704,0.31918156147003174,0.3224133998155594
odom,1787282700064770623,0.475160946459493,0.1400340277178736,0.334450523325544
cmd,1787282700085922050,0.3,0.0,0.0
cmd,1787282700136642769,0.3,0.0,0.0
wheel,1787282700155499691,0.30533087253570557,0.3136413097381592,0.3094860911369324
odom,1787282700164815851,0.5049999127301983,0.14922383291940441,0.32873333550384704
cmd,1787282700187152121,0.3,0.0,0.0
cmd,1787282700239971591,0.3,0.0,0.0
wheel,1787282700255639098,0.3253374695777893,0.32718420028686523,0.32626083493232727
odom,1787282700264816598,0.5360720623435855,0.15858749818340492,0.33213140420099335
cmd,1787282700288945569,0.3,0.0,0.0
cmd,1787282700339736924,0.3,0.0,0.0
wheel,1787282700355934158,0.3173348307609558,0.31795039772987366,0.31764261424541473
odom,1787282700364578870,0.5665734213113702,0.16775579274068436,0.33027253691556274
cmd,1787282700390062653,0.3,0.0,0.0
cmd,1787282700440865435,0.3,0.0,0.0
wheel,1787282700455491250,0.32718420028686523,0.31641143560409546,0.32179781794548035
odom,1787282700464603804,0.5974658004637815,0.1766833546241798,0.33067163120315507
cmd,1787282700491863518,0.3,0.0,0.0
cmd,1787282700542072141,0.3,0.0,0.0
wheel,1787282700555793012,0.3207205533981323,0.31271791458129883,0.3167192339897156
odom,1787282700564809991,0.6279687985509196,0.18557980188376372,0.3285258072570785
cmd,1787282700592533986,0.3,0.0,0.0
cmd,1787282700643506763,0.3,0.0,0.0
wheel,1787282700655594679,0.3219517171382904,0.31179454922676086,0.31687313318252563
odom,1787282700665146107,0.6584778276535135,0.1943920720145343,0.32707620354962524
cmd,1787282700694505372,0.3,0.0,0.0
cmd,1787282700744942277,0.3,0.0,0.0
wheel,1787282700755494727,0.31456467509269714,0.3167192339897156,0.31564195454120636
odom,1787282700764493232,0.6887733392493429,0.20351573512510307,0.3254750868190308
cmd,1787282700795413763,0.3,0.0,0.0
cmd,1787282700847869448,0.3,0.0,0.0
wheel,1787282700855708085,0.3124101161956787,0.31302571296691895,0.31271791458129883
odom,1787282700864170900,0.7188469119069982,0.21250086442794355,0.32307505908447137
cmd,1787282700898642947,0.3,0.0,0.0
cmd,1787282700948648411,0.3,0.0,0.0
wheel,1787282700954352632,0.3087165951728821,0.3173348307609558,0.31302571296691895
odom,1787282700964061425,0.7488411333379429,0.22170560651243995,0.3215797495594415
cmd,1787282700999530552,0.3,0.0,0.0
cmd,1787282701050157127,0.3,0.0,0.0
wheel,1787282701055381016,0.31179454922676086,0.3185659945011139,0.3151802718639374
odom,1787282701064965841,0.7789962207125903,0.2308928943805777,0.321433464884588
cmd,1787282701100474224,0.3,0.0,0.0
cmd,1787282701151311862,0.3,0.0,0.0
wheel,1787282701155507199,0.31610366702079773,0.3281075954437256,0.32210563123226166
odom,1787282701164792256,0.8096313233012157,0.24039919002297971,0.3241482408844072
cmd,1787282701201601054,0.3,0.0,0.0
cmd,1787282701252549781,0.3,0.0,0.0
wheel,1787282701255820766,0.3090244233608246,0.3108711540699005,0.30994778871536255
odom,1787282701264770035,0.839487713633719,0.2493680915682922,0.3204817180624457
cmd,1787282701302743422,0.3,0.0,0.0
cmd,1787282701353731678,0.3,0.0,0.0
wheel,1787282701355869500,0.3207205533981323,0.3090244233608246,0.31487248837947845
odom,1787282701364765765,0.869768374946449,0.2580495193536241,0.32022066578614766
cmd,1787282701404260311,0.3,0.0,0.0
cmd,1787282701454709242,0.3,0.0,0.0
wheel,1787282701455702659,0.3204127252101898,0.3124101161956787,0.31641142070293427
odom,1787282701464876158,0.9001314254217434,0.26688320226759216,0.32059783439411593
cmd,1787282701505273758,0.3,0.0,0.0
wheel,1787282701555822214,0.319797158241272,0.31271791458129883,0.3162575364112854
cmd,1787282701556693642,0.3,0.0,0.0
odom,1787282701564829488,0.9304890677784856,0.27573804554909503,0.32064857395722723
cmd,1787282701605887848,0.3,0.0,0.0
wheel,1787282701655245517,0.31641143560409546,0.31795039772987366,0.31718091666698456
cmd,1787282701655841892,0.3,0.0,0.0
odom,1787282701664252298,0.960851213469564,0.2848543276879188,0.3209656343242645
cmd,1787282701706524881,0.3,0.0,0.0
wheel,1787282701755240562,0.3090244233608246,0.3154880404472351,0.31225623190402985
cmd,1787282701756552389,0.3,0.0,0.0
odom,1787282701764321057,0.9908127427088187,0.2939949690735886,0.31896021342152325
cmd,1787282701807142654,0.3,0.0,0.0
wheel,1787282701854844422,0.3154880404472351,0.3231829106807709,0.319335475564003
cmd,1787282701858225779,0.3,0.0,0.0
odom,1787282701864189663,1.0212668980042283,0.3033171442918082,0.32066213308321423
cmd,1787282701908441193,0.3,0.0,0.0
wheel,1787282701955055795,0.31148675084114075,0.3124101161956787,0.31194843351840973
cmd,1787282701958583875,0.3,0.0,0.0
odom,1787282701964236118,1.051256056502279,0.3122922868034825,0.3184624416028417
cmd,1787282702009430668,0.3,0.0,0.0
wheel,1787282702055572475,0.3204127252101898,0.3237984776496887,0.32210560142993927
cmd,1787282702059845821,0.3,0.0,0.0
odom,1787282702064566643,1.0819511217154991,0.32156669642509333,0.3213678487825483
cmd,1787282702110450931,0.3,0.0,0.0
wheel,1787282702155330454,0.30963999032974243,0.2979438602924347,0.30379192531108856
cmd,1787282702161180215,0.3,0.0,0.0
odom,1787282702164697899,1.111449920156196,0.33001454713090667,0.31525645950803843
cmd,1787282702211711015,0.3,0.0,0.0
cmd,1787282702262341775,0.3,0.0,0.0
odom,1787282702264802955,1.1480756344461616,0.3409339660750274,0.31756442193210344
wheel,1787282702275177701,0.31025558710098267,0.31948938965797424,0.31487248837947845
cmd,1787282702312537522,0.3,0.0,0.0
wheel,1787282702355611102,0.3108711540699005,0.30163735151290894,0.3062542527914047
cmd,1787282702363283856,0.3,0.0,0.0
odom,1787282702364676605,1.1710617605289888,0.34784011876273085,0.3130690592036374
cmd,1787282702413963313,0.3,0.0,0.0
wheel,1787282702456008139,0.3062542676925659,0.319797158241272,0.31302571296691895
odom,1787282702464778380,1.2008950125410125,0.3571854300600408,0.3139647093887149
cmd,1787282702465591572,0.3,0.0,0.0
cmd,1787282702514844469,0.3,0.0,0.0
wheel,1787282702555856142,0.30379191040992737,0.3201049566268921,0.31194843351840973
odom,1787282702565146151,1.230640158946286,0.3666013367703221,0.3139965423662544
cmd,1787282702566225790,0.3,0.0,0.0
cmd,1787282702616590130,0.3,0.0,0.0
wheel,1787282702655980047,0.3108711540699005,0.30994778871536255,0.31040947139263153
odom,1787282702664751135,1.2604118008111143,0.37551463802346896,0.3133072705350133
cmd,1787282702666596794,0.3,0.0,0.0
cmd,1787282702717295178,0.3,0.0,0.0
wheel,1787282702755727294,0.3013295531272888,0.31764259934425354,0.3094860762357712
odom,1787282702764603977,1.2899445577638484,0.3849273451361566,0.3124466300573894
cmd,1787282702767870719,0.3,0.0,0.0
cmd,1787282702819735253,0.0,0.0,0.0
wheel,1787282702855551885,0.3105633556842804,0.31456467509269714,0.31256401538848877
odom,1787282702865200899,1.3197883076025323,0.3940912626650496,0.31319078301757625
cmd,1787282702871663612,0.0,0.0,0.0
cmd,1787282702922299355,0.0,0.0,0.0
wheel,1787282702955760045,0.16620835661888123,0.13635240495204926,0.15128038078546524
odom,1787282702964321973,1.3377903444032633,0.39861722849329245,0.24493680899303966
cmd,1787282702972572570,0.0,0.0,0.0
cmd,1787282703023579797,0.0,0.0,0.0
wheel,1787282703055598716,0.02616242505609989,0.0,0.013081212528049946
odom,1787282703065032256,1.3440471187589116,0.3997369808292915,0.14465441770221177
cmd,1787282703073919727,0.0,0.0,0.0
cmd,1787282703124583096,0.0,0.0,0.0
wheel,1787282703155895314,-0.013850695453584194,-0.03601180762052536,-0.024931251537054777
odom,1787282703164480997,1.3454740948776598,0.39965524648225187,0.06773009876212757
cmd,1787282703174991362,0.0,0.0,0.0
cmd,1787282703225927424,0.0,0.0,0.0
wheel,1787282703255993354,0.0042664408683776855,0.017675254493951797,0.010970847681164742
odom,1787282703264514568,1.3479340516090308,0.40086195019449633,0.036505123519990454
cmd,1787282703276691149,0.0,0.0,0.0
cmd,1787282703326929829,0.0,0.0,0.0
wheel,1787282703355621939,0.002742712153121829,0.01066610123962164,0.006704406696371734
odom,1787282703364588645,1.3495062088801215,0.40156628660133953,0.01616191452569276
cmd,1787282703377325046,0.0,0.0,0.0
cmd,1787282703427986791,0.0,0.0,0.0
wheel,1787282703455583687,0.00030779323424212635,-0.0009233796736225486,-0.0003077932196902111
odom,1787282703464813734,1.3501803510236894,0.40178290623488944,0.0013654482348513727
cmd,1787282703478353678,0.0,0.0,0.0
cmd,1787282703529169281,0.0,0.0,0.0
wheel,1787282703555482762,-0.0030779324006289244,0.00030779323424212635,-0.001385069583193399
odom,1787282703564676612,1.350461134063085,0.4019386737748501,-0.007626229924893022
cmd,1787282703579464247,0.0,0.0,0.0
cmd,1787282703629820134,0.0,0.0,0.0
wheel,1787282703656126570,0.0,0.0006035161786712706,0.0003017580893356353
odom,1787282703665235911,1.350683490042131,0.40202266905641065,-0.012028476338553652
cmd,1787282703680553287,0.0,0.0,0.0
cmd,1787282703731766465,0.0,0.0,0.0
wheel,1787282703755834837,-0.0006155864684842527,0.0012311729369685054,0.00030779323424212635
odom,1787282703764474751,1.350819312018058,0.40208490095856664,-0.014130352440209083
cmd,1787282703782179190,0.0,0.0,0.0
cmd,1787282703832881298,0.0,0.0,0.0
wheel,1787282703856380975,-0.0006155864684842527,0.0,-0.00030779323424212635
odom,1787282703864272712,1.3508508760369369,0.40209990416905816,-0.015265414901478949
cmd,1787282703885154077,0.0,0.0,0.0
cmd,1787282703936047911,0.0,0.0,0.0
wheel,1787282703954511988,0.0,0.00030779323424212635,0.00015389661712106317
odom,1787282703964190678,1.3508760082025082,0.40210927378368533,-0.015366722815491247
cmd,1787282703986281984,0.0,0.0,0.0
cmd,1787282704037210199,0.0,0.0,0.0
wheel,1787282704055701481,-0.0006155864684842527,0.0006155864684842527,0.0
odom,1787282704065034403,1.3508673171517274,0.4021111541916973,-0.015120244920952678
cmd,1787282704087854327,0.0,0.0,0.0
cmd,1787282704138300088,0.0,0.0,0.0
wheel,1787282704155336380,-0.00030779323424212635,0.0015389662003144622,0.0006155864830361679
odom,1787282704164937477,1.350891896264391,0.4021223713315312,-0.014354861887006303
cmd,1787282704189126278,0.0,0.0,0.0
cmd,1787282704240178817,0.0,0.0,0.0
wheel,1787282704255825264,0.00030779323424212635,-0.00030779323424212635,0.0
odom,1787282704264984722,1.35086946807671,0.40211300081340323,-0.013818905195720299
cmd,1787282704290513474,0.0,0.0,0.0
cmd,1787282704340933707,0.0,0.0,0.0
odom,1787282704365117111,1.348722420733574,0.4014733777119108,-0.02449920593180181
cmd,1787282704391588638,0.0,0.0,0.0
cmd,1787282704442012822,0.0,0.0,0.0
odom,1787282704465325702,1.3459344866019975,0.40064257533437403,-0.033639750132513246
cmd,1787282704492392122,0.0,0.0,0.0
cmd,1787282704543024806,0.0,0.0,0.0
cmd,1787282704593759552,0.0,0.0,0.0
odom,1787282704598069046,1.340866115165372,0.3991318093420101,-0.04580131384052035
cmd,1787282704644129995,0.0,0.0,0.0
cmd,1787282704695245545,0.0,0.0,0.0
odom,1787282704732567909,1.3342279476531977,0.3971524346868017,-0.057992729582219404
cmd,1787282704745567738,0.0,0.0,0.0
cmd,1787282704796135643,0.0,0.0,0.0
cmd,1787282704846930881,0.0,0.0,0.0
odom,1787282704864729499,1.3260508372561275,0.3947133267613212,-0.070156663057427
cmd,1787282704899244250,0.0,0.0,0.0
cmd,1787282704949528044,0.0,0.0,0.0
odom,1787282704964942118,1.318886833498591,0.39257567018702133,-0.07929482059338805
cmd,1787282704999947775,0.0,0.0,0.0
cmd,1787282705050690102,0.0,0.0,0.0
odom,1787282705098213009,1.3079804704104931,0.38932048671510144,-0.09147048453041073
cmd,1787282705100790531,0.0,0.0,0.0
cmd,1787282705151973307,0.0,0.0,0.0
odom,1787282705198851574,1.298775913416262,0.38657227964039,-0.10060640830161344
cmd,1787282705202301568,0.0,0.0,0.0
cmd,1787282705253709327,0.0,0.0,0.0
cmd,1787282705304128604,0.0,0.0,0.0
odom,1787282705332045213,1.2851453968298554,0.3825015507232376,-0.11278426490124606
cmd,1787282705354797621,0.0,0.0,0.0
cmd,1787282705405365906,0.0,0.0,0.0
odom,1787282705432112298,1.2738547196299415,0.379128438034159,-0.12195452129700678
cmd,1787282705456099561,0.0,0.0,0.0
cmd,1787282705506508101,0.0,0.0,0.0
cmd,1787282705556950030,0.0,0.0,0.0
odom,1787282705564557641,1.2575515990340116,0.37425657272673074,-0.13409410914767445
cmd,1787282705607684083,0.0,0.0,0.0
cmd,1787282705658047329,0.0,0.0,0.0
odom,1787282705664878651,1.244265101574937,0.37028479000650716,-0.14322877765926503
cmd,1787282705708755146,0.0,0.0,0.0
wheel,1787282705717067821,0.0006155864684842527,0.00030779323424212635,0.0004616898513631895
wheel,1787282705717452066,-0.0009233796736225486,0.0006155864684842527,-0.00015389660256914794
wheel,1787282705717747072,0.00030779323424212635,0.00030779323424212635,0.00030779323424212635
wheel,1787282705734864216,-0.0009233796736225486,-0.00030779323424212635,-0.0006155864539323375
cmd,1787282705759056337,0.0,0.0,0.0
odom,1787282705798463621,1.3440375142973549,0.4000503416811236,-0.008481064717299015
cmd,1787282705809771575,0.0,0.0,0.0
wheel,1787282705834998776,0.00030779323424212635,0.0012311729369685054,0.0007694830856053159
cmd,1787282705860272360,0.0,0.0,0.0
cmd,1787282705912778587,0.0,0.0,0.0
odom,1787282705931674416,1.344300885726082,0.4001164247838431,-0.009268649908117436
wheel,1787282705934915903,0.0,0.00030779323424212635,0.00015389661712106317
cmd,1787282705963217697,0.0,0.0,0.0
cmd,1787282706013785104,0.0,0.0,0.0
wheel,1787282706035494433,0.0,0.0,0.0
cmd,1787282706064264078,0.0,0.0,0.0
odom,1787282706098283999,1.3446007142356495,0.4002167488200183,-0.008432677864269076
cmd,1787282706114851806,0.0,0.0,0.0
wheel,1787282706155749830,0.0,-0.00030779323424212635,-0.00015389661712106317
cmd,1787282706165479608,0.0,0.0,0.0
odom,1787282706198452546,1.344537725827851,0.4002069106533882,-0.007431114721973413
cmd,1787282706216196803,0.0,0.0,0.0
wheel,1787282706255753506,0.0,0.0,0.0
cmd,1787282706266865961,0.0,0.0,0.0
cmd,1787282706317278489,0.0,0.0,0.0
odom,1787282706331909113,1.3442269253711558,0.4001166297538789,-0.007613019186679427
wheel,1787282706355600728,0.0,0.0,0.0
cmd,1787282706367675602,0.0,0.0,0.0
cmd,1787282706418233696,0.0,0.0,0.0
odom,1787282706431775632,1.3442020856831423,0.4001111592117904,-0.00644815088135536
wheel,1787282706455519043,-0.00030779323424212635,0.00030779323424212635,0.0
cmd,1787282706469145464,0.0,0.0,0.0
cmd,1787282706519809605,0.0,0.0,0.0
wheel,1787282706555632098,-0.0012311729369685054,0.0,-0.0006155864684842527
cmd,1787282706570514989,0.0,0.0,0.0
odom,1787282706597547911,1.344011729250521,0.40004471766720234,-0.006284687696299551
cmd,1787282706620901571,0.0,0.0,0.0
wheel,1787282706655636285,0.0,0.0,0.0
cmd,1787282706671895260,0.0,0.0,0.0
odom,1787282706698427994,1.3439192862043547,0.40001910813341207,-0.005431470092047362
cmd,1787282706722264655,0.0,0.0,0.0
wheel,1787282706755806712,0.0012311729369685054,0.0009233796736225486,0.001077276305295527
cmd,1787282706772918473,0.0,0.0,0.0
cmd,1787282706823289041,0.0,0.0,0.0
odom,1787282706830692811,1.3437999678257944,0.39998615755324407,-0.005038060097280489
wheel,1787282706855679565,-0.00030779323424212635,0.0,-0.00015389661712106317
cmd,1787282706874117056,0.0,0.0,0.0
cmd,1787282706924544613,0.0,0.0,0.0
odom,1787282706931590466,1.3437698444725379,0.3999768374889994,-0.004474781573300822
wheel,1787282706934895956,-0.00030779323424212635,0.0,-0.00015389661712106317
cmd,1787282706975036882,0.0,0.0,0.0
cmd,1787282707025445602,0.0,0.0,0.0
odom,1787282707065194312,1.3435841563059847,0.3999208917025877,-0.004709476913221954
wheel,1787282707075388441,0.0,0.0,0.0
cmd,1787282707076598164,0.0,0.0,0.0
cmd,1787282707126009849,0.0,0.0,0.0
wheel,1787282707155634542,0.00030779323424212635,0.0006155864684842527,0.0004616898513631895
cmd,1787282707176806054,0.0,0.0,0.0
odom,1787282707198352360,1.3437411666133667,0.39996849130578443,-0.003460969534735474
cmd,1787282707226996217,0.0,0.0,0.0
wheel,1787282707275504804,0.0,0.0006155864684842527,0.00030779323424212635
cmd,1787282707277455901,0.0,0.0,0.0
cmd,1787282707327770428,0.0,0.0,0.0
odom,1787282707331633086,1.3436041915179517,0.39992662619542535,-0.003644584727175164
wheel,1787282707355803740,0.0,0.0,0.0
cmd,1787282707378047346,0.0,0.0,0.0
cmd,1787282707428498721,0.0,0.0,0.0
wheel,1787282707455460721,-0.00030779323424212635,-0.0009233796736225486,-0.0006155864539323375
cmd,1787282707478514479,0.0,0.0,0.0
odom,1787282707498386633,1.3435023467635885,0.3998976310261133,-0.003564187756948526
cmd,1787282707528988596,0.0,0.0,0.0
wheel,1787282707555495206,-0.0006155864684842527,0.0012311729369685054,0.00030779323424212635
cmd,1787282707579215794,0.0,0.0,0.0
odom,1787282707599703328,1.3435164392553878,0.39989988058293,-0.0029117351834991746
cmd,1787282707629799501,0.0,0.0,0.0
wheel,1787282707634915044,0.0,-0.00030779323424212635,-0.00015389661712106317
cmd,1787282707679382554,0.0,0.0,0.0
cmd,1787282707730368786,0.0,0.0,0.0
odom,1787282707732840955,1.3433903413213335,0.39986264505156066,-0.003099322416319282
wheel,1787282707775300853,0.0,0.0,0.0
cmd,1787282707780572540,0.0,0.0,0.0
odom,1787282707831988216,1.3434147713526063,0.399870232883274,-0.0026247885020315893
cmd,1787282707833099428,0.0,0.0,0.0
wheel,1787282707855808245,0.0,0.0,0.0
wheel,1787282707956370753,0.0,0.0,0.0
odom,1787282707998326943,1.3434030557792855,0.39986700810059067,-0.0024785794298955574
wheel,1787282708075141940,0.0,0.0,0.0
odom,1787282708131659270,1.3433254202274238,0.3998437523916094,-0.002438236503973491
wheel,1787282708155685117,-0.00030779323424212635,0.0,-0.00015389661712106317
odom,1787282708231588278,1.3433331963727357,0.39984600547279786,-0.002117588456709489
wheel,1787282708255644005,0.00030779323424212635,0.0,0.00015389661712106317
wheel,1787282708355524279,-0.0006155864684842527,0.0,-0.00030779323424212635
odom,1787282708398453555,1.3433190114911433,0.3998417394556273,-0.002002380795667635
wheel,1787282708455589140,-0.0012311729369685054,0.0,-0.0006155864684842527
odom,1787282708498431677,1.3432519810987822,0.3998211738696993,-0.002020887394679381
wheel,1787282708555598727,0.0,0.0,0.0
odom,1787282708598712576,1.3432590522133625,0.39982338461928313,-0.0017370279006258002
wheel,1787282708656105275,-0.00030779323424212635,0.00030779323424212635,0.0
odom,1787282708698238895,1.3432645882635574,0.3998249357831979,-0.001545777060942215
wheel,1787282708754972890,0.00030779323424212635,0.0006155864684842527,0.0004616898513631895
odom,1787282708831345771,1.3432822429905693,0.39983023395036477,-0.0013620612064192178
wheel,1787282708875072814,-0.0018467593472450972,-0.00030779323424212635,-0.0010772762907436118
odom,1787282708932499373,1.3431636651975754,0.3997941604229553,-0.0017295712412458799
wheel,1787282708955523867,0.0,0.0,0.0
odom,1787282709065112079,1.343137861033212,0.399786434467581,-0.0015791872013295825
wheel,1787282709075260010,0.0,0.0,0.0
wheel,1787282709155567436,0.0,0.0,0.0
odom,1787282709198157179,1.3432128533669068,0.39980919024032296,-0.0011095117822463169
wheel,1787282709255770763,0.0,0.00030779323424212635,0.00015389661712106317
odom,1787282709298395216,1.3432263774440145,0.3998132538665161,-0.0009468642668015183
wheel,1787282709355412798,-0.0027701391372829676,-0.00030779323424212635,-0.001538966185762547
odom,1787282709431541882,1.3429985437819723,0.3997440438963984,-0.0017103704874375245
wheel,1787282709456090350,0.0,-0.0006155864684842527,-0.00030779323424212635
odom,1787282709564950435,1.3429456275816107,0.3997281813584666,-0.0015284352697181162
wheel,1787282709595033046,-0.0009233796736225486,0.0,-0.0004616898368112743
wheel,1787282709694873423,-0.0012311729369685054,0.0,-0.0006155864684842527
odom,1787282709731275789,1.3428777958787699,0.39970739412726525,-0.001414356150017933
wheel,1787282709755107990,0.0,0.0009233796736225486,0.0004616898368112743
odom,1787282709831661308,1.3429534423446075,0.3997301945052342,-0.0008195247431696414
wheel,1787282709835064334,-0.0009233796736225486,0.00030779323424212635,-0.0003077932196902111
odom,1787282709931784757,1.3429235678811822,0.39972102605035115,-0.00084813355157666
wheel,1787282709934947545,0.00030779323424212635,0.0,0.00015389661712106317
odom,1787282710031680562,1.342950129847553,0.39972916976658784,-0.0006450839342755212
wheel,1787282710055537149,-0.0009233796736225486,0.0,-0.0004616898368112743
wheel,1787282710155719922,-0.0006155864684842527,0.0,-0.00030779323424212635
odom,1787282710198452883,1.3428713032619217,0.3997051692942979,-0.0008542175809757504
wheel,1787282710255673277,0.00030779323424212635,0.0,0.00015389661712106317
odom,1787282710331697520,1.342876442548812,0.39970677408706895,-0.0006577003071754693
wheel,1787282710355323995,0.0,0.0,0.0
odom,1787282710432030761,1.3428885152546048,0.39971045944651995,-0.0005262820309239777
wheel,1787282710455648458,-0.0012311729369685054,0.0006155864684842527,-0.00030779323424212635
wheel,1787282710555709355,0.00030779323424212635,0.0,0.00015389661712106317
odom,1787282710598304695,1.342877981803543,0.39970717564546654,-0.0005186500622533344
wheel,1787282710655667848,0.0,0.0,0.0
odom,1787282710698148033,1.3428821891552634,0.39970846587257647,-0.00043171661839826826
wheel,1787282710755476294,0.0,0.0,0.0
odom,1787282710799272364,1.342885326661438,0.399709429681457,-0.00038092930103878614
wheel,1787282710855489391,0.0,0.0006155864684842527,0.00030779323424212635
odom,1787282710898358834,1.342924859808097,0.39972142984604014,-0.0002057829257705177
wheel,1787282710955484312,0.0006155864684842527,0.0006155864684842527,0.0006155864684842527
odom,1787282711031388604,1.3429989669864357,0.39974399426564844,1.0862194391835574e-05
wheel,1787282711055520824,-0.00030779323424212635,0.0,-0.00015389661712106317
odom,1787282711131475750,1.342973643371183,0.39973628395267385,-0.00017021370120230234
odom,1787282711231635621,1.3429523315177645,0.3997297876894473,-0.00027525009730892144
odom,1787282711332059740,1.3429208674471496,0.3997201940436239,-0.0003805828496832211
odom,1787282711466384014,1.3428633957099634,0.39970266533979015,-0.0005206035460357164
odom,1787282711597483916,1.3427883778399647,0.3996797762463629,-0.0006601079185180666
odom,1787282711697761798,1.342720209380419,0.3996589689787712,-0.0007651292454305564
odom,1787282711831412372,1.3426137102576146,0.39962645247657563,-0.0009051370461818323
odom,1787282711964459417,1.342489361979755,0.3995884715297689,-0.0010451437706371022
odom,1787282712064873123,1.3423842750065895,0.39955636132612043,-0.001150256611061316
odom,1787282712165104869,1.3422691692374868,0.3995211795722918,-0.0012553334212954278
wheel,1787282712260752487,-0.0018467593472450972,0.0,-0.0009233796736225486
wheel,1787282712261620854,0.0,0.0006155864684842527,0.00030779323424212635
wheel,1787282712262496358,0.0,0.0,0.0
odom,1787282712264734247,1.342399647882999,0.39956022315708944,-0.0009743690896919111
wheel,1787282712274907817,3.2989628380164504e-05,0.0,1.6494814190082252e-05
odom,1787282712365335954,1.3427212285631611,0.3996584423307835,-0.0003086799964629218
wheel,1787282712375075556,-0.00030779323424212635,0.0,-0.00015389661712106317
odom,1787282712465607166,1.3427608140986182,0.39967076487201797,-0.0001943334082490825
wheel,1787282712474969601,-0.0024623458739370108,0.0,-0.0012311729369685054
wheel,1787282712575365211,-0.0015389662003144622,0.0,-0.0007694831001572311
wheel,1787282712675432143,0.0,0.0,0.0
wheel,1787282712775164330,-0.0009233796736225486,0.0012311729369685054,0.0001538966316729784
wheel,1787282712875034908,-0.0009233796736225486,-0.0006155864684842527,-0.0007694830710534006
wheel,1787282712975466443,-0.0006094915443100035,0.0,-0.00030474577215500176
wheel,1787282713076196722,-0.00030779323424212635,0.0,-0.00015389661712106317
wheel,1787282713175519569,0.0,0.0,0.0
wheel,1787282713275301703,0.0,0.0006155864684842527,0.00030779323424212635
wheel,1787282713375367791,0.0,0.00030474577215500176,0.00015237288607750088
odom,1787282713398278470,1.3425740472738934,0.39961360867390255,-9.397245811804665e-05
wheel,1787282713475474077,0.0,-0.00030779323424212635,-0.00015389661712106317
odom,1787282713498348359,1.34255729086791,0.3996084659210274,-0.0001377259000394496
wheel,1787282713575359264,0.0,0.0,0.0
odom,1787282713598245247,1.342381152308857,0.39955391392983186,-0.000656774039217091
wheel,1787282713675768437,-0.00030779323424212635,0.0,-0.00015389661712106317
odom,1787282713697990683,1.342307972118428,0.39953116900614066,-0.0007354332466927314
odom,1787282713798286739,1.3423286563615426,0.399537585318766,-0.0004477638689560938
odom,1787282713898121721,1.3423548870055464,0.3995454271007005,-0.00020766173285853985
odom,1787282713998054918,1.3422767311329937,0.39952134203192713,-0.0004582719586206453
odom,1787282714098444434,1.3422497767999473,0.399512979197873,-0.00040983458994297623
odom,1787282714198646434,1.3422371519254839,0.39950907687637,-0.0003146143799833102
odom,1787282714298272572,1.3422382338091845,0.399509445329662,-0.00019013402277656138
odom,1787282714398493732,1.3422674715405156,0.399518484729367,1.7765608612047468e-05
odom,1787282714498501411,1.3422815374583013,0.39952286712090407,7.753637777082645e-05
odom,1787282714598465522,1.34226745014898,0.3995185510290237,-1.77584850860452e-05
odom,1787282714698458609,1.3422673231863915,0.39951852726994874,-9.754482301634742e-06
odom,1787282714798275102,1.342253483169576,0.39951423364152866,-7.074368835507202e-05
odom,1787282714898091861,1.3422461752959587,0.39951195990896965,-7.341131137397458e-05
odom,1787282714998314939,1.3422390363952372,0.39950973805146117,-7.59268770101903e-05
odom,1787282715131846612,1.3422291647274247,0.39950666475759944,-7.92740848655275e-05
odom,1787282715231823746,1.3422214757502096,0.3995042700454238,-8.178644070908501e-05
wheel,1787282715278996635,-0.00030779323424212635,0.0,-0.00015389661712106317
wheel,1787282715280038207,-0.00030779323424212635,0.0,-0.00015389661712106317
wheel,1787282715280924615,0.00030779323424212635,0.0,0.00015389661712106317
wheel,1787282715314907659,0.0,0.0,0.0
odom,1787282715365249715,1.3422282499880924,0.3995063924306146,-4.362039897164093e-05
wheel,1787282715395205413,-0.0033857254311442375,0.0006155864684842527,-0.0013850694813299924
odom,1787282715465094570,1.3420696559802439,0.3994569665882823,-0.0005867762932278543
wheel,1787282715514965221,0.0,0.0006155864684842527,0.00030779323424212635
odom,1787282715598286654,1.3421117642601637,0.3994700258362542,-0.0002316436305188408
wheel,1787282715615246044,-0.0006155864684842527,0.0006155864684842527,0.0
odom,1787282715698220559,1.3421198337960638,0.39947250845729226,-0.00012869649358086436
wheel,1787282715715184266,-0.0006155864684842527,0.00030779323424212635,-0.00015389661712106317
wheel,1787282715794724193,0.0,-0.0018467593472450972,-0.0009233796736225486
odom,1787282715831541444,1.3420215660765449,0.3994418889162334,-0.00040037075556409105
odom,1787282715931471428,1.3419825501724443,0.39942968699453263,-0.0004171662094238281
wheel,1787282715934988585,0.0,0.002154552610591054,0.001077276305295527
wheel,1787282716015643342,0.0,0.0,0.0
odom,1787282716065215097,1.3421462097935637,0.39948074765655633,0.00025968996641537965
wheel,1787282716114880518,-0.0009233796736225486,0.0006155864684842527,-0.00015389660256914794
odom,1787282716165256738,1.342121814392537,0.39947312942668134,9.133974669823613e-05
wheel,1787282716215148864,0.0,0.0,0.0
odom,1787282716298917825,1.3421217859099586,0.39947313886521457,6.21823533102778e-05
wheel,1787282716315232036,0.0,0.0012311729369685054,0.0006155864684842527
wheel,1787282716415124973,0.0,0.0006155864684842527,0.00030779323424212635
odom,1787282716465829228,1.342222500990208,0.39950469790509063,0.0003506910217312941
wheel,1787282716515081892,0.0006155864684842527,0.0015389662003144622,0.0010772763343993574
odom,1787282716598596475,1.3423693469256608,0.3995507844649635,0.0007360644180810446
odom,1787282716731991021,1.3424662993909853,0.3995812925191153,0.0007896737168984737
odom,1787282716831062512,1.3425436110017388,0.39960564292171813,0.0008299481061192778
odom,1787282716931891675,1.3426249354555246,0.3996312752003276,0.0008703063812912429
odom,1787282717064739895,1.3427386249157862,0.399667133637624,0.0009237788329977546
odom,1787282717165168304,1.342828792892559,0.3996955997029954,0.0009640849726796827
odom,1787282717298045169,1.342954652779808,0.39973536156826045,0.0010176833442492694
odom,1787282717398509465,1.3430536742603647,0.39976667374073005,0.0010579488249283632
odom,1787282717498726061,1.3431568243024588,0.39979931423867987,0.0010983269898078843
odom,1787282717631622477,1.343299401389684,0.3998444625343551,0.0011518141051993804
odom,1787282717731909998,1.343411248506397,0.39987991277454304,0.0011920978125777694
wheel,1787282717816541674,0.0,-0.00030779323424212635,-0.00015389661712106317
wheel,1787282717817012343,0.0,0.0,0.0
wheel,1787282717817368727,-0.00030779323424212635,0.0,-0.00015389661712106317
wheel,1787282717834664412,0.00030779323424212635,0.00030779323424212635,0.00030779323424212635
odom,1787282717898229773,1.3426500036488098,0.3996387186634726,2.309786255462256e-05
wheel,1787282717935201179,0.0,0.00030779323424212635,0.00015389661712106317
odom,1787282717998166686,1.3426730287790878,0.3996460083737852,7.319476819142618e-05
wheel,1787282718035517161,-0.0006155864684842527,0.0012311729369685054,0.00030779323424212635
odom,1787282718131508638,1.3427173684820528,0.39966028611190907,0.00017276301535850208
wheel,1787282718134899626,-0.00030779323424212635,0.0,-0.00015389661712106317
wheel,1787282718235376321,-0.00030779323424212635,0.0,-0.00015389661712106317
odom,1787282718298425918,1.3426724588872803,0.3996460418874889,-5.246564009489383e-05
wheel,1787282718335217245,0.0,0.0015389662003144622,0.0007694831001572311
odom,1787282718431865043,1.3427669058632974,0.3996760401112918,0.00033562422608073803
wheel,1787282718435015194,-0.0006155864684842527,0.0,-0.00030779323424212635
wheel,1787282718535448270,0.0,0.0,0.0
odom,1787282718598249370,1.3427228001788016,0.3996620297454014,8.639375271478245e-06
wheel,1787282718655565290,0.0,0.0,0.0
odom,1787282718698283821,1.3427223380480875,0.3996618517051977,-3.6079451827994987e-06
wheel,1787282718735253751,0.0,0.0,0.0
odom,1787282718798421629,1.3427219879982117,0.399661719530385,-1.0224668660836352e-05
wheel,1787282718875204263,0.0,0.0,0.0
odom,1787282718930793247,1.3427212397707675,0.39966146794324964,-1.6416677755138247e-05
wheel,1787282718934197429,0.0,0.0009233796736225486,0.0004616898368112743
odom,1787282719031684610,1.3427753262795734,0.3996786530508345,0.0002093394368085019
wheel,1787282719035227963,-0.0006155864684842527,-0.00030779323424212635,-0.0004616898513631895
wheel,1787282719135619441,-0.00030779323424212635,0.0006155864684842527,0.00015389661712106317
odom,1787282719198178443,1.3427365406259102,0.3996663522890842,-2.5694897440889257e-05
wheel,1787282719235853654,0.00030779323424212635,0.0015389662003144622,0.0009233797172782943
odom,1787282719298252397,1.3428362708391217,0.3996980663049386,0.0004206442689502544
wheel,1787282719335183550,0.0,-0.00030779323424212635,-0.00015389661712106317
odom,1787282719431482825,1.3428197419700971,0.39969280003847035,0.0001730356540055896
wheel,1787282719434920375,0.0,0.0,0.0
odom,1787282719531963691,1.3428154874385743,0.3996914394689898,9.027680026263163e-05
wheel,1787282719535048442,0.0,0.0,0.0
odom,1787282719631900266,1.3428134094213982,0.3996907720959042,4.592186138245681e-05
wheel,1787282719634925350,0.0,0.0012311729369685054,0.0006155864684842527
odom,1787282719732020367,1.3428834039302626,0.39971307011617435,0.0003006671310381906
odom,1787282719831967515,1.342912498585979,0.3997223442128425,0.0003098767177911422
odom,1787282719965151995,1.34295251987092,0.3997351065375321,0.0003221155418587652
odom,1787282720097869560,1.3429942043949723,0.39974840658544,0.00033438768831609884
odom,1787282720198486873,1.3430265351567923,0.3997587278862951,0.00034360481999556896
odom,1787282720298792064,1.3430598068323518,0.39976935397559427,0.00035283924504324115
odom,1787282720432257710,1.3431052664453489,0.3997838786059851,0.00036507944808011883
odom,1787282720565158985,1.343152407160656,0.39979894865864757,0.00037735381407215623
odom,1787282720665609470,1.3431889346879917,0.39981063231252,0.0003865973313128241
odom,1787282720798195493,1.3432386545109434,0.3998265422510813,0.0003988355947886596
wheel,1787282720881199789,0.0,0.0006155864684842527,0.00030779323424212635
wheel,1787282720881614748,0.0,0.0015389662003144622,0.0007694831001572311
wheel,1787282720881832449,0.0,-0.00030779323424212635,-0.00015389661712106317
wheel,1787282720894961299,0.0,0.0,0.0
odom,1787282720897840020,1.3432129638993289,0.39981838159180133,0.00031936610189073214
wheel,1787282720995348472,-0.0006155864684842527,0.00030779323424212635,-0.00015389661712106317
odom,1787282720998093096,1.3433775604326241,0.39987118439140124,0.0005697193182822386
wheel,1787282721095209983,0.0,0.0,0.0
odom,1787282721098121892,1.3432889829723387,0.39984274942573717,0.0002421966960366306
wheel,1787282721195232600,-0.0006155864684842527,0.0009233796736225486,0.00015389660256914794
wheel,1787282721295301335,0.0,-0.00030779323424212635,-0.00015389661712106317
wheel,1787282721395144964,0.0,0.0,0.0
wheel,1787282721495123840,0.0,0.0006155864684842527,0.00030779323424212635
wheel,1787282721594353953,0.0,0.0,0.0
wheel,1787282721694775657,-0.00030779323424212635,0.0,-0.00015389661712106317
wheel,1787282721795185135,0.00030779323424212635,0.0,0.00015389661712106317
wheel,1787282721894599728,0.0,0.0,0.0
wheel,1787282721995242481,-0.0006155864684842527,0.0006155864684842527,0.0
odom,1787282722064386684,1.3434422988413306,0.3998918497964304,3.969279209722161e-05
wheel,1787282722094765848,-0.0006155864684842527,0.0,-0.00030779323424212635
odom,1787282722165231683,1.3434104794030286,0.3998817124769719,-6.850196409508507e-05
wheel,1787282722214996461,0.0,0.0009233796736225486,0.0004616898368112743
odom,1787282722265864946,1.3434158059445502,0.3998833701741233,-4.374969696666161e-05
wheel,1787282722295258934,0.0,0.0006155864684842527,0.00030779323424212635
odom,1787282722365326542,1.3434387776243872,0.399890830985797,3.690949246766225e-05
wheel,1787282722435098637,-0.00030779323424212635,0.0006155864684842527,0.00015389661712106317
odom,1787282722464847356,1.3434197807641712,0.3998846696718146,-4.867036776763738e-05
wheel,1787282722495325528,0.00030779323424212635,0.0006155864684842527,0.0004616898513631895
odom,1787282722565933412,1.3434212673309276,0.39988512568237033,-3.366773861420793e-05
wheel,1787282722614966877,-0.0006155864684842527,0.0006155864684842527,0.0
odom,1787282722665087925,1.3434548193177782,0.39989593655820616,0.0001079986265074555
wheel,1787282722695299408,0.0,0.0008794092573225498,0.0004397046286612749
odom,1787282722764909921,1.3434540540186195,0.39989568496265576,6.189315665840586e-05
wheel,1787282722835198008,0.0,0.0,0.0
odom,1787282722865559044,1.3434387071964367,0.3998907425601511,-3.211207044179631e-05
wheel,1787282722915033183,0.0,0.0,0.0
odom,1787282722964959700,1.3434540203728598,0.39989566354864814,4.311845063559721e-05
wheel,1787282722995131666,0.0,0.0,0.0
odom,1787282723064793538,1.343454179653309,0.3998957130242891,2.2948197631496086e-05
wheel,1787282723095241835,-0.0006155864684842527,0.0,-0.00030779323424212635
odom,1787282723165174570,1.3434544035356333,0.39989580157973664,1.0836830327187736e-05
wheel,1787282723215761595,0.0,0.0,0.0
odom,1787282723264943857,1.3434263960307855,0.3998867727238017,-0.0001281599639338811
wheel,1787282723295351521,-0.00030779323424212635,0.0006155864684842527,0.00015389661712106317
odom,1787282723365229066,1.3434681474379093,0.39990023836992933,0.00011710752334198721
wheel,1787282723415081504,0.00030779323424212635,0.0,0.00015389661712106317
odom,1787282723465797117,1.3434962334493152,0.39990931393594625,0.00020024771483565697
odom,1787282723564986630,1.3435108748642084,0.39991406164830723,0.00018473183633354085
odom,1787282723665333102,1.3435524626711486,0.39992751174934377,0.0003065907903984296
odom,1787282723765148602,1.34355451791472,0.3999282103013186,0.00018304409096138373
odom,1787282723864985343,1.3435949672679632,0.39994131611475775,0.00029699381206752613
odom,1787282723965530528,1.3435972438371735,0.3999420654755375,0.0001760844576031062
odom,1787282724065294822,1.343598877810909,0.39994259679386274,0.00010292101730645878
odom,1787282724165317009,1.3436000973843258,0.39994299036749115,5.8440307461477925e-05
odom,1787282724264963682,1.3435751012820967,0.3999348967156704,-9.979260131766372e-05
odom,1787282724365137698,1.3435743346319866,0.3999346365652262,-6.41819281038764e-05
odom,1787282724465033464,1.3435865523139625,0.39993859889499267,2.340392263766441e-05
odom,1787282724565281655,1.3435996126332477,0.3999428323051759,7.680376652900286e-05
odom,1787282724665537828,1.3436083187787473,0.3999456625456322,7.606579087962986e-05
odom,1787282724797540233,1.3436178810560058,0.3999487721297328,7.524687954787101e-05
wheel,1787282724858395211,0.0,0.0006155864684842527,0.00030779323424212635
wheel,1787282724859516056,0.0,0.0,0.0
wheel,1787282724860733788,-0.0012311729369685054,0.0012311729369685054,0.0
odom,1787282724864666703,1.3436273806435488,0.39995187585606273,8.868652056165903e-05
wheel,1787282724874823412,-0.0015389662003144622,-0.00030779323424212635,-0.0009233797172782943
odom,1787282724965087988,1.343561629532004,0.3999305251406033,-0.00030600398873241637
wheel,1787282724974957362,0.0024623458739370108,-0.00030779323424212635,0.0010772763198474422
odom,1787282725065454478,1.3436374038089953,0.3999551323900265,0.0002514219327765872
wheel,1787282725075038222,-0.00030779323424212635,0.0,-0.00015389661712106317
odom,1787282725165555108,1.3436298848432506,0.3999526981547334,8.687146557709419e-05
wheel,1787282725175735479,0.0,0.0012311729369685054,0.0006155864684842527
odom,1787282725265264633,1.343679163115281,0.3999687331523282,0.0003115260610143625
wheel,1787282725275134061,0.0006155864684842527,0.0,0.00030779323424212635
odom,1787282725364923202,1.343708086873819,0.39997815103369216,0.0003175969178924087
odom,1787282725465030154,1.343745020402278,0.3999901845342137,0.0003330206577262256
odom,1787282725598251244,1.343788310662756,0.40000429193834025,0.0003502357515945513
odom,1787282725731644736,1.343833793730236,0.4000191171985016,0.00036745539891068236
odom,1787282725830935554,1.3438693441038556,0.40003070743831814,0.00038037246301512637
odom,1787282725964944841,1.3439186553245837,0.40004678668750326,0.00039759559658895244
odom,1787282726065148056,1.3439570920521124,0.40005932277696465,0.0004105199938472262
odom,1787282726165254224,1.3439967557633248,0.40007226118378175,0.0004234437999012957
odom,1787282726297604406,1.3440514748182948,0.4000901136330555,0.00044065170593034924
wheel,1787282726379909657,0.0,0.0,0.0
wheel,1787282726381217361,0.0,0.002154552610591054,0.001077276305295527
wheel,1787282726381938427,0.0,0.00030779323424212635,0.00015389661712106317
wheel,1787282726395452549,-3.767359157791361e-05,-3.767359157791361e-05,-3.767359157791361e-05
odom,1787282726464904003,1.3440416461333748,0.4000870712166001,0.00022036002628885072
wheel,1787282726495494060,0.00030779323424212635,0.0015389662003144622,0.0009233797172782943
odom,1787282726565005487,1.344136478502741,0.4001180970474432,0.0005253782020256037
wheel,1787282726595372393,0.0,0.0,0.0
odom,1787282726665152587,1.3441382182575314,0.4001186658743881,0.00031025746813370756
wheel,1787282726695943428,0.0,0.0,0.0
odom,1787282726765272374,1.3441422990072784,0.40011998517109804,0.00018035353531758075
wheel,1787282726795496621,0.0,0.0,0.0
odom,1787282726864987604,1.3441458046212111,0.4001211155166481,0.0001015984346939157
wheel,1787282726895686984,0.0,0.0006155864684842527,0.00030779323424212635
odom,1787282726965272095,1.3441707193308017,0.4001292851682068,0.0001850920733723835
wheel,1787282726995230753,-0.0006155864684842527,0.00030779323424212635,-0.00015389661712106317
odom,1787282727065460430,1.3441641691133746,0.40012717320685404,3.926698572977137e-05
wheel,1787282727095444003,-0.0012311729369685054,-0.00030779323424212635,-0.0007694830856053159
odom,1787282727165316725,1.3441111641033776,0.40010983254987054,-0.0003114039434852808
wheel,1787282727195307930,0.0,0.0,0.0
odom,1787282727265681679,1.3441040604651613,0.40010747507940014,-0.00019586738651738249
wheel,1787282727295222207,0.0,0.0,0.0
odom,1787282727365032036,1.3440996284837663,0.40010600744705355,-0.000124824423618759
wheel,1787282727395251576,0.0012311729369685054,0.0006155864684842527,0.000923379702726379
odom,1787282727464898110,1.3441614580280032,0.4001262711739106,0.00031238440647620477
wheel,1787282727495509682,0.0,0.0,0.0
odom,1787282727564952071,1.3441690338161867,0.4001287568861746,0.0001846616888011858
wheel,1787282727594830353,0.0,0.0009233796736225486,0.0004616898368112743
odom,1787282727665038302,1.3442060119353654,0.4001408990143286,0.0003035879718120953
wheel,1787282727695333342,0.0,0.0,0.0
odom,1787282727765480885,1.3442132628730357,0.40014328009423344,0.00017898484422618438
wheel,1787282727795178862,0.0,-0.00030779323424212635,-0.00015389661712106317
odom,1787282727864995352,1.3442067077350213,0.40014112241096905,3.75969414266854e-05
wheel,1787282727895214219,-0.0012311729369685054,0.0,-0.0006155864684842527
odom,1787282727964523258,1.3441640926252996,0.4001271559619273,-0.00024482659009314857
wheel,1787282727994641639,0.0,0.0,0.0
odom,1787282728065254990,1.3441588046355026,0.40012540961566867,-0.00015367985553034068
wheel,1787282728095168297,-0.0009233796736225486,0.0006155864684842527,-0.00015389660256914794
odom,1787282728165222799,1.3441445805277017,0.4001207400205614,-0.00016320543442129864
wheel,1787282728195354697,0.0,0.0012311729369685054,0.0006155864684842527
odom,1787282728265149568,1.3441852269434744,0.40013408738625883,0.00015926385631528028
wheel,1787282728295710279,0.0,0.0006155864684842527,0.00030779323424212635
odom,1787282728365311405,1.344210942828525,0.40014255017648653,0.00022427837198331254
wheel,1787282728395454505,0.0,0.0,0.0
odom,1787282728465086511,1.3442159437240524,0.4001442017129809,0.00013253305483210332
wheel,1787282728495308934,0.0,0.0015389662003144622,0.0007694831001572311
odom,1787282728565064312,1.3442744526717205,0.4001634717214308,0.00040436209441339
wheel,1787282728595223691,0.0,0.0,0.0
odom,1787282728665201441,1.3442832183273419,0.4001663698001241,0.0002415189034984212
wheel,1787282728694518343,-0.00030779323424212635,0.0006155864684842527,0.00015389661712106317
odom,1787282728765277415,1.3442996502559057,0.4001717994843125,0.00020775916251942737
wheel,1787282728795588765,0.00030779323424212635,0.0015389662003144622,0.0009233797172782943
odom,1787282728865252809,1.3443712192922763,0.40019541546350884,0.0005147488766113677
wheel,1787282728895543338,-0.0012311729369685054,-0.00030779323424212635,-0.0007694830856053159
odom,1787282728965215515,1.3443261822346206,0.40018058816556423,-2.003546828890511e-05
wheel,1787282728995256316,0.0,0.0,0.0
odom,1787282729065182662,1.3443260049327699,0.4001805136905685,-1.7419890561887086e-05
wheel,1787282729115159191,-0.00030779323424212635,-0.0006155864684842527,-0.0004616898513631895
odom,1787282729165379228,1.3442921905069012,0.4001693285896777,-0.00021209169721620792
wheel,1787282729195365634,0.00030779323424212635,0.0,0.00015389661712106317
odom,1787282729265184442,1.3442993058554789,0.40017166650779823,-6.773758491581281e-05
wheel,1787282729295459523,0.0,0.00030779323424212635,0.00015389661712106317
odom,1787282729365423867,1.3443093654536555,0.40017498915448724,2.0464761424269053e-05
wheel,1787282729395590065,0.0,0.00030779323424212635,0.00015389661712106317
odom,1787282729465319650,1.344321216479807,0.4001789066237287,7.430997991010733e-05
wheel,1787282729495248572,-0.0009233796736225486,0.0009233796736225486,0.0
odom,1787282729565179584,1.3443228664412687,0.400179461962345,4.160813183747626e-05
wheel,1787282729595272722,0.0,0.00030779323424212635,0.00015389661712106317
odom,1787282729665215533,1.3443351546831597,0.4001835275001444,8.736069604683384e-05
wheel,1787282729695445044,-0.00030779323424212635,-0.00030779323424212635,-0.00030779323424212635
odom,1787282729765117598,1.3443144236353868,0.40017666682291103,-8.135477576428704e-05
wheel,1787282729795279153,0.00030779323424212635,0.0,0.00015389661712106317
odom,1787282729865218811,1.3443242791119447,0.400179924501416,1.2919731055431716e-05
wheel,1787282729895490188,0.0,0.00030779323424212635,0.00015389661712106317
odom,1787282729965079335,1.344336002557057,0.4001838069173434,7.043280980345652e-05
wheel,1787282729995054068,0.0,-0.00030779323424212635,-0.00015389661712106317
odom,1787282730064782870,1.3443261764485446,0.40018055206958314,-2.5594670554266572e-05
wheel,1787282730095353296,-0.0036935186944901943,0.0,-0.0018467593472450972
odom,1787282730165395551,1.3441895556167978,0.4001353050944293,-0.0008045998100095021
wheel,1787282730195566643,0.0,0.00030779323424212635,0.00015389661712106317
odom,1787282730265229402,1.344185271921841,0.40013383308931055,-0.0004250589758767402
wheel,1787282730295283275,-0.0012311729369685054,-0.00030779323424212635,-0.0007694830856053159
odom,1787282730365355769,1.3441201694426053,0.40011220245368884,-0.0005863983086245694
wheel,1787282730395451189,0.0,0.0,0.0
odom,1787282730465260051,1.3441087481778162,0.4001083943824609,-0.0003558019496761847
wheel,1787282730495786024,-0.0006155864684842527,0.0,-0.00030779323424212635
odom,1787282730565436896,1.3440790257636401,0.40009850320881,-0.0003459123058303713
wheel,1787282730595060091,0.0,0.0,0.0
odom,1787282730665225901,1.3440722453040737,0.4000962509786672,-0.0002082688255745824
wheel,1787282730695741528,0.0,0.00030779323424212635,0.00015389661712106317
odom,1787282730765553562,1.3440795152217517,0.40009866566472757,-5.8713894759430154e-05
wheel,1787282730794981718,-0.0006155864684842527,-0.00030779323424212635,-0.0004616898513631895
odom,1787282730864814266,1.3440440687626118,0.40008687722734115,-0.00022984181384038367
wheel,1787282730895234209,0.0,0.0009233796736225486,0.0004616898368112743
odom,1787282730965164986,1.3440737585250404,0.40009673582957195,5.948748652467406e-05
wheel,1787282730994453552,0.0,0.0,0.0
odom,1787282731065279621,1.3440747771912214,0.40009708758338397,3.869098516374958e-05
wheel,1787282731095733666,0.0,0.00030779323424212635,0.00015389661712106317
odom,1787282731165361223,1.3440868252389955,0.4001011028917197,9.134700120015448e-05
wheel,1787282731195507218,0.0,-0.00030779323424212635,-0.00015389661712106317
odom,1787282731265086339,1.344077051389587,0.4000978579227942,-7.967691411734656e-06
wheel,1787282731295335602,0.0,0.0,0.0
odom,1787282731365039856,1.3440768113417365,0.4000977801203742,-2.9689149578114046e-06
wheel,1787282731395219047,-0.0006155864684842527,0.0009233796736225486,0.00015389660256914794
odom,1787282731465173072,1.344088103286697,0.4001015335326843,6.549764190632569e-05
wheel,1787282731495601654,0.0,-0.00030779323424212635,-0.00015389661712106317
odom,1787282731564761910,1.344077839802463,0.4000981186255456,-2.411847346386062e-05
wheel,1787282731594539134,0.0,0.0,0.0
odom,1787282731665049326,1.3440773116947764,0.4000979430974072,-1.3163601894016555e-05
wheel,1787282731695025445,-0.0015389662003144622,0.00030779323424212635,-0.0006155864830361679
odom,1787282731764364570,1.3440312409268433,0.4000825727978451,-0.0002686571016636921
wheel,1787282731794625201,-0.00030779323424212635,-0.00030779323424212635,-0.00030779323424212635
odom,1787282731864279035,1.3440031927191645,0.40007320366226096,-0.0002926326200358064
wheel,1787282731894625989,0.00030779323424212635,0.0006155864684842527,0.0004616898513631895
odom,1787282731964172090,1.3440318908781068,0.4000827734878014,2.086084086738157e-05
wheel,1787282731995126714,0.0,0.0,0.0
odom,1787282732065187596,1.3440321809574862,0.4000828752197939,1.4867044112905715e-05
wheel,1787282732095177977,0.0,0.00030779323424212635,0.00015389661712106317
odom,1787282732165428880,1.3440438146750877,0.4000867621613755,7.659376918504e-05
wheel,1787282732195381484,0.0,-0.00030779323424212635,-0.00015389661712106317
odom,1787282732265335785,1.3440337215055387,0.4000833953036826,-1.7158110333431858e-05
wheel,1787282732295743948,0.0,0.0,0.0
odom,1787282732365281495,1.3440333188466498,0.4000832612690378,-8.745072020125291e-06
wheel,1787282732395250444,-0.0012311729369685054,0.0,-0.0006155864684842527
odom,1787282732465066712,1.3439872584085892,0.4000678641906604,-0.0002658035415224981
wheel,1787282732495380030,0.0,0.0,0.0
odom,1787282732564951233,1.3439821721576606,0.4000661564532292,-0.00015969687804132403
wheel,1787282732595587862,0.0,0.0,0.0
odom,1787282732665362612,1.3439790704275012,0.4000651170274474,-9.494050791466575e-05
wheel,1787282732695314139,0.0,0.0,0.0
odom,1787282732764843687,1.3439771819793098,0.4000644852132677,-5.548044399207513e-05
wheel,1787282732795519409,0.0,0.0015389662003144622,0.0007694831001572311
odom,1787282732864960336,1.3440333476011244,0.4000832613133318,0.00029613179113806027
wheel,1787282732895450405,0.0,0.0,0.0
odom,1787282732965212244,1.344038816658542,0.40008510549895365,0.00018175715038264303
wheel,1787282732995280285,0.0,0.0,0.0
odom,1787282733065186255,1.3440421643490192,0.4000862319749947,0.00011172442799526892
wheel,1787282733095180782,0.0,0.0006155864684842527,0.00030779323424212635
odom,1787282733165368117,1.3440671433318396,0.4000946014049792,0.0001998817479291963
wheel,1787282733195440944,-0.0006155864684842527,0.0,-0.00030779323424212635
odom,1787282733264771877,1.344047927058887,0.40008817297689725,-9.008671695450961e-06
wheel,1787282733295493690,-0.00030779323424212635,0.00030779323424212635,0.0
odom,1787282733365440706,1.344047738997716,0.4000881107911499,-5.070052782763941e-06
wheel,1787282733395275324,0.00030779323424212635,-0.00030779323424212635,0.0
odom,1787282733465107876,1.344047626947659,0.4000880683628752,-2.686888620727911e-06
wheel,1787282733495114169,0.0,0.0,0.0
odom,1787282733565258308,1.3440475590722403,0.40008804465186343,-1.2540199963385632e-06
wheel,1787282733595059316,0.0,0.0,0.0
odom,1787282733665173867,1.3440475187580407,0.4000880305155526,-4.01174794117995e-07
wheel,1787282733695223273,0.0,0.0,0.0
odom,1787282733764982129,1.34404749522423,0.40008802222088924,9.816720617773335e-08
wheel,1787282733835517480,0.0,0.0,0.0
odom,1787282733864645467,1.3440474818816732,0.4000880174833988,3.825515629544037e-07
wheel,1787282733895300119,-0.00030779323424212635,0.0009233796736225486,0.0003077932196902111
odom,1787282733965077135,1.3440704175856562,0.400095712206515,0.0001315860526313162
wheel,1787282733995024931,0.0,0.0,0.0
odom,1787282734064263302,1.344072868135492,0.40009653771991693,8.010004465986124e-05
wheel,1787282734095471551,0.0,0.0,0.0
odom,1787282734165227578,1.3440743664700343,0.400097041602928,4.8615828258217824e-05
wheel,1787282734195345335,0.0,0.0012311729369685054,0.0006155864684842527
odom,1787282734265097000,1.3441211727992837,0.40011275890414283,0.000291470413723981
wheel,1787282734295361445,-0.0006155864684842527,0.0,-0.00030779323424212635
odom,1787282734365133325,1.3441036872911694,0.40010690034781665,4.5543355457099025e-05
wheel,1787282734395359530,0.0,0.0006155864684842527,0.00030779323424212635
odom,1787282734465364687,1.3441275191700846,0.4001149101686215,0.00015795652873305907
wheel,1787282734495536974,-0.0006155864684842527,0.0006155864684842527,0.0
odom,1787282734564743826,1.344130505868245,0.40011592807383506,9.504865298269938e-05
wheel,1787282734595428998,-0.0015389662003144622,0.0,-0.0007694831001572311
odom,1787282734664845549,1.3440749605279296,0.400097261470126,-0.0002709759493901938
wheel,1787282734695443513,0.0,0.0,0.0
odom,1787282734765346828,1.344069952826843,0.400095556169372,-0.0001654803601276511
wheel,1787282734795135275,-0.00030779323424212635,-0.0015389662003144622,-0.0009233797172782943
odom,1787282734864677137,1.3439980520978716,0.40007133573458153,-0.000494084356989091
wheel,1787282734895257269,-0.0012311729369685054,0.0,-0.0006155864684842527
odom,1787282734964892067,1.3439429424693063,0.4000527549381881,-0.0005620162700261546
wheel,1787282734995533778,-0.0015389662003144622,0.0006155864684842527,-0.00046168986591510475
odom,1787282735065112273,1.34389800523291,0.4000375611223594,-0.0005367837992007701
wheel,1787282735095450974,-0.0006155864684842527,0.0,-0.00030779323424212635
odom,1787282735164843435,1.3438649624954455,0.40002638842740584,-0.0004549704108574789
wheel,1787282735195326886,0.0,0.0006155864684842527,0.00030779323424212635
odom,1787282735265010589,1.343879295149145,0.40003120035503203,-0.00014236524525430757
wheel,1787282735295438442,-0.00030779323424212635,0.0,-0.00015389661712106317
odom,1787282735365108134,1.3438650110850403,0.400026380459482,-0.00014864505013464368
wheel,1787282735395498924,-0.00030779323424212635,0.0006155864684842527,0.00015389661712106317
odom,1787282735465374734,1.3438735548456593,0.40002925208245144,-2.1327590752622623e-05
wheel,1787282735495556860,0.0,0.0006155864684842527,0.00030779323424212635
odom,1787282735565365775,1.3438959380575684,0.40003681798177626,0.00012150540903299054
wheel,1787282735595321415,0.0,0.0,0.0
odom,1787282735665031950,1.34389804765044,0.40003754816535425,7.693897945521469e-05
wheel,1787282735735323191,-0.0009233796736225486,0.0,-0.0004616898368112743
odom,1787282735764981617,1.343864937996586,0.40002634663154063,-0.0001470700826575455
wheel,1787282735795097338,-0.0018467593472450972,0.0,-0.0009233796736225486
odom,1787282735865138105,1.3437932594415625,0.4000020628962245,-0.0004798159213099387
wheel,1787282735895705116,-0.0015389662003144622,0.0,-0.0007694831001572311
odom,1787282735965478251,1.3437268488532772,0.3999795184388692,-0.0006159928222870391
wheel,1787282735995815175,-0.0006155864684842527,0.0,-0.00030779323424212635
odom,1787282736064602290,1.3436922733525398,0.39996775414718144,-0.0005012936562386356
wheel,1787282736094545388,-0.0015389662003144622,0.0006155864684842527,-0.00046168986591510475
odom,1787282736165363234,1.3436483391573553,0.3999527700922607,-0.0004963178509362234
wheel,1787282736195875139,0.0,0.0006155864684842527,0.00030779323424212635
odom,1787282736265205227,1.34366179024016,0.3999573114381329,-0.00016500742711632928
wheel,1787282736295577969,0.0,0.0,0.0
odom,1787282736365151227,1.3436584427569387,0.3999561922505776,-9.44788689131293e-05
wheel,1787282736395242380,0.0,0.0,0.0
odom,1787282736465648460,1.3436564118060483,0.39995551830042064,-5.171530096344978e-05
wheel,1787282736495334545,0.0,0.0,0.0
odom,1787282736564832416,1.3436551860175243,0.3999551144984091,-2.591995021242829e-05
wheel,1787282736595084149,0.0,0.0,0.0
odom,1787282736665421091,1.3436544522076632,0.3999548746247022,-1.0486382682336506e-05
wheel,1787282736695869350,0.0,0.0012311729369685054,0.0006155864684842527
odom,1787282736765362307,1.343699882661134,0.3999703343317774,0.0002607260054129493
wheel,1787282736795302141,0.0,0.0,0.0
odom,1787282736865006623,1.3437045115707458,0.39997193193226765,0.00016286895421270618
wheel,1787282736895595130,0.0,0.0,0.0
odom,1787282736965348755,1.3437073548220748,0.39997291106765703,0.00010277372815331865
wheel,1787282736995102173,0.0,0.0,0.0
odom,1787282737065044682,1.3437091043087497,0.39997351249207375,6.580251454317795e-05
wheel,1787282737095579075,-0.0006155864684842527,0.0,-0.00030779323424212635
odom,1787282737165607568,1.3436872567589193,0.399966064782574,-8.805361741758066e-05
wheel,1787282737214948183,0.0,0.0,0.0
odom,1787282737265235247,1.343685485353637,0.39996545721236354,-5.061860407641267e-05
wheel,1787282737295293295,0.00030779323424212635,-0.0024623458739370108,-0.0010772763198474422
odom,1787282737365119570,1.343604168270004,0.399937715408526,-0.0004865820617492607
wheel,1787282737456036731,-0.00030779323424212635,0.0024623458739370108,0.0010772763198474422
odom,1787282737464931396,1.3436752286738722,0.39996192171711714,0.0001662655333559155
wheel,1787282737495298510,0.0,0.0006155864684842527,0.00030779323424212635
odom,1787282737564846415,1.3437010870805846,0.39997074912207503,0.00023535699492113424
wheel,1787282737595313368,0.0,0.0,0.0
odom,1787282737665162955,1.3437053275500819,0.399972207054879,0.00014571778325669042
wheel,1787282737695272372,0.0,0.0009233796736225486,0.0004616898368112743
odom,1787282737765144008,1.3437423152903496,0.3999848417151692,0.0002873264909789546
wheel,1787282737795258312,0.0,0.0006155864684842527,0.00030779323424212635
odom,1787282737865149287,1.3437704931953043,0.3999944804000572,0.0003072959728229065
wheel,1787282737935476998,0.0,0.0,0.0
odom,1787282737965141863,1.3437761498923015,0.39999642246985184,0.00018772560260458816
wheel,1787282737995226503,0.0,0.0,0.0
odom,1787282738065546734,1.3437796117139407,0.39999760821963987,0.00011456631108903496
wheel,1787282738155645520,0.0,0.00030779323424212635,0.00015389661712106317
odom,1787282738164691567,1.3437931898720585,0.4000022541952935,0.00013533541557513503
wheel,1787282738235427813,0.0,-0.00030779323424212635,-0.00015389661712106317
odom,1787282738265594970,1.3437842454417084,0.39999919215398716,1.6657079823269332e-05
wheel,1787282738295476047,0.0,0.0,0.0
odom,1787282738365133948,1.343784563544969,0.3999992992334224,9.946186013452148e-06
wheel,1787282738395299639,0.0,0.0009233796736225486,0.0004616898368112743
odom,1787282738465322102,1.3438191374584794,0.4000111316610831,0.00020242826766205639
wheel,1787282738495257061,0.0,0.00030779323424212635,0.00015389661712106317
odom,1787282738564318230,1.343834373443337,0.4000163514823177,0.00018812047990280045
wheel,1787282738634913337,-0.0006155864684842527,-0.0006155864684842527,-0.0006155864684842527
odom,1787282738664173793,1.3437920597095512,0.4000018735314288,-0.00014853894798657735
wheel,1787282738694579347,0.0,0.0006155864684842527,0.00030779323424212635
odom,1787282738765046186,1.343812255424561,0.4000087848276767,4.009749492724164e-05
wheel,1787282738814888967,-0.0006155864684842527,0.0006155864684842527,0.0
odom,1787282738865142185,1.3438130248785265,0.40000905616401433,2.37835313526848e-05
wheel,1787282738895257744,0.0,0.0,0.0
odom,1787282738965619033,1.3438134956124257,0.4000092155503276,1.384564909483978e-05
wheel,1787282739014870514,0.0,0.0,0.0
odom,1787282739065179037,1.3438137817570923,0.4000093120252907,7.807241703599462e-06
wheel,1787282739095586935,0.0,0.0,0.0
odom,1787282739165527203,1.343813955004556,0.4000093701954754,4.152725806077415e-06
wheel,1787282739214984663,0.0,0.0012311729369685054,0.0006155864684842527
odom,1787282739265319096,1.3438598911087332,0.4000251219784794,0.0002640533780034822
wheel,1787282739295175294,-0.0009233796736225486,0.0,-0.0004616898368112743
odom,1787282739365355097,1.3438304528814529,0.4000150407373937,-3.6952950401385285e-05
wheel,1787282739435539280,0.0,0.0,0.0
odom,1787282739465146386,1.3438298135015805,0.40001481640268294,-2.340358772001344e-05
wheel,1787282739514937702,0.0,0.0006155864684842527,0.00030779323424212635
odom,1787282739565304136,1.3438523326728777,0.40002254642360313,0.00011598702229805197
wheel,1787282739595051843,-0.0009233796736225486,0.0006155864684842527,-0.00015389660256914794
odom,1787282739666517855,1.3438430679217745,0.40001937588466774,4.051445278239606e-06
wheel,1787282739735558547,0.0,0.00030779323424212635,0.00015389661712106317
odom,1787282739765224644,1.3438546439464607,0.4000233522854106,6.70391784923626e-05
wheel,1787282739794429418,0.0,0.00030779323424212635,0.00015389661712106317
odom,1787282739864880725,1.343867388086628,0.40002773577261874,0.00010528995106609692
wheel,1787282739895176542,0.0,0.0009233796736225486,0.0004616898368112743
odom,1787282739965312294,1.3439037540144312,0.40004025140989663,0.0002594687711141599
wheel,1787282739995340696,-0.00030779323424212635,0.0,-0.00015389661712106317
odom,1787282740065298857,1.3438971762145278,0.40003799841191673,9.074991571420061e-05
wheel,1787282740095244680,-0.0006155864684842527,-0.00030779323424212635,-0.0004616898513631895
odom,1787282740165103899,1.343864575462151,0.40002677601999803,-0.00014304522310563977
wheel,1787282740195192478,0.0,0.0009233796736225486,0.0004616898368112743
odom,1787282740265780758,1.3438963499159051,0.4000377157730194,0.00010821509070896339
wheel,1787282740295109935,0.0,-0.00030779323424212635,-0.00015389661712106317
odom,1787282740364967043,1.3438869694071656,0.4000344831263576,-1.1322241363315535e-06
wheel,1787282740395288697,-0.0009233796736225486,0.0,-0.0004616898368112743
odom,1787282740465146729,1.3438526565734406,0.4000226580123827,-0.00019863270056138984
wheel,1787282740495190637,0.00030779323424212635,0.0,0.00015389661712106317
odom,1787282740564946083,1.3438604777432253,0.4000253452746084,-5.624822844025058e-05
wheel,1787282740595250157,0.0,0.0009233796736225486,0.0004616898368112743
odom,1787282740665142874,1.3438938264364153,0.40003684576450255,0.0001615981634869489
wheel,1787282740695332769,0.0,-0.00030779323424212635,-0.00015389661712106317
odom,1787282740765162846,1.3438854129263542,0.4000339478709626,3.178437341311478e-05
wheel,1787282740794637594,0.0,0.0,0.0
odom,1787282740865551124,1.343886049445039,0.40003416773063993,1.831667906134235e-05
wheel,1787282740895174440,0.0,0.00030779323424212635,0.00015389661712106317
odom,1787282740964833338,1.3438978858047637,0.4000382541463857,7.566888412816862e-05
wheel,1787282740995337125,0.0,-0.00030779323424212635,-0.00015389661712106317
odom,1787282741065135666,1.3438878874835016,0.4000348024585952,-2.057257004944644e-05
wheel,1787282741095026893,-0.00030779323424212635,0.00030779323424212635,0.0
odom,1787282741164970833,1.3438875533707488,0.40003468767509637,-1.3507412425608587e-05
wheel,1787282741195259365,0.00030779323424212635,-0.00030779323424212635,0.0
odom,1787282741264919974,1.3438873469074801,0.4000346144721115,-9.126712823507306e-06
wheel,1787282741295353379,0.0,0.0,0.0
odom,1787282741364849681,1.3438872177636905,0.4000345695892637,-6.3924826803782824e-06
odom,1787282741465098251,1.3438865123381392,0.400034325831717,-8.174295126975514e-06
wheel,1787282741515028888,0.0,0.0,0.0
odom,1787282741597701518,1.343886407277735,0.4000342893549217,-6.725228005670365e-06
odom,1787282741731054972,1.3438854302068781,0.40003395170347256,-8.780995383412102e-06
odom,1787282741864222119,1.3438841942513846,0.4000335245583008,-1.0836491327920504e-05
odom,1787282741964736230,1.3438830969661277,0.40003314531115663,-1.2378581818915809e-05
odom,1787282742064763804,1.3438818529817156,0.4000327153390344,-1.3921760848913669e-05
odom,1787282742198288921,1.3438799705285085,0.40003206465200514,-1.597599874933759e-05
odom,1787282742298318939,1.343878387082618,0.4000315172816531,-1.751840705079803e-05
odom,1787282742431343451,1.3438760498515114,0.4000307092985335,-1.9574225754937597e-05
odom,1787282742531606971,1.3438741245357386,0.4000300436688179,-2.1117934114430878e-05
odom,1787282742665071978,1.3438713349978648,0.40002907920575675,-2.3172855816918514e-05
odom,1787282742765252779,1.3438690650008176,0.4000282943159007,-2.4719321771548488e-05
odom,1787282742898379744,1.3438658279391187,0.400027174988738,-2.6770537535431706e-05
wheel,1787282742938566035,-0.007079244125634432,0.0006155864684842527,-0.0032318288285750896
wheel,1787282742939069602,0.0,-0.0012311729369685054,-0.0006155864684842527
wheel,1787282742954466490,0.0,0.00030779323424212635,0.00015389661712106317
wheel,1787282742975306616,0.0,-0.00030779323424212635,-0.00015389661712106317
odom,1787282743033007580,1.3430905000768865,0.3997587219963298,-0.0009883008021316646
wheel,1787282743075652484,0.0,0.0006155864684842527,0.00030779323424212635
odom,1787282743131760933,1.3432060225710662,0.3997986163056157,-0.0004977280258452311
wheel,1787282743175385243,0.0,0.0,0.0
odom,1787282743231517716,1.343225049844983,0.39980523241774596,-0.00029431223687399863
wheel,1787282743275424501,0.0,0.0,0.0
odom,1787282743332160548,1.3432313657615387,0.3998074654841084,-0.00016464827506736254
wheel,1787282743375266521,-0.0009233796736225486,0.0,-0.0004616898368112743
odom,1787282743465200860,1.3431754758707368,0.3997879516494124,-0.00029218098621971306
wheel,1787282743475323830,0.0,0.0,0.0
wheel,1787282743575126798,0.0,0.0,0.0
odom,1787282743631741069,1.3431851432862223,0.3997914005300487,-9.241379862331257e-05
wheel,1787282743675378969,0.0,0.00030779323424212635,0.00015389661712106317
odom,1787282743764890591,1.3432015750953024,0.39979715452991893,4.102072746625201e-05
wheel,1787282743775079385,0.0,-0.00030779323424212635,-0.00015389661712106317
odom,1787282743865148880,1.3431856411304959,0.39979160770003414,-4.031761593200902e-05
wheel,1787282743875113520,0.0,0.0,0.0
wheel,1787282743975718961,0.0,0.0,0.0
odom,1787282744031996501,1.3431880904148692,0.3997924803007844,4.257743171831847e-06
wheel,1787282744075313931,0.0,0.0006155864684842527,0.00030779323424212635
odom,1787282744165327994,1.3432237757184118,0.3998049490649452,0.00016820712951540033
wheel,1787282744175122388,0.0,-0.0006155864684842527,-0.00030779323424212635
wheel,1787282744275537454,0.0,0.00030779323424212635,0.00015389661712106317
odom,1787282744331924784,1.3432058266764102,0.39979867451291284,2.9490437448442467e-05
wheel,1787282744375493056,-0.0015389662003144622,-0.00030779323424212635,-0.0009233797172782943
odom,1787282744465194268,1.3430985356461596,0.3997611418990478,-0.0004252500169035629
wheel,1787282744475387498,0.0,0.0,0.0
wheel,1787282744575536195,0.0,0.0,0.0
odom,1787282744631742093,1.3431139849956053,0.3997665674607337,-0.00015001536661768722
wheel,1787282744675573450,0.0012311729369685054,0.00030779323424212635,0.0007694830856053159
odom,1787282744765237085,1.3432068930176686,0.399799082607526,0.00030508124448745287
wheel,1787282744775251845,0.0,-0.00030779323424212635,-0.00015389661712106317
odom,1787282744865140923,1.3431829852634587,0.3997907143866563,0.00010183000997918056
wheel,1787282744875252296,0.0,0.0,0.0
wheel,1787282744975666301,0.0,0.0,0.0
odom,1787282745031527234,1.3431803498138544,0.39978978898079626,5.541799684072443e-05
wheel,1787282745075301536,0.0,0.0006155864684842527,0.00030779323424212635
odom,1787282745165022867,1.343219420918578,0.3998034476354578,0.00019124421286736032
wheel,1787282745175525429,0.0,0.0,0.0
odom,1787282745265156897,1.3432152195386862,0.3998019752669016,0.00011238952730664466
wheel,1787282745274974942,0.0,0.0,0.0
wheel,1787282745375802558,0.0,0.0009233796736225486,0.0004616898368112743
odom,1787282745431747401,1.3432584799972491,0.39981710600263004,0.0002101489122030172
wheel,1787282745475460458,-0.0012311729369685054,0.0,-0.0006155864684842527
odom,1787282745564892408,1.3431816591958685,0.39979023705902944,-0.0001720463064088049
wheel,1787282745575307989,0.0,0.0,0.0
wheel,1787282745695097430,0.0,0.0,0.0
odom,1787282745732172038,1.3431900269413781,0.39979316360923367,-6.164116611958589e-05
wheel,1787282745775673487,0.0012311729369685054,0.00030779323424212635,0.0007694830856053159
odom,1787282745864716851,1.3432901654289415,0.3998282091773174,0.00034774357013076386
wheel,1787282745895340430,0.0,0.00030779323424212635,0.00015389661712106317
odom,1787282745965181712,1.3432997186034281,0.39983155255066194,0.0002728369614710586
wheel,1787282745975093278,0.0,0.0018467593472450972,0.0009233796736225486
wheel,1787282746075556789,-0.0006155864684842527,-0.00030779323424212635,-0.0004616898513631895
odom,1787282746131751615,1.343335936770318,0.39984426198616446,0.0002720762704327517
wheel,1787282746175480312,0.0,0.0006155864684842527,0.00030779323424212635
odom,1787282746231456855,1.3433664579617215,0.39985496452707137,0.00030419128473249495
wheel,1787282746275435599,0.0,-0.0006155864684842527,-0.00030779323424212635
odom,1787282746365424070,1.3433261615242602,0.3998408271544533,3.866078366662517e-05
wheel,1787282746375075044,0.0,0.0,0.0
odom,1787282746465231376,1.3433249466202222,0.3998403978099449,2.058806100103617e-05
wheel,1787282746475199712,-0.0009233796736225486,0.0006155864684842527,-0.00015389660256914794
wheel,1787282746575264528,-0.0012311729369685054,0.0009233796736225486,-0.0001538966316729784
odom,1787282746631527428,1.3432912108470834,0.39982859765547535,-9.616178832659547e-05
wheel,1787282746675106146,-0.0009233796736225486,0.0012311729369685054,0.0001538966316729784
odom,1787282746731830187,1.3433109823314822,0.3998355446807564,1.731430744511404e-05
wheel,1787282746775631581,0.0,0.00030779323424212635,0.00015389661712106317
odom,1787282746864947944,1.3433311518441589,0.3998426330574995,8.159226761004633e-05
wheel,1787282746874339699,-0.0006155864684842527,-0.00030779323424212635,-0.0004616898513631895
odom,1787282746964921707,1.3432695371189305,0.3998209589040126,-0.0001810878048364849
wheel,1787282746974620904,0.0,0.00030779323424212635,0.00015389661712106317
odom,1787282747065085791,1.3432933667950906,0.3998293376715926,-3.610474116325154e-05
wheel,1787282747075459001,-0.002154552610591054,0.0,-0.001077276305295527
odom,1787282747164963511,1.3431634432470765,0.39978357278187593,-0.0005122677931857377
wheel,1787282747175281417,0.0,-0.00030779323424212635,-0.00015389661712106317
wheel,1787282747275562751,0.0,0.00030779323424212635,0.00015389661712106317
odom,1787282747331021620,1.3431862668413737,0.39979160393524227,-0.00022226692478973117
wheel,1787282747375532707,0.0,0.0015389662003144622,0.0007694831001572311
odom,1787282747431694648,1.3432797601500628,0.39982455634771785,0.00023976563222526633
wheel,1787282747475676436,0.0,-0.00030779323424212635,-0.00015389661712106317
odom,1787282747564145481,1.3432594178831772,0.39981739501717956,7.552410644909543e-05
wheel,1787282747574578282,0.0,0.0,0.0
odom,1787282747665006847,1.3432571336478836,0.39981659292265936,4.380020645583641e-05
wheel,1787282747674978670,0.0,0.0,0.0
odom,1787282747765143853,1.3432560033951368,0.3998161958033203,2.677428651694218e-05
wheel,1787282747775231939,0.0,0.0,0.0
wheel,1787282747875291395,0.0,0.0,0.0
odom,1787282747931764662,1.3432548629613197,0.39981579425904357,1.2835148211615627e-05
wheel,1787282747975613854,0.0,0.00030779323424212635,0.00015389661712106317
odom,1787282748064980155,1.3432751720899838,0.39982296857887634,8.301313411185893e-05
wheel,1787282748075163265,0.0,-0.00030779323424212635,-0.00015389661712106317
odom,1787282748165171600,1.3432528803677695,0.3998150943626067,-2.9459183544910363e-05
wheel,1787282748175105816,-0.0027701391372829676,0.0006155864684842527,-0.0010772763343993574
wheel,1787282748275066883,0.0,0.0,0.0
odom,1787282748331084985,1.343139479640355,0.39977499262471794,-0.00037253452013570615
wheel,1787282748375501980,-0.0006155864684842527,0.0,-0.00030779323424212635
odom,1787282748431963920,1.3431109638060854,0.3997648820575092,-0.000360410743500196
wheel,1787282748475485317,-0.0006155864684842527,0.0006155864684842527,0.0
odom,1787282748565037657,1.3431122851274886,0.3997653160260254,-0.00021428815753713016
wheel,1787282748575060210,0.0,0.0,0.0
odom,1787282748665251860,1.3431193677987416,0.39976782691614443,-0.00011763963423753528
wheel,1787282748675105955,0.0,0.0,0.0
odom,1787282748765189391,1.3431228303450105,0.39976905863108286,-6.578623803349683e-05
wheel,1787282748774988296,-0.0006155864684842527,0.0006155864684842527,0.0
wheel,1787282748874834351,0.0,0.0006155864684842527,0.00030779323424212635
odom,1787282748931165440,1.343159059852084,0.399781896908146,7.916008079530065e-05
wheel,1787282748974590831,0.0,0.0006155864684842527,0.00030779323424212635
odom,1787282749031050328,1.3431937598184256,0.3997942170270152,0.0001957364178419688
wheel,1787282749074543158,0.0,0.0,0.0
odom,1787282749165452936,1.3431934790043019,0.39979412948007115,0.00012202636555272566
odom,1787282749265317199,1.3432053911251016,0.39979836689669673,0.00013062897750513354
odom,1787282749398302243,1.343222512838951,0.3998044600206934,0.00014208489913546677
odom,1787282749531895878,1.3432410817629192,0.3998110718261953,0.0001535467029491703
odom,1787282749631850323,1.3432559522846672,0.3998163696816887,0.00016214297200419344
odom,1787282749764179517,1.3432770288064182,0.39982388164054783,0.00017359960533453405
odom,1787282749865308354,1.3432938146636502,0.39982986765920187,0.00018220989135558444
odom,1787282749998363315,1.3433173908323155,0.3998382786718759,0.00019365841500186738
odom,1787282750131708095,1.3433424221395802,0.39984721375341165,0.00020511605700365568
odom,1787282750231697076,1.3433621450998547,0.39985425787928874,0.0002137121747794502
odom,1787282750331298043,1.3433826787643819,0.39986159459140536,0.00022230914289922697
odom,1787282750432219138,1.3434040914127345,0.3998692485369597,0.00023093388683087442
odom,1787282750565246466,1.3434337372018075,0.3998798498214548,0.0002423692778929388
odom,1787282750665335968,1.3434570491657076,0.39988819073380977,0.00025099637138010583
odom,1787282750798344527,1.3434891702334328,0.3998996882776596,0.0002624197739930723
odom,1787282750931572893,1.3435228330238262,0.3999117442989451,0.000273881330172993
wheel,1787282751000490494,0.0,0.0006155864684842527,0.00030779323424212635
wheel,1787282751000819024,-0.00030779323424212635,0.0,-0.00015389661712106317
wheel,1787282751001092143,-0.0006155864684842527,0.0012311729369685054,0.00030779323424212635
wheel,1787282751014156987,0.0,0.0,0.0
odom,1787282751031649795,1.343564741924498,0.399926764195561,0.0003060737086807118
odom,1787282751098516817,1.343391857320318,0.39986495289449825,5.241887720600823e-05
wheel,1787282751135387255,0.0,0.00030779323424212635,0.00015389661712106317
odom,1787282751198457535,1.3434604140946629,0.39988969124000173,0.00017093055888679645
wheel,1787282751215196433,0.0,-0.00030779323424212635,-0.00015389661712106317
odom,1787282751298264081,1.3434503981330672,0.3998860205266009,9.852457146427566e-05
wheel,1787282751315058579,0.0,0.00030779323424212635,0.00015389661712106317
odom,1787282751398109732,1.343464827858523,0.39989116620241844,0.00012252867784881023
wheel,1787282751415178016,0.0,-0.00030779323424212635,-0.00015389661712106317
odom,1787282751498454945,1.3434597417473677,0.39988925304349265,5.436757283364536e-06
wheel,1787282751515106840,-0.0009233796736225486,0.0,-0.0004616898368112743
odom,1787282751597603241,1.3434663751739526,0.3998916381145533,6.588930588152445e-05
wheel,1787282751614343503,0.0009233796736225486,0.0006155864684842527,0.0007694830710534006
odom,1787282751697664546,1.3434656512575043,0.39989131836839387,-2.864478630456732e-05
wheel,1787282751714239020,0.0006155864684842527,0.00030779323424212635,0.0004616898513631895
odom,1787282751797615527,1.3434511836665204,0.39988612259248635,-0.00021733942333457187
wheel,1787282751834533226,0.0,0.00030779323424212635,0.00015389661712106317
odom,1787282751897589318,1.3434553908570068,0.3998876964138438,0.0001940594008746186
wheel,1787282751914390019,0.0,-0.00030779323424212635,-0.00015389661712106317
odom,1787282751998394519,1.3434807063959366,0.39989679333212763,0.0003126795543307581
wheel,1787282752015588337,0.0,0.0,0.0
odom,1787282752098246203,1.343506107653204,0.39990590459755665,0.0002529636585028081
wheel,1787282752156005170,0.0009233796736225486,-0.00030779323424212635,0.0003077932196902111
odom,1787282752198242174,1.3435182689393366,0.399910221788166,8.495193150019704e-05
wheel,1787282752215685382,0.0,0.0,0.0
odom,1787282752298559477,1.3435235996154058,0.3999121265373214,4.84441072008209e-05
wheel,1787282752334754532,0.0,0.0,0.0
odom,1787282752398439358,1.3435368532762073,0.3999168686651212,0.0001576206722634207
wheel,1787282752435537397,0.0,0.0,0.0
odom,1787282752498909456,1.343546068486578,0.39992016690673704,9.262317201281698e-05
wheel,1787282752515198582,-0.0015389662003144622,0.0,-0.0007694831001572311
odom,1787282752598213033,1.3435512485036345,0.3999220223519608,5.3091546526591104e-05
wheel,1787282752614943374,0.00030779323424212635,0.0,0.00015389661712106317
odom,1787282752698207838,1.3435540873522294,0.39992304004322415,2.912628574584969e-05
wheel,1787282752715124782,0.0,0.00030779323424212635,0.00015389661712106317
odom,1787282752798680011,1.3435229342967865,0.39991185508643423,-0.00031332656689318246
wheel,1787282752835269925,0.0,0.0,0.0
odom,1787282752898560408,1.3435141082398887,0.3999087003234425,-0.00012730906287102757
wheel,1787282752914855106,0.0,0.0012311729369685054,0.0006155864684842527
odom,1787282752998735437,1.343515105195432,0.39990907072237475,-1.3771919551591678e-05
wheel,1787282753014873795,0.0,0.0,0.0
odom,1787282753097854249,1.3435144723799173,0.3999088438097163,-1.0144069331489568e-05
wheel,1787282753136111451,0.0,0.0,0.0
odom,1787282753198198459,1.3435445223812146,0.3999196598689678,0.00025446178250915224
wheel,1787282753214899067,0.0,0.0,0.0
odom,1787282753298200659,1.3435554308268758,0.3999235706247636,0.00015277962980912138
wheel,1787282753315720667,-0.0006155864684842527,0.0009233796736225486,0.00015389660256914794
odom,1787282753398618666,1.3435617619971323,0.39992583900066486,9.073581685459338e-05
wheel,1787282753415198811,-0.0015389662003144622,-0.00030779323424212635,-0.0009233797172782943
odom,1787282753498317034,1.3435654078039776,0.39992714459842776,5.293766894432964e-05
wheel,1787282753515014402,-0.00030779323424212635,0.0,-0.00015389661712106317
odom,1787282753599232593,1.3435759525110003,0.3999309486824329,9.55181574632811e-05
wheel,1787282753615077975,0.00030779323424212635,0.0,0.00015389661712106317
odom,1787282753698611937,1.343527608330563,0.39991354056452477,-0.0003374736531106005
wheel,1787282753714288605,-0.0014797751791775227,0.0,-0.0007398875895887613
odom,1787282753798431477,1.3435066209697228,0.39990598520802567,-0.0002724021181561105
wheel,1787282753835070109,0.0,0.0,0.0
odom,1787282753898081195,1.343506082849314,0.39990580316835844,-0.00010111097307339455
wheel,1787282753915047545,-0.0006035161786712706,0.0,-0.0003017580893356353
odom,1787282754032501425,1.3434579189585396,0.399888433404943,-0.0003802139550439977
wheel,1787282754035114939,-0.00030779323424212635,0.0009233796736225486,0.0003077932196902111
wheel,1787282754114970444,-0.0006155864684842527,-0.00030779323424212635,-0.0004616898513631895
odom,1787282754131619097,1.3434455733158783,0.39988399390536167,-0.00023058045653047107
odom,1787282754231720034,1.34341922854041,0.3998744912894811,-0.0002685548793640521
wheel,1787282754234921729,0.0,0.00030779323424212635,0.00015389661712106317
wheel,1787282754314984889,0.0,0.0,0.0
odom,1787282754331037362,1.343430175460275,0.3998784363113066,-3.0693847071192255e-05
odom,1787282754431757209,1.343400124200779,0.3998675873689661,-0.0002143873388640248
wheel,1787282754434963649,0.0,-0.00030779323424212635,-0.00015389661712106317
odom,1787282754531839934,1.3434035584777768,0.3998688352609676,-6.34651939388807e-05
wheel,1787282754535008499,-0.0009233796736225486,0.0,-0.0004616898368112743
wheel,1787282754615319130,0.0,0.0,0.0
odom,1787282754631446733,1.3434016833026998,0.39986816583176404,-3.71697295683407e-05
wheel,1787282754715000994,-0.0012311729369685054,0.0015389662003144622,0.0001538966316729784
odom,1787282754732073561,1.3433906198820988,0.3998641759526786,-8.671553250610181e-05
wheel,1787282754814335881,0.0,-0.00030779323424212635,-0.00015389661712106317
odom,1787282754831077698,1.3433580218149936,0.39985238551626534,-0.0002478371331238306
wheel,1787282754915092116,0.0,0.0,0.0
odom,1787282754931870157,1.3433512446860576,0.3998499435610951,-0.00014888815223517603
wheel,1787282755015513176,0.0,0.0,0.0
odom,1787282755030766492,1.3433574395402479,0.399852151300939,-2.2972227418998546e-05
wheel,1787282755115200711,0.0,0.0015389662003144622,0.0007694831001572311
odom,1787282755131763664,1.343346487819606,0.39984819988245757,-7.748858379335953e-05
wheel,1787282755215181800,-0.0009233796736225486,0.0,-0.0004616898368112743
odom,1787282755231954375,1.343344431051436,0.39984746140835997,-4.509543764554145e-05
wheel,1787282755315106694,0.0,0.0,0.0
odom,1787282755332526220,1.3433432229283653,0.39984702875617795,-2.5413937871874853e-05
wheel,1787282755415038817,0.0,0.0,0.0
odom,1787282755432014693,1.3433948812605476,0.39986573413375726,0.0003141353939799305
wheel,1787282755515201080,0.0,0.0,0.0
odom,1787282755531688359,1.3433708967357856,0.39985704423886737,-4.195080107842041e-06
wheel,1787282755615036235,0.0,0.0,0.0
odom,1787282755631649715,1.3433707512149007,0.3998569921193344,-1.3700803077240644e-06
wheel,1787282755714962252,0.0,0.0,0.0
odom,1787282755731707776,1.3433706757187684,0.39985696520948294,2.8491902749142173e-07
wheel,1787282755815136258,0.0,0.0,0.0
odom,1787282755830839982,1.343370641159599,0.39985695298732554,1.2284187747515375e-06
wheel,1787282755915227538,0.0,0.0,0.0
odom,1787282755931726480,1.3433706301626342,0.39985694919312376,1.7407507192416752e-06
wheel,1787282756014805992,0.0,0.0,0.0
odom,1787282756031658458,1.3433706323826249,0.39985695011179845,1.993220109850215e-06
odom,1787282756131594859,1.3433706416912896,0.3998569535487028,2.0904215400591755e-06
wheel,1787282756155647349,0.0,0.0,0.0
wheel,1787282756215200431,0.0,-0.0018467593472450972,-0.0009233796736225486
odom,1787282756232033568,1.3433706544878508,0.3998569582175563,2.096136323457758e-06
wheel,1787282756315664049,-0.0006155864684842527,0.0,-0.00030779323424212635
odom,1787282756331678709,1.3433706686839757,0.39985696337416693,2.0491814026355185e-06
wheel,1787282756414254492,0.0,0.00030779323424212635,0.00015389661712106317
odom,1787282756430851037,1.343370683093893,0.3998569685970639,1.973108402769708e-06
wheel,1787282756515088382,0.0,-0.00030779323424212635,-0.00015389661712106317
odom,1787282756532198610,1.3433051109277827,0.3998331617953935,-0.00039127049114899743
wheel,1787282756615283612,-0.0012311729369685054,0.0,-0.0006155864684842527
odom,1787282756631667603,1.3432747800268061,0.399822160474294,-0.00036773149028984734
wheel,1787282756715296053,-0.0009233796736225486,0.0,-0.0004616898368112743
odom,1787282756731769857,1.34327789851732,0.3998232921361142,-0.00015620257570467627
wheel,1787282756815313617,0.0,0.0,0.0
odom,1787282756831439496,1.3432635124444499,0.3998180770467203,-0.0001583561441029186
